source_file,policy,request_id,session_id,turn_index,ttft_ms,action_profile,recompute_ms,reason,deletion_rule
/DATACENTER3/zhenxiang.wang/work/TailGuardKV/.worktrees/baseline-smoke-final-aggregation/out/full_25session_baseline_9_14/full/policy_attempts/full40_20260916_h2o_static_safe/seed20260906/policy_tables/session25_policy_eps0p05_delta0p05_mem120p258.csv,full_lru,hybrid-session-002-turn-0,hybrid-session-002,0,2035.3944147937,full_gpu,0.0,full precision exact profile,ttft_ms >= 1000 ms
/DATACENTER3/zhenxiang.wang/work/TailGuardKV/.worktrees/baseline-smoke-final-aggregation/out/full_25session_baseline_9_14/full/policy_attempts/full40_20260916_h2o_static_safe/seed20260906/policy_tables/session25_policy_eps0p05_delta0p05_mem120p258.csv,static_best,hybrid-session-002-turn-0,hybrid-session-002,0,3948.972148122266,kivi_4bit_residual64,0.0,static_best,ttft_ms >= 1000 ms
/DATACENTER3/zhenxiang.wang/work/TailGuardKV/.worktrees/baseline-smoke-final-aggregation/out/full_25session_baseline_9_14/full/policy_attempts/full40_20260916_h2o_static_safe/seed20260906/policy_tables/session25_policy_eps0p05_delta0p05_mem120p258.csv,static_safe,hybrid-session-002-turn-0,hybrid-session-002,0,4007.178741041571,kivi_4bit_residual64,0.0,static_safe,ttft_ms >= 1000 ms
/DATACENTER3/zhenxiang.wang/work/TailGuardKV/.worktrees/baseline-smoke-final-aggregation/out/full_25session_baseline_9_14/full/policy_attempts/full40_20260916_h2o_static_safe/seed20260906/policy_tables/session25_policy_eps0p05_delta0p05_mem120p258.csv,utility_dynamic,hybrid-session-002-turn-0,hybrid-session-002,0,3685.744122834876,kivi_2bit_residual64,0.0,utility_dynamic,ttft_ms >= 1000 ms
/DATACENTER3/zhenxiang.wang/work/TailGuardKV/.worktrees/baseline-smoke-final-aggregation/out/full_25session_baseline_9_14/full/policy_attempts/full40_20260916_h2o_static_safe/seed20260906/policy_tables/session25_policy_eps0p05_delta0p05_mem120p258.csv,uncalibrated_dynamic,hybrid-session-002-turn-0,hybrid-session-002,0,3951.6666000708938,kivi_4bit_residual64,0.0,uncalibrated_dynamic,ttft_ms >= 1000 ms
/DATACENTER3/zhenxiang.wang/work/TailGuardKV/.worktrees/baseline-smoke-final-aggregation/out/full_25session_baseline_9_14/full/policy_attempts/full40_20260916_h2o_static_safe/seed20260906/policy_tables/session25_policy_eps0p05_delta0p05_mem15.csv,full_lru,hybrid-session-002-turn-0,hybrid-session-002,0,3982.065209886059,full_gpu,0.0,full precision exact profile,ttft_ms >= 1000 ms
/DATACENTER3/zhenxiang.wang/work/TailGuardKV/.worktrees/baseline-smoke-final-aggregation/out/full_25session_baseline_9_14/full/policy_attempts/full40_20260916_h2o_static_safe/seed20260906/policy_tables/session25_policy_eps0p05_delta0p05_mem15.csv,static_best,hybrid-session-002-turn-0,hybrid-session-002,0,3674.4156999047846,kivi_4bit_residual64,0.0,static_best,ttft_ms >= 1000 ms
/DATACENTER3/zhenxiang.wang/work/TailGuardKV/.worktrees/baseline-smoke-final-aggregation/out/full_25session_baseline_9_14/full/policy_attempts/full40_20260916_h2o_static_safe/seed20260906/policy_tables/session25_policy_eps0p05_delta0p05_mem15.csv,static_best,hybrid-session-004-turn-1,hybrid-session-004,1,43358.32076817006,kivi_4bit_residual64,43357.193170061335,static_best,ttft_ms >= 1000 ms
/DATACENTER3/zhenxiang.wang/work/TailGuardKV/.worktrees/baseline-smoke-final-aggregation/out/full_25session_baseline_9_14/full/policy_attempts/full40_20260916_h2o_static_safe/seed20260906/policy_tables/session25_policy_eps0p05_delta0p05_mem15.csv,static_best,hybrid-session-003-turn-2,hybrid-session-003,2,42884.06444811635,kivi_4bit_residual64,42883.12881305255,static_best,ttft_ms >= 1000 ms
/DATACENTER3/zhenxiang.wang/work/TailGuardKV/.worktrees/baseline-smoke-final-aggregation/out/full_25session_baseline_9_14/full/policy_attempts/full40_20260916_h2o_static_safe/seed20260906/policy_tables/session25_policy_eps0p05_delta0p05_mem15.csv,static_best,hybrid-session-016-turn-2,hybrid-session-016,2,43341.055597014725,kivi_4bit_residual64,43340.061787119135,static_best,ttft_ms >= 1000 ms
/DATACENTER3/zhenxiang.wang/work/TailGuardKV/.worktrees/baseline-smoke-final-aggregation/out/full_25session_baseline_9_14/full/policy_attempts/full40_20260916_h2o_static_safe/seed20260906/policy_tables/session25_policy_eps0p05_delta0p05_mem15.csv,static_best,hybrid-session-016-turn-4,hybrid-session-016,4,42146.46274021454,kivi_4bit_residual64,42145.54665291309,static_best,ttft_ms >= 1000 ms
/DATACENTER3/zhenxiang.wang/work/TailGuardKV/.worktrees/baseline-smoke-final-aggregation/out/full_25session_baseline_9_14/full/policy_attempts/full40_20260916_h2o_static_safe/seed20260906/policy_tables/session25_policy_eps0p05_delta0p05_mem15.csv,static_safe,hybrid-session-002-turn-0,hybrid-session-002,0,3810.756132937968,kivi_4bit_residual64,0.0,static_safe,ttft_ms >= 1000 ms
/DATACENTER3/zhenxiang.wang/work/TailGuardKV/.worktrees/baseline-smoke-final-aggregation/out/full_25session_baseline_9_14/full/policy_attempts/full40_20260916_h2o_static_safe/seed20260906/policy_tables/session25_policy_eps0p05_delta0p05_mem15.csv,static_safe,hybrid-session-004-turn-1,hybrid-session-004,1,42044.8097528778,kivi_4bit_residual64,42043.83465185575,static_safe,ttft_ms >= 1000 ms
/DATACENTER3/zhenxiang.wang/work/TailGuardKV/.worktrees/baseline-smoke-final-aggregation/out/full_25session_baseline_9_14/full/policy_attempts/full40_20260916_h2o_static_safe/seed20260906/policy_tables/session25_policy_eps0p05_delta0p05_mem15.csv,static_safe,hybrid-session-003-turn-2,hybrid-session-003,2,43459.59238089435,kivi_4bit_residual64,43458.68318468146,static_safe,ttft_ms >= 1000 ms
/DATACENTER3/zhenxiang.wang/work/TailGuardKV/.worktrees/baseline-smoke-final-aggregation/out/full_25session_baseline_9_14/full/policy_attempts/full40_20260916_h2o_static_safe/seed20260906/policy_tables/session25_policy_eps0p05_delta0p05_mem15.csv,static_safe,hybrid-session-016-turn-2,hybrid-session-016,2,43319.00829296559,kivi_4bit_residual64,43318.09259402566,static_safe,ttft_ms >= 1000 ms
/DATACENTER3/zhenxiang.wang/work/TailGuardKV/.worktrees/baseline-smoke-final-aggregation/out/full_25session_baseline_9_14/full/policy_attempts/full40_20260916_h2o_static_safe/seed20260906/policy_tables/session25_policy_eps0p05_delta0p05_mem15.csv,static_safe,hybrid-session-016-turn-4,hybrid-session-016,4,42492.28438719362,kivi_4bit_residual64,42491.34974934347,static_safe,ttft_ms >= 1000 ms
/DATACENTER3/zhenxiang.wang/work/TailGuardKV/.worktrees/baseline-smoke-final-aggregation/out/full_25session_baseline_9_14/full/policy_attempts/full40_20260916_h2o_static_safe/seed20260906/policy_tables/session25_policy_eps0p05_delta0p05_mem15.csv,utility_dynamic,hybrid-session-002-turn-0,hybrid-session-002,0,4134.852642891929,full_gpu,0.0,utility_dynamic,ttft_ms >= 1000 ms
/DATACENTER3/zhenxiang.wang/work/TailGuardKV/.worktrees/baseline-smoke-final-aggregation/out/full_25session_baseline_9_14/full/policy_attempts/full40_20260916_h2o_static_safe/seed20260906/policy_tables/session25_policy_eps0p05_delta0p05_mem15.csv,uncalibrated_dynamic,hybrid-session-002-turn-0,hybrid-session-002,0,3777.26906305179,full_gpu,0.0,uncalibrated_dynamic,ttft_ms >= 1000 ms
/DATACENTER3/zhenxiang.wang/work/TailGuardKV/.worktrees/baseline-smoke-final-aggregation/out/full_25session_baseline_9_14/full/policy_attempts/full40_20260916_h2o_static_safe/seed20260906/policy_tables/session25_policy_eps0p05_delta0p05_mem20.csv,full_lru,hybrid-session-002-turn-0,hybrid-session-002,0,3895.4624210018665,full_gpu,0.0,full precision exact profile,ttft_ms >= 1000 ms
/DATACENTER3/zhenxiang.wang/work/TailGuardKV/.worktrees/baseline-smoke-final-aggregation/out/full_25session_baseline_9_14/full/policy_attempts/full40_20260916_h2o_static_safe/seed20260906/policy_tables/session25_policy_eps0p05_delta0p05_mem20.csv,static_best,hybrid-session-002-turn-0,hybrid-session-002,0,3731.854774057865,kivi_4bit_residual64,0.0,static_best,ttft_ms >= 1000 ms
/DATACENTER3/zhenxiang.wang/work/TailGuardKV/.worktrees/baseline-smoke-final-aggregation/out/full_25session_baseline_9_14/full/policy_attempts/full40_20260916_h2o_static_safe/seed20260906/policy_tables/session25_policy_eps0p05_delta0p05_mem20.csv,static_best,hybrid-session-004-turn-1,hybrid-session-004,1,42388.38420008868,kivi_4bit_residual64,42387.48462234251,static_best,ttft_ms >= 1000 ms
/DATACENTER3/zhenxiang.wang/work/TailGuardKV/.worktrees/baseline-smoke-final-aggregation/out/full_25session_baseline_9_14/full/policy_attempts/full40_20260916_h2o_static_safe/seed20260906/policy_tables/session25_policy_eps0p05_delta0p05_mem20.csv,static_best,hybrid-session-003-turn-2,hybrid-session-003,2,41646.890191944316,kivi_4bit_residual64,41645.96469386108,static_best,ttft_ms >= 1000 ms
/DATACENTER3/zhenxiang.wang/work/TailGuardKV/.worktrees/baseline-smoke-final-aggregation/out/full_25session_baseline_9_14/full/policy_attempts/full40_20260916_h2o_static_safe/seed20260906/policy_tables/session25_policy_eps0p05_delta0p05_mem20.csv,static_best,hybrid-session-016-turn-2,hybrid-session-016,2,42315.911743849516,kivi_4bit_residual64,42314.84283605963,static_best,ttft_ms >= 1000 ms
/DATACENTER3/zhenxiang.wang/work/TailGuardKV/.worktrees/baseline-smoke-final-aggregation/out/full_25session_baseline_9_14/full/policy_attempts/full40_20260916_h2o_static_safe/seed20260906/policy_tables/session25_policy_eps0p05_delta0p05_mem20.csv,static_best,hybrid-session-016-turn-4,hybrid-session-016,4,42677.38516765274,kivi_4bit_residual64,42676.47103962116,static_best,ttft_ms >= 1000 ms
/DATACENTER3/zhenxiang.wang/work/TailGuardKV/.worktrees/baseline-smoke-final-aggregation/out/full_25session_baseline_9_14/full/policy_attempts/full40_20260916_h2o_static_safe/seed20260906/policy_tables/session25_policy_eps0p05_delta0p05_mem20.csv,static_safe,hybrid-session-002-turn-0,hybrid-session-002,0,3561.007465934381,kivi_4bit_residual64,0.0,static_safe,ttft_ms >= 1000 ms
/DATACENTER3/zhenxiang.wang/work/TailGuardKV/.worktrees/baseline-smoke-final-aggregation/out/full_25session_baseline_9_14/full/policy_attempts/full40_20260916_h2o_static_safe/seed20260906/policy_tables/session25_policy_eps0p05_delta0p05_mem20.csv,static_safe,hybrid-session-004-turn-1,hybrid-session-004,1,42596.6640110556,kivi_4bit_residual64,42595.68972610496,static_safe,ttft_ms >= 1000 ms
/DATACENTER3/zhenxiang.wang/work/TailGuardKV/.worktrees/baseline-smoke-final-aggregation/out/full_25session_baseline_9_14/full/policy_attempts/full40_20260916_h2o_static_safe/seed20260906/policy_tables/session25_policy_eps0p05_delta0p05_mem20.csv,static_safe,hybrid-session-003-turn-2,hybrid-session-003,2,42692.64065110311,kivi_4bit_residual64,42691.56900289655,static_safe,ttft_ms >= 1000 ms
/DATACENTER3/zhenxiang.wang/work/TailGuardKV/.worktrees/baseline-smoke-final-aggregation/out/full_25session_baseline_9_14/full/policy_attempts/full40_20260916_h2o_static_safe/seed20260906/policy_tables/session25_policy_eps0p05_delta0p05_mem20.csv,static_safe,hybrid-session-016-turn-2,hybrid-session-016,2,43850.85905301571,kivi_4bit_residual64,43849.81124084629,static_safe,ttft_ms >= 1000 ms
/DATACENTER3/zhenxiang.wang/work/TailGuardKV/.worktrees/baseline-smoke-final-aggregation/out/full_25session_baseline_9_14/full/policy_attempts/full40_20260916_h2o_static_safe/seed20260906/policy_tables/session25_policy_eps0p05_delta0p05_mem20.csv,static_safe,hybrid-session-016-turn-4,hybrid-session-016,4,42579.28127697669,kivi_4bit_residual64,42578.265201020986,static_safe,ttft_ms >= 1000 ms
/DATACENTER3/zhenxiang.wang/work/TailGuardKV/.worktrees/baseline-smoke-final-aggregation/out/full_25session_baseline_9_14/full/policy_attempts/full40_20260916_h2o_static_safe/seed20260906/policy_tables/session25_policy_eps0p05_delta0p05_mem20.csv,utility_dynamic,hybrid-session-002-turn-0,hybrid-session-002,0,4077.010979875922,full_gpu,0.0,utility_dynamic,ttft_ms >= 1000 ms
/DATACENTER3/zhenxiang.wang/work/TailGuardKV/.worktrees/baseline-smoke-final-aggregation/out/full_25session_baseline_9_14/full/policy_attempts/full40_20260916_h2o_static_safe/seed20260906/policy_tables/session25_policy_eps0p05_delta0p05_mem20.csv,uncalibrated_dynamic,hybrid-session-002-turn-0,hybrid-session-002,0,4032.332979142666,full_gpu,0.0,uncalibrated_dynamic,ttft_ms >= 1000 ms
/DATACENTER3/zhenxiang.wang/work/TailGuardKV/.worktrees/baseline-smoke-final-aggregation/out/full_25session_baseline_9_14/full/policy_attempts/full40_20260916_h2o_static_safe/seed20260906/policy_tables/session25_policy_eps0p05_delta0p05_mem25.csv,full_lru,hybrid-session-002-turn-0,hybrid-session-002,0,3892.0199230778962,full_gpu,0.0,full precision exact profile,ttft_ms >= 1000 ms
/DATACENTER3/zhenxiang.wang/work/TailGuardKV/.worktrees/baseline-smoke-final-aggregation/out/full_25session_baseline_9_14/full/policy_attempts/full40_20260916_h2o_static_safe/seed20260906/policy_tables/session25_policy_eps0p05_delta0p05_mem25.csv,static_best,hybrid-session-002-turn-0,hybrid-session-002,0,3896.6922520194203,kivi_4bit_residual64,0.0,static_best,ttft_ms >= 1000 ms
/DATACENTER3/zhenxiang.wang/work/TailGuardKV/.worktrees/baseline-smoke-final-aggregation/out/full_25session_baseline_9_14/full/policy_attempts/full40_20260916_h2o_static_safe/seed20260906/policy_tables/session25_policy_eps0p05_delta0p05_mem25.csv,static_best,hybrid-session-004-turn-1,hybrid-session-004,1,42511.213055975735,kivi_4bit_residual64,42510.380513897166,static_best,ttft_ms >= 1000 ms
/DATACENTER3/zhenxiang.wang/work/TailGuardKV/.worktrees/baseline-smoke-final-aggregation/out/full_25session_baseline_9_14/full/policy_attempts/full40_20260916_h2o_static_safe/seed20260906/policy_tables/session25_policy_eps0p05_delta0p05_mem25.csv,static_best,hybrid-session-003-turn-2,hybrid-session-003,2,43511.678491033614,kivi_4bit_residual64,43510.709022650495,static_best,ttft_ms >= 1000 ms
/DATACENTER3/zhenxiang.wang/work/TailGuardKV/.worktrees/baseline-smoke-final-aggregation/out/full_25session_baseline_9_14/full/policy_attempts/full40_20260916_h2o_static_safe/seed20260906/policy_tables/session25_policy_eps0p05_delta0p05_mem25.csv,static_best,hybrid-session-016-turn-2,hybrid-session-016,2,42547.87450413592,kivi_4bit_residual64,42546.94090727158,static_best,ttft_ms >= 1000 ms
/DATACENTER3/zhenxiang.wang/work/TailGuardKV/.worktrees/baseline-smoke-final-aggregation/out/full_25session_baseline_9_14/full/policy_attempts/full40_20260916_h2o_static_safe/seed20260906/policy_tables/session25_policy_eps0p05_delta0p05_mem25.csv,static_best,hybrid-session-016-turn-4,hybrid-session-016,4,43458.50436078571,kivi_4bit_residual64,43457.53158387914,static_best,ttft_ms >= 1000 ms
/DATACENTER3/zhenxiang.wang/work/TailGuardKV/.worktrees/baseline-smoke-final-aggregation/out/full_25session_baseline_9_14/full/policy_attempts/full40_20260916_h2o_static_safe/seed20260906/policy_tables/session25_policy_eps0p05_delta0p05_mem25.csv,static_safe,hybrid-session-002-turn-0,hybrid-session-002,0,3834.1688769869506,kivi_4bit_residual64,0.0,static_safe,ttft_ms >= 1000 ms
/DATACENTER3/zhenxiang.wang/work/TailGuardKV/.worktrees/baseline-smoke-final-aggregation/out/full_25session_baseline_9_14/full/policy_attempts/full40_20260916_h2o_static_safe/seed20260906/policy_tables/session25_policy_eps0p05_delta0p05_mem25.csv,static_safe,hybrid-session-004-turn-1,hybrid-session-004,1,43364.26030186191,kivi_4bit_residual64,43363.27808413841,static_safe,ttft_ms >= 1000 ms
/DATACENTER3/zhenxiang.wang/work/TailGuardKV/.worktrees/baseline-smoke-final-aggregation/out/full_25session_baseline_9_14/full/policy_attempts/full40_20260916_h2o_static_safe/seed20260906/policy_tables/session25_policy_eps0p05_delta0p05_mem25.csv,static_safe,hybrid-session-003-turn-2,hybrid-session-003,2,42353.33444895595,kivi_4bit_residual64,42352.35122586973,static_safe,ttft_ms >= 1000 ms
/DATACENTER3/zhenxiang.wang/work/TailGuardKV/.worktrees/baseline-smoke-final-aggregation/out/full_25session_baseline_9_14/full/policy_attempts/full40_20260916_h2o_static_safe/seed20260906/policy_tables/session25_policy_eps0p05_delta0p05_mem25.csv,static_safe,hybrid-session-016-turn-2,hybrid-session-016,2,43469.999676140025,kivi_4bit_residual64,43469.15480824001,static_safe,ttft_ms >= 1000 ms
/DATACENTER3/zhenxiang.wang/work/TailGuardKV/.worktrees/baseline-smoke-final-aggregation/out/full_25session_baseline_9_14/full/policy_attempts/full40_20260916_h2o_static_safe/seed20260906/policy_tables/session25_policy_eps0p05_delta0p05_mem25.csv,static_safe,hybrid-session-016-turn-4,hybrid-session-016,4,43607.79170726985,kivi_4bit_residual64,43606.745886268094,static_safe,ttft_ms >= 1000 ms
/DATACENTER3/zhenxiang.wang/work/TailGuardKV/.worktrees/baseline-smoke-final-aggregation/out/full_25session_baseline_9_14/full/policy_attempts/full40_20260916_h2o_static_safe/seed20260906/policy_tables/session25_policy_eps0p05_delta0p05_mem25.csv,utility_dynamic,hybrid-session-002-turn-0,hybrid-session-002,0,3996.5813350863755,full_gpu,0.0,utility_dynamic,ttft_ms >= 1000 ms
/DATACENTER3/zhenxiang.wang/work/TailGuardKV/.worktrees/baseline-smoke-final-aggregation/out/full_25session_baseline_9_14/full/policy_attempts/full40_20260916_h2o_static_safe/seed20260906/policy_tables/session25_policy_eps0p05_delta0p05_mem25.csv,uncalibrated_dynamic,hybrid-session-002-turn-0,hybrid-session-002,0,4118.106795940548,full_gpu,0.0,uncalibrated_dynamic,ttft_ms >= 1000 ms
/DATACENTER3/zhenxiang.wang/work/TailGuardKV/.worktrees/baseline-smoke-final-aggregation/out/full_25session_baseline_9_14/full/policy_attempts/full40_20260916_h2o_static_safe/seed20260906/policy_tables/session25_policy_eps0p05_delta0p05_mem30.csv,full_lru,hybrid-session-002-turn-0,hybrid-session-002,0,4056.889130966738,full_gpu,0.0,full precision exact profile,ttft_ms >= 1000 ms
/DATACENTER3/zhenxiang.wang/work/TailGuardKV/.worktrees/baseline-smoke-final-aggregation/out/full_25session_baseline_9_14/full/policy_attempts/full40_20260916_h2o_static_safe/seed20260906/policy_tables/session25_policy_eps0p05_delta0p05_mem30.csv,static_best,hybrid-session-002-turn-0,hybrid-session-002,0,3949.212522013113,kivi_4bit_residual64,0.0,static_best,ttft_ms >= 1000 ms
/DATACENTER3/zhenxiang.wang/work/TailGuardKV/.worktrees/baseline-smoke-final-aggregation/out/full_25session_baseline_9_14/full/policy_attempts/full40_20260916_h2o_static_safe/seed20260906/policy_tables/session25_policy_eps0p05_delta0p05_mem30.csv,static_best,hybrid-session-016-turn-2,hybrid-session-016,2,42134.41880184598,kivi_4bit_residual64,42133.420036848634,static_best,ttft_ms >= 1000 ms
/DATACENTER3/zhenxiang.wang/work/TailGuardKV/.worktrees/baseline-smoke-final-aggregation/out/full_25session_baseline_9_14/full/policy_attempts/full40_20260916_h2o_static_safe/seed20260906/policy_tables/session25_policy_eps0p05_delta0p05_mem30.csv,static_best,hybrid-session-016-turn-4,hybrid-session-016,4,42491.40921404399,kivi_4bit_residual64,42490.48521096632,static_best,ttft_ms >= 1000 ms
/DATACENTER3/zhenxiang.wang/work/TailGuardKV/.worktrees/baseline-smoke-final-aggregation/out/full_25session_baseline_9_14/full/policy_attempts/full40_20260916_h2o_static_safe/seed20260906/policy_tables/session25_policy_eps0p05_delta0p05_mem30.csv,static_safe,hybrid-session-002-turn-0,hybrid-session-002,0,3694.739574100822,kivi_4bit_residual64,0.0,static_safe,ttft_ms >= 1000 ms
/DATACENTER3/zhenxiang.wang/work/TailGuardKV/.worktrees/baseline-smoke-final-aggregation/out/full_25session_baseline_9_14/full/policy_attempts/full40_20260916_h2o_static_safe/seed20260906/policy_tables/session25_policy_eps0p05_delta0p05_mem30.csv,static_safe,hybrid-session-016-turn-2,hybrid-session-016,2,42693.473297150806,kivi_4bit_residual64,42692.52869112231,static_safe,ttft_ms >= 1000 ms
/DATACENTER3/zhenxiang.wang/work/TailGuardKV/.worktrees/baseline-smoke-final-aggregation/out/full_25session_baseline_9_14/full/policy_attempts/full40_20260916_h2o_static_safe/seed20260906/policy_tables/session25_policy_eps0p05_delta0p05_mem30.csv,static_safe,hybrid-session-016-turn-4,hybrid-session-016,4,42106.492948610336,kivi_4bit_residual64,42105.330668514594,static_safe,ttft_ms >= 1000 ms
/DATACENTER3/zhenxiang.wang/work/TailGuardKV/.worktrees/baseline-smoke-final-aggregation/out/full_25session_baseline_9_14/full/policy_attempts/full40_20260916_h2o_static_safe/seed20260906/policy_tables/session25_policy_eps0p05_delta0p05_mem30.csv,utility_dynamic,hybrid-session-002-turn-0,hybrid-session-002,0,4001.743530854583,full_gpu,0.0,utility_dynamic,ttft_ms >= 1000 ms
/DATACENTER3/zhenxiang.wang/work/TailGuardKV/.worktrees/baseline-smoke-final-aggregation/out/full_25session_baseline_9_14/full/policy_attempts/full40_20260916_h2o_static_safe/seed20260906/policy_tables/session25_policy_eps0p05_delta0p05_mem30.csv,uncalibrated_dynamic,hybrid-session-002-turn-0,hybrid-session-002,0,3854.884345084429,full_gpu,0.0,uncalibrated_dynamic,ttft_ms >= 1000 ms
/DATACENTER3/zhenxiang.wang/work/TailGuardKV/.worktrees/baseline-smoke-final-aggregation/out/full_25session_baseline_9_14/full/policy_attempts/full40_20260916_h2o_static_safe/seed20260906/policy_tables/session25_policy_eps0p05_delta0p05_mem35.csv,full_lru,hybrid-session-002-turn-0,hybrid-session-002,0,3978.0929170083255,full_gpu,0.0,full precision exact profile,ttft_ms >= 1000 ms
/DATACENTER3/zhenxiang.wang/work/TailGuardKV/.worktrees/baseline-smoke-final-aggregation/out/full_25session_baseline_9_14/full/policy_attempts/full40_20260916_h2o_static_safe/seed20260906/policy_tables/session25_policy_eps0p05_delta0p05_mem35.csv,static_best,hybrid-session-002-turn-0,hybrid-session-002,0,3657.5466899666935,kivi_4bit_residual64,0.0,static_best,ttft_ms >= 1000 ms
/DATACENTER3/zhenxiang.wang/work/TailGuardKV/.worktrees/baseline-smoke-final-aggregation/out/full_25session_baseline_9_14/full/policy_attempts/full40_20260916_h2o_static_safe/seed20260906/policy_tables/session25_policy_eps0p05_delta0p05_mem35.csv,static_best,hybrid-session-016-turn-2,hybrid-session-016,2,43366.7830169294,kivi_4bit_residual64,43365.848918780684,static_best,ttft_ms >= 1000 ms
/DATACENTER3/zhenxiang.wang/work/TailGuardKV/.worktrees/baseline-smoke-final-aggregation/out/full_25session_baseline_9_14/full/policy_attempts/full40_20260916_h2o_static_safe/seed20260906/policy_tables/session25_policy_eps0p05_delta0p05_mem35.csv,static_best,hybrid-session-016-turn-4,hybrid-session-016,4,43019.30074524507,kivi_4bit_residual64,43018.48718445189,static_best,ttft_ms >= 1000 ms
/DATACENTER3/zhenxiang.wang/work/TailGuardKV/.worktrees/baseline-smoke-final-aggregation/out/full_25session_baseline_9_14/full/policy_attempts/full40_20260916_h2o_static_safe/seed20260906/policy_tables/session25_policy_eps0p05_delta0p05_mem35.csv,static_safe,hybrid-session-002-turn-0,hybrid-session-002,0,3859.9794250912964,kivi_4bit_residual64,0.0,static_safe,ttft_ms >= 1000 ms
/DATACENTER3/zhenxiang.wang/work/TailGuardKV/.worktrees/baseline-smoke-final-aggregation/out/full_25session_baseline_9_14/full/policy_attempts/full40_20260916_h2o_static_safe/seed20260906/policy_tables/session25_policy_eps0p05_delta0p05_mem35.csv,static_safe,hybrid-session-016-turn-2,hybrid-session-016,2,43080.653986711055,kivi_4bit_residual64,43079.67697671056,static_safe,ttft_ms >= 1000 ms
/DATACENTER3/zhenxiang.wang/work/TailGuardKV/.worktrees/baseline-smoke-final-aggregation/out/full_25session_baseline_9_14/full/policy_attempts/full40_20260916_h2o_static_safe/seed20260906/policy_tables/session25_policy_eps0p05_delta0p05_mem35.csv,static_safe,hybrid-session-016-turn-4,hybrid-session-016,4,43261.235283091664,kivi_4bit_residual64,43260.264404919,static_safe,ttft_ms >= 1000 ms
/DATACENTER3/zhenxiang.wang/work/TailGuardKV/.worktrees/baseline-smoke-final-aggregation/out/full_25session_baseline_9_14/full/policy_attempts/full40_20260916_h2o_static_safe/seed20260906/policy_tables/session25_policy_eps0p05_delta0p05_mem35.csv,utility_dynamic,hybrid-session-002-turn-0,hybrid-session-002,0,3794.638236053288,kivi_2bit_residual64,0.0,utility_dynamic,ttft_ms >= 1000 ms
/DATACENTER3/zhenxiang.wang/work/TailGuardKV/.worktrees/baseline-smoke-final-aggregation/out/full_25session_baseline_9_14/full/policy_attempts/full40_20260916_h2o_static_safe/seed20260906/policy_tables/session25_policy_eps0p05_delta0p05_mem35.csv,utility_dynamic,hybrid-session-004-turn-0,hybrid-session-004,0,41627.691588915884,kivi_2bit_residual32,0.0,utility_dynamic,ttft_ms >= 1000 ms
/DATACENTER3/zhenxiang.wang/work/TailGuardKV/.worktrees/baseline-smoke-final-aggregation/out/full_25session_baseline_9_14/full/policy_attempts/full40_20260916_h2o_static_safe/seed20260906/policy_tables/session25_policy_eps0p05_delta0p05_mem35.csv,utility_dynamic,hybrid-session-005-turn-0,hybrid-session-005,0,40776.371589886025,kivi_2bit_residual64,0.0,utility_dynamic,ttft_ms >= 1000 ms
/DATACENTER3/zhenxiang.wang/work/TailGuardKV/.worktrees/baseline-smoke-final-aggregation/out/full_25session_baseline_9_14/full/policy_attempts/full40_20260916_h2o_static_safe/seed20260906/policy_tables/session25_policy_eps0p05_delta0p05_mem35.csv,utility_dynamic,hybrid-session-009-turn-0,hybrid-session-009,0,41835.91335715167,full_gpu,0.0,utility_dynamic,ttft_ms >= 1000 ms
/DATACENTER3/zhenxiang.wang/work/TailGuardKV/.worktrees/baseline-smoke-final-aggregation/out/full_25session_baseline_9_14/full/policy_attempts/full40_20260916_h2o_static_safe/seed20260906/policy_tables/session25_policy_eps0p05_delta0p05_mem35.csv,utility_dynamic,hybrid-session-010-turn-0,hybrid-session-010,0,40262.84523827769,kivi_2bit_residual64,0.0,utility_dynamic,ttft_ms >= 1000 ms
/DATACENTER3/zhenxiang.wang/work/TailGuardKV/.worktrees/baseline-smoke-final-aggregation/out/full_25session_baseline_9_14/full/policy_attempts/full40_20260916_h2o_static_safe/seed20260906/policy_tables/session25_policy_eps0p05_delta0p05_mem35.csv,utility_dynamic,hybrid-session-016-turn-0,hybrid-session-016,0,44500.414791125804,kivi_2bit_residual32,0.0,utility_dynamic,ttft_ms >= 1000 ms
/DATACENTER3/zhenxiang.wang/work/TailGuardKV/.worktrees/baseline-smoke-final-aggregation/out/full_25session_baseline_9_14/full/policy_attempts/full40_20260916_h2o_static_safe/seed20260906/policy_tables/session25_policy_eps0p05_delta0p05_mem35.csv,utility_dynamic,hybrid-session-020-turn-0,hybrid-session-020,0,40813.35349491984,kivi_2bit_residual64,0.0,utility_dynamic,ttft_ms >= 1000 ms
/DATACENTER3/zhenxiang.wang/work/TailGuardKV/.worktrees/baseline-smoke-final-aggregation/out/full_25session_baseline_9_14/full/policy_attempts/full40_20260916_h2o_static_safe/seed20260906/policy_tables/session25_policy_eps0p05_delta0p05_mem35.csv,utility_dynamic,hybrid-session-021-turn-0,hybrid-session-021,0,41192.842904902995,kivi_2bit_residual32,0.0,utility_dynamic,ttft_ms >= 1000 ms
/DATACENTER3/zhenxiang.wang/work/TailGuardKV/.worktrees/baseline-smoke-final-aggregation/out/full_25session_baseline_9_14/full/policy_attempts/full40_20260916_h2o_static_safe/seed20260906/policy_tables/session25_policy_eps0p05_delta0p05_mem35.csv,utility_dynamic,hybrid-session-025-turn-0,hybrid-session-025,0,40378.32762912661,kivi_2bit_residual64,0.0,utility_dynamic,ttft_ms >= 1000 ms
/DATACENTER3/zhenxiang.wang/work/TailGuardKV/.worktrees/baseline-smoke-final-aggregation/out/full_25session_baseline_9_14/full/policy_attempts/full40_20260916_h2o_static_safe/seed20260906/policy_tables/session25_policy_eps0p05_delta0p05_mem35.csv,utility_dynamic,hybrid-session-016-turn-1,hybrid-session-016,1,44012.657080084085,kivi_2bit_residual32,44011.814355157316,utility_dynamic,ttft_ms >= 1000 ms
/DATACENTER3/zhenxiang.wang/work/TailGuardKV/.worktrees/baseline-smoke-final-aggregation/out/full_25session_baseline_9_14/full/policy_attempts/full40_20260916_h2o_static_safe/seed20260906/policy_tables/session25_policy_eps0p05_delta0p05_mem35.csv,utility_dynamic,hybrid-session-020-turn-1,hybrid-session-020,1,37855.39841205068,kivi_2bit_residual64,37854.3893370796,utility_dynamic,ttft_ms >= 1000 ms
/DATACENTER3/zhenxiang.wang/work/TailGuardKV/.worktrees/baseline-smoke-final-aggregation/out/full_25session_baseline_9_14/full/policy_attempts/full40_20260916_h2o_static_safe/seed20260906/policy_tables/session25_policy_eps0p05_delta0p05_mem35.csv,utility_dynamic,hybrid-session-010-turn-2,hybrid-session-010,2,40435.32525190897,full_gpu,40434.43686703034,utility_dynamic,ttft_ms >= 1000 ms
/DATACENTER3/zhenxiang.wang/work/TailGuardKV/.worktrees/baseline-smoke-final-aggregation/out/full_25session_baseline_9_14/full/policy_attempts/full40_20260916_h2o_static_safe/seed20260906/policy_tables/session25_policy_eps0p05_delta0p05_mem35.csv,utility_dynamic,hybrid-session-013-turn-2,hybrid-session-013,2,43864.010914960876,kivi_2bit_residual64,43863.05753307976,utility_dynamic,ttft_ms >= 1000 ms
/DATACENTER3/zhenxiang.wang/work/TailGuardKV/.worktrees/baseline-smoke-final-aggregation/out/full_25session_baseline_9_14/full/policy_attempts/full40_20260916_h2o_static_safe/seed20260906/policy_tables/session25_policy_eps0p05_delta0p05_mem35.csv,utility_dynamic,hybrid-session-004-turn-3,hybrid-session-004,3,42405.001414204016,full_gpu,42403.91668138094,utility_dynamic,ttft_ms >= 1000 ms
/DATACENTER3/zhenxiang.wang/work/TailGuardKV/.worktrees/baseline-smoke-final-aggregation/out/full_25session_baseline_9_14/full/policy_attempts/full40_20260916_h2o_static_safe/seed20260906/policy_tables/session25_policy_eps0p05_delta0p05_mem35.csv,utility_dynamic,hybrid-session-005-turn-3,hybrid-session-005,3,44449.521650169045,kivi_2bit_residual64,44448.525206958875,utility_dynamic,ttft_ms >= 1000 ms
/DATACENTER3/zhenxiang.wang/work/TailGuardKV/.worktrees/baseline-smoke-final-aggregation/out/full_25session_baseline_9_14/full/policy_attempts/full40_20260916_h2o_static_safe/seed20260906/policy_tables/session25_policy_eps0p05_delta0p05_mem35.csv,utility_dynamic,hybrid-session-021-turn-3,hybrid-session-021,3,41335.71730399504,full_gpu,41334.78543217294,utility_dynamic,ttft_ms >= 1000 ms
/DATACENTER3/zhenxiang.wang/work/TailGuardKV/.worktrees/baseline-smoke-final-aggregation/out/full_25session_baseline_9_14/full/policy_attempts/full40_20260916_h2o_static_safe/seed20260906/policy_tables/session25_policy_eps0p05_delta0p05_mem35.csv,utility_dynamic,hybrid-session-025-turn-3,hybrid-session-025,3,44375.9956691321,kivi_2bit_residual64,44375.00052511692,utility_dynamic,ttft_ms >= 1000 ms
/DATACENTER3/zhenxiang.wang/work/TailGuardKV/.worktrees/baseline-smoke-final-aggregation/out/full_25session_baseline_9_14/full/policy_attempts/full40_20260916_h2o_static_safe/seed20260906/policy_tables/session25_policy_eps0p05_delta0p05_mem35.csv,utility_dynamic,hybrid-session-006-turn-4,hybrid-session-006,4,41122.05919985846,full_gpu,41120.989544682205,utility_dynamic,ttft_ms >= 1000 ms
/DATACENTER3/zhenxiang.wang/work/TailGuardKV/.worktrees/baseline-smoke-final-aggregation/out/full_25session_baseline_9_14/full/policy_attempts/full40_20260916_h2o_static_safe/seed20260906/policy_tables/session25_policy_eps0p05_delta0p05_mem35.csv,utility_dynamic,hybrid-session-009-turn-4,hybrid-session-009,4,45277.71234037727,kivi_2bit_residual64,45276.776788434014,utility_dynamic,ttft_ms >= 1000 ms
/DATACENTER3/zhenxiang.wang/work/TailGuardKV/.worktrees/baseline-smoke-final-aggregation/out/full_25session_baseline_9_14/full/policy_attempts/full40_20260916_h2o_static_safe/seed20260906/policy_tables/session25_policy_eps0p05_delta0p05_mem35.csv,utility_dynamic,hybrid-session-026-turn-4,hybrid-session-026,4,41106.48901690729,full_gpu,41105.67734995857,utility_dynamic,ttft_ms >= 1000 ms
/DATACENTER3/zhenxiang.wang/work/TailGuardKV/.worktrees/baseline-smoke-final-aggregation/out/full_25session_baseline_9_14/full/policy_attempts/full40_20260916_h2o_static_safe/seed20260906/policy_tables/session25_policy_eps0p05_delta0p05_mem35.csv,uncalibrated_dynamic,hybrid-session-002-turn-0,hybrid-session-002,0,1746.2369799613953,kivi_2bit_residual64,0.0,uncalibrated_dynamic,ttft_ms >= 1000 ms
/DATACENTER3/zhenxiang.wang/work/TailGuardKV/.worktrees/baseline-smoke-final-aggregation/out/full_25session_baseline_9_14/full/policy_attempts/full40_20260916_h2o_static_safe/seed20260906/policy_tables/session25_policy_eps0p05_delta0p05_mem35.csv,uncalibrated_dynamic,hybrid-session-004-turn-0,hybrid-session-004,0,39202.64251396246,kivi_2bit_residual32,0.0,uncalibrated_dynamic,ttft_ms >= 1000 ms
/DATACENTER3/zhenxiang.wang/work/TailGuardKV/.worktrees/baseline-smoke-final-aggregation/out/full_25session_baseline_9_14/full/policy_attempts/full40_20260916_h2o_static_safe/seed20260906/policy_tables/session25_policy_eps0p05_delta0p05_mem35.csv,uncalibrated_dynamic,hybrid-session-005-turn-0,hybrid-session-005,0,40487.930749960244,kivi_2bit_residual64,0.0,uncalibrated_dynamic,ttft_ms >= 1000 ms
/DATACENTER3/zhenxiang.wang/work/TailGuardKV/.worktrees/baseline-smoke-final-aggregation/out/full_25session_baseline_9_14/full/policy_attempts/full40_20260916_h2o_static_safe/seed20260906/policy_tables/session25_policy_eps0p05_delta0p05_mem35.csv,uncalibrated_dynamic,hybrid-session-009-turn-0,hybrid-session-009,0,40922.34611988813,full_gpu,0.0,uncalibrated_dynamic,ttft_ms >= 1000 ms
/DATACENTER3/zhenxiang.wang/work/TailGuardKV/.worktrees/baseline-smoke-final-aggregation/out/full_25session_baseline_9_14/full/policy_attempts/full40_20260916_h2o_static_safe/seed20260906/policy_tables/session25_policy_eps0p05_delta0p05_mem35.csv,uncalibrated_dynamic,hybrid-session-010-turn-0,hybrid-session-010,0,40506.573794875294,kivi_2bit_residual64,0.0,uncalibrated_dynamic,ttft_ms >= 1000 ms
/DATACENTER3/zhenxiang.wang/work/TailGuardKV/.worktrees/baseline-smoke-final-aggregation/out/full_25session_baseline_9_14/full/policy_attempts/full40_20260916_h2o_static_safe/seed20260906/policy_tables/session25_policy_eps0p05_delta0p05_mem35.csv,uncalibrated_dynamic,hybrid-session-016-turn-0,hybrid-session-016,0,44900.66035427898,kivi_2bit_residual32,0.0,uncalibrated_dynamic,ttft_ms >= 1000 ms
/DATACENTER3/zhenxiang.wang/work/TailGuardKV/.worktrees/baseline-smoke-final-aggregation/out/full_25session_baseline_9_14/full/policy_attempts/full40_20260916_h2o_static_safe/seed20260906/policy_tables/session25_policy_eps0p05_delta0p05_mem35.csv,uncalibrated_dynamic,hybrid-session-020-turn-0,hybrid-session-020,0,41513.76369327679,kivi_2bit_residual64,0.0,uncalibrated_dynamic,ttft_ms >= 1000 ms
/DATACENTER3/zhenxiang.wang/work/TailGuardKV/.worktrees/baseline-smoke-final-aggregation/out/full_25session_baseline_9_14/full/policy_attempts/full40_20260916_h2o_static_safe/seed20260906/policy_tables/session25_policy_eps0p05_delta0p05_mem35.csv,uncalibrated_dynamic,hybrid-session-021-turn-0,hybrid-session-021,0,40400.057399952784,kivi_2bit_residual32,0.0,uncalibrated_dynamic,ttft_ms >= 1000 ms
/DATACENTER3/zhenxiang.wang/work/TailGuardKV/.worktrees/baseline-smoke-final-aggregation/out/full_25session_baseline_9_14/full/policy_attempts/full40_20260916_h2o_static_safe/seed20260906/policy_tables/session25_policy_eps0p05_delta0p05_mem35.csv,uncalibrated_dynamic,hybrid-session-025-turn-0,hybrid-session-025,0,41186.00870896876,kivi_2bit_residual64,0.0,uncalibrated_dynamic,ttft_ms >= 1000 ms
/DATACENTER3/zhenxiang.wang/work/TailGuardKV/.worktrees/baseline-smoke-final-aggregation/out/full_25session_baseline_9_14/full/policy_attempts/full40_20260916_h2o_static_safe/seed20260906/policy_tables/session25_policy_eps0p05_delta0p05_mem35.csv,uncalibrated_dynamic,hybrid-session-002-turn-1,hybrid-session-002,1,40324.44676119648,kivi_4bit_residual64,40323.66086534038,uncalibrated_dynamic,ttft_ms >= 1000 ms
/DATACENTER3/zhenxiang.wang/work/TailGuardKV/.worktrees/baseline-smoke-final-aggregation/out/full_25session_baseline_9_14/full/policy_attempts/full40_20260916_h2o_static_safe/seed20260906/policy_tables/session25_policy_eps0p05_delta0p05_mem469p602.csv,full_lru,hybrid-session-002-turn-0,hybrid-session-002,0,3163.938991026953,full_gpu,0.0,full precision exact profile,ttft_ms >= 1000 ms
/DATACENTER3/zhenxiang.wang/work/TailGuardKV/.worktrees/baseline-smoke-final-aggregation/out/full_25session_baseline_9_14/full/policy_attempts/full40_20260916_h2o_static_safe/seed20260906/policy_tables/session25_policy_eps0p05_delta0p05_mem469p602.csv,static_best,hybrid-session-002-turn-0,hybrid-session-002,0,3882.709776982665,kivi_4bit_residual64,0.0,static_best,ttft_ms >= 1000 ms
/DATACENTER3/zhenxiang.wang/work/TailGuardKV/.worktrees/baseline-smoke-final-aggregation/out/full_25session_baseline_9_14/full/policy_attempts/full40_20260916_h2o_static_safe/seed20260906/policy_tables/session25_policy_eps0p05_delta0p05_mem469p602.csv,static_safe,hybrid-session-002-turn-0,hybrid-session-002,0,3775.865000905469,kivi_4bit_residual64,0.0,static_safe,ttft_ms >= 1000 ms
/DATACENTER3/zhenxiang.wang/work/TailGuardKV/.worktrees/baseline-smoke-final-aggregation/out/full_25session_baseline_9_14/full/policy_attempts/full40_20260916_h2o_static_safe/seed20260906/policy_tables/session25_policy_eps0p05_delta0p05_mem469p602.csv,utility_dynamic,hybrid-session-002-turn-0,hybrid-session-002,0,3767.615607008338,kivi_2bit_residual64,0.0,utility_dynamic,ttft_ms >= 1000 ms
/DATACENTER3/zhenxiang.wang/work/TailGuardKV/.worktrees/baseline-smoke-final-aggregation/out/full_25session_baseline_9_14/full/policy_attempts/full40_20260916_h2o_static_safe/seed20260906/policy_tables/session25_policy_eps0p05_delta0p05_mem469p602.csv,uncalibrated_dynamic,hybrid-session-002-turn-0,hybrid-session-002,0,3821.360195055604,kivi_4bit_residual64,0.0,uncalibrated_dynamic,ttft_ms >= 1000 ms
/DATACENTER3/zhenxiang.wang/work/TailGuardKV/.worktrees/baseline-smoke-final-aggregation/out/full_25session_baseline_9_14/full/policy_attempts/full40_20260916_h2o_static_safe/seed20260906/policy_tables/session25_policy_eps0p05_delta0p05_mem50.csv,full_lru,hybrid-session-002-turn-0,hybrid-session-002,0,3839.222530834377,full_gpu,0.0,full precision exact profile,ttft_ms >= 1000 ms
/DATACENTER3/zhenxiang.wang/work/TailGuardKV/.worktrees/baseline-smoke-final-aggregation/out/full_25session_baseline_9_14/full/policy_attempts/full40_20260916_h2o_static_safe/seed20260906/policy_tables/session25_policy_eps0p05_delta0p05_mem50.csv,static_best,hybrid-session-002-turn-0,hybrid-session-002,0,3837.994337081909,kivi_4bit_residual64,0.0,static_best,ttft_ms >= 1000 ms
/DATACENTER3/zhenxiang.wang/work/TailGuardKV/.worktrees/baseline-smoke-final-aggregation/out/full_25session_baseline_9_14/full/policy_attempts/full40_20260916_h2o_static_safe/seed20260906/policy_tables/session25_policy_eps0p05_delta0p05_mem50.csv,static_best,hybrid-session-016-turn-2,hybrid-session-016,2,42685.8193319235,kivi_4bit_residual64,42684.982168855146,static_best,ttft_ms >= 1000 ms
/DATACENTER3/zhenxiang.wang/work/TailGuardKV/.worktrees/baseline-smoke-final-aggregation/out/full_25session_baseline_9_14/full/policy_attempts/full40_20260916_h2o_static_safe/seed20260906/policy_tables/session25_policy_eps0p05_delta0p05_mem50.csv,static_best,hybrid-session-016-turn-4,hybrid-session-016,4,43264.87588297203,kivi_4bit_residual64,43263.831691784784,static_best,ttft_ms >= 1000 ms
/DATACENTER3/zhenxiang.wang/work/TailGuardKV/.worktrees/baseline-smoke-final-aggregation/out/full_25session_baseline_9_14/full/policy_attempts/full40_20260916_h2o_static_safe/seed20260906/policy_tables/session25_policy_eps0p05_delta0p05_mem50.csv,static_safe,hybrid-session-002-turn-0,hybrid-session-002,0,3768.257999094203,kivi_4bit_residual64,0.0,static_safe,ttft_ms >= 1000 ms
/DATACENTER3/zhenxiang.wang/work/TailGuardKV/.worktrees/baseline-smoke-final-aggregation/out/full_25session_baseline_9_14/full/policy_attempts/full40_20260916_h2o_static_safe/seed20260906/policy_tables/session25_policy_eps0p05_delta0p05_mem50.csv,static_safe,hybrid-session-016-turn-2,hybrid-session-016,2,41854.937436986715,kivi_4bit_residual64,41854.06025894545,static_safe,ttft_ms >= 1000 ms
/DATACENTER3/zhenxiang.wang/work/TailGuardKV/.worktrees/baseline-smoke-final-aggregation/out/full_25session_baseline_9_14/full/policy_attempts/full40_20260916_h2o_static_safe/seed20260906/policy_tables/session25_policy_eps0p05_delta0p05_mem50.csv,static_safe,hybrid-session-016-turn-4,hybrid-session-016,4,42849.628040097654,kivi_4bit_residual64,42848.79866893962,static_safe,ttft_ms >= 1000 ms
/DATACENTER3/zhenxiang.wang/work/TailGuardKV/.worktrees/baseline-smoke-final-aggregation/out/full_25session_baseline_9_14/full/policy_attempts/full40_20260916_h2o_static_safe/seed20260906/policy_tables/session25_policy_eps0p05_delta0p05_mem50.csv,utility_dynamic,hybrid-session-002-turn-0,hybrid-session-002,0,3813.3442061953247,kivi_2bit_residual64,0.0,utility_dynamic,ttft_ms >= 1000 ms
/DATACENTER3/zhenxiang.wang/work/TailGuardKV/.worktrees/baseline-smoke-final-aggregation/out/full_25session_baseline_9_14/full/policy_attempts/full40_20260916_h2o_static_safe/seed20260906/policy_tables/session25_policy_eps0p05_delta0p05_mem50.csv,utility_dynamic,hybrid-session-020-turn-0,hybrid-session-020,0,41384.89702215418,kivi_2bit_residual32,0.0,utility_dynamic,ttft_ms >= 1000 ms
/DATACENTER3/zhenxiang.wang/work/TailGuardKV/.worktrees/baseline-smoke-final-aggregation/out/full_25session_baseline_9_14/full/policy_attempts/full40_20260916_h2o_static_safe/seed20260906/policy_tables/session25_policy_eps0p05_delta0p05_mem50.csv,utility_dynamic,hybrid-session-021-turn-0,hybrid-session-021,0,41266.52796090394,kivi_2bit_residual64,0.0,utility_dynamic,ttft_ms >= 1000 ms
/DATACENTER3/zhenxiang.wang/work/TailGuardKV/.worktrees/baseline-smoke-final-aggregation/out/full_25session_baseline_9_14/full/policy_attempts/full40_20260916_h2o_static_safe/seed20260906/policy_tables/session25_policy_eps0p05_delta0p05_mem50.csv,utility_dynamic,hybrid-session-010-turn-2,hybrid-session-010,2,41103.03291499615,full_gpu,41102.17565910891,utility_dynamic,ttft_ms >= 1000 ms
/DATACENTER3/zhenxiang.wang/work/TailGuardKV/.worktrees/baseline-smoke-final-aggregation/out/full_25session_baseline_9_14/full/policy_attempts/full40_20260916_h2o_static_safe/seed20260906/policy_tables/session25_policy_eps0p05_delta0p05_mem50.csv,utility_dynamic,hybrid-session-013-turn-2,hybrid-session-013,2,45275.71836612187,kivi_2bit_residual64,45274.71664813347,utility_dynamic,ttft_ms >= 1000 ms
/DATACENTER3/zhenxiang.wang/work/TailGuardKV/.worktrees/baseline-smoke-final-aggregation/out/full_25session_baseline_9_14/full/policy_attempts/full40_20260916_h2o_static_safe/seed20260906/policy_tables/session25_policy_eps0p05_delta0p05_mem50.csv,utility_dynamic,hybrid-session-009-turn-3,hybrid-session-009,3,40668.7708480712,full_gpu,40667.84622915648,utility_dynamic,ttft_ms >= 1000 ms
/DATACENTER3/zhenxiang.wang/work/TailGuardKV/.worktrees/baseline-smoke-final-aggregation/out/full_25session_baseline_9_14/full/policy_attempts/full40_20260916_h2o_static_safe/seed20260906/policy_tables/session25_policy_eps0p05_delta0p05_mem50.csv,utility_dynamic,hybrid-session-010-turn-3,hybrid-session-010,3,43958.292587077245,kivi_2bit_residual64,43957.32416596636,utility_dynamic,ttft_ms >= 1000 ms
/DATACENTER3/zhenxiang.wang/work/TailGuardKV/.worktrees/baseline-smoke-final-aggregation/out/full_25session_baseline_9_14/full/policy_attempts/full40_20260916_h2o_static_safe/seed20260906/policy_tables/session25_policy_eps0p05_delta0p05_mem50.csv,utility_dynamic,hybrid-session-005-turn-4,hybrid-session-005,4,40539.05469197966,full_gpu,40538.13045979664,utility_dynamic,ttft_ms >= 1000 ms
/DATACENTER3/zhenxiang.wang/work/TailGuardKV/.worktrees/baseline-smoke-final-aggregation/out/full_25session_baseline_9_14/full/policy_attempts/full40_20260916_h2o_static_safe/seed20260906/policy_tables/session25_policy_eps0p05_delta0p05_mem50.csv,utility_dynamic,hybrid-session-006-turn-4,hybrid-session-006,4,38143.95635491237,kivi_2bit_residual64,38143.159083649516,utility_dynamic,ttft_ms >= 1000 ms
/DATACENTER3/zhenxiang.wang/work/TailGuardKV/.worktrees/baseline-smoke-final-aggregation/out/full_25session_baseline_9_14/full/policy_attempts/full40_20260916_h2o_static_safe/seed20260906/policy_tables/session25_policy_eps0p05_delta0p05_mem50.csv,uncalibrated_dynamic,hybrid-session-002-turn-0,hybrid-session-002,0,3975.1022139098495,kivi_2bit_residual64,0.0,uncalibrated_dynamic,ttft_ms >= 1000 ms
/DATACENTER3/zhenxiang.wang/work/TailGuardKV/.worktrees/baseline-smoke-final-aggregation/out/full_25session_baseline_9_14/full/policy_attempts/full40_20260916_h2o_static_safe/seed20260906/policy_tables/session25_policy_eps0p05_delta0p05_mem50.csv,uncalibrated_dynamic,hybrid-session-020-turn-0,hybrid-session-020,0,42184.30206183717,kivi_2bit_residual32,0.0,uncalibrated_dynamic,ttft_ms >= 1000 ms
/DATACENTER3/zhenxiang.wang/work/TailGuardKV/.worktrees/baseline-smoke-final-aggregation/out/full_25session_baseline_9_14/full/policy_attempts/full40_20260916_h2o_static_safe/seed20260906/policy_tables/session25_policy_eps0p05_delta0p05_mem50.csv,uncalibrated_dynamic,hybrid-session-021-turn-0,hybrid-session-021,0,39970.039063101634,kivi_2bit_residual64,0.0,uncalibrated_dynamic,ttft_ms >= 1000 ms
/DATACENTER3/zhenxiang.wang/work/TailGuardKV/.worktrees/baseline-smoke-final-aggregation/out/full_25session_baseline_9_14/full/policy_attempts/full40_20260916_h2o_static_safe/seed20260906/policy_tables/session25_policy_eps0p05_delta0p05_mem50.csv,uncalibrated_dynamic,hybrid-session-002-turn-1,hybrid-session-002,1,41110.86167273112,kivi_4bit_residual64,41110.06603966467,uncalibrated_dynamic,ttft_ms >= 1000 ms
/DATACENTER3/zhenxiang.wang/work/TailGuardKV/.worktrees/baseline-smoke-final-aggregation/out/full_25session_baseline_9_14/full/policy_attempts/full40_20260916_h2o_static_safe/seed20260906/policy_tables/session25_policy_eps0p05_delta0p05_mem64.csv,full_lru,hybrid-session-002-turn-0,hybrid-session-002,0,4120.492490939796,full_gpu,0.0,full precision exact profile,ttft_ms >= 1000 ms
/DATACENTER3/zhenxiang.wang/work/TailGuardKV/.worktrees/baseline-smoke-final-aggregation/out/full_25session_baseline_9_14/full/policy_attempts/full40_20260916_h2o_static_safe/seed20260906/policy_tables/session25_policy_eps0p05_delta0p05_mem64.csv,static_best,hybrid-session-002-turn-0,hybrid-session-002,0,3573.177960002795,kivi_4bit_residual64,0.0,static_best,ttft_ms >= 1000 ms
/DATACENTER3/zhenxiang.wang/work/TailGuardKV/.worktrees/baseline-smoke-final-aggregation/out/full_25session_baseline_9_14/full/policy_attempts/full40_20260916_h2o_static_safe/seed20260906/policy_tables/session25_policy_eps0p05_delta0p05_mem64.csv,static_best,hybrid-session-010-turn-4,hybrid-session-010,4,43286.891494039446,kivi_4bit_residual64,43285.936422040686,static_best,ttft_ms >= 1000 ms
/DATACENTER3/zhenxiang.wang/work/TailGuardKV/.worktrees/baseline-smoke-final-aggregation/out/full_25session_baseline_9_14/full/policy_attempts/full40_20260916_h2o_static_safe/seed20260906/policy_tables/session25_policy_eps0p05_delta0p05_mem64.csv,static_safe,hybrid-session-002-turn-0,hybrid-session-002,0,3584.8087810445577,kivi_4bit_residual64,0.0,static_safe,ttft_ms >= 1000 ms
/DATACENTER3/zhenxiang.wang/work/TailGuardKV/.worktrees/baseline-smoke-final-aggregation/out/full_25session_baseline_9_14/full/policy_attempts/full40_20260916_h2o_static_safe/seed20260906/policy_tables/session25_policy_eps0p05_delta0p05_mem64.csv,static_safe,hybrid-session-010-turn-4,hybrid-session-010,4,43206.2634299919,kivi_4bit_residual64,43205.24204107374,static_safe,ttft_ms >= 1000 ms
/DATACENTER3/zhenxiang.wang/work/TailGuardKV/.worktrees/baseline-smoke-final-aggregation/out/full_25session_baseline_9_14/full/policy_attempts/full40_20260916_h2o_static_safe/seed20260906/policy_tables/session25_policy_eps0p05_delta0p05_mem64.csv,utility_dynamic,hybrid-session-002-turn-0,hybrid-session-002,0,3748.033423908055,kivi_2bit_residual64,0.0,utility_dynamic,ttft_ms >= 1000 ms
/DATACENTER3/zhenxiang.wang/work/TailGuardKV/.worktrees/baseline-smoke-final-aggregation/out/full_25session_baseline_9_14/full/policy_attempts/full40_20260916_h2o_static_safe/seed20260906/policy_tables/session25_policy_eps0p05_delta0p05_mem64.csv,utility_dynamic,hybrid-session-006-turn-3,hybrid-session-006,3,42174.72096394934,full_gpu,42173.74419283308,utility_dynamic,ttft_ms >= 1000 ms
/DATACENTER3/zhenxiang.wang/work/TailGuardKV/.worktrees/baseline-smoke-final-aggregation/out/full_25session_baseline_9_14/full/policy_attempts/full40_20260916_h2o_static_safe/seed20260906/policy_tables/session25_policy_eps0p05_delta0p05_mem64.csv,utility_dynamic,hybrid-session-009-turn-3,hybrid-session-009,3,44443.56386216916,kivi_2bit_residual64,44442.55593435466,utility_dynamic,ttft_ms >= 1000 ms
/DATACENTER3/zhenxiang.wang/work/TailGuardKV/.worktrees/baseline-smoke-final-aggregation/out/full_25session_baseline_9_14/full/policy_attempts/full40_20260916_h2o_static_safe/seed20260906/policy_tables/session25_policy_eps0p05_delta0p05_mem64.csv,utility_dynamic,hybrid-session-006-turn-4,hybrid-session-006,4,40523.41346202232,full_gpu,40522.473458124325,utility_dynamic,ttft_ms >= 1000 ms
/DATACENTER3/zhenxiang.wang/work/TailGuardKV/.worktrees/baseline-smoke-final-aggregation/out/full_25session_baseline_9_14/full/policy_attempts/full40_20260916_h2o_static_safe/seed20260906/policy_tables/session25_policy_eps0p05_delta0p05_mem64.csv,utility_dynamic,hybrid-session-009-turn-4,hybrid-session-009,4,45347.301966935396,kivi_2bit_residual64,45346.44833994657,utility_dynamic,ttft_ms >= 1000 ms
/DATACENTER3/zhenxiang.wang/work/TailGuardKV/.worktrees/baseline-smoke-final-aggregation/out/full_25session_baseline_9_14/full/policy_attempts/full40_20260916_h2o_static_safe/seed20260906/policy_tables/session25_policy_eps0p05_delta0p05_mem64.csv,uncalibrated_dynamic,hybrid-session-002-turn-0,hybrid-session-002,0,3731.319896876812,kivi_4bit_residual64,0.0,uncalibrated_dynamic,ttft_ms >= 1000 ms
/DATACENTER3/zhenxiang.wang/work/TailGuardKV/.worktrees/baseline-smoke-final-aggregation/out/full_25session_baseline_9_14/full/policy_attempts/full40_20260916_h2o_static_safe/seed20260906/policy_tables/session25_policy_eps0p05_delta0p05_mem64.csv,uncalibrated_dynamic,hybrid-session-010-turn-0,hybrid-session-010,0,41811.33541362733,kivi_2bit_residual64,0.0,uncalibrated_dynamic,ttft_ms >= 1000 ms
/DATACENTER3/zhenxiang.wang/work/TailGuardKV/.worktrees/baseline-smoke-final-aggregation/out/full_25session_baseline_9_14/full/policy_attempts/full40_20260916_h2o_static_safe/seed20260906/policy_tables/session25_policy_eps0p05_delta0p05_mem64.csv,uncalibrated_dynamic,hybrid-session-013-turn-0,hybrid-session-013,0,41930.36534308083,kivi_4bit_residual64,0.0,uncalibrated_dynamic,ttft_ms >= 1000 ms
/DATACENTER3/zhenxiang.wang/work/TailGuardKV/.worktrees/baseline-smoke-final-aggregation/out/full_25session_baseline_9_14/full/policy_attempts/full40_20260916_h2o_static_safe/seed20260906/policy_tables/session25_policy_eps0p05_delta0p05_mem64.csv,uncalibrated_dynamic,hybrid-session-010-turn-2,hybrid-session-010,2,44465.87234601751,kivi_2bit_residual64,44464.84856592864,uncalibrated_dynamic,ttft_ms >= 1000 ms
/DATACENTER3/zhenxiang.wang/work/TailGuardKV/.worktrees/baseline-smoke-final-aggregation/out/full_25session_baseline_9_14/full/policy_attempts/full40_20260916_h2o_static_safe/seed20260906/policy_tables/session25_policy_eps0p05_delta0p05_mem64.csv,uncalibrated_dynamic,hybrid-session-013-turn-2,hybrid-session-013,2,46246.30067019351,kivi_4bit_residual64,46245.21684121899,uncalibrated_dynamic,ttft_ms >= 1000 ms
/DATACENTER3/zhenxiang.wang/work/TailGuardKV/.worktrees/baseline-smoke-final-aggregation/out/full_25session_baseline_9_14/full/policy_attempts/full40_20260916_h2o_static_safe/seed20260906/policy_tables/session25_policy_eps0p05_delta0p05_mem64.csv,uncalibrated_dynamic,hybrid-session-006-turn-3,hybrid-session-006,3,42991.4352719374,full_gpu,42990.56573982164,uncalibrated_dynamic,ttft_ms >= 1000 ms
/DATACENTER3/zhenxiang.wang/work/TailGuardKV/.worktrees/baseline-smoke-final-aggregation/out/full_25session_baseline_9_14/full/policy_attempts/full40_20260916_h2o_static_safe/seed20260906/policy_tables/session25_policy_eps0p05_delta0p05_mem64.csv,uncalibrated_dynamic,hybrid-session-009-turn-3,hybrid-session-009,3,45941.520612878725,kivi_4bit_residual64,45940.73166461289,uncalibrated_dynamic,ttft_ms >= 1000 ms
/DATACENTER3/zhenxiang.wang/work/TailGuardKV/.worktrees/baseline-smoke-final-aggregation/out/full_25session_baseline_9_14/full/policy_attempts/full40_20260916_h2o_static_safe/seed20260906/policy_tables/session25_policy_eps0p05_delta0p05_mem64.csv,uncalibrated_dynamic,hybrid-session-004-turn-4,hybrid-session-004,4,41079.03935495578,full_gpu,41077.995230823755,uncalibrated_dynamic,ttft_ms >= 1000 ms
/DATACENTER3/zhenxiang.wang/work/TailGuardKV/.worktrees/baseline-smoke-final-aggregation/out/full_25session_baseline_9_14/full/policy_attempts/full40_20260916_h2o_static_safe/seed20260906/policy_tables/session25_policy_eps0p05_delta0p05_mem64.csv,uncalibrated_dynamic,hybrid-session-005-turn-4,hybrid-session-005,4,44939.58344613761,kivi_4bit_residual64,44938.72924824804,uncalibrated_dynamic,ttft_ms >= 1000 ms
/DATACENTER3/zhenxiang.wang/work/TailGuardKV/.worktrees/baseline-smoke-final-aggregation/out/full_25session_baseline_9_14/full/policy_attempts/full40_20260916_h2o_static_safe/seed20260906/policy_tables/session25_policy_eps0p05_delta0p05_mem64.csv,uncalibrated_dynamic,hybrid-session-026-turn-4,hybrid-session-026,4,43143.90454113297,full_gpu,43142.893894089386,uncalibrated_dynamic,ttft_ms >= 1000 ms
/DATACENTER3/zhenxiang.wang/work/TailGuardKV/.worktrees/baseline-smoke-final-aggregation/out/full_25session_baseline_9_14/full/policy_attempts/full40_20260916_h2o_static_safe/seed20260906/policy_tables/session25_policy_eps0p05_delta0p05_mem80.csv,full_lru,hybrid-session-002-turn-0,hybrid-session-002,0,3833.787051960826,full_gpu,0.0,full precision exact profile,ttft_ms >= 1000 ms
/DATACENTER3/zhenxiang.wang/work/TailGuardKV/.worktrees/baseline-smoke-final-aggregation/out/full_25session_baseline_9_14/full/policy_attempts/full40_20260916_h2o_static_safe/seed20260906/policy_tables/session25_policy_eps0p05_delta0p05_mem80.csv,static_best,hybrid-session-002-turn-0,hybrid-session-002,0,3815.606023184955,kivi_4bit_residual64,0.0,static_best,ttft_ms >= 1000 ms
/DATACENTER3/zhenxiang.wang/work/TailGuardKV/.worktrees/baseline-smoke-final-aggregation/out/full_25session_baseline_9_14/full/policy_attempts/full40_20260916_h2o_static_safe/seed20260906/policy_tables/session25_policy_eps0p05_delta0p05_mem80.csv,static_safe,hybrid-session-002-turn-0,hybrid-session-002,0,3624.28873591125,kivi_4bit_residual64,0.0,static_safe,ttft_ms >= 1000 ms
/DATACENTER3/zhenxiang.wang/work/TailGuardKV/.worktrees/baseline-smoke-final-aggregation/out/full_25session_baseline_9_14/full/policy_attempts/full40_20260916_h2o_static_safe/seed20260906/policy_tables/session25_policy_eps0p05_delta0p05_mem80.csv,utility_dynamic,hybrid-session-002-turn-0,hybrid-session-002,0,3687.4436440411955,kivi_2bit_residual64,0.0,utility_dynamic,ttft_ms >= 1000 ms
/DATACENTER3/zhenxiang.wang/work/TailGuardKV/.worktrees/baseline-smoke-final-aggregation/out/full_25session_baseline_9_14/full/policy_attempts/full40_20260916_h2o_static_safe/seed20260906/policy_tables/session25_policy_eps0p05_delta0p05_mem80.csv,uncalibrated_dynamic,hybrid-session-002-turn-0,hybrid-session-002,0,3656.5917611587793,kivi_4bit_residual64,0.0,uncalibrated_dynamic,ttft_ms >= 1000 ms
/DATACENTER3/zhenxiang.wang/work/TailGuardKV/.worktrees/baseline-smoke-final-aggregation/out/full_25session_baseline_9_14/full/policy_attempts/full40_20260916_h2o_static_safe/seed20260906/policy_tables/session25_policy_eps0p05_delta0p05_mem80.csv,uncalibrated_dynamic,hybrid-session-002-turn-3,hybrid-session-002,3,45329.63139011152,kivi_2bit_residual64,45328.53255310655,uncalibrated_dynamic,ttft_ms >= 1000 ms
/DATACENTER3/zhenxiang.wang/work/TailGuardKV/.worktrees/baseline-smoke-final-aggregation/out/full_25session_baseline_9_14/full/policy_attempts/full40_20260916_h2o_static_safe/seed20260906/policy_tables/session25_policy_eps0p05_delta0p05_mem80.csv,uncalibrated_dynamic,hybrid-session-003-turn-3,hybrid-session-003,3,44384.41075394489,kivi_4bit_residual64,44383.48362977244,uncalibrated_dynamic,ttft_ms >= 1000 ms
/DATACENTER3/zhenxiang.wang/work/TailGuardKV/.worktrees/baseline-smoke-final-aggregation/out/full_25session_baseline_9_14/full/policy_attempts/full40_20260916_h2o_static_safe/seed20260906/policy_tables/session25_policy_eps0p05_delta0p05_mem80.csv,uncalibrated_dynamic,hybrid-session-026-turn-3,hybrid-session-026,3,42094.67797452584,kivi_2bit_residual64,42093.75454258174,uncalibrated_dynamic,ttft_ms >= 1000 ms
/DATACENTER3/zhenxiang.wang/work/TailGuardKV/.worktrees/baseline-smoke-final-aggregation/out/full_25session_baseline_9_14/full/policy_attempts/full40_20260916_h2o_static_safe/seed20260906/policy_tables/session25_policy_eps0p05_delta0p05_mem80.csv,uncalibrated_dynamic,hybrid-session-002-turn-4,hybrid-session-002,4,44801.19900507666,kivi_4bit_residual64,44800.22829803452,uncalibrated_dynamic,ttft_ms >= 1000 ms
/DATACENTER3/zhenxiang.wang/work/TailGuardKV/.worktrees/baseline-smoke-final-aggregation/out/full_25session_baseline_9_14/full/policy_attempts/full40_20260916_h2o_static_safe/seed20260906/policy_tables/session25_policy_eps0p05_delta0p05_mem80.csv,uncalibrated_dynamic,hybrid-session-025-turn-4,hybrid-session-025,4,40690.57296558283,full_gpu,40689.54543761909,uncalibrated_dynamic,ttft_ms >= 1000 ms
/DATACENTER3/zhenxiang.wang/work/TailGuardKV/.worktrees/baseline-smoke-final-aggregation/out/full_25session_baseline_9_14/full/policy_attempts/full40_20260916_h2o_static_safe/seed20260906/policy_tables/session25_policy_eps0p05_delta0p05_mem80.csv,uncalibrated_dynamic,hybrid-session-026-turn-4,hybrid-session-026,4,44060.268162043765,kivi_4bit_residual64,44059.38382609002,uncalibrated_dynamic,ttft_ms >= 1000 ms
/DATACENTER3/zhenxiang.wang/work/TailGuardKV/.worktrees/baseline-smoke-final-aggregation/out/full_25session_baseline_9_14/full/policy_attempts/full40_20260916_h2o_static_safe/seed20260906/policy_tables/session25_policy_eps0p05_delta0p05_mem96.csv,full_lru,hybrid-session-002-turn-0,hybrid-session-002,0,3907.2937280870974,full_gpu,0.0,full precision exact profile,ttft_ms >= 1000 ms
/DATACENTER3/zhenxiang.wang/work/TailGuardKV/.worktrees/baseline-smoke-final-aggregation/out/full_25session_baseline_9_14/full/policy_attempts/full40_20260916_h2o_static_safe/seed20260906/policy_tables/session25_policy_eps0p05_delta0p05_mem96.csv,static_best,hybrid-session-002-turn-0,hybrid-session-002,0,3836.9482858106494,kivi_4bit_residual64,0.0,static_best,ttft_ms >= 1000 ms
/DATACENTER3/zhenxiang.wang/work/TailGuardKV/.worktrees/baseline-smoke-final-aggregation/out/full_25session_baseline_9_14/full/policy_attempts/full40_20260916_h2o_static_safe/seed20260906/policy_tables/session25_policy_eps0p05_delta0p05_mem96.csv,static_safe,hybrid-session-002-turn-0,hybrid-session-002,0,3848.9005300216377,kivi_4bit_residual64,0.0,static_safe,ttft_ms >= 1000 ms
/DATACENTER3/zhenxiang.wang/work/TailGuardKV/.worktrees/baseline-smoke-final-aggregation/out/full_25session_baseline_9_14/full/policy_attempts/full40_20260916_h2o_static_safe/seed20260906/policy_tables/session25_policy_eps0p05_delta0p05_mem96.csv,utility_dynamic,hybrid-session-002-turn-0,hybrid-session-002,0,3898.900145897642,kivi_2bit_residual64,0.0,utility_dynamic,ttft_ms >= 1000 ms
/DATACENTER3/zhenxiang.wang/work/TailGuardKV/.worktrees/baseline-smoke-final-aggregation/out/full_25session_baseline_9_14/full/policy_attempts/full40_20260916_h2o_static_safe/seed20260906/policy_tables/session25_policy_eps0p05_delta0p05_mem96.csv,uncalibrated_dynamic,hybrid-session-002-turn-0,hybrid-session-002,0,3832.3719408363104,kivi_4bit_residual64,0.0,uncalibrated_dynamic,ttft_ms >= 1000 ms
/DATACENTER3/zhenxiang.wang/work/TailGuardKV/.worktrees/baseline-smoke-final-aggregation/out/full_25session_baseline_9_14/full/policy_attempts/full40_20260916_h2o_static_safe/seed20260906/policy_tables/session25_policy_eps0p05_delta0p05_mem96.csv,uncalibrated_dynamic,hybrid-session-021-turn-4,hybrid-session-021,4,44631.51896396652,kivi_2bit_residual64,44630.5025140848,uncalibrated_dynamic,ttft_ms >= 1000 ms
/DATACENTER3/zhenxiang.wang/work/TailGuardKV/.worktrees/baseline-smoke-final-aggregation/out/full_25session_baseline_9_14/full/policy_attempts/full40_20260916_h2o_static_safe/seed20260906/policy_tables/session25_policy_eps0p05_delta0p05_mem96.csv,uncalibrated_dynamic,hybrid-session-025-turn-4,hybrid-session-025,4,45223.32017015666,kivi_4bit_residual64,45222.32376629487,uncalibrated_dynamic,ttft_ms >= 1000 ms
/DATACENTER3/zhenxiang.wang/work/TailGuardKV/.worktrees/baseline-smoke-final-aggregation/out/full_25session_baseline_9_14/full/policy_attempts/full40_20260916_h2o_static_safe/seed20260906/policy_tables/session25_policy_eps0p05_delta0p1_mem120p258.csv,full_lru,hybrid-session-002-turn-0,hybrid-session-002,0,3948.5550629906356,full_gpu,0.0,full precision exact profile,ttft_ms >= 1000 ms
/DATACENTER3/zhenxiang.wang/work/TailGuardKV/.worktrees/baseline-smoke-final-aggregation/out/full_25session_baseline_9_14/full/policy_attempts/full40_20260916_h2o_static_safe/seed20260906/policy_tables/session25_policy_eps0p05_delta0p1_mem120p258.csv,static_best,hybrid-session-002-turn-0,hybrid-session-002,0,4044.227370992303,kivi_4bit_residual64,0.0,static_best,ttft_ms >= 1000 ms
/DATACENTER3/zhenxiang.wang/work/TailGuardKV/.worktrees/baseline-smoke-final-aggregation/out/full_25session_baseline_9_14/full/policy_attempts/full40_20260916_h2o_static_safe/seed20260906/policy_tables/session25_policy_eps0p05_delta0p1_mem120p258.csv,static_safe,hybrid-session-002-turn-0,hybrid-session-002,0,3846.6594459023327,kivi_4bit_residual64,0.0,static_safe,ttft_ms >= 1000 ms
/DATACENTER3/zhenxiang.wang/work/TailGuardKV/.worktrees/baseline-smoke-final-aggregation/out/full_25session_baseline_9_14/full/policy_attempts/full40_20260916_h2o_static_safe/seed20260906/policy_tables/session25_policy_eps0p05_delta0p1_mem120p258.csv,utility_dynamic,hybrid-session-002-turn-0,hybrid-session-002,0,1646.9953400082886,kivi_2bit_residual64,0.0,utility_dynamic,ttft_ms >= 1000 ms
/DATACENTER3/zhenxiang.wang/work/TailGuardKV/.worktrees/baseline-smoke-final-aggregation/out/full_25session_baseline_9_14/full/policy_attempts/full40_20260916_h2o_static_safe/seed20260906/policy_tables/session25_policy_eps0p05_delta0p1_mem120p258.csv,uncalibrated_dynamic,hybrid-session-002-turn-0,hybrid-session-002,0,3752.2184010595083,kivi_4bit_residual64,0.0,uncalibrated_dynamic,ttft_ms >= 1000 ms
/DATACENTER3/zhenxiang.wang/work/TailGuardKV/.worktrees/baseline-smoke-final-aggregation/out/full_25session_baseline_9_14/full/policy_attempts/full40_20260916_h2o_static_safe/seed20260906/policy_tables/session25_policy_eps0p05_delta0p1_mem15.csv,full_lru,hybrid-session-002-turn-0,hybrid-session-002,0,4027.5287311524153,full_gpu,0.0,full precision exact profile,ttft_ms >= 1000 ms
/DATACENTER3/zhenxiang.wang/work/TailGuardKV/.worktrees/baseline-smoke-final-aggregation/out/full_25session_baseline_9_14/full/policy_attempts/full40_20260916_h2o_static_safe/seed20260906/policy_tables/session25_policy_eps0p05_delta0p1_mem15.csv,static_best,hybrid-session-002-turn-0,hybrid-session-002,0,4151.800533058122,kivi_4bit_residual64,0.0,static_best,ttft_ms >= 1000 ms
/DATACENTER3/zhenxiang.wang/work/TailGuardKV/.worktrees/baseline-smoke-final-aggregation/out/full_25session_baseline_9_14/full/policy_attempts/full40_20260916_h2o_static_safe/seed20260906/policy_tables/session25_policy_eps0p05_delta0p1_mem15.csv,static_best,hybrid-session-004-turn-1,hybrid-session-004,1,43608.44499396533,kivi_4bit_residual64,43607.4186247997,static_best,ttft_ms >= 1000 ms
/DATACENTER3/zhenxiang.wang/work/TailGuardKV/.worktrees/baseline-smoke-final-aggregation/out/full_25session_baseline_9_14/full/policy_attempts/full40_20260916_h2o_static_safe/seed20260906/policy_tables/session25_policy_eps0p05_delta0p1_mem15.csv,static_best,hybrid-session-003-turn-2,hybrid-session-003,2,43005.35034103878,kivi_4bit_residual64,43004.24773729965,static_best,ttft_ms >= 1000 ms
/DATACENTER3/zhenxiang.wang/work/TailGuardKV/.worktrees/baseline-smoke-final-aggregation/out/full_25session_baseline_9_14/full/policy_attempts/full40_20260916_h2o_static_safe/seed20260906/policy_tables/session25_policy_eps0p05_delta0p1_mem15.csv,static_best,hybrid-session-016-turn-2,hybrid-session-016,2,42715.0907756947,kivi_4bit_residual64,42714.12843379192,static_best,ttft_ms >= 1000 ms
/DATACENTER3/zhenxiang.wang/work/TailGuardKV/.worktrees/baseline-smoke-final-aggregation/out/full_25session_baseline_9_14/full/policy_attempts/full40_20260916_h2o_static_safe/seed20260906/policy_tables/session25_policy_eps0p05_delta0p1_mem15.csv,static_best,hybrid-session-016-turn-4,hybrid-session-016,4,36062.216718116775,kivi_4bit_residual64,36061.37153892219,static_best,ttft_ms >= 1000 ms
/DATACENTER3/zhenxiang.wang/work/TailGuardKV/.worktrees/baseline-smoke-final-aggregation/out/full_25session_baseline_9_14/full/policy_attempts/full40_20260916_h2o_static_safe/seed20260906/policy_tables/session25_policy_eps0p05_delta0p1_mem15.csv,static_safe,hybrid-session-002-turn-0,hybrid-session-002,0,3827.9699059203267,kivi_4bit_residual64,0.0,static_safe,ttft_ms >= 1000 ms
/DATACENTER3/zhenxiang.wang/work/TailGuardKV/.worktrees/baseline-smoke-final-aggregation/out/full_25session_baseline_9_14/full/policy_attempts/full40_20260916_h2o_static_safe/seed20260906/policy_tables/session25_policy_eps0p05_delta0p1_mem15.csv,static_safe,hybrid-session-004-turn-1,hybrid-session-004,1,42538.24058005586,kivi_4bit_residual64,42537.32950699516,static_safe,ttft_ms >= 1000 ms
/DATACENTER3/zhenxiang.wang/work/TailGuardKV/.worktrees/baseline-smoke-final-aggregation/out/full_25session_baseline_9_14/full/policy_attempts/full40_20260916_h2o_static_safe/seed20260906/policy_tables/session25_policy_eps0p05_delta0p1_mem15.csv,static_safe,hybrid-session-003-turn-2,hybrid-session-003,2,44005.188478045166,kivi_4bit_residual64,44004.153368882835,static_safe,ttft_ms >= 1000 ms
/DATACENTER3/zhenxiang.wang/work/TailGuardKV/.worktrees/baseline-smoke-final-aggregation/out/full_25session_baseline_9_14/full/policy_attempts/full40_20260916_h2o_static_safe/seed20260906/policy_tables/session25_policy_eps0p05_delta0p1_mem15.csv,static_safe,hybrid-session-016-turn-2,hybrid-session-016,2,42795.86858813465,kivi_4bit_residual64,42794.94480321929,static_safe,ttft_ms >= 1000 ms
/DATACENTER3/zhenxiang.wang/work/TailGuardKV/.worktrees/baseline-smoke-final-aggregation/out/full_25session_baseline_9_14/full/policy_attempts/full40_20260916_h2o_static_safe/seed20260906/policy_tables/session25_policy_eps0p05_delta0p1_mem15.csv,static_safe,hybrid-session-016-turn-4,hybrid-session-016,4,43668.59356324375,kivi_4bit_residual64,43667.63897436857,static_safe,ttft_ms >= 1000 ms
/DATACENTER3/zhenxiang.wang/work/TailGuardKV/.worktrees/baseline-smoke-final-aggregation/out/full_25session_baseline_9_14/full/policy_attempts/full40_20260916_h2o_static_safe/seed20260906/policy_tables/session25_policy_eps0p05_delta0p1_mem15.csv,utility_dynamic,hybrid-session-002-turn-0,hybrid-session-002,0,3975.7444199640304,full_gpu,0.0,utility_dynamic,ttft_ms >= 1000 ms
/DATACENTER3/zhenxiang.wang/work/TailGuardKV/.worktrees/baseline-smoke-final-aggregation/out/full_25session_baseline_9_14/full/policy_attempts/full40_20260916_h2o_static_safe/seed20260906/policy_tables/session25_policy_eps0p05_delta0p1_mem15.csv,uncalibrated_dynamic,hybrid-session-002-turn-0,hybrid-session-002,0,3943.2080548722297,full_gpu,0.0,uncalibrated_dynamic,ttft_ms >= 1000 ms
/DATACENTER3/zhenxiang.wang/work/TailGuardKV/.worktrees/baseline-smoke-final-aggregation/out/full_25session_baseline_9_14/full/policy_attempts/full40_20260916_h2o_static_safe/seed20260906/policy_tables/session25_policy_eps0p05_delta0p1_mem20.csv,full_lru,hybrid-session-002-turn-0,hybrid-session-002,0,3998.564203036949,full_gpu,0.0,full precision exact profile,ttft_ms >= 1000 ms
/DATACENTER3/zhenxiang.wang/work/TailGuardKV/.worktrees/baseline-smoke-final-aggregation/out/full_25session_baseline_9_14/full/policy_attempts/full40_20260916_h2o_static_safe/seed20260906/policy_tables/session25_policy_eps0p05_delta0p1_mem20.csv,static_best,hybrid-session-002-turn-0,hybrid-session-002,0,3727.692859945819,kivi_4bit_residual64,0.0,static_best,ttft_ms >= 1000 ms
/DATACENTER3/zhenxiang.wang/work/TailGuardKV/.worktrees/baseline-smoke-final-aggregation/out/full_25session_baseline_9_14/full/policy_attempts/full40_20260916_h2o_static_safe/seed20260906/policy_tables/session25_policy_eps0p05_delta0p1_mem20.csv,static_best,hybrid-session-004-turn-1,hybrid-session-004,1,43234.10727113299,kivi_4bit_residual64,43233.157580083236,static_best,ttft_ms >= 1000 ms
/DATACENTER3/zhenxiang.wang/work/TailGuardKV/.worktrees/baseline-smoke-final-aggregation/out/full_25session_baseline_9_14/full/policy_attempts/full40_20260916_h2o_static_safe/seed20260906/policy_tables/session25_policy_eps0p05_delta0p1_mem20.csv,static_best,hybrid-session-003-turn-2,hybrid-session-003,2,42648.431200062856,kivi_4bit_residual64,42647.600317833945,static_best,ttft_ms >= 1000 ms
/DATACENTER3/zhenxiang.wang/work/TailGuardKV/.worktrees/baseline-smoke-final-aggregation/out/full_25session_baseline_9_14/full/policy_attempts/full40_20260916_h2o_static_safe/seed20260906/policy_tables/session25_policy_eps0p05_delta0p1_mem20.csv,static_best,hybrid-session-016-turn-2,hybrid-session-016,2,43068.637824108824,kivi_4bit_residual64,43067.64706196636,static_best,ttft_ms >= 1000 ms
/DATACENTER3/zhenxiang.wang/work/TailGuardKV/.worktrees/baseline-smoke-final-aggregation/out/full_25session_baseline_9_14/full/policy_attempts/full40_20260916_h2o_static_safe/seed20260906/policy_tables/session25_policy_eps0p05_delta0p1_mem20.csv,static_best,hybrid-session-016-turn-4,hybrid-session-016,4,43187.00086306967,kivi_4bit_residual64,43186.10104224831,static_best,ttft_ms >= 1000 ms
/DATACENTER3/zhenxiang.wang/work/TailGuardKV/.worktrees/baseline-smoke-final-aggregation/out/full_25session_baseline_9_14/full/policy_attempts/full40_20260916_h2o_static_safe/seed20260906/policy_tables/session25_policy_eps0p05_delta0p1_mem20.csv,static_safe,hybrid-session-002-turn-0,hybrid-session-002,0,3804.8108329530805,kivi_4bit_residual64,0.0,static_safe,ttft_ms >= 1000 ms
/DATACENTER3/zhenxiang.wang/work/TailGuardKV/.worktrees/baseline-smoke-final-aggregation/out/full_25session_baseline_9_14/full/policy_attempts/full40_20260916_h2o_static_safe/seed20260906/policy_tables/session25_policy_eps0p05_delta0p1_mem20.csv,static_safe,hybrid-session-004-turn-1,hybrid-session-004,1,46882.07423912175,kivi_4bit_residual64,46881.24160717055,static_safe,ttft_ms >= 1000 ms
/DATACENTER3/zhenxiang.wang/work/TailGuardKV/.worktrees/baseline-smoke-final-aggregation/out/full_25session_baseline_9_14/full/policy_attempts/full40_20260916_h2o_static_safe/seed20260906/policy_tables/session25_policy_eps0p05_delta0p1_mem20.csv,static_safe,hybrid-session-003-turn-2,hybrid-session-003,2,42572.06810544804,kivi_4bit_residual64,42571.142629483715,static_safe,ttft_ms >= 1000 ms
/DATACENTER3/zhenxiang.wang/work/TailGuardKV/.worktrees/baseline-smoke-final-aggregation/out/full_25session_baseline_9_14/full/policy_attempts/full40_20260916_h2o_static_safe/seed20260906/policy_tables/session25_policy_eps0p05_delta0p1_mem20.csv,static_safe,hybrid-session-016-turn-2,hybrid-session-016,2,42215.819726765156,kivi_4bit_residual64,42214.856874031946,static_safe,ttft_ms >= 1000 ms
/DATACENTER3/zhenxiang.wang/work/TailGuardKV/.worktrees/baseline-smoke-final-aggregation/out/full_25session_baseline_9_14/full/policy_attempts/full40_20260916_h2o_static_safe/seed20260906/policy_tables/session25_policy_eps0p05_delta0p1_mem20.csv,static_safe,hybrid-session-016-turn-4,hybrid-session-016,4,43483.28733483516,kivi_4bit_residual64,43482.361580871046,static_safe,ttft_ms >= 1000 ms
/DATACENTER3/zhenxiang.wang/work/TailGuardKV/.worktrees/baseline-smoke-final-aggregation/out/full_25session_baseline_9_14/full/policy_attempts/full40_20260916_h2o_static_safe/seed20260906/policy_tables/session25_policy_eps0p05_delta0p1_mem20.csv,utility_dynamic,hybrid-session-002-turn-0,hybrid-session-002,0,4001.3187520671636,full_gpu,0.0,utility_dynamic,ttft_ms >= 1000 ms
/DATACENTER3/zhenxiang.wang/work/TailGuardKV/.worktrees/baseline-smoke-final-aggregation/out/full_25session_baseline_9_14/full/policy_attempts/full40_20260916_h2o_static_safe/seed20260906/policy_tables/session25_policy_eps0p05_delta0p1_mem20.csv,uncalibrated_dynamic,hybrid-session-002-turn-0,hybrid-session-002,0,3869.233191013336,full_gpu,0.0,uncalibrated_dynamic,ttft_ms >= 1000 ms
/DATACENTER3/zhenxiang.wang/work/TailGuardKV/.worktrees/baseline-smoke-final-aggregation/out/full_25session_baseline_9_14/full/policy_attempts/full40_20260916_h2o_static_safe/seed20260906/policy_tables/session25_policy_eps0p05_delta0p1_mem25.csv,full_lru,hybrid-session-002-turn-0,hybrid-session-002,0,3836.9914051145315,full_gpu,0.0,full precision exact profile,ttft_ms >= 1000 ms
/DATACENTER3/zhenxiang.wang/work/TailGuardKV/.worktrees/baseline-smoke-final-aggregation/out/full_25session_baseline_9_14/full/policy_attempts/full40_20260916_h2o_static_safe/seed20260906/policy_tables/session25_policy_eps0p05_delta0p1_mem25.csv,static_best,hybrid-session-002-turn-0,hybrid-session-002,0,3806.842521065846,kivi_4bit_residual64,0.0,static_best,ttft_ms >= 1000 ms
/DATACENTER3/zhenxiang.wang/work/TailGuardKV/.worktrees/baseline-smoke-final-aggregation/out/full_25session_baseline_9_14/full/policy_attempts/full40_20260916_h2o_static_safe/seed20260906/policy_tables/session25_policy_eps0p05_delta0p1_mem25.csv,static_best,hybrid-session-004-turn-1,hybrid-session-004,1,43564.604304119945,kivi_4bit_residual64,43563.72787020542,static_best,ttft_ms >= 1000 ms
/DATACENTER3/zhenxiang.wang/work/TailGuardKV/.worktrees/baseline-smoke-final-aggregation/out/full_25session_baseline_9_14/full/policy_attempts/full40_20260916_h2o_static_safe/seed20260906/policy_tables/session25_policy_eps0p05_delta0p1_mem25.csv,static_best,hybrid-session-003-turn-2,hybrid-session-003,2,43688.349244862795,kivi_4bit_residual64,43687.35622868687,static_best,ttft_ms >= 1000 ms
/DATACENTER3/zhenxiang.wang/work/TailGuardKV/.worktrees/baseline-smoke-final-aggregation/out/full_25session_baseline_9_14/full/policy_attempts/full40_20260916_h2o_static_safe/seed20260906/policy_tables/session25_policy_eps0p05_delta0p1_mem25.csv,static_best,hybrid-session-016-turn-2,hybrid-session-016,2,43229.33741384372,kivi_4bit_residual64,43228.385800777,static_best,ttft_ms >= 1000 ms
/DATACENTER3/zhenxiang.wang/work/TailGuardKV/.worktrees/baseline-smoke-final-aggregation/out/full_25session_baseline_9_14/full/policy_attempts/full40_20260916_h2o_static_safe/seed20260906/policy_tables/session25_policy_eps0p05_delta0p1_mem25.csv,static_best,hybrid-session-016-turn-4,hybrid-session-016,4,43619.899820867926,kivi_4bit_residual64,43618.963261699304,static_best,ttft_ms >= 1000 ms
/DATACENTER3/zhenxiang.wang/work/TailGuardKV/.worktrees/baseline-smoke-final-aggregation/out/full_25session_baseline_9_14/full/policy_attempts/full40_20260916_h2o_static_safe/seed20260906/policy_tables/session25_policy_eps0p05_delta0p1_mem25.csv,static_safe,hybrid-session-002-turn-0,hybrid-session-002,0,3638.913754140958,kivi_4bit_residual64,0.0,static_safe,ttft_ms >= 1000 ms
/DATACENTER3/zhenxiang.wang/work/TailGuardKV/.worktrees/baseline-smoke-final-aggregation/out/full_25session_baseline_9_14/full/policy_attempts/full40_20260916_h2o_static_safe/seed20260906/policy_tables/session25_policy_eps0p05_delta0p1_mem25.csv,static_safe,hybrid-session-004-turn-1,hybrid-session-004,1,42445.153941016644,kivi_4bit_residual64,42444.28721031919,static_safe,ttft_ms >= 1000 ms
/DATACENTER3/zhenxiang.wang/work/TailGuardKV/.worktrees/baseline-smoke-final-aggregation/out/full_25session_baseline_9_14/full/policy_attempts/full40_20260916_h2o_static_safe/seed20260906/policy_tables/session25_policy_eps0p05_delta0p1_mem25.csv,static_safe,hybrid-session-003-turn-2,hybrid-session-003,2,36431.576535834,kivi_4bit_residual64,36430.62844898738,static_safe,ttft_ms >= 1000 ms
/DATACENTER3/zhenxiang.wang/work/TailGuardKV/.worktrees/baseline-smoke-final-aggregation/out/full_25session_baseline_9_14/full/policy_attempts/full40_20260916_h2o_static_safe/seed20260906/policy_tables/session25_policy_eps0p05_delta0p1_mem25.csv,static_safe,hybrid-session-016-turn-2,hybrid-session-016,2,42676.763313030824,kivi_4bit_residual64,42675.7899240125,static_safe,ttft_ms >= 1000 ms
/DATACENTER3/zhenxiang.wang/work/TailGuardKV/.worktrees/baseline-smoke-final-aggregation/out/full_25session_baseline_9_14/full/policy_attempts/full40_20260916_h2o_static_safe/seed20260906/policy_tables/session25_policy_eps0p05_delta0p1_mem25.csv,static_safe,hybrid-session-016-turn-4,hybrid-session-016,4,41765.557947956026,kivi_4bit_residual64,41764.71371195838,static_safe,ttft_ms >= 1000 ms
/DATACENTER3/zhenxiang.wang/work/TailGuardKV/.worktrees/baseline-smoke-final-aggregation/out/full_25session_baseline_9_14/full/policy_attempts/full40_20260916_h2o_static_safe/seed20260906/policy_tables/session25_policy_eps0p05_delta0p1_mem25.csv,utility_dynamic,hybrid-session-002-turn-0,hybrid-session-002,0,4163.8705539517105,full_gpu,0.0,utility_dynamic,ttft_ms >= 1000 ms
/DATACENTER3/zhenxiang.wang/work/TailGuardKV/.worktrees/baseline-smoke-final-aggregation/out/full_25session_baseline_9_14/full/policy_attempts/full40_20260916_h2o_static_safe/seed20260906/policy_tables/session25_policy_eps0p05_delta0p1_mem25.csv,uncalibrated_dynamic,hybrid-session-002-turn-0,hybrid-session-002,0,3980.4522660560906,full_gpu,0.0,uncalibrated_dynamic,ttft_ms >= 1000 ms
/DATACENTER3/zhenxiang.wang/work/TailGuardKV/.worktrees/baseline-smoke-final-aggregation/out/full_25session_baseline_9_14/full/policy_attempts/full40_20260916_h2o_static_safe/seed20260906/policy_tables/session25_policy_eps0p05_delta0p1_mem30.csv,full_lru,hybrid-session-002-turn-0,hybrid-session-002,0,4018.20345595479,full_gpu,0.0,full precision exact profile,ttft_ms >= 1000 ms
/DATACENTER3/zhenxiang.wang/work/TailGuardKV/.worktrees/baseline-smoke-final-aggregation/out/full_25session_baseline_9_14/full/policy_attempts/full40_20260916_h2o_static_safe/seed20260906/policy_tables/session25_policy_eps0p05_delta0p1_mem30.csv,static_best,hybrid-session-002-turn-0,hybrid-session-002,0,3783.8349600788206,kivi_4bit_residual64,0.0,static_best,ttft_ms >= 1000 ms
/DATACENTER3/zhenxiang.wang/work/TailGuardKV/.worktrees/baseline-smoke-final-aggregation/out/full_25session_baseline_9_14/full/policy_attempts/full40_20260916_h2o_static_safe/seed20260906/policy_tables/session25_policy_eps0p05_delta0p1_mem30.csv,static_best,hybrid-session-016-turn-2,hybrid-session-016,2,42400.670918010175,kivi_4bit_residual64,42399.76554184966,static_best,ttft_ms >= 1000 ms
/DATACENTER3/zhenxiang.wang/work/TailGuardKV/.worktrees/baseline-smoke-final-aggregation/out/full_25session_baseline_9_14/full/policy_attempts/full40_20260916_h2o_static_safe/seed20260906/policy_tables/session25_policy_eps0p05_delta0p1_mem30.csv,static_best,hybrid-session-016-turn-4,hybrid-session-016,4,43167.668443866074,kivi_4bit_residual64,43166.83841775544,static_best,ttft_ms >= 1000 ms
/DATACENTER3/zhenxiang.wang/work/TailGuardKV/.worktrees/baseline-smoke-final-aggregation/out/full_25session_baseline_9_14/full/policy_attempts/full40_20260916_h2o_static_safe/seed20260906/policy_tables/session25_policy_eps0p05_delta0p1_mem30.csv,static_safe,hybrid-session-002-turn-0,hybrid-session-002,0,3807.1598219685256,kivi_4bit_residual64,0.0,static_safe,ttft_ms >= 1000 ms
/DATACENTER3/zhenxiang.wang/work/TailGuardKV/.worktrees/baseline-smoke-final-aggregation/out/full_25session_baseline_9_14/full/policy_attempts/full40_20260916_h2o_static_safe/seed20260906/policy_tables/session25_policy_eps0p05_delta0p1_mem30.csv,static_safe,hybrid-session-016-turn-2,hybrid-session-016,2,43294.682195130736,kivi_4bit_residual64,43293.733124108985,static_safe,ttft_ms >= 1000 ms
/DATACENTER3/zhenxiang.wang/work/TailGuardKV/.worktrees/baseline-smoke-final-aggregation/out/full_25session_baseline_9_14/full/policy_attempts/full40_20260916_h2o_static_safe/seed20260906/policy_tables/session25_policy_eps0p05_delta0p1_mem30.csv,static_safe,hybrid-session-016-turn-4,hybrid-session-016,4,42499.96942817792,kivi_4bit_residual64,42499.1271952223,static_safe,ttft_ms >= 1000 ms
/DATACENTER3/zhenxiang.wang/work/TailGuardKV/.worktrees/baseline-smoke-final-aggregation/out/full_25session_baseline_9_14/full/policy_attempts/full40_20260916_h2o_static_safe/seed20260906/policy_tables/session25_policy_eps0p05_delta0p1_mem30.csv,utility_dynamic,hybrid-session-002-turn-0,hybrid-session-002,0,3962.6944940537214,full_gpu,0.0,utility_dynamic,ttft_ms >= 1000 ms
/DATACENTER3/zhenxiang.wang/work/TailGuardKV/.worktrees/baseline-smoke-final-aggregation/out/full_25session_baseline_9_14/full/policy_attempts/full40_20260916_h2o_static_safe/seed20260906/policy_tables/session25_policy_eps0p05_delta0p1_mem30.csv,uncalibrated_dynamic,hybrid-session-002-turn-0,hybrid-session-002,0,4085.2518680039793,full_gpu,0.0,uncalibrated_dynamic,ttft_ms >= 1000 ms
/DATACENTER3/zhenxiang.wang/work/TailGuardKV/.worktrees/baseline-smoke-final-aggregation/out/full_25session_baseline_9_14/full/policy_attempts/full40_20260916_h2o_static_safe/seed20260906/policy_tables/session25_policy_eps0p05_delta0p1_mem35.csv,full_lru,hybrid-session-002-turn-0,hybrid-session-002,0,4000.483808107674,full_gpu,0.0,full precision exact profile,ttft_ms >= 1000 ms
/DATACENTER3/zhenxiang.wang/work/TailGuardKV/.worktrees/baseline-smoke-final-aggregation/out/full_25session_baseline_9_14/full/policy_attempts/full40_20260916_h2o_static_safe/seed20260906/policy_tables/session25_policy_eps0p05_delta0p1_mem35.csv,static_best,hybrid-session-002-turn-0,hybrid-session-002,0,3874.0941709838808,kivi_4bit_residual64,0.0,static_best,ttft_ms >= 1000 ms
/DATACENTER3/zhenxiang.wang/work/TailGuardKV/.worktrees/baseline-smoke-final-aggregation/out/full_25session_baseline_9_14/full/policy_attempts/full40_20260916_h2o_static_safe/seed20260906/policy_tables/session25_policy_eps0p05_delta0p1_mem35.csv,static_best,hybrid-session-016-turn-2,hybrid-session-016,2,41633.06306817196,kivi_4bit_residual64,41632.19023824297,static_best,ttft_ms >= 1000 ms
/DATACENTER3/zhenxiang.wang/work/TailGuardKV/.worktrees/baseline-smoke-final-aggregation/out/full_25session_baseline_9_14/full/policy_attempts/full40_20260916_h2o_static_safe/seed20260906/policy_tables/session25_policy_eps0p05_delta0p1_mem35.csv,static_best,hybrid-session-016-turn-4,hybrid-session-016,4,42788.45714212023,kivi_4bit_residual64,42787.508316036314,static_best,ttft_ms >= 1000 ms
/DATACENTER3/zhenxiang.wang/work/TailGuardKV/.worktrees/baseline-smoke-final-aggregation/out/full_25session_baseline_9_14/full/policy_attempts/full40_20260916_h2o_static_safe/seed20260906/policy_tables/session25_policy_eps0p05_delta0p1_mem35.csv,static_safe,hybrid-session-002-turn-0,hybrid-session-002,0,3841.217797016725,kivi_4bit_residual64,0.0,static_safe,ttft_ms >= 1000 ms
/DATACENTER3/zhenxiang.wang/work/TailGuardKV/.worktrees/baseline-smoke-final-aggregation/out/full_25session_baseline_9_14/full/policy_attempts/full40_20260916_h2o_static_safe/seed20260906/policy_tables/session25_policy_eps0p05_delta0p1_mem35.csv,static_safe,hybrid-session-016-turn-2,hybrid-session-016,2,43403.77515897155,kivi_4bit_residual64,43402.73916109465,static_safe,ttft_ms >= 1000 ms
/DATACENTER3/zhenxiang.wang/work/TailGuardKV/.worktrees/baseline-smoke-final-aggregation/out/full_25session_baseline_9_14/full/policy_attempts/full40_20260916_h2o_static_safe/seed20260906/policy_tables/session25_policy_eps0p05_delta0p1_mem35.csv,static_safe,hybrid-session-016-turn-4,hybrid-session-016,4,43368.01240170002,kivi_4bit_residual64,43367.008595686406,static_safe,ttft_ms >= 1000 ms
/DATACENTER3/zhenxiang.wang/work/TailGuardKV/.worktrees/baseline-smoke-final-aggregation/out/full_25session_baseline_9_14/full/policy_attempts/full40_20260916_h2o_static_safe/seed20260906/policy_tables/session25_policy_eps0p05_delta0p1_mem35.csv,utility_dynamic,hybrid-session-002-turn-0,hybrid-session-002,0,3952.996853971854,kivi_2bit_residual64,0.0,utility_dynamic,ttft_ms >= 1000 ms
/DATACENTER3/zhenxiang.wang/work/TailGuardKV/.worktrees/baseline-smoke-final-aggregation/out/full_25session_baseline_9_14/full/policy_attempts/full40_20260916_h2o_static_safe/seed20260906/policy_tables/session25_policy_eps0p05_delta0p1_mem35.csv,utility_dynamic,hybrid-session-004-turn-0,hybrid-session-004,0,40686.39682211541,kivi_2bit_residual32,0.0,utility_dynamic,ttft_ms >= 1000 ms
/DATACENTER3/zhenxiang.wang/work/TailGuardKV/.worktrees/baseline-smoke-final-aggregation/out/full_25session_baseline_9_14/full/policy_attempts/full40_20260916_h2o_static_safe/seed20260906/policy_tables/session25_policy_eps0p05_delta0p1_mem35.csv,utility_dynamic,hybrid-session-005-turn-0,hybrid-session-005,0,40585.07067130506,kivi_2bit_residual64,0.0,utility_dynamic,ttft_ms >= 1000 ms
/DATACENTER3/zhenxiang.wang/work/TailGuardKV/.worktrees/baseline-smoke-final-aggregation/out/full_25session_baseline_9_14/full/policy_attempts/full40_20260916_h2o_static_safe/seed20260906/policy_tables/session25_policy_eps0p05_delta0p1_mem35.csv,utility_dynamic,hybrid-session-009-turn-0,hybrid-session-009,0,41432.82425307296,full_gpu,0.0,utility_dynamic,ttft_ms >= 1000 ms
/DATACENTER3/zhenxiang.wang/work/TailGuardKV/.worktrees/baseline-smoke-final-aggregation/out/full_25session_baseline_9_14/full/policy_attempts/full40_20260916_h2o_static_safe/seed20260906/policy_tables/session25_policy_eps0p05_delta0p1_mem35.csv,utility_dynamic,hybrid-session-010-turn-0,hybrid-session-010,0,40814.22271731496,kivi_2bit_residual64,0.0,utility_dynamic,ttft_ms >= 1000 ms
/DATACENTER3/zhenxiang.wang/work/TailGuardKV/.worktrees/baseline-smoke-final-aggregation/out/full_25session_baseline_9_14/full/policy_attempts/full40_20260916_h2o_static_safe/seed20260906/policy_tables/session25_policy_eps0p05_delta0p1_mem35.csv,utility_dynamic,hybrid-session-016-turn-0,hybrid-session-016,0,43467.86724792607,kivi_2bit_residual32,0.0,utility_dynamic,ttft_ms >= 1000 ms
/DATACENTER3/zhenxiang.wang/work/TailGuardKV/.worktrees/baseline-smoke-final-aggregation/out/full_25session_baseline_9_14/full/policy_attempts/full40_20260916_h2o_static_safe/seed20260906/policy_tables/session25_policy_eps0p05_delta0p1_mem35.csv,utility_dynamic,hybrid-session-020-turn-0,hybrid-session-020,0,40941.57937325165,kivi_2bit_residual64,0.0,utility_dynamic,ttft_ms >= 1000 ms
/DATACENTER3/zhenxiang.wang/work/TailGuardKV/.worktrees/baseline-smoke-final-aggregation/out/full_25session_baseline_9_14/full/policy_attempts/full40_20260916_h2o_static_safe/seed20260906/policy_tables/session25_policy_eps0p05_delta0p1_mem35.csv,utility_dynamic,hybrid-session-021-turn-0,hybrid-session-021,0,40406.40281157568,kivi_2bit_residual32,0.0,utility_dynamic,ttft_ms >= 1000 ms
/DATACENTER3/zhenxiang.wang/work/TailGuardKV/.worktrees/baseline-smoke-final-aggregation/out/full_25session_baseline_9_14/full/policy_attempts/full40_20260916_h2o_static_safe/seed20260906/policy_tables/session25_policy_eps0p05_delta0p1_mem35.csv,utility_dynamic,hybrid-session-025-turn-0,hybrid-session-025,0,40969.79617708549,kivi_2bit_residual64,0.0,utility_dynamic,ttft_ms >= 1000 ms
/DATACENTER3/zhenxiang.wang/work/TailGuardKV/.worktrees/baseline-smoke-final-aggregation/out/full_25session_baseline_9_14/full/policy_attempts/full40_20260916_h2o_static_safe/seed20260906/policy_tables/session25_policy_eps0p05_delta0p1_mem35.csv,utility_dynamic,hybrid-session-016-turn-1,hybrid-session-016,1,44762.691761277616,kivi_2bit_residual32,44761.72425332852,utility_dynamic,ttft_ms >= 1000 ms
/DATACENTER3/zhenxiang.wang/work/TailGuardKV/.worktrees/baseline-smoke-final-aggregation/out/full_25session_baseline_9_14/full/policy_attempts/full40_20260916_h2o_static_safe/seed20260906/policy_tables/session25_policy_eps0p05_delta0p1_mem35.csv,utility_dynamic,hybrid-session-020-turn-1,hybrid-session-020,1,44870.25080407597,kivi_2bit_residual64,44869.539375143126,utility_dynamic,ttft_ms >= 1000 ms
/DATACENTER3/zhenxiang.wang/work/TailGuardKV/.worktrees/baseline-smoke-final-aggregation/out/full_25session_baseline_9_14/full/policy_attempts/full40_20260916_h2o_static_safe/seed20260906/policy_tables/session25_policy_eps0p05_delta0p1_mem35.csv,utility_dynamic,hybrid-session-010-turn-2,hybrid-session-010,2,40547.48091785796,full_gpu,40546.39774849266,utility_dynamic,ttft_ms >= 1000 ms
/DATACENTER3/zhenxiang.wang/work/TailGuardKV/.worktrees/baseline-smoke-final-aggregation/out/full_25session_baseline_9_14/full/policy_attempts/full40_20260916_h2o_static_safe/seed20260906/policy_tables/session25_policy_eps0p05_delta0p1_mem35.csv,utility_dynamic,hybrid-session-013-turn-2,hybrid-session-013,2,44973.10893622972,kivi_2bit_residual64,44971.91258090362,utility_dynamic,ttft_ms >= 1000 ms
/DATACENTER3/zhenxiang.wang/work/TailGuardKV/.worktrees/baseline-smoke-final-aggregation/out/full_25session_baseline_9_14/full/policy_attempts/full40_20260916_h2o_static_safe/seed20260906/policy_tables/session25_policy_eps0p05_delta0p1_mem35.csv,utility_dynamic,hybrid-session-004-turn-3,hybrid-session-004,3,39669.388803059235,full_gpu,39668.339717073366,utility_dynamic,ttft_ms >= 1000 ms
/DATACENTER3/zhenxiang.wang/work/TailGuardKV/.worktrees/baseline-smoke-final-aggregation/out/full_25session_baseline_9_14/full/policy_attempts/full40_20260916_h2o_static_safe/seed20260906/policy_tables/session25_policy_eps0p05_delta0p1_mem35.csv,utility_dynamic,hybrid-session-005-turn-3,hybrid-session-005,3,43805.22714494541,kivi_2bit_residual64,43804.3665050976,utility_dynamic,ttft_ms >= 1000 ms
/DATACENTER3/zhenxiang.wang/work/TailGuardKV/.worktrees/baseline-smoke-final-aggregation/out/full_25session_baseline_9_14/full/policy_attempts/full40_20260916_h2o_static_safe/seed20260906/policy_tables/session25_policy_eps0p05_delta0p1_mem35.csv,utility_dynamic,hybrid-session-021-turn-3,hybrid-session-021,3,41443.98243986815,full_gpu,41442.98157916218,utility_dynamic,ttft_ms >= 1000 ms
/DATACENTER3/zhenxiang.wang/work/TailGuardKV/.worktrees/baseline-smoke-final-aggregation/out/full_25session_baseline_9_14/full/policy_attempts/full40_20260916_h2o_static_safe/seed20260906/policy_tables/session25_policy_eps0p05_delta0p1_mem35.csv,utility_dynamic,hybrid-session-025-turn-3,hybrid-session-025,3,44294.47743197717,kivi_2bit_residual64,44293.55556814745,utility_dynamic,ttft_ms >= 1000 ms
/DATACENTER3/zhenxiang.wang/work/TailGuardKV/.worktrees/baseline-smoke-final-aggregation/out/full_25session_baseline_9_14/full/policy_attempts/full40_20260916_h2o_static_safe/seed20260906/policy_tables/session25_policy_eps0p05_delta0p1_mem35.csv,utility_dynamic,hybrid-session-006-turn-4,hybrid-session-006,4,41821.47450298816,full_gpu,41820.22235911153,utility_dynamic,ttft_ms >= 1000 ms
/DATACENTER3/zhenxiang.wang/work/TailGuardKV/.worktrees/baseline-smoke-final-aggregation/out/full_25session_baseline_9_14/full/policy_attempts/full40_20260916_h2o_static_safe/seed20260906/policy_tables/session25_policy_eps0p05_delta0p1_mem35.csv,utility_dynamic,hybrid-session-009-turn-4,hybrid-session-009,4,45365.15752122365,kivi_2bit_residual64,45364.28304238804,utility_dynamic,ttft_ms >= 1000 ms
/DATACENTER3/zhenxiang.wang/work/TailGuardKV/.worktrees/baseline-smoke-final-aggregation/out/full_25session_baseline_9_14/full/policy_attempts/full40_20260916_h2o_static_safe/seed20260906/policy_tables/session25_policy_eps0p05_delta0p1_mem35.csv,utility_dynamic,hybrid-session-026-turn-4,hybrid-session-026,4,41819.12464113347,full_gpu,41817.83168111369,utility_dynamic,ttft_ms >= 1000 ms
/DATACENTER3/zhenxiang.wang/work/TailGuardKV/.worktrees/baseline-smoke-final-aggregation/out/full_25session_baseline_9_14/full/policy_attempts/full40_20260916_h2o_static_safe/seed20260906/policy_tables/session25_policy_eps0p05_delta0p1_mem35.csv,uncalibrated_dynamic,hybrid-session-002-turn-0,hybrid-session-002,0,3655.4780141450465,kivi_2bit_residual64,0.0,uncalibrated_dynamic,ttft_ms >= 1000 ms
/DATACENTER3/zhenxiang.wang/work/TailGuardKV/.worktrees/baseline-smoke-final-aggregation/out/full_25session_baseline_9_14/full/policy_attempts/full40_20260916_h2o_static_safe/seed20260906/policy_tables/session25_policy_eps0p05_delta0p1_mem35.csv,uncalibrated_dynamic,hybrid-session-004-turn-0,hybrid-session-004,0,35836.57567903213,kivi_2bit_residual32,0.0,uncalibrated_dynamic,ttft_ms >= 1000 ms
/DATACENTER3/zhenxiang.wang/work/TailGuardKV/.worktrees/baseline-smoke-final-aggregation/out/full_25session_baseline_9_14/full/policy_attempts/full40_20260916_h2o_static_safe/seed20260906/policy_tables/session25_policy_eps0p05_delta0p1_mem35.csv,uncalibrated_dynamic,hybrid-session-005-turn-0,hybrid-session-005,0,40739.74270506762,kivi_2bit_residual64,0.0,uncalibrated_dynamic,ttft_ms >= 1000 ms
/DATACENTER3/zhenxiang.wang/work/TailGuardKV/.worktrees/baseline-smoke-final-aggregation/out/full_25session_baseline_9_14/full/policy_attempts/full40_20260916_h2o_static_safe/seed20260906/policy_tables/session25_policy_eps0p05_delta0p1_mem35.csv,uncalibrated_dynamic,hybrid-session-009-turn-0,hybrid-session-009,0,40582.727399041876,full_gpu,0.0,uncalibrated_dynamic,ttft_ms >= 1000 ms
/DATACENTER3/zhenxiang.wang/work/TailGuardKV/.worktrees/baseline-smoke-final-aggregation/out/full_25session_baseline_9_14/full/policy_attempts/full40_20260916_h2o_static_safe/seed20260906/policy_tables/session25_policy_eps0p05_delta0p1_mem35.csv,uncalibrated_dynamic,hybrid-session-010-turn-0,hybrid-session-010,0,40830.065367914736,kivi_2bit_residual64,0.0,uncalibrated_dynamic,ttft_ms >= 1000 ms
/DATACENTER3/zhenxiang.wang/work/TailGuardKV/.worktrees/baseline-smoke-final-aggregation/out/full_25session_baseline_9_14/full/policy_attempts/full40_20260916_h2o_static_safe/seed20260906/policy_tables/session25_policy_eps0p05_delta0p1_mem35.csv,uncalibrated_dynamic,hybrid-session-016-turn-0,hybrid-session-016,0,44636.04800507985,kivi_2bit_residual32,0.0,uncalibrated_dynamic,ttft_ms >= 1000 ms
/DATACENTER3/zhenxiang.wang/work/TailGuardKV/.worktrees/baseline-smoke-final-aggregation/out/full_25session_baseline_9_14/full/policy_attempts/full40_20260916_h2o_static_safe/seed20260906/policy_tables/session25_policy_eps0p05_delta0p1_mem35.csv,uncalibrated_dynamic,hybrid-session-020-turn-0,hybrid-session-020,0,40213.48304183036,kivi_2bit_residual64,0.0,uncalibrated_dynamic,ttft_ms >= 1000 ms
/DATACENTER3/zhenxiang.wang/work/TailGuardKV/.worktrees/baseline-smoke-final-aggregation/out/full_25session_baseline_9_14/full/policy_attempts/full40_20260916_h2o_static_safe/seed20260906/policy_tables/session25_policy_eps0p05_delta0p1_mem35.csv,uncalibrated_dynamic,hybrid-session-021-turn-0,hybrid-session-021,0,40905.527479032055,kivi_2bit_residual32,0.0,uncalibrated_dynamic,ttft_ms >= 1000 ms
/DATACENTER3/zhenxiang.wang/work/TailGuardKV/.worktrees/baseline-smoke-final-aggregation/out/full_25session_baseline_9_14/full/policy_attempts/full40_20260916_h2o_static_safe/seed20260906/policy_tables/session25_policy_eps0p05_delta0p1_mem35.csv,uncalibrated_dynamic,hybrid-session-025-turn-0,hybrid-session-025,0,41439.310580911115,kivi_2bit_residual64,0.0,uncalibrated_dynamic,ttft_ms >= 1000 ms
/DATACENTER3/zhenxiang.wang/work/TailGuardKV/.worktrees/baseline-smoke-final-aggregation/out/full_25session_baseline_9_14/full/policy_attempts/full40_20260916_h2o_static_safe/seed20260906/policy_tables/session25_policy_eps0p05_delta0p1_mem35.csv,uncalibrated_dynamic,hybrid-session-002-turn-1,hybrid-session-002,1,41558.63812703639,kivi_4bit_residual64,41557.599647883326,uncalibrated_dynamic,ttft_ms >= 1000 ms
/DATACENTER3/zhenxiang.wang/work/TailGuardKV/.worktrees/baseline-smoke-final-aggregation/out/full_25session_baseline_9_14/full/policy_attempts/full40_20260916_h2o_static_safe/seed20260906/policy_tables/session25_policy_eps0p05_delta0p1_mem469p602.csv,full_lru,hybrid-session-002-turn-0,hybrid-session-002,0,4195.654951967299,full_gpu,0.0,full precision exact profile,ttft_ms >= 1000 ms
/DATACENTER3/zhenxiang.wang/work/TailGuardKV/.worktrees/baseline-smoke-final-aggregation/out/full_25session_baseline_9_14/full/policy_attempts/full40_20260916_h2o_static_safe/seed20260906/policy_tables/session25_policy_eps0p05_delta0p1_mem469p602.csv,static_best,hybrid-session-002-turn-0,hybrid-session-002,0,3780.1795210689306,kivi_4bit_residual64,0.0,static_best,ttft_ms >= 1000 ms
/DATACENTER3/zhenxiang.wang/work/TailGuardKV/.worktrees/baseline-smoke-final-aggregation/out/full_25session_baseline_9_14/full/policy_attempts/full40_20260916_h2o_static_safe/seed20260906/policy_tables/session25_policy_eps0p05_delta0p1_mem469p602.csv,static_safe,hybrid-session-002-turn-0,hybrid-session-002,0,3680.7309959549457,kivi_4bit_residual64,0.0,static_safe,ttft_ms >= 1000 ms
/DATACENTER3/zhenxiang.wang/work/TailGuardKV/.worktrees/baseline-smoke-final-aggregation/out/full_25session_baseline_9_14/full/policy_attempts/full40_20260916_h2o_static_safe/seed20260906/policy_tables/session25_policy_eps0p05_delta0p1_mem469p602.csv,utility_dynamic,hybrid-session-002-turn-0,hybrid-session-002,0,3904.4064150657505,kivi_2bit_residual64,0.0,utility_dynamic,ttft_ms >= 1000 ms
/DATACENTER3/zhenxiang.wang/work/TailGuardKV/.worktrees/baseline-smoke-final-aggregation/out/full_25session_baseline_9_14/full/policy_attempts/full40_20260916_h2o_static_safe/seed20260906/policy_tables/session25_policy_eps0p05_delta0p1_mem469p602.csv,uncalibrated_dynamic,hybrid-session-002-turn-0,hybrid-session-002,0,3595.9396259859204,kivi_4bit_residual64,0.0,uncalibrated_dynamic,ttft_ms >= 1000 ms
/DATACENTER3/zhenxiang.wang/work/TailGuardKV/.worktrees/baseline-smoke-final-aggregation/out/full_25session_baseline_9_14/full/policy_attempts/full40_20260916_h2o_static_safe/seed20260906/policy_tables/session25_policy_eps0p05_delta0p1_mem50.csv,full_lru,hybrid-session-002-turn-0,hybrid-session-002,0,3941.0180451814085,full_gpu,0.0,full precision exact profile,ttft_ms >= 1000 ms
/DATACENTER3/zhenxiang.wang/work/TailGuardKV/.worktrees/baseline-smoke-final-aggregation/out/full_25session_baseline_9_14/full/policy_attempts/full40_20260916_h2o_static_safe/seed20260906/policy_tables/session25_policy_eps0p05_delta0p1_mem50.csv,static_best,hybrid-session-002-turn-0,hybrid-session-002,0,3742.9241409990937,kivi_4bit_residual64,0.0,static_best,ttft_ms >= 1000 ms
/DATACENTER3/zhenxiang.wang/work/TailGuardKV/.worktrees/baseline-smoke-final-aggregation/out/full_25session_baseline_9_14/full/policy_attempts/full40_20260916_h2o_static_safe/seed20260906/policy_tables/session25_policy_eps0p05_delta0p1_mem50.csv,static_best,hybrid-session-016-turn-2,hybrid-session-016,2,42227.09110591747,kivi_4bit_residual64,42226.169687958434,static_best,ttft_ms >= 1000 ms
/DATACENTER3/zhenxiang.wang/work/TailGuardKV/.worktrees/baseline-smoke-final-aggregation/out/full_25session_baseline_9_14/full/policy_attempts/full40_20260916_h2o_static_safe/seed20260906/policy_tables/session25_policy_eps0p05_delta0p1_mem50.csv,static_best,hybrid-session-016-turn-4,hybrid-session-016,4,42165.54024427384,kivi_4bit_residual64,42164.6403841041,static_best,ttft_ms >= 1000 ms
/DATACENTER3/zhenxiang.wang/work/TailGuardKV/.worktrees/baseline-smoke-final-aggregation/out/full_25session_baseline_9_14/full/policy_attempts/full40_20260916_h2o_static_safe/seed20260906/policy_tables/session25_policy_eps0p05_delta0p1_mem50.csv,static_safe,hybrid-session-002-turn-0,hybrid-session-002,0,3851.7215130850673,kivi_4bit_residual64,0.0,static_safe,ttft_ms >= 1000 ms
/DATACENTER3/zhenxiang.wang/work/TailGuardKV/.worktrees/baseline-smoke-final-aggregation/out/full_25session_baseline_9_14/full/policy_attempts/full40_20260916_h2o_static_safe/seed20260906/policy_tables/session25_policy_eps0p05_delta0p1_mem50.csv,static_safe,hybrid-session-016-turn-2,hybrid-session-016,2,42822.19416311011,kivi_4bit_residual64,42821.28330704756,static_safe,ttft_ms >= 1000 ms
/DATACENTER3/zhenxiang.wang/work/TailGuardKV/.worktrees/baseline-smoke-final-aggregation/out/full_25session_baseline_9_14/full/policy_attempts/full40_20260916_h2o_static_safe/seed20260906/policy_tables/session25_policy_eps0p05_delta0p1_mem50.csv,static_safe,hybrid-session-016-turn-4,hybrid-session-016,4,43381.81666093506,kivi_4bit_residual64,43380.812640950084,static_safe,ttft_ms >= 1000 ms
/DATACENTER3/zhenxiang.wang/work/TailGuardKV/.worktrees/baseline-smoke-final-aggregation/out/full_25session_baseline_9_14/full/policy_attempts/full40_20260916_h2o_static_safe/seed20260906/policy_tables/session25_policy_eps0p05_delta0p1_mem50.csv,utility_dynamic,hybrid-session-002-turn-0,hybrid-session-002,0,3900.8772941306233,kivi_2bit_residual64,0.0,utility_dynamic,ttft_ms >= 1000 ms
/DATACENTER3/zhenxiang.wang/work/TailGuardKV/.worktrees/baseline-smoke-final-aggregation/out/full_25session_baseline_9_14/full/policy_attempts/full40_20260916_h2o_static_safe/seed20260906/policy_tables/session25_policy_eps0p05_delta0p1_mem50.csv,utility_dynamic,hybrid-session-020-turn-0,hybrid-session-020,0,41197.60959130153,kivi_2bit_residual32,0.0,utility_dynamic,ttft_ms >= 1000 ms
/DATACENTER3/zhenxiang.wang/work/TailGuardKV/.worktrees/baseline-smoke-final-aggregation/out/full_25session_baseline_9_14/full/policy_attempts/full40_20260916_h2o_static_safe/seed20260906/policy_tables/session25_policy_eps0p05_delta0p1_mem50.csv,utility_dynamic,hybrid-session-021-turn-0,hybrid-session-021,0,40775.530533943325,kivi_2bit_residual64,0.0,utility_dynamic,ttft_ms >= 1000 ms
/DATACENTER3/zhenxiang.wang/work/TailGuardKV/.worktrees/baseline-smoke-final-aggregation/out/full_25session_baseline_9_14/full/policy_attempts/full40_20260916_h2o_static_safe/seed20260906/policy_tables/session25_policy_eps0p05_delta0p1_mem50.csv,utility_dynamic,hybrid-session-010-turn-2,hybrid-session-010,2,42062.44234777987,full_gpu,42061.4704165142,utility_dynamic,ttft_ms >= 1000 ms
/DATACENTER3/zhenxiang.wang/work/TailGuardKV/.worktrees/baseline-smoke-final-aggregation/out/full_25session_baseline_9_14/full/policy_attempts/full40_20260916_h2o_static_safe/seed20260906/policy_tables/session25_policy_eps0p05_delta0p1_mem50.csv,utility_dynamic,hybrid-session-013-turn-2,hybrid-session-013,2,45522.23734132014,kivi_2bit_residual64,45521.23650110327,utility_dynamic,ttft_ms >= 1000 ms
/DATACENTER3/zhenxiang.wang/work/TailGuardKV/.worktrees/baseline-smoke-final-aggregation/out/full_25session_baseline_9_14/full/policy_attempts/full40_20260916_h2o_static_safe/seed20260906/policy_tables/session25_policy_eps0p05_delta0p1_mem50.csv,utility_dynamic,hybrid-session-009-turn-3,hybrid-session-009,3,41770.093194868416,full_gpu,41769.037133742124,utility_dynamic,ttft_ms >= 1000 ms
/DATACENTER3/zhenxiang.wang/work/TailGuardKV/.worktrees/baseline-smoke-final-aggregation/out/full_25session_baseline_9_14/full/policy_attempts/full40_20260916_h2o_static_safe/seed20260906/policy_tables/session25_policy_eps0p05_delta0p1_mem50.csv,utility_dynamic,hybrid-session-010-turn-3,hybrid-session-010,3,43261.316434180364,kivi_2bit_residual64,43260.44108316116,utility_dynamic,ttft_ms >= 1000 ms
/DATACENTER3/zhenxiang.wang/work/TailGuardKV/.worktrees/baseline-smoke-final-aggregation/out/full_25session_baseline_9_14/full/policy_attempts/full40_20260916_h2o_static_safe/seed20260906/policy_tables/session25_policy_eps0p05_delta0p1_mem50.csv,utility_dynamic,hybrid-session-005-turn-4,hybrid-session-005,4,40186.66168805398,full_gpu,40185.875481834635,utility_dynamic,ttft_ms >= 1000 ms
/DATACENTER3/zhenxiang.wang/work/TailGuardKV/.worktrees/baseline-smoke-final-aggregation/out/full_25session_baseline_9_14/full/policy_attempts/full40_20260916_h2o_static_safe/seed20260906/policy_tables/session25_policy_eps0p05_delta0p1_mem50.csv,utility_dynamic,hybrid-session-006-turn-4,hybrid-session-006,4,43595.74661000073,kivi_2bit_residual64,43594.74357605353,utility_dynamic,ttft_ms >= 1000 ms
/DATACENTER3/zhenxiang.wang/work/TailGuardKV/.worktrees/baseline-smoke-final-aggregation/out/full_25session_baseline_9_14/full/policy_attempts/full40_20260916_h2o_static_safe/seed20260906/policy_tables/session25_policy_eps0p05_delta0p1_mem50.csv,uncalibrated_dynamic,hybrid-session-002-turn-0,hybrid-session-002,0,3826.627997914329,kivi_2bit_residual64,0.0,uncalibrated_dynamic,ttft_ms >= 1000 ms
/DATACENTER3/zhenxiang.wang/work/TailGuardKV/.worktrees/baseline-smoke-final-aggregation/out/full_25session_baseline_9_14/full/policy_attempts/full40_20260916_h2o_static_safe/seed20260906/policy_tables/session25_policy_eps0p05_delta0p1_mem50.csv,uncalibrated_dynamic,hybrid-session-020-turn-0,hybrid-session-020,0,35132.813028879464,kivi_2bit_residual32,0.0,uncalibrated_dynamic,ttft_ms >= 1000 ms
/DATACENTER3/zhenxiang.wang/work/TailGuardKV/.worktrees/baseline-smoke-final-aggregation/out/full_25session_baseline_9_14/full/policy_attempts/full40_20260916_h2o_static_safe/seed20260906/policy_tables/session25_policy_eps0p05_delta0p1_mem50.csv,uncalibrated_dynamic,hybrid-session-021-turn-0,hybrid-session-021,0,41628.508656019345,kivi_2bit_residual64,0.0,uncalibrated_dynamic,ttft_ms >= 1000 ms
/DATACENTER3/zhenxiang.wang/work/TailGuardKV/.worktrees/baseline-smoke-final-aggregation/out/full_25session_baseline_9_14/full/policy_attempts/full40_20260916_h2o_static_safe/seed20260906/policy_tables/session25_policy_eps0p05_delta0p1_mem50.csv,uncalibrated_dynamic,hybrid-session-002-turn-1,hybrid-session-002,1,41722.24676498957,kivi_4bit_residual64,41721.295706059784,uncalibrated_dynamic,ttft_ms >= 1000 ms
/DATACENTER3/zhenxiang.wang/work/TailGuardKV/.worktrees/baseline-smoke-final-aggregation/out/full_25session_baseline_9_14/full/policy_attempts/full40_20260916_h2o_static_safe/seed20260906/policy_tables/session25_policy_eps0p05_delta0p1_mem64.csv,full_lru,hybrid-session-002-turn-0,hybrid-session-002,0,3927.6349409483373,full_gpu,0.0,full precision exact profile,ttft_ms >= 1000 ms
/DATACENTER3/zhenxiang.wang/work/TailGuardKV/.worktrees/baseline-smoke-final-aggregation/out/full_25session_baseline_9_14/full/policy_attempts/full40_20260916_h2o_static_safe/seed20260906/policy_tables/session25_policy_eps0p05_delta0p1_mem64.csv,static_best,hybrid-session-002-turn-0,hybrid-session-002,0,3697.7895710151643,kivi_4bit_residual64,0.0,static_best,ttft_ms >= 1000 ms
/DATACENTER3/zhenxiang.wang/work/TailGuardKV/.worktrees/baseline-smoke-final-aggregation/out/full_25session_baseline_9_14/full/policy_attempts/full40_20260916_h2o_static_safe/seed20260906/policy_tables/session25_policy_eps0p05_delta0p1_mem64.csv,static_best,hybrid-session-010-turn-4,hybrid-session-010,4,44188.21239816956,kivi_4bit_residual64,44187.258857265115,static_best,ttft_ms >= 1000 ms
/DATACENTER3/zhenxiang.wang/work/TailGuardKV/.worktrees/baseline-smoke-final-aggregation/out/full_25session_baseline_9_14/full/policy_attempts/full40_20260916_h2o_static_safe/seed20260906/policy_tables/session25_policy_eps0p05_delta0p1_mem64.csv,static_safe,hybrid-session-002-turn-0,hybrid-session-002,0,3589.37021298334,kivi_4bit_residual64,0.0,static_safe,ttft_ms >= 1000 ms
/DATACENTER3/zhenxiang.wang/work/TailGuardKV/.worktrees/baseline-smoke-final-aggregation/out/full_25session_baseline_9_14/full/policy_attempts/full40_20260916_h2o_static_safe/seed20260906/policy_tables/session25_policy_eps0p05_delta0p1_mem64.csv,static_safe,hybrid-session-010-turn-4,hybrid-session-010,4,43347.60686779581,kivi_4bit_residual64,43346.616507053375,static_safe,ttft_ms >= 1000 ms
/DATACENTER3/zhenxiang.wang/work/TailGuardKV/.worktrees/baseline-smoke-final-aggregation/out/full_25session_baseline_9_14/full/policy_attempts/full40_20260916_h2o_static_safe/seed20260906/policy_tables/session25_policy_eps0p05_delta0p1_mem64.csv,utility_dynamic,hybrid-session-002-turn-0,hybrid-session-002,0,3609.005083097145,kivi_2bit_residual64,0.0,utility_dynamic,ttft_ms >= 1000 ms
/DATACENTER3/zhenxiang.wang/work/TailGuardKV/.worktrees/baseline-smoke-final-aggregation/out/full_25session_baseline_9_14/full/policy_attempts/full40_20260916_h2o_static_safe/seed20260906/policy_tables/session25_policy_eps0p05_delta0p1_mem64.csv,utility_dynamic,hybrid-session-006-turn-3,hybrid-session-006,3,41661.233821043745,full_gpu,41660.21820911951,utility_dynamic,ttft_ms >= 1000 ms
/DATACENTER3/zhenxiang.wang/work/TailGuardKV/.worktrees/baseline-smoke-final-aggregation/out/full_25session_baseline_9_14/full/policy_attempts/full40_20260916_h2o_static_safe/seed20260906/policy_tables/session25_policy_eps0p05_delta0p1_mem64.csv,utility_dynamic,hybrid-session-009-turn-3,hybrid-session-009,3,44544.719177952036,kivi_2bit_residual64,44534.28616789356,utility_dynamic,ttft_ms >= 1000 ms
/DATACENTER3/zhenxiang.wang/work/TailGuardKV/.worktrees/baseline-smoke-final-aggregation/out/full_25session_baseline_9_14/full/policy_attempts/full40_20260916_h2o_static_safe/seed20260906/policy_tables/session25_policy_eps0p05_delta0p1_mem64.csv,utility_dynamic,hybrid-session-006-turn-4,hybrid-session-006,4,40784.256310092285,full_gpu,40783.33151026815,utility_dynamic,ttft_ms >= 1000 ms
/DATACENTER3/zhenxiang.wang/work/TailGuardKV/.worktrees/baseline-smoke-final-aggregation/out/full_25session_baseline_9_14/full/policy_attempts/full40_20260916_h2o_static_safe/seed20260906/policy_tables/session25_policy_eps0p05_delta0p1_mem64.csv,utility_dynamic,hybrid-session-009-turn-4,hybrid-session-009,4,44807.64929038286,kivi_2bit_residual64,44806.70591230318,utility_dynamic,ttft_ms >= 1000 ms
/DATACENTER3/zhenxiang.wang/work/TailGuardKV/.worktrees/baseline-smoke-final-aggregation/out/full_25session_baseline_9_14/full/policy_attempts/full40_20260916_h2o_static_safe/seed20260906/policy_tables/session25_policy_eps0p05_delta0p1_mem64.csv,uncalibrated_dynamic,hybrid-session-002-turn-0,hybrid-session-002,0,3642.9414821323007,kivi_4bit_residual64,0.0,uncalibrated_dynamic,ttft_ms >= 1000 ms
/DATACENTER3/zhenxiang.wang/work/TailGuardKV/.worktrees/baseline-smoke-final-aggregation/out/full_25session_baseline_9_14/full/policy_attempts/full40_20260916_h2o_static_safe/seed20260906/policy_tables/session25_policy_eps0p05_delta0p1_mem64.csv,uncalibrated_dynamic,hybrid-session-010-turn-0,hybrid-session-010,0,41540.95234098099,kivi_2bit_residual64,0.0,uncalibrated_dynamic,ttft_ms >= 1000 ms
/DATACENTER3/zhenxiang.wang/work/TailGuardKV/.worktrees/baseline-smoke-final-aggregation/out/full_25session_baseline_9_14/full/policy_attempts/full40_20260916_h2o_static_safe/seed20260906/policy_tables/session25_policy_eps0p05_delta0p1_mem64.csv,uncalibrated_dynamic,hybrid-session-013-turn-0,hybrid-session-013,0,41629.06537588686,kivi_4bit_residual64,0.0,uncalibrated_dynamic,ttft_ms >= 1000 ms
/DATACENTER3/zhenxiang.wang/work/TailGuardKV/.worktrees/baseline-smoke-final-aggregation/out/full_25session_baseline_9_14/full/policy_attempts/full40_20260916_h2o_static_safe/seed20260906/policy_tables/session25_policy_eps0p05_delta0p1_mem64.csv,uncalibrated_dynamic,hybrid-session-010-turn-2,hybrid-session-010,2,44524.706008730456,kivi_2bit_residual64,44523.727720722556,uncalibrated_dynamic,ttft_ms >= 1000 ms
/DATACENTER3/zhenxiang.wang/work/TailGuardKV/.worktrees/baseline-smoke-final-aggregation/out/full_25session_baseline_9_14/full/policy_attempts/full40_20260916_h2o_static_safe/seed20260906/policy_tables/session25_policy_eps0p05_delta0p1_mem64.csv,uncalibrated_dynamic,hybrid-session-013-turn-2,hybrid-session-013,2,46683.916737124324,kivi_4bit_residual64,46682.98569813743,uncalibrated_dynamic,ttft_ms >= 1000 ms
/DATACENTER3/zhenxiang.wang/work/TailGuardKV/.worktrees/baseline-smoke-final-aggregation/out/full_25session_baseline_9_14/full/policy_attempts/full40_20260916_h2o_static_safe/seed20260906/policy_tables/session25_policy_eps0p05_delta0p1_mem64.csv,uncalibrated_dynamic,hybrid-session-006-turn-3,hybrid-session-006,3,41774.85967373662,full_gpu,41773.89002886787,uncalibrated_dynamic,ttft_ms >= 1000 ms
/DATACENTER3/zhenxiang.wang/work/TailGuardKV/.worktrees/baseline-smoke-final-aggregation/out/full_25session_baseline_9_14/full/policy_attempts/full40_20260916_h2o_static_safe/seed20260906/policy_tables/session25_policy_eps0p05_delta0p1_mem64.csv,uncalibrated_dynamic,hybrid-session-009-turn-3,hybrid-session-009,3,45579.7731029354,kivi_4bit_residual64,45578.86406691,uncalibrated_dynamic,ttft_ms >= 1000 ms
/DATACENTER3/zhenxiang.wang/work/TailGuardKV/.worktrees/baseline-smoke-final-aggregation/out/full_25session_baseline_9_14/full/policy_attempts/full40_20260916_h2o_static_safe/seed20260906/policy_tables/session25_policy_eps0p05_delta0p1_mem64.csv,uncalibrated_dynamic,hybrid-session-003-turn-4,hybrid-session-003,4,45381.449994886294,kivi_2bit_residual64,45380.428476979956,uncalibrated_dynamic,ttft_ms >= 1000 ms
/DATACENTER3/zhenxiang.wang/work/TailGuardKV/.worktrees/baseline-smoke-final-aggregation/out/full_25session_baseline_9_14/full/policy_attempts/full40_20260916_h2o_static_safe/seed20260906/policy_tables/session25_policy_eps0p05_delta0p1_mem64.csv,uncalibrated_dynamic,hybrid-session-004-turn-4,hybrid-session-004,4,43617.25094996393,kivi_4bit_residual64,43616.36959726922,uncalibrated_dynamic,ttft_ms >= 1000 ms
/DATACENTER3/zhenxiang.wang/work/TailGuardKV/.worktrees/baseline-smoke-final-aggregation/out/full_25session_baseline_9_14/full/policy_attempts/full40_20260916_h2o_static_safe/seed20260906/policy_tables/session25_policy_eps0p05_delta0p1_mem64.csv,uncalibrated_dynamic,hybrid-session-025-turn-4,hybrid-session-025,4,41951.51619980112,full_gpu,41950.53504914045,uncalibrated_dynamic,ttft_ms >= 1000 ms
/DATACENTER3/zhenxiang.wang/work/TailGuardKV/.worktrees/baseline-smoke-final-aggregation/out/full_25session_baseline_9_14/full/policy_attempts/full40_20260916_h2o_static_safe/seed20260906/policy_tables/session25_policy_eps0p05_delta0p1_mem64.csv,uncalibrated_dynamic,hybrid-session-026-turn-4,hybrid-session-026,4,44879.62162505463,kivi_4bit_residual64,44878.829628104344,uncalibrated_dynamic,ttft_ms >= 1000 ms
/DATACENTER3/zhenxiang.wang/work/TailGuardKV/.worktrees/baseline-smoke-final-aggregation/out/full_25session_baseline_9_14/full/policy_attempts/full40_20260916_h2o_static_safe/seed20260906/policy_tables/session25_policy_eps0p05_delta0p1_mem80.csv,full_lru,hybrid-session-002-turn-0,hybrid-session-002,0,4080.772372195497,full_gpu,0.0,full precision exact profile,ttft_ms >= 1000 ms
/DATACENTER3/zhenxiang.wang/work/TailGuardKV/.worktrees/baseline-smoke-final-aggregation/out/full_25session_baseline_9_14/full/policy_attempts/full40_20260916_h2o_static_safe/seed20260906/policy_tables/session25_policy_eps0p05_delta0p1_mem80.csv,static_best,hybrid-session-002-turn-0,hybrid-session-002,0,3790.393474046141,kivi_4bit_residual64,0.0,static_best,ttft_ms >= 1000 ms
/DATACENTER3/zhenxiang.wang/work/TailGuardKV/.worktrees/baseline-smoke-final-aggregation/out/full_25session_baseline_9_14/full/policy_attempts/full40_20260916_h2o_static_safe/seed20260906/policy_tables/session25_policy_eps0p05_delta0p1_mem80.csv,static_safe,hybrid-session-002-turn-0,hybrid-session-002,0,3869.974476052448,kivi_4bit_residual64,0.0,static_safe,ttft_ms >= 1000 ms
/DATACENTER3/zhenxiang.wang/work/TailGuardKV/.worktrees/baseline-smoke-final-aggregation/out/full_25session_baseline_9_14/full/policy_attempts/full40_20260916_h2o_static_safe/seed20260906/policy_tables/session25_policy_eps0p05_delta0p1_mem80.csv,utility_dynamic,hybrid-session-002-turn-0,hybrid-session-002,0,4174.896785058081,kivi_2bit_residual64,0.0,utility_dynamic,ttft_ms >= 1000 ms
/DATACENTER3/zhenxiang.wang/work/TailGuardKV/.worktrees/baseline-smoke-final-aggregation/out/full_25session_baseline_9_14/full/policy_attempts/full40_20260916_h2o_static_safe/seed20260906/policy_tables/session25_policy_eps0p05_delta0p1_mem80.csv,uncalibrated_dynamic,hybrid-session-002-turn-0,hybrid-session-002,0,3828.2072520814836,kivi_4bit_residual64,0.0,uncalibrated_dynamic,ttft_ms >= 1000 ms
/DATACENTER3/zhenxiang.wang/work/TailGuardKV/.worktrees/baseline-smoke-final-aggregation/out/full_25session_baseline_9_14/full/policy_attempts/full40_20260916_h2o_static_safe/seed20260906/policy_tables/session25_policy_eps0p05_delta0p1_mem80.csv,uncalibrated_dynamic,hybrid-session-002-turn-3,hybrid-session-002,3,39103.70526398346,kivi_2bit_residual64,39102.60604210943,uncalibrated_dynamic,ttft_ms >= 1000 ms
/DATACENTER3/zhenxiang.wang/work/TailGuardKV/.worktrees/baseline-smoke-final-aggregation/out/full_25session_baseline_9_14/full/policy_attempts/full40_20260916_h2o_static_safe/seed20260906/policy_tables/session25_policy_eps0p05_delta0p1_mem80.csv,uncalibrated_dynamic,hybrid-session-003-turn-3,hybrid-session-003,3,45059.72760298848,kivi_4bit_residual64,45058.716178057715,uncalibrated_dynamic,ttft_ms >= 1000 ms
/DATACENTER3/zhenxiang.wang/work/TailGuardKV/.worktrees/baseline-smoke-final-aggregation/out/full_25session_baseline_9_14/full/policy_attempts/full40_20260916_h2o_static_safe/seed20260906/policy_tables/session25_policy_eps0p05_delta0p1_mem80.csv,uncalibrated_dynamic,hybrid-session-026-turn-3,hybrid-session-026,3,43977.49198319763,kivi_2bit_residual64,43976.36511128768,uncalibrated_dynamic,ttft_ms >= 1000 ms
/DATACENTER3/zhenxiang.wang/work/TailGuardKV/.worktrees/baseline-smoke-final-aggregation/out/full_25session_baseline_9_14/full/policy_attempts/full40_20260916_h2o_static_safe/seed20260906/policy_tables/session25_policy_eps0p05_delta0p1_mem80.csv,uncalibrated_dynamic,hybrid-session-002-turn-4,hybrid-session-002,4,45194.1928791441,kivi_4bit_residual64,45193.16050830297,uncalibrated_dynamic,ttft_ms >= 1000 ms
/DATACENTER3/zhenxiang.wang/work/TailGuardKV/.worktrees/baseline-smoke-final-aggregation/out/full_25session_baseline_9_14/full/policy_attempts/full40_20260916_h2o_static_safe/seed20260906/policy_tables/session25_policy_eps0p05_delta0p1_mem80.csv,uncalibrated_dynamic,hybrid-session-025-turn-4,hybrid-session-025,4,40940.67824197933,full_gpu,40939.827991034836,uncalibrated_dynamic,ttft_ms >= 1000 ms
/DATACENTER3/zhenxiang.wang/work/TailGuardKV/.worktrees/baseline-smoke-final-aggregation/out/full_25session_baseline_9_14/full/policy_attempts/full40_20260916_h2o_static_safe/seed20260906/policy_tables/session25_policy_eps0p05_delta0p1_mem80.csv,uncalibrated_dynamic,hybrid-session-026-turn-4,hybrid-session-026,4,43876.143221173435,kivi_4bit_residual64,43875.078920170665,uncalibrated_dynamic,ttft_ms >= 1000 ms
/DATACENTER3/zhenxiang.wang/work/TailGuardKV/.worktrees/baseline-smoke-final-aggregation/out/full_25session_baseline_9_14/full/policy_attempts/full40_20260916_h2o_static_safe/seed20260906/policy_tables/session25_policy_eps0p05_delta0p1_mem96.csv,full_lru,hybrid-session-002-turn-0,hybrid-session-002,0,4169.927090173587,full_gpu,0.0,full precision exact profile,ttft_ms >= 1000 ms
/DATACENTER3/zhenxiang.wang/work/TailGuardKV/.worktrees/baseline-smoke-final-aggregation/out/full_25session_baseline_9_14/full/policy_attempts/full40_20260916_h2o_static_safe/seed20260906/policy_tables/session25_policy_eps0p05_delta0p1_mem96.csv,static_best,hybrid-session-002-turn-0,hybrid-session-002,0,3815.1083779521286,kivi_4bit_residual64,0.0,static_best,ttft_ms >= 1000 ms
/DATACENTER3/zhenxiang.wang/work/TailGuardKV/.worktrees/baseline-smoke-final-aggregation/out/full_25session_baseline_9_14/full/policy_attempts/full40_20260916_h2o_static_safe/seed20260906/policy_tables/session25_policy_eps0p05_delta0p1_mem96.csv,static_safe,hybrid-session-002-turn-0,hybrid-session-002,0,3619.065634906292,kivi_4bit_residual64,0.0,static_safe,ttft_ms >= 1000 ms
/DATACENTER3/zhenxiang.wang/work/TailGuardKV/.worktrees/baseline-smoke-final-aggregation/out/full_25session_baseline_9_14/full/policy_attempts/full40_20260916_h2o_static_safe/seed20260906/policy_tables/session25_policy_eps0p05_delta0p1_mem96.csv,utility_dynamic,hybrid-session-002-turn-0,hybrid-session-002,0,3713.624784955755,kivi_2bit_residual64,0.0,utility_dynamic,ttft_ms >= 1000 ms
/DATACENTER3/zhenxiang.wang/work/TailGuardKV/.worktrees/baseline-smoke-final-aggregation/out/full_25session_baseline_9_14/full/policy_attempts/full40_20260916_h2o_static_safe/seed20260906/policy_tables/session25_policy_eps0p05_delta0p1_mem96.csv,uncalibrated_dynamic,hybrid-session-002-turn-0,hybrid-session-002,0,3819.79422387667,kivi_4bit_residual64,0.0,uncalibrated_dynamic,ttft_ms >= 1000 ms
/DATACENTER3/zhenxiang.wang/work/TailGuardKV/.worktrees/baseline-smoke-final-aggregation/out/full_25session_baseline_9_14/full/policy_attempts/full40_20260916_h2o_static_safe/seed20260906/policy_tables/session25_policy_eps0p05_delta0p1_mem96.csv,uncalibrated_dynamic,hybrid-session-021-turn-4,hybrid-session-021,4,45534.71993582137,kivi_2bit_residual64,45533.83058795519,uncalibrated_dynamic,ttft_ms >= 1000 ms
/DATACENTER3/zhenxiang.wang/work/TailGuardKV/.worktrees/baseline-smoke-final-aggregation/out/full_25session_baseline_9_14/full/policy_attempts/full40_20260916_h2o_static_safe/seed20260906/policy_tables/session25_policy_eps0p05_delta0p1_mem96.csv,uncalibrated_dynamic,hybrid-session-025-turn-4,hybrid-session-025,4,44824.47025109641,kivi_4bit_residual64,44823.69545218162,uncalibrated_dynamic,ttft_ms >= 1000 ms
/DATACENTER3/zhenxiang.wang/work/TailGuardKV/.worktrees/baseline-smoke-final-aggregation/out/full_25session_baseline_9_14/full/policy_attempts/full40_20260916_h2o_static_safe/seed20260906/policy_tables/session25_policy_eps0p1_delta0p05_mem120p258.csv,full_lru,hybrid-session-002-turn-0,hybrid-session-002,0,4155.617602169514,full_gpu,0.0,full precision exact profile,ttft_ms >= 1000 ms
/DATACENTER3/zhenxiang.wang/work/TailGuardKV/.worktrees/baseline-smoke-final-aggregation/out/full_25session_baseline_9_14/full/policy_attempts/full40_20260916_h2o_static_safe/seed20260906/policy_tables/session25_policy_eps0p1_delta0p05_mem120p258.csv,static_best,hybrid-session-002-turn-0,hybrid-session-002,0,3930.0002581439912,kivi_4bit_residual64,0.0,static_best,ttft_ms >= 1000 ms
/DATACENTER3/zhenxiang.wang/work/TailGuardKV/.worktrees/baseline-smoke-final-aggregation/out/full_25session_baseline_9_14/full/policy_attempts/full40_20260916_h2o_static_safe/seed20260906/policy_tables/session25_policy_eps0p1_delta0p05_mem120p258.csv,static_safe,hybrid-session-002-turn-0,hybrid-session-002,0,3894.9480741284788,kivi_4bit_residual64,0.0,static_safe,ttft_ms >= 1000 ms
/DATACENTER3/zhenxiang.wang/work/TailGuardKV/.worktrees/baseline-smoke-final-aggregation/out/full_25session_baseline_9_14/full/policy_attempts/full40_20260916_h2o_static_safe/seed20260906/policy_tables/session25_policy_eps0p1_delta0p05_mem120p258.csv,utility_dynamic,hybrid-session-002-turn-0,hybrid-session-002,0,3727.9707030393183,kivi_2bit_residual64,0.0,utility_dynamic,ttft_ms >= 1000 ms
/DATACENTER3/zhenxiang.wang/work/TailGuardKV/.worktrees/baseline-smoke-final-aggregation/out/full_25session_baseline_9_14/full/policy_attempts/full40_20260916_h2o_static_safe/seed20260906/policy_tables/session25_policy_eps0p1_delta0p05_mem120p258.csv,uncalibrated_dynamic,hybrid-session-002-turn-0,hybrid-session-002,0,3818.099873838946,kivi_4bit_residual64,0.0,uncalibrated_dynamic,ttft_ms >= 1000 ms
/DATACENTER3/zhenxiang.wang/work/TailGuardKV/.worktrees/baseline-smoke-final-aggregation/out/full_25session_baseline_9_14/full/policy_attempts/full40_20260916_h2o_static_safe/seed20260906/policy_tables/session25_policy_eps0p1_delta0p05_mem15.csv,full_lru,hybrid-session-002-turn-0,hybrid-session-002,0,4114.590317942202,full_gpu,0.0,full precision exact profile,ttft_ms >= 1000 ms
/DATACENTER3/zhenxiang.wang/work/TailGuardKV/.worktrees/baseline-smoke-final-aggregation/out/full_25session_baseline_9_14/full/policy_attempts/full40_20260916_h2o_static_safe/seed20260906/policy_tables/session25_policy_eps0p1_delta0p05_mem15.csv,static_best,hybrid-session-002-turn-0,hybrid-session-002,0,3842.017082963139,kivi_4bit_residual64,0.0,static_best,ttft_ms >= 1000 ms
/DATACENTER3/zhenxiang.wang/work/TailGuardKV/.worktrees/baseline-smoke-final-aggregation/out/full_25session_baseline_9_14/full/policy_attempts/full40_20260916_h2o_static_safe/seed20260906/policy_tables/session25_policy_eps0p1_delta0p05_mem15.csv,static_best,hybrid-session-004-turn-1,hybrid-session-004,1,43101.69398176856,kivi_4bit_residual64,43100.791954876855,static_best,ttft_ms >= 1000 ms
/DATACENTER3/zhenxiang.wang/work/TailGuardKV/.worktrees/baseline-smoke-final-aggregation/out/full_25session_baseline_9_14/full/policy_attempts/full40_20260916_h2o_static_safe/seed20260906/policy_tables/session25_policy_eps0p1_delta0p05_mem15.csv,static_best,hybrid-session-003-turn-2,hybrid-session-003,2,43199.13391027041,kivi_4bit_residual64,43198.2347083129,static_best,ttft_ms >= 1000 ms
/DATACENTER3/zhenxiang.wang/work/TailGuardKV/.worktrees/baseline-smoke-final-aggregation/out/full_25session_baseline_9_14/full/policy_attempts/full40_20260916_h2o_static_safe/seed20260906/policy_tables/session25_policy_eps0p1_delta0p05_mem15.csv,static_best,hybrid-session-016-turn-2,hybrid-session-016,2,39856.306473625824,kivi_4bit_residual64,39855.32504775934,static_best,ttft_ms >= 1000 ms
/DATACENTER3/zhenxiang.wang/work/TailGuardKV/.worktrees/baseline-smoke-final-aggregation/out/full_25session_baseline_9_14/full/policy_attempts/full40_20260916_h2o_static_safe/seed20260906/policy_tables/session25_policy_eps0p1_delta0p05_mem15.csv,static_best,hybrid-session-016-turn-4,hybrid-session-016,4,43102.10884197429,kivi_4bit_residual64,43101.12699398585,static_best,ttft_ms >= 1000 ms
/DATACENTER3/zhenxiang.wang/work/TailGuardKV/.worktrees/baseline-smoke-final-aggregation/out/full_25session_baseline_9_14/full/policy_attempts/full40_20260916_h2o_static_safe/seed20260906/policy_tables/session25_policy_eps0p1_delta0p05_mem15.csv,static_safe,hybrid-session-002-turn-0,hybrid-session-002,0,4117.529430193827,kivi_4bit_residual64,0.0,static_safe,ttft_ms >= 1000 ms
/DATACENTER3/zhenxiang.wang/work/TailGuardKV/.worktrees/baseline-smoke-final-aggregation/out/full_25session_baseline_9_14/full/policy_attempts/full40_20260916_h2o_static_safe/seed20260906/policy_tables/session25_policy_eps0p1_delta0p05_mem15.csv,static_safe,hybrid-session-004-turn-1,hybrid-session-004,1,43421.053086936474,kivi_4bit_residual64,43420.096217950806,static_safe,ttft_ms >= 1000 ms
/DATACENTER3/zhenxiang.wang/work/TailGuardKV/.worktrees/baseline-smoke-final-aggregation/out/full_25session_baseline_9_14/full/policy_attempts/full40_20260916_h2o_static_safe/seed20260906/policy_tables/session25_policy_eps0p1_delta0p05_mem15.csv,static_safe,hybrid-session-003-turn-2,hybrid-session-003,2,43146.889476714656,kivi_4bit_residual64,43145.83362071216,static_safe,ttft_ms >= 1000 ms
/DATACENTER3/zhenxiang.wang/work/TailGuardKV/.worktrees/baseline-smoke-final-aggregation/out/full_25session_baseline_9_14/full/policy_attempts/full40_20260916_h2o_static_safe/seed20260906/policy_tables/session25_policy_eps0p1_delta0p05_mem15.csv,static_safe,hybrid-session-016-turn-2,hybrid-session-016,2,42764.83413603343,kivi_4bit_residual64,42763.9078181535,static_safe,ttft_ms >= 1000 ms
/DATACENTER3/zhenxiang.wang/work/TailGuardKV/.worktrees/baseline-smoke-final-aggregation/out/full_25session_baseline_9_14/full/policy_attempts/full40_20260916_h2o_static_safe/seed20260906/policy_tables/session25_policy_eps0p1_delta0p05_mem15.csv,static_safe,hybrid-session-016-turn-4,hybrid-session-016,4,38500.33619700931,kivi_4bit_residual64,38499.26794487052,static_safe,ttft_ms >= 1000 ms
/DATACENTER3/zhenxiang.wang/work/TailGuardKV/.worktrees/baseline-smoke-final-aggregation/out/full_25session_baseline_9_14/full/policy_attempts/full40_20260916_h2o_static_safe/seed20260906/policy_tables/session25_policy_eps0p1_delta0p05_mem15.csv,utility_dynamic,hybrid-session-002-turn-0,hybrid-session-002,0,4242.1245540026575,full_gpu,0.0,utility_dynamic,ttft_ms >= 1000 ms
/DATACENTER3/zhenxiang.wang/work/TailGuardKV/.worktrees/baseline-smoke-final-aggregation/out/full_25session_baseline_9_14/full/policy_attempts/full40_20260916_h2o_static_safe/seed20260906/policy_tables/session25_policy_eps0p1_delta0p05_mem15.csv,uncalibrated_dynamic,hybrid-session-002-turn-0,hybrid-session-002,0,3980.629102094099,full_gpu,0.0,uncalibrated_dynamic,ttft_ms >= 1000 ms
/DATACENTER3/zhenxiang.wang/work/TailGuardKV/.worktrees/baseline-smoke-final-aggregation/out/full_25session_baseline_9_14/full/policy_attempts/full40_20260916_h2o_static_safe/seed20260906/policy_tables/session25_policy_eps0p1_delta0p05_mem20.csv,full_lru,hybrid-session-002-turn-0,hybrid-session-002,0,4124.607483157888,full_gpu,0.0,full precision exact profile,ttft_ms >= 1000 ms
/DATACENTER3/zhenxiang.wang/work/TailGuardKV/.worktrees/baseline-smoke-final-aggregation/out/full_25session_baseline_9_14/full/policy_attempts/full40_20260916_h2o_static_safe/seed20260906/policy_tables/session25_policy_eps0p1_delta0p05_mem20.csv,static_best,hybrid-session-002-turn-0,hybrid-session-002,0,3689.5514798816293,kivi_4bit_residual64,0.0,static_best,ttft_ms >= 1000 ms
/DATACENTER3/zhenxiang.wang/work/TailGuardKV/.worktrees/baseline-smoke-final-aggregation/out/full_25session_baseline_9_14/full/policy_attempts/full40_20260916_h2o_static_safe/seed20260906/policy_tables/session25_policy_eps0p1_delta0p05_mem20.csv,static_best,hybrid-session-004-turn-1,hybrid-session-004,1,43560.72758114897,kivi_4bit_residual64,43559.85070113093,static_best,ttft_ms >= 1000 ms
/DATACENTER3/zhenxiang.wang/work/TailGuardKV/.worktrees/baseline-smoke-final-aggregation/out/full_25session_baseline_9_14/full/policy_attempts/full40_20260916_h2o_static_safe/seed20260906/policy_tables/session25_policy_eps0p1_delta0p05_mem20.csv,static_best,hybrid-session-003-turn-2,hybrid-session-003,2,44064.59924705513,kivi_4bit_residual64,44063.73256385513,static_best,ttft_ms >= 1000 ms
/DATACENTER3/zhenxiang.wang/work/TailGuardKV/.worktrees/baseline-smoke-final-aggregation/out/full_25session_baseline_9_14/full/policy_attempts/full40_20260916_h2o_static_safe/seed20260906/policy_tables/session25_policy_eps0p1_delta0p05_mem20.csv,static_best,hybrid-session-016-turn-2,hybrid-session-016,2,42414.061672113836,kivi_4bit_residual64,42413.116463985294,static_best,ttft_ms >= 1000 ms
/DATACENTER3/zhenxiang.wang/work/TailGuardKV/.worktrees/baseline-smoke-final-aggregation/out/full_25session_baseline_9_14/full/policy_attempts/full40_20260916_h2o_static_safe/seed20260906/policy_tables/session25_policy_eps0p1_delta0p05_mem20.csv,static_best,hybrid-session-016-turn-4,hybrid-session-016,4,42360.22682164423,kivi_4bit_residual64,42359.237802704796,static_best,ttft_ms >= 1000 ms
/DATACENTER3/zhenxiang.wang/work/TailGuardKV/.worktrees/baseline-smoke-final-aggregation/out/full_25session_baseline_9_14/full/policy_attempts/full40_20260916_h2o_static_safe/seed20260906/policy_tables/session25_policy_eps0p1_delta0p05_mem20.csv,static_safe,hybrid-session-002-turn-0,hybrid-session-002,0,3717.136880150065,kivi_4bit_residual64,0.0,static_safe,ttft_ms >= 1000 ms
/DATACENTER3/zhenxiang.wang/work/TailGuardKV/.worktrees/baseline-smoke-final-aggregation/out/full_25session_baseline_9_14/full/policy_attempts/full40_20260916_h2o_static_safe/seed20260906/policy_tables/session25_policy_eps0p1_delta0p05_mem20.csv,static_safe,hybrid-session-004-turn-1,hybrid-session-004,1,43942.2443350777,kivi_4bit_residual64,43941.41040323302,static_safe,ttft_ms >= 1000 ms
/DATACENTER3/zhenxiang.wang/work/TailGuardKV/.worktrees/baseline-smoke-final-aggregation/out/full_25session_baseline_9_14/full/policy_attempts/full40_20260916_h2o_static_safe/seed20260906/policy_tables/session25_policy_eps0p1_delta0p05_mem20.csv,static_safe,hybrid-session-003-turn-2,hybrid-session-003,2,42093.95253000781,kivi_4bit_residual64,42092.981717027724,static_safe,ttft_ms >= 1000 ms
/DATACENTER3/zhenxiang.wang/work/TailGuardKV/.worktrees/baseline-smoke-final-aggregation/out/full_25session_baseline_9_14/full/policy_attempts/full40_20260916_h2o_static_safe/seed20260906/policy_tables/session25_policy_eps0p1_delta0p05_mem20.csv,static_safe,hybrid-session-016-turn-2,hybrid-session-016,2,42627.02237703465,kivi_4bit_residual64,42626.061193929985,static_safe,ttft_ms >= 1000 ms
/DATACENTER3/zhenxiang.wang/work/TailGuardKV/.worktrees/baseline-smoke-final-aggregation/out/full_25session_baseline_9_14/full/policy_attempts/full40_20260916_h2o_static_safe/seed20260906/policy_tables/session25_policy_eps0p1_delta0p05_mem20.csv,static_safe,hybrid-session-016-turn-4,hybrid-session-016,4,42070.3966382239,kivi_4bit_residual64,42069.51288225129,static_safe,ttft_ms >= 1000 ms
/DATACENTER3/zhenxiang.wang/work/TailGuardKV/.worktrees/baseline-smoke-final-aggregation/out/full_25session_baseline_9_14/full/policy_attempts/full40_20260916_h2o_static_safe/seed20260906/policy_tables/session25_policy_eps0p1_delta0p05_mem20.csv,utility_dynamic,hybrid-session-002-turn-0,hybrid-session-002,0,3773.422521073371,full_gpu,0.0,utility_dynamic,ttft_ms >= 1000 ms
/DATACENTER3/zhenxiang.wang/work/TailGuardKV/.worktrees/baseline-smoke-final-aggregation/out/full_25session_baseline_9_14/full/policy_attempts/full40_20260916_h2o_static_safe/seed20260906/policy_tables/session25_policy_eps0p1_delta0p05_mem20.csv,uncalibrated_dynamic,hybrid-session-002-turn-0,hybrid-session-002,0,3939.8295909631997,full_gpu,0.0,uncalibrated_dynamic,ttft_ms >= 1000 ms
/DATACENTER3/zhenxiang.wang/work/TailGuardKV/.worktrees/baseline-smoke-final-aggregation/out/full_25session_baseline_9_14/full/policy_attempts/full40_20260916_h2o_static_safe/seed20260906/policy_tables/session25_policy_eps0p1_delta0p05_mem25.csv,full_lru,hybrid-session-002-turn-0,hybrid-session-002,0,3973.057793918997,full_gpu,0.0,full precision exact profile,ttft_ms >= 1000 ms
/DATACENTER3/zhenxiang.wang/work/TailGuardKV/.worktrees/baseline-smoke-final-aggregation/out/full_25session_baseline_9_14/full/policy_attempts/full40_20260916_h2o_static_safe/seed20260906/policy_tables/session25_policy_eps0p1_delta0p05_mem25.csv,static_best,hybrid-session-002-turn-0,hybrid-session-002,0,3951.8822708632797,kivi_4bit_residual64,0.0,static_best,ttft_ms >= 1000 ms
/DATACENTER3/zhenxiang.wang/work/TailGuardKV/.worktrees/baseline-smoke-final-aggregation/out/full_25session_baseline_9_14/full/policy_attempts/full40_20260916_h2o_static_safe/seed20260906/policy_tables/session25_policy_eps0p1_delta0p05_mem25.csv,static_best,hybrid-session-004-turn-1,hybrid-session-004,1,43108.0345579125,kivi_4bit_residual64,43107.01090075821,static_best,ttft_ms >= 1000 ms
/DATACENTER3/zhenxiang.wang/work/TailGuardKV/.worktrees/baseline-smoke-final-aggregation/out/full_25session_baseline_9_14/full/policy_attempts/full40_20260916_h2o_static_safe/seed20260906/policy_tables/session25_policy_eps0p1_delta0p05_mem25.csv,static_best,hybrid-session-003-turn-2,hybrid-session-003,2,43527.33335077204,kivi_4bit_residual64,43526.341970697045,static_best,ttft_ms >= 1000 ms
/DATACENTER3/zhenxiang.wang/work/TailGuardKV/.worktrees/baseline-smoke-final-aggregation/out/full_25session_baseline_9_14/full/policy_attempts/full40_20260916_h2o_static_safe/seed20260906/policy_tables/session25_policy_eps0p1_delta0p05_mem25.csv,static_best,hybrid-session-016-turn-2,hybrid-session-016,2,42623.81614564732,kivi_4bit_residual64,42622.780200622976,static_best,ttft_ms >= 1000 ms
/DATACENTER3/zhenxiang.wang/work/TailGuardKV/.worktrees/baseline-smoke-final-aggregation/out/full_25session_baseline_9_14/full/policy_attempts/full40_20260916_h2o_static_safe/seed20260906/policy_tables/session25_policy_eps0p1_delta0p05_mem25.csv,static_best,hybrid-session-016-turn-4,hybrid-session-016,4,43218.91003420763,kivi_4bit_residual64,43217.947003126144,static_best,ttft_ms >= 1000 ms
/DATACENTER3/zhenxiang.wang/work/TailGuardKV/.worktrees/baseline-smoke-final-aggregation/out/full_25session_baseline_9_14/full/policy_attempts/full40_20260916_h2o_static_safe/seed20260906/policy_tables/session25_policy_eps0p1_delta0p05_mem25.csv,static_safe,hybrid-session-002-turn-0,hybrid-session-002,0,3802.8452969156206,kivi_4bit_residual64,0.0,static_safe,ttft_ms >= 1000 ms
/DATACENTER3/zhenxiang.wang/work/TailGuardKV/.worktrees/baseline-smoke-final-aggregation/out/full_25session_baseline_9_14/full/policy_attempts/full40_20260916_h2o_static_safe/seed20260906/policy_tables/session25_policy_eps0p1_delta0p05_mem25.csv,static_safe,hybrid-session-004-turn-1,hybrid-session-004,1,40256.04659503698,kivi_4bit_residual64,40255.098096080124,static_safe,ttft_ms >= 1000 ms
/DATACENTER3/zhenxiang.wang/work/TailGuardKV/.worktrees/baseline-smoke-final-aggregation/out/full_25session_baseline_9_14/full/policy_attempts/full40_20260916_h2o_static_safe/seed20260906/policy_tables/session25_policy_eps0p1_delta0p05_mem25.csv,static_safe,hybrid-session-003-turn-2,hybrid-session-003,2,43078.17954174988,kivi_4bit_residual64,43077.19832473248,static_safe,ttft_ms >= 1000 ms
/DATACENTER3/zhenxiang.wang/work/TailGuardKV/.worktrees/baseline-smoke-final-aggregation/out/full_25session_baseline_9_14/full/policy_attempts/full40_20260916_h2o_static_safe/seed20260906/policy_tables/session25_policy_eps0p1_delta0p05_mem25.csv,static_safe,hybrid-session-016-turn-2,hybrid-session-016,2,42583.97344108485,kivi_4bit_residual64,42583.13434831612,static_safe,ttft_ms >= 1000 ms
/DATACENTER3/zhenxiang.wang/work/TailGuardKV/.worktrees/baseline-smoke-final-aggregation/out/full_25session_baseline_9_14/full/policy_attempts/full40_20260916_h2o_static_safe/seed20260906/policy_tables/session25_policy_eps0p1_delta0p05_mem25.csv,static_safe,hybrid-session-016-turn-4,hybrid-session-016,4,43935.96939985268,kivi_4bit_residual64,43935.17102986202,static_safe,ttft_ms >= 1000 ms
/DATACENTER3/zhenxiang.wang/work/TailGuardKV/.worktrees/baseline-smoke-final-aggregation/out/full_25session_baseline_9_14/full/policy_attempts/full40_20260916_h2o_static_safe/seed20260906/policy_tables/session25_policy_eps0p1_delta0p05_mem25.csv,utility_dynamic,hybrid-session-002-turn-0,hybrid-session-002,0,4110.60601612553,full_gpu,0.0,utility_dynamic,ttft_ms >= 1000 ms
/DATACENTER3/zhenxiang.wang/work/TailGuardKV/.worktrees/baseline-smoke-final-aggregation/out/full_25session_baseline_9_14/full/policy_attempts/full40_20260916_h2o_static_safe/seed20260906/policy_tables/session25_policy_eps0p1_delta0p05_mem25.csv,uncalibrated_dynamic,hybrid-session-002-turn-0,hybrid-session-002,0,3860.975993797183,full_gpu,0.0,uncalibrated_dynamic,ttft_ms >= 1000 ms
/DATACENTER3/zhenxiang.wang/work/TailGuardKV/.worktrees/baseline-smoke-final-aggregation/out/full_25session_baseline_9_14/full/policy_attempts/full40_20260916_h2o_static_safe/seed20260906/policy_tables/session25_policy_eps0p1_delta0p05_mem30.csv,full_lru,hybrid-session-002-turn-0,hybrid-session-002,0,3779.567164136097,full_gpu,0.0,full precision exact profile,ttft_ms >= 1000 ms
/DATACENTER3/zhenxiang.wang/work/TailGuardKV/.worktrees/baseline-smoke-final-aggregation/out/full_25session_baseline_9_14/full/policy_attempts/full40_20260916_h2o_static_safe/seed20260906/policy_tables/session25_policy_eps0p1_delta0p05_mem30.csv,static_best,hybrid-session-002-turn-0,hybrid-session-002,0,3870.1533838175237,kivi_4bit_residual64,0.0,static_best,ttft_ms >= 1000 ms
/DATACENTER3/zhenxiang.wang/work/TailGuardKV/.worktrees/baseline-smoke-final-aggregation/out/full_25session_baseline_9_14/full/policy_attempts/full40_20260916_h2o_static_safe/seed20260906/policy_tables/session25_policy_eps0p1_delta0p05_mem30.csv,static_best,hybrid-session-016-turn-2,hybrid-session-016,2,43156.75122317299,kivi_4bit_residual64,43155.94205100462,static_best,ttft_ms >= 1000 ms
/DATACENTER3/zhenxiang.wang/work/TailGuardKV/.worktrees/baseline-smoke-final-aggregation/out/full_25session_baseline_9_14/full/policy_attempts/full40_20260916_h2o_static_safe/seed20260906/policy_tables/session25_policy_eps0p1_delta0p05_mem30.csv,static_best,hybrid-session-016-turn-4,hybrid-session-016,4,42160.48268395476,kivi_4bit_residual64,42159.45622817613,static_best,ttft_ms >= 1000 ms
/DATACENTER3/zhenxiang.wang/work/TailGuardKV/.worktrees/baseline-smoke-final-aggregation/out/full_25session_baseline_9_14/full/policy_attempts/full40_20260916_h2o_static_safe/seed20260906/policy_tables/session25_policy_eps0p1_delta0p05_mem30.csv,static_safe,hybrid-session-002-turn-0,hybrid-session-002,0,3915.0143049191684,kivi_4bit_residual64,0.0,static_safe,ttft_ms >= 1000 ms
/DATACENTER3/zhenxiang.wang/work/TailGuardKV/.worktrees/baseline-smoke-final-aggregation/out/full_25session_baseline_9_14/full/policy_attempts/full40_20260916_h2o_static_safe/seed20260906/policy_tables/session25_policy_eps0p1_delta0p05_mem30.csv,static_safe,hybrid-session-016-turn-2,hybrid-session-016,2,42685.1840833351,kivi_4bit_residual64,42684.15370249748,static_safe,ttft_ms >= 1000 ms
/DATACENTER3/zhenxiang.wang/work/TailGuardKV/.worktrees/baseline-smoke-final-aggregation/out/full_25session_baseline_9_14/full/policy_attempts/full40_20260916_h2o_static_safe/seed20260906/policy_tables/session25_policy_eps0p1_delta0p05_mem30.csv,static_safe,hybrid-session-016-turn-4,hybrid-session-016,4,43365.18084620498,kivi_4bit_residual64,43364.12015407719,static_safe,ttft_ms >= 1000 ms
/DATACENTER3/zhenxiang.wang/work/TailGuardKV/.worktrees/baseline-smoke-final-aggregation/out/full_25session_baseline_9_14/full/policy_attempts/full40_20260916_h2o_static_safe/seed20260906/policy_tables/session25_policy_eps0p1_delta0p05_mem30.csv,utility_dynamic,hybrid-session-002-turn-0,hybrid-session-002,0,4180.856012040749,full_gpu,0.0,utility_dynamic,ttft_ms >= 1000 ms
/DATACENTER3/zhenxiang.wang/work/TailGuardKV/.worktrees/baseline-smoke-final-aggregation/out/full_25session_baseline_9_14/full/policy_attempts/full40_20260916_h2o_static_safe/seed20260906/policy_tables/session25_policy_eps0p1_delta0p05_mem30.csv,uncalibrated_dynamic,hybrid-session-002-turn-0,hybrid-session-002,0,4048.05470793508,full_gpu,0.0,uncalibrated_dynamic,ttft_ms >= 1000 ms
/DATACENTER3/zhenxiang.wang/work/TailGuardKV/.worktrees/baseline-smoke-final-aggregation/out/full_25session_baseline_9_14/full/policy_attempts/full40_20260916_h2o_static_safe/seed20260906/policy_tables/session25_policy_eps0p1_delta0p05_mem35.csv,full_lru,hybrid-session-002-turn-0,hybrid-session-002,0,4238.370477920398,full_gpu,0.0,full precision exact profile,ttft_ms >= 1000 ms
/DATACENTER3/zhenxiang.wang/work/TailGuardKV/.worktrees/baseline-smoke-final-aggregation/out/full_25session_baseline_9_14/full/policy_attempts/full40_20260916_h2o_static_safe/seed20260906/policy_tables/session25_policy_eps0p1_delta0p05_mem35.csv,static_best,hybrid-session-002-turn-0,hybrid-session-002,0,3734.71149103716,kivi_4bit_residual64,0.0,static_best,ttft_ms >= 1000 ms
/DATACENTER3/zhenxiang.wang/work/TailGuardKV/.worktrees/baseline-smoke-final-aggregation/out/full_25session_baseline_9_14/full/policy_attempts/full40_20260916_h2o_static_safe/seed20260906/policy_tables/session25_policy_eps0p1_delta0p05_mem35.csv,static_best,hybrid-session-016-turn-2,hybrid-session-016,2,41878.74833795056,kivi_4bit_residual64,41877.8545332402,static_best,ttft_ms >= 1000 ms
/DATACENTER3/zhenxiang.wang/work/TailGuardKV/.worktrees/baseline-smoke-final-aggregation/out/full_25session_baseline_9_14/full/policy_attempts/full40_20260916_h2o_static_safe/seed20260906/policy_tables/session25_policy_eps0p1_delta0p05_mem35.csv,static_best,hybrid-session-016-turn-4,hybrid-session-016,4,43560.54115083441,kivi_4bit_residual64,43559.52550002746,static_best,ttft_ms >= 1000 ms
/DATACENTER3/zhenxiang.wang/work/TailGuardKV/.worktrees/baseline-smoke-final-aggregation/out/full_25session_baseline_9_14/full/policy_attempts/full40_20260916_h2o_static_safe/seed20260906/policy_tables/session25_policy_eps0p1_delta0p05_mem35.csv,static_safe,hybrid-session-002-turn-0,hybrid-session-002,0,3515.181401045993,kivi_4bit_residual64,0.0,static_safe,ttft_ms >= 1000 ms
/DATACENTER3/zhenxiang.wang/work/TailGuardKV/.worktrees/baseline-smoke-final-aggregation/out/full_25session_baseline_9_14/full/policy_attempts/full40_20260916_h2o_static_safe/seed20260906/policy_tables/session25_policy_eps0p1_delta0p05_mem35.csv,static_safe,hybrid-session-016-turn-2,hybrid-session-016,2,42485.119597159326,kivi_4bit_residual64,42484.22825998813,static_safe,ttft_ms >= 1000 ms
/DATACENTER3/zhenxiang.wang/work/TailGuardKV/.worktrees/baseline-smoke-final-aggregation/out/full_25session_baseline_9_14/full/policy_attempts/full40_20260916_h2o_static_safe/seed20260906/policy_tables/session25_policy_eps0p1_delta0p05_mem35.csv,static_safe,hybrid-session-016-turn-4,hybrid-session-016,4,39317.74961951934,kivi_4bit_residual64,39317.10715362616,static_safe,ttft_ms >= 1000 ms
/DATACENTER3/zhenxiang.wang/work/TailGuardKV/.worktrees/baseline-smoke-final-aggregation/out/full_25session_baseline_9_14/full/policy_attempts/full40_20260916_h2o_static_safe/seed20260906/policy_tables/session25_policy_eps0p1_delta0p05_mem35.csv,utility_dynamic,hybrid-session-002-turn-0,hybrid-session-002,0,3572.3743340931833,kivi_2bit_residual64,0.0,utility_dynamic,ttft_ms >= 1000 ms
/DATACENTER3/zhenxiang.wang/work/TailGuardKV/.worktrees/baseline-smoke-final-aggregation/out/full_25session_baseline_9_14/full/policy_attempts/full40_20260916_h2o_static_safe/seed20260906/policy_tables/session25_policy_eps0p1_delta0p05_mem35.csv,utility_dynamic,hybrid-session-004-turn-0,hybrid-session-004,0,39891.81064296886,kivi_2bit_residual32,0.0,utility_dynamic,ttft_ms >= 1000 ms
/DATACENTER3/zhenxiang.wang/work/TailGuardKV/.worktrees/baseline-smoke-final-aggregation/out/full_25session_baseline_9_14/full/policy_attempts/full40_20260916_h2o_static_safe/seed20260906/policy_tables/session25_policy_eps0p1_delta0p05_mem35.csv,utility_dynamic,hybrid-session-005-turn-0,hybrid-session-005,0,39744.22429627925,kivi_2bit_residual64,0.0,utility_dynamic,ttft_ms >= 1000 ms
/DATACENTER3/zhenxiang.wang/work/TailGuardKV/.worktrees/baseline-smoke-final-aggregation/out/full_25session_baseline_9_14/full/policy_attempts/full40_20260916_h2o_static_safe/seed20260906/policy_tables/session25_policy_eps0p1_delta0p05_mem35.csv,utility_dynamic,hybrid-session-009-turn-0,hybrid-session-009,0,40307.81294165179,full_gpu,0.0,utility_dynamic,ttft_ms >= 1000 ms
/DATACENTER3/zhenxiang.wang/work/TailGuardKV/.worktrees/baseline-smoke-final-aggregation/out/full_25session_baseline_9_14/full/policy_attempts/full40_20260916_h2o_static_safe/seed20260906/policy_tables/session25_policy_eps0p1_delta0p05_mem35.csv,utility_dynamic,hybrid-session-010-turn-0,hybrid-session-010,0,39757.08139016107,kivi_2bit_residual64,0.0,utility_dynamic,ttft_ms >= 1000 ms
/DATACENTER3/zhenxiang.wang/work/TailGuardKV/.worktrees/baseline-smoke-final-aggregation/out/full_25session_baseline_9_14/full/policy_attempts/full40_20260916_h2o_static_safe/seed20260906/policy_tables/session25_policy_eps0p1_delta0p05_mem35.csv,utility_dynamic,hybrid-session-016-turn-0,hybrid-session-016,0,43097.86608816497,kivi_2bit_residual32,0.0,utility_dynamic,ttft_ms >= 1000 ms
/DATACENTER3/zhenxiang.wang/work/TailGuardKV/.worktrees/baseline-smoke-final-aggregation/out/full_25session_baseline_9_14/full/policy_attempts/full40_20260916_h2o_static_safe/seed20260906/policy_tables/session25_policy_eps0p1_delta0p05_mem35.csv,utility_dynamic,hybrid-session-020-turn-0,hybrid-session-020,0,40051.82735126093,kivi_2bit_residual64,0.0,utility_dynamic,ttft_ms >= 1000 ms
/DATACENTER3/zhenxiang.wang/work/TailGuardKV/.worktrees/baseline-smoke-final-aggregation/out/full_25session_baseline_9_14/full/policy_attempts/full40_20260916_h2o_static_safe/seed20260906/policy_tables/session25_policy_eps0p1_delta0p05_mem35.csv,utility_dynamic,hybrid-session-021-turn-0,hybrid-session-021,0,41397.6574820783,kivi_2bit_residual32,0.0,utility_dynamic,ttft_ms >= 1000 ms
/DATACENTER3/zhenxiang.wang/work/TailGuardKV/.worktrees/baseline-smoke-final-aggregation/out/full_25session_baseline_9_14/full/policy_attempts/full40_20260916_h2o_static_safe/seed20260906/policy_tables/session25_policy_eps0p1_delta0p05_mem35.csv,utility_dynamic,hybrid-session-025-turn-0,hybrid-session-025,0,40043.066578030586,kivi_2bit_residual64,0.0,utility_dynamic,ttft_ms >= 1000 ms
/DATACENTER3/zhenxiang.wang/work/TailGuardKV/.worktrees/baseline-smoke-final-aggregation/out/full_25session_baseline_9_14/full/policy_attempts/full40_20260916_h2o_static_safe/seed20260906/policy_tables/session25_policy_eps0p1_delta0p05_mem35.csv,utility_dynamic,hybrid-session-016-turn-1,hybrid-session-016,1,44164.442067980766,kivi_2bit_residual32,44163.48205205612,utility_dynamic,ttft_ms >= 1000 ms
/DATACENTER3/zhenxiang.wang/work/TailGuardKV/.worktrees/baseline-smoke-final-aggregation/out/full_25session_baseline_9_14/full/policy_attempts/full40_20260916_h2o_static_safe/seed20260906/policy_tables/session25_policy_eps0p1_delta0p05_mem35.csv,utility_dynamic,hybrid-session-020-turn-1,hybrid-session-020,1,43449.27008582279,kivi_2bit_residual64,43448.42944473028,utility_dynamic,ttft_ms >= 1000 ms
/DATACENTER3/zhenxiang.wang/work/TailGuardKV/.worktrees/baseline-smoke-final-aggregation/out/full_25session_baseline_9_14/full/policy_attempts/full40_20260916_h2o_static_safe/seed20260906/policy_tables/session25_policy_eps0p1_delta0p05_mem35.csv,utility_dynamic,hybrid-session-010-turn-2,hybrid-session-010,2,40311.33011412248,full_gpu,40310.45658802986,utility_dynamic,ttft_ms >= 1000 ms
/DATACENTER3/zhenxiang.wang/work/TailGuardKV/.worktrees/baseline-smoke-final-aggregation/out/full_25session_baseline_9_14/full/policy_attempts/full40_20260916_h2o_static_safe/seed20260906/policy_tables/session25_policy_eps0p1_delta0p05_mem35.csv,utility_dynamic,hybrid-session-013-turn-2,hybrid-session-013,2,37542.03046601266,kivi_2bit_residual64,37541.1133058276,utility_dynamic,ttft_ms >= 1000 ms
/DATACENTER3/zhenxiang.wang/work/TailGuardKV/.worktrees/baseline-smoke-final-aggregation/out/full_25session_baseline_9_14/full/policy_attempts/full40_20260916_h2o_static_safe/seed20260906/policy_tables/session25_policy_eps0p1_delta0p05_mem35.csv,utility_dynamic,hybrid-session-004-turn-3,hybrid-session-004,3,41405.536906315014,full_gpu,41404.60893347487,utility_dynamic,ttft_ms >= 1000 ms
/DATACENTER3/zhenxiang.wang/work/TailGuardKV/.worktrees/baseline-smoke-final-aggregation/out/full_25session_baseline_9_14/full/policy_attempts/full40_20260916_h2o_static_safe/seed20260906/policy_tables/session25_policy_eps0p1_delta0p05_mem35.csv,utility_dynamic,hybrid-session-005-turn-3,hybrid-session-005,3,45215.50231897831,kivi_2bit_residual64,45214.59920593165,utility_dynamic,ttft_ms >= 1000 ms
/DATACENTER3/zhenxiang.wang/work/TailGuardKV/.worktrees/baseline-smoke-final-aggregation/out/full_25session_baseline_9_14/full/policy_attempts/full40_20260916_h2o_static_safe/seed20260906/policy_tables/session25_policy_eps0p1_delta0p05_mem35.csv,utility_dynamic,hybrid-session-021-turn-3,hybrid-session-021,3,40834.26227190718,full_gpu,40833.30735078268,utility_dynamic,ttft_ms >= 1000 ms
/DATACENTER3/zhenxiang.wang/work/TailGuardKV/.worktrees/baseline-smoke-final-aggregation/out/full_25session_baseline_9_14/full/policy_attempts/full40_20260916_h2o_static_safe/seed20260906/policy_tables/session25_policy_eps0p1_delta0p05_mem35.csv,utility_dynamic,hybrid-session-025-turn-3,hybrid-session-025,3,42866.25876297988,kivi_2bit_residual64,42865.35585622117,utility_dynamic,ttft_ms >= 1000 ms
/DATACENTER3/zhenxiang.wang/work/TailGuardKV/.worktrees/baseline-smoke-final-aggregation/out/full_25session_baseline_9_14/full/policy_attempts/full40_20260916_h2o_static_safe/seed20260906/policy_tables/session25_policy_eps0p1_delta0p05_mem35.csv,utility_dynamic,hybrid-session-006-turn-4,hybrid-session-006,4,41326.71999013238,full_gpu,41325.749435128644,utility_dynamic,ttft_ms >= 1000 ms
/DATACENTER3/zhenxiang.wang/work/TailGuardKV/.worktrees/baseline-smoke-final-aggregation/out/full_25session_baseline_9_14/full/policy_attempts/full40_20260916_h2o_static_safe/seed20260906/policy_tables/session25_policy_eps0p1_delta0p05_mem35.csv,utility_dynamic,hybrid-session-009-turn-4,hybrid-session-009,4,44033.83071414009,kivi_2bit_residual64,44032.87539417669,utility_dynamic,ttft_ms >= 1000 ms
/DATACENTER3/zhenxiang.wang/work/TailGuardKV/.worktrees/baseline-smoke-final-aggregation/out/full_25session_baseline_9_14/full/policy_attempts/full40_20260916_h2o_static_safe/seed20260906/policy_tables/session25_policy_eps0p1_delta0p05_mem35.csv,utility_dynamic,hybrid-session-026-turn-4,hybrid-session-026,4,41364.218542715535,full_gpu,41363.12202773057,utility_dynamic,ttft_ms >= 1000 ms
/DATACENTER3/zhenxiang.wang/work/TailGuardKV/.worktrees/baseline-smoke-final-aggregation/out/full_25session_baseline_9_14/full/policy_attempts/full40_20260916_h2o_static_safe/seed20260906/policy_tables/session25_policy_eps0p1_delta0p05_mem35.csv,uncalibrated_dynamic,hybrid-session-002-turn-0,hybrid-session-002,0,3713.705563917756,kivi_2bit_residual64,0.0,uncalibrated_dynamic,ttft_ms >= 1000 ms
/DATACENTER3/zhenxiang.wang/work/TailGuardKV/.worktrees/baseline-smoke-final-aggregation/out/full_25session_baseline_9_14/full/policy_attempts/full40_20260916_h2o_static_safe/seed20260906/policy_tables/session25_policy_eps0p1_delta0p05_mem35.csv,uncalibrated_dynamic,hybrid-session-004-turn-0,hybrid-session-004,0,40874.60719815828,kivi_2bit_residual32,0.0,uncalibrated_dynamic,ttft_ms >= 1000 ms
/DATACENTER3/zhenxiang.wang/work/TailGuardKV/.worktrees/baseline-smoke-final-aggregation/out/full_25session_baseline_9_14/full/policy_attempts/full40_20260916_h2o_static_safe/seed20260906/policy_tables/session25_policy_eps0p1_delta0p05_mem35.csv,uncalibrated_dynamic,hybrid-session-005-turn-0,hybrid-session-005,0,41573.33932187967,kivi_2bit_residual64,0.0,uncalibrated_dynamic,ttft_ms >= 1000 ms
/DATACENTER3/zhenxiang.wang/work/TailGuardKV/.worktrees/baseline-smoke-final-aggregation/out/full_25session_baseline_9_14/full/policy_attempts/full40_20260916_h2o_static_safe/seed20260906/policy_tables/session25_policy_eps0p1_delta0p05_mem35.csv,uncalibrated_dynamic,hybrid-session-009-turn-0,hybrid-session-009,0,39480.314261086285,full_gpu,0.0,uncalibrated_dynamic,ttft_ms >= 1000 ms
/DATACENTER3/zhenxiang.wang/work/TailGuardKV/.worktrees/baseline-smoke-final-aggregation/out/full_25session_baseline_9_14/full/policy_attempts/full40_20260916_h2o_static_safe/seed20260906/policy_tables/session25_policy_eps0p1_delta0p05_mem35.csv,uncalibrated_dynamic,hybrid-session-010-turn-0,hybrid-session-010,0,34523.27439961955,kivi_2bit_residual64,0.0,uncalibrated_dynamic,ttft_ms >= 1000 ms
/DATACENTER3/zhenxiang.wang/work/TailGuardKV/.worktrees/baseline-smoke-final-aggregation/out/full_25session_baseline_9_14/full/policy_attempts/full40_20260916_h2o_static_safe/seed20260906/policy_tables/session25_policy_eps0p1_delta0p05_mem35.csv,uncalibrated_dynamic,hybrid-session-016-turn-0,hybrid-session-016,0,44390.30492188595,kivi_2bit_residual32,0.0,uncalibrated_dynamic,ttft_ms >= 1000 ms
/DATACENTER3/zhenxiang.wang/work/TailGuardKV/.worktrees/baseline-smoke-final-aggregation/out/full_25session_baseline_9_14/full/policy_attempts/full40_20260916_h2o_static_safe/seed20260906/policy_tables/session25_policy_eps0p1_delta0p05_mem35.csv,uncalibrated_dynamic,hybrid-session-020-turn-0,hybrid-session-020,0,39905.62396643497,kivi_2bit_residual64,0.0,uncalibrated_dynamic,ttft_ms >= 1000 ms
/DATACENTER3/zhenxiang.wang/work/TailGuardKV/.worktrees/baseline-smoke-final-aggregation/out/full_25session_baseline_9_14/full/policy_attempts/full40_20260916_h2o_static_safe/seed20260906/policy_tables/session25_policy_eps0p1_delta0p05_mem35.csv,uncalibrated_dynamic,hybrid-session-021-turn-0,hybrid-session-021,0,40714.83415193111,kivi_2bit_residual32,0.0,uncalibrated_dynamic,ttft_ms >= 1000 ms
/DATACENTER3/zhenxiang.wang/work/TailGuardKV/.worktrees/baseline-smoke-final-aggregation/out/full_25session_baseline_9_14/full/policy_attempts/full40_20260916_h2o_static_safe/seed20260906/policy_tables/session25_policy_eps0p1_delta0p05_mem35.csv,uncalibrated_dynamic,hybrid-session-025-turn-0,hybrid-session-025,0,39394.34275916405,kivi_2bit_residual64,0.0,uncalibrated_dynamic,ttft_ms >= 1000 ms
/DATACENTER3/zhenxiang.wang/work/TailGuardKV/.worktrees/baseline-smoke-final-aggregation/out/full_25session_baseline_9_14/full/policy_attempts/full40_20260916_h2o_static_safe/seed20260906/policy_tables/session25_policy_eps0p1_delta0p05_mem35.csv,uncalibrated_dynamic,hybrid-session-002-turn-1,hybrid-session-002,1,39991.558787943795,kivi_4bit_residual64,39990.794892022386,uncalibrated_dynamic,ttft_ms >= 1000 ms
/DATACENTER3/zhenxiang.wang/work/TailGuardKV/.worktrees/baseline-smoke-final-aggregation/out/full_25session_baseline_9_14/full/policy_attempts/full40_20260916_h2o_static_safe/seed20260906/policy_tables/session25_policy_eps0p1_delta0p05_mem469p602.csv,full_lru,hybrid-session-002-turn-0,hybrid-session-002,0,3984.9970820359886,full_gpu,0.0,full precision exact profile,ttft_ms >= 1000 ms
/DATACENTER3/zhenxiang.wang/work/TailGuardKV/.worktrees/baseline-smoke-final-aggregation/out/full_25session_baseline_9_14/full/policy_attempts/full40_20260916_h2o_static_safe/seed20260906/policy_tables/session25_policy_eps0p1_delta0p05_mem469p602.csv,static_best,hybrid-session-002-turn-0,hybrid-session-002,0,3876.389187062159,kivi_4bit_residual64,0.0,static_best,ttft_ms >= 1000 ms
/DATACENTER3/zhenxiang.wang/work/TailGuardKV/.worktrees/baseline-smoke-final-aggregation/out/full_25session_baseline_9_14/full/policy_attempts/full40_20260916_h2o_static_safe/seed20260906/policy_tables/session25_policy_eps0p1_delta0p05_mem469p602.csv,static_safe,hybrid-session-002-turn-0,hybrid-session-002,0,3738.4467979427427,kivi_4bit_residual64,0.0,static_safe,ttft_ms >= 1000 ms
/DATACENTER3/zhenxiang.wang/work/TailGuardKV/.worktrees/baseline-smoke-final-aggregation/out/full_25session_baseline_9_14/full/policy_attempts/full40_20260916_h2o_static_safe/seed20260906/policy_tables/session25_policy_eps0p1_delta0p05_mem469p602.csv,utility_dynamic,hybrid-session-002-turn-0,hybrid-session-002,0,3761.0557498410344,kivi_2bit_residual64,0.0,utility_dynamic,ttft_ms >= 1000 ms
/DATACENTER3/zhenxiang.wang/work/TailGuardKV/.worktrees/baseline-smoke-final-aggregation/out/full_25session_baseline_9_14/full/policy_attempts/full40_20260916_h2o_static_safe/seed20260906/policy_tables/session25_policy_eps0p1_delta0p05_mem469p602.csv,uncalibrated_dynamic,hybrid-session-002-turn-0,hybrid-session-002,0,3660.690481076017,kivi_4bit_residual64,0.0,uncalibrated_dynamic,ttft_ms >= 1000 ms
/DATACENTER3/zhenxiang.wang/work/TailGuardKV/.worktrees/baseline-smoke-final-aggregation/out/full_25session_baseline_9_14/full/policy_attempts/full40_20260916_h2o_static_safe/seed20260906/policy_tables/session25_policy_eps0p1_delta0p05_mem50.csv,full_lru,hybrid-session-002-turn-0,hybrid-session-002,0,4106.386590981856,full_gpu,0.0,full precision exact profile,ttft_ms >= 1000 ms
/DATACENTER3/zhenxiang.wang/work/TailGuardKV/.worktrees/baseline-smoke-final-aggregation/out/full_25session_baseline_9_14/full/policy_attempts/full40_20260916_h2o_static_safe/seed20260906/policy_tables/session25_policy_eps0p1_delta0p05_mem50.csv,static_best,hybrid-session-002-turn-0,hybrid-session-002,0,3704.066458856687,kivi_4bit_residual64,0.0,static_best,ttft_ms >= 1000 ms
/DATACENTER3/zhenxiang.wang/work/TailGuardKV/.worktrees/baseline-smoke-final-aggregation/out/full_25session_baseline_9_14/full/policy_attempts/full40_20260916_h2o_static_safe/seed20260906/policy_tables/session25_policy_eps0p1_delta0p05_mem50.csv,static_best,hybrid-session-016-turn-2,hybrid-session-016,2,43013.02171617001,kivi_4bit_residual64,43012.13223233074,static_best,ttft_ms >= 1000 ms
/DATACENTER3/zhenxiang.wang/work/TailGuardKV/.worktrees/baseline-smoke-final-aggregation/out/full_25session_baseline_9_14/full/policy_attempts/full40_20260916_h2o_static_safe/seed20260906/policy_tables/session25_policy_eps0p1_delta0p05_mem50.csv,static_best,hybrid-session-016-turn-4,hybrid-session-016,4,38368.110174164176,kivi_4bit_residual64,38367.12250494398,static_best,ttft_ms >= 1000 ms
/DATACENTER3/zhenxiang.wang/work/TailGuardKV/.worktrees/baseline-smoke-final-aggregation/out/full_25session_baseline_9_14/full/policy_attempts/full40_20260916_h2o_static_safe/seed20260906/policy_tables/session25_policy_eps0p1_delta0p05_mem50.csv,static_safe,hybrid-session-002-turn-0,hybrid-session-002,0,3655.783409019932,kivi_4bit_residual64,0.0,static_safe,ttft_ms >= 1000 ms
/DATACENTER3/zhenxiang.wang/work/TailGuardKV/.worktrees/baseline-smoke-final-aggregation/out/full_25session_baseline_9_14/full/policy_attempts/full40_20260916_h2o_static_safe/seed20260906/policy_tables/session25_policy_eps0p1_delta0p05_mem50.csv,static_safe,hybrid-session-016-turn-2,hybrid-session-016,2,42690.01724083349,kivi_4bit_residual64,42689.11791501008,static_safe,ttft_ms >= 1000 ms
/DATACENTER3/zhenxiang.wang/work/TailGuardKV/.worktrees/baseline-smoke-final-aggregation/out/full_25session_baseline_9_14/full/policy_attempts/full40_20260916_h2o_static_safe/seed20260906/policy_tables/session25_policy_eps0p1_delta0p05_mem50.csv,static_safe,hybrid-session-016-turn-4,hybrid-session-016,4,42900.18142969161,kivi_4bit_residual64,42899.3023487255,static_safe,ttft_ms >= 1000 ms
/DATACENTER3/zhenxiang.wang/work/TailGuardKV/.worktrees/baseline-smoke-final-aggregation/out/full_25session_baseline_9_14/full/policy_attempts/full40_20260916_h2o_static_safe/seed20260906/policy_tables/session25_policy_eps0p1_delta0p05_mem50.csv,utility_dynamic,hybrid-session-002-turn-0,hybrid-session-002,0,3638.493151869625,kivi_2bit_residual64,0.0,utility_dynamic,ttft_ms >= 1000 ms
/DATACENTER3/zhenxiang.wang/work/TailGuardKV/.worktrees/baseline-smoke-final-aggregation/out/full_25session_baseline_9_14/full/policy_attempts/full40_20260916_h2o_static_safe/seed20260906/policy_tables/session25_policy_eps0p1_delta0p05_mem50.csv,utility_dynamic,hybrid-session-020-turn-0,hybrid-session-020,0,40797.71745581366,kivi_2bit_residual32,0.0,utility_dynamic,ttft_ms >= 1000 ms
/DATACENTER3/zhenxiang.wang/work/TailGuardKV/.worktrees/baseline-smoke-final-aggregation/out/full_25session_baseline_9_14/full/policy_attempts/full40_20260916_h2o_static_safe/seed20260906/policy_tables/session25_policy_eps0p1_delta0p05_mem50.csv,utility_dynamic,hybrid-session-021-turn-0,hybrid-session-021,0,40690.92573322728,kivi_2bit_residual64,0.0,utility_dynamic,ttft_ms >= 1000 ms
/DATACENTER3/zhenxiang.wang/work/TailGuardKV/.worktrees/baseline-smoke-final-aggregation/out/full_25session_baseline_9_14/full/policy_attempts/full40_20260916_h2o_static_safe/seed20260906/policy_tables/session25_policy_eps0p1_delta0p05_mem50.csv,utility_dynamic,hybrid-session-010-turn-2,hybrid-session-010,2,40593.54148007184,full_gpu,40592.60125498474,utility_dynamic,ttft_ms >= 1000 ms
/DATACENTER3/zhenxiang.wang/work/TailGuardKV/.worktrees/baseline-smoke-final-aggregation/out/full_25session_baseline_9_14/full/policy_attempts/full40_20260916_h2o_static_safe/seed20260906/policy_tables/session25_policy_eps0p1_delta0p05_mem50.csv,utility_dynamic,hybrid-session-013-turn-2,hybrid-session-013,2,43395.98036001064,kivi_2bit_residual64,43395.04210513644,utility_dynamic,ttft_ms >= 1000 ms
/DATACENTER3/zhenxiang.wang/work/TailGuardKV/.worktrees/baseline-smoke-final-aggregation/out/full_25session_baseline_9_14/full/policy_attempts/full40_20260916_h2o_static_safe/seed20260906/policy_tables/session25_policy_eps0p1_delta0p05_mem50.csv,utility_dynamic,hybrid-session-009-turn-3,hybrid-session-009,3,40452.33279804699,full_gpu,40451.38360106386,utility_dynamic,ttft_ms >= 1000 ms
/DATACENTER3/zhenxiang.wang/work/TailGuardKV/.worktrees/baseline-smoke-final-aggregation/out/full_25session_baseline_9_14/full/policy_attempts/full40_20260916_h2o_static_safe/seed20260906/policy_tables/session25_policy_eps0p1_delta0p05_mem50.csv,utility_dynamic,hybrid-session-010-turn-3,hybrid-session-010,3,44917.82668908127,kivi_2bit_residual64,44916.85530915856,utility_dynamic,ttft_ms >= 1000 ms
/DATACENTER3/zhenxiang.wang/work/TailGuardKV/.worktrees/baseline-smoke-final-aggregation/out/full_25session_baseline_9_14/full/policy_attempts/full40_20260916_h2o_static_safe/seed20260906/policy_tables/session25_policy_eps0p1_delta0p05_mem50.csv,utility_dynamic,hybrid-session-005-turn-4,hybrid-session-005,4,40753.543316777796,full_gpu,40752.59568697773,utility_dynamic,ttft_ms >= 1000 ms
/DATACENTER3/zhenxiang.wang/work/TailGuardKV/.worktrees/baseline-smoke-final-aggregation/out/full_25session_baseline_9_14/full/policy_attempts/full40_20260916_h2o_static_safe/seed20260906/policy_tables/session25_policy_eps0p1_delta0p05_mem50.csv,utility_dynamic,hybrid-session-006-turn-4,hybrid-session-006,4,43479.97366590984,kivi_2bit_residual64,43478.994091279805,utility_dynamic,ttft_ms >= 1000 ms
/DATACENTER3/zhenxiang.wang/work/TailGuardKV/.worktrees/baseline-smoke-final-aggregation/out/full_25session_baseline_9_14/full/policy_attempts/full40_20260916_h2o_static_safe/seed20260906/policy_tables/session25_policy_eps0p1_delta0p05_mem50.csv,uncalibrated_dynamic,hybrid-session-002-turn-0,hybrid-session-002,0,3507.8717849683017,kivi_2bit_residual64,0.0,uncalibrated_dynamic,ttft_ms >= 1000 ms
/DATACENTER3/zhenxiang.wang/work/TailGuardKV/.worktrees/baseline-smoke-final-aggregation/out/full_25session_baseline_9_14/full/policy_attempts/full40_20260916_h2o_static_safe/seed20260906/policy_tables/session25_policy_eps0p1_delta0p05_mem50.csv,uncalibrated_dynamic,hybrid-session-020-turn-0,hybrid-session-020,0,40633.15315214917,kivi_2bit_residual32,0.0,uncalibrated_dynamic,ttft_ms >= 1000 ms
/DATACENTER3/zhenxiang.wang/work/TailGuardKV/.worktrees/baseline-smoke-final-aggregation/out/full_25session_baseline_9_14/full/policy_attempts/full40_20260916_h2o_static_safe/seed20260906/policy_tables/session25_policy_eps0p1_delta0p05_mem50.csv,uncalibrated_dynamic,hybrid-session-021-turn-0,hybrid-session-021,0,41073.28233313002,kivi_2bit_residual64,0.0,uncalibrated_dynamic,ttft_ms >= 1000 ms
/DATACENTER3/zhenxiang.wang/work/TailGuardKV/.worktrees/baseline-smoke-final-aggregation/out/full_25session_baseline_9_14/full/policy_attempts/full40_20260916_h2o_static_safe/seed20260906/policy_tables/session25_policy_eps0p1_delta0p05_mem50.csv,uncalibrated_dynamic,hybrid-session-002-turn-1,hybrid-session-002,1,39970.735924700275,kivi_4bit_residual64,39969.8904097639,uncalibrated_dynamic,ttft_ms >= 1000 ms
/DATACENTER3/zhenxiang.wang/work/TailGuardKV/.worktrees/baseline-smoke-final-aggregation/out/full_25session_baseline_9_14/full/policy_attempts/full40_20260916_h2o_static_safe/seed20260906/policy_tables/session25_policy_eps0p1_delta0p05_mem64.csv,full_lru,hybrid-session-002-turn-0,hybrid-session-002,0,4110.332450829446,full_gpu,0.0,full precision exact profile,ttft_ms >= 1000 ms
/DATACENTER3/zhenxiang.wang/work/TailGuardKV/.worktrees/baseline-smoke-final-aggregation/out/full_25session_baseline_9_14/full/policy_attempts/full40_20260916_h2o_static_safe/seed20260906/policy_tables/session25_policy_eps0p1_delta0p05_mem64.csv,static_best,hybrid-session-002-turn-0,hybrid-session-002,0,3863.891074899584,kivi_4bit_residual64,0.0,static_best,ttft_ms >= 1000 ms
/DATACENTER3/zhenxiang.wang/work/TailGuardKV/.worktrees/baseline-smoke-final-aggregation/out/full_25session_baseline_9_14/full/policy_attempts/full40_20260916_h2o_static_safe/seed20260906/policy_tables/session25_policy_eps0p1_delta0p05_mem64.csv,static_best,hybrid-session-010-turn-4,hybrid-session-010,4,36987.78949883208,kivi_4bit_residual64,36986.85586378351,static_best,ttft_ms >= 1000 ms
/DATACENTER3/zhenxiang.wang/work/TailGuardKV/.worktrees/baseline-smoke-final-aggregation/out/full_25session_baseline_9_14/full/policy_attempts/full40_20260916_h2o_static_safe/seed20260906/policy_tables/session25_policy_eps0p1_delta0p05_mem64.csv,static_safe,hybrid-session-002-turn-0,hybrid-session-002,0,3802.3296650499105,kivi_4bit_residual64,0.0,static_safe,ttft_ms >= 1000 ms
/DATACENTER3/zhenxiang.wang/work/TailGuardKV/.worktrees/baseline-smoke-final-aggregation/out/full_25session_baseline_9_14/full/policy_attempts/full40_20260916_h2o_static_safe/seed20260906/policy_tables/session25_policy_eps0p1_delta0p05_mem64.csv,static_safe,hybrid-session-010-turn-4,hybrid-session-010,4,43955.800032731146,kivi_4bit_residual64,43954.8482576143,static_safe,ttft_ms >= 1000 ms
/DATACENTER3/zhenxiang.wang/work/TailGuardKV/.worktrees/baseline-smoke-final-aggregation/out/full_25session_baseline_9_14/full/policy_attempts/full40_20260916_h2o_static_safe/seed20260906/policy_tables/session25_policy_eps0p1_delta0p05_mem64.csv,utility_dynamic,hybrid-session-002-turn-0,hybrid-session-002,0,3843.230813043192,kivi_2bit_residual64,0.0,utility_dynamic,ttft_ms >= 1000 ms
/DATACENTER3/zhenxiang.wang/work/TailGuardKV/.worktrees/baseline-smoke-final-aggregation/out/full_25session_baseline_9_14/full/policy_attempts/full40_20260916_h2o_static_safe/seed20260906/policy_tables/session25_policy_eps0p1_delta0p05_mem64.csv,utility_dynamic,hybrid-session-006-turn-3,hybrid-session-006,3,41468.60008527897,full_gpu,41467.78235937841,utility_dynamic,ttft_ms >= 1000 ms
/DATACENTER3/zhenxiang.wang/work/TailGuardKV/.worktrees/baseline-smoke-final-aggregation/out/full_25session_baseline_9_14/full/policy_attempts/full40_20260916_h2o_static_safe/seed20260906/policy_tables/session25_policy_eps0p1_delta0p05_mem64.csv,utility_dynamic,hybrid-session-009-turn-3,hybrid-session-009,3,42743.24457806721,kivi_2bit_residual64,42742.61472111754,utility_dynamic,ttft_ms >= 1000 ms
/DATACENTER3/zhenxiang.wang/work/TailGuardKV/.worktrees/baseline-smoke-final-aggregation/out/full_25session_baseline_9_14/full/policy_attempts/full40_20260916_h2o_static_safe/seed20260906/policy_tables/session25_policy_eps0p1_delta0p05_mem64.csv,utility_dynamic,hybrid-session-006-turn-4,hybrid-session-006,4,41827.48525286466,full_gpu,41826.46642578207,utility_dynamic,ttft_ms >= 1000 ms
/DATACENTER3/zhenxiang.wang/work/TailGuardKV/.worktrees/baseline-smoke-final-aggregation/out/full_25session_baseline_9_14/full/policy_attempts/full40_20260916_h2o_static_safe/seed20260906/policy_tables/session25_policy_eps0p1_delta0p05_mem64.csv,utility_dynamic,hybrid-session-009-turn-4,hybrid-session-009,4,45714.924520811066,kivi_2bit_residual64,45713.990935821086,utility_dynamic,ttft_ms >= 1000 ms
/DATACENTER3/zhenxiang.wang/work/TailGuardKV/.worktrees/baseline-smoke-final-aggregation/out/full_25session_baseline_9_14/full/policy_attempts/full40_20260916_h2o_static_safe/seed20260906/policy_tables/session25_policy_eps0p1_delta0p05_mem64.csv,uncalibrated_dynamic,hybrid-session-002-turn-0,hybrid-session-002,0,3934.7771198954433,kivi_4bit_residual64,0.0,uncalibrated_dynamic,ttft_ms >= 1000 ms
/DATACENTER3/zhenxiang.wang/work/TailGuardKV/.worktrees/baseline-smoke-final-aggregation/out/full_25session_baseline_9_14/full/policy_attempts/full40_20260916_h2o_static_safe/seed20260906/policy_tables/session25_policy_eps0p1_delta0p05_mem64.csv,uncalibrated_dynamic,hybrid-session-010-turn-0,hybrid-session-010,0,42006.909135792404,kivi_2bit_residual64,0.0,uncalibrated_dynamic,ttft_ms >= 1000 ms
/DATACENTER3/zhenxiang.wang/work/TailGuardKV/.worktrees/baseline-smoke-final-aggregation/out/full_25session_baseline_9_14/full/policy_attempts/full40_20260916_h2o_static_safe/seed20260906/policy_tables/session25_policy_eps0p1_delta0p05_mem64.csv,uncalibrated_dynamic,hybrid-session-013-turn-0,hybrid-session-013,0,42495.02584384754,kivi_4bit_residual64,0.0,uncalibrated_dynamic,ttft_ms >= 1000 ms
/DATACENTER3/zhenxiang.wang/work/TailGuardKV/.worktrees/baseline-smoke-final-aggregation/out/full_25session_baseline_9_14/full/policy_attempts/full40_20260916_h2o_static_safe/seed20260906/policy_tables/session25_policy_eps0p1_delta0p05_mem64.csv,uncalibrated_dynamic,hybrid-session-010-turn-2,hybrid-session-010,2,45032.65504107438,kivi_2bit_residual64,45031.66485309228,uncalibrated_dynamic,ttft_ms >= 1000 ms
/DATACENTER3/zhenxiang.wang/work/TailGuardKV/.worktrees/baseline-smoke-final-aggregation/out/full_25session_baseline_9_14/full/policy_attempts/full40_20260916_h2o_static_safe/seed20260906/policy_tables/session25_policy_eps0p1_delta0p05_mem64.csv,uncalibrated_dynamic,hybrid-session-013-turn-2,hybrid-session-013,2,44799.83566814102,kivi_4bit_residual64,44798.99968505837,uncalibrated_dynamic,ttft_ms >= 1000 ms
/DATACENTER3/zhenxiang.wang/work/TailGuardKV/.worktrees/baseline-smoke-final-aggregation/out/full_25session_baseline_9_14/full/policy_attempts/full40_20260916_h2o_static_safe/seed20260906/policy_tables/session25_policy_eps0p1_delta0p05_mem64.csv,uncalibrated_dynamic,hybrid-session-006-turn-3,hybrid-session-006,3,42180.92274002731,full_gpu,42179.96367102489,uncalibrated_dynamic,ttft_ms >= 1000 ms
/DATACENTER3/zhenxiang.wang/work/TailGuardKV/.worktrees/baseline-smoke-final-aggregation/out/full_25session_baseline_9_14/full/policy_attempts/full40_20260916_h2o_static_safe/seed20260906/policy_tables/session25_policy_eps0p1_delta0p05_mem64.csv,uncalibrated_dynamic,hybrid-session-009-turn-3,hybrid-session-009,3,42985.12522074394,kivi_4bit_residual64,42984.48556860909,uncalibrated_dynamic,ttft_ms >= 1000 ms
/DATACENTER3/zhenxiang.wang/work/TailGuardKV/.worktrees/baseline-smoke-final-aggregation/out/full_25session_baseline_9_14/full/policy_attempts/full40_20260916_h2o_static_safe/seed20260906/policy_tables/session25_policy_eps0p1_delta0p05_mem64.csv,uncalibrated_dynamic,hybrid-session-003-turn-4,hybrid-session-003,4,45394.21450222097,kivi_2bit_residual64,45393.17424098216,uncalibrated_dynamic,ttft_ms >= 1000 ms
/DATACENTER3/zhenxiang.wang/work/TailGuardKV/.worktrees/baseline-smoke-final-aggregation/out/full_25session_baseline_9_14/full/policy_attempts/full40_20260916_h2o_static_safe/seed20260906/policy_tables/session25_policy_eps0p1_delta0p05_mem64.csv,uncalibrated_dynamic,hybrid-session-004-turn-4,hybrid-session-004,4,45460.76050216891,kivi_4bit_residual64,45459.75108121149,uncalibrated_dynamic,ttft_ms >= 1000 ms
/DATACENTER3/zhenxiang.wang/work/TailGuardKV/.worktrees/baseline-smoke-final-aggregation/out/full_25session_baseline_9_14/full/policy_attempts/full40_20260916_h2o_static_safe/seed20260906/policy_tables/session25_policy_eps0p1_delta0p05_mem64.csv,uncalibrated_dynamic,hybrid-session-025-turn-4,hybrid-session-025,4,42144.42070728168,full_gpu,42143.433045279235,uncalibrated_dynamic,ttft_ms >= 1000 ms
/DATACENTER3/zhenxiang.wang/work/TailGuardKV/.worktrees/baseline-smoke-final-aggregation/out/full_25session_baseline_9_14/full/policy_attempts/full40_20260916_h2o_static_safe/seed20260906/policy_tables/session25_policy_eps0p1_delta0p05_mem64.csv,uncalibrated_dynamic,hybrid-session-026-turn-4,hybrid-session-026,4,44627.30619497225,kivi_4bit_residual64,44626.30108813383,uncalibrated_dynamic,ttft_ms >= 1000 ms
/DATACENTER3/zhenxiang.wang/work/TailGuardKV/.worktrees/baseline-smoke-final-aggregation/out/full_25session_baseline_9_14/full/policy_attempts/full40_20260916_h2o_static_safe/seed20260906/policy_tables/session25_policy_eps0p1_delta0p05_mem80.csv,full_lru,hybrid-session-002-turn-0,hybrid-session-002,0,3896.101319929585,full_gpu,0.0,full precision exact profile,ttft_ms >= 1000 ms
/DATACENTER3/zhenxiang.wang/work/TailGuardKV/.worktrees/baseline-smoke-final-aggregation/out/full_25session_baseline_9_14/full/policy_attempts/full40_20260916_h2o_static_safe/seed20260906/policy_tables/session25_policy_eps0p1_delta0p05_mem80.csv,static_best,hybrid-session-002-turn-0,hybrid-session-002,0,3610.295110149309,kivi_4bit_residual64,0.0,static_best,ttft_ms >= 1000 ms
/DATACENTER3/zhenxiang.wang/work/TailGuardKV/.worktrees/baseline-smoke-final-aggregation/out/full_25session_baseline_9_14/full/policy_attempts/full40_20260916_h2o_static_safe/seed20260906/policy_tables/session25_policy_eps0p1_delta0p05_mem80.csv,static_safe,hybrid-session-002-turn-0,hybrid-session-002,0,3759.354069828987,kivi_4bit_residual64,0.0,static_safe,ttft_ms >= 1000 ms
/DATACENTER3/zhenxiang.wang/work/TailGuardKV/.worktrees/baseline-smoke-final-aggregation/out/full_25session_baseline_9_14/full/policy_attempts/full40_20260916_h2o_static_safe/seed20260906/policy_tables/session25_policy_eps0p1_delta0p05_mem80.csv,utility_dynamic,hybrid-session-002-turn-0,hybrid-session-002,0,3609.0684751980007,kivi_2bit_residual64,0.0,utility_dynamic,ttft_ms >= 1000 ms
/DATACENTER3/zhenxiang.wang/work/TailGuardKV/.worktrees/baseline-smoke-final-aggregation/out/full_25session_baseline_9_14/full/policy_attempts/full40_20260916_h2o_static_safe/seed20260906/policy_tables/session25_policy_eps0p1_delta0p05_mem80.csv,uncalibrated_dynamic,hybrid-session-002-turn-0,hybrid-session-002,0,3689.6294890902936,kivi_4bit_residual64,0.0,uncalibrated_dynamic,ttft_ms >= 1000 ms
/DATACENTER3/zhenxiang.wang/work/TailGuardKV/.worktrees/baseline-smoke-final-aggregation/out/full_25session_baseline_9_14/full/policy_attempts/full40_20260916_h2o_static_safe/seed20260906/policy_tables/session25_policy_eps0p1_delta0p05_mem80.csv,uncalibrated_dynamic,hybrid-session-002-turn-3,hybrid-session-002,3,44770.59926796146,kivi_2bit_residual64,44769.61269094981,uncalibrated_dynamic,ttft_ms >= 1000 ms
/DATACENTER3/zhenxiang.wang/work/TailGuardKV/.worktrees/baseline-smoke-final-aggregation/out/full_25session_baseline_9_14/full/policy_attempts/full40_20260916_h2o_static_safe/seed20260906/policy_tables/session25_policy_eps0p1_delta0p05_mem80.csv,uncalibrated_dynamic,hybrid-session-003-turn-3,hybrid-session-003,3,44642.848520070314,kivi_4bit_residual64,44641.958122836426,uncalibrated_dynamic,ttft_ms >= 1000 ms
/DATACENTER3/zhenxiang.wang/work/TailGuardKV/.worktrees/baseline-smoke-final-aggregation/out/full_25session_baseline_9_14/full/policy_attempts/full40_20260916_h2o_static_safe/seed20260906/policy_tables/session25_policy_eps0p1_delta0p05_mem80.csv,uncalibrated_dynamic,hybrid-session-026-turn-3,hybrid-session-026,3,44042.69660978392,kivi_2bit_residual64,44041.74877602421,uncalibrated_dynamic,ttft_ms >= 1000 ms
/DATACENTER3/zhenxiang.wang/work/TailGuardKV/.worktrees/baseline-smoke-final-aggregation/out/full_25session_baseline_9_14/full/policy_attempts/full40_20260916_h2o_static_safe/seed20260906/policy_tables/session25_policy_eps0p1_delta0p05_mem80.csv,uncalibrated_dynamic,hybrid-session-002-turn-4,hybrid-session-002,4,44022.744449831545,kivi_4bit_residual64,44021.87255192362,uncalibrated_dynamic,ttft_ms >= 1000 ms
/DATACENTER3/zhenxiang.wang/work/TailGuardKV/.worktrees/baseline-smoke-final-aggregation/out/full_25session_baseline_9_14/full/policy_attempts/full40_20260916_h2o_static_safe/seed20260906/policy_tables/session25_policy_eps0p1_delta0p05_mem80.csv,uncalibrated_dynamic,hybrid-session-025-turn-4,hybrid-session-025,4,41961.140963992104,full_gpu,41960.25074510649,uncalibrated_dynamic,ttft_ms >= 1000 ms
/DATACENTER3/zhenxiang.wang/work/TailGuardKV/.worktrees/baseline-smoke-final-aggregation/out/full_25session_baseline_9_14/full/policy_attempts/full40_20260916_h2o_static_safe/seed20260906/policy_tables/session25_policy_eps0p1_delta0p05_mem80.csv,uncalibrated_dynamic,hybrid-session-026-turn-4,hybrid-session-026,4,45585.948374858126,kivi_4bit_residual64,45584.994789715856,uncalibrated_dynamic,ttft_ms >= 1000 ms
/DATACENTER3/zhenxiang.wang/work/TailGuardKV/.worktrees/baseline-smoke-final-aggregation/out/full_25session_baseline_9_14/full/policy_attempts/full40_20260916_h2o_static_safe/seed20260906/policy_tables/session25_policy_eps0p1_delta0p05_mem96.csv,full_lru,hybrid-session-002-turn-0,hybrid-session-002,0,3902.8469959739596,full_gpu,0.0,full precision exact profile,ttft_ms >= 1000 ms
/DATACENTER3/zhenxiang.wang/work/TailGuardKV/.worktrees/baseline-smoke-final-aggregation/out/full_25session_baseline_9_14/full/policy_attempts/full40_20260916_h2o_static_safe/seed20260906/policy_tables/session25_policy_eps0p1_delta0p05_mem96.csv,static_best,hybrid-session-002-turn-0,hybrid-session-002,0,3773.8659251481295,kivi_4bit_residual64,0.0,static_best,ttft_ms >= 1000 ms
/DATACENTER3/zhenxiang.wang/work/TailGuardKV/.worktrees/baseline-smoke-final-aggregation/out/full_25session_baseline_9_14/full/policy_attempts/full40_20260916_h2o_static_safe/seed20260906/policy_tables/session25_policy_eps0p1_delta0p05_mem96.csv,static_safe,hybrid-session-002-turn-0,hybrid-session-002,0,3687.4607228673995,kivi_4bit_residual64,0.0,static_safe,ttft_ms >= 1000 ms
/DATACENTER3/zhenxiang.wang/work/TailGuardKV/.worktrees/baseline-smoke-final-aggregation/out/full_25session_baseline_9_14/full/policy_attempts/full40_20260916_h2o_static_safe/seed20260906/policy_tables/session25_policy_eps0p1_delta0p05_mem96.csv,utility_dynamic,hybrid-session-002-turn-0,hybrid-session-002,0,3787.7643529791385,kivi_2bit_residual64,0.0,utility_dynamic,ttft_ms >= 1000 ms
/DATACENTER3/zhenxiang.wang/work/TailGuardKV/.worktrees/baseline-smoke-final-aggregation/out/full_25session_baseline_9_14/full/policy_attempts/full40_20260916_h2o_static_safe/seed20260906/policy_tables/session25_policy_eps0p1_delta0p05_mem96.csv,uncalibrated_dynamic,hybrid-session-002-turn-0,hybrid-session-002,0,3811.769906897098,kivi_4bit_residual64,0.0,uncalibrated_dynamic,ttft_ms >= 1000 ms
/DATACENTER3/zhenxiang.wang/work/TailGuardKV/.worktrees/baseline-smoke-final-aggregation/out/full_25session_baseline_9_14/full/policy_attempts/full40_20260916_h2o_static_safe/seed20260906/policy_tables/session25_policy_eps0p1_delta0p05_mem96.csv,uncalibrated_dynamic,hybrid-session-021-turn-4,hybrid-session-021,4,44744.814782161266,kivi_2bit_residual64,44743.85352641344,uncalibrated_dynamic,ttft_ms >= 1000 ms
/DATACENTER3/zhenxiang.wang/work/TailGuardKV/.worktrees/baseline-smoke-final-aggregation/out/full_25session_baseline_9_14/full/policy_attempts/full40_20260916_h2o_static_safe/seed20260906/policy_tables/session25_policy_eps0p1_delta0p05_mem96.csv,uncalibrated_dynamic,hybrid-session-025-turn-4,hybrid-session-025,4,45811.36597927101,kivi_4bit_residual64,45810.39630320296,uncalibrated_dynamic,ttft_ms >= 1000 ms
/DATACENTER3/zhenxiang.wang/work/TailGuardKV/.worktrees/baseline-smoke-final-aggregation/out/full_25session_baseline_9_14/full/policy_attempts/full40_20260916_h2o_static_safe/seed20260906/policy_tables/session25_policy_eps0p1_delta0p1_mem120p258.csv,full_lru,hybrid-session-002-turn-0,hybrid-session-002,0,3901.2970610056072,full_gpu,0.0,full precision exact profile,ttft_ms >= 1000 ms
/DATACENTER3/zhenxiang.wang/work/TailGuardKV/.worktrees/baseline-smoke-final-aggregation/out/full_25session_baseline_9_14/full/policy_attempts/full40_20260916_h2o_static_safe/seed20260906/policy_tables/session25_policy_eps0p1_delta0p1_mem120p258.csv,static_best,hybrid-session-002-turn-0,hybrid-session-002,0,3696.0385041311383,kivi_4bit_residual64,0.0,static_best,ttft_ms >= 1000 ms
/DATACENTER3/zhenxiang.wang/work/TailGuardKV/.worktrees/baseline-smoke-final-aggregation/out/full_25session_baseline_9_14/full/policy_attempts/full40_20260916_h2o_static_safe/seed20260906/policy_tables/session25_policy_eps0p1_delta0p1_mem120p258.csv,static_safe,hybrid-session-002-turn-0,hybrid-session-002,0,3861.318111186847,kivi_4bit_residual64,0.0,static_safe,ttft_ms >= 1000 ms
/DATACENTER3/zhenxiang.wang/work/TailGuardKV/.worktrees/baseline-smoke-final-aggregation/out/full_25session_baseline_9_14/full/policy_attempts/full40_20260916_h2o_static_safe/seed20260906/policy_tables/session25_policy_eps0p1_delta0p1_mem120p258.csv,utility_dynamic,hybrid-session-002-turn-0,hybrid-session-002,0,3657.761578913778,kivi_2bit_residual64,0.0,utility_dynamic,ttft_ms >= 1000 ms
/DATACENTER3/zhenxiang.wang/work/TailGuardKV/.worktrees/baseline-smoke-final-aggregation/out/full_25session_baseline_9_14/full/policy_attempts/full40_20260916_h2o_static_safe/seed20260906/policy_tables/session25_policy_eps0p1_delta0p1_mem120p258.csv,uncalibrated_dynamic,hybrid-session-002-turn-0,hybrid-session-002,0,3973.3067750930786,kivi_4bit_residual64,0.0,uncalibrated_dynamic,ttft_ms >= 1000 ms
/DATACENTER3/zhenxiang.wang/work/TailGuardKV/.worktrees/baseline-smoke-final-aggregation/out/full_25session_baseline_9_14/full/policy_attempts/full40_20260916_h2o_static_safe/seed20260906/policy_tables/session25_policy_eps0p1_delta0p1_mem15.csv,full_lru,hybrid-session-002-turn-0,hybrid-session-002,0,3853.6007090006024,full_gpu,0.0,full precision exact profile,ttft_ms >= 1000 ms
/DATACENTER3/zhenxiang.wang/work/TailGuardKV/.worktrees/baseline-smoke-final-aggregation/out/full_25session_baseline_9_14/full/policy_attempts/full40_20260916_h2o_static_safe/seed20260906/policy_tables/session25_policy_eps0p1_delta0p1_mem15.csv,static_best,hybrid-session-002-turn-0,hybrid-session-002,0,3908.7553329300135,kivi_4bit_residual64,0.0,static_best,ttft_ms >= 1000 ms
/DATACENTER3/zhenxiang.wang/work/TailGuardKV/.worktrees/baseline-smoke-final-aggregation/out/full_25session_baseline_9_14/full/policy_attempts/full40_20260916_h2o_static_safe/seed20260906/policy_tables/session25_policy_eps0p1_delta0p1_mem15.csv,static_best,hybrid-session-004-turn-1,hybrid-session-004,1,36697.607708245516,kivi_4bit_residual64,36696.64302313514,static_best,ttft_ms >= 1000 ms
/DATACENTER3/zhenxiang.wang/work/TailGuardKV/.worktrees/baseline-smoke-final-aggregation/out/full_25session_baseline_9_14/full/policy_attempts/full40_20260916_h2o_static_safe/seed20260906/policy_tables/session25_policy_eps0p1_delta0p1_mem15.csv,static_best,hybrid-session-003-turn-2,hybrid-session-003,2,43847.15748388693,kivi_4bit_residual64,43846.26656022295,static_best,ttft_ms >= 1000 ms
/DATACENTER3/zhenxiang.wang/work/TailGuardKV/.worktrees/baseline-smoke-final-aggregation/out/full_25session_baseline_9_14/full/policy_attempts/full40_20260916_h2o_static_safe/seed20260906/policy_tables/session25_policy_eps0p1_delta0p1_mem15.csv,static_best,hybrid-session-016-turn-2,hybrid-session-016,2,42816.41479108296,kivi_4bit_residual64,42815.38810107671,static_best,ttft_ms >= 1000 ms
/DATACENTER3/zhenxiang.wang/work/TailGuardKV/.worktrees/baseline-smoke-final-aggregation/out/full_25session_baseline_9_14/full/policy_attempts/full40_20260916_h2o_static_safe/seed20260906/policy_tables/session25_policy_eps0p1_delta0p1_mem15.csv,static_best,hybrid-session-016-turn-4,hybrid-session-016,4,43030.10782624595,kivi_4bit_residual64,43029.19506725855,static_best,ttft_ms >= 1000 ms
/DATACENTER3/zhenxiang.wang/work/TailGuardKV/.worktrees/baseline-smoke-final-aggregation/out/full_25session_baseline_9_14/full/policy_attempts/full40_20260916_h2o_static_safe/seed20260906/policy_tables/session25_policy_eps0p1_delta0p1_mem15.csv,static_safe,hybrid-session-002-turn-0,hybrid-session-002,0,3712.0340350084007,kivi_4bit_residual64,0.0,static_safe,ttft_ms >= 1000 ms
/DATACENTER3/zhenxiang.wang/work/TailGuardKV/.worktrees/baseline-smoke-final-aggregation/out/full_25session_baseline_9_14/full/policy_attempts/full40_20260916_h2o_static_safe/seed20260906/policy_tables/session25_policy_eps0p1_delta0p1_mem15.csv,static_safe,hybrid-session-004-turn-1,hybrid-session-004,1,43209.324940074235,kivi_4bit_residual64,43208.32072823681,static_safe,ttft_ms >= 1000 ms
/DATACENTER3/zhenxiang.wang/work/TailGuardKV/.worktrees/baseline-smoke-final-aggregation/out/full_25session_baseline_9_14/full/policy_attempts/full40_20260916_h2o_static_safe/seed20260906/policy_tables/session25_policy_eps0p1_delta0p1_mem15.csv,static_safe,hybrid-session-003-turn-2,hybrid-session-003,2,43191.79048687965,kivi_4bit_residual64,43190.73812892474,static_safe,ttft_ms >= 1000 ms
/DATACENTER3/zhenxiang.wang/work/TailGuardKV/.worktrees/baseline-smoke-final-aggregation/out/full_25session_baseline_9_14/full/policy_attempts/full40_20260916_h2o_static_safe/seed20260906/policy_tables/session25_policy_eps0p1_delta0p1_mem15.csv,static_safe,hybrid-session-016-turn-2,hybrid-session-016,2,37301.491442769766,kivi_4bit_residual64,37300.441592866555,static_safe,ttft_ms >= 1000 ms
/DATACENTER3/zhenxiang.wang/work/TailGuardKV/.worktrees/baseline-smoke-final-aggregation/out/full_25session_baseline_9_14/full/policy_attempts/full40_20260916_h2o_static_safe/seed20260906/policy_tables/session25_policy_eps0p1_delta0p1_mem15.csv,static_safe,hybrid-session-016-turn-4,hybrid-session-016,4,44292.45580515452,kivi_4bit_residual64,44291.4745872058,static_safe,ttft_ms >= 1000 ms
/DATACENTER3/zhenxiang.wang/work/TailGuardKV/.worktrees/baseline-smoke-final-aggregation/out/full_25session_baseline_9_14/full/policy_attempts/full40_20260916_h2o_static_safe/seed20260906/policy_tables/session25_policy_eps0p1_delta0p1_mem15.csv,utility_dynamic,hybrid-session-002-turn-0,hybrid-session-002,0,4176.238442072645,full_gpu,0.0,utility_dynamic,ttft_ms >= 1000 ms
/DATACENTER3/zhenxiang.wang/work/TailGuardKV/.worktrees/baseline-smoke-final-aggregation/out/full_25session_baseline_9_14/full/policy_attempts/full40_20260916_h2o_static_safe/seed20260906/policy_tables/session25_policy_eps0p1_delta0p1_mem15.csv,uncalibrated_dynamic,hybrid-session-002-turn-0,hybrid-session-002,0,4212.806984083727,full_gpu,0.0,uncalibrated_dynamic,ttft_ms >= 1000 ms
/DATACENTER3/zhenxiang.wang/work/TailGuardKV/.worktrees/baseline-smoke-final-aggregation/out/full_25session_baseline_9_14/full/policy_attempts/full40_20260916_h2o_static_safe/seed20260906/policy_tables/session25_policy_eps0p1_delta0p1_mem20.csv,full_lru,hybrid-session-002-turn-0,hybrid-session-002,0,4062.1968030463904,full_gpu,0.0,full precision exact profile,ttft_ms >= 1000 ms
/DATACENTER3/zhenxiang.wang/work/TailGuardKV/.worktrees/baseline-smoke-final-aggregation/out/full_25session_baseline_9_14/full/policy_attempts/full40_20260916_h2o_static_safe/seed20260906/policy_tables/session25_policy_eps0p1_delta0p1_mem20.csv,static_best,hybrid-session-002-turn-0,hybrid-session-002,0,3797.8503780905157,kivi_4bit_residual64,0.0,static_best,ttft_ms >= 1000 ms
/DATACENTER3/zhenxiang.wang/work/TailGuardKV/.worktrees/baseline-smoke-final-aggregation/out/full_25session_baseline_9_14/full/policy_attempts/full40_20260916_h2o_static_safe/seed20260906/policy_tables/session25_policy_eps0p1_delta0p1_mem20.csv,static_best,hybrid-session-004-turn-1,hybrid-session-004,1,43855.669787719846,kivi_4bit_residual64,43854.67265579663,static_best,ttft_ms >= 1000 ms
/DATACENTER3/zhenxiang.wang/work/TailGuardKV/.worktrees/baseline-smoke-final-aggregation/out/full_25session_baseline_9_14/full/policy_attempts/full40_20260916_h2o_static_safe/seed20260906/policy_tables/session25_policy_eps0p1_delta0p1_mem20.csv,static_best,hybrid-session-003-turn-2,hybrid-session-003,2,43236.87284616195,kivi_4bit_residual64,43235.814415285364,static_best,ttft_ms >= 1000 ms
/DATACENTER3/zhenxiang.wang/work/TailGuardKV/.worktrees/baseline-smoke-final-aggregation/out/full_25session_baseline_9_14/full/policy_attempts/full40_20260916_h2o_static_safe/seed20260906/policy_tables/session25_policy_eps0p1_delta0p1_mem20.csv,static_best,hybrid-session-016-turn-2,hybrid-session-016,2,42625.638939162716,kivi_4bit_residual64,42624.62584413774,static_best,ttft_ms >= 1000 ms
/DATACENTER3/zhenxiang.wang/work/TailGuardKV/.worktrees/baseline-smoke-final-aggregation/out/full_25session_baseline_9_14/full/policy_attempts/full40_20260916_h2o_static_safe/seed20260906/policy_tables/session25_policy_eps0p1_delta0p1_mem20.csv,static_best,hybrid-session-016-turn-4,hybrid-session-016,4,44129.24586312845,kivi_4bit_residual64,44128.22363299318,static_best,ttft_ms >= 1000 ms
/DATACENTER3/zhenxiang.wang/work/TailGuardKV/.worktrees/baseline-smoke-final-aggregation/out/full_25session_baseline_9_14/full/policy_attempts/full40_20260916_h2o_static_safe/seed20260906/policy_tables/session25_policy_eps0p1_delta0p1_mem20.csv,static_safe,hybrid-session-002-turn-0,hybrid-session-002,0,3733.133589848876,kivi_4bit_residual64,0.0,static_safe,ttft_ms >= 1000 ms
/DATACENTER3/zhenxiang.wang/work/TailGuardKV/.worktrees/baseline-smoke-final-aggregation/out/full_25session_baseline_9_14/full/policy_attempts/full40_20260916_h2o_static_safe/seed20260906/policy_tables/session25_policy_eps0p1_delta0p1_mem20.csv,static_safe,hybrid-session-004-turn-1,hybrid-session-004,1,41658.816632913426,kivi_4bit_residual64,41657.837443850935,static_safe,ttft_ms >= 1000 ms
/DATACENTER3/zhenxiang.wang/work/TailGuardKV/.worktrees/baseline-smoke-final-aggregation/out/full_25session_baseline_9_14/full/policy_attempts/full40_20260916_h2o_static_safe/seed20260906/policy_tables/session25_policy_eps0p1_delta0p1_mem20.csv,static_safe,hybrid-session-003-turn-2,hybrid-session-003,2,41993.837482869625,kivi_4bit_residual64,41992.921278920025,static_safe,ttft_ms >= 1000 ms
/DATACENTER3/zhenxiang.wang/work/TailGuardKV/.worktrees/baseline-smoke-final-aggregation/out/full_25session_baseline_9_14/full/policy_attempts/full40_20260916_h2o_static_safe/seed20260906/policy_tables/session25_policy_eps0p1_delta0p1_mem20.csv,static_safe,hybrid-session-016-turn-2,hybrid-session-016,2,42890.03026991896,kivi_4bit_residual64,42889.14172974229,static_safe,ttft_ms >= 1000 ms
/DATACENTER3/zhenxiang.wang/work/TailGuardKV/.worktrees/baseline-smoke-final-aggregation/out/full_25session_baseline_9_14/full/policy_attempts/full40_20260916_h2o_static_safe/seed20260906/policy_tables/session25_policy_eps0p1_delta0p1_mem20.csv,static_safe,hybrid-session-016-turn-4,hybrid-session-016,4,42561.82759025134,kivi_4bit_residual64,42560.95042012632,static_safe,ttft_ms >= 1000 ms
/DATACENTER3/zhenxiang.wang/work/TailGuardKV/.worktrees/baseline-smoke-final-aggregation/out/full_25session_baseline_9_14/full/policy_attempts/full40_20260916_h2o_static_safe/seed20260906/policy_tables/session25_policy_eps0p1_delta0p1_mem20.csv,utility_dynamic,hybrid-session-002-turn-0,hybrid-session-002,0,1668.7907509040087,full_gpu,0.0,utility_dynamic,ttft_ms >= 1000 ms
/DATACENTER3/zhenxiang.wang/work/TailGuardKV/.worktrees/baseline-smoke-final-aggregation/out/full_25session_baseline_9_14/full/policy_attempts/full40_20260916_h2o_static_safe/seed20260906/policy_tables/session25_policy_eps0p1_delta0p1_mem20.csv,uncalibrated_dynamic,hybrid-session-002-turn-0,hybrid-session-002,0,3998.3334890566766,full_gpu,0.0,uncalibrated_dynamic,ttft_ms >= 1000 ms
/DATACENTER3/zhenxiang.wang/work/TailGuardKV/.worktrees/baseline-smoke-final-aggregation/out/full_25session_baseline_9_14/full/policy_attempts/full40_20260916_h2o_static_safe/seed20260906/policy_tables/session25_policy_eps0p1_delta0p1_mem25.csv,full_lru,hybrid-session-002-turn-0,hybrid-session-002,0,4149.444093927741,full_gpu,0.0,full precision exact profile,ttft_ms >= 1000 ms
/DATACENTER3/zhenxiang.wang/work/TailGuardKV/.worktrees/baseline-smoke-final-aggregation/out/full_25session_baseline_9_14/full/policy_attempts/full40_20260916_h2o_static_safe/seed20260906/policy_tables/session25_policy_eps0p1_delta0p1_mem25.csv,static_best,hybrid-session-002-turn-0,hybrid-session-002,0,3780.878677032888,kivi_4bit_residual64,0.0,static_best,ttft_ms >= 1000 ms
/DATACENTER3/zhenxiang.wang/work/TailGuardKV/.worktrees/baseline-smoke-final-aggregation/out/full_25session_baseline_9_14/full/policy_attempts/full40_20260916_h2o_static_safe/seed20260906/policy_tables/session25_policy_eps0p1_delta0p1_mem25.csv,static_best,hybrid-session-004-turn-1,hybrid-session-004,1,45946.344209877774,kivi_4bit_residual64,45945.414806758985,static_best,ttft_ms >= 1000 ms
/DATACENTER3/zhenxiang.wang/work/TailGuardKV/.worktrees/baseline-smoke-final-aggregation/out/full_25session_baseline_9_14/full/policy_attempts/full40_20260916_h2o_static_safe/seed20260906/policy_tables/session25_policy_eps0p1_delta0p1_mem25.csv,static_best,hybrid-session-003-turn-2,hybrid-session-003,2,43359.37566405721,kivi_4bit_residual64,43358.43848788738,static_best,ttft_ms >= 1000 ms
/DATACENTER3/zhenxiang.wang/work/TailGuardKV/.worktrees/baseline-smoke-final-aggregation/out/full_25session_baseline_9_14/full/policy_attempts/full40_20260916_h2o_static_safe/seed20260906/policy_tables/session25_policy_eps0p1_delta0p1_mem25.csv,static_best,hybrid-session-016-turn-2,hybrid-session-016,2,42422.11163905449,kivi_4bit_residual64,42421.18931096047,static_best,ttft_ms >= 1000 ms
/DATACENTER3/zhenxiang.wang/work/TailGuardKV/.worktrees/baseline-smoke-final-aggregation/out/full_25session_baseline_9_14/full/policy_attempts/full40_20260916_h2o_static_safe/seed20260906/policy_tables/session25_policy_eps0p1_delta0p1_mem25.csv,static_best,hybrid-session-016-turn-4,hybrid-session-016,4,43115.33333015442,kivi_4bit_residual64,43114.43459222838,static_best,ttft_ms >= 1000 ms
/DATACENTER3/zhenxiang.wang/work/TailGuardKV/.worktrees/baseline-smoke-final-aggregation/out/full_25session_baseline_9_14/full/policy_attempts/full40_20260916_h2o_static_safe/seed20260906/policy_tables/session25_policy_eps0p1_delta0p1_mem25.csv,static_safe,hybrid-session-002-turn-0,hybrid-session-002,0,3713.780840160325,kivi_4bit_residual64,0.0,static_safe,ttft_ms >= 1000 ms
/DATACENTER3/zhenxiang.wang/work/TailGuardKV/.worktrees/baseline-smoke-final-aggregation/out/full_25session_baseline_9_14/full/policy_attempts/full40_20260916_h2o_static_safe/seed20260906/policy_tables/session25_policy_eps0p1_delta0p1_mem25.csv,static_safe,hybrid-session-004-turn-1,hybrid-session-004,1,42851.688344927505,kivi_4bit_residual64,42850.68781879917,static_safe,ttft_ms >= 1000 ms
/DATACENTER3/zhenxiang.wang/work/TailGuardKV/.worktrees/baseline-smoke-final-aggregation/out/full_25session_baseline_9_14/full/policy_attempts/full40_20260916_h2o_static_safe/seed20260906/policy_tables/session25_policy_eps0p1_delta0p1_mem25.csv,static_safe,hybrid-session-003-turn-2,hybrid-session-003,2,42916.35884869285,kivi_4bit_residual64,42915.43447378464,static_safe,ttft_ms >= 1000 ms
/DATACENTER3/zhenxiang.wang/work/TailGuardKV/.worktrees/baseline-smoke-final-aggregation/out/full_25session_baseline_9_14/full/policy_attempts/full40_20260916_h2o_static_safe/seed20260906/policy_tables/session25_policy_eps0p1_delta0p1_mem25.csv,static_safe,hybrid-session-016-turn-2,hybrid-session-016,2,35466.49223112501,kivi_4bit_residual64,35465.57122993283,static_safe,ttft_ms >= 1000 ms
/DATACENTER3/zhenxiang.wang/work/TailGuardKV/.worktrees/baseline-smoke-final-aggregation/out/full_25session_baseline_9_14/full/policy_attempts/full40_20260916_h2o_static_safe/seed20260906/policy_tables/session25_policy_eps0p1_delta0p1_mem25.csv,static_safe,hybrid-session-016-turn-4,hybrid-session-016,4,43145.865153187886,kivi_4bit_residual64,43144.99941923842,static_safe,ttft_ms >= 1000 ms
/DATACENTER3/zhenxiang.wang/work/TailGuardKV/.worktrees/baseline-smoke-final-aggregation/out/full_25session_baseline_9_14/full/policy_attempts/full40_20260916_h2o_static_safe/seed20260906/policy_tables/session25_policy_eps0p1_delta0p1_mem25.csv,utility_dynamic,hybrid-session-002-turn-0,hybrid-session-002,0,3809.4940239097923,full_gpu,0.0,utility_dynamic,ttft_ms >= 1000 ms
/DATACENTER3/zhenxiang.wang/work/TailGuardKV/.worktrees/baseline-smoke-final-aggregation/out/full_25session_baseline_9_14/full/policy_attempts/full40_20260916_h2o_static_safe/seed20260906/policy_tables/session25_policy_eps0p1_delta0p1_mem25.csv,uncalibrated_dynamic,hybrid-session-002-turn-0,hybrid-session-002,0,4118.551563005894,full_gpu,0.0,uncalibrated_dynamic,ttft_ms >= 1000 ms
/DATACENTER3/zhenxiang.wang/work/TailGuardKV/.worktrees/baseline-smoke-final-aggregation/out/full_25session_baseline_9_14/full/policy_attempts/full40_20260916_h2o_static_safe/seed20260906/policy_tables/session25_policy_eps0p1_delta0p1_mem30.csv,full_lru,hybrid-session-002-turn-0,hybrid-session-002,0,3793.3978508226573,full_gpu,0.0,full precision exact profile,ttft_ms >= 1000 ms
/DATACENTER3/zhenxiang.wang/work/TailGuardKV/.worktrees/baseline-smoke-final-aggregation/out/full_25session_baseline_9_14/full/policy_attempts/full40_20260916_h2o_static_safe/seed20260906/policy_tables/session25_policy_eps0p1_delta0p1_mem30.csv,static_best,hybrid-session-002-turn-0,hybrid-session-002,0,3891.5908609051257,kivi_4bit_residual64,0.0,static_best,ttft_ms >= 1000 ms
/DATACENTER3/zhenxiang.wang/work/TailGuardKV/.worktrees/baseline-smoke-final-aggregation/out/full_25session_baseline_9_14/full/policy_attempts/full40_20260916_h2o_static_safe/seed20260906/policy_tables/session25_policy_eps0p1_delta0p1_mem30.csv,static_best,hybrid-session-016-turn-2,hybrid-session-016,2,43053.48248005472,kivi_4bit_residual64,43052.51369805634,static_best,ttft_ms >= 1000 ms
/DATACENTER3/zhenxiang.wang/work/TailGuardKV/.worktrees/baseline-smoke-final-aggregation/out/full_25session_baseline_9_14/full/policy_attempts/full40_20260916_h2o_static_safe/seed20260906/policy_tables/session25_policy_eps0p1_delta0p1_mem30.csv,static_best,hybrid-session-016-turn-4,hybrid-session-016,4,43678.67352290638,kivi_4bit_residual64,43677.66453291848,static_best,ttft_ms >= 1000 ms
/DATACENTER3/zhenxiang.wang/work/TailGuardKV/.worktrees/baseline-smoke-final-aggregation/out/full_25session_baseline_9_14/full/policy_attempts/full40_20260916_h2o_static_safe/seed20260906/policy_tables/session25_policy_eps0p1_delta0p1_mem30.csv,static_safe,hybrid-session-002-turn-0,hybrid-session-002,0,4081.8307620938867,kivi_4bit_residual64,0.0,static_safe,ttft_ms >= 1000 ms
/DATACENTER3/zhenxiang.wang/work/TailGuardKV/.worktrees/baseline-smoke-final-aggregation/out/full_25session_baseline_9_14/full/policy_attempts/full40_20260916_h2o_static_safe/seed20260906/policy_tables/session25_policy_eps0p1_delta0p1_mem30.csv,static_safe,hybrid-session-016-turn-2,hybrid-session-016,2,40225.070848161355,kivi_4bit_residual64,40224.07488318533,static_safe,ttft_ms >= 1000 ms
/DATACENTER3/zhenxiang.wang/work/TailGuardKV/.worktrees/baseline-smoke-final-aggregation/out/full_25session_baseline_9_14/full/policy_attempts/full40_20260916_h2o_static_safe/seed20260906/policy_tables/session25_policy_eps0p1_delta0p1_mem30.csv,static_safe,hybrid-session-016-turn-4,hybrid-session-016,4,42742.79734705016,kivi_4bit_residual64,42741.65119606443,static_safe,ttft_ms >= 1000 ms
/DATACENTER3/zhenxiang.wang/work/TailGuardKV/.worktrees/baseline-smoke-final-aggregation/out/full_25session_baseline_9_14/full/policy_attempts/full40_20260916_h2o_static_safe/seed20260906/policy_tables/session25_policy_eps0p1_delta0p1_mem30.csv,utility_dynamic,hybrid-session-002-turn-0,hybrid-session-002,0,4032.4488719925284,full_gpu,0.0,utility_dynamic,ttft_ms >= 1000 ms
/DATACENTER3/zhenxiang.wang/work/TailGuardKV/.worktrees/baseline-smoke-final-aggregation/out/full_25session_baseline_9_14/full/policy_attempts/full40_20260916_h2o_static_safe/seed20260906/policy_tables/session25_policy_eps0p1_delta0p1_mem30.csv,uncalibrated_dynamic,hybrid-session-002-turn-0,hybrid-session-002,0,4039.282171986997,full_gpu,0.0,uncalibrated_dynamic,ttft_ms >= 1000 ms
/DATACENTER3/zhenxiang.wang/work/TailGuardKV/.worktrees/baseline-smoke-final-aggregation/out/full_25session_baseline_9_14/full/policy_attempts/full40_20260916_h2o_static_safe/seed20260906/policy_tables/session25_policy_eps0p1_delta0p1_mem35.csv,full_lru,hybrid-session-002-turn-0,hybrid-session-002,0,3921.806850004941,full_gpu,0.0,full precision exact profile,ttft_ms >= 1000 ms
/DATACENTER3/zhenxiang.wang/work/TailGuardKV/.worktrees/baseline-smoke-final-aggregation/out/full_25session_baseline_9_14/full/policy_attempts/full40_20260916_h2o_static_safe/seed20260906/policy_tables/session25_policy_eps0p1_delta0p1_mem35.csv,static_best,hybrid-session-002-turn-0,hybrid-session-002,0,3506.1698788776994,kivi_4bit_residual64,0.0,static_best,ttft_ms >= 1000 ms
/DATACENTER3/zhenxiang.wang/work/TailGuardKV/.worktrees/baseline-smoke-final-aggregation/out/full_25session_baseline_9_14/full/policy_attempts/full40_20260916_h2o_static_safe/seed20260906/policy_tables/session25_policy_eps0p1_delta0p1_mem35.csv,static_best,hybrid-session-016-turn-2,hybrid-session-016,2,36234.24466293678,kivi_4bit_residual64,36233.325831959024,static_best,ttft_ms >= 1000 ms
/DATACENTER3/zhenxiang.wang/work/TailGuardKV/.worktrees/baseline-smoke-final-aggregation/out/full_25session_baseline_9_14/full/policy_attempts/full40_20260916_h2o_static_safe/seed20260906/policy_tables/session25_policy_eps0p1_delta0p1_mem35.csv,static_best,hybrid-session-016-turn-4,hybrid-session-016,4,42344.870846876875,kivi_4bit_residual64,42343.9811639674,static_best,ttft_ms >= 1000 ms
/DATACENTER3/zhenxiang.wang/work/TailGuardKV/.worktrees/baseline-smoke-final-aggregation/out/full_25session_baseline_9_14/full/policy_attempts/full40_20260916_h2o_static_safe/seed20260906/policy_tables/session25_policy_eps0p1_delta0p1_mem35.csv,static_safe,hybrid-session-002-turn-0,hybrid-session-002,0,3668.3743360918015,kivi_4bit_residual64,0.0,static_safe,ttft_ms >= 1000 ms
/DATACENTER3/zhenxiang.wang/work/TailGuardKV/.worktrees/baseline-smoke-final-aggregation/out/full_25session_baseline_9_14/full/policy_attempts/full40_20260916_h2o_static_safe/seed20260906/policy_tables/session25_policy_eps0p1_delta0p1_mem35.csv,static_safe,hybrid-session-016-turn-2,hybrid-session-016,2,42388.7379549779,kivi_4bit_residual64,42387.693417105824,static_safe,ttft_ms >= 1000 ms
/DATACENTER3/zhenxiang.wang/work/TailGuardKV/.worktrees/baseline-smoke-final-aggregation/out/full_25session_baseline_9_14/full/policy_attempts/full40_20260916_h2o_static_safe/seed20260906/policy_tables/session25_policy_eps0p1_delta0p1_mem35.csv,static_safe,hybrid-session-016-turn-4,hybrid-session-016,4,43607.64655395597,kivi_4bit_residual64,43606.69474298321,static_safe,ttft_ms >= 1000 ms
/DATACENTER3/zhenxiang.wang/work/TailGuardKV/.worktrees/baseline-smoke-final-aggregation/out/full_25session_baseline_9_14/full/policy_attempts/full40_20260916_h2o_static_safe/seed20260906/policy_tables/session25_policy_eps0p1_delta0p1_mem35.csv,utility_dynamic,hybrid-session-002-turn-0,hybrid-session-002,0,3687.706697965041,kivi_2bit_residual64,0.0,utility_dynamic,ttft_ms >= 1000 ms
/DATACENTER3/zhenxiang.wang/work/TailGuardKV/.worktrees/baseline-smoke-final-aggregation/out/full_25session_baseline_9_14/full/policy_attempts/full40_20260916_h2o_static_safe/seed20260906/policy_tables/session25_policy_eps0p1_delta0p1_mem35.csv,utility_dynamic,hybrid-session-004-turn-0,hybrid-session-004,0,40582.7379270345,kivi_2bit_residual32,0.0,utility_dynamic,ttft_ms >= 1000 ms
/DATACENTER3/zhenxiang.wang/work/TailGuardKV/.worktrees/baseline-smoke-final-aggregation/out/full_25session_baseline_9_14/full/policy_attempts/full40_20260916_h2o_static_safe/seed20260906/policy_tables/session25_policy_eps0p1_delta0p1_mem35.csv,utility_dynamic,hybrid-session-005-turn-0,hybrid-session-005,0,40671.160097265616,kivi_2bit_residual64,0.0,utility_dynamic,ttft_ms >= 1000 ms
/DATACENTER3/zhenxiang.wang/work/TailGuardKV/.worktrees/baseline-smoke-final-aggregation/out/full_25session_baseline_9_14/full/policy_attempts/full40_20260916_h2o_static_safe/seed20260906/policy_tables/session25_policy_eps0p1_delta0p1_mem35.csv,utility_dynamic,hybrid-session-009-turn-0,hybrid-session-009,0,35115.12735327147,full_gpu,0.0,utility_dynamic,ttft_ms >= 1000 ms
/DATACENTER3/zhenxiang.wang/work/TailGuardKV/.worktrees/baseline-smoke-final-aggregation/out/full_25session_baseline_9_14/full/policy_attempts/full40_20260916_h2o_static_safe/seed20260906/policy_tables/session25_policy_eps0p1_delta0p1_mem35.csv,utility_dynamic,hybrid-session-010-turn-0,hybrid-session-010,0,40641.96219706349,kivi_2bit_residual64,0.0,utility_dynamic,ttft_ms >= 1000 ms
/DATACENTER3/zhenxiang.wang/work/TailGuardKV/.worktrees/baseline-smoke-final-aggregation/out/full_25session_baseline_9_14/full/policy_attempts/full40_20260916_h2o_static_safe/seed20260906/policy_tables/session25_policy_eps0p1_delta0p1_mem35.csv,utility_dynamic,hybrid-session-016-turn-0,hybrid-session-016,0,43971.28332703374,kivi_2bit_residual32,0.0,utility_dynamic,ttft_ms >= 1000 ms
/DATACENTER3/zhenxiang.wang/work/TailGuardKV/.worktrees/baseline-smoke-final-aggregation/out/full_25session_baseline_9_14/full/policy_attempts/full40_20260916_h2o_static_safe/seed20260906/policy_tables/session25_policy_eps0p1_delta0p1_mem35.csv,utility_dynamic,hybrid-session-020-turn-0,hybrid-session-020,0,42224.92720613815,kivi_2bit_residual64,0.0,utility_dynamic,ttft_ms >= 1000 ms
/DATACENTER3/zhenxiang.wang/work/TailGuardKV/.worktrees/baseline-smoke-final-aggregation/out/full_25session_baseline_9_14/full/policy_attempts/full40_20260916_h2o_static_safe/seed20260906/policy_tables/session25_policy_eps0p1_delta0p1_mem35.csv,utility_dynamic,hybrid-session-021-turn-0,hybrid-session-021,0,41862.999799117446,kivi_2bit_residual32,0.0,utility_dynamic,ttft_ms >= 1000 ms
/DATACENTER3/zhenxiang.wang/work/TailGuardKV/.worktrees/baseline-smoke-final-aggregation/out/full_25session_baseline_9_14/full/policy_attempts/full40_20260916_h2o_static_safe/seed20260906/policy_tables/session25_policy_eps0p1_delta0p1_mem35.csv,utility_dynamic,hybrid-session-025-turn-0,hybrid-session-025,0,41271.95247216709,kivi_2bit_residual64,0.0,utility_dynamic,ttft_ms >= 1000 ms
/DATACENTER3/zhenxiang.wang/work/TailGuardKV/.worktrees/baseline-smoke-final-aggregation/out/full_25session_baseline_9_14/full/policy_attempts/full40_20260916_h2o_static_safe/seed20260906/policy_tables/session25_policy_eps0p1_delta0p1_mem35.csv,utility_dynamic,hybrid-session-016-turn-1,hybrid-session-016,1,44193.00498103723,kivi_2bit_residual32,44192.05396704376,utility_dynamic,ttft_ms >= 1000 ms
/DATACENTER3/zhenxiang.wang/work/TailGuardKV/.worktrees/baseline-smoke-final-aggregation/out/full_25session_baseline_9_14/full/policy_attempts/full40_20260916_h2o_static_safe/seed20260906/policy_tables/session25_policy_eps0p1_delta0p1_mem35.csv,utility_dynamic,hybrid-session-020-turn-1,hybrid-session-020,1,43583.95932690613,kivi_2bit_residual64,43582.99560292065,utility_dynamic,ttft_ms >= 1000 ms
/DATACENTER3/zhenxiang.wang/work/TailGuardKV/.worktrees/baseline-smoke-final-aggregation/out/full_25session_baseline_9_14/full/policy_attempts/full40_20260916_h2o_static_safe/seed20260906/policy_tables/session25_policy_eps0p1_delta0p1_mem35.csv,utility_dynamic,hybrid-session-010-turn-2,hybrid-session-010,2,41119.630319876596,full_gpu,41118.64654498175,utility_dynamic,ttft_ms >= 1000 ms
/DATACENTER3/zhenxiang.wang/work/TailGuardKV/.worktrees/baseline-smoke-final-aggregation/out/full_25session_baseline_9_14/full/policy_attempts/full40_20260916_h2o_static_safe/seed20260906/policy_tables/session25_policy_eps0p1_delta0p1_mem35.csv,utility_dynamic,hybrid-session-013-turn-2,hybrid-session-013,2,45278.3787450213,kivi_2bit_residual64,45277.372735964134,utility_dynamic,ttft_ms >= 1000 ms
/DATACENTER3/zhenxiang.wang/work/TailGuardKV/.worktrees/baseline-smoke-final-aggregation/out/full_25session_baseline_9_14/full/policy_attempts/full40_20260916_h2o_static_safe/seed20260906/policy_tables/session25_policy_eps0p1_delta0p1_mem35.csv,utility_dynamic,hybrid-session-004-turn-3,hybrid-session-004,3,41359.61661801487,full_gpu,41358.670156093314,utility_dynamic,ttft_ms >= 1000 ms
/DATACENTER3/zhenxiang.wang/work/TailGuardKV/.worktrees/baseline-smoke-final-aggregation/out/full_25session_baseline_9_14/full/policy_attempts/full40_20260916_h2o_static_safe/seed20260906/policy_tables/session25_policy_eps0p1_delta0p1_mem35.csv,utility_dynamic,hybrid-session-005-turn-3,hybrid-session-005,3,44939.63845671341,kivi_2bit_residual64,44938.66977087408,utility_dynamic,ttft_ms >= 1000 ms
/DATACENTER3/zhenxiang.wang/work/TailGuardKV/.worktrees/baseline-smoke-final-aggregation/out/full_25session_baseline_9_14/full/policy_attempts/full40_20260916_h2o_static_safe/seed20260906/policy_tables/session25_policy_eps0p1_delta0p1_mem35.csv,utility_dynamic,hybrid-session-021-turn-3,hybrid-session-021,3,40199.98601000942,full_gpu,40199.134590022266,utility_dynamic,ttft_ms >= 1000 ms
/DATACENTER3/zhenxiang.wang/work/TailGuardKV/.worktrees/baseline-smoke-final-aggregation/out/full_25session_baseline_9_14/full/policy_attempts/full40_20260916_h2o_static_safe/seed20260906/policy_tables/session25_policy_eps0p1_delta0p1_mem35.csv,utility_dynamic,hybrid-session-025-turn-3,hybrid-session-025,3,44368.22819000296,kivi_2bit_residual64,44367.29374400526,utility_dynamic,ttft_ms >= 1000 ms
/DATACENTER3/zhenxiang.wang/work/TailGuardKV/.worktrees/baseline-smoke-final-aggregation/out/full_25session_baseline_9_14/full/policy_attempts/full40_20260916_h2o_static_safe/seed20260906/policy_tables/session25_policy_eps0p1_delta0p1_mem35.csv,utility_dynamic,hybrid-session-006-turn-4,hybrid-session-006,4,40099.072527108714,full_gpu,40098.021273935214,utility_dynamic,ttft_ms >= 1000 ms
/DATACENTER3/zhenxiang.wang/work/TailGuardKV/.worktrees/baseline-smoke-final-aggregation/out/full_25session_baseline_9_14/full/policy_attempts/full40_20260916_h2o_static_safe/seed20260906/policy_tables/session25_policy_eps0p1_delta0p1_mem35.csv,utility_dynamic,hybrid-session-009-turn-4,hybrid-session-009,4,44187.874673048034,kivi_2bit_residual64,44186.96389009431,utility_dynamic,ttft_ms >= 1000 ms
/DATACENTER3/zhenxiang.wang/work/TailGuardKV/.worktrees/baseline-smoke-final-aggregation/out/full_25session_baseline_9_14/full/policy_attempts/full40_20260916_h2o_static_safe/seed20260906/policy_tables/session25_policy_eps0p1_delta0p1_mem35.csv,utility_dynamic,hybrid-session-026-turn-4,hybrid-session-026,4,40611.608935020864,full_gpu,40610.560847179964,utility_dynamic,ttft_ms >= 1000 ms
/DATACENTER3/zhenxiang.wang/work/TailGuardKV/.worktrees/baseline-smoke-final-aggregation/out/full_25session_baseline_9_14/full/policy_attempts/full40_20260916_h2o_static_safe/seed20260906/policy_tables/session25_policy_eps0p1_delta0p1_mem35.csv,uncalibrated_dynamic,hybrid-session-002-turn-0,hybrid-session-002,0,1607.0192409679294,kivi_2bit_residual64,0.0,uncalibrated_dynamic,ttft_ms >= 1000 ms
/DATACENTER3/zhenxiang.wang/work/TailGuardKV/.worktrees/baseline-smoke-final-aggregation/out/full_25session_baseline_9_14/full/policy_attempts/full40_20260916_h2o_static_safe/seed20260906/policy_tables/session25_policy_eps0p1_delta0p1_mem35.csv,uncalibrated_dynamic,hybrid-session-004-turn-0,hybrid-session-004,0,38871.84691070765,kivi_2bit_residual32,0.0,uncalibrated_dynamic,ttft_ms >= 1000 ms
/DATACENTER3/zhenxiang.wang/work/TailGuardKV/.worktrees/baseline-smoke-final-aggregation/out/full_25session_baseline_9_14/full/policy_attempts/full40_20260916_h2o_static_safe/seed20260906/policy_tables/session25_policy_eps0p1_delta0p1_mem35.csv,uncalibrated_dynamic,hybrid-session-005-turn-0,hybrid-session-005,0,39918.419360080734,kivi_2bit_residual64,0.0,uncalibrated_dynamic,ttft_ms >= 1000 ms
/DATACENTER3/zhenxiang.wang/work/TailGuardKV/.worktrees/baseline-smoke-final-aggregation/out/full_25session_baseline_9_14/full/policy_attempts/full40_20260916_h2o_static_safe/seed20260906/policy_tables/session25_policy_eps0p1_delta0p1_mem35.csv,uncalibrated_dynamic,hybrid-session-009-turn-0,hybrid-session-009,0,41958.28830708936,full_gpu,0.0,uncalibrated_dynamic,ttft_ms >= 1000 ms
/DATACENTER3/zhenxiang.wang/work/TailGuardKV/.worktrees/baseline-smoke-final-aggregation/out/full_25session_baseline_9_14/full/policy_attempts/full40_20260916_h2o_static_safe/seed20260906/policy_tables/session25_policy_eps0p1_delta0p1_mem35.csv,uncalibrated_dynamic,hybrid-session-010-turn-0,hybrid-session-010,0,40396.02706601657,kivi_2bit_residual64,0.0,uncalibrated_dynamic,ttft_ms >= 1000 ms
/DATACENTER3/zhenxiang.wang/work/TailGuardKV/.worktrees/baseline-smoke-final-aggregation/out/full_25session_baseline_9_14/full/policy_attempts/full40_20260916_h2o_static_safe/seed20260906/policy_tables/session25_policy_eps0p1_delta0p1_mem35.csv,uncalibrated_dynamic,hybrid-session-016-turn-0,hybrid-session-016,0,44576.66327000223,kivi_2bit_residual32,0.0,uncalibrated_dynamic,ttft_ms >= 1000 ms
/DATACENTER3/zhenxiang.wang/work/TailGuardKV/.worktrees/baseline-smoke-final-aggregation/out/full_25session_baseline_9_14/full/policy_attempts/full40_20260916_h2o_static_safe/seed20260906/policy_tables/session25_policy_eps0p1_delta0p1_mem35.csv,uncalibrated_dynamic,hybrid-session-020-turn-0,hybrid-session-020,0,40686.060171138495,kivi_2bit_residual64,0.0,uncalibrated_dynamic,ttft_ms >= 1000 ms
/DATACENTER3/zhenxiang.wang/work/TailGuardKV/.worktrees/baseline-smoke-final-aggregation/out/full_25session_baseline_9_14/full/policy_attempts/full40_20260916_h2o_static_safe/seed20260906/policy_tables/session25_policy_eps0p1_delta0p1_mem35.csv,uncalibrated_dynamic,hybrid-session-021-turn-0,hybrid-session-021,0,40298.05059181899,kivi_2bit_residual32,0.0,uncalibrated_dynamic,ttft_ms >= 1000 ms
/DATACENTER3/zhenxiang.wang/work/TailGuardKV/.worktrees/baseline-smoke-final-aggregation/out/full_25session_baseline_9_14/full/policy_attempts/full40_20260916_h2o_static_safe/seed20260906/policy_tables/session25_policy_eps0p1_delta0p1_mem35.csv,uncalibrated_dynamic,hybrid-session-025-turn-0,hybrid-session-025,0,41302.606539020315,kivi_2bit_residual64,0.0,uncalibrated_dynamic,ttft_ms >= 1000 ms
/DATACENTER3/zhenxiang.wang/work/TailGuardKV/.worktrees/baseline-smoke-final-aggregation/out/full_25session_baseline_9_14/full/policy_attempts/full40_20260916_h2o_static_safe/seed20260906/policy_tables/session25_policy_eps0p1_delta0p1_mem35.csv,uncalibrated_dynamic,hybrid-session-002-turn-1,hybrid-session-002,1,41373.06238800287,kivi_4bit_residual64,41372.15671288781,uncalibrated_dynamic,ttft_ms >= 1000 ms
/DATACENTER3/zhenxiang.wang/work/TailGuardKV/.worktrees/baseline-smoke-final-aggregation/out/full_25session_baseline_9_14/full/policy_attempts/full40_20260916_h2o_static_safe/seed20260906/policy_tables/session25_policy_eps0p1_delta0p1_mem469p602.csv,full_lru,hybrid-session-002-turn-0,hybrid-session-002,0,3997.0296979881823,full_gpu,0.0,full precision exact profile,ttft_ms >= 1000 ms
/DATACENTER3/zhenxiang.wang/work/TailGuardKV/.worktrees/baseline-smoke-final-aggregation/out/full_25session_baseline_9_14/full/policy_attempts/full40_20260916_h2o_static_safe/seed20260906/policy_tables/session25_policy_eps0p1_delta0p1_mem469p602.csv,static_best,hybrid-session-002-turn-0,hybrid-session-002,0,3878.3677788451314,kivi_4bit_residual64,0.0,static_best,ttft_ms >= 1000 ms
/DATACENTER3/zhenxiang.wang/work/TailGuardKV/.worktrees/baseline-smoke-final-aggregation/out/full_25session_baseline_9_14/full/policy_attempts/full40_20260916_h2o_static_safe/seed20260906/policy_tables/session25_policy_eps0p1_delta0p1_mem469p602.csv,static_safe,hybrid-session-002-turn-0,hybrid-session-002,0,3945.396682014689,kivi_4bit_residual64,0.0,static_safe,ttft_ms >= 1000 ms
/DATACENTER3/zhenxiang.wang/work/TailGuardKV/.worktrees/baseline-smoke-final-aggregation/out/full_25session_baseline_9_14/full/policy_attempts/full40_20260916_h2o_static_safe/seed20260906/policy_tables/session25_policy_eps0p1_delta0p1_mem469p602.csv,utility_dynamic,hybrid-session-002-turn-0,hybrid-session-002,0,3769.1039638593793,kivi_2bit_residual64,0.0,utility_dynamic,ttft_ms >= 1000 ms
/DATACENTER3/zhenxiang.wang/work/TailGuardKV/.worktrees/baseline-smoke-final-aggregation/out/full_25session_baseline_9_14/full/policy_attempts/full40_20260916_h2o_static_safe/seed20260906/policy_tables/session25_policy_eps0p1_delta0p1_mem469p602.csv,uncalibrated_dynamic,hybrid-session-002-turn-0,hybrid-session-002,0,3575.507774949074,kivi_4bit_residual64,0.0,uncalibrated_dynamic,ttft_ms >= 1000 ms
/DATACENTER3/zhenxiang.wang/work/TailGuardKV/.worktrees/baseline-smoke-final-aggregation/out/full_25session_baseline_9_14/full/policy_attempts/full40_20260916_h2o_static_safe/seed20260906/policy_tables/session25_policy_eps0p1_delta0p1_mem50.csv,full_lru,hybrid-session-002-turn-0,hybrid-session-002,0,4232.728069880977,full_gpu,0.0,full precision exact profile,ttft_ms >= 1000 ms
/DATACENTER3/zhenxiang.wang/work/TailGuardKV/.worktrees/baseline-smoke-final-aggregation/out/full_25session_baseline_9_14/full/policy_attempts/full40_20260916_h2o_static_safe/seed20260906/policy_tables/session25_policy_eps0p1_delta0p1_mem50.csv,static_best,hybrid-session-002-turn-0,hybrid-session-002,0,3757.4532439466566,kivi_4bit_residual64,0.0,static_best,ttft_ms >= 1000 ms
/DATACENTER3/zhenxiang.wang/work/TailGuardKV/.worktrees/baseline-smoke-final-aggregation/out/full_25session_baseline_9_14/full/policy_attempts/full40_20260916_h2o_static_safe/seed20260906/policy_tables/session25_policy_eps0p1_delta0p1_mem50.csv,static_best,hybrid-session-016-turn-2,hybrid-session-016,2,44078.81669219211,kivi_4bit_residual64,44077.86320507154,static_best,ttft_ms >= 1000 ms
/DATACENTER3/zhenxiang.wang/work/TailGuardKV/.worktrees/baseline-smoke-final-aggregation/out/full_25session_baseline_9_14/full/policy_attempts/full40_20260916_h2o_static_safe/seed20260906/policy_tables/session25_policy_eps0p1_delta0p1_mem50.csv,static_best,hybrid-session-016-turn-4,hybrid-session-016,4,43678.829671124,kivi_4bit_residual64,43677.93819914386,static_best,ttft_ms >= 1000 ms
/DATACENTER3/zhenxiang.wang/work/TailGuardKV/.worktrees/baseline-smoke-final-aggregation/out/full_25session_baseline_9_14/full/policy_attempts/full40_20260916_h2o_static_safe/seed20260906/policy_tables/session25_policy_eps0p1_delta0p1_mem50.csv,static_safe,hybrid-session-002-turn-0,hybrid-session-002,0,3799.7149049770087,kivi_4bit_residual64,0.0,static_safe,ttft_ms >= 1000 ms
/DATACENTER3/zhenxiang.wang/work/TailGuardKV/.worktrees/baseline-smoke-final-aggregation/out/full_25session_baseline_9_14/full/policy_attempts/full40_20260916_h2o_static_safe/seed20260906/policy_tables/session25_policy_eps0p1_delta0p1_mem50.csv,static_safe,hybrid-session-016-turn-2,hybrid-session-016,2,37138.738438861445,kivi_4bit_residual64,37138.070832846686,static_safe,ttft_ms >= 1000 ms
/DATACENTER3/zhenxiang.wang/work/TailGuardKV/.worktrees/baseline-smoke-final-aggregation/out/full_25session_baseline_9_14/full/policy_attempts/full40_20260916_h2o_static_safe/seed20260906/policy_tables/session25_policy_eps0p1_delta0p1_mem50.csv,static_safe,hybrid-session-016-turn-4,hybrid-session-016,4,43312.07991584204,kivi_4bit_residual64,43311.219430826604,static_safe,ttft_ms >= 1000 ms
/DATACENTER3/zhenxiang.wang/work/TailGuardKV/.worktrees/baseline-smoke-final-aggregation/out/full_25session_baseline_9_14/full/policy_attempts/full40_20260916_h2o_static_safe/seed20260906/policy_tables/session25_policy_eps0p1_delta0p1_mem50.csv,utility_dynamic,hybrid-session-002-turn-0,hybrid-session-002,0,3680.701507953927,kivi_2bit_residual64,0.0,utility_dynamic,ttft_ms >= 1000 ms
/DATACENTER3/zhenxiang.wang/work/TailGuardKV/.worktrees/baseline-smoke-final-aggregation/out/full_25session_baseline_9_14/full/policy_attempts/full40_20260916_h2o_static_safe/seed20260906/policy_tables/session25_policy_eps0p1_delta0p1_mem50.csv,utility_dynamic,hybrid-session-020-turn-0,hybrid-session-020,0,41770.186802743,kivi_2bit_residual32,0.0,utility_dynamic,ttft_ms >= 1000 ms
/DATACENTER3/zhenxiang.wang/work/TailGuardKV/.worktrees/baseline-smoke-final-aggregation/out/full_25session_baseline_9_14/full/policy_attempts/full40_20260916_h2o_static_safe/seed20260906/policy_tables/session25_policy_eps0p1_delta0p1_mem50.csv,utility_dynamic,hybrid-session-021-turn-0,hybrid-session-021,0,42085.50394511968,kivi_2bit_residual64,0.0,utility_dynamic,ttft_ms >= 1000 ms
/DATACENTER3/zhenxiang.wang/work/TailGuardKV/.worktrees/baseline-smoke-final-aggregation/out/full_25session_baseline_9_14/full/policy_attempts/full40_20260916_h2o_static_safe/seed20260906/policy_tables/session25_policy_eps0p1_delta0p1_mem50.csv,utility_dynamic,hybrid-session-010-turn-2,hybrid-session-010,2,41056.605380231515,full_gpu,41055.606618028134,utility_dynamic,ttft_ms >= 1000 ms
/DATACENTER3/zhenxiang.wang/work/TailGuardKV/.worktrees/baseline-smoke-final-aggregation/out/full_25session_baseline_9_14/full/policy_attempts/full40_20260916_h2o_static_safe/seed20260906/policy_tables/session25_policy_eps0p1_delta0p1_mem50.csv,utility_dynamic,hybrid-session-013-turn-2,hybrid-session-013,2,44773.825744874775,kivi_2bit_residual64,44772.90837374516,utility_dynamic,ttft_ms >= 1000 ms
/DATACENTER3/zhenxiang.wang/work/TailGuardKV/.worktrees/baseline-smoke-final-aggregation/out/full_25session_baseline_9_14/full/policy_attempts/full40_20260916_h2o_static_safe/seed20260906/policy_tables/session25_policy_eps0p1_delta0p1_mem50.csv,utility_dynamic,hybrid-session-009-turn-3,hybrid-session-009,3,41154.943535935134,full_gpu,41153.98988071084,utility_dynamic,ttft_ms >= 1000 ms
/DATACENTER3/zhenxiang.wang/work/TailGuardKV/.worktrees/baseline-smoke-final-aggregation/out/full_25session_baseline_9_14/full/policy_attempts/full40_20260916_h2o_static_safe/seed20260906/policy_tables/session25_policy_eps0p1_delta0p1_mem50.csv,utility_dynamic,hybrid-session-010-turn-3,hybrid-session-010,3,45247.572312138975,kivi_2bit_residual64,45246.64720102027,utility_dynamic,ttft_ms >= 1000 ms
/DATACENTER3/zhenxiang.wang/work/TailGuardKV/.worktrees/baseline-smoke-final-aggregation/out/full_25session_baseline_9_14/full/policy_attempts/full40_20260916_h2o_static_safe/seed20260906/policy_tables/session25_policy_eps0p1_delta0p1_mem50.csv,utility_dynamic,hybrid-session-005-turn-4,hybrid-session-005,4,41205.737154033035,full_gpu,41204.72433980182,utility_dynamic,ttft_ms >= 1000 ms
/DATACENTER3/zhenxiang.wang/work/TailGuardKV/.worktrees/baseline-smoke-final-aggregation/out/full_25session_baseline_9_14/full/policy_attempts/full40_20260916_h2o_static_safe/seed20260906/policy_tables/session25_policy_eps0p1_delta0p1_mem50.csv,utility_dynamic,hybrid-session-006-turn-4,hybrid-session-006,4,44009.38674618676,kivi_2bit_residual64,44008.509209120646,utility_dynamic,ttft_ms >= 1000 ms
/DATACENTER3/zhenxiang.wang/work/TailGuardKV/.worktrees/baseline-smoke-final-aggregation/out/full_25session_baseline_9_14/full/policy_attempts/full40_20260916_h2o_static_safe/seed20260906/policy_tables/session25_policy_eps0p1_delta0p1_mem50.csv,uncalibrated_dynamic,hybrid-session-002-turn-0,hybrid-session-002,0,3709.942013025284,kivi_2bit_residual64,0.0,uncalibrated_dynamic,ttft_ms >= 1000 ms
/DATACENTER3/zhenxiang.wang/work/TailGuardKV/.worktrees/baseline-smoke-final-aggregation/out/full_25session_baseline_9_14/full/policy_attempts/full40_20260916_h2o_static_safe/seed20260906/policy_tables/session25_policy_eps0p1_delta0p1_mem50.csv,uncalibrated_dynamic,hybrid-session-020-turn-0,hybrid-session-020,0,41545.51279387809,kivi_2bit_residual32,0.0,uncalibrated_dynamic,ttft_ms >= 1000 ms
/DATACENTER3/zhenxiang.wang/work/TailGuardKV/.worktrees/baseline-smoke-final-aggregation/out/full_25session_baseline_9_14/full/policy_attempts/full40_20260916_h2o_static_safe/seed20260906/policy_tables/session25_policy_eps0p1_delta0p1_mem50.csv,uncalibrated_dynamic,hybrid-session-021-turn-0,hybrid-session-021,0,42343.765115927905,kivi_2bit_residual64,0.0,uncalibrated_dynamic,ttft_ms >= 1000 ms
/DATACENTER3/zhenxiang.wang/work/TailGuardKV/.worktrees/baseline-smoke-final-aggregation/out/full_25session_baseline_9_14/full/policy_attempts/full40_20260916_h2o_static_safe/seed20260906/policy_tables/session25_policy_eps0p1_delta0p1_mem50.csv,uncalibrated_dynamic,hybrid-session-002-turn-1,hybrid-session-002,1,43462.62853311747,kivi_4bit_residual64,43461.79421593808,uncalibrated_dynamic,ttft_ms >= 1000 ms
/DATACENTER3/zhenxiang.wang/work/TailGuardKV/.worktrees/baseline-smoke-final-aggregation/out/full_25session_baseline_9_14/full/policy_attempts/full40_20260916_h2o_static_safe/seed20260906/policy_tables/session25_policy_eps0p1_delta0p1_mem64.csv,full_lru,hybrid-session-002-turn-0,hybrid-session-002,0,4069.129061885178,full_gpu,0.0,full precision exact profile,ttft_ms >= 1000 ms
/DATACENTER3/zhenxiang.wang/work/TailGuardKV/.worktrees/baseline-smoke-final-aggregation/out/full_25session_baseline_9_14/full/policy_attempts/full40_20260916_h2o_static_safe/seed20260906/policy_tables/session25_policy_eps0p1_delta0p1_mem64.csv,static_best,hybrid-session-002-turn-0,hybrid-session-002,0,3841.709630098194,kivi_4bit_residual64,0.0,static_best,ttft_ms >= 1000 ms
/DATACENTER3/zhenxiang.wang/work/TailGuardKV/.worktrees/baseline-smoke-final-aggregation/out/full_25session_baseline_9_14/full/policy_attempts/full40_20260916_h2o_static_safe/seed20260906/policy_tables/session25_policy_eps0p1_delta0p1_mem64.csv,static_best,hybrid-session-010-turn-4,hybrid-session-010,4,35809.56630397588,kivi_4bit_residual64,35808.6552630458,static_best,ttft_ms >= 1000 ms
/DATACENTER3/zhenxiang.wang/work/TailGuardKV/.worktrees/baseline-smoke-final-aggregation/out/full_25session_baseline_9_14/full/policy_attempts/full40_20260916_h2o_static_safe/seed20260906/policy_tables/session25_policy_eps0p1_delta0p1_mem64.csv,static_safe,hybrid-session-002-turn-0,hybrid-session-002,0,3820.5730579793453,kivi_4bit_residual64,0.0,static_safe,ttft_ms >= 1000 ms
/DATACENTER3/zhenxiang.wang/work/TailGuardKV/.worktrees/baseline-smoke-final-aggregation/out/full_25session_baseline_9_14/full/policy_attempts/full40_20260916_h2o_static_safe/seed20260906/policy_tables/session25_policy_eps0p1_delta0p1_mem64.csv,static_safe,hybrid-session-010-turn-4,hybrid-session-010,4,43090.668857906014,kivi_4bit_residual64,43089.80655797571,static_safe,ttft_ms >= 1000 ms
/DATACENTER3/zhenxiang.wang/work/TailGuardKV/.worktrees/baseline-smoke-final-aggregation/out/full_25session_baseline_9_14/full/policy_attempts/full40_20260916_h2o_static_safe/seed20260906/policy_tables/session25_policy_eps0p1_delta0p1_mem64.csv,utility_dynamic,hybrid-session-002-turn-0,hybrid-session-002,0,3809.41192782484,kivi_2bit_residual64,0.0,utility_dynamic,ttft_ms >= 1000 ms
/DATACENTER3/zhenxiang.wang/work/TailGuardKV/.worktrees/baseline-smoke-final-aggregation/out/full_25session_baseline_9_14/full/policy_attempts/full40_20260916_h2o_static_safe/seed20260906/policy_tables/session25_policy_eps0p1_delta0p1_mem64.csv,utility_dynamic,hybrid-session-006-turn-3,hybrid-session-006,3,40766.70031807758,full_gpu,40765.79076726362,utility_dynamic,ttft_ms >= 1000 ms
/DATACENTER3/zhenxiang.wang/work/TailGuardKV/.worktrees/baseline-smoke-final-aggregation/out/full_25session_baseline_9_14/full/policy_attempts/full40_20260916_h2o_static_safe/seed20260906/policy_tables/session25_policy_eps0p1_delta0p1_mem64.csv,utility_dynamic,hybrid-session-009-turn-3,hybrid-session-009,3,44103.28704509884,kivi_2bit_residual64,44102.28325841017,utility_dynamic,ttft_ms >= 1000 ms
/DATACENTER3/zhenxiang.wang/work/TailGuardKV/.worktrees/baseline-smoke-final-aggregation/out/full_25session_baseline_9_14/full/policy_attempts/full40_20260916_h2o_static_safe/seed20260906/policy_tables/session25_policy_eps0p1_delta0p1_mem64.csv,utility_dynamic,hybrid-session-006-turn-4,hybrid-session-006,4,35023.36583023891,full_gpu,35022.45698001236,utility_dynamic,ttft_ms >= 1000 ms
/DATACENTER3/zhenxiang.wang/work/TailGuardKV/.worktrees/baseline-smoke-final-aggregation/out/full_25session_baseline_9_14/full/policy_attempts/full40_20260916_h2o_static_safe/seed20260906/policy_tables/session25_policy_eps0p1_delta0p1_mem64.csv,utility_dynamic,hybrid-session-009-turn-4,hybrid-session-009,4,44787.04278505966,kivi_2bit_residual64,44786.20289996825,utility_dynamic,ttft_ms >= 1000 ms
/DATACENTER3/zhenxiang.wang/work/TailGuardKV/.worktrees/baseline-smoke-final-aggregation/out/full_25session_baseline_9_14/full/policy_attempts/full40_20260916_h2o_static_safe/seed20260906/policy_tables/session25_policy_eps0p1_delta0p1_mem64.csv,uncalibrated_dynamic,hybrid-session-002-turn-0,hybrid-session-002,0,3670.8760980982333,kivi_4bit_residual64,0.0,uncalibrated_dynamic,ttft_ms >= 1000 ms
/DATACENTER3/zhenxiang.wang/work/TailGuardKV/.worktrees/baseline-smoke-final-aggregation/out/full_25session_baseline_9_14/full/policy_attempts/full40_20260916_h2o_static_safe/seed20260906/policy_tables/session25_policy_eps0p1_delta0p1_mem64.csv,uncalibrated_dynamic,hybrid-session-010-turn-0,hybrid-session-010,0,40687.394971072674,kivi_2bit_residual64,0.0,uncalibrated_dynamic,ttft_ms >= 1000 ms
/DATACENTER3/zhenxiang.wang/work/TailGuardKV/.worktrees/baseline-smoke-final-aggregation/out/full_25session_baseline_9_14/full/policy_attempts/full40_20260916_h2o_static_safe/seed20260906/policy_tables/session25_policy_eps0p1_delta0p1_mem64.csv,uncalibrated_dynamic,hybrid-session-013-turn-0,hybrid-session-013,0,41467.82015196793,kivi_4bit_residual64,0.0,uncalibrated_dynamic,ttft_ms >= 1000 ms
/DATACENTER3/zhenxiang.wang/work/TailGuardKV/.worktrees/baseline-smoke-final-aggregation/out/full_25session_baseline_9_14/full/policy_attempts/full40_20260916_h2o_static_safe/seed20260906/policy_tables/session25_policy_eps0p1_delta0p1_mem64.csv,uncalibrated_dynamic,hybrid-session-010-turn-2,hybrid-session-010,2,43559.75922499038,kivi_2bit_residual64,43558.83294715732,uncalibrated_dynamic,ttft_ms >= 1000 ms
/DATACENTER3/zhenxiang.wang/work/TailGuardKV/.worktrees/baseline-smoke-final-aggregation/out/full_25session_baseline_9_14/full/policy_attempts/full40_20260916_h2o_static_safe/seed20260906/policy_tables/session25_policy_eps0p1_delta0p1_mem64.csv,uncalibrated_dynamic,hybrid-session-013-turn-2,hybrid-session-013,2,44740.00688905455,kivi_4bit_residual64,44739.06265508942,uncalibrated_dynamic,ttft_ms >= 1000 ms
/DATACENTER3/zhenxiang.wang/work/TailGuardKV/.worktrees/baseline-smoke-final-aggregation/out/full_25session_baseline_9_14/full/policy_attempts/full40_20260916_h2o_static_safe/seed20260906/policy_tables/session25_policy_eps0p1_delta0p1_mem64.csv,uncalibrated_dynamic,hybrid-session-006-turn-3,hybrid-session-006,3,41053.10716515407,full_gpu,41052.225787080824,uncalibrated_dynamic,ttft_ms >= 1000 ms
/DATACENTER3/zhenxiang.wang/work/TailGuardKV/.worktrees/baseline-smoke-final-aggregation/out/full_25session_baseline_9_14/full/policy_attempts/full40_20260916_h2o_static_safe/seed20260906/policy_tables/session25_policy_eps0p1_delta0p1_mem64.csv,uncalibrated_dynamic,hybrid-session-009-turn-3,hybrid-session-009,3,43301.69112528488,kivi_4bit_residual64,43300.934567021206,uncalibrated_dynamic,ttft_ms >= 1000 ms
/DATACENTER3/zhenxiang.wang/work/TailGuardKV/.worktrees/baseline-smoke-final-aggregation/out/full_25session_baseline_9_14/full/policy_attempts/full40_20260916_h2o_static_safe/seed20260906/policy_tables/session25_policy_eps0p1_delta0p1_mem64.csv,uncalibrated_dynamic,hybrid-session-003-turn-4,hybrid-session-003,4,43334.19789115153,kivi_2bit_residual64,43333.679102102295,uncalibrated_dynamic,ttft_ms >= 1000 ms
/DATACENTER3/zhenxiang.wang/work/TailGuardKV/.worktrees/baseline-smoke-final-aggregation/out/full_25session_baseline_9_14/full/policy_attempts/full40_20260916_h2o_static_safe/seed20260906/policy_tables/session25_policy_eps0p1_delta0p1_mem64.csv,uncalibrated_dynamic,hybrid-session-004-turn-4,hybrid-session-004,4,40133.658070998266,kivi_4bit_residual64,40132.730399906635,uncalibrated_dynamic,ttft_ms >= 1000 ms
/DATACENTER3/zhenxiang.wang/work/TailGuardKV/.worktrees/baseline-smoke-final-aggregation/out/full_25session_baseline_9_14/full/policy_attempts/full40_20260916_h2o_static_safe/seed20260906/policy_tables/session25_policy_eps0p1_delta0p1_mem64.csv,uncalibrated_dynamic,hybrid-session-025-turn-4,hybrid-session-025,4,40292.51646671444,full_gpu,40291.45138386637,uncalibrated_dynamic,ttft_ms >= 1000 ms
/DATACENTER3/zhenxiang.wang/work/TailGuardKV/.worktrees/baseline-smoke-final-aggregation/out/full_25session_baseline_9_14/full/policy_attempts/full40_20260916_h2o_static_safe/seed20260906/policy_tables/session25_policy_eps0p1_delta0p1_mem64.csv,uncalibrated_dynamic,hybrid-session-026-turn-4,hybrid-session-026,4,43551.78314487077,kivi_4bit_residual64,43550.893930882215,uncalibrated_dynamic,ttft_ms >= 1000 ms
/DATACENTER3/zhenxiang.wang/work/TailGuardKV/.worktrees/baseline-smoke-final-aggregation/out/full_25session_baseline_9_14/full/policy_attempts/full40_20260916_h2o_static_safe/seed20260906/policy_tables/session25_policy_eps0p1_delta0p1_mem80.csv,full_lru,hybrid-session-002-turn-0,hybrid-session-002,0,3977.6436700485647,full_gpu,0.0,full precision exact profile,ttft_ms >= 1000 ms
/DATACENTER3/zhenxiang.wang/work/TailGuardKV/.worktrees/baseline-smoke-final-aggregation/out/full_25session_baseline_9_14/full/policy_attempts/full40_20260916_h2o_static_safe/seed20260906/policy_tables/session25_policy_eps0p1_delta0p1_mem80.csv,static_best,hybrid-session-002-turn-0,hybrid-session-002,0,3737.3825828544796,kivi_4bit_residual64,0.0,static_best,ttft_ms >= 1000 ms
/DATACENTER3/zhenxiang.wang/work/TailGuardKV/.worktrees/baseline-smoke-final-aggregation/out/full_25session_baseline_9_14/full/policy_attempts/full40_20260916_h2o_static_safe/seed20260906/policy_tables/session25_policy_eps0p1_delta0p1_mem80.csv,static_safe,hybrid-session-002-turn-0,hybrid-session-002,0,3864.9776510428637,kivi_4bit_residual64,0.0,static_safe,ttft_ms >= 1000 ms
/DATACENTER3/zhenxiang.wang/work/TailGuardKV/.worktrees/baseline-smoke-final-aggregation/out/full_25session_baseline_9_14/full/policy_attempts/full40_20260916_h2o_static_safe/seed20260906/policy_tables/session25_policy_eps0p1_delta0p1_mem80.csv,utility_dynamic,hybrid-session-002-turn-0,hybrid-session-002,0,3984.3427769374102,kivi_2bit_residual64,0.0,utility_dynamic,ttft_ms >= 1000 ms
/DATACENTER3/zhenxiang.wang/work/TailGuardKV/.worktrees/baseline-smoke-final-aggregation/out/full_25session_baseline_9_14/full/policy_attempts/full40_20260916_h2o_static_safe/seed20260906/policy_tables/session25_policy_eps0p1_delta0p1_mem80.csv,uncalibrated_dynamic,hybrid-session-002-turn-0,hybrid-session-002,0,3807.185972109437,kivi_4bit_residual64,0.0,uncalibrated_dynamic,ttft_ms >= 1000 ms
/DATACENTER3/zhenxiang.wang/work/TailGuardKV/.worktrees/baseline-smoke-final-aggregation/out/full_25session_baseline_9_14/full/policy_attempts/full40_20260916_h2o_static_safe/seed20260906/policy_tables/session25_policy_eps0p1_delta0p1_mem80.csv,uncalibrated_dynamic,hybrid-session-002-turn-3,hybrid-session-002,3,44453.19939485937,kivi_2bit_residual64,44452.25453388132,uncalibrated_dynamic,ttft_ms >= 1000 ms
/DATACENTER3/zhenxiang.wang/work/TailGuardKV/.worktrees/baseline-smoke-final-aggregation/out/full_25session_baseline_9_14/full/policy_attempts/full40_20260916_h2o_static_safe/seed20260906/policy_tables/session25_policy_eps0p1_delta0p1_mem80.csv,uncalibrated_dynamic,hybrid-session-003-turn-3,hybrid-session-003,3,44020.83012667671,kivi_4bit_residual64,44019.74043688923,uncalibrated_dynamic,ttft_ms >= 1000 ms
/DATACENTER3/zhenxiang.wang/work/TailGuardKV/.worktrees/baseline-smoke-final-aggregation/out/full_25session_baseline_9_14/full/policy_attempts/full40_20260916_h2o_static_safe/seed20260906/policy_tables/session25_policy_eps0p1_delta0p1_mem80.csv,uncalibrated_dynamic,hybrid-session-026-turn-3,hybrid-session-026,3,44005.05960117094,kivi_2bit_residual64,44004.05613322742,uncalibrated_dynamic,ttft_ms >= 1000 ms
/DATACENTER3/zhenxiang.wang/work/TailGuardKV/.worktrees/baseline-smoke-final-aggregation/out/full_25session_baseline_9_14/full/policy_attempts/full40_20260916_h2o_static_safe/seed20260906/policy_tables/session25_policy_eps0p1_delta0p1_mem80.csv,uncalibrated_dynamic,hybrid-session-002-turn-4,hybrid-session-002,4,44912.293656829745,kivi_4bit_residual64,44911.272879790515,uncalibrated_dynamic,ttft_ms >= 1000 ms
/DATACENTER3/zhenxiang.wang/work/TailGuardKV/.worktrees/baseline-smoke-final-aggregation/out/full_25session_baseline_9_14/full/policy_attempts/full40_20260916_h2o_static_safe/seed20260906/policy_tables/session25_policy_eps0p1_delta0p1_mem80.csv,uncalibrated_dynamic,hybrid-session-025-turn-4,hybrid-session-025,4,42278.39303015545,full_gpu,42277.51188211888,uncalibrated_dynamic,ttft_ms >= 1000 ms
/DATACENTER3/zhenxiang.wang/work/TailGuardKV/.worktrees/baseline-smoke-final-aggregation/out/full_25session_baseline_9_14/full/policy_attempts/full40_20260916_h2o_static_safe/seed20260906/policy_tables/session25_policy_eps0p1_delta0p1_mem80.csv,uncalibrated_dynamic,hybrid-session-026-turn-4,hybrid-session-026,4,44476.561513166875,kivi_4bit_residual64,44475.57125021331,uncalibrated_dynamic,ttft_ms >= 1000 ms
/DATACENTER3/zhenxiang.wang/work/TailGuardKV/.worktrees/baseline-smoke-final-aggregation/out/full_25session_baseline_9_14/full/policy_attempts/full40_20260916_h2o_static_safe/seed20260906/policy_tables/session25_policy_eps0p1_delta0p1_mem96.csv,full_lru,hybrid-session-002-turn-0,hybrid-session-002,0,3994.9376739095896,full_gpu,0.0,full precision exact profile,ttft_ms >= 1000 ms
/DATACENTER3/zhenxiang.wang/work/TailGuardKV/.worktrees/baseline-smoke-final-aggregation/out/full_25session_baseline_9_14/full/policy_attempts/full40_20260916_h2o_static_safe/seed20260906/policy_tables/session25_policy_eps0p1_delta0p1_mem96.csv,static_best,hybrid-session-002-turn-0,hybrid-session-002,0,3710.0486089475453,kivi_4bit_residual64,0.0,static_best,ttft_ms >= 1000 ms
/DATACENTER3/zhenxiang.wang/work/TailGuardKV/.worktrees/baseline-smoke-final-aggregation/out/full_25session_baseline_9_14/full/policy_attempts/full40_20260916_h2o_static_safe/seed20260906/policy_tables/session25_policy_eps0p1_delta0p1_mem96.csv,static_safe,hybrid-session-002-turn-0,hybrid-session-002,0,3573.0168242007494,kivi_4bit_residual64,0.0,static_safe,ttft_ms >= 1000 ms
/DATACENTER3/zhenxiang.wang/work/TailGuardKV/.worktrees/baseline-smoke-final-aggregation/out/full_25session_baseline_9_14/full/policy_attempts/full40_20260916_h2o_static_safe/seed20260906/policy_tables/session25_policy_eps0p1_delta0p1_mem96.csv,utility_dynamic,hybrid-session-002-turn-0,hybrid-session-002,0,3810.714758001268,kivi_2bit_residual64,0.0,utility_dynamic,ttft_ms >= 1000 ms
/DATACENTER3/zhenxiang.wang/work/TailGuardKV/.worktrees/baseline-smoke-final-aggregation/out/full_25session_baseline_9_14/full/policy_attempts/full40_20260916_h2o_static_safe/seed20260906/policy_tables/session25_policy_eps0p1_delta0p1_mem96.csv,uncalibrated_dynamic,hybrid-session-002-turn-0,hybrid-session-002,0,3513.935521012172,kivi_4bit_residual64,0.0,uncalibrated_dynamic,ttft_ms >= 1000 ms
/DATACENTER3/zhenxiang.wang/work/TailGuardKV/.worktrees/baseline-smoke-final-aggregation/out/full_25session_baseline_9_14/full/policy_attempts/full40_20260916_h2o_static_safe/seed20260906/policy_tables/session25_policy_eps0p1_delta0p1_mem96.csv,uncalibrated_dynamic,hybrid-session-021-turn-4,hybrid-session-021,4,43886.50710912421,kivi_2bit_residual64,43885.497907958925,uncalibrated_dynamic,ttft_ms >= 1000 ms
/DATACENTER3/zhenxiang.wang/work/TailGuardKV/.worktrees/baseline-smoke-final-aggregation/out/full_25session_baseline_9_14/full/policy_attempts/full40_20260916_h2o_static_safe/seed20260906/policy_tables/session25_policy_eps0p1_delta0p1_mem96.csv,uncalibrated_dynamic,hybrid-session-025-turn-4,hybrid-session-025,4,44003.39532887563,kivi_4bit_residual64,44002.427362948656,uncalibrated_dynamic,ttft_ms >= 1000 ms
