action_profile,active_session_count,audit_rate,audit_selected,backend_budget_hit,backend_name,budget_hit,candidate_safe_count,config,controller_cg_ms,controller_overhead_ms,controller_qrp_ms,controller_stc_ms,delta,diagnostic_only,drift_state,epsilon,error,evicted_kv_mib,exact,extra_warm_profile,extra_warm_profile_success,extra_worker_cuda_visible_devices,extra_worker_device_strategy,extra_worker_generation,extra_worker_mode,extra_worker_model_load_ms,extra_worker_pid,extra_worker_startup_ms,extra_worker_state_lost,fallback_reason,global_budget_mib,global_resident_kv_mib,kv_cache_memory_mib,kv_cumulative_mib,kv_incremental_mib,latency_ms,length_bucket,measured,observed_quality_loss,ok,optimality_gap,oracle,oracle_cost_ms,peak_memory_mib,placeholder,policy,policy_budget_filtered,pred_loss,predicted_quality_loss,primary_profile,quality_estimate,quality_loss,quality_status,queue_delay_ms,reason,recompute_ms,rejected_pred_loss,rejected_profile,rejected_risk_upper,request_id,resident_kv_mib_after,resident_kv_mib_before,resident_memory_mib,restore_ms,risk_upper,run_dir,safe,safety_reason,session_id,task,ttft_ms,turn_index,violation_status
full_gpu,2.0,0.1,False,False,online_qwen,False,,/DATACENTER3/zhenxiang.wang/work/TailGuardKV/.worktrees/baseline-smoke-final-aggregation/out/full_25session_baseline_9_14/full/policy_attempts/full40_20260916_h2o_static_safe/seed20260906/config.yaml,,,,,,True,,,,0,True,full_gpu,True,,balanced_two_gpu,1,persistent,28282.25826798007,62485,31933.968333993107,,,30.0,3.5546875,1.4765625,1.4765625,1.4765625,1140.2776478789747,unknown,True,,True,,False,,15055.19384765625,False,full_lru,False,,,full_gpu,,,risk_evidence_insufficient,0.0,full precision exact profile,0.0,,,,hybrid-session-003-turn-0,1.4765625,0.0,1.4765625,0.0,,/DATACENTER3/zhenxiang.wang/work/TailGuardKV/.worktrees/baseline-smoke-final-aggregation/out/full_25session_baseline_9_14/full/policy_attempts/full40_20260916_h2o_static_safe/seed20260906,,,hybrid-session-003,chat,79.12439899519086,0,risk_evidence_insufficient
full_gpu,3.0,0.1,False,False,online_qwen,False,,/DATACENTER3/zhenxiang.wang/work/TailGuardKV/.worktrees/baseline-smoke-final-aggregation/out/full_25session_baseline_9_14/full/policy_attempts/full40_20260916_h2o_static_safe/seed20260906/config.yaml,,,,,,True,,,,0,True,full_gpu,True,,balanced_two_gpu,1,persistent,28282.25826798007,62485,31933.968333993107,,,30.0,5.3046875,1.75,1.75,1.75,1136.6546920035034,unknown,True,,True,,False,,15063.70947265625,False,full_lru,False,,,full_gpu,,,risk_evidence_insufficient,0.0,full precision exact profile,0.0,,,,hybrid-session-004-turn-0,1.75,0.0,1.75,0.0,,/DATACENTER3/zhenxiang.wang/work/TailGuardKV/.worktrees/baseline-smoke-final-aggregation/out/full_25session_baseline_9_14/full/policy_attempts/full40_20260916_h2o_static_safe/seed20260906,,,hybrid-session-004,chat,78.99114093743265,0,risk_evidence_insufficient
full_gpu,4.0,0.1,False,False,online_qwen,False,,/DATACENTER3/zhenxiang.wang/work/TailGuardKV/.worktrees/baseline-smoke-final-aggregation/out/full_25session_baseline_9_14/full/policy_attempts/full40_20260916_h2o_static_safe/seed20260906/config.yaml,,,,,,True,,,,0,True,full_gpu,True,,balanced_two_gpu,1,persistent,28282.25826798007,62485,31933.968333993107,,,30.0,7.21875,1.9140625,1.9140625,1.9140625,1156.750176101923,unknown,True,,True,,False,,15070.26806640625,False,full_lru,False,,,full_gpu,,,risk_evidence_insufficient,0.0,full precision exact profile,0.0,,,,hybrid-session-005-turn-0,1.9140625,0.0,1.9140625,0.0,,/DATACENTER3/zhenxiang.wang/work/TailGuardKV/.worktrees/baseline-smoke-final-aggregation/out/full_25session_baseline_9_14/full/policy_attempts/full40_20260916_h2o_static_safe/seed20260906,,,hybrid-session-005,chat,81.20909007266164,0,risk_evidence_insufficient
full_gpu,5.0,0.1,False,False,online_qwen,False,,/DATACENTER3/zhenxiang.wang/work/TailGuardKV/.worktrees/baseline-smoke-final-aggregation/out/full_25session_baseline_9_14/full/policy_attempts/full40_20260916_h2o_static_safe/seed20260906/config.yaml,,,,,,True,,,,0,True,full_gpu,True,,balanced_two_gpu,1,persistent,28282.25826798007,62485,31933.968333993107,,,30.0,9.84375,2.625,2.625,2.625,1149.1270582191646,unknown,True,,True,,False,,15093.27587890625,False,full_lru,False,,,full_gpu,,,risk_evidence_insufficient,0.0,full precision exact profile,0.0,,,,hybrid-session-006-turn-0,2.625,0.0,2.625,0.0,,/DATACENTER3/zhenxiang.wang/work/TailGuardKV/.worktrees/baseline-smoke-final-aggregation/out/full_25session_baseline_9_14/full/policy_attempts/full40_20260916_h2o_static_safe/seed20260906,,,hybrid-session-006,chat,81.80454699322581,0,risk_evidence_insufficient
full_gpu,6.0,0.1,False,False,online_qwen,False,,/DATACENTER3/zhenxiang.wang/work/TailGuardKV/.worktrees/baseline-smoke-final-aggregation/out/full_25session_baseline_9_14/full/policy_attempts/full40_20260916_h2o_static_safe/seed20260906/config.yaml,,,,,,True,,,,0,True,full_gpu,True,,balanced_two_gpu,1,persistent,28282.25826798007,62485,31933.968333993107,,,30.0,11.5390625,1.6953125,1.6953125,1.6953125,1147.096284897998,unknown,True,,True,,False,,15068.48681640625,False,full_lru,False,,,full_gpu,,,risk_evidence_insufficient,0.0,full precision exact profile,0.0,,,,hybrid-session-009-turn-0,1.6953125,0.0,1.6953125,0.0,,/DATACENTER3/zhenxiang.wang/work/TailGuardKV/.worktrees/baseline-smoke-final-aggregation/out/full_25session_baseline_9_14/full/policy_attempts/full40_20260916_h2o_static_safe/seed20260906,,,hybrid-session-009,chat,79.06713988631964,0,risk_evidence_insufficient
full_gpu,7.0,0.1,False,False,online_qwen,False,,/DATACENTER3/zhenxiang.wang/work/TailGuardKV/.worktrees/baseline-smoke-final-aggregation/out/full_25session_baseline_9_14/full/policy_attempts/full40_20260916_h2o_static_safe/seed20260906/config.yaml,,,,,,True,,,,0,True,full_gpu,True,,balanced_two_gpu,1,persistent,28282.25826798007,62485,31933.968333993107,,,30.0,13.0703125,1.53125,1.53125,1.53125,1148.5528899356723,unknown,True,,True,,False,,15065.87646484375,False,full_lru,False,,,full_gpu,,,risk_evidence_insufficient,0.0,full precision exact profile,0.0,,,,hybrid-session-010-turn-0,1.53125,0.0,1.53125,0.0,,/DATACENTER3/zhenxiang.wang/work/TailGuardKV/.worktrees/baseline-smoke-final-aggregation/out/full_25session_baseline_9_14/full/policy_attempts/full40_20260916_h2o_static_safe/seed20260906,,,hybrid-session-010,chat,77.54995906725526,0,risk_evidence_insufficient
full_gpu,8.0,0.1,False,False,online_qwen,False,,/DATACENTER3/zhenxiang.wang/work/TailGuardKV/.worktrees/baseline-smoke-final-aggregation/out/full_25session_baseline_9_14/full/policy_attempts/full40_20260916_h2o_static_safe/seed20260906/config.yaml,,,,,,True,,,,0,True,full_gpu,True,,balanced_two_gpu,1,persistent,28282.25826798007,62485,31933.968333993107,,,30.0,14.875,1.8046875,1.8046875,1.8046875,1148.4830360859632,unknown,True,,True,,False,,15074.73681640625,False,full_lru,False,,,full_gpu,,,risk_evidence_insufficient,0.0,full precision exact profile,0.0,,,,hybrid-session-013-turn-0,1.8046875,0.0,1.8046875,0.0,,/DATACENTER3/zhenxiang.wang/work/TailGuardKV/.worktrees/baseline-smoke-final-aggregation/out/full_25session_baseline_9_14/full/policy_attempts/full40_20260916_h2o_static_safe/seed20260906,,,hybrid-session-013,chat,81.01938106119633,0,risk_evidence_insufficient
full_gpu,9.0,0.1,False,False,online_qwen,False,,/DATACENTER3/zhenxiang.wang/work/TailGuardKV/.worktrees/baseline-smoke-final-aggregation/out/full_25session_baseline_9_14/full/policy_attempts/full40_20260916_h2o_static_safe/seed20260906/config.yaml,,,,,,True,,,,0,True,full_gpu,True,,balanced_two_gpu,1,persistent,28282.25826798007,62485,31933.968333993107,,,30.0,17.5,2.625,2.625,2.625,1160.9012999106199,unknown,True,,True,,False,,15100.93212890625,False,full_lru,False,,,full_gpu,,,risk_evidence_insufficient,0.0,full precision exact profile,0.0,,,,hybrid-session-016-turn-0,2.625,0.0,2.625,0.0,,/DATACENTER3/zhenxiang.wang/work/TailGuardKV/.worktrees/baseline-smoke-final-aggregation/out/full_25session_baseline_9_14/full/policy_attempts/full40_20260916_h2o_static_safe/seed20260906,,,hybrid-session-016,chat,81.56024501658976,0,risk_evidence_insufficient
full_gpu,10.0,0.1,False,False,online_qwen,False,,/DATACENTER3/zhenxiang.wang/work/TailGuardKV/.worktrees/baseline-smoke-final-aggregation/out/full_25session_baseline_9_14/full/policy_attempts/full40_20260916_h2o_static_safe/seed20260906/config.yaml,,,,,,True,,,,0,True,full_gpu,True,,balanced_two_gpu,1,persistent,28282.25826798007,62485,31933.968333993107,,,30.0,19.90625,2.40625,2.40625,2.40625,1160.5380829423666,unknown,True,,True,,False,,15095.79541015625,False,full_lru,False,,,full_gpu,,,risk_evidence_insufficient,0.0,full precision exact profile,0.0,,,,hybrid-session-020-turn-0,2.40625,0.0,2.40625,0.0,,/DATACENTER3/zhenxiang.wang/work/TailGuardKV/.worktrees/baseline-smoke-final-aggregation/out/full_25session_baseline_9_14/full/policy_attempts/full40_20260916_h2o_static_safe/seed20260906,,,hybrid-session-020,chat,80.78531688079238,0,risk_evidence_insufficient
full_gpu,11.0,0.1,False,False,online_qwen,False,,/DATACENTER3/zhenxiang.wang/work/TailGuardKV/.worktrees/baseline-smoke-final-aggregation/out/full_25session_baseline_9_14/full/policy_attempts/full40_20260916_h2o_static_safe/seed20260906/config.yaml,,,,,,True,,,,0,True,full_gpu,True,,balanced_two_gpu,1,persistent,28282.25826798007,62485,31933.968333993107,,,30.0,22.203125,2.296875,2.296875,2.296875,1144.1142950206995,unknown,True,,True,,False,,15095.17822265625,False,full_lru,False,,,full_gpu,,,risk_evidence_insufficient,0.0,full precision exact profile,0.0,,,,hybrid-session-021-turn-0,2.296875,0.0,2.296875,0.0,,/DATACENTER3/zhenxiang.wang/work/TailGuardKV/.worktrees/baseline-smoke-final-aggregation/out/full_25session_baseline_9_14/full/policy_attempts/full40_20260916_h2o_static_safe/seed20260906,,,hybrid-session-021,chat,78.93920806236565,0,risk_evidence_insufficient
full_gpu,12.0,0.1,False,False,online_qwen,False,,/DATACENTER3/zhenxiang.wang/work/TailGuardKV/.worktrees/baseline-smoke-final-aggregation/out/full_25session_baseline_9_14/full/policy_attempts/full40_20260916_h2o_static_safe/seed20260906/config.yaml,,,,,,True,,,,0,True,full_gpu,True,,balanced_two_gpu,1,persistent,28282.25826798007,62485,31933.968333993107,,,30.0,24.171875,1.96875,1.96875,1.96875,1154.38397298567,unknown,True,,True,,False,,15088.40478515625,False,full_lru,False,,,full_gpu,,,risk_evidence_insufficient,0.0,full precision exact profile,0.0,,,,hybrid-session-025-turn-0,1.96875,0.0,1.96875,0.0,,/DATACENTER3/zhenxiang.wang/work/TailGuardKV/.worktrees/baseline-smoke-final-aggregation/out/full_25session_baseline_9_14/full/policy_attempts/full40_20260916_h2o_static_safe/seed20260906,,,hybrid-session-025,chat,79.5598418917507,0,risk_evidence_insufficient
full_gpu,13.0,0.1,False,False,online_qwen,False,,/DATACENTER3/zhenxiang.wang/work/TailGuardKV/.worktrees/baseline-smoke-final-aggregation/out/full_25session_baseline_9_14/full/policy_attempts/full40_20260916_h2o_static_safe/seed20260906/config.yaml,,,,,,True,,,,0,True,full_gpu,True,,balanced_two_gpu,1,persistent,28282.25826798007,62485,31933.968333993107,,,30.0,26.359375,2.1875,2.1875,2.1875,1148.3444580808282,unknown,True,,True,,False,,15096.42041015625,False,full_lru,False,,,full_gpu,,,risk_evidence_insufficient,0.0,full precision exact profile,0.0,,,,hybrid-session-026-turn-0,2.1875,0.0,2.1875,0.0,,/DATACENTER3/zhenxiang.wang/work/TailGuardKV/.worktrees/baseline-smoke-final-aggregation/out/full_25session_baseline_9_14/full/policy_attempts/full40_20260916_h2o_static_safe/seed20260906,,,hybrid-session-026,chat,78.19171412847936,0,risk_evidence_insufficient
full_gpu,13.0,0.1,False,False,online_qwen,False,,/DATACENTER3/zhenxiang.wang/work/TailGuardKV/.worktrees/baseline-smoke-final-aggregation/out/full_25session_baseline_9_14/full/policy_attempts/full40_20260916_h2o_static_safe/seed20260906/config.yaml,,,,,,True,,,,0,True,full_gpu,True,,balanced_two_gpu,1,persistent,28282.25826798007,62485,31933.968333993107,,,30.0,28.1640625,3.8828125,3.8828125,1.8046875,1167.7999489475042,unknown,True,,True,,False,,15088.02685546875,False,full_lru,False,,,full_gpu,,,risk_evidence_insufficient,0.0,full precision exact profile,0.0,,,,hybrid-session-002-turn-1,3.8828125,2.078125,3.8828125,0.0,,/DATACENTER3/zhenxiang.wang/work/TailGuardKV/.worktrees/baseline-smoke-final-aggregation/out/full_25session_baseline_9_14/full/policy_attempts/full40_20260916_h2o_static_safe/seed20260906,,,hybrid-session-002,chat,81.569688860327,1,risk_evidence_insufficient
full_gpu,13.0,0.1,True,False,online_qwen,False,,/DATACENTER3/zhenxiang.wang/work/TailGuardKV/.worktrees/baseline-smoke-final-aggregation/out/full_25session_baseline_9_14/full/policy_attempts/full40_20260916_h2o_static_safe/seed20260906/config.yaml,,,,,,True,,,,0,True,full_gpu,True,,balanced_two_gpu,1,persistent,28282.25826798007,62485,31933.968333993107,,,30.0,29.5859375,2.8984375,2.8984375,1.421875,1146.7132370453328,unknown,True,0.0,True,,False,,15080.05908203125,False,full_lru,False,,,full_gpu,,,risk_evidence_insufficient,0.0,full precision exact profile,0.0,,,,hybrid-session-003-turn-1,2.8984375,1.4765625,2.8984375,0.0,,/DATACENTER3/zhenxiang.wang/work/TailGuardKV/.worktrees/baseline-smoke-final-aggregation/out/full_25session_baseline_9_14/full/policy_attempts/full40_20260916_h2o_static_safe/seed20260906,,,hybrid-session-003,chat,75.12405002489686,1,risk_evidence_insufficient
full_gpu,13.0,0.1,False,True,online_qwen,True,,/DATACENTER3/zhenxiang.wang/work/TailGuardKV/.worktrees/baseline-smoke-final-aggregation/out/full_25session_baseline_9_14/full/policy_attempts/full40_20260916_h2o_static_safe/seed20260906/config.yaml,,,,,,True,,,,4.5390625,True,full_gpu,True,,balanced_two_gpu,1,persistent,28282.25826798007,62485,31933.968333993107,,,30.0,28.2734375,4.9765625,4.9765625,3.2265625,1158.7952671106905,unknown,True,,True,,False,,15131.58349609375,False,full_lru,False,,,full_gpu,,,risk_evidence_insufficient,0.0,full precision exact profile,0.0,,,,hybrid-session-004-turn-1,4.9765625,1.75,4.9765625,0.0,,/DATACENTER3/zhenxiang.wang/work/TailGuardKV/.worktrees/baseline-smoke-final-aggregation/out/full_25session_baseline_9_14/full/policy_attempts/full40_20260916_h2o_static_safe/seed20260906,,,hybrid-session-004,chat,87.41462719626725,1,risk_evidence_insufficient
full_gpu,13.0,0.1,False,True,online_qwen,True,,/DATACENTER3/zhenxiang.wang/work/TailGuardKV/.worktrees/baseline-smoke-final-aggregation/out/full_25session_baseline_9_14/full/policy_attempts/full40_20260916_h2o_static_safe/seed20260906/config.yaml,,,,,,True,,,,3.2265625,True,full_gpu,True,,balanced_two_gpu,1,persistent,28282.25826798007,62485,31933.968333993107,,,30.0,28.984375,3.9375,3.9375,3.9375,1160.622748080641,unknown,True,,True,,False,,15150.76806640625,False,full_lru,False,,,full_gpu,,,risk_evidence_insufficient,0.0,full precision exact profile,82.13376300409436,,,,hybrid-session-005-turn-1,3.9375,0.0,3.9375,0.0,,/DATACENTER3/zhenxiang.wang/work/TailGuardKV/.worktrees/baseline-smoke-final-aggregation/out/full_25session_baseline_9_14/full/policy_attempts/full40_20260916_h2o_static_safe/seed20260906,,,hybrid-session-005,chat,82.8276991378516,1,risk_evidence_insufficient
full_gpu,13.0,0.1,False,True,online_qwen,True,,/DATACENTER3/zhenxiang.wang/work/TailGuardKV/.worktrees/baseline-smoke-final-aggregation/out/full_25session_baseline_9_14/full/policy_attempts/full40_20260916_h2o_static_safe/seed20260906/config.yaml,,,,,,True,,,,4.4296875,True,full_gpu,True,,balanced_two_gpu,1,persistent,28282.25826798007,62485,31933.968333993107,,,30.0,29.859375,5.3046875,5.3046875,5.3046875,1183.6774179246277,unknown,True,,True,,False,,15188.640625,False,full_lru,False,,,full_gpu,,,risk_evidence_insufficient,0.0,full precision exact profile,91.59849118441343,,,,hybrid-session-006-turn-1,5.3046875,0.0,5.3046875,0.0,,/DATACENTER3/zhenxiang.wang/work/TailGuardKV/.worktrees/baseline-smoke-final-aggregation/out/full_25session_baseline_9_14/full/policy_attempts/full40_20260916_h2o_static_safe/seed20260906,,,hybrid-session-006,chat,92.27497200481594,1,risk_evidence_insufficient
full_gpu,13.0,0.1,False,True,online_qwen,True,,/DATACENTER3/zhenxiang.wang/work/TailGuardKV/.worktrees/baseline-smoke-final-aggregation/out/full_25session_baseline_9_14/full/policy_attempts/full40_20260916_h2o_static_safe/seed20260906/config.yaml,,,,,,True,,,,4.703125,True,full_gpu,True,,balanced_two_gpu,1,persistent,28282.25826798007,62485,31933.968333993107,,,30.0,28.2734375,3.1171875,3.1171875,3.1171875,1156.3957009930164,unknown,True,,True,,False,,15127.80712890625,False,full_lru,False,,,full_gpu,,,risk_evidence_insufficient,0.0,full precision exact profile,82.69518706947565,,,,hybrid-session-009-turn-1,3.1171875,0.0,3.1171875,0.0,,/DATACENTER3/zhenxiang.wang/work/TailGuardKV/.worktrees/baseline-smoke-final-aggregation/out/full_25session_baseline_9_14/full/policy_attempts/full40_20260916_h2o_static_safe/seed20260906,,,hybrid-session-009,chat,83.3471619989723,1,risk_evidence_insufficient
full_gpu,13.0,0.1,False,True,online_qwen,True,,/DATACENTER3/zhenxiang.wang/work/TailGuardKV/.worktrees/baseline-smoke-final-aggregation/out/full_25session_baseline_9_14/full/policy_attempts/full40_20260916_h2o_static_safe/seed20260906/config.yaml,,,,,,True,,,,1.96875,True,full_gpu,True,,balanced_two_gpu,1,persistent,28282.25826798007,62485,31933.968333993107,,,30.0,29.203125,2.8984375,2.8984375,2.8984375,1161.9074949994683,unknown,True,,True,,False,,15121.02783203125,False,full_lru,False,,,full_gpu,,,risk_evidence_insufficient,0.0,full precision exact profile,76.95108000189066,,,,hybrid-session-010-turn-1,2.8984375,0.0,2.8984375,0.0,,/DATACENTER3/zhenxiang.wang/work/TailGuardKV/.worktrees/baseline-smoke-final-aggregation/out/full_25session_baseline_9_14/full/policy_attempts/full40_20260916_h2o_static_safe/seed20260906,,,hybrid-session-010,chat,77.64843897894025,1,risk_evidence_insufficient
full_gpu,13.0,0.1,False,True,online_qwen,True,,/DATACENTER3/zhenxiang.wang/work/TailGuardKV/.worktrees/baseline-smoke-final-aggregation/out/full_25session_baseline_9_14/full/policy_attempts/full40_20260916_h2o_static_safe/seed20260906/config.yaml,,,,,,True,,,,6.0703125,True,full_gpu,True,,balanced_two_gpu,1,persistent,28282.25826798007,62485,31933.968333993107,,,30.0,26.25,3.1171875,3.1171875,3.1171875,1154.1136971209198,unknown,True,,True,,False,,15127.15087890625,False,full_lru,False,,,full_gpu,,,risk_evidence_insufficient,0.0,full precision exact profile,80.52334398962557,,,,hybrid-session-013-turn-1,3.1171875,0.0,3.1171875,0.0,,/DATACENTER3/zhenxiang.wang/work/TailGuardKV/.worktrees/baseline-smoke-final-aggregation/out/full_25session_baseline_9_14/full/policy_attempts/full40_20260916_h2o_static_safe/seed20260906,,,hybrid-session-013,chat,81.21842797845602,1,risk_evidence_insufficient
full_gpu,13.0,0.1,False,True,online_qwen,True,,/DATACENTER3/zhenxiang.wang/work/TailGuardKV/.worktrees/baseline-smoke-final-aggregation/out/full_25session_baseline_9_14/full/policy_attempts/full40_20260916_h2o_static_safe/seed20260906/config.yaml,,,,,,True,,,,2.8984375,True,full_gpu,True,,balanced_two_gpu,1,persistent,28282.25826798007,62485,31933.968333993107,,,30.0,27.453125,4.1015625,4.1015625,4.1015625,1180.4875677917153,unknown,True,,True,,False,,15152.00634765625,False,full_lru,False,,,full_gpu,,,risk_evidence_insufficient,0.0,full precision exact profile,87.23465795628726,,,,hybrid-session-016-turn-1,4.1015625,0.0,4.1015625,0.0,,/DATACENTER3/zhenxiang.wang/work/TailGuardKV/.worktrees/baseline-smoke-final-aggregation/out/full_25session_baseline_9_14/full/policy_attempts/full40_20260916_h2o_static_safe/seed20260906,,,hybrid-session-016,chat,87.85479585640132,1,risk_evidence_insufficient
full_gpu,13.0,0.1,False,True,online_qwen,True,,/DATACENTER3/zhenxiang.wang/work/TailGuardKV/.worktrees/baseline-smoke-final-aggregation/out/full_25session_baseline_9_14/full/policy_attempts/full40_20260916_h2o_static_safe/seed20260906/config.yaml,,,,,,True,,,,4.9765625,True,full_gpu,True,,balanced_two_gpu,1,persistent,28282.25826798007,62485,31933.968333993107,,,30.0,26.359375,3.8828125,3.8828125,3.8828125,1161.2829309888184,unknown,True,,True,,False,,15146.56494140625,False,full_lru,False,,,full_gpu,,,risk_evidence_insufficient,0.0,full precision exact profile,84.56603600643575,,,,hybrid-session-020-turn-1,3.8828125,0.0,3.8828125,0.0,,/DATACENTER3/zhenxiang.wang/work/TailGuardKV/.worktrees/baseline-smoke-final-aggregation/out/full_25session_baseline_9_14/full/policy_attempts/full40_20260916_h2o_static_safe/seed20260906,,,hybrid-session-020,chat,85.2353700902313,1,risk_evidence_insufficient
full_gpu,13.0,0.1,False,True,online_qwen,True,,/DATACENTER3/zhenxiang.wang/work/TailGuardKV/.worktrees/baseline-smoke-final-aggregation/out/full_25session_baseline_9_14/full/policy_attempts/full40_20260916_h2o_static_safe/seed20260906/config.yaml,,,,,,True,,,,3.9375,True,full_gpu,True,,balanced_two_gpu,1,persistent,28282.25826798007,62485,31933.968333993107,,,30.0,27.015625,4.59375,4.59375,4.59375,1182.0890859235078,unknown,True,,True,,False,,15165.12548828125,False,full_lru,False,,,full_gpu,,,risk_evidence_insufficient,0.0,full precision exact profile,87.9627310205251,,,,hybrid-session-021-turn-1,4.59375,0.0,4.59375,0.0,,/DATACENTER3/zhenxiang.wang/work/TailGuardKV/.worktrees/baseline-smoke-final-aggregation/out/full_25session_baseline_9_14/full/policy_attempts/full40_20260916_h2o_static_safe/seed20260906,,,hybrid-session-021,chat,88.62607995979488,1,risk_evidence_insufficient
full_gpu,13.0,0.1,False,True,online_qwen,True,,/DATACENTER3/zhenxiang.wang/work/TailGuardKV/.worktrees/baseline-smoke-final-aggregation/out/full_25session_baseline_9_14/full/policy_attempts/full40_20260916_h2o_static_safe/seed20260906/config.yaml,,,,,,True,,,,5.3046875,True,full_gpu,True,,balanced_two_gpu,1,persistent,28282.25826798007,62485,31933.968333993107,,,30.0,25.046875,3.3359375,3.3359375,3.3359375,1160.2253280580044,unknown,True,,True,,False,,15131.66845703125,False,full_lru,False,,,full_gpu,,,risk_evidence_insufficient,0.0,full precision exact profile,82.51368696801364,,,,hybrid-session-025-turn-1,3.3359375,0.0,3.3359375,0.0,,/DATACENTER3/zhenxiang.wang/work/TailGuardKV/.worktrees/baseline-smoke-final-aggregation/out/full_25session_baseline_9_14/full/policy_attempts/full40_20260916_h2o_static_safe/seed20260906,,,hybrid-session-025,chat,83.17890390753746,1,risk_evidence_insufficient
full_gpu,13.0,0.1,False,False,online_qwen,False,,/DATACENTER3/zhenxiang.wang/work/TailGuardKV/.worktrees/baseline-smoke-final-aggregation/out/full_25session_baseline_9_14/full/policy_attempts/full40_20260916_h2o_static_safe/seed20260906/config.yaml,,,,,,True,,,,0,True,full_gpu,True,,balanced_two_gpu,1,persistent,28282.25826798007,62485,31933.968333993107,,,30.0,29.75,4.703125,4.703125,4.703125,1188.0404450930655,unknown,True,,True,,False,,15168.46728515625,False,full_lru,False,,,full_gpu,,,risk_evidence_insufficient,0.0,full precision exact profile,87.80764183029532,,,,hybrid-session-026-turn-1,4.703125,0.0,4.703125,0.0,,/DATACENTER3/zhenxiang.wang/work/TailGuardKV/.worktrees/baseline-smoke-final-aggregation/out/full_25session_baseline_9_14/full/policy_attempts/full40_20260916_h2o_static_safe/seed20260906,,,hybrid-session-026,chat,88.4639541618526,1,risk_evidence_insufficient
full_gpu,13.0,0.1,True,True,online_qwen,True,,/DATACENTER3/zhenxiang.wang/work/TailGuardKV/.worktrees/baseline-smoke-final-aggregation/out/full_25session_baseline_9_14/full/policy_attempts/full40_20260916_h2o_static_safe/seed20260906/config.yaml,,,,,,True,,,,13.234375,True,full_gpu,True,,balanced_two_gpu,1,persistent,28282.25826798007,62485,31933.968333993107,,,30.0,26.3046875,9.7890625,9.7890625,9.7890625,1204.0157560259104,unknown,True,0.0,True,,False,,15316.71484375,False,full_lru,False,,,full_gpu,,,risk_evidence_insufficient,0.0,full precision exact profile,115.37770018912852,,,,hybrid-session-002-turn-2,9.7890625,0.0,9.7890625,0.0,,/DATACENTER3/zhenxiang.wang/work/TailGuardKV/.worktrees/baseline-smoke-final-aggregation/out/full_25session_baseline_9_14/full/policy_attempts/full40_20260916_h2o_static_safe/seed20260906,,,hybrid-session-002,qa,116.09216989018023,2,risk_evidence_insufficient
full_gpu,13.0,0.1,False,True,online_qwen,True,,/DATACENTER3/zhenxiang.wang/work/TailGuardKV/.worktrees/baseline-smoke-final-aggregation/out/full_25session_baseline_9_14/full/policy_attempts/full40_20260916_h2o_static_safe/seed20260906/config.yaml,,,,,,True,,,,8.4765625,True,full_gpu,True,,balanced_two_gpu,1,persistent,28282.25826798007,62485,31933.968333993107,,,30.0,26.9609375,9.1328125,9.1328125,9.1328125,1189.6752109751105,unknown,True,,True,,False,,15293.03955078125,False,full_lru,False,,,full_gpu,,,risk_evidence_insufficient,0.0,full precision exact profile,113.03006601519883,,,,hybrid-session-003-turn-2,9.1328125,0.0,9.1328125,0.0,,/DATACENTER3/zhenxiang.wang/work/TailGuardKV/.worktrees/baseline-smoke-final-aggregation/out/full_25session_baseline_9_14/full/policy_attempts/full40_20260916_h2o_static_safe/seed20260906,,,hybrid-session-003,summary,113.7102039065212,2,risk_evidence_insufficient
full_gpu,13.0,0.1,False,True,online_qwen,True,,/DATACENTER3/zhenxiang.wang/work/TailGuardKV/.worktrees/baseline-smoke-final-aggregation/out/full_25session_baseline_9_14/full/policy_attempts/full40_20260916_h2o_static_safe/seed20260906/config.yaml,,,,,,True,,,,8.0390625,True,full_gpu,True,,balanced_two_gpu,1,persistent,28282.25826798007,62485,31933.968333993107,,,30.0,29.640625,10.71875,10.71875,10.71875,1198.461040155962,unknown,True,,True,,False,,15337.34326171875,False,full_lru,False,,,full_gpu,,,risk_evidence_insufficient,0.0,full precision exact profile,118.43230598606169,,,,hybrid-session-004-turn-2,10.71875,0.0,10.71875,0.0,,/DATACENTER3/zhenxiang.wang/work/TailGuardKV/.worktrees/baseline-smoke-final-aggregation/out/full_25session_baseline_9_14/full/policy_attempts/full40_20260916_h2o_static_safe/seed20260906,,,hybrid-session-004,qa,119.12935110740364,2,risk_evidence_insufficient
full_gpu,13.0,0.1,False,True,online_qwen,True,,/DATACENTER3/zhenxiang.wang/work/TailGuardKV/.worktrees/baseline-smoke-final-aggregation/out/full_25session_baseline_9_14/full/policy_attempts/full40_20260916_h2o_static_safe/seed20260906/config.yaml,,,,,,True,,,,9.7890625,True,full_gpu,True,,balanced_two_gpu,1,persistent,28282.25826798007,62485,31933.968333993107,,,30.0,29.640625,9.7890625,9.7890625,9.7890625,1196.2719741277397,unknown,True,,True,,False,,15316.60546875,False,full_lru,False,,,full_gpu,,,risk_evidence_insufficient,0.0,full precision exact profile,114.81265514157712,,,,hybrid-session-005-turn-2,9.7890625,0.0,9.7890625,0.0,,/DATACENTER3/zhenxiang.wang/work/TailGuardKV/.worktrees/baseline-smoke-final-aggregation/out/full_25session_baseline_9_14/full/policy_attempts/full40_20260916_h2o_static_safe/seed20260906,,,hybrid-session-005,summary,115.67893205210567,2,risk_evidence_insufficient
full_gpu,13.0,0.1,False,True,online_qwen,True,,/DATACENTER3/zhenxiang.wang/work/TailGuardKV/.worktrees/baseline-smoke-final-aggregation/out/full_25session_baseline_9_14/full/policy_attempts/full40_20260916_h2o_static_safe/seed20260906/config.yaml,,,,,,True,,,,19.8515625,True,full_gpu,True,,balanced_two_gpu,1,persistent,28282.25826798007,62485,31933.968333993107,,,30.0,22.5859375,12.796875,12.796875,12.796875,1224.1963250562549,unknown,True,,True,,False,,15401.626953125,False,full_lru,False,,,full_gpu,,,risk_evidence_insufficient,0.0,full precision exact profile,146.17987093515694,,,,hybrid-session-006-turn-2,12.796875,0.0,12.796875,0.0,,/DATACENTER3/zhenxiang.wang/work/TailGuardKV/.worktrees/baseline-smoke-final-aggregation/out/full_25session_baseline_9_14/full/policy_attempts/full40_20260916_h2o_static_safe/seed20260906,,,hybrid-session-006,qa,146.87605202198029,2,risk_evidence_insufficient
full_gpu,13.0,0.1,False,True,online_qwen,True,,/DATACENTER3/zhenxiang.wang/work/TailGuardKV/.worktrees/baseline-smoke-final-aggregation/out/full_25session_baseline_9_14/full/policy_attempts/full40_20260916_h2o_static_safe/seed20260906/config.yaml,,,,,,True,,,,9.7890625,True,full_gpu,True,,balanced_two_gpu,1,persistent,28282.25826798007,62485,31933.968333993107,,,30.0,21.7109375,8.9140625,8.9140625,8.9140625,1180.049548158422,unknown,True,,True,,False,,15283.59765625,False,full_lru,False,,,full_gpu,,,risk_evidence_insufficient,0.0,full precision exact profile,105.40529200807214,,,,hybrid-session-009-turn-2,8.9140625,0.0,8.9140625,0.0,,/DATACENTER3/zhenxiang.wang/work/TailGuardKV/.worktrees/baseline-smoke-final-aggregation/out/full_25session_baseline_9_14/full/policy_attempts/full40_20260916_h2o_static_safe/seed20260906,,,hybrid-session-009,summary,106.19601118378341,2,risk_evidence_insufficient
full_gpu,13.0,0.1,False,True,online_qwen,True,,/DATACENTER3/zhenxiang.wang/work/TailGuardKV/.worktrees/baseline-smoke-final-aggregation/out/full_25session_baseline_9_14/full/policy_attempts/full40_20260916_h2o_static_safe/seed20260906/config.yaml,,,,,,True,,,,12.796875,True,full_gpu,True,,balanced_two_gpu,1,persistent,28282.25826798007,62485,31933.968333993107,,,30.0,18.7578125,9.84375,9.84375,9.84375,1187.991599086672,unknown,True,,True,,False,,15308.73046875,False,full_lru,False,,,full_gpu,,,risk_evidence_insufficient,0.0,full precision exact profile,115.54046208038926,,,,hybrid-session-010-turn-2,9.84375,0.0,9.84375,0.0,,/DATACENTER3/zhenxiang.wang/work/TailGuardKV/.worktrees/baseline-smoke-final-aggregation/out/full_25session_baseline_9_14/full/policy_attempts/full40_20260916_h2o_static_safe/seed20260906,,,hybrid-session-010,qa,116.22671806253493,2,risk_evidence_insufficient
full_gpu,13.0,0.1,True,False,online_qwen,False,,/DATACENTER3/zhenxiang.wang/work/TailGuardKV/.worktrees/baseline-smoke-final-aggregation/out/full_25session_baseline_9_14/full/policy_attempts/full40_20260916_h2o_static_safe/seed20260906/config.yaml,,,,,,True,,,,0,True,full_gpu,True,,balanced_two_gpu,1,persistent,28282.25826798007,62485,31933.968333993107,,,30.0,28.0,9.2421875,9.2421875,9.2421875,1193.8110450282693,unknown,True,0.0,True,,False,,15289.83837890625,False,full_lru,False,,,full_gpu,,,risk_evidence_insufficient,0.0,full precision exact profile,113.32922289147973,,,,hybrid-session-013-turn-2,9.2421875,0.0,9.2421875,0.0,,/DATACENTER3/zhenxiang.wang/work/TailGuardKV/.worktrees/baseline-smoke-final-aggregation/out/full_25session_baseline_9_14/full/policy_attempts/full40_20260916_h2o_static_safe/seed20260906,,,hybrid-session-013,summary,114.00402383878827,2,risk_evidence_insufficient
full_gpu,13.0,0.1,False,True,online_qwen,True,,/DATACENTER3/zhenxiang.wang/work/TailGuardKV/.worktrees/baseline-smoke-final-aggregation/out/full_25session_baseline_9_14/full/policy_attempts/full40_20260916_h2o_static_safe/seed20260906/config.yaml,,,,,,True,,,,8.9140625,True,full_gpu,True,,balanced_two_gpu,1,persistent,28282.25826798007,62485,31933.968333993107,,,30.0,29.421875,10.3359375,10.3359375,10.3359375,1190.4236259870231,unknown,True,,True,,False,,15327.84765625,False,full_lru,False,,,full_gpu,,,risk_evidence_insufficient,0.0,full precision exact profile,116.6216901037842,,,,hybrid-session-016-turn-2,10.3359375,0.0,10.3359375,0.0,,/DATACENTER3/zhenxiang.wang/work/TailGuardKV/.worktrees/baseline-smoke-final-aggregation/out/full_25session_baseline_9_14/full/policy_attempts/full40_20260916_h2o_static_safe/seed20260906,,,hybrid-session-016,qa,117.304977029562,2,risk_evidence_insufficient
full_gpu,13.0,0.1,True,True,online_qwen,True,,/DATACENTER3/zhenxiang.wang/work/TailGuardKV/.worktrees/baseline-smoke-final-aggregation/out/full_25session_baseline_9_14/full/policy_attempts/full40_20260916_h2o_static_safe/seed20260906/config.yaml,,,,,,True,,,,9.84375,True,full_gpu,True,,balanced_two_gpu,1,persistent,28282.25826798007,62485,31933.968333993107,,,30.0,29.421875,9.84375,9.84375,9.84375,1196.659310022369,unknown,True,0.0,True,,False,,15316.44140625,False,full_lru,False,,,full_gpu,,,risk_evidence_insufficient,0.0,full precision exact profile,114.90218504332006,,,,hybrid-session-020-turn-2,9.84375,0.0,9.84375,0.0,,/DATACENTER3/zhenxiang.wang/work/TailGuardKV/.worktrees/baseline-smoke-final-aggregation/out/full_25session_baseline_9_14/full/policy_attempts/full40_20260916_h2o_static_safe/seed20260906,,,hybrid-session-020,qa,115.61840702779591,2,risk_evidence_insufficient
full_gpu,13.0,0.1,False,True,online_qwen,True,,/DATACENTER3/zhenxiang.wang/work/TailGuardKV/.worktrees/baseline-smoke-final-aggregation/out/full_25session_baseline_9_14/full/policy_attempts/full40_20260916_h2o_static_safe/seed20260906/config.yaml,,,,,,True,,,,19.578125,True,full_gpu,True,,balanced_two_gpu,1,persistent,28282.25826798007,62485,31933.968333993107,,,30.0,20.8359375,10.9921875,10.9921875,10.9921875,1190.5812399927527,unknown,True,,True,,False,,15347.59375,False,full_lru,False,,,full_gpu,,,risk_evidence_insufficient,0.0,full precision exact profile,118.68773703463376,,,,hybrid-session-021-turn-2,10.9921875,0.0,10.9921875,0.0,,/DATACENTER3/zhenxiang.wang/work/TailGuardKV/.worktrees/baseline-smoke-final-aggregation/out/full_25session_baseline_9_14/full/policy_attempts/full40_20260916_h2o_static_safe/seed20260906,,,hybrid-session-021,summary,119.40701003186405,2,risk_evidence_insufficient
full_gpu,13.0,0.1,False,True,online_qwen,True,,/DATACENTER3/zhenxiang.wang/work/TailGuardKV/.worktrees/baseline-smoke-final-aggregation/out/full_25session_baseline_9_14/full/policy_attempts/full40_20260916_h2o_static_safe/seed20260906/config.yaml,,,,,,True,,,,9.84375,True,full_gpu,True,,balanced_two_gpu,1,persistent,28282.25826798007,62485,31933.968333993107,,,30.0,21.0,10.0078125,10.0078125,10.0078125,1187.8314041532576,unknown,True,,True,,False,,15312.74609375,False,full_lru,False,,,full_gpu,,,risk_evidence_insufficient,0.0,full precision exact profile,114.35098107904196,,,,hybrid-session-025-turn-2,10.0078125,0.0,10.0078125,0.0,,/DATACENTER3/zhenxiang.wang/work/TailGuardKV/.worktrees/baseline-smoke-final-aggregation/out/full_25session_baseline_9_14/full/policy_attempts/full40_20260916_h2o_static_safe/seed20260906,,,hybrid-session-025,summary,115.05014402791858,2,risk_evidence_insufficient
full_gpu,13.0,0.1,False,True,online_qwen,True,,/DATACENTER3/zhenxiang.wang/work/TailGuardKV/.worktrees/baseline-smoke-final-aggregation/out/full_25session_baseline_9_14/full/policy_attempts/full40_20260916_h2o_static_safe/seed20260906/config.yaml,,,,,,True,,,,10.9921875,True,full_gpu,True,,balanced_two_gpu,1,persistent,28282.25826798007,62485,31933.968333993107,,,30.0,21.546875,11.5390625,11.5390625,11.5390625,1218.1948118377477,unknown,True,,True,,False,,15354.57080078125,False,full_lru,False,,,full_gpu,,,risk_evidence_insufficient,0.0,full precision exact profile,131.47488608956337,,,,hybrid-session-026-turn-2,11.5390625,0.0,11.5390625,0.0,,/DATACENTER3/zhenxiang.wang/work/TailGuardKV/.worktrees/baseline-smoke-final-aggregation/out/full_25session_baseline_9_14/full/policy_attempts/full40_20260916_h2o_static_safe/seed20260906,,,hybrid-session-026,qa,132.1892449632287,2,risk_evidence_insufficient
full_gpu,13.0,0.1,False,True,online_qwen,True,,/DATACENTER3/zhenxiang.wang/work/TailGuardKV/.worktrees/baseline-smoke-final-aggregation/out/full_25session_baseline_9_14/full/policy_attempts/full40_20260916_h2o_static_safe/seed20260906/config.yaml,,,,,,True,,,,10.0078125,True,full_gpu,True,,balanced_two_gpu,1,persistent,28282.25826798007,62485,31933.968333993107,,,30.0,23.4609375,11.921875,11.921875,11.921875,1206.426833057776,unknown,True,,True,,False,,15365.5322265625,False,full_lru,False,,,full_gpu,,,risk_evidence_insufficient,0.0,full precision exact profile,133.84376699104905,,,,hybrid-session-002-turn-3,11.921875,0.0,11.921875,0.0,,/DATACENTER3/zhenxiang.wang/work/TailGuardKV/.worktrees/baseline-smoke-final-aggregation/out/full_25session_baseline_9_14/full/policy_attempts/full40_20260916_h2o_static_safe/seed20260906,,,hybrid-session-002,qa,134.63690411299467,3,risk_evidence_insufficient
full_gpu,13.0,0.1,False,True,online_qwen,True,,/DATACENTER3/zhenxiang.wang/work/TailGuardKV/.worktrees/baseline-smoke-final-aggregation/out/full_25session_baseline_9_14/full/policy_attempts/full40_20260916_h2o_static_safe/seed20260906/config.yaml,,,,,,True,,,,11.5390625,True,full_gpu,True,,balanced_two_gpu,1,persistent,28282.25826798007,62485,31933.968333993107,,,30.0,23.1328125,11.2109375,11.2109375,11.2109375,1201.3902771286666,unknown,True,,True,,False,,15348.28173828125,False,full_lru,False,,,full_gpu,,,risk_evidence_insufficient,0.0,full precision exact profile,119.31321700103581,,,,hybrid-session-003-turn-3,11.2109375,0.0,11.2109375,0.0,,/DATACENTER3/zhenxiang.wang/work/TailGuardKV/.worktrees/baseline-smoke-final-aggregation/out/full_25session_baseline_9_14/full/policy_attempts/full40_20260916_h2o_static_safe/seed20260906,,,hybrid-session-003,summary,120.001127012074,3,risk_evidence_insufficient
full_gpu,13.0,0.1,False,True,online_qwen,True,,/DATACENTER3/zhenxiang.wang/work/TailGuardKV/.worktrees/baseline-smoke-final-aggregation/out/full_25session_baseline_9_14/full/policy_attempts/full40_20260916_h2o_static_safe/seed20260906/config.yaml,,,,,,True,,,,11.921875,True,full_gpu,True,,balanced_two_gpu,1,persistent,28282.25826798007,62485,31933.968333993107,,,30.0,24.0625,12.8515625,12.8515625,12.8515625,1216.893682954833,unknown,True,,True,,False,,15396.173828125,False,full_lru,False,,,full_gpu,,,risk_evidence_insufficient,0.0,full precision exact profile,138.01037799566984,,,,hybrid-session-004-turn-3,12.8515625,0.0,12.8515625,0.0,,/DATACENTER3/zhenxiang.wang/work/TailGuardKV/.worktrees/baseline-smoke-final-aggregation/out/full_25session_baseline_9_14/full/policy_attempts/full40_20260916_h2o_static_safe/seed20260906,,,hybrid-session-004,qa,138.69705912657082,3,risk_evidence_insufficient
full_gpu,13.0,0.1,False,True,online_qwen,True,,/DATACENTER3/zhenxiang.wang/work/TailGuardKV/.worktrees/baseline-smoke-final-aggregation/out/full_25session_baseline_9_14/full/policy_attempts/full40_20260916_h2o_static_safe/seed20260906/config.yaml,,,,,,True,,,,11.2109375,True,full_gpu,True,,balanced_two_gpu,1,persistent,28282.25826798007,62485,31933.968333993107,,,30.0,24.5,11.6484375,11.6484375,11.6484375,1196.858936920762,unknown,True,,True,,False,,15360.60595703125,False,full_lru,False,,,full_gpu,,,risk_evidence_insufficient,0.0,full precision exact profile,122.80964921228588,,,,hybrid-session-005-turn-3,11.6484375,0.0,11.6484375,0.0,,/DATACENTER3/zhenxiang.wang/work/TailGuardKV/.worktrees/baseline-smoke-final-aggregation/out/full_25session_baseline_9_14/full/policy_attempts/full40_20260916_h2o_static_safe/seed20260906,,,hybrid-session-005,summary,123.54572210460901,3,risk_evidence_insufficient
full_gpu,13.0,0.1,False,True,online_qwen,True,,/DATACENTER3/zhenxiang.wang/work/TailGuardKV/.worktrees/baseline-smoke-final-aggregation/out/full_25session_baseline_9_14/full/policy_attempts/full40_20260916_h2o_static_safe/seed20260906/config.yaml,,,,,,True,,,,12.8515625,True,full_gpu,True,,balanced_two_gpu,1,persistent,28282.25826798007,62485,31933.968333993107,,,30.0,26.578125,14.9296875,14.9296875,14.9296875,1276.2261610478163,unknown,True,,True,,False,,15454.45947265625,False,full_lru,False,,,full_gpu,,,risk_evidence_insufficient,0.0,full precision exact profile,191.97880593128502,,,,hybrid-session-006-turn-3,14.9296875,0.0,14.9296875,0.0,,/DATACENTER3/zhenxiang.wang/work/TailGuardKV/.worktrees/baseline-smoke-final-aggregation/out/full_25session_baseline_9_14/full/policy_attempts/full40_20260916_h2o_static_safe/seed20260906,,,hybrid-session-006,qa,192.67898192629218,3,risk_evidence_insufficient
full_gpu,13.0,0.1,False,True,online_qwen,True,,/DATACENTER3/zhenxiang.wang/work/TailGuardKV/.worktrees/baseline-smoke-final-aggregation/out/full_25session_baseline_9_14/full/policy_attempts/full40_20260916_h2o_static_safe/seed20260906/config.yaml,,,,,,True,,,,11.6484375,True,full_gpu,True,,balanced_two_gpu,1,persistent,28282.25826798007,62485,31933.968333993107,,,30.0,25.8671875,10.9375,10.9375,10.9375,1190.5714441090822,unknown,True,,True,,False,,15344.6953125,False,full_lru,False,,,full_gpu,,,risk_evidence_insufficient,0.0,full precision exact profile,115.54655502550304,,,,hybrid-session-009-turn-3,10.9375,0.0,10.9375,0.0,,/DATACENTER3/zhenxiang.wang/work/TailGuardKV/.worktrees/baseline-smoke-final-aggregation/out/full_25session_baseline_9_14/full/policy_attempts/full40_20260916_h2o_static_safe/seed20260906,,,hybrid-session-009,summary,116.23578821308911,3,risk_evidence_insufficient
full_gpu,13.0,0.1,False,True,online_qwen,True,,/DATACENTER3/zhenxiang.wang/work/TailGuardKV/.worktrees/baseline-smoke-final-aggregation/out/full_25session_baseline_9_14/full/policy_attempts/full40_20260916_h2o_static_safe/seed20260906/config.yaml,,,,,,True,,,,14.9296875,True,full_gpu,True,,balanced_two_gpu,1,persistent,28282.25826798007,62485,31933.968333993107,,,30.0,22.9140625,11.9765625,11.9765625,11.9765625,1207.9272880218923,unknown,True,,True,,False,,15371.701171875,False,full_lru,False,,,full_gpu,,,risk_evidence_insufficient,0.0,full precision exact profile,132.9069749917835,,,,hybrid-session-010-turn-3,11.9765625,0.0,11.9765625,0.0,,/DATACENTER3/zhenxiang.wang/work/TailGuardKV/.worktrees/baseline-smoke-final-aggregation/out/full_25session_baseline_9_14/full/policy_attempts/full40_20260916_h2o_static_safe/seed20260906,,,hybrid-session-010,qa,133.65419302135706,3,risk_evidence_insufficient
full_gpu,13.0,0.1,False,True,online_qwen,True,,/DATACENTER3/zhenxiang.wang/work/TailGuardKV/.worktrees/baseline-smoke-final-aggregation/out/full_25session_baseline_9_14/full/policy_attempts/full40_20260916_h2o_static_safe/seed20260906/config.yaml,,,,,,True,,,,10.9375,True,full_gpu,True,,balanced_two_gpu,1,persistent,28282.25826798007,62485,31933.968333993107,,,30.0,23.296875,11.3203125,11.3203125,11.3203125,1185.2762550115585,unknown,True,,True,,False,,15351.4169921875,False,full_lru,False,,,full_gpu,,,risk_evidence_insufficient,0.0,full precision exact profile,118.11437108553946,,,,hybrid-session-013-turn-3,11.3203125,0.0,11.3203125,0.0,,/DATACENTER3/zhenxiang.wang/work/TailGuardKV/.worktrees/baseline-smoke-final-aggregation/out/full_25session_baseline_9_14/full/policy_attempts/full40_20260916_h2o_static_safe/seed20260906,,,hybrid-session-013,summary,118.80059610120952,3,risk_evidence_insufficient
full_gpu,13.0,0.1,False,True,online_qwen,True,,/DATACENTER3/zhenxiang.wang/work/TailGuardKV/.worktrees/baseline-smoke-final-aggregation/out/full_25session_baseline_9_14/full/policy_attempts/full40_20260916_h2o_static_safe/seed20260906/config.yaml,,,,,,True,,,,11.9765625,True,full_gpu,True,,balanced_two_gpu,1,persistent,28282.25826798007,62485,31933.968333993107,,,30.0,23.84375,12.5234375,12.5234375,12.5234375,1232.2640849743038,unknown,True,,True,,False,,15383.35009765625,False,full_lru,False,,,full_gpu,,,risk_evidence_insufficient,0.0,full precision exact profile,144.34744301252067,,,,hybrid-session-016-turn-3,12.5234375,0.0,12.5234375,0.0,,/DATACENTER3/zhenxiang.wang/work/TailGuardKV/.worktrees/baseline-smoke-final-aggregation/out/full_25session_baseline_9_14/full/policy_attempts/full40_20260916_h2o_static_safe/seed20260906,,,hybrid-session-016,qa,145.06579283624887,3,risk_evidence_insufficient
full_gpu,13.0,0.1,False,True,online_qwen,True,,/DATACENTER3/zhenxiang.wang/work/TailGuardKV/.worktrees/baseline-smoke-final-aggregation/out/full_25session_baseline_9_14/full/policy_attempts/full40_20260916_h2o_static_safe/seed20260906/config.yaml,,,,,,True,,,,11.3203125,True,full_gpu,True,,balanced_two_gpu,1,persistent,28282.25826798007,62485,31933.968333993107,,,30.0,24.5546875,12.03125,12.03125,12.03125,1210.5172108858824,unknown,True,,True,,False,,15370.89306640625,False,full_lru,False,,,full_gpu,,,risk_evidence_insufficient,0.0,full precision exact profile,134.0408141259104,,,,hybrid-session-020-turn-3,12.03125,0.0,12.03125,0.0,,/DATACENTER3/zhenxiang.wang/work/TailGuardKV/.worktrees/baseline-smoke-final-aggregation/out/full_25session_baseline_9_14/full/policy_attempts/full40_20260916_h2o_static_safe/seed20260906,,,hybrid-session-020,qa,134.75094502791762,3,risk_evidence_insufficient
full_gpu,13.0,0.1,False,True,online_qwen,True,,/DATACENTER3/zhenxiang.wang/work/TailGuardKV/.worktrees/baseline-smoke-final-aggregation/out/full_25session_baseline_9_14/full/policy_attempts/full40_20260916_h2o_static_safe/seed20260906/config.yaml,,,,,,True,,,,12.5234375,True,full_gpu,True,,balanced_two_gpu,1,persistent,28282.25826798007,62485,31933.968333993107,,,30.0,25.2109375,13.1796875,13.1796875,13.1796875,1217.387698823586,unknown,True,,True,,False,,15407.92431640625,False,full_lru,False,,,full_gpu,,,risk_evidence_insufficient,0.0,full precision exact profile,137.12200289592147,,,,hybrid-session-021-turn-3,13.1796875,0.0,13.1796875,0.0,,/DATACENTER3/zhenxiang.wang/work/TailGuardKV/.worktrees/baseline-smoke-final-aggregation/out/full_25session_baseline_9_14/full/policy_attempts/full40_20260916_h2o_static_safe/seed20260906,,,hybrid-session-021,summary,137.82376190647483,3,risk_evidence_insufficient
full_gpu,13.0,0.1,False,True,online_qwen,True,,/DATACENTER3/zhenxiang.wang/work/TailGuardKV/.worktrees/baseline-smoke-final-aggregation/out/full_25session_baseline_9_14/full/policy_attempts/full40_20260916_h2o_static_safe/seed20260906/config.yaml,,,,,,True,,,,12.03125,True,full_gpu,True,,balanced_two_gpu,1,persistent,28282.25826798007,62485,31933.968333993107,,,30.0,25.703125,12.5234375,12.5234375,12.5234375,1214.2491668928415,unknown,True,,True,,False,,15385.26416015625,False,full_lru,False,,,full_gpu,,,risk_evidence_insufficient,0.0,full precision exact profile,133.97279102355242,,,,hybrid-session-025-turn-3,12.5234375,0.0,12.5234375,0.0,,/DATACENTER3/zhenxiang.wang/work/TailGuardKV/.worktrees/baseline-smoke-final-aggregation/out/full_25session_baseline_9_14/full/policy_attempts/full40_20260916_h2o_static_safe/seed20260906,,,hybrid-session-025,summary,134.69240302219987,3,risk_evidence_insufficient
full_gpu,13.0,0.1,False,True,online_qwen,True,,/DATACENTER3/zhenxiang.wang/work/TailGuardKV/.worktrees/baseline-smoke-final-aggregation/out/full_25session_baseline_9_14/full/policy_attempts/full40_20260916_h2o_static_safe/seed20260906/config.yaml,,,,,,True,,,,13.1796875,True,full_gpu,True,,balanced_two_gpu,1,persistent,28282.25826798007,62485,31933.968333993107,,,30.0,26.6328125,14.109375,14.109375,14.109375,1234.580430900678,unknown,True,,True,,False,,15432.40380859375,False,full_lru,False,,,full_gpu,,,risk_evidence_insufficient,0.0,full precision exact profile,149.59301403723657,,,,hybrid-session-026-turn-3,14.109375,0.0,14.109375,0.0,,/DATACENTER3/zhenxiang.wang/work/TailGuardKV/.worktrees/baseline-smoke-final-aggregation/out/full_25session_baseline_9_14/full/policy_attempts/full40_20260916_h2o_static_safe/seed20260906,,,hybrid-session-026,qa,150.302872993052,3,risk_evidence_insufficient
full_gpu,13.0,0.1,False,True,online_qwen,True,,/DATACENTER3/zhenxiang.wang/work/TailGuardKV/.worktrees/baseline-smoke-final-aggregation/out/full_25session_baseline_9_14/full/policy_attempts/full40_20260916_h2o_static_safe/seed20260906/config.yaml,,,,,,True,,,,12.5234375,True,full_gpu,True,,balanced_two_gpu,1,persistent,28282.25826798007,62485,31933.968333993107,,,30.0,27.890625,13.78125,13.78125,13.78125,1229.058403056115,unknown,True,,True,,False,,15425.3466796875,False,full_lru,False,,,full_gpu,,,risk_evidence_insufficient,0.0,full precision exact profile,149.92340398021042,,,,hybrid-session-002-turn-4,13.78125,0.0,13.78125,0.0,,/DATACENTER3/zhenxiang.wang/work/TailGuardKV/.worktrees/baseline-smoke-final-aggregation/out/full_25session_baseline_9_14/full/policy_attempts/full40_20260916_h2o_static_safe/seed20260906,,,hybrid-session-002,qa,150.59147798456252,4,risk_evidence_insufficient
full_gpu,13.0,0.1,False,True,online_qwen,True,,/DATACENTER3/zhenxiang.wang/work/TailGuardKV/.worktrees/baseline-smoke-final-aggregation/out/full_25session_baseline_9_14/full/policy_attempts/full40_20260916_h2o_static_safe/seed20260906/config.yaml,,,,,,True,,,,14.109375,True,full_gpu,True,,balanced_two_gpu,1,persistent,28282.25826798007,62485,31933.968333993107,,,30.0,26.7421875,12.9609375,12.9609375,12.9609375,1215.4314741492271,unknown,True,,True,,False,,15402.984375,False,full_lru,False,,,full_gpu,,,risk_evidence_insufficient,0.0,full precision exact profile,135.6290860567242,,,,hybrid-session-003-turn-4,12.9609375,0.0,12.9609375,0.0,,/DATACENTER3/zhenxiang.wang/work/TailGuardKV/.worktrees/baseline-smoke-final-aggregation/out/full_25session_baseline_9_14/full/policy_attempts/full40_20260916_h2o_static_safe/seed20260906,,,hybrid-session-003,summary,136.3023652229458,4,risk_evidence_insufficient
full_gpu,13.0,0.1,False,True,online_qwen,True,,/DATACENTER3/zhenxiang.wang/work/TailGuardKV/.worktrees/baseline-smoke-final-aggregation/out/full_25session_baseline_9_14/full/policy_attempts/full40_20260916_h2o_static_safe/seed20260906/config.yaml,,,,,,True,,,,13.78125,True,full_gpu,True,,balanced_two_gpu,1,persistent,28282.25826798007,62485,31933.968333993107,,,30.0,27.5078125,14.546875,14.546875,14.546875,1238.6343630496413,unknown,True,,True,,False,,15446.28466796875,False,full_lru,False,,,full_gpu,,,risk_evidence_insufficient,0.0,full precision exact profile,150.68046213127673,,,,hybrid-session-004-turn-4,14.546875,0.0,14.546875,0.0,,/DATACENTER3/zhenxiang.wang/work/TailGuardKV/.worktrees/baseline-smoke-final-aggregation/out/full_25session_baseline_9_14/full/policy_attempts/full40_20260916_h2o_static_safe/seed20260906,,,hybrid-session-004,qa,151.43198519945145,4,risk_evidence_insufficient
full_gpu,13.0,0.1,False,True,online_qwen,True,,/DATACENTER3/zhenxiang.wang/work/TailGuardKV/.worktrees/baseline-smoke-final-aggregation/out/full_25session_baseline_9_14/full/policy_attempts/full40_20260916_h2o_static_safe/seed20260906/config.yaml,,,,,,True,,,,12.9609375,True,full_gpu,True,,balanced_two_gpu,1,persistent,28282.25826798007,62485,31933.968333993107,,,30.0,27.8359375,13.2890625,13.2890625,13.2890625,1223.685533972457,unknown,True,,True,,False,,15410.875,False,full_lru,False,,,full_gpu,,,risk_evidence_insufficient,0.0,full precision exact profile,147.20528898760676,,,,hybrid-session-005-turn-4,13.2890625,0.0,13.2890625,0.0,,/DATACENTER3/zhenxiang.wang/work/TailGuardKV/.worktrees/baseline-smoke-final-aggregation/out/full_25session_baseline_9_14/full/policy_attempts/full40_20260916_h2o_static_safe/seed20260906,,,hybrid-session-005,summary,147.8842250071466,4,risk_evidence_insufficient
full_gpu,13.0,0.1,False,True,online_qwen,True,,/DATACENTER3/zhenxiang.wang/work/TailGuardKV/.worktrees/baseline-smoke-final-aggregation/out/full_25session_baseline_9_14/full/policy_attempts/full40_20260916_h2o_static_safe/seed20260906/config.yaml,,,,,,True,,,,14.546875,True,full_gpu,True,,balanced_two_gpu,1,persistent,28282.25826798007,62485,31933.968333993107,,,30.0,29.9140625,16.625,16.625,16.625,1262.4267351347953,unknown,True,,True,,False,,15504.6669921875,False,full_lru,False,,,full_gpu,,,risk_evidence_insufficient,0.0,full precision exact profile,188.0505532026291,,,,hybrid-session-006-turn-4,16.625,0.0,16.625,0.0,,/DATACENTER3/zhenxiang.wang/work/TailGuardKV/.worktrees/baseline-smoke-final-aggregation/out/full_25session_baseline_9_14/full/policy_attempts/full40_20260916_h2o_static_safe/seed20260906,,,hybrid-session-006,qa,188.73560708016157,4,risk_evidence_insufficient
full_gpu,13.0,0.1,True,True,online_qwen,True,,/DATACENTER3/zhenxiang.wang/work/TailGuardKV/.worktrees/baseline-smoke-final-aggregation/out/full_25session_baseline_9_14/full/policy_attempts/full40_20260916_h2o_static_safe/seed20260906/config.yaml,,,,,,True,,,,13.2890625,True,full_gpu,True,,balanced_two_gpu,1,persistent,28282.25826798007,62485,31933.968333993107,,,30.0,29.421875,12.796875,12.796875,12.796875,1211.4463839679956,unknown,True,0.0,True,,False,,15401.900390625,False,full_lru,False,,,full_gpu,,,risk_evidence_insufficient,0.0,full precision exact profile,127.48821405693889,,,,hybrid-session-009-turn-4,12.796875,0.0,12.796875,0.0,,/DATACENTER3/zhenxiang.wang/work/TailGuardKV/.worktrees/baseline-smoke-final-aggregation/out/full_25session_baseline_9_14/full/policy_attempts/full40_20260916_h2o_static_safe/seed20260906,,,hybrid-session-009,summary,128.16345412284136,4,risk_evidence_insufficient
full_gpu,13.0,0.1,False,True,online_qwen,True,,/DATACENTER3/zhenxiang.wang/work/TailGuardKV/.worktrees/baseline-smoke-final-aggregation/out/full_25session_baseline_9_14/full/policy_attempts/full40_20260916_h2o_static_safe/seed20260906/config.yaml,,,,,,True,,,,16.625,True,full_gpu,True,,balanced_two_gpu,1,persistent,28282.25826798007,62485,31933.968333993107,,,30.0,26.8515625,14.0546875,14.0546875,14.0546875,1214.6763789933175,unknown,True,,True,,False,,15434.61767578125,False,full_lru,False,,,full_gpu,,,risk_evidence_insufficient,0.0,full precision exact profile,134.37169091776013,,,,hybrid-session-010-turn-4,14.0546875,0.0,14.0546875,0.0,,/DATACENTER3/zhenxiang.wang/work/TailGuardKV/.worktrees/baseline-smoke-final-aggregation/out/full_25session_baseline_9_14/full/policy_attempts/full40_20260916_h2o_static_safe/seed20260906,,,hybrid-session-010,qa,135.1233310997486,4,risk_evidence_insufficient
full_gpu,13.0,0.1,True,True,online_qwen,True,,/DATACENTER3/zhenxiang.wang/work/TailGuardKV/.worktrees/baseline-smoke-final-aggregation/out/full_25session_baseline_9_14/full/policy_attempts/full40_20260916_h2o_static_safe/seed20260906/config.yaml,,,,,,True,,,,12.796875,True,full_gpu,True,,balanced_two_gpu,1,persistent,28282.25826798007,62485,31933.968333993107,,,30.0,27.2890625,13.234375,13.234375,13.234375,1234.6903060097247,unknown,True,0.0,True,,False,,15410.27587890625,False,full_lru,False,,,full_gpu,,,risk_evidence_insufficient,0.0,full precision exact profile,147.83883513882756,,,,hybrid-session-013-turn-4,13.234375,0.0,13.234375,0.0,,/DATACENTER3/zhenxiang.wang/work/TailGuardKV/.worktrees/baseline-smoke-final-aggregation/out/full_25session_baseline_9_14/full/policy_attempts/full40_20260916_h2o_static_safe/seed20260906,,,hybrid-session-013,summary,148.51795206777751,4,risk_evidence_insufficient
full_gpu,13.0,0.1,False,True,online_qwen,True,,/DATACENTER3/zhenxiang.wang/work/TailGuardKV/.worktrees/baseline-smoke-final-aggregation/out/full_25session_baseline_9_14/full/policy_attempts/full40_20260916_h2o_static_safe/seed20260906/config.yaml,,,,,,True,,,,14.0546875,True,full_gpu,True,,balanced_two_gpu,1,persistent,28282.25826798007,62485,31933.968333993107,,,30.0,27.8359375,14.6015625,14.6015625,14.6015625,1221.1135821416974,unknown,True,,True,,False,,15447.76611328125,False,full_lru,False,,,full_gpu,,,risk_evidence_insufficient,0.0,full precision exact profile,149.34102888219059,,,,hybrid-session-016-turn-4,14.6015625,0.0,14.6015625,0.0,,/DATACENTER3/zhenxiang.wang/work/TailGuardKV/.worktrees/baseline-smoke-final-aggregation/out/full_25session_baseline_9_14/full/policy_attempts/full40_20260916_h2o_static_safe/seed20260906,,,hybrid-session-016,qa,150.0351771246642,4,risk_evidence_insufficient
full_gpu,13.0,0.1,False,True,online_qwen,True,,/DATACENTER3/zhenxiang.wang/work/TailGuardKV/.worktrees/baseline-smoke-final-aggregation/out/full_25session_baseline_9_14/full/policy_attempts/full40_20260916_h2o_static_safe/seed20260906/config.yaml,,,,,,True,,,,13.234375,True,full_gpu,True,,balanced_two_gpu,1,persistent,28282.25826798007,62485,31933.968333993107,,,30.0,28.546875,13.9453125,13.9453125,13.9453125,1219.656242057681,unknown,True,,True,,False,,15431.974609375,False,full_lru,False,,,full_gpu,,,risk_evidence_insufficient,0.0,full precision exact profile,136.98358298279345,,,,hybrid-session-020-turn-4,13.9453125,0.0,13.9453125,0.0,,/DATACENTER3/zhenxiang.wang/work/TailGuardKV/.worktrees/baseline-smoke-final-aggregation/out/full_25session_baseline_9_14/full/policy_attempts/full40_20260916_h2o_static_safe/seed20260906,,,hybrid-session-020,qa,137.72999006323516,4,risk_evidence_insufficient
full_gpu,13.0,0.1,False,True,online_qwen,True,,/DATACENTER3/zhenxiang.wang/work/TailGuardKV/.worktrees/baseline-smoke-final-aggregation/out/full_25session_baseline_9_14/full/policy_attempts/full40_20260916_h2o_static_safe/seed20260906/config.yaml,,,,,,True,,,,14.6015625,True,full_gpu,True,,balanced_two_gpu,1,persistent,28282.25826798007,62485,31933.968333993107,,,30.0,29.0390625,15.09375,15.09375,15.09375,1274.9667698517442,unknown,True,,True,,False,,15463.8408203125,False,full_lru,False,,,full_gpu,,,risk_evidence_insufficient,0.0,full precision exact profile,194.36152395792305,,,,hybrid-session-021-turn-4,15.09375,0.0,15.09375,0.0,,/DATACENTER3/zhenxiang.wang/work/TailGuardKV/.worktrees/baseline-smoke-final-aggregation/out/full_25session_baseline_9_14/full/policy_attempts/full40_20260916_h2o_static_safe/seed20260906,,,hybrid-session-021,summary,195.09809580631554,4,risk_evidence_insufficient
full_gpu,13.0,0.1,False,True,online_qwen,True,,/DATACENTER3/zhenxiang.wang/work/TailGuardKV/.worktrees/baseline-smoke-final-aggregation/out/full_25session_baseline_9_14/full/policy_attempts/full40_20260916_h2o_static_safe/seed20260906/config.yaml,,,,,,True,,,,13.9453125,True,full_gpu,True,,balanced_two_gpu,1,persistent,28282.25826798007,62485,31933.968333993107,,,30.0,29.9140625,14.8203125,14.8203125,14.8203125,1228.3161040395498,unknown,True,,True,,False,,15455.30810546875,False,full_lru,False,,,full_gpu,,,risk_evidence_insufficient,0.0,full precision exact profile,145.2069201041013,,,,hybrid-session-025-turn-4,14.8203125,0.0,14.8203125,0.0,,/DATACENTER3/zhenxiang.wang/work/TailGuardKV/.worktrees/baseline-smoke-final-aggregation/out/full_25session_baseline_9_14/full/policy_attempts/full40_20260916_h2o_static_safe/seed20260906,,,hybrid-session-025,summary,145.8872351795435,4,risk_evidence_insufficient
full_gpu,13.0,0.1,False,True,online_qwen,True,,/DATACENTER3/zhenxiang.wang/work/TailGuardKV/.worktrees/baseline-smoke-final-aggregation/out/full_25session_baseline_9_14/full/policy_attempts/full40_20260916_h2o_static_safe/seed20260906/config.yaml,,,,,,True,,,,29.9140625,True,full_gpu,True,,balanced_two_gpu,1,persistent,28282.25826798007,62485,31933.968333993107,,,30.0,16.0234375,16.0234375,16.0234375,16.0234375,1286.9688931386918,unknown,True,,True,,False,,15490.7724609375,False,full_lru,False,,,full_gpu,,,risk_evidence_insufficient,0.0,full precision exact profile,183.28467989340425,,,,hybrid-session-026-turn-4,16.0234375,0.0,16.0234375,0.0,,/DATACENTER3/zhenxiang.wang/work/TailGuardKV/.worktrees/baseline-smoke-final-aggregation/out/full_25session_baseline_9_14/full/policy_attempts/full40_20260916_h2o_static_safe/seed20260906,,,hybrid-session-026,qa,183.99551999755204,4,risk_evidence_insufficient
kivi_4bit_residual64,2.0,0.1,False,False,online_qwen,False,,/DATACENTER3/zhenxiang.wang/work/TailGuardKV/.worktrees/baseline-smoke-final-aggregation/out/full_25session_baseline_9_14/full/policy_attempts/full40_20260916_h2o_static_safe/seed20260906/config.yaml,,,,,0.05,True,,0.1,,0,False,kivi_4bit_residual64,True,,balanced_two_gpu,1,persistent,27925.464728847146,64362,31975.902108941227,,,30.0,3.5546875,1.4765625,1.4765625,1.4765625,1675.6179290823638,unknown,True,,True,,False,,15055.19384765625,True,static_best,False,0.0,0.0,kivi_4bit_residual64,0.0,,risk_evidence_insufficient,0.0,static_best,0.0,,,,hybrid-session-003-turn-0,1.4765625,0.0,1.4765625,0.0,0.0,/DATACENTER3/zhenxiang.wang/work/TailGuardKV/.worktrees/baseline-smoke-final-aggregation/out/full_25session_baseline_9_14/full/policy_attempts/full40_20260916_h2o_static_safe/seed20260906,True,calibrated safe,hybrid-session-003,chat,112.73189610801637,0,risk_evidence_insufficient
kivi_4bit_residual64,3.0,0.1,False,False,online_qwen,False,,/DATACENTER3/zhenxiang.wang/work/TailGuardKV/.worktrees/baseline-smoke-final-aggregation/out/full_25session_baseline_9_14/full/policy_attempts/full40_20260916_h2o_static_safe/seed20260906/config.yaml,,,,,0.05,True,,0.1,,0,False,kivi_4bit_residual64,True,,balanced_two_gpu,1,persistent,27925.464728847146,64362,31975.902108941227,,,30.0,5.3046875,1.75,1.75,1.75,1661.4410479087383,unknown,True,,True,,False,,15063.70947265625,True,static_best,False,0.0,0.0,kivi_4bit_residual64,0.0,,risk_evidence_insufficient,0.0,static_best,0.0,,,,hybrid-session-004-turn-0,1.75,0.0,1.75,0.0,0.0,/DATACENTER3/zhenxiang.wang/work/TailGuardKV/.worktrees/baseline-smoke-final-aggregation/out/full_25session_baseline_9_14/full/policy_attempts/full40_20260916_h2o_static_safe/seed20260906,True,calibrated safe,hybrid-session-004,chat,117.38964798860252,0,risk_evidence_insufficient
kivi_4bit_residual64,4.0,0.1,False,False,online_qwen,False,,/DATACENTER3/zhenxiang.wang/work/TailGuardKV/.worktrees/baseline-smoke-final-aggregation/out/full_25session_baseline_9_14/full/policy_attempts/full40_20260916_h2o_static_safe/seed20260906/config.yaml,,,,,0.05,True,,0.1,,0,False,kivi_4bit_residual64,True,,balanced_two_gpu,1,persistent,27925.464728847146,64362,31975.902108941227,,,30.0,7.21875,1.9140625,1.9140625,1.9140625,1701.0888590011746,unknown,True,,True,,False,,15070.26806640625,True,static_best,False,0.0,0.0,kivi_4bit_residual64,0.0,,risk_evidence_insufficient,0.0,static_best,0.0,,,,hybrid-session-005-turn-0,1.9140625,0.0,1.9140625,0.0,0.0,/DATACENTER3/zhenxiang.wang/work/TailGuardKV/.worktrees/baseline-smoke-final-aggregation/out/full_25session_baseline_9_14/full/policy_attempts/full40_20260916_h2o_static_safe/seed20260906,True,calibrated safe,hybrid-session-005,chat,121.42221699468791,0,risk_evidence_insufficient
kivi_4bit_residual64,5.0,0.1,False,False,online_qwen,False,,/DATACENTER3/zhenxiang.wang/work/TailGuardKV/.worktrees/baseline-smoke-final-aggregation/out/full_25session_baseline_9_14/full/policy_attempts/full40_20260916_h2o_static_safe/seed20260906/config.yaml,,,,,0.05,True,,0.1,,0,False,kivi_4bit_residual64,True,,balanced_two_gpu,1,persistent,27925.464728847146,64362,31975.902108941227,,,30.0,9.84375,2.625,2.625,2.625,1675.4420299548656,unknown,True,,True,,False,,15093.27587890625,True,static_best,False,0.0,0.0,kivi_4bit_residual64,0.0,,risk_evidence_insufficient,0.0,static_best,0.0,,,,hybrid-session-006-turn-0,2.625,0.0,2.625,0.0,0.0,/DATACENTER3/zhenxiang.wang/work/TailGuardKV/.worktrees/baseline-smoke-final-aggregation/out/full_25session_baseline_9_14/full/policy_attempts/full40_20260916_h2o_static_safe/seed20260906,True,calibrated safe,hybrid-session-006,chat,117.56513896398246,0,risk_evidence_insufficient
kivi_4bit_residual64,6.0,0.1,False,False,online_qwen,False,,/DATACENTER3/zhenxiang.wang/work/TailGuardKV/.worktrees/baseline-smoke-final-aggregation/out/full_25session_baseline_9_14/full/policy_attempts/full40_20260916_h2o_static_safe/seed20260906/config.yaml,,,,,0.05,True,,0.1,,0,False,kivi_4bit_residual64,True,,balanced_two_gpu,1,persistent,27925.464728847146,64362,31975.902108941227,,,30.0,11.5390625,1.6953125,1.6953125,1.6953125,1667.9829540662467,unknown,True,,True,,False,,15068.48681640625,True,static_best,False,0.0,0.0,kivi_4bit_residual64,0.0,,risk_evidence_insufficient,0.0,static_best,0.0,,,,hybrid-session-009-turn-0,1.6953125,0.0,1.6953125,0.0,0.0,/DATACENTER3/zhenxiang.wang/work/TailGuardKV/.worktrees/baseline-smoke-final-aggregation/out/full_25session_baseline_9_14/full/policy_attempts/full40_20260916_h2o_static_safe/seed20260906,True,calibrated safe,hybrid-session-009,chat,116.5813091211021,0,risk_evidence_insufficient
kivi_4bit_residual64,7.0,0.1,False,False,online_qwen,False,,/DATACENTER3/zhenxiang.wang/work/TailGuardKV/.worktrees/baseline-smoke-final-aggregation/out/full_25session_baseline_9_14/full/policy_attempts/full40_20260916_h2o_static_safe/seed20260906/config.yaml,,,,,0.05,True,,0.1,,0,False,kivi_4bit_residual64,True,,balanced_two_gpu,1,persistent,27925.464728847146,64362,31975.902108941227,,,30.0,13.0703125,1.53125,1.53125,1.53125,1677.0011570770293,unknown,True,,True,,False,,15065.87646484375,True,static_best,False,0.0,0.0,kivi_4bit_residual64,0.0,,risk_evidence_insufficient,0.0,static_best,0.0,,,,hybrid-session-010-turn-0,1.53125,0.0,1.53125,0.0,0.0,/DATACENTER3/zhenxiang.wang/work/TailGuardKV/.worktrees/baseline-smoke-final-aggregation/out/full_25session_baseline_9_14/full/policy_attempts/full40_20260916_h2o_static_safe/seed20260906,True,calibrated safe,hybrid-session-010,chat,112.8243119455874,0,risk_evidence_insufficient
kivi_4bit_residual64,8.0,0.1,False,False,online_qwen,False,,/DATACENTER3/zhenxiang.wang/work/TailGuardKV/.worktrees/baseline-smoke-final-aggregation/out/full_25session_baseline_9_14/full/policy_attempts/full40_20260916_h2o_static_safe/seed20260906/config.yaml,,,,,0.05,True,,0.1,,0,False,kivi_4bit_residual64,True,,balanced_two_gpu,1,persistent,27925.464728847146,64362,31975.902108941227,,,30.0,14.875,1.8046875,1.8046875,1.8046875,1683.7832098826766,unknown,True,,True,,False,,15074.73681640625,True,static_best,False,0.0,0.0,kivi_4bit_residual64,0.0,,risk_evidence_insufficient,0.0,static_best,0.0,,,,hybrid-session-013-turn-0,1.8046875,0.0,1.8046875,0.0,0.0,/DATACENTER3/zhenxiang.wang/work/TailGuardKV/.worktrees/baseline-smoke-final-aggregation/out/full_25session_baseline_9_14/full/policy_attempts/full40_20260916_h2o_static_safe/seed20260906,True,calibrated safe,hybrid-session-013,chat,112.95134807005525,0,risk_evidence_insufficient
kivi_4bit_residual64,9.0,0.1,False,False,online_qwen,False,,/DATACENTER3/zhenxiang.wang/work/TailGuardKV/.worktrees/baseline-smoke-final-aggregation/out/full_25session_baseline_9_14/full/policy_attempts/full40_20260916_h2o_static_safe/seed20260906/config.yaml,,,,,0.05,True,,0.1,,0,False,kivi_4bit_residual64,True,,balanced_two_gpu,1,persistent,27925.464728847146,64362,31975.902108941227,,,30.0,17.5,2.625,2.625,2.625,1689.3338621594012,unknown,True,,True,,False,,15100.93212890625,True,static_best,False,0.0,0.0,kivi_4bit_residual64,0.0,,risk_evidence_insufficient,0.0,static_best,0.0,,,,hybrid-session-016-turn-0,2.625,0.0,2.625,0.0,0.0,/DATACENTER3/zhenxiang.wang/work/TailGuardKV/.worktrees/baseline-smoke-final-aggregation/out/full_25session_baseline_9_14/full/policy_attempts/full40_20260916_h2o_static_safe/seed20260906,True,calibrated safe,hybrid-session-016,chat,122.77724500745535,0,risk_evidence_insufficient
kivi_4bit_residual64,10.0,0.1,False,False,online_qwen,False,,/DATACENTER3/zhenxiang.wang/work/TailGuardKV/.worktrees/baseline-smoke-final-aggregation/out/full_25session_baseline_9_14/full/policy_attempts/full40_20260916_h2o_static_safe/seed20260906/config.yaml,,,,,0.05,True,,0.1,,0,False,kivi_4bit_residual64,True,,balanced_two_gpu,1,persistent,27925.464728847146,64362,31975.902108941227,,,30.0,19.90625,2.40625,2.40625,2.40625,1680.0918132066727,unknown,True,,True,,False,,15095.79541015625,True,static_best,False,0.0,0.0,kivi_4bit_residual64,0.0,,risk_evidence_insufficient,0.0,static_best,0.0,,,,hybrid-session-020-turn-0,2.40625,0.0,2.40625,0.0,0.0,/DATACENTER3/zhenxiang.wang/work/TailGuardKV/.worktrees/baseline-smoke-final-aggregation/out/full_25session_baseline_9_14/full/policy_attempts/full40_20260916_h2o_static_safe/seed20260906,True,calibrated safe,hybrid-session-020,chat,113.84503706358373,0,risk_evidence_insufficient
kivi_4bit_residual64,11.0,0.1,False,False,online_qwen,False,,/DATACENTER3/zhenxiang.wang/work/TailGuardKV/.worktrees/baseline-smoke-final-aggregation/out/full_25session_baseline_9_14/full/policy_attempts/full40_20260916_h2o_static_safe/seed20260906/config.yaml,,,,,0.05,True,,0.1,,0,False,kivi_4bit_residual64,True,,balanced_two_gpu,1,persistent,27925.464728847146,64362,31975.902108941227,,,30.0,22.203125,2.296875,2.296875,2.296875,1682.0468900259584,unknown,True,,True,,False,,15095.17822265625,True,static_best,False,0.0,0.0,kivi_4bit_residual64,0.0,,risk_evidence_insufficient,0.0,static_best,0.0,,,,hybrid-session-021-turn-0,2.296875,0.0,2.296875,0.0,0.0,/DATACENTER3/zhenxiang.wang/work/TailGuardKV/.worktrees/baseline-smoke-final-aggregation/out/full_25session_baseline_9_14/full/policy_attempts/full40_20260916_h2o_static_safe/seed20260906,True,calibrated safe,hybrid-session-021,chat,122.64038901776075,0,risk_evidence_insufficient
kivi_4bit_residual64,12.0,0.1,False,False,online_qwen,False,,/DATACENTER3/zhenxiang.wang/work/TailGuardKV/.worktrees/baseline-smoke-final-aggregation/out/full_25session_baseline_9_14/full/policy_attempts/full40_20260916_h2o_static_safe/seed20260906/config.yaml,,,,,0.05,True,,0.1,,0,False,kivi_4bit_residual64,True,,balanced_two_gpu,1,persistent,27925.464728847146,64362,31975.902108941227,,,30.0,24.171875,1.96875,1.96875,1.96875,1654.2121451348066,unknown,True,,True,,False,,15088.40478515625,True,static_best,False,0.0,0.0,kivi_4bit_residual64,0.0,,risk_evidence_insufficient,0.0,static_best,0.0,,,,hybrid-session-025-turn-0,1.96875,0.0,1.96875,0.0,0.0,/DATACENTER3/zhenxiang.wang/work/TailGuardKV/.worktrees/baseline-smoke-final-aggregation/out/full_25session_baseline_9_14/full/policy_attempts/full40_20260916_h2o_static_safe/seed20260906,True,calibrated safe,hybrid-session-025,chat,114.57448010332882,0,risk_evidence_insufficient
kivi_4bit_residual64,13.0,0.1,False,False,online_qwen,False,,/DATACENTER3/zhenxiang.wang/work/TailGuardKV/.worktrees/baseline-smoke-final-aggregation/out/full_25session_baseline_9_14/full/policy_attempts/full40_20260916_h2o_static_safe/seed20260906/config.yaml,,,,,0.05,True,,0.1,,0,False,kivi_4bit_residual64,True,,balanced_two_gpu,1,persistent,27925.464728847146,64362,31975.902108941227,,,30.0,26.359375,2.1875,2.1875,2.1875,1682.7308870851994,unknown,True,,True,,False,,15096.42041015625,True,static_best,False,0.0,0.0,kivi_4bit_residual64,0.0,,risk_evidence_insufficient,0.0,static_best,0.0,,,,hybrid-session-026-turn-0,2.1875,0.0,2.1875,0.0,0.0,/DATACENTER3/zhenxiang.wang/work/TailGuardKV/.worktrees/baseline-smoke-final-aggregation/out/full_25session_baseline_9_14/full/policy_attempts/full40_20260916_h2o_static_safe/seed20260906,True,calibrated safe,hybrid-session-026,chat,115.76896905899048,0,risk_evidence_insufficient
kivi_4bit_residual64,13.0,0.1,False,False,online_qwen,False,,/DATACENTER3/zhenxiang.wang/work/TailGuardKV/.worktrees/baseline-smoke-final-aggregation/out/full_25session_baseline_9_14/full/policy_attempts/full40_20260916_h2o_static_safe/seed20260906/config.yaml,,,,,0.05,True,,0.1,,0,False,kivi_4bit_residual64,True,,balanced_two_gpu,1,persistent,27925.464728847146,64362,31975.902108941227,,,30.0,26.829345703125,2.548095703125,2.548095703125,0.469970703125,5403.613521018997,unknown,True,,True,,False,,15088.02685546875,True,static_best,False,0.0,0.0,kivi_4bit_residual64,0.0,,risk_evidence_insufficient,0.0,static_best,0.0,,,,hybrid-session-002-turn-1,2.548095703125,2.078125,2.548095703125,0.0,0.0,/DATACENTER3/zhenxiang.wang/work/TailGuardKV/.worktrees/baseline-smoke-final-aggregation/out/full_25session_baseline_9_14/full/policy_attempts/full40_20260916_h2o_static_safe/seed20260906,True,calibrated safe,hybrid-session-002,chat,118.91939304769039,1,risk_evidence_insufficient
kivi_4bit_residual64,13.0,0.1,True,False,online_qwen,False,,/DATACENTER3/zhenxiang.wang/work/TailGuardKV/.worktrees/baseline-smoke-final-aggregation/out/full_25session_baseline_9_14/full/policy_attempts/full40_20260916_h2o_static_safe/seed20260906/config.yaml,,,,,0.05,True,,0.1,,0,False,kivi_4bit_residual64,True,,balanced_two_gpu,1,persistent,27925.464728847146,64362,31975.902108941227,,,30.0,28.251220703125,2.8984375,2.8984375,1.421875,1463.123379042372,unknown,True,,True,,False,,15078.74658203125,True,static_best,False,0.0,0.0,kivi_4bit_residual64,0.0,,risk_evidence_insufficient,0.0,static_best,0.0,,,,hybrid-session-003-turn-1,2.8984375,1.4765625,2.8984375,0.0,0.0,/DATACENTER3/zhenxiang.wang/work/TailGuardKV/.worktrees/baseline-smoke-final-aggregation/out/full_25session_baseline_9_14/full/policy_attempts/full40_20260916_h2o_static_safe/seed20260906,True,calibrated safe,hybrid-session-003,chat,109.17058400809765,1,risk_evidence_insufficient
kivi_4bit_residual64,13.0,0.1,False,False,online_qwen,False,,/DATACENTER3/zhenxiang.wang/work/TailGuardKV/.worktrees/baseline-smoke-final-aggregation/out/full_25session_baseline_9_14/full/policy_attempts/full40_20260916_h2o_static_safe/seed20260906/config.yaml,,,,,0.05,True,,0.1,,0,False,kivi_4bit_residual64,True,,balanced_two_gpu,1,persistent,27925.464728847146,64362,31975.902108941227,,,30.0,29.76708984375,3.265869140625,3.265869140625,1.515869140625,2132.501671090722,unknown,True,,True,,False,,15128.7724609375,True,static_best,False,0.0,0.0,kivi_4bit_residual64,0.0,,risk_evidence_insufficient,0.0,static_best,0.0,,,,hybrid-session-004-turn-1,3.265869140625,1.75,3.265869140625,0.0,0.0,/DATACENTER3/zhenxiang.wang/work/TailGuardKV/.worktrees/baseline-smoke-final-aggregation/out/full_25session_baseline_9_14/full/policy_attempts/full40_20260916_h2o_static_safe/seed20260906,True,calibrated safe,hybrid-session-004,chat,199.6084600687027,1,risk_evidence_insufficient
kivi_4bit_residual64,13.0,0.1,False,True,online_qwen,True,,/DATACENTER3/zhenxiang.wang/work/TailGuardKV/.worktrees/baseline-smoke-final-aggregation/out/full_25session_baseline_9_14/full/policy_attempts/full40_20260916_h2o_static_safe/seed20260906/config.yaml,,,,,0.05,True,,0.1,,2.625,False,kivi_4bit_residual64,True,,balanced_two_gpu,1,persistent,27925.464728847146,64362,31975.902108941227,,,30.0,28.02734375,2.79931640625,2.79931640625,0.88525390625,2466.865358874202,unknown,True,,True,,False,,15106.55908203125,True,static_best,False,0.0,0.0,kivi_4bit_residual64,0.0,,risk_evidence_insufficient,0.0,static_best,0.0,,,,hybrid-session-005-turn-1,2.79931640625,1.9140625,2.79931640625,0.0,0.0,/DATACENTER3/zhenxiang.wang/work/TailGuardKV/.worktrees/baseline-smoke-final-aggregation/out/full_25session_baseline_9_14/full/policy_attempts/full40_20260916_h2o_static_safe/seed20260906,True,calibrated safe,hybrid-session-005,chat,123.39052697643638,1,risk_evidence_insufficient
kivi_4bit_residual64,13.0,0.1,False,True,online_qwen,True,,/DATACENTER3/zhenxiang.wang/work/TailGuardKV/.worktrees/baseline-smoke-final-aggregation/out/full_25session_baseline_9_14/full/policy_attempts/full40_20260916_h2o_static_safe/seed20260906/config.yaml,,,,,0.05,True,,0.1,,1.6953125,False,kivi_4bit_residual64,True,,balanced_two_gpu,1,persistent,27925.464728847146,64362,31975.902108941227,,,30.0,29.84912109375,3.51708984375,3.51708984375,3.51708984375,2591.8923870194703,unknown,True,,True,,False,,15186.45556640625,True,static_best,False,0.0,0.0,kivi_4bit_residual64,0.0,,risk_evidence_insufficient,0.0,static_best,200.18207398243248,,,,hybrid-session-006-turn-1,3.51708984375,0.0,3.51708984375,0.0,0.0,/DATACENTER3/zhenxiang.wang/work/TailGuardKV/.worktrees/baseline-smoke-final-aggregation/out/full_25session_baseline_9_14/full/policy_attempts/full40_20260916_h2o_static_safe/seed20260906,True,calibrated safe,hybrid-session-006,chat,200.9471459314227,1,risk_evidence_insufficient
kivi_4bit_residual64,13.0,0.1,False,True,online_qwen,True,,/DATACENTER3/zhenxiang.wang/work/TailGuardKV/.worktrees/baseline-smoke-final-aggregation/out/full_25session_baseline_9_14/full/policy_attempts/full40_20260916_h2o_static_safe/seed20260906/config.yaml,,,,,0.05,True,,0.1,,3.3359375,False,kivi_4bit_residual64,True,,balanced_two_gpu,1,persistent,27925.464728847146,64362,31975.902108941227,,,30.0,28.81005859375,2.296875,2.296875,2.296875,1729.4380450621247,unknown,True,,True,,False,,15138.44384765625,True,static_best,False,0.0,0.0,kivi_4bit_residual64,0.0,,risk_evidence_insufficient,0.0,static_best,127.02636700123549,,,,hybrid-session-009-turn-1,2.296875,0.0,2.296875,0.0,0.0,/DATACENTER3/zhenxiang.wang/work/TailGuardKV/.worktrees/baseline-smoke-final-aggregation/out/full_25session_baseline_9_14/full/policy_attempts/full40_20260916_h2o_static_safe/seed20260906,True,calibrated safe,hybrid-session-009,chat,127.82285804860294,1,risk_evidence_insufficient
kivi_4bit_residual64,13.0,0.1,False,True,online_qwen,True,,/DATACENTER3/zhenxiang.wang/work/TailGuardKV/.worktrees/baseline-smoke-final-aggregation/out/full_25session_baseline_9_14/full/policy_attempts/full40_20260916_h2o_static_safe/seed20260906/config.yaml,,,,,0.05,True,,0.1,,2.625,False,kivi_4bit_residual64,True,,balanced_two_gpu,1,persistent,27925.464728847146,64362,31975.902108941227,,,30.0,29.46630859375,3.28125,3.28125,3.28125,1698.2271259184927,unknown,True,,True,,False,,15132.30615234375,True,static_best,False,0.0,0.0,kivi_4bit_residual64,0.0,,risk_evidence_insufficient,0.0,static_best,125.1899329945445,,,,hybrid-session-010-turn-1,3.28125,0.0,3.28125,0.0,0.0,/DATACENTER3/zhenxiang.wang/work/TailGuardKV/.worktrees/baseline-smoke-final-aggregation/out/full_25session_baseline_9_14/full/policy_attempts/full40_20260916_h2o_static_safe/seed20260906,True,calibrated safe,hybrid-session-010,chat,125.95654488541186,1,risk_evidence_insufficient
kivi_4bit_residual64,13.0,0.1,False,True,online_qwen,True,,/DATACENTER3/zhenxiang.wang/work/TailGuardKV/.worktrees/baseline-smoke-final-aggregation/out/full_25session_baseline_9_14/full/policy_attempts/full40_20260916_h2o_static_safe/seed20260906/config.yaml,,,,,0.05,True,,0.1,,4.703125,False,kivi_4bit_residual64,True,,balanced_two_gpu,1,persistent,27925.464728847146,64362,31975.902108941227,,,30.0,28.09912109375,3.3359375,3.3359375,3.3359375,1516.3428008090705,unknown,True,,True,,False,,15134.18408203125,True,static_best,False,0.0,0.0,kivi_4bit_residual64,0.0,,risk_evidence_insufficient,0.0,static_best,118.7747239600867,,,,hybrid-session-013-turn-1,3.3359375,0.0,3.3359375,0.0,0.0,/DATACENTER3/zhenxiang.wang/work/TailGuardKV/.worktrees/baseline-smoke-final-aggregation/out/full_25session_baseline_9_14/full/policy_attempts/full40_20260916_h2o_static_safe/seed20260906,True,calibrated safe,hybrid-session-013,chat,119.56153996288776,1,risk_evidence_insufficient
kivi_4bit_residual64,13.0,0.1,False,True,online_qwen,True,,/DATACENTER3/zhenxiang.wang/work/TailGuardKV/.worktrees/baseline-smoke-final-aggregation/out/full_25session_baseline_9_14/full/policy_attempts/full40_20260916_h2o_static_safe/seed20260906/config.yaml,,,,,0.05,True,,0.1,,1.96875,False,kivi_4bit_residual64,True,,balanced_two_gpu,1,persistent,27925.464728847146,64362,31975.902108941227,,,30.0,28.893798828125,2.763427734375,2.763427734375,2.763427734375,2415.609743213281,unknown,True,,True,,False,,15156.43408203125,True,static_best,False,0.0,0.0,kivi_4bit_residual64,0.0,,risk_evidence_insufficient,0.0,static_best,122.97185300849378,,,,hybrid-session-016-turn-1,2.763427734375,0.0,2.763427734375,0.0,0.0,/DATACENTER3/zhenxiang.wang/work/TailGuardKV/.worktrees/baseline-smoke-final-aggregation/out/full_25session_baseline_9_14/full/policy_attempts/full40_20260916_h2o_static_safe/seed20260906,True,calibrated safe,hybrid-session-016,chat,123.78605408594012,1,risk_evidence_insufficient
kivi_4bit_residual64,13.0,0.1,False,True,online_qwen,True,,/DATACENTER3/zhenxiang.wang/work/TailGuardKV/.worktrees/baseline-smoke-final-aggregation/out/full_25session_baseline_9_14/full/policy_attempts/full40_20260916_h2o_static_safe/seed20260906/config.yaml,,,,,0.05,True,,0.1,,2.1875,False,kivi_4bit_residual64,True,,balanced_two_gpu,1,persistent,27925.464728847146,64362,31975.902108941227,,,30.0,29.577392578125,2.87109375,2.87109375,2.87109375,2155.1926280371845,unknown,True,,True,,False,,15162.81005859375,True,static_best,False,0.0,0.0,kivi_4bit_residual64,0.0,,risk_evidence_insufficient,0.0,static_best,183.36714897304773,,,,hybrid-session-020-turn-1,2.87109375,0.0,2.87109375,0.0,0.0,/DATACENTER3/zhenxiang.wang/work/TailGuardKV/.worktrees/baseline-smoke-final-aggregation/out/full_25session_baseline_9_14/full/policy_attempts/full40_20260916_h2o_static_safe/seed20260906,True,calibrated safe,hybrid-session-020,chat,184.1900208964944,1,risk_evidence_insufficient
kivi_4bit_residual64,13.0,0.1,False,True,online_qwen,True,,/DATACENTER3/zhenxiang.wang/work/TailGuardKV/.worktrees/baseline-smoke-final-aggregation/out/full_25session_baseline_9_14/full/policy_attempts/full40_20260916_h2o_static_safe/seed20260906/config.yaml,,,,,0.05,True,,0.1,,5.446533203125,False,kivi_4bit_residual64,True,,balanced_two_gpu,1,persistent,27925.464728847146,64362,31975.902108941227,,,30.0,27.181396484375,3.050537109375,3.050537109375,3.050537109375,2594.2201879806817,unknown,True,,True,,False,,15168.62744140625,True,static_best,False,0.0,0.0,kivi_4bit_residual64,0.0,,risk_evidence_insufficient,0.0,static_best,194.79835918173194,,,,hybrid-session-021-turn-1,3.050537109375,0.0,3.050537109375,0.0,0.0,/DATACENTER3/zhenxiang.wang/work/TailGuardKV/.worktrees/baseline-smoke-final-aggregation/out/full_25session_baseline_9_14/full/policy_attempts/full40_20260916_h2o_static_safe/seed20260906,True,calibrated safe,hybrid-session-021,chat,195.66941494122148,1,risk_evidence_insufficient
kivi_4bit_residual64,13.0,0.1,False,True,online_qwen,True,,/DATACENTER3/zhenxiang.wang/work/TailGuardKV/.worktrees/baseline-smoke-final-aggregation/out/full_25session_baseline_9_14/full/policy_attempts/full40_20260916_h2o_static_safe/seed20260906/config.yaml,,,,,0.05,True,,0.1,,3.265869140625,False,kivi_4bit_residual64,True,,balanced_two_gpu,1,persistent,27925.464728847146,64362,31975.902108941227,,,30.0,27.30615234375,3.390625,3.390625,3.390625,1710.9346089418977,unknown,True,,True,,False,,15134.60888671875,True,static_best,False,0.005128205128205128,0.005128205128205128,kivi_4bit_residual64,0.005128205128205128,,risk_evidence_insufficient,0.0,static_best,120.7667039707303,,,,hybrid-session-025-turn-1,3.390625,0.0,3.390625,0.0,0.005128205128205128,/DATACENTER3/zhenxiang.wang/work/TailGuardKV/.worktrees/baseline-smoke-final-aggregation/out/full_25session_baseline_9_14/full/policy_attempts/full40_20260916_h2o_static_safe/seed20260906,True,calibrated safe,hybrid-session-025,chat,121.67224893346429,1,risk_evidence_insufficient
kivi_4bit_residual64,13.0,0.1,False,True,online_qwen,True,,/DATACENTER3/zhenxiang.wang/work/TailGuardKV/.worktrees/baseline-smoke-final-aggregation/out/full_25session_baseline_9_14/full/policy_attempts/full40_20260916_h2o_static_safe/seed20260906/config.yaml,,,,,0.05,True,,0.1,,2.79931640625,False,kivi_4bit_residual64,True,,balanced_two_gpu,1,persistent,27925.464728847146,64362,31975.902108941227,,,30.0,27.59326171875,3.08642578125,3.08642578125,3.08642578125,2599.0090118721128,unknown,True,,True,,False,,15169.46533203125,True,static_best,False,0.0,0.0,kivi_4bit_residual64,0.0,,risk_evidence_insufficient,0.0,static_best,195.59367396868765,,,,hybrid-session-026-turn-1,3.08642578125,0.0,3.08642578125,0.0,0.0,/DATACENTER3/zhenxiang.wang/work/TailGuardKV/.worktrees/baseline-smoke-final-aggregation/out/full_25session_baseline_9_14/full/policy_attempts/full40_20260916_h2o_static_safe/seed20260906,True,calibrated safe,hybrid-session-026,chat,196.4191549923271,1,risk_evidence_insufficient
kivi_4bit_residual64,13.0,0.1,True,True,online_qwen,True,,/DATACENTER3/zhenxiang.wang/work/TailGuardKV/.worktrees/baseline-smoke-final-aggregation/out/full_25session_baseline_9_14/full/policy_attempts/full40_20260916_h2o_static_safe/seed20260906/config.yaml,,,,,0.05,True,,0.1,,3.51708984375,False,kivi_4bit_residual64,True,,balanced_two_gpu,1,persistent,27925.464728847146,64362,31975.902108941227,,,30.0,28.811767578125,4.735595703125,4.735595703125,4.735595703125,2487.5000978354365,unknown,True,,True,,False,,15336.50830078125,True,static_best,False,0.0,0.0,kivi_4bit_residual64,0.0,,risk_evidence_insufficient,0.0,static_best,244.8676920030266,,,,hybrid-session-002-turn-2,4.735595703125,0.0,4.735595703125,0.0,0.0,/DATACENTER3/zhenxiang.wang/work/TailGuardKV/.worktrees/baseline-smoke-final-aggregation/out/full_25session_baseline_9_14/full/policy_attempts/full40_20260916_h2o_static_safe/seed20260906,True,calibrated safe,hybrid-session-002,qa,245.6342880614102,2,risk_evidence_insufficient
kivi_4bit_residual64,13.0,0.1,False,True,online_qwen,True,,/DATACENTER3/zhenxiang.wang/work/TailGuardKV/.worktrees/baseline-smoke-final-aggregation/out/full_25session_baseline_9_14/full/policy_attempts/full40_20260916_h2o_static_safe/seed20260906/config.yaml,,,,,0.05,True,,0.1,,5.578125,False,kivi_4bit_residual64,True,,balanced_two_gpu,1,persistent,27925.464728847146,64362,31975.902108941227,,,30.0,28.5263671875,5.292724609375,5.292724609375,5.292724609375,2302.62373900041,unknown,True,,True,,False,,15310.34619140625,True,static_best,False,0.0,0.0,kivi_4bit_residual64,0.0,,risk_evidence_insufficient,0.0,static_best,237.94731288217008,,,,hybrid-session-003-turn-2,5.292724609375,0.0,5.292724609375,0.0,0.0,/DATACENTER3/zhenxiang.wang/work/TailGuardKV/.worktrees/baseline-smoke-final-aggregation/out/full_25session_baseline_9_14/full/policy_attempts/full40_20260916_h2o_static_safe/seed20260906,True,calibrated safe,hybrid-session-003,summary,238.78695908933878,2,risk_evidence_insufficient
kivi_4bit_residual64,13.0,0.1,False,True,online_qwen,True,,/DATACENTER3/zhenxiang.wang/work/TailGuardKV/.worktrees/baseline-smoke-final-aggregation/out/full_25session_baseline_9_14/full/policy_attempts/full40_20260916_h2o_static_safe/seed20260906/config.yaml,,,,,0.05,True,,0.1,,6.099365234375,False,kivi_4bit_residual64,True,,balanced_two_gpu,1,persistent,27925.464728847146,64362,31975.902108941227,,,30.0,27.342041015625,4.9150390625,4.9150390625,4.9150390625,2576.987929875031,unknown,True,,True,,False,,15344.98583984375,True,static_best,False,0.03418803418803419,0.03418803418803419,kivi_4bit_residual64,0.03418803418803419,,risk_evidence_insufficient,0.0,static_best,251.0377059224993,,,,hybrid-session-004-turn-2,4.9150390625,0.0,4.9150390625,0.0,0.3418803418803419,/DATACENTER3/zhenxiang.wang/work/TailGuardKV/.worktrees/baseline-smoke-final-aggregation/out/full_25session_baseline_9_14/full/policy_attempts/full40_20260916_h2o_static_safe/seed20260906,False,calibrated unsafe,hybrid-session-004,qa,251.79553194902837,2,risk_evidence_insufficient
kivi_4bit_residual64,13.0,0.1,False,True,online_qwen,True,,/DATACENTER3/zhenxiang.wang/work/TailGuardKV/.worktrees/baseline-smoke-final-aggregation/out/full_25session_baseline_9_14/full/policy_attempts/full40_20260916_h2o_static_safe/seed20260906/config.yaml,,,,,0.05,True,,0.1,,2.87109375,False,kivi_4bit_residual64,True,,balanced_two_gpu,1,persistent,27925.464728847146,64362,31975.902108941227,,,30.0,29.134765625,4.663818359375,4.663818359375,4.663818359375,2695.9188729524612,unknown,True,,True,,False,,15333.52587890625,True,static_best,False,0.0,0.0,kivi_4bit_residual64,0.0,,risk_evidence_insufficient,0.0,static_best,244.11636008881032,,,,hybrid-session-005-turn-2,4.663818359375,0.0,4.663818359375,0.0,0.0,/DATACENTER3/zhenxiang.wang/work/TailGuardKV/.worktrees/baseline-smoke-final-aggregation/out/full_25session_baseline_9_14/full/policy_attempts/full40_20260916_h2o_static_safe/seed20260906,True,calibrated safe,hybrid-session-005,summary,244.86766592599452,2,risk_evidence_insufficient
kivi_4bit_residual64,13.0,0.1,False,True,online_qwen,True,,/DATACENTER3/zhenxiang.wang/work/TailGuardKV/.worktrees/baseline-smoke-final-aggregation/out/full_25session_baseline_9_14/full/policy_attempts/full40_20260916_h2o_static_safe/seed20260906/config.yaml,,,,,0.05,True,,0.1,,6.441162109375,False,kivi_4bit_residual64,True,,balanced_two_gpu,1,persistent,27925.464728847146,64362,31975.902108941227,,,30.0,28.900634765625,6.20703125,6.20703125,6.20703125,2716.5633901022375,unknown,True,,True,,False,,15398.94384765625,True,static_best,False,0.03418803418803419,0.03418803418803419,kivi_4bit_residual64,0.03418803418803419,,risk_evidence_insufficient,0.0,static_best,281.9973439909518,,,,hybrid-session-006-turn-2,6.20703125,0.0,6.20703125,0.0,0.3418803418803419,/DATACENTER3/zhenxiang.wang/work/TailGuardKV/.worktrees/baseline-smoke-final-aggregation/out/full_25session_baseline_9_14/full/policy_attempts/full40_20260916_h2o_static_safe/seed20260906,False,calibrated unsafe,hybrid-session-006,qa,282.7493092045188,2,risk_evidence_insufficient
kivi_4bit_residual64,13.0,0.1,False,True,online_qwen,True,,/DATACENTER3/zhenxiang.wang/work/TailGuardKV/.worktrees/baseline-smoke-final-aggregation/out/full_25session_baseline_9_14/full/policy_attempts/full40_20260916_h2o_static_safe/seed20260906/config.yaml,,,,,0.05,True,,0.1,,7.822021484375,False,kivi_4bit_residual64,True,,balanced_two_gpu,1,persistent,27925.464728847146,64362,31975.902108941227,,,30.0,26.227783203125,5.149169921875,5.149169921875,5.149169921875,2673.6064560245723,unknown,True,,True,,False,,15304.57275390625,True,static_best,False,0.0,0.0,kivi_4bit_residual64,0.0,,risk_evidence_insufficient,0.0,static_best,238.26951393857598,,,,hybrid-session-009-turn-2,5.149169921875,0.0,5.149169921875,0.0,0.0,/DATACENTER3/zhenxiang.wang/work/TailGuardKV/.worktrees/baseline-smoke-final-aggregation/out/full_25session_baseline_9_14/full/policy_attempts/full40_20260916_h2o_static_safe/seed20260906,True,calibrated safe,hybrid-session-009,summary,239.09483617171645,2,risk_evidence_insufficient
kivi_4bit_residual64,13.0,0.1,False,True,online_qwen,True,,/DATACENTER3/zhenxiang.wang/work/TailGuardKV/.worktrees/baseline-smoke-final-aggregation/out/full_25session_baseline_9_14/full/policy_attempts/full40_20260916_h2o_static_safe/seed20260906/config.yaml,,,,,0.05,True,,0.1,,5.292724609375,False,kivi_4bit_residual64,True,,balanced_two_gpu,1,persistent,27925.464728847146,64362,31975.902108941227,,,30.0,26.514892578125,5.579833984375,5.579833984375,5.579833984375,2664.7899160161614,unknown,True,,True,,False,,15319.65087890625,True,static_best,False,0.0,0.0,kivi_4bit_residual64,0.0,,risk_evidence_insufficient,0.0,static_best,244.1295289900154,,,,hybrid-session-010-turn-2,5.579833984375,0.0,5.579833984375,0.0,0.0,/DATACENTER3/zhenxiang.wang/work/TailGuardKV/.worktrees/baseline-smoke-final-aggregation/out/full_25session_baseline_9_14/full/policy_attempts/full40_20260916_h2o_static_safe/seed20260906,True,calibrated safe,hybrid-session-010,qa,244.9143840931356,2,risk_evidence_insufficient
kivi_4bit_residual64,13.0,0.1,True,False,online_qwen,False,,/DATACENTER3/zhenxiang.wang/work/TailGuardKV/.worktrees/baseline-smoke-final-aggregation/out/full_25session_baseline_9_14/full/policy_attempts/full40_20260916_h2o_static_safe/seed20260906/config.yaml,,,,,0.05,True,,0.1,"OutOfMemoryError: CUDA out of memory. Tried to allocate 20.00 MiB. GPU 0 has a total capacity of 10.75 GiB of which 7.62 MiB is free. Including non-PyTorch memory, this process has 7.81 GiB memory in use. Process 1407 has 2.93 GiB memory in use. Of the allocated memory 6.91 GiB is allocated by PyTorch, and 107.97 MiB is reserved by PyTorch but unallocated. If reserved but unallocated memory is large try setting PYTORCH_CUDA_ALLOC_CONF=expandable_segments:True to avoid fragmentation.  See documentation for Memory Management  (https://pytorch.org/docs/stable/notes/cuda.html#environment-variables)",26.514892578125,False,kivi_4bit_residual64,True,,balanced_two_gpu,1,persistent,27925.464728847146,64362,31975.902108941227,true,,30.0,0.0,,,,,unknown,False,,False,,False,,,True,static_best,False,0.0,0.0,kivi_4bit_residual64,0.0,,risk_evidence_insufficient,0.0,static_best,0.0,,,,hybrid-session-013-turn-2,0.0,0.0,,0.0,0.0,/DATACENTER3/zhenxiang.wang/work/TailGuardKV/.worktrees/baseline-smoke-final-aggregation/out/full_25session_baseline_9_14/full/policy_attempts/full40_20260916_h2o_static_safe/seed20260906,True,calibrated safe,hybrid-session-013,summary,,2,risk_evidence_insufficient
kivi_4bit_residual64,13.0,0.1,True,False,online_qwen,False,,/DATACENTER3/zhenxiang.wang/work/TailGuardKV/.worktrees/baseline-smoke-final-aggregation/out/full_25session_baseline_9_14/full/policy_attempts/full40_20260916_h2o_static_safe/seed20260906/config.yaml,,,,,0.05,True,,0.1,,0,False,kivi_4bit_residual64,True,,balanced_two_gpu,1,persistent,27925.464728847146,64362,31975.902108941227,,,30.0,9.435302734375,4.735595703125,4.735595703125,4.735595703125,2155.0730718299747,unknown,True,,True,,False,,15313.55322265625,True,static_best,False,0.03418803418803419,0.03418803418803419,kivi_4bit_residual64,0.03418803418803419,,risk_evidence_insufficient,0.0,static_best,242.46805999428034,,,,hybrid-session-020-turn-2,4.735595703125,0.0,4.735595703125,0.0,0.3418803418803419,/DATACENTER3/zhenxiang.wang/work/TailGuardKV/.worktrees/baseline-smoke-final-aggregation/out/full_25session_baseline_9_14/full/policy_attempts/full40_20260916_h2o_static_safe/seed20260906,False,calibrated unsafe,hybrid-session-020,qa,247.74487386457622,2,risk_evidence_insufficient
kivi_4bit_residual64,13.0,0.1,False,False,online_qwen,False,,/DATACENTER3/zhenxiang.wang/work/TailGuardKV/.worktrees/baseline-smoke-final-aggregation/out/full_25session_baseline_9_14/full/policy_attempts/full40_20260916_h2o_static_safe/seed20260906/config.yaml,,,,,0.05,True,,0.1,,0,False,kivi_4bit_residual64,True,,balanced_two_gpu,1,persistent,27925.464728847146,64362,31975.902108941227,,,30.0,14.52978515625,5.094482421875,5.094482421875,5.094482421875,2220.370825845748,unknown,True,,True,,False,,15331.34814453125,True,static_best,False,0.0,0.0,kivi_4bit_residual64,0.0,,risk_evidence_insufficient,0.0,static_best,271.7713110614568,,,,hybrid-session-021-turn-2,5.094482421875,0.0,5.094482421875,0.0,0.0,/DATACENTER3/zhenxiang.wang/work/TailGuardKV/.worktrees/baseline-smoke-final-aggregation/out/full_25session_baseline_9_14/full/policy_attempts/full40_20260916_h2o_static_safe/seed20260906,True,calibrated safe,hybrid-session-021,summary,272.5415548775345,2,risk_evidence_insufficient
kivi_4bit_residual64,13.0,0.1,False,False,online_qwen,False,,/DATACENTER3/zhenxiang.wang/work/TailGuardKV/.worktrees/baseline-smoke-final-aggregation/out/full_25session_baseline_9_14/full/policy_attempts/full40_20260916_h2o_static_safe/seed20260906/config.yaml,,,,,0.05,True,,0.1,,0,False,kivi_4bit_residual64,True,,balanced_two_gpu,1,persistent,27925.464728847146,64362,31975.902108941227,,,30.0,19.966064453125,5.436279296875,5.436279296875,5.436279296875,2299.317867960781,unknown,True,,True,,False,,15301.99658203125,True,static_best,False,0.0,0.0,kivi_4bit_residual64,0.0,,risk_evidence_insufficient,0.0,static_best,240.7250718679279,,,,hybrid-session-025-turn-2,5.436279296875,0.0,5.436279296875,0.0,0.0,/DATACENTER3/zhenxiang.wang/work/TailGuardKV/.worktrees/baseline-smoke-final-aggregation/out/full_25session_baseline_9_14/full/policy_attempts/full40_20260916_h2o_static_safe/seed20260906,True,calibrated safe,hybrid-session-025,summary,241.51217588223517,2,risk_evidence_insufficient
kivi_4bit_residual64,13.0,0.1,False,False,online_qwen,False,,/DATACENTER3/zhenxiang.wang/work/TailGuardKV/.worktrees/baseline-smoke-final-aggregation/out/full_25session_baseline_9_14/full/policy_attempts/full40_20260916_h2o_static_safe/seed20260906/config.yaml,,,,,0.05,True,,0.1,,0,False,kivi_4bit_residual64,True,,balanced_two_gpu,1,persistent,27925.464728847146,64362,31975.902108941227,,,30.0,25.168212890625,5.2021484375,5.2021484375,5.2021484375,2086.8373280391097,unknown,True,,True,,False,,15346.38427734375,True,static_best,False,0.03418803418803419,0.03418803418803419,kivi_4bit_residual64,0.03418803418803419,,risk_evidence_insufficient,0.0,static_best,231.45801690407097,,,,hybrid-session-026-turn-2,5.2021484375,0.0,5.2021484375,0.0,0.3418803418803419,/DATACENTER3/zhenxiang.wang/work/TailGuardKV/.worktrees/baseline-smoke-final-aggregation/out/full_25session_baseline_9_14/full/policy_attempts/full40_20260916_h2o_static_safe/seed20260906,False,calibrated unsafe,hybrid-session-026,qa,232.12685016915202,2,risk_evidence_insufficient
kivi_4bit_residual64,13.0,0.1,False,True,online_qwen,True,,/DATACENTER3/zhenxiang.wang/work/TailGuardKV/.worktrees/baseline-smoke-final-aggregation/out/full_25session_baseline_9_14/full/policy_attempts/full40_20260916_h2o_static_safe/seed20260906/config.yaml,,,,,0.05,True,,0.1,,4.69970703125,False,kivi_4bit_residual64,True,,balanced_two_gpu,1,persistent,27925.464728847146,64362,31975.902108941227,,,30.0,26.890869140625,6.42236328125,6.42236328125,6.42236328125,2651.6702589578927,unknown,True,,True,,False,,15403.13427734375,True,static_best,False,0.0,0.0,kivi_4bit_residual64,0.0,,risk_evidence_insufficient,0.0,static_best,268.82825791835785,,,,hybrid-session-002-turn-3,6.42236328125,0.0,6.42236328125,0.0,0.0,/DATACENTER3/zhenxiang.wang/work/TailGuardKV/.worktrees/baseline-smoke-final-aggregation/out/full_25session_baseline_9_14/full/policy_attempts/full40_20260916_h2o_static_safe/seed20260906,True,calibrated safe,hybrid-session-002,qa,269.71008302643895,3,risk_evidence_insufficient
kivi_4bit_residual64,13.0,0.1,False,True,online_qwen,True,,/DATACENTER3/zhenxiang.wang/work/TailGuardKV/.worktrees/baseline-smoke-final-aggregation/out/full_25session_baseline_9_14/full/policy_attempts/full40_20260916_h2o_static_safe/seed20260906/config.yaml,,,,,0.05,True,,0.1,,4.735595703125,False,kivi_4bit_residual64,True,,balanced_two_gpu,1,persistent,27925.464728847146,64362,31975.902108941227,,,30.0,27.895751953125,5.740478515625,5.740478515625,5.740478515625,2675.6023289635777,unknown,True,,True,,False,,15376.13330078125,True,static_best,False,0.0,0.0,kivi_4bit_residual64,0.0,,risk_evidence_insufficient,0.0,static_best,271.9425999093801,,,,hybrid-session-003-turn-3,5.740478515625,0.0,5.740478515625,0.0,0.0,/DATACENTER3/zhenxiang.wang/work/TailGuardKV/.worktrees/baseline-smoke-final-aggregation/out/full_25session_baseline_9_14/full/policy_attempts/full40_20260916_h2o_static_safe/seed20260906,True,calibrated safe,hybrid-session-003,summary,272.77635782957077,3,risk_evidence_insufficient
kivi_4bit_residual64,13.0,0.1,False,True,online_qwen,True,,/DATACENTER3/zhenxiang.wang/work/TailGuardKV/.worktrees/baseline-smoke-final-aggregation/out/full_25session_baseline_9_14/full/policy_attempts/full40_20260916_h2o_static_safe/seed20260906/config.yaml,,,,,0.05,True,,0.1,,5.094482421875,False,kivi_4bit_residual64,True,,balanced_two_gpu,1,persistent,27925.464728847146,64362,31975.902108941227,,,30.0,29.403076171875,6.601806640625,6.601806640625,6.601806640625,2671.700291102752,unknown,True,,True,,False,,15413.28564453125,True,static_best,False,0.03418803418803419,0.03418803418803419,kivi_4bit_residual64,0.03418803418803419,,risk_evidence_insufficient,0.0,static_best,266.5122961625457,,,,hybrid-session-004-turn-3,6.601806640625,0.0,6.601806640625,0.0,0.3418803418803419,/DATACENTER3/zhenxiang.wang/work/TailGuardKV/.worktrees/baseline-smoke-final-aggregation/out/full_25session_baseline_9_14/full/policy_attempts/full40_20260916_h2o_static_safe/seed20260906,False,calibrated unsafe,hybrid-session-004,qa,267.25748204626143,3,risk_evidence_insufficient
kivi_4bit_residual64,13.0,0.1,False,True,online_qwen,True,,/DATACENTER3/zhenxiang.wang/work/TailGuardKV/.worktrees/baseline-smoke-final-aggregation/out/full_25session_baseline_9_14/full/policy_attempts/full40_20260916_h2o_static_safe/seed20260906/config.yaml,,,,,0.05,True,,0.1,,10.638427734375,False,kivi_4bit_residual64,True,,balanced_two_gpu,1,persistent,27925.464728847146,64362,31975.902108941227,,,30.0,25.079345703125,6.314697265625,6.314697265625,6.314697265625,2697.9289918672293,unknown,True,,True,,False,,15402.90087890625,True,static_best,False,0.0,0.0,kivi_4bit_residual64,0.0,,risk_evidence_insufficient,0.0,static_best,271.77568804472685,,,,hybrid-session-005-turn-3,6.314697265625,0.0,6.314697265625,0.0,0.0,/DATACENTER3/zhenxiang.wang/work/TailGuardKV/.worktrees/baseline-smoke-final-aggregation/out/full_25session_baseline_9_14/full/policy_attempts/full40_20260916_h2o_static_safe/seed20260906,True,calibrated safe,hybrid-session-005,summary,272.6088089402765,3,risk_evidence_insufficient
kivi_4bit_residual64,13.0,0.1,False,True,online_qwen,True,,/DATACENTER3/zhenxiang.wang/work/TailGuardKV/.worktrees/baseline-smoke-final-aggregation/out/full_25session_baseline_9_14/full/policy_attempts/full40_20260916_h2o_static_safe/seed20260906/config.yaml,,,,,0.05,True,,0.1,,6.42236328125,False,kivi_4bit_residual64,True,,balanced_two_gpu,1,persistent,27925.464728847146,64362,31975.902108941227,,,30.0,25.34765625,6.690673828125,6.690673828125,6.690673828125,2697.2756010945886,unknown,True,,True,,False,,15463.1826171875,True,static_best,False,0.0,0.0,kivi_4bit_residual64,0.0,,risk_evidence_insufficient,0.0,static_best,329.69650300219655,,,,hybrid-session-006-turn-3,6.690673828125,0.0,6.690673828125,0.0,0.0,/DATACENTER3/zhenxiang.wang/work/TailGuardKV/.worktrees/baseline-smoke-final-aggregation/out/full_25session_baseline_9_14/full/policy_attempts/full40_20260916_h2o_static_safe/seed20260906,True,calibrated safe,hybrid-session-006,qa,330.5111329536885,3,risk_evidence_insufficient
kivi_4bit_residual64,13.0,0.1,False,True,online_qwen,True,,/DATACENTER3/zhenxiang.wang/work/TailGuardKV/.worktrees/baseline-smoke-final-aggregation/out/full_25session_baseline_9_14/full/policy_attempts/full40_20260916_h2o_static_safe/seed20260906/config.yaml,,,,,0.05,True,,0.1,,5.740478515625,False,kivi_4bit_residual64,True,,balanced_two_gpu,1,persistent,27925.464728847146,64362,31975.902108941227,,,30.0,25.2041015625,5.596923828125,5.596923828125,5.596923828125,2270.3926819376647,unknown,True,,True,,False,,15368.09619140625,True,static_best,False,0.0,0.0,kivi_4bit_residual64,0.0,,risk_evidence_insufficient,0.0,static_best,255.9656898956746,,,,hybrid-session-009-turn-3,5.596923828125,0.0,5.596923828125,0.0,0.0,/DATACENTER3/zhenxiang.wang/work/TailGuardKV/.worktrees/baseline-smoke-final-aggregation/out/full_25session_baseline_9_14/full/policy_attempts/full40_20260916_h2o_static_safe/seed20260906,True,calibrated safe,hybrid-session-009,summary,256.723074009642,3,risk_evidence_insufficient
kivi_4bit_residual64,13.0,0.1,False,True,online_qwen,True,,/DATACENTER3/zhenxiang.wang/work/TailGuardKV/.worktrees/baseline-smoke-final-aggregation/out/full_25session_baseline_9_14/full/policy_attempts/full40_20260916_h2o_static_safe/seed20260906/config.yaml,,,,,0.05,True,,0.1,,6.601806640625,False,kivi_4bit_residual64,True,,balanced_two_gpu,1,persistent,27925.464728847146,64362,31975.902108941227,,,30.0,24.665771484375,6.0634765625,6.0634765625,6.0634765625,2684.016943909228,unknown,True,,True,,False,,15388.24560546875,True,static_best,False,0.0,0.0,kivi_4bit_residual64,0.0,,risk_evidence_insufficient,0.0,static_best,273.6650239676237,,,,hybrid-session-010-turn-3,6.0634765625,0.0,6.0634765625,0.0,0.0,/DATACENTER3/zhenxiang.wang/work/TailGuardKV/.worktrees/baseline-smoke-final-aggregation/out/full_25session_baseline_9_14/full/policy_attempts/full40_20260916_h2o_static_safe/seed20260906,True,calibrated safe,hybrid-session-010,qa,274.54638201743364,3,risk_evidence_insufficient
kivi_4bit_residual64,13.0,0.1,False,False,online_qwen,False,,/DATACENTER3/zhenxiang.wang/work/TailGuardKV/.worktrees/baseline-smoke-final-aggregation/out/full_25session_baseline_9_14/full/policy_attempts/full40_20260916_h2o_static_safe/seed20260906/config.yaml,,,,,0.05,True,,0.1,,0,False,kivi_4bit_residual64,True,,balanced_two_gpu,1,persistent,27925.464728847146,64362,31975.902108941227,,,30.0,28.505859375,3.840087890625,3.840087890625,3.840087890625,2440.4909119475633,unknown,True,,True,,False,,15197.79150390625,True,static_best,False,0.0,0.0,kivi_4bit_residual64,0.0,,risk_evidence_insufficient,0.0,static_best,194.6157559286803,,,,hybrid-session-013-turn-3,3.840087890625,0.0,3.840087890625,0.0,0.0,/DATACENTER3/zhenxiang.wang/work/TailGuardKV/.worktrees/baseline-smoke-final-aggregation/out/full_25session_baseline_9_14/full/policy_attempts/full40_20260916_h2o_static_safe/seed20260906,True,calibrated safe,hybrid-session-013,summary,195.44343603774905,3,risk_evidence_insufficient
kivi_4bit_residual64,13.0,0.1,False,True,online_qwen,True,,/DATACENTER3/zhenxiang.wang/work/TailGuardKV/.worktrees/baseline-smoke-final-aggregation/out/full_25session_baseline_9_14/full/policy_attempts/full40_20260916_h2o_static_safe/seed20260906/config.yaml,,,,,0.05,True,,0.1,,6.314697265625,False,kivi_4bit_residual64,True,,balanced_two_gpu,1,persistent,27925.464728847146,64362,31975.902108941227,,,30.0,28.57763671875,6.386474609375,6.386474609375,6.386474609375,2707.7953261323273,unknown,True,,True,,False,,15406.10400390625,True,static_best,False,0.0,0.0,kivi_4bit_residual64,0.0,,risk_evidence_insufficient,0.0,static_best,271.97777293622494,,,,hybrid-session-016-turn-3,6.386474609375,0.0,6.386474609375,0.0,0.0,/DATACENTER3/zhenxiang.wang/work/TailGuardKV/.worktrees/baseline-smoke-final-aggregation/out/full_25session_baseline_9_14/full/policy_attempts/full40_20260916_h2o_static_safe/seed20260906,True,calibrated safe,hybrid-session-016,qa,273.01073097623885,3,risk_evidence_insufficient
kivi_4bit_residual64,13.0,0.1,False,True,online_qwen,True,,/DATACENTER3/zhenxiang.wang/work/TailGuardKV/.worktrees/baseline-smoke-final-aggregation/out/full_25session_baseline_9_14/full/policy_attempts/full40_20260916_h2o_static_safe/seed20260906/config.yaml,,,,,0.05,True,,0.1,,6.690673828125,False,kivi_4bit_residual64,True,,balanced_two_gpu,1,persistent,27925.464728847146,64362,31975.902108941227,,,30.0,28.2734375,6.386474609375,6.386474609375,6.386474609375,2696.658614091575,unknown,True,,True,,False,,15406.17236328125,True,static_best,False,0.0,0.0,kivi_4bit_residual64,0.0,,risk_evidence_insufficient,0.0,static_best,267.67320395447314,,,,hybrid-session-020-turn-3,6.386474609375,0.0,6.386474609375,0.0,0.0,/DATACENTER3/zhenxiang.wang/work/TailGuardKV/.worktrees/baseline-smoke-final-aggregation/out/full_25session_baseline_9_14/full/policy_attempts/full40_20260916_h2o_static_safe/seed20260906,True,calibrated safe,hybrid-session-020,qa,268.50690017454326,3,risk_evidence_insufficient
kivi_4bit_residual64,13.0,0.1,False,True,online_qwen,True,,/DATACENTER3/zhenxiang.wang/work/TailGuardKV/.worktrees/baseline-smoke-final-aggregation/out/full_25session_baseline_9_14/full/policy_attempts/full40_20260916_h2o_static_safe/seed20260906/config.yaml,,,,,0.05,True,,0.1,,5.596923828125,False,kivi_4bit_residual64,True,,balanced_two_gpu,1,persistent,27925.464728847146,64362,31975.902108941227,,,30.0,29.421875,6.745361328125,6.745361328125,6.745361328125,2636.0963589977473,unknown,True,,True,,False,,15421.52978515625,True,static_best,False,0.0,0.0,kivi_4bit_residual64,0.0,,risk_evidence_insufficient,0.0,static_best,274.9057940673083,,,,hybrid-session-021-turn-3,6.745361328125,0.0,6.745361328125,0.0,0.0,/DATACENTER3/zhenxiang.wang/work/TailGuardKV/.worktrees/baseline-smoke-final-aggregation/out/full_25session_baseline_9_14/full/policy_attempts/full40_20260916_h2o_static_safe/seed20260906,True,calibrated safe,hybrid-session-021,summary,275.99450713023543,3,risk_evidence_insufficient
kivi_4bit_residual64,13.0,0.1,False,True,online_qwen,True,,/DATACENTER3/zhenxiang.wang/work/TailGuardKV/.worktrees/baseline-smoke-final-aggregation/out/full_25session_baseline_9_14/full/policy_attempts/full40_20260916_h2o_static_safe/seed20260906/config.yaml,,,,,0.05,True,,0.1,,6.0634765625,False,kivi_4bit_residual64,True,,balanced_two_gpu,1,persistent,27925.464728847146,64362,31975.902108941227,,,30.0,29.20654296875,5.84814453125,5.84814453125,5.84814453125,2675.347609911114,unknown,True,,True,,False,,15382.57763671875,True,static_best,False,0.0,0.0,kivi_4bit_residual64,0.0,,risk_evidence_insufficient,0.0,static_best,268.17385805770755,,,,hybrid-session-025-turn-3,5.84814453125,0.0,5.84814453125,0.0,0.0,/DATACENTER3/zhenxiang.wang/work/TailGuardKV/.worktrees/baseline-smoke-final-aggregation/out/full_25session_baseline_9_14/full/policy_attempts/full40_20260916_h2o_static_safe/seed20260906,True,calibrated safe,hybrid-session-025,summary,268.95281579345465,3,risk_evidence_insufficient
kivi_4bit_residual64,13.0,0.1,False,True,online_qwen,True,,/DATACENTER3/zhenxiang.wang/work/TailGuardKV/.worktrees/baseline-smoke-final-aggregation/out/full_25session_baseline_9_14/full/policy_attempts/full40_20260916_h2o_static_safe/seed20260906/config.yaml,,,,,0.05,True,,0.1,,10.2265625,False,kivi_4bit_residual64,True,,balanced_two_gpu,1,persistent,27925.464728847146,64362,31975.902108941227,,,30.0,24.665771484375,5.685791015625,5.685791015625,5.685791015625,2727.0890749059618,unknown,True,,True,,False,,15427.39501953125,True,static_best,False,0.03418803418803419,0.03418803418803419,kivi_4bit_residual64,0.03418803418803419,,risk_evidence_insufficient,0.0,static_best,276.0420450940728,,,,hybrid-session-026-turn-3,5.685791015625,0.0,5.685791015625,0.0,0.3418803418803419,/DATACENTER3/zhenxiang.wang/work/TailGuardKV/.worktrees/baseline-smoke-final-aggregation/out/full_25session_baseline_9_14/full/policy_attempts/full40_20260916_h2o_static_safe/seed20260906,False,calibrated unsafe,hybrid-session-026,qa,276.8938560038805,3,risk_evidence_insufficient
kivi_4bit_residual64,13.0,0.1,False,True,online_qwen,True,,/DATACENTER3/zhenxiang.wang/work/TailGuardKV/.worktrees/baseline-smoke-final-aggregation/out/full_25session_baseline_9_14/full/policy_attempts/full40_20260916_h2o_static_safe/seed20260906/config.yaml,,,,,0.05,True,,0.1,,6.386474609375,False,kivi_4bit_residual64,True,,balanced_two_gpu,1,persistent,27925.464728847146,64362,31975.902108941227,,,30.0,25.005859375,6.7265625,6.7265625,6.7265625,2701.0338290128857,unknown,True,,True,,False,,15464.6416015625,True,static_best,False,0.0,0.0,kivi_4bit_residual64,0.0,,risk_evidence_insufficient,0.0,static_best,316.79162196815014,,,,hybrid-session-002-turn-4,6.7265625,0.0,6.7265625,0.0,0.0,/DATACENTER3/zhenxiang.wang/work/TailGuardKV/.worktrees/baseline-smoke-final-aggregation/out/full_25session_baseline_9_14/full/policy_attempts/full40_20260916_h2o_static_safe/seed20260906,True,calibrated safe,hybrid-session-002,qa,317.63219204731286,4,risk_evidence_insufficient
kivi_4bit_residual64,13.0,0.1,False,True,online_qwen,True,,/DATACENTER3/zhenxiang.wang/work/TailGuardKV/.worktrees/baseline-smoke-final-aggregation/out/full_25session_baseline_9_14/full/policy_attempts/full40_20260916_h2o_static_safe/seed20260906/config.yaml,,,,,0.05,True,,0.1,,6.745361328125,False,kivi_4bit_residual64,True,,balanced_two_gpu,1,persistent,27925.464728847146,64362,31975.902108941227,,,30.0,24.30517578125,6.044677734375,6.044677734375,6.044677734375,2674.8622278682888,unknown,True,,True,,False,,15438.72900390625,True,static_best,False,0.0,0.0,kivi_4bit_residual64,0.0,,risk_evidence_insufficient,0.0,static_best,272.6972799282521,,,,hybrid-session-003-turn-4,6.044677734375,0.0,6.044677734375,0.0,0.0,/DATACENTER3/zhenxiang.wang/work/TailGuardKV/.worktrees/baseline-smoke-final-aggregation/out/full_25session_baseline_9_14/full/policy_attempts/full40_20260916_h2o_static_safe/seed20260906,True,calibrated safe,hybrid-session-003,summary,273.5340369399637,4,risk_evidence_insufficient
kivi_4bit_residual64,13.0,0.1,False,True,online_qwen,True,,/DATACENTER3/zhenxiang.wang/work/TailGuardKV/.worktrees/baseline-smoke-final-aggregation/out/full_25session_baseline_9_14/full/policy_attempts/full40_20260916_h2o_static_safe/seed20260906/config.yaml,,,,,0.05,True,,0.1,,5.84814453125,False,kivi_4bit_residual64,True,,balanced_two_gpu,1,persistent,27925.464728847146,64362,31975.902108941227,,,30.0,25.363037109375,6.906005859375,6.906005859375,6.906005859375,2724.512959131971,unknown,True,,True,,False,,15472.3369140625,True,static_best,False,0.0,0.0,kivi_4bit_residual64,0.0,,risk_evidence_insufficient,0.0,static_best,319.00921394117177,,,,hybrid-session-004-turn-4,6.906005859375,0.0,6.906005859375,0.0,0.0,/DATACENTER3/zhenxiang.wang/work/TailGuardKV/.worktrees/baseline-smoke-final-aggregation/out/full_25session_baseline_9_14/full/policy_attempts/full40_20260916_h2o_static_safe/seed20260906,True,calibrated safe,hybrid-session-004,qa,319.9077860917896,4,risk_evidence_insufficient
kivi_4bit_residual64,13.0,0.1,False,True,online_qwen,True,,/DATACENTER3/zhenxiang.wang/work/TailGuardKV/.worktrees/baseline-smoke-final-aggregation/out/full_25session_baseline_9_14/full/policy_attempts/full40_20260916_h2o_static_safe/seed20260906/config.yaml,,,,,0.05,True,,0.1,,5.685791015625,False,kivi_4bit_residual64,True,,balanced_two_gpu,1,persistent,27925.464728847146,64362,31975.902108941227,,,30.0,26.296142578125,6.618896484375,6.618896484375,6.618896484375,2686.20550702326,unknown,True,,True,,False,,15460.0244140625,True,static_best,False,0.0,0.0,kivi_4bit_residual64,0.0,,risk_evidence_insufficient,0.0,static_best,312.4906378798187,,,,hybrid-session-005-turn-4,6.618896484375,0.0,6.618896484375,0.0,0.0,/DATACENTER3/zhenxiang.wang/work/TailGuardKV/.worktrees/baseline-smoke-final-aggregation/out/full_25session_baseline_9_14/full/policy_attempts/full40_20260916_h2o_static_safe/seed20260906,True,calibrated safe,hybrid-session-005,summary,313.30464500933886,4,risk_evidence_insufficient
kivi_4bit_residual64,13.0,0.1,False,True,online_qwen,True,,/DATACENTER3/zhenxiang.wang/work/TailGuardKV/.worktrees/baseline-smoke-final-aggregation/out/full_25session_baseline_9_14/full/policy_attempts/full40_20260916_h2o_static_safe/seed20260906/config.yaml,,,,,0.05,True,,0.1,,6.7265625,False,kivi_4bit_residual64,True,,balanced_two_gpu,1,persistent,27925.464728847146,64362,31975.902108941227,,,30.0,26.564453125,6.994873046875,6.994873046875,6.994873046875,2687.7274869475514,unknown,True,,True,,False,,15527.2626953125,True,static_best,False,0.0,0.0,kivi_4bit_residual64,0.0,,risk_evidence_insufficient,0.0,static_best,318.47579195164144,,,,hybrid-session-006-turn-4,6.994873046875,0.0,6.994873046875,0.0,0.0,/DATACENTER3/zhenxiang.wang/work/TailGuardKV/.worktrees/baseline-smoke-final-aggregation/out/full_25session_baseline_9_14/full/policy_attempts/full40_20260916_h2o_static_safe/seed20260906,True,calibrated safe,hybrid-session-006,qa,319.20946203172207,4,risk_evidence_insufficient
kivi_4bit_residual64,13.0,0.1,True,True,online_qwen,True,,/DATACENTER3/zhenxiang.wang/work/TailGuardKV/.worktrees/baseline-smoke-final-aggregation/out/full_25session_baseline_9_14/full/policy_attempts/full40_20260916_h2o_static_safe/seed20260906/config.yaml,,,,,0.05,True,,0.1,,6.044677734375,False,kivi_4bit_residual64,True,,balanced_two_gpu,1,persistent,27925.464728847146,64362,31975.902108941227,,,30.0,26.4208984375,5.901123046875,5.901123046875,5.901123046875,2725.0849530100822,unknown,True,,True,,False,,15434.67431640625,True,static_best,False,0.0,0.0,kivi_4bit_residual64,0.0,,risk_evidence_insufficient,0.0,static_best,274.97102809138596,,,,hybrid-session-009-turn-4,5.901123046875,0.0,5.901123046875,0.0,0.0,/DATACENTER3/zhenxiang.wang/work/TailGuardKV/.worktrees/baseline-smoke-final-aggregation/out/full_25session_baseline_9_14/full/policy_attempts/full40_20260916_h2o_static_safe/seed20260906,True,calibrated safe,hybrid-session-009,summary,275.88825090788305,4,risk_evidence_insufficient
kivi_4bit_residual64,13.0,0.1,False,True,online_qwen,True,,/DATACENTER3/zhenxiang.wang/work/TailGuardKV/.worktrees/baseline-smoke-final-aggregation/out/full_25session_baseline_9_14/full/policy_attempts/full40_20260916_h2o_static_safe/seed20260906/config.yaml,,,,,0.05,True,,0.1,,6.906005859375,False,kivi_4bit_residual64,True,,balanced_two_gpu,1,persistent,27925.464728847146,64362,31975.902108941227,,,30.0,25.882568359375,6.36767578125,6.36767578125,6.36767578125,2743.0898919701576,unknown,True,,True,,False,,15450.701171875,True,static_best,False,0.0,0.0,kivi_4bit_residual64,0.0,,risk_evidence_insufficient,0.0,static_best,318.06213199160993,,,,hybrid-session-010-turn-4,6.36767578125,0.0,6.36767578125,0.0,0.0,/DATACENTER3/zhenxiang.wang/work/TailGuardKV/.worktrees/baseline-smoke-final-aggregation/out/full_25session_baseline_9_14/full/policy_attempts/full40_20260916_h2o_static_safe/seed20260906,True,calibrated safe,hybrid-session-010,qa,318.8789689447731,4,risk_evidence_insufficient
kivi_4bit_residual64,13.0,0.1,True,False,online_qwen,False,,/DATACENTER3/zhenxiang.wang/work/TailGuardKV/.worktrees/baseline-smoke-final-aggregation/out/full_25session_baseline_9_14/full/policy_attempts/full40_20260916_h2o_static_safe/seed20260906/config.yaml,,,,,0.05,True,,0.1,"OutOfMemoryError: CUDA out of memory. Tried to allocate 2.00 MiB. GPU 0 has a total capacity of 10.75 GiB of which 3.62 MiB is free. Including non-PyTorch memory, this process has 7.82 GiB memory in use. Process 3871 has 2.93 GiB memory in use. Of the allocated memory 6.91 GiB is allocated by PyTorch, and 118.54 MiB is reserved by PyTorch but unallocated. If reserved but unallocated memory is large try setting PYTORCH_CUDA_ALLOC_CONF=expandable_segments:True to avoid fragmentation.  See documentation for Memory Management  (https://pytorch.org/docs/stable/notes/cuda.html#environment-variables)",25.882568359375,False,kivi_4bit_residual64,True,,balanced_two_gpu,1,persistent,27925.464728847146,64362,31975.902108941227,true,,30.0,0.0,,,,,unknown,False,,False,,False,,,True,static_best,False,0.0,0.0,kivi_4bit_residual64,0.0,,risk_evidence_insufficient,0.0,static_best,0.0,,,,hybrid-session-013-turn-4,0.0,0.0,,0.0,0.0,/DATACENTER3/zhenxiang.wang/work/TailGuardKV/.worktrees/baseline-smoke-final-aggregation/out/full_25session_baseline_9_14/full/policy_attempts/full40_20260916_h2o_static_safe/seed20260906,True,calibrated safe,hybrid-session-013,summary,,4,risk_evidence_insufficient
kivi_4bit_residual64,13.0,0.1,False,False,online_qwen,False,,/DATACENTER3/zhenxiang.wang/work/TailGuardKV/.worktrees/baseline-smoke-final-aggregation/out/full_25session_baseline_9_14/full/policy_attempts/full40_20260916_h2o_static_safe/seed20260906/config.yaml,,,,,0.05,True,,0.1,,0,False,kivi_4bit_residual64,True,,balanced_two_gpu,1,persistent,27925.464728847146,64362,31975.902108941227,,,30.0,13.38134765625,6.690673828125,6.690673828125,6.690673828125,2480.5539520457387,unknown,True,,True,,False,,15444.7119140625,True,static_best,False,0.0,0.0,kivi_4bit_residual64,0.0,,risk_evidence_insufficient,0.0,static_best,301.89867899753153,,,,hybrid-session-020-turn-4,6.690673828125,0.0,6.690673828125,0.0,0.0,/DATACENTER3/zhenxiang.wang/work/TailGuardKV/.worktrees/baseline-smoke-final-aggregation/out/full_25session_baseline_9_14/full/policy_attempts/full40_20260916_h2o_static_safe/seed20260906,True,calibrated safe,hybrid-session-020,qa,302.81380913220346,4,risk_evidence_insufficient
kivi_4bit_residual64,13.0,0.1,False,False,online_qwen,False,,/DATACENTER3/zhenxiang.wang/work/TailGuardKV/.worktrees/baseline-smoke-final-aggregation/out/full_25session_baseline_9_14/full/policy_attempts/full40_20260916_h2o_static_safe/seed20260906/config.yaml,,,,,0.05,True,,0.1,,0,False,kivi_4bit_residual64,True,,balanced_two_gpu,1,persistent,27925.464728847146,64362,31975.902108941227,,,30.0,20.430908203125,7.049560546875,7.049560546875,7.049560546875,2777.7992989867926,unknown,True,,True,,False,,15466.6689453125,True,static_best,False,0.0,0.0,kivi_4bit_residual64,0.0,,risk_evidence_insufficient,0.0,static_best,321.53938501141965,,,,hybrid-session-021-turn-4,7.049560546875,0.0,7.049560546875,0.0,0.0,/DATACENTER3/zhenxiang.wang/work/TailGuardKV/.worktrees/baseline-smoke-final-aggregation/out/full_25session_baseline_9_14/full/policy_attempts/full40_20260916_h2o_static_safe/seed20260906,True,calibrated safe,hybrid-session-021,summary,322.3558929748833,4,risk_evidence_insufficient
kivi_4bit_residual64,13.0,0.1,False,False,online_qwen,False,,/DATACENTER3/zhenxiang.wang/work/TailGuardKV/.worktrees/baseline-smoke-final-aggregation/out/full_25session_baseline_9_14/full/policy_attempts/full40_20260916_h2o_static_safe/seed20260906/config.yaml,,,,,0.05,True,,0.1,,0,False,kivi_4bit_residual64,True,,balanced_two_gpu,1,persistent,27925.464728847146,64362,31975.902108941227,,,30.0,26.583251953125,6.15234375,6.15234375,6.15234375,2764.0703939832747,unknown,True,,True,,False,,15442.7470703125,True,static_best,False,0.0,0.0,kivi_4bit_residual64,0.0,,risk_evidence_insufficient,0.0,static_best,323.1840601656586,,,,hybrid-session-025-turn-4,6.15234375,0.0,6.15234375,0.0,0.0,/DATACENTER3/zhenxiang.wang/work/TailGuardKV/.worktrees/baseline-smoke-final-aggregation/out/full_25session_baseline_9_14/full/policy_attempts/full40_20260916_h2o_static_safe/seed20260906,True,calibrated safe,hybrid-session-025,summary,324.08548309467733,4,risk_evidence_insufficient
kivi_4bit_residual64,13.0,0.1,False,True,online_qwen,True,,/DATACENTER3/zhenxiang.wang/work/TailGuardKV/.worktrees/baseline-smoke-final-aggregation/out/full_25session_baseline_9_14/full/policy_attempts/full40_20260916_h2o_static_safe/seed20260906/config.yaml,,,,,0.05,True,,0.1,,6.690673828125,False,kivi_4bit_residual64,True,,balanced_two_gpu,1,persistent,27925.464728847146,64362,31975.902108941227,,,30.0,27.085693359375,7.193115234375,7.193115234375,7.193115234375,2683.6924590170383,unknown,True,,True,,False,,15485.1865234375,True,static_best,False,0.03418803418803419,0.03418803418803419,kivi_4bit_residual64,0.03418803418803419,,risk_evidence_insufficient,0.0,static_best,320.1008150354028,,,,hybrid-session-026-turn-4,7.193115234375,0.0,7.193115234375,0.0,0.3418803418803419,/DATACENTER3/zhenxiang.wang/work/TailGuardKV/.worktrees/baseline-smoke-final-aggregation/out/full_25session_baseline_9_14/full/policy_attempts/full40_20260916_h2o_static_safe/seed20260906,False,calibrated unsafe,hybrid-session-026,qa,320.8514859434217,4,risk_evidence_insufficient
kivi_4bit_residual64,2.0,0.1,False,False,online_qwen,False,,/DATACENTER3/zhenxiang.wang/work/TailGuardKV/.worktrees/baseline-smoke-final-aggregation/out/full_25session_baseline_9_14/full/policy_attempts/full40_20260916_h2o_static_safe/seed20260906/config.yaml,,,,,0.05,True,,0.1,,0,False,kivi_4bit_residual64,True,,balanced_two_gpu,1,persistent,28494.12849289365,5099,32541.39381996356,,,30.0,3.5546875,1.4765625,1.4765625,1.4765625,1689.4563920795918,unknown,True,,True,,False,,15055.19384765625,True,static_safe,False,0.0,0.0,kivi_4bit_residual64,0.0,,risk_evidence_insufficient,0.0,static_safe,0.0,,,,hybrid-session-003-turn-0,1.4765625,0.0,1.4765625,0.0,0.0,/DATACENTER3/zhenxiang.wang/work/TailGuardKV/.worktrees/baseline-smoke-final-aggregation/out/full_25session_baseline_9_14/full/policy_attempts/full40_20260916_h2o_static_safe/seed20260906,True,calibrated safe,hybrid-session-003,chat,115.01339892856777,0,risk_evidence_insufficient
kivi_4bit_residual64,3.0,0.1,False,False,online_qwen,False,,/DATACENTER3/zhenxiang.wang/work/TailGuardKV/.worktrees/baseline-smoke-final-aggregation/out/full_25session_baseline_9_14/full/policy_attempts/full40_20260916_h2o_static_safe/seed20260906/config.yaml,,,,,0.05,True,,0.1,,0,False,kivi_4bit_residual64,True,,balanced_two_gpu,1,persistent,28494.12849289365,5099,32541.39381996356,,,30.0,5.3046875,1.75,1.75,1.75,1337.0883699972183,unknown,True,,True,,False,,15063.70947265625,True,static_safe,False,0.0,0.0,kivi_4bit_residual64,0.0,,risk_evidence_insufficient,0.0,static_safe,0.0,,,,hybrid-session-004-turn-0,1.75,0.0,1.75,0.0,0.0,/DATACENTER3/zhenxiang.wang/work/TailGuardKV/.worktrees/baseline-smoke-final-aggregation/out/full_25session_baseline_9_14/full/policy_attempts/full40_20260916_h2o_static_safe/seed20260906,True,calibrated safe,hybrid-session-004,chat,127.21195095218718,0,risk_evidence_insufficient
kivi_4bit_residual64,4.0,0.1,False,False,online_qwen,False,,/DATACENTER3/zhenxiang.wang/work/TailGuardKV/.worktrees/baseline-smoke-final-aggregation/out/full_25session_baseline_9_14/full/policy_attempts/full40_20260916_h2o_static_safe/seed20260906/config.yaml,,,,,0.05,True,,0.1,,0,False,kivi_4bit_residual64,True,,balanced_two_gpu,1,persistent,28494.12849289365,5099,32541.39381996356,,,30.0,7.21875,1.9140625,1.9140625,1.9140625,1712.810877012089,unknown,True,,True,,False,,15070.26806640625,True,static_safe,False,0.0,0.0,kivi_4bit_residual64,0.0,,risk_evidence_insufficient,0.0,static_safe,0.0,,,,hybrid-session-005-turn-0,1.9140625,0.0,1.9140625,0.0,0.0,/DATACENTER3/zhenxiang.wang/work/TailGuardKV/.worktrees/baseline-smoke-final-aggregation/out/full_25session_baseline_9_14/full/policy_attempts/full40_20260916_h2o_static_safe/seed20260906,True,calibrated safe,hybrid-session-005,chat,123.96869901567698,0,risk_evidence_insufficient
kivi_4bit_residual64,5.0,0.1,False,False,online_qwen,False,,/DATACENTER3/zhenxiang.wang/work/TailGuardKV/.worktrees/baseline-smoke-final-aggregation/out/full_25session_baseline_9_14/full/policy_attempts/full40_20260916_h2o_static_safe/seed20260906/config.yaml,,,,,0.05,True,,0.1,,0,False,kivi_4bit_residual64,True,,balanced_two_gpu,1,persistent,28494.12849289365,5099,32541.39381996356,,,30.0,9.84375,2.625,2.625,2.625,1614.849511999637,unknown,True,,True,,False,,15093.27587890625,True,static_safe,False,0.0,0.0,kivi_4bit_residual64,0.0,,risk_evidence_insufficient,0.0,static_safe,0.0,,,,hybrid-session-006-turn-0,2.625,0.0,2.625,0.0,0.0,/DATACENTER3/zhenxiang.wang/work/TailGuardKV/.worktrees/baseline-smoke-final-aggregation/out/full_25session_baseline_9_14/full/policy_attempts/full40_20260916_h2o_static_safe/seed20260906,True,calibrated safe,hybrid-session-006,chat,121.32041901350021,0,risk_evidence_insufficient
kivi_4bit_residual64,6.0,0.1,False,False,online_qwen,False,,/DATACENTER3/zhenxiang.wang/work/TailGuardKV/.worktrees/baseline-smoke-final-aggregation/out/full_25session_baseline_9_14/full/policy_attempts/full40_20260916_h2o_static_safe/seed20260906/config.yaml,,,,,0.05,True,,0.1,,0,False,kivi_4bit_residual64,True,,balanced_two_gpu,1,persistent,28494.12849289365,5099,32541.39381996356,,,30.0,11.5390625,1.6953125,1.6953125,1.6953125,1694.5752049796283,unknown,True,,True,,False,,15068.48681640625,True,static_safe,False,0.0,0.0,kivi_4bit_residual64,0.0,,risk_evidence_insufficient,0.0,static_safe,0.0,,,,hybrid-session-009-turn-0,1.6953125,0.0,1.6953125,0.0,0.0,/DATACENTER3/zhenxiang.wang/work/TailGuardKV/.worktrees/baseline-smoke-final-aggregation/out/full_25session_baseline_9_14/full/policy_attempts/full40_20260916_h2o_static_safe/seed20260906,True,calibrated safe,hybrid-session-009,chat,111.80304200388491,0,risk_evidence_insufficient
kivi_4bit_residual64,7.0,0.1,False,False,online_qwen,False,,/DATACENTER3/zhenxiang.wang/work/TailGuardKV/.worktrees/baseline-smoke-final-aggregation/out/full_25session_baseline_9_14/full/policy_attempts/full40_20260916_h2o_static_safe/seed20260906/config.yaml,,,,,0.05,True,,0.1,,0,False,kivi_4bit_residual64,True,,balanced_two_gpu,1,persistent,28494.12849289365,5099,32541.39381996356,,,30.0,13.0703125,1.53125,1.53125,1.53125,1692.311180057004,unknown,True,,True,,False,,15065.87646484375,True,static_safe,False,0.0,0.0,kivi_4bit_residual64,0.0,,risk_evidence_insufficient,0.0,static_safe,0.0,,,,hybrid-session-010-turn-0,1.53125,0.0,1.53125,0.0,0.0,/DATACENTER3/zhenxiang.wang/work/TailGuardKV/.worktrees/baseline-smoke-final-aggregation/out/full_25session_baseline_9_14/full/policy_attempts/full40_20260916_h2o_static_safe/seed20260906,True,calibrated safe,hybrid-session-010,chat,116.85839109122753,0,risk_evidence_insufficient
kivi_4bit_residual64,8.0,0.1,False,False,online_qwen,False,,/DATACENTER3/zhenxiang.wang/work/TailGuardKV/.worktrees/baseline-smoke-final-aggregation/out/full_25session_baseline_9_14/full/policy_attempts/full40_20260916_h2o_static_safe/seed20260906/config.yaml,,,,,0.05,True,,0.1,,0,False,kivi_4bit_residual64,True,,balanced_two_gpu,1,persistent,28494.12849289365,5099,32541.39381996356,,,30.0,14.875,1.8046875,1.8046875,1.8046875,1710.1623530033976,unknown,True,,True,,False,,15074.73681640625,True,static_safe,False,0.0,0.0,kivi_4bit_residual64,0.0,,risk_evidence_insufficient,0.0,static_safe,0.0,,,,hybrid-session-013-turn-0,1.8046875,0.0,1.8046875,0.0,0.0,/DATACENTER3/zhenxiang.wang/work/TailGuardKV/.worktrees/baseline-smoke-final-aggregation/out/full_25session_baseline_9_14/full/policy_attempts/full40_20260916_h2o_static_safe/seed20260906,True,calibrated safe,hybrid-session-013,chat,126.16646895185113,0,risk_evidence_insufficient
kivi_4bit_residual64,9.0,0.1,False,False,online_qwen,False,,/DATACENTER3/zhenxiang.wang/work/TailGuardKV/.worktrees/baseline-smoke-final-aggregation/out/full_25session_baseline_9_14/full/policy_attempts/full40_20260916_h2o_static_safe/seed20260906/config.yaml,,,,,0.05,True,,0.1,,0,False,kivi_4bit_residual64,True,,balanced_two_gpu,1,persistent,28494.12849289365,5099,32541.39381996356,,,30.0,17.5,2.625,2.625,2.625,1704.4561121147126,unknown,True,,True,,False,,15100.93212890625,True,static_safe,False,0.0,0.0,kivi_4bit_residual64,0.0,,risk_evidence_insufficient,0.0,static_safe,0.0,,,,hybrid-session-016-turn-0,2.625,0.0,2.625,0.0,0.0,/DATACENTER3/zhenxiang.wang/work/TailGuardKV/.worktrees/baseline-smoke-final-aggregation/out/full_25session_baseline_9_14/full/policy_attempts/full40_20260916_h2o_static_safe/seed20260906,True,calibrated safe,hybrid-session-016,chat,116.53202003799379,0,risk_evidence_insufficient
kivi_4bit_residual64,10.0,0.1,False,False,online_qwen,False,,/DATACENTER3/zhenxiang.wang/work/TailGuardKV/.worktrees/baseline-smoke-final-aggregation/out/full_25session_baseline_9_14/full/policy_attempts/full40_20260916_h2o_static_safe/seed20260906/config.yaml,,,,,0.05,True,,0.1,,0,False,kivi_4bit_residual64,True,,balanced_two_gpu,1,persistent,28494.12849289365,5099,32541.39381996356,,,30.0,19.90625,2.40625,2.40625,2.40625,1384.2521230690181,unknown,True,,True,,False,,15095.79541015625,True,static_safe,False,0.0,0.0,kivi_4bit_residual64,0.0,,risk_evidence_insufficient,0.0,static_safe,0.0,,,,hybrid-session-020-turn-0,2.40625,0.0,2.40625,0.0,0.0,/DATACENTER3/zhenxiang.wang/work/TailGuardKV/.worktrees/baseline-smoke-final-aggregation/out/full_25session_baseline_9_14/full/policy_attempts/full40_20260916_h2o_static_safe/seed20260906,True,calibrated safe,hybrid-session-020,chat,116.58760602585971,0,risk_evidence_insufficient
kivi_4bit_residual64,11.0,0.1,False,False,online_qwen,False,,/DATACENTER3/zhenxiang.wang/work/TailGuardKV/.worktrees/baseline-smoke-final-aggregation/out/full_25session_baseline_9_14/full/policy_attempts/full40_20260916_h2o_static_safe/seed20260906/config.yaml,,,,,0.05,True,,0.1,,0,False,kivi_4bit_residual64,True,,balanced_two_gpu,1,persistent,28494.12849289365,5099,32541.39381996356,,,30.0,22.203125,2.296875,2.296875,2.296875,1721.8214950989932,unknown,True,,True,,False,,15095.17822265625,True,static_safe,False,0.0,0.0,kivi_4bit_residual64,0.0,,risk_evidence_insufficient,0.0,static_safe,0.0,,,,hybrid-session-021-turn-0,2.296875,0.0,2.296875,0.0,0.0,/DATACENTER3/zhenxiang.wang/work/TailGuardKV/.worktrees/baseline-smoke-final-aggregation/out/full_25session_baseline_9_14/full/policy_attempts/full40_20260916_h2o_static_safe/seed20260906,True,calibrated safe,hybrid-session-021,chat,118.05147002451122,0,risk_evidence_insufficient
kivi_4bit_residual64,12.0,0.1,False,False,online_qwen,False,,/DATACENTER3/zhenxiang.wang/work/TailGuardKV/.worktrees/baseline-smoke-final-aggregation/out/full_25session_baseline_9_14/full/policy_attempts/full40_20260916_h2o_static_safe/seed20260906/config.yaml,,,,,0.05,True,,0.1,,0,False,kivi_4bit_residual64,True,,balanced_two_gpu,1,persistent,28494.12849289365,5099,32541.39381996356,,,30.0,24.171875,1.96875,1.96875,1.96875,1689.922716934234,unknown,True,,True,,False,,15088.40478515625,True,static_safe,False,0.0,0.0,kivi_4bit_residual64,0.0,,risk_evidence_insufficient,0.0,static_safe,0.0,,,,hybrid-session-025-turn-0,1.96875,0.0,1.96875,0.0,0.0,/DATACENTER3/zhenxiang.wang/work/TailGuardKV/.worktrees/baseline-smoke-final-aggregation/out/full_25session_baseline_9_14/full/policy_attempts/full40_20260916_h2o_static_safe/seed20260906,True,calibrated safe,hybrid-session-025,chat,121.1370169185102,0,risk_evidence_insufficient
kivi_4bit_residual64,13.0,0.1,False,False,online_qwen,False,,/DATACENTER3/zhenxiang.wang/work/TailGuardKV/.worktrees/baseline-smoke-final-aggregation/out/full_25session_baseline_9_14/full/policy_attempts/full40_20260916_h2o_static_safe/seed20260906/config.yaml,,,,,0.05,True,,0.1,,0,False,kivi_4bit_residual64,True,,balanced_two_gpu,1,persistent,28494.12849289365,5099,32541.39381996356,,,30.0,26.359375,2.1875,2.1875,2.1875,1696.270307060331,unknown,True,,True,,False,,15096.42041015625,True,static_safe,False,0.0,0.0,kivi_4bit_residual64,0.0,,risk_evidence_insufficient,0.0,static_safe,0.0,,,,hybrid-session-026-turn-0,2.1875,0.0,2.1875,0.0,0.0,/DATACENTER3/zhenxiang.wang/work/TailGuardKV/.worktrees/baseline-smoke-final-aggregation/out/full_25session_baseline_9_14/full/policy_attempts/full40_20260916_h2o_static_safe/seed20260906,True,calibrated safe,hybrid-session-026,chat,118.2950681541115,0,risk_evidence_insufficient
kivi_4bit_residual64,13.0,0.1,False,False,online_qwen,False,,/DATACENTER3/zhenxiang.wang/work/TailGuardKV/.worktrees/baseline-smoke-final-aggregation/out/full_25session_baseline_9_14/full/policy_attempts/full40_20260916_h2o_static_safe/seed20260906/config.yaml,,,,,0.05,True,,0.1,,0,False,kivi_4bit_residual64,True,,balanced_two_gpu,1,persistent,28494.12849289365,5099,32541.39381996356,,,30.0,26.829345703125,2.548095703125,2.548095703125,0.469970703125,5270.613217027858,unknown,True,,True,,False,,15088.02685546875,True,static_safe,False,0.0,0.0,kivi_4bit_residual64,0.0,,risk_evidence_insufficient,0.025705814361572266,static_safe,0.0,,,,hybrid-session-002-turn-1,2.548095703125,2.078125,2.548095703125,0.0,0.0,/DATACENTER3/zhenxiang.wang/work/TailGuardKV/.worktrees/baseline-smoke-final-aggregation/out/full_25session_baseline_9_14/full/policy_attempts/full40_20260916_h2o_static_safe/seed20260906,True,calibrated safe,hybrid-session-002,chat,126.48136401548982,1,risk_evidence_insufficient
kivi_4bit_residual64,13.0,0.1,True,False,online_qwen,False,,/DATACENTER3/zhenxiang.wang/work/TailGuardKV/.worktrees/baseline-smoke-final-aggregation/out/full_25session_baseline_9_14/full/policy_attempts/full40_20260916_h2o_static_safe/seed20260906/config.yaml,,,,,0.05,True,,0.1,,0,False,kivi_4bit_residual64,True,,balanced_two_gpu,1,persistent,28494.12849289365,5099,32541.39381996356,,,30.0,28.251220703125,2.8984375,2.8984375,1.421875,837.6934211701155,unknown,True,,True,,False,,15078.74658203125,True,static_safe,False,0.0,0.0,kivi_4bit_residual64,0.0,,risk_evidence_insufficient,0.0,static_safe,0.0,,,,hybrid-session-003-turn-1,2.8984375,1.4765625,2.8984375,0.0,0.0,/DATACENTER3/zhenxiang.wang/work/TailGuardKV/.worktrees/baseline-smoke-final-aggregation/out/full_25session_baseline_9_14/full/policy_attempts/full40_20260916_h2o_static_safe/seed20260906,True,calibrated safe,hybrid-session-003,chat,58.06566611863673,1,risk_evidence_insufficient
kivi_4bit_residual64,13.0,0.1,False,False,online_qwen,False,,/DATACENTER3/zhenxiang.wang/work/TailGuardKV/.worktrees/baseline-smoke-final-aggregation/out/full_25session_baseline_9_14/full/policy_attempts/full40_20260916_h2o_static_safe/seed20260906/config.yaml,,,,,0.05,True,,0.1,,0,False,kivi_4bit_residual64,True,,balanced_two_gpu,1,persistent,28494.12849289365,5099,32541.39381996356,,,30.0,29.76708984375,3.265869140625,3.265869140625,1.515869140625,1316.621092846617,unknown,True,,True,,False,,15128.7724609375,True,static_safe,False,0.0,0.0,kivi_4bit_residual64,0.0,,risk_evidence_insufficient,0.0,static_safe,0.0,,,,hybrid-session-004-turn-1,3.265869140625,1.75,3.265869140625,0.0,0.0,/DATACENTER3/zhenxiang.wang/work/TailGuardKV/.worktrees/baseline-smoke-final-aggregation/out/full_25session_baseline_9_14/full/policy_attempts/full40_20260916_h2o_static_safe/seed20260906,True,calibrated safe,hybrid-session-004,chat,119.19677583500743,1,risk_evidence_insufficient
kivi_4bit_residual64,13.0,0.1,False,True,online_qwen,True,,/DATACENTER3/zhenxiang.wang/work/TailGuardKV/.worktrees/baseline-smoke-final-aggregation/out/full_25session_baseline_9_14/full/policy_attempts/full40_20260916_h2o_static_safe/seed20260906/config.yaml,,,,,0.05,True,,0.1,,2.625,False,kivi_4bit_residual64,True,,balanced_two_gpu,1,persistent,28494.12849289365,5099,32541.39381996356,,,30.0,28.02734375,2.79931640625,2.79931640625,0.88525390625,1229.472097940743,unknown,True,,True,,False,,15106.55908203125,True,static_safe,False,0.0,0.0,kivi_4bit_residual64,0.0,,risk_evidence_insufficient,0.0,static_safe,0.0,,,,hybrid-session-005-turn-1,2.79931640625,1.9140625,2.79931640625,0.0,0.0,/DATACENTER3/zhenxiang.wang/work/TailGuardKV/.worktrees/baseline-smoke-final-aggregation/out/full_25session_baseline_9_14/full/policy_attempts/full40_20260916_h2o_static_safe/seed20260906,True,calibrated safe,hybrid-session-005,chat,79.15332587435842,1,risk_evidence_insufficient
kivi_4bit_residual64,13.0,0.1,False,True,online_qwen,True,,/DATACENTER3/zhenxiang.wang/work/TailGuardKV/.worktrees/baseline-smoke-final-aggregation/out/full_25session_baseline_9_14/full/policy_attempts/full40_20260916_h2o_static_safe/seed20260906/config.yaml,,,,,0.05,True,,0.1,,1.6953125,False,kivi_4bit_residual64,True,,balanced_two_gpu,1,persistent,28494.12849289365,5099,32541.39381996356,,,30.0,29.84912109375,3.51708984375,3.51708984375,3.51708984375,1774.2245842237025,unknown,True,,True,,False,,15186.45556640625,True,static_safe,False,0.0,0.0,kivi_4bit_residual64,0.0,,risk_evidence_insufficient,0.0,static_safe,121.26406794413924,,,,hybrid-session-006-turn-1,3.51708984375,0.0,3.51708984375,0.0,0.0,/DATACENTER3/zhenxiang.wang/work/TailGuardKV/.worktrees/baseline-smoke-final-aggregation/out/full_25session_baseline_9_14/full/policy_attempts/full40_20260916_h2o_static_safe/seed20260906,True,calibrated safe,hybrid-session-006,chat,121.5346921235323,1,risk_evidence_insufficient
kivi_4bit_residual64,13.0,0.1,False,True,online_qwen,True,,/DATACENTER3/zhenxiang.wang/work/TailGuardKV/.worktrees/baseline-smoke-final-aggregation/out/full_25session_baseline_9_14/full/policy_attempts/full40_20260916_h2o_static_safe/seed20260906/config.yaml,,,,,0.05,True,,0.1,,3.3359375,False,kivi_4bit_residual64,True,,balanced_two_gpu,1,persistent,28494.12849289365,5099,32541.39381996356,,,30.0,28.81005859375,2.296875,2.296875,2.296875,1741.8986109551042,unknown,True,,True,,False,,15138.44384765625,True,static_safe,False,0.0,0.0,kivi_4bit_residual64,0.0,,risk_evidence_insufficient,0.0,static_safe,116.4096868596971,,,,hybrid-session-009-turn-1,2.296875,0.0,2.296875,0.0,0.0,/DATACENTER3/zhenxiang.wang/work/TailGuardKV/.worktrees/baseline-smoke-final-aggregation/out/full_25session_baseline_9_14/full/policy_attempts/full40_20260916_h2o_static_safe/seed20260906,True,calibrated safe,hybrid-session-009,chat,117.17979609966278,1,risk_evidence_insufficient
kivi_4bit_residual64,13.0,0.1,False,True,online_qwen,True,,/DATACENTER3/zhenxiang.wang/work/TailGuardKV/.worktrees/baseline-smoke-final-aggregation/out/full_25session_baseline_9_14/full/policy_attempts/full40_20260916_h2o_static_safe/seed20260906/config.yaml,,,,,0.05,True,,0.1,,2.625,False,kivi_4bit_residual64,True,,balanced_two_gpu,1,persistent,28494.12849289365,5099,32541.39381996356,,,30.0,29.46630859375,3.28125,3.28125,3.28125,1713.0289550404996,unknown,True,,True,,False,,15132.30615234375,True,static_safe,False,0.0,0.0,kivi_4bit_residual64,0.0,,risk_evidence_insufficient,0.0,static_safe,124.49885089881718,,,,hybrid-session-010-turn-1,3.28125,0.0,3.28125,0.0,0.0,/DATACENTER3/zhenxiang.wang/work/TailGuardKV/.worktrees/baseline-smoke-final-aggregation/out/full_25session_baseline_9_14/full/policy_attempts/full40_20260916_h2o_static_safe/seed20260906,True,calibrated safe,hybrid-session-010,chat,125.29060617089272,1,risk_evidence_insufficient
kivi_4bit_residual64,13.0,0.1,False,True,online_qwen,True,,/DATACENTER3/zhenxiang.wang/work/TailGuardKV/.worktrees/baseline-smoke-final-aggregation/out/full_25session_baseline_9_14/full/policy_attempts/full40_20260916_h2o_static_safe/seed20260906/config.yaml,,,,,0.05,True,,0.1,,4.703125,False,kivi_4bit_residual64,True,,balanced_two_gpu,1,persistent,28494.12849289365,5099,32541.39381996356,,,30.0,28.09912109375,3.3359375,3.3359375,3.3359375,1698.7850840669125,unknown,True,,True,,False,,15134.18408203125,True,static_safe,False,0.0,0.0,kivi_4bit_residual64,0.0,,risk_evidence_insufficient,0.0,static_safe,118.52455604821444,,,,hybrid-session-013-turn-1,3.3359375,0.0,3.3359375,0.0,0.0,/DATACENTER3/zhenxiang.wang/work/TailGuardKV/.worktrees/baseline-smoke-final-aggregation/out/full_25session_baseline_9_14/full/policy_attempts/full40_20260916_h2o_static_safe/seed20260906,True,calibrated safe,hybrid-session-013,chat,119.3745881319046,1,risk_evidence_insufficient
kivi_4bit_residual64,13.0,0.1,False,True,online_qwen,True,,/DATACENTER3/zhenxiang.wang/work/TailGuardKV/.worktrees/baseline-smoke-final-aggregation/out/full_25session_baseline_9_14/full/policy_attempts/full40_20260916_h2o_static_safe/seed20260906/config.yaml,,,,,0.05,True,,0.1,,1.96875,False,kivi_4bit_residual64,True,,balanced_two_gpu,1,persistent,28494.12849289365,5099,32541.39381996356,,,30.0,28.893798828125,2.763427734375,2.763427734375,2.763427734375,2396.3324648793787,unknown,True,,True,,False,,15156.43408203125,True,static_safe,False,0.0,0.0,kivi_4bit_residual64,0.0,,risk_evidence_insufficient,0.0,static_safe,138.5828689672053,,,,hybrid-session-016-turn-1,2.763427734375,0.0,2.763427734375,0.0,0.0,/DATACENTER3/zhenxiang.wang/work/TailGuardKV/.worktrees/baseline-smoke-final-aggregation/out/full_25session_baseline_9_14/full/policy_attempts/full40_20260916_h2o_static_safe/seed20260906,True,calibrated safe,hybrid-session-016,chat,139.2676590476185,1,risk_evidence_insufficient
kivi_4bit_residual64,13.0,0.1,False,True,online_qwen,True,,/DATACENTER3/zhenxiang.wang/work/TailGuardKV/.worktrees/baseline-smoke-final-aggregation/out/full_25session_baseline_9_14/full/policy_attempts/full40_20260916_h2o_static_safe/seed20260906/config.yaml,,,,,0.05,True,,0.1,,2.1875,False,kivi_4bit_residual64,True,,balanced_two_gpu,1,persistent,28494.12849289365,5099,32541.39381996356,,,30.0,29.577392578125,2.87109375,2.87109375,2.87109375,2550.184418912977,unknown,True,,True,,False,,15162.81005859375,True,static_safe,False,0.0,0.0,kivi_4bit_residual64,0.0,,risk_evidence_insufficient,0.0,static_safe,177.05140495672822,,,,hybrid-session-020-turn-1,2.87109375,0.0,2.87109375,0.0,0.0,/DATACENTER3/zhenxiang.wang/work/TailGuardKV/.worktrees/baseline-smoke-final-aggregation/out/full_25session_baseline_9_14/full/policy_attempts/full40_20260916_h2o_static_safe/seed20260906,True,calibrated safe,hybrid-session-020,chat,177.8128589503467,1,risk_evidence_insufficient
kivi_4bit_residual64,13.0,0.1,False,True,online_qwen,True,,/DATACENTER3/zhenxiang.wang/work/TailGuardKV/.worktrees/baseline-smoke-final-aggregation/out/full_25session_baseline_9_14/full/policy_attempts/full40_20260916_h2o_static_safe/seed20260906/config.yaml,,,,,0.05,True,,0.1,,5.446533203125,False,kivi_4bit_residual64,True,,balanced_two_gpu,1,persistent,28494.12849289365,5099,32541.39381996356,,,30.0,27.181396484375,3.050537109375,3.050537109375,3.050537109375,2571.4552940335125,unknown,True,,True,,False,,15168.62744140625,True,static_safe,False,0.0,0.0,kivi_4bit_residual64,0.0,,risk_evidence_insufficient,0.0,static_safe,181.52808188460767,,,,hybrid-session-021-turn-1,3.050537109375,0.0,3.050537109375,0.0,0.0,/DATACENTER3/zhenxiang.wang/work/TailGuardKV/.worktrees/baseline-smoke-final-aggregation/out/full_25session_baseline_9_14/full/policy_attempts/full40_20260916_h2o_static_safe/seed20260906,True,calibrated safe,hybrid-session-021,chat,182.3288081213832,1,risk_evidence_insufficient
kivi_4bit_residual64,13.0,0.1,False,True,online_qwen,True,,/DATACENTER3/zhenxiang.wang/work/TailGuardKV/.worktrees/baseline-smoke-final-aggregation/out/full_25session_baseline_9_14/full/policy_attempts/full40_20260916_h2o_static_safe/seed20260906/config.yaml,,,,,0.05,True,,0.1,,3.265869140625,False,kivi_4bit_residual64,True,,balanced_two_gpu,1,persistent,28494.12849289365,5099,32541.39381996356,,,30.0,27.30615234375,3.390625,3.390625,3.390625,1664.3132499884814,unknown,True,,True,,False,,15134.60888671875,True,static_safe,False,0.005128205128205128,0.005128205128205128,kivi_4bit_residual64,0.005128205128205128,,risk_evidence_insufficient,0.0,static_safe,120.7896510604769,,,,hybrid-session-025-turn-1,3.390625,0.0,3.390625,0.0,0.005128205128205128,/DATACENTER3/zhenxiang.wang/work/TailGuardKV/.worktrees/baseline-smoke-final-aggregation/out/full_25session_baseline_9_14/full/policy_attempts/full40_20260916_h2o_static_safe/seed20260906,True,calibrated safe,hybrid-session-025,chat,121.52021913789213,1,risk_evidence_insufficient
kivi_4bit_residual64,13.0,0.1,False,True,online_qwen,True,,/DATACENTER3/zhenxiang.wang/work/TailGuardKV/.worktrees/baseline-smoke-final-aggregation/out/full_25session_baseline_9_14/full/policy_attempts/full40_20260916_h2o_static_safe/seed20260906/config.yaml,,,,,0.05,True,,0.1,,2.79931640625,False,kivi_4bit_residual64,True,,balanced_two_gpu,1,persistent,28494.12849289365,5099,32541.39381996356,,,30.0,27.59326171875,3.08642578125,3.08642578125,3.08642578125,2186.031986027956,unknown,True,,True,,False,,15169.46533203125,True,static_safe,False,0.0,0.0,kivi_4bit_residual64,0.0,,risk_evidence_insufficient,0.0,static_safe,198.9630600437522,,,,hybrid-session-026-turn-1,3.08642578125,0.0,3.08642578125,0.0,0.0,/DATACENTER3/zhenxiang.wang/work/TailGuardKV/.worktrees/baseline-smoke-final-aggregation/out/full_25session_baseline_9_14/full/policy_attempts/full40_20260916_h2o_static_safe/seed20260906,True,calibrated safe,hybrid-session-026,chat,199.65468789450824,1,risk_evidence_insufficient
kivi_4bit_residual64,13.0,0.1,True,True,online_qwen,True,,/DATACENTER3/zhenxiang.wang/work/TailGuardKV/.worktrees/baseline-smoke-final-aggregation/out/full_25session_baseline_9_14/full/policy_attempts/full40_20260916_h2o_static_safe/seed20260906/config.yaml,,,,,0.05,True,,0.1,,3.51708984375,False,kivi_4bit_residual64,True,,balanced_two_gpu,1,persistent,28494.12849289365,5099,32541.39381996356,,,30.0,28.811767578125,4.735595703125,4.735595703125,4.735595703125,2679.415848106146,unknown,True,,True,,False,,15336.50830078125,True,static_safe,False,0.0,0.0,kivi_4bit_residual64,0.0,,risk_evidence_insufficient,0.0,static_safe,249.87252498976886,,,,hybrid-session-002-turn-2,4.735595703125,0.0,4.735595703125,0.0,0.0,/DATACENTER3/zhenxiang.wang/work/TailGuardKV/.worktrees/baseline-smoke-final-aggregation/out/full_25session_baseline_9_14/full/policy_attempts/full40_20260916_h2o_static_safe/seed20260906,True,calibrated safe,hybrid-session-002,qa,250.57030096650124,2,risk_evidence_insufficient
kivi_4bit_residual64,13.0,0.1,False,True,online_qwen,True,,/DATACENTER3/zhenxiang.wang/work/TailGuardKV/.worktrees/baseline-smoke-final-aggregation/out/full_25session_baseline_9_14/full/policy_attempts/full40_20260916_h2o_static_safe/seed20260906/config.yaml,,,,,0.05,True,,0.1,,5.578125,False,kivi_4bit_residual64,True,,balanced_two_gpu,1,persistent,28494.12849289365,5099,32541.39381996356,,,30.0,28.5263671875,5.292724609375,5.292724609375,5.292724609375,2609.7260951064527,unknown,True,,True,,False,,15310.34619140625,True,static_safe,False,0.0,0.0,kivi_4bit_residual64,0.0,,risk_evidence_insufficient,0.0,static_safe,231.6063109319657,,,,hybrid-session-003-turn-2,5.292724609375,0.0,5.292724609375,0.0,0.0,/DATACENTER3/zhenxiang.wang/work/TailGuardKV/.worktrees/baseline-smoke-final-aggregation/out/full_25session_baseline_9_14/full/policy_attempts/full40_20260916_h2o_static_safe/seed20260906,True,calibrated safe,hybrid-session-003,summary,232.35407518222928,2,risk_evidence_insufficient
kivi_4bit_residual64,13.0,0.1,False,True,online_qwen,True,,/DATACENTER3/zhenxiang.wang/work/TailGuardKV/.worktrees/baseline-smoke-final-aggregation/out/full_25session_baseline_9_14/full/policy_attempts/full40_20260916_h2o_static_safe/seed20260906/config.yaml,,,,,0.05,True,,0.1,,6.099365234375,False,kivi_4bit_residual64,True,,balanced_two_gpu,1,persistent,28494.12849289365,5099,32541.39381996356,,,30.0,27.342041015625,4.9150390625,4.9150390625,4.9150390625,2425.942507106811,unknown,True,,True,,False,,15344.98583984375,True,static_safe,False,0.03418803418803419,0.03418803418803419,kivi_4bit_residual64,0.03418803418803419,,risk_evidence_insufficient,0.0,static_safe,243.6818869318813,,,,hybrid-session-004-turn-2,4.9150390625,0.0,4.9150390625,0.0,0.3418803418803419,/DATACENTER3/zhenxiang.wang/work/TailGuardKV/.worktrees/baseline-smoke-final-aggregation/out/full_25session_baseline_9_14/full/policy_attempts/full40_20260916_h2o_static_safe/seed20260906,False,calibrated unsafe,hybrid-session-004,qa,244.48071396909654,2,risk_evidence_insufficient
kivi_4bit_residual64,13.0,0.1,False,True,online_qwen,True,,/DATACENTER3/zhenxiang.wang/work/TailGuardKV/.worktrees/baseline-smoke-final-aggregation/out/full_25session_baseline_9_14/full/policy_attempts/full40_20260916_h2o_static_safe/seed20260906/config.yaml,,,,,0.05,True,,0.1,,2.87109375,False,kivi_4bit_residual64,True,,balanced_two_gpu,1,persistent,28494.12849289365,5099,32541.39381996356,,,30.0,29.134765625,4.663818359375,4.663818359375,4.663818359375,2647.2289389930665,unknown,True,,True,,False,,15333.52587890625,True,static_safe,False,0.0,0.0,kivi_4bit_residual64,0.0,,risk_evidence_insufficient,0.0,static_safe,233.73342584818602,,,,hybrid-session-005-turn-2,4.663818359375,0.0,4.663818359375,0.0,0.0,/DATACENTER3/zhenxiang.wang/work/TailGuardKV/.worktrees/baseline-smoke-final-aggregation/out/full_25session_baseline_9_14/full/policy_attempts/full40_20260916_h2o_static_safe/seed20260906,True,calibrated safe,hybrid-session-005,summary,234.47015415877104,2,risk_evidence_insufficient
kivi_4bit_residual64,13.0,0.1,False,True,online_qwen,True,,/DATACENTER3/zhenxiang.wang/work/TailGuardKV/.worktrees/baseline-smoke-final-aggregation/out/full_25session_baseline_9_14/full/policy_attempts/full40_20260916_h2o_static_safe/seed20260906/config.yaml,,,,,0.05,True,,0.1,,6.441162109375,False,kivi_4bit_residual64,True,,balanced_two_gpu,1,persistent,28494.12849289365,5099,32541.39381996356,,,30.0,28.900634765625,6.20703125,6.20703125,6.20703125,2221.3577528018504,unknown,True,,True,,False,,15398.94384765625,True,static_safe,False,0.03418803418803419,0.03418803418803419,kivi_4bit_residual64,0.03418803418803419,,risk_evidence_insufficient,0.0,static_safe,283.8693109806627,,,,hybrid-session-006-turn-2,6.20703125,0.0,6.20703125,0.0,0.3418803418803419,/DATACENTER3/zhenxiang.wang/work/TailGuardKV/.worktrees/baseline-smoke-final-aggregation/out/full_25session_baseline_9_14/full/policy_attempts/full40_20260916_h2o_static_safe/seed20260906,False,calibrated unsafe,hybrid-session-006,qa,284.58844195120037,2,risk_evidence_insufficient
kivi_4bit_residual64,13.0,0.1,False,True,online_qwen,True,,/DATACENTER3/zhenxiang.wang/work/TailGuardKV/.worktrees/baseline-smoke-final-aggregation/out/full_25session_baseline_9_14/full/policy_attempts/full40_20260916_h2o_static_safe/seed20260906/config.yaml,,,,,0.05,True,,0.1,,7.822021484375,False,kivi_4bit_residual64,True,,balanced_two_gpu,1,persistent,28494.12849289365,5099,32541.39381996356,,,30.0,26.227783203125,5.149169921875,5.149169921875,5.149169921875,2212.3515820130706,unknown,True,,True,,False,,15304.57275390625,True,static_safe,False,0.0,0.0,kivi_4bit_residual64,0.0,,risk_evidence_insufficient,0.0,static_safe,239.8072478827089,,,,hybrid-session-009-turn-2,5.149169921875,0.0,5.149169921875,0.0,0.0,/DATACENTER3/zhenxiang.wang/work/TailGuardKV/.worktrees/baseline-smoke-final-aggregation/out/full_25session_baseline_9_14/full/policy_attempts/full40_20260916_h2o_static_safe/seed20260906,True,calibrated safe,hybrid-session-009,summary,240.52090384066105,2,risk_evidence_insufficient
kivi_4bit_residual64,13.0,0.1,False,True,online_qwen,True,,/DATACENTER3/zhenxiang.wang/work/TailGuardKV/.worktrees/baseline-smoke-final-aggregation/out/full_25session_baseline_9_14/full/policy_attempts/full40_20260916_h2o_static_safe/seed20260906/config.yaml,,,,,0.05,True,,0.1,,5.292724609375,False,kivi_4bit_residual64,True,,balanced_two_gpu,1,persistent,28494.12849289365,5099,32541.39381996356,,,30.0,26.514892578125,5.579833984375,5.579833984375,5.579833984375,2641.9799409341067,unknown,True,,True,,False,,15319.65087890625,True,static_safe,False,0.0,0.0,kivi_4bit_residual64,0.0,,risk_evidence_insufficient,0.0,static_safe,233.94761490635574,,,,hybrid-session-010-turn-2,5.579833984375,0.0,5.579833984375,0.0,0.0,/DATACENTER3/zhenxiang.wang/work/TailGuardKV/.worktrees/baseline-smoke-final-aggregation/out/full_25session_baseline_9_14/full/policy_attempts/full40_20260916_h2o_static_safe/seed20260906,True,calibrated safe,hybrid-session-010,qa,234.74295297637582,2,risk_evidence_insufficient
kivi_4bit_residual64,13.0,0.1,True,False,online_qwen,False,,/DATACENTER3/zhenxiang.wang/work/TailGuardKV/.worktrees/baseline-smoke-final-aggregation/out/full_25session_baseline_9_14/full/policy_attempts/full40_20260916_h2o_static_safe/seed20260906/config.yaml,,,,,0.05,True,,0.1,"OutOfMemoryError: CUDA out of memory. Tried to allocate 20.00 MiB. GPU 0 has a total capacity of 10.75 GiB of which 7.62 MiB is free. Including non-PyTorch memory, this process has 7.81 GiB memory in use. Process 7126 has 2.93 GiB memory in use. Of the allocated memory 6.91 GiB is allocated by PyTorch, and 107.97 MiB is reserved by PyTorch but unallocated. If reserved but unallocated memory is large try setting PYTORCH_CUDA_ALLOC_CONF=expandable_segments:True to avoid fragmentation.  See documentation for Memory Management  (https://pytorch.org/docs/stable/notes/cuda.html#environment-variables)",26.514892578125,False,kivi_4bit_residual64,True,,balanced_two_gpu,1,persistent,28494.12849289365,5099,32541.39381996356,true,,30.0,0.0,,,,,unknown,False,,False,,False,,,True,static_safe,False,0.0,0.0,kivi_4bit_residual64,0.0,,risk_evidence_insufficient,0.0,static_safe,0.0,,,,hybrid-session-013-turn-2,0.0,0.0,,0.0,0.0,/DATACENTER3/zhenxiang.wang/work/TailGuardKV/.worktrees/baseline-smoke-final-aggregation/out/full_25session_baseline_9_14/full/policy_attempts/full40_20260916_h2o_static_safe/seed20260906,True,calibrated safe,hybrid-session-013,summary,,2,risk_evidence_insufficient
kivi_4bit_residual64,13.0,0.1,True,False,online_qwen,False,,/DATACENTER3/zhenxiang.wang/work/TailGuardKV/.worktrees/baseline-smoke-final-aggregation/out/full_25session_baseline_9_14/full/policy_attempts/full40_20260916_h2o_static_safe/seed20260906/config.yaml,,,,,0.05,True,,0.1,,0,False,kivi_4bit_residual64,True,,balanced_two_gpu,1,persistent,28494.12849289365,5099,32541.39381996356,,,30.0,9.435302734375,4.735595703125,4.735595703125,4.735595703125,2247.6741611026227,unknown,True,,True,,False,,15313.55322265625,True,static_safe,False,0.03418803418803419,0.03418803418803419,kivi_4bit_residual64,0.03418803418803419,,risk_evidence_insufficient,0.0,static_safe,231.98143881745636,,,,hybrid-session-020-turn-2,4.735595703125,0.0,4.735595703125,0.0,0.3418803418803419,/DATACENTER3/zhenxiang.wang/work/TailGuardKV/.worktrees/baseline-smoke-final-aggregation/out/full_25session_baseline_9_14/full/policy_attempts/full40_20260916_h2o_static_safe/seed20260906,False,calibrated unsafe,hybrid-session-020,qa,237.3982339631766,2,risk_evidence_insufficient
kivi_4bit_residual64,13.0,0.1,False,False,online_qwen,False,,/DATACENTER3/zhenxiang.wang/work/TailGuardKV/.worktrees/baseline-smoke-final-aggregation/out/full_25session_baseline_9_14/full/policy_attempts/full40_20260916_h2o_static_safe/seed20260906/config.yaml,,,,,0.05,True,,0.1,,0,False,kivi_4bit_residual64,True,,balanced_two_gpu,1,persistent,28494.12849289365,5099,32541.39381996356,,,30.0,14.52978515625,5.094482421875,5.094482421875,5.094482421875,2698.4299819450825,unknown,True,,True,,False,,15331.34814453125,True,static_safe,False,0.0,0.0,kivi_4bit_residual64,0.0,,risk_evidence_insufficient,0.0,static_safe,267.56638614460826,,,,hybrid-session-021-turn-2,5.094482421875,0.0,5.094482421875,0.0,0.0,/DATACENTER3/zhenxiang.wang/work/TailGuardKV/.worktrees/baseline-smoke-final-aggregation/out/full_25session_baseline_9_14/full/policy_attempts/full40_20260916_h2o_static_safe/seed20260906,True,calibrated safe,hybrid-session-021,summary,268.42823810875416,2,risk_evidence_insufficient
kivi_4bit_residual64,13.0,0.1,False,False,online_qwen,False,,/DATACENTER3/zhenxiang.wang/work/TailGuardKV/.worktrees/baseline-smoke-final-aggregation/out/full_25session_baseline_9_14/full/policy_attempts/full40_20260916_h2o_static_safe/seed20260906/config.yaml,,,,,0.05,True,,0.1,,0,False,kivi_4bit_residual64,True,,balanced_two_gpu,1,persistent,28494.12849289365,5099,32541.39381996356,,,30.0,19.966064453125,5.436279296875,5.436279296875,5.436279296875,2667.5181568134576,unknown,True,,True,,False,,15301.99658203125,True,static_safe,False,0.0,0.0,kivi_4bit_residual64,0.0,,risk_evidence_insufficient,0.0,static_safe,243.2484079618007,,,,hybrid-session-025-turn-2,5.436279296875,0.0,5.436279296875,0.0,0.0,/DATACENTER3/zhenxiang.wang/work/TailGuardKV/.worktrees/baseline-smoke-final-aggregation/out/full_25session_baseline_9_14/full/policy_attempts/full40_20260916_h2o_static_safe/seed20260906,True,calibrated safe,hybrid-session-025,summary,244.27775596268475,2,risk_evidence_insufficient
kivi_4bit_residual64,13.0,0.1,False,False,online_qwen,False,,/DATACENTER3/zhenxiang.wang/work/TailGuardKV/.worktrees/baseline-smoke-final-aggregation/out/full_25session_baseline_9_14/full/policy_attempts/full40_20260916_h2o_static_safe/seed20260906/config.yaml,,,,,0.05,True,,0.1,,0,False,kivi_4bit_residual64,True,,balanced_two_gpu,1,persistent,28494.12849289365,5099,32541.39381996356,,,30.0,25.168212890625,5.2021484375,5.2021484375,5.2021484375,2134.045368991792,unknown,True,,True,,False,,15346.38427734375,True,static_safe,False,0.03418803418803419,0.03418803418803419,kivi_4bit_residual64,0.03418803418803419,,risk_evidence_insufficient,0.0,static_safe,250.04398194141686,,,,hybrid-session-026-turn-2,5.2021484375,0.0,5.2021484375,0.0,0.3418803418803419,/DATACENTER3/zhenxiang.wang/work/TailGuardKV/.worktrees/baseline-smoke-final-aggregation/out/full_25session_baseline_9_14/full/policy_attempts/full40_20260916_h2o_static_safe/seed20260906,False,calibrated unsafe,hybrid-session-026,qa,250.86091202683747,2,risk_evidence_insufficient
kivi_4bit_residual64,13.0,0.1,False,True,online_qwen,True,,/DATACENTER3/zhenxiang.wang/work/TailGuardKV/.worktrees/baseline-smoke-final-aggregation/out/full_25session_baseline_9_14/full/policy_attempts/full40_20260916_h2o_static_safe/seed20260906/config.yaml,,,,,0.05,True,,0.1,,4.69970703125,False,kivi_4bit_residual64,True,,balanced_two_gpu,1,persistent,28494.12849289365,5099,32541.39381996356,,,30.0,26.890869140625,6.42236328125,6.42236328125,6.42236328125,2689.9306550621986,unknown,True,,True,,False,,15403.13427734375,True,static_safe,False,0.0,0.0,kivi_4bit_residual64,0.0,,risk_evidence_insufficient,0.0,static_safe,269.26902611739933,,,,hybrid-session-002-turn-3,6.42236328125,0.0,6.42236328125,0.0,0.0,/DATACENTER3/zhenxiang.wang/work/TailGuardKV/.worktrees/baseline-smoke-final-aggregation/out/full_25session_baseline_9_14/full/policy_attempts/full40_20260916_h2o_static_safe/seed20260906,True,calibrated safe,hybrid-session-002,qa,270.0063430238515,3,risk_evidence_insufficient
kivi_4bit_residual64,13.0,0.1,False,True,online_qwen,True,,/DATACENTER3/zhenxiang.wang/work/TailGuardKV/.worktrees/baseline-smoke-final-aggregation/out/full_25session_baseline_9_14/full/policy_attempts/full40_20260916_h2o_static_safe/seed20260906/config.yaml,,,,,0.05,True,,0.1,,4.735595703125,False,kivi_4bit_residual64,True,,balanced_two_gpu,1,persistent,28494.12849289365,5099,32541.39381996356,,,30.0,27.895751953125,5.740478515625,5.740478515625,5.740478515625,2701.77894202061,unknown,True,,True,,False,,15376.13330078125,True,static_safe,False,0.0,0.0,kivi_4bit_residual64,0.0,,risk_evidence_insufficient,0.0,static_safe,272.6621169131249,,,,hybrid-session-003-turn-3,5.740478515625,0.0,5.740478515625,0.0,0.0,/DATACENTER3/zhenxiang.wang/work/TailGuardKV/.worktrees/baseline-smoke-final-aggregation/out/full_25session_baseline_9_14/full/policy_attempts/full40_20260916_h2o_static_safe/seed20260906,True,calibrated safe,hybrid-session-003,summary,273.4516670461744,3,risk_evidence_insufficient
kivi_4bit_residual64,13.0,0.1,False,True,online_qwen,True,,/DATACENTER3/zhenxiang.wang/work/TailGuardKV/.worktrees/baseline-smoke-final-aggregation/out/full_25session_baseline_9_14/full/policy_attempts/full40_20260916_h2o_static_safe/seed20260906/config.yaml,,,,,0.05,True,,0.1,,5.094482421875,False,kivi_4bit_residual64,True,,balanced_two_gpu,1,persistent,28494.12849289365,5099,32541.39381996356,,,30.0,29.403076171875,6.601806640625,6.601806640625,6.601806640625,2676.208480959758,unknown,True,,True,,False,,15413.28564453125,True,static_safe,False,0.03418803418803419,0.03418803418803419,kivi_4bit_residual64,0.03418803418803419,,risk_evidence_insufficient,0.0,static_safe,266.44592615775764,,,,hybrid-session-004-turn-3,6.601806640625,0.0,6.601806640625,0.0,0.3418803418803419,/DATACENTER3/zhenxiang.wang/work/TailGuardKV/.worktrees/baseline-smoke-final-aggregation/out/full_25session_baseline_9_14/full/policy_attempts/full40_20260916_h2o_static_safe/seed20260906,False,calibrated unsafe,hybrid-session-004,qa,267.2808659262955,3,risk_evidence_insufficient
kivi_4bit_residual64,13.0,0.1,False,True,online_qwen,True,,/DATACENTER3/zhenxiang.wang/work/TailGuardKV/.worktrees/baseline-smoke-final-aggregation/out/full_25session_baseline_9_14/full/policy_attempts/full40_20260916_h2o_static_safe/seed20260906/config.yaml,,,,,0.05,True,,0.1,,10.638427734375,False,kivi_4bit_residual64,True,,balanced_two_gpu,1,persistent,28494.12849289365,5099,32541.39381996356,,,30.0,25.079345703125,6.314697265625,6.314697265625,6.314697265625,2567.802713951096,unknown,True,,True,,False,,15402.90087890625,True,static_safe,False,0.0,0.0,kivi_4bit_residual64,0.0,,risk_evidence_insufficient,0.0,static_safe,273.32044881768525,,,,hybrid-session-005-turn-3,6.314697265625,0.0,6.314697265625,0.0,0.0,/DATACENTER3/zhenxiang.wang/work/TailGuardKV/.worktrees/baseline-smoke-final-aggregation/out/full_25session_baseline_9_14/full/policy_attempts/full40_20260916_h2o_static_safe/seed20260906,True,calibrated safe,hybrid-session-005,summary,274.0965988487005,3,risk_evidence_insufficient
kivi_4bit_residual64,13.0,0.1,False,True,online_qwen,True,,/DATACENTER3/zhenxiang.wang/work/TailGuardKV/.worktrees/baseline-smoke-final-aggregation/out/full_25session_baseline_9_14/full/policy_attempts/full40_20260916_h2o_static_safe/seed20260906/config.yaml,,,,,0.05,True,,0.1,,6.42236328125,False,kivi_4bit_residual64,True,,balanced_two_gpu,1,persistent,28494.12849289365,5099,32541.39381996356,,,30.0,25.34765625,6.690673828125,6.690673828125,6.690673828125,2196.9333039596677,unknown,True,,True,,False,,15463.1826171875,True,static_safe,False,0.0,0.0,kivi_4bit_residual64,0.0,,risk_evidence_insufficient,0.0,static_safe,325.7727969903499,,,,hybrid-session-006-turn-3,6.690673828125,0.0,6.690673828125,0.0,0.0,/DATACENTER3/zhenxiang.wang/work/TailGuardKV/.worktrees/baseline-smoke-final-aggregation/out/full_25session_baseline_9_14/full/policy_attempts/full40_20260916_h2o_static_safe/seed20260906,True,calibrated safe,hybrid-session-006,qa,326.5832429751754,3,risk_evidence_insufficient
kivi_4bit_residual64,13.0,0.1,False,True,online_qwen,True,,/DATACENTER3/zhenxiang.wang/work/TailGuardKV/.worktrees/baseline-smoke-final-aggregation/out/full_25session_baseline_9_14/full/policy_attempts/full40_20260916_h2o_static_safe/seed20260906/config.yaml,,,,,0.05,True,,0.1,,5.740478515625,False,kivi_4bit_residual64,True,,balanced_two_gpu,1,persistent,28494.12849289365,5099,32541.39381996356,,,30.0,25.2041015625,5.596923828125,5.596923828125,5.596923828125,2380.538827041164,unknown,True,,True,,False,,15368.09619140625,True,static_safe,False,0.0,0.0,kivi_4bit_residual64,0.0,,risk_evidence_insufficient,0.0,static_safe,257.88524909876287,,,,hybrid-session-009-turn-3,5.596923828125,0.0,5.596923828125,0.0,0.0,/DATACENTER3/zhenxiang.wang/work/TailGuardKV/.worktrees/baseline-smoke-final-aggregation/out/full_25session_baseline_9_14/full/policy_attempts/full40_20260916_h2o_static_safe/seed20260906,True,calibrated safe,hybrid-session-009,summary,258.79856618121266,3,risk_evidence_insufficient
kivi_4bit_residual64,13.0,0.1,False,True,online_qwen,True,,/DATACENTER3/zhenxiang.wang/work/TailGuardKV/.worktrees/baseline-smoke-final-aggregation/out/full_25session_baseline_9_14/full/policy_attempts/full40_20260916_h2o_static_safe/seed20260906/config.yaml,,,,,0.05,True,,0.1,,6.601806640625,False,kivi_4bit_residual64,True,,balanced_two_gpu,1,persistent,28494.12849289365,5099,32541.39381996356,,,30.0,24.665771484375,6.0634765625,6.0634765625,6.0634765625,2167.4964618869126,unknown,True,,True,,False,,15388.24560546875,True,static_safe,False,0.0,0.0,kivi_4bit_residual64,0.0,,risk_evidence_insufficient,0.0,static_safe,248.04961401969194,,,,hybrid-session-010-turn-3,6.0634765625,0.0,6.0634765625,0.0,0.0,/DATACENTER3/zhenxiang.wang/work/TailGuardKV/.worktrees/baseline-smoke-final-aggregation/out/full_25session_baseline_9_14/full/policy_attempts/full40_20260916_h2o_static_safe/seed20260906,True,calibrated safe,hybrid-session-010,qa,248.75535303726792,3,risk_evidence_insufficient
kivi_4bit_residual64,13.0,0.1,False,False,online_qwen,False,,/DATACENTER3/zhenxiang.wang/work/TailGuardKV/.worktrees/baseline-smoke-final-aggregation/out/full_25session_baseline_9_14/full/policy_attempts/full40_20260916_h2o_static_safe/seed20260906/config.yaml,,,,,0.05,True,,0.1,,0,False,kivi_4bit_residual64,True,,balanced_two_gpu,1,persistent,28494.12849289365,5099,32541.39381996356,,,30.0,28.505859375,3.840087890625,3.840087890625,3.840087890625,2608.801420079544,unknown,True,,True,,False,,15197.79150390625,True,static_safe,False,0.0,0.0,kivi_4bit_residual64,0.0,,risk_evidence_insufficient,0.0,static_safe,197.6882650051266,,,,hybrid-session-013-turn-3,3.840087890625,0.0,3.840087890625,0.0,0.0,/DATACENTER3/zhenxiang.wang/work/TailGuardKV/.worktrees/baseline-smoke-final-aggregation/out/full_25session_baseline_9_14/full/policy_attempts/full40_20260916_h2o_static_safe/seed20260906,True,calibrated safe,hybrid-session-013,summary,198.5156370792538,3,risk_evidence_insufficient
kivi_4bit_residual64,13.0,0.1,False,True,online_qwen,True,,/DATACENTER3/zhenxiang.wang/work/TailGuardKV/.worktrees/baseline-smoke-final-aggregation/out/full_25session_baseline_9_14/full/policy_attempts/full40_20260916_h2o_static_safe/seed20260906/config.yaml,,,,,0.05,True,,0.1,,6.314697265625,False,kivi_4bit_residual64,True,,balanced_two_gpu,1,persistent,28494.12849289365,5099,32541.39381996356,,,30.0,28.57763671875,6.386474609375,6.386474609375,6.386474609375,2739.499804098159,unknown,True,,True,,False,,15406.10400390625,True,static_safe,False,0.0,0.0,kivi_4bit_residual64,0.0,,risk_evidence_insufficient,0.0,static_safe,272.0711319707334,,,,hybrid-session-016-turn-3,6.386474609375,0.0,6.386474609375,0.0,0.0,/DATACENTER3/zhenxiang.wang/work/TailGuardKV/.worktrees/baseline-smoke-final-aggregation/out/full_25session_baseline_9_14/full/policy_attempts/full40_20260916_h2o_static_safe/seed20260906,True,calibrated safe,hybrid-session-016,qa,272.93980005197227,3,risk_evidence_insufficient
kivi_4bit_residual64,13.0,0.1,False,True,online_qwen,True,,/DATACENTER3/zhenxiang.wang/work/TailGuardKV/.worktrees/baseline-smoke-final-aggregation/out/full_25session_baseline_9_14/full/policy_attempts/full40_20260916_h2o_static_safe/seed20260906/config.yaml,,,,,0.05,True,,0.1,,6.690673828125,False,kivi_4bit_residual64,True,,balanced_two_gpu,1,persistent,28494.12849289365,5099,32541.39381996356,,,30.0,28.2734375,6.386474609375,6.386474609375,6.386474609375,2637.5433129724115,unknown,True,,True,,False,,15406.17236328125,True,static_safe,False,0.0,0.0,kivi_4bit_residual64,0.0,,risk_evidence_insufficient,0.0,static_safe,256.3440459780395,,,,hybrid-session-020-turn-3,6.386474609375,0.0,6.386474609375,0.0,0.0,/DATACENTER3/zhenxiang.wang/work/TailGuardKV/.worktrees/baseline-smoke-final-aggregation/out/full_25session_baseline_9_14/full/policy_attempts/full40_20260916_h2o_static_safe/seed20260906,True,calibrated safe,hybrid-session-020,qa,257.1583150420338,3,risk_evidence_insufficient
kivi_4bit_residual64,13.0,0.1,False,True,online_qwen,True,,/DATACENTER3/zhenxiang.wang/work/TailGuardKV/.worktrees/baseline-smoke-final-aggregation/out/full_25session_baseline_9_14/full/policy_attempts/full40_20260916_h2o_static_safe/seed20260906/config.yaml,,,,,0.05,True,,0.1,,5.596923828125,False,kivi_4bit_residual64,True,,balanced_two_gpu,1,persistent,28494.12849289365,5099,32541.39381996356,,,30.0,29.421875,6.745361328125,6.745361328125,6.745361328125,2233.718950068578,unknown,True,,True,,False,,15421.52978515625,True,static_safe,False,0.0,0.0,kivi_4bit_residual64,0.0,,risk_evidence_insufficient,0.0,static_safe,272.5990368053317,,,,hybrid-session-021-turn-3,6.745361328125,0.0,6.745361328125,0.0,0.0,/DATACENTER3/zhenxiang.wang/work/TailGuardKV/.worktrees/baseline-smoke-final-aggregation/out/full_25session_baseline_9_14/full/policy_attempts/full40_20260916_h2o_static_safe/seed20260906,True,calibrated safe,hybrid-session-021,summary,273.38927099481225,3,risk_evidence_insufficient
kivi_4bit_residual64,13.0,0.1,False,True,online_qwen,True,,/DATACENTER3/zhenxiang.wang/work/TailGuardKV/.worktrees/baseline-smoke-final-aggregation/out/full_25session_baseline_9_14/full/policy_attempts/full40_20260916_h2o_static_safe/seed20260906/config.yaml,,,,,0.05,True,,0.1,,6.0634765625,False,kivi_4bit_residual64,True,,balanced_two_gpu,1,persistent,28494.12849289365,5099,32541.39381996356,,,30.0,29.20654296875,5.84814453125,5.84814453125,5.84814453125,2673.3453429769725,unknown,True,,True,,False,,15382.57763671875,True,static_safe,False,0.0,0.0,kivi_4bit_residual64,0.0,,risk_evidence_insufficient,0.0,static_safe,282.9734010156244,,,,hybrid-session-025-turn-3,5.84814453125,0.0,5.84814453125,0.0,0.0,/DATACENTER3/zhenxiang.wang/work/TailGuardKV/.worktrees/baseline-smoke-final-aggregation/out/full_25session_baseline_9_14/full/policy_attempts/full40_20260916_h2o_static_safe/seed20260906,True,calibrated safe,hybrid-session-025,summary,283.7683798279613,3,risk_evidence_insufficient
kivi_4bit_residual64,13.0,0.1,False,True,online_qwen,True,,/DATACENTER3/zhenxiang.wang/work/TailGuardKV/.worktrees/baseline-smoke-final-aggregation/out/full_25session_baseline_9_14/full/policy_attempts/full40_20260916_h2o_static_safe/seed20260906/config.yaml,,,,,0.05,True,,0.1,,10.2265625,False,kivi_4bit_residual64,True,,balanced_two_gpu,1,persistent,28494.12849289365,5099,32541.39381996356,,,30.0,24.665771484375,5.685791015625,5.685791015625,5.685791015625,2186.536032008007,unknown,True,,True,,False,,15427.39501953125,True,static_safe,False,0.03418803418803419,0.03418803418803419,kivi_4bit_residual64,0.03418803418803419,,risk_evidence_insufficient,0.0,static_safe,249.2635368835181,,,,hybrid-session-026-turn-3,5.685791015625,0.0,5.685791015625,0.0,0.3418803418803419,/DATACENTER3/zhenxiang.wang/work/TailGuardKV/.worktrees/baseline-smoke-final-aggregation/out/full_25session_baseline_9_14/full/policy_attempts/full40_20260916_h2o_static_safe/seed20260906,False,calibrated unsafe,hybrid-session-026,qa,249.9661329202354,3,risk_evidence_insufficient
kivi_4bit_residual64,13.0,0.1,False,True,online_qwen,True,,/DATACENTER3/zhenxiang.wang/work/TailGuardKV/.worktrees/baseline-smoke-final-aggregation/out/full_25session_baseline_9_14/full/policy_attempts/full40_20260916_h2o_static_safe/seed20260906/config.yaml,,,,,0.05,True,,0.1,,6.386474609375,False,kivi_4bit_residual64,True,,balanced_two_gpu,1,persistent,28494.12849289365,5099,32541.39381996356,,,30.0,25.005859375,6.7265625,6.7265625,6.7265625,2481.6323712002486,unknown,True,,True,,False,,15464.6416015625,True,static_safe,False,0.0,0.0,kivi_4bit_residual64,0.0,,risk_evidence_insufficient,0.0,static_safe,324.4775489438325,,,,hybrid-session-002-turn-4,6.7265625,0.0,6.7265625,0.0,0.0,/DATACENTER3/zhenxiang.wang/work/TailGuardKV/.worktrees/baseline-smoke-final-aggregation/out/full_25session_baseline_9_14/full/policy_attempts/full40_20260916_h2o_static_safe/seed20260906,True,calibrated safe,hybrid-session-002,qa,325.29166201129556,4,risk_evidence_insufficient
kivi_4bit_residual64,13.0,0.1,False,True,online_qwen,True,,/DATACENTER3/zhenxiang.wang/work/TailGuardKV/.worktrees/baseline-smoke-final-aggregation/out/full_25session_baseline_9_14/full/policy_attempts/full40_20260916_h2o_static_safe/seed20260906/config.yaml,,,,,0.05,True,,0.1,,6.745361328125,False,kivi_4bit_residual64,True,,balanced_two_gpu,1,persistent,28494.12849289365,5099,32541.39381996356,,,30.0,24.30517578125,6.044677734375,6.044677734375,6.044677734375,2444.9789559002966,unknown,True,,True,,False,,15438.72900390625,True,static_safe,False,0.0,0.0,kivi_4bit_residual64,0.0,,risk_evidence_insufficient,0.0,static_safe,270.8478618878871,,,,hybrid-session-003-turn-4,6.044677734375,0.0,6.044677734375,0.0,0.0,/DATACENTER3/zhenxiang.wang/work/TailGuardKV/.worktrees/baseline-smoke-final-aggregation/out/full_25session_baseline_9_14/full/policy_attempts/full40_20260916_h2o_static_safe/seed20260906,True,calibrated safe,hybrid-session-003,summary,271.79652685299516,4,risk_evidence_insufficient
kivi_4bit_residual64,13.0,0.1,False,True,online_qwen,True,,/DATACENTER3/zhenxiang.wang/work/TailGuardKV/.worktrees/baseline-smoke-final-aggregation/out/full_25session_baseline_9_14/full/policy_attempts/full40_20260916_h2o_static_safe/seed20260906/config.yaml,,,,,0.05,True,,0.1,,5.84814453125,False,kivi_4bit_residual64,True,,balanced_two_gpu,1,persistent,28494.12849289365,5099,32541.39381996356,,,30.0,25.363037109375,6.906005859375,6.906005859375,6.906005859375,2384.8861111328006,unknown,True,,True,,False,,15472.3369140625,True,static_safe,False,0.0,0.0,kivi_4bit_residual64,0.0,,risk_evidence_insufficient,0.0,static_safe,321.10414118506014,,,,hybrid-session-004-turn-4,6.906005859375,0.0,6.906005859375,0.0,0.0,/DATACENTER3/zhenxiang.wang/work/TailGuardKV/.worktrees/baseline-smoke-final-aggregation/out/full_25session_baseline_9_14/full/policy_attempts/full40_20260916_h2o_static_safe/seed20260906,True,calibrated safe,hybrid-session-004,qa,321.8979730736464,4,risk_evidence_insufficient
kivi_4bit_residual64,13.0,0.1,False,True,online_qwen,True,,/DATACENTER3/zhenxiang.wang/work/TailGuardKV/.worktrees/baseline-smoke-final-aggregation/out/full_25session_baseline_9_14/full/policy_attempts/full40_20260916_h2o_static_safe/seed20260906/config.yaml,,,,,0.05,True,,0.1,,5.685791015625,False,kivi_4bit_residual64,True,,balanced_two_gpu,1,persistent,28494.12849289365,5099,32541.39381996356,,,30.0,26.296142578125,6.618896484375,6.618896484375,6.618896484375,2220.96143104136,unknown,True,,True,,False,,15460.0244140625,True,static_safe,False,0.0,0.0,kivi_4bit_residual64,0.0,,risk_evidence_insufficient,0.0,static_safe,313.77073121257126,,,,hybrid-session-005-turn-4,6.618896484375,0.0,6.618896484375,0.0,0.0,/DATACENTER3/zhenxiang.wang/work/TailGuardKV/.worktrees/baseline-smoke-final-aggregation/out/full_25session_baseline_9_14/full/policy_attempts/full40_20260916_h2o_static_safe/seed20260906,True,calibrated safe,hybrid-session-005,summary,314.8488870356232,4,risk_evidence_insufficient
kivi_4bit_residual64,13.0,0.1,False,True,online_qwen,True,,/DATACENTER3/zhenxiang.wang/work/TailGuardKV/.worktrees/baseline-smoke-final-aggregation/out/full_25session_baseline_9_14/full/policy_attempts/full40_20260916_h2o_static_safe/seed20260906/config.yaml,,,,,0.05,True,,0.1,,6.7265625,False,kivi_4bit_residual64,True,,balanced_two_gpu,1,persistent,28494.12849289365,5099,32541.39381996356,,,30.0,26.564453125,6.994873046875,6.994873046875,6.994873046875,2739.346044138074,unknown,True,,True,,False,,15527.2626953125,True,static_safe,False,0.0,0.0,kivi_4bit_residual64,0.0,,risk_evidence_insufficient,0.0,static_safe,319.66720311902463,,,,hybrid-session-006-turn-4,6.994873046875,0.0,6.994873046875,0.0,0.0,/DATACENTER3/zhenxiang.wang/work/TailGuardKV/.worktrees/baseline-smoke-final-aggregation/out/full_25session_baseline_9_14/full/policy_attempts/full40_20260916_h2o_static_safe/seed20260906,True,calibrated safe,hybrid-session-006,qa,320.4241110943258,4,risk_evidence_insufficient
kivi_4bit_residual64,13.0,0.1,True,True,online_qwen,True,,/DATACENTER3/zhenxiang.wang/work/TailGuardKV/.worktrees/baseline-smoke-final-aggregation/out/full_25session_baseline_9_14/full/policy_attempts/full40_20260916_h2o_static_safe/seed20260906/config.yaml,,,,,0.05,True,,0.1,,6.044677734375,False,kivi_4bit_residual64,True,,balanced_two_gpu,1,persistent,28494.12849289365,5099,32541.39381996356,,,30.0,26.4208984375,5.901123046875,5.901123046875,5.901123046875,2388.3005001116544,unknown,True,,True,,False,,15434.67431640625,True,static_safe,False,0.0,0.0,kivi_4bit_residual64,0.0,,risk_evidence_insufficient,0.0,static_safe,275.36457404494286,,,,hybrid-session-009-turn-4,5.901123046875,0.0,5.901123046875,0.0,0.0,/DATACENTER3/zhenxiang.wang/work/TailGuardKV/.worktrees/baseline-smoke-final-aggregation/out/full_25session_baseline_9_14/full/policy_attempts/full40_20260916_h2o_static_safe/seed20260906,True,calibrated safe,hybrid-session-009,summary,276.3479750137776,4,risk_evidence_insufficient
kivi_4bit_residual64,13.0,0.1,False,True,online_qwen,True,,/DATACENTER3/zhenxiang.wang/work/TailGuardKV/.worktrees/baseline-smoke-final-aggregation/out/full_25session_baseline_9_14/full/policy_attempts/full40_20260916_h2o_static_safe/seed20260906/config.yaml,,,,,0.05,True,,0.1,,6.906005859375,False,kivi_4bit_residual64,True,,balanced_two_gpu,1,persistent,28494.12849289365,5099,32541.39381996356,,,30.0,25.882568359375,6.36767578125,6.36767578125,6.36767578125,2188.776161056012,unknown,True,,True,,False,,15450.701171875,True,static_safe,False,0.0,0.0,kivi_4bit_residual64,0.0,,risk_evidence_insufficient,0.0,static_safe,311.31179817020893,,,,hybrid-session-010-turn-4,6.36767578125,0.0,6.36767578125,0.0,0.0,/DATACENTER3/zhenxiang.wang/work/TailGuardKV/.worktrees/baseline-smoke-final-aggregation/out/full_25session_baseline_9_14/full/policy_attempts/full40_20260916_h2o_static_safe/seed20260906,True,calibrated safe,hybrid-session-010,qa,312.06067302264273,4,risk_evidence_insufficient
kivi_4bit_residual64,13.0,0.1,True,False,online_qwen,False,,/DATACENTER3/zhenxiang.wang/work/TailGuardKV/.worktrees/baseline-smoke-final-aggregation/out/full_25session_baseline_9_14/full/policy_attempts/full40_20260916_h2o_static_safe/seed20260906/config.yaml,,,,,0.05,True,,0.1,"OutOfMemoryError: CUDA out of memory. Tried to allocate 2.00 MiB. GPU 0 has a total capacity of 10.75 GiB of which 3.62 MiB is free. Including non-PyTorch memory, this process has 7.82 GiB memory in use. Process 9337 has 2.93 GiB memory in use. Of the allocated memory 6.90 GiB is allocated by PyTorch, and 120.24 MiB is reserved by PyTorch but unallocated. If reserved but unallocated memory is large try setting PYTORCH_CUDA_ALLOC_CONF=expandable_segments:True to avoid fragmentation.  See documentation for Memory Management  (https://pytorch.org/docs/stable/notes/cuda.html#environment-variables)",25.882568359375,False,kivi_4bit_residual64,True,,balanced_two_gpu,1,persistent,28494.12849289365,5099,32541.39381996356,true,,30.0,0.0,,,,,unknown,False,,False,,False,,,True,static_safe,False,0.0,0.0,kivi_4bit_residual64,0.0,,risk_evidence_insufficient,0.0,static_safe,0.0,,,,hybrid-session-013-turn-4,0.0,0.0,,0.0,0.0,/DATACENTER3/zhenxiang.wang/work/TailGuardKV/.worktrees/baseline-smoke-final-aggregation/out/full_25session_baseline_9_14/full/policy_attempts/full40_20260916_h2o_static_safe/seed20260906,True,calibrated safe,hybrid-session-013,summary,,4,risk_evidence_insufficient
kivi_4bit_residual64,13.0,0.1,False,False,online_qwen,False,,/DATACENTER3/zhenxiang.wang/work/TailGuardKV/.worktrees/baseline-smoke-final-aggregation/out/full_25session_baseline_9_14/full/policy_attempts/full40_20260916_h2o_static_safe/seed20260906/config.yaml,,,,,0.05,True,,0.1,,0,False,kivi_4bit_residual64,True,,balanced_two_gpu,1,persistent,28494.12849289365,5099,32541.39381996356,,,30.0,13.38134765625,6.690673828125,6.690673828125,6.690673828125,2709.768145112321,unknown,True,,True,,False,,15444.7119140625,True,static_safe,False,0.0,0.0,kivi_4bit_residual64,0.0,,risk_evidence_insufficient,0.0,static_safe,313.94781405106187,,,,hybrid-session-020-turn-4,6.690673828125,0.0,6.690673828125,0.0,0.0,/DATACENTER3/zhenxiang.wang/work/TailGuardKV/.worktrees/baseline-smoke-final-aggregation/out/full_25session_baseline_9_14/full/policy_attempts/full40_20260916_h2o_static_safe/seed20260906,True,calibrated safe,hybrid-session-020,qa,314.77918406017125,4,risk_evidence_insufficient
kivi_4bit_residual64,13.0,0.1,False,False,online_qwen,False,,/DATACENTER3/zhenxiang.wang/work/TailGuardKV/.worktrees/baseline-smoke-final-aggregation/out/full_25session_baseline_9_14/full/policy_attempts/full40_20260916_h2o_static_safe/seed20260906/config.yaml,,,,,0.05,True,,0.1,,0,False,kivi_4bit_residual64,True,,balanced_two_gpu,1,persistent,28494.12849289365,5099,32541.39381996356,,,30.0,20.430908203125,7.049560546875,7.049560546875,7.049560546875,2258.6849462240934,unknown,True,,True,,False,,15466.6689453125,True,static_safe,False,0.0,0.0,kivi_4bit_residual64,0.0,,risk_evidence_insufficient,0.0,static_safe,323.44729197211564,,,,hybrid-session-021-turn-4,7.049560546875,0.0,7.049560546875,0.0,0.0,/DATACENTER3/zhenxiang.wang/work/TailGuardKV/.worktrees/baseline-smoke-final-aggregation/out/full_25session_baseline_9_14/full/policy_attempts/full40_20260916_h2o_static_safe/seed20260906,True,calibrated safe,hybrid-session-021,summary,324.3142641149461,4,risk_evidence_insufficient
kivi_4bit_residual64,13.0,0.1,False,False,online_qwen,False,,/DATACENTER3/zhenxiang.wang/work/TailGuardKV/.worktrees/baseline-smoke-final-aggregation/out/full_25session_baseline_9_14/full/policy_attempts/full40_20260916_h2o_static_safe/seed20260906/config.yaml,,,,,0.05,True,,0.1,,0,False,kivi_4bit_residual64,True,,balanced_two_gpu,1,persistent,28494.12849289365,5099,32541.39381996356,,,30.0,26.583251953125,6.15234375,6.15234375,6.15234375,2696.8901290092617,unknown,True,,True,,False,,15442.7470703125,True,static_safe,False,0.0,0.0,kivi_4bit_residual64,0.0,,risk_evidence_insufficient,0.0,static_safe,322.77938909828663,,,,hybrid-session-025-turn-4,6.15234375,0.0,6.15234375,0.0,0.0,/DATACENTER3/zhenxiang.wang/work/TailGuardKV/.worktrees/baseline-smoke-final-aggregation/out/full_25session_baseline_9_14/full/policy_attempts/full40_20260916_h2o_static_safe/seed20260906,True,calibrated safe,hybrid-session-025,summary,323.6784799955785,4,risk_evidence_insufficient
kivi_4bit_residual64,13.0,0.1,False,True,online_qwen,True,,/DATACENTER3/zhenxiang.wang/work/TailGuardKV/.worktrees/baseline-smoke-final-aggregation/out/full_25session_baseline_9_14/full/policy_attempts/full40_20260916_h2o_static_safe/seed20260906/config.yaml,,,,,0.05,True,,0.1,,6.690673828125,False,kivi_4bit_residual64,True,,balanced_two_gpu,1,persistent,28494.12849289365,5099,32541.39381996356,,,30.0,27.085693359375,7.193115234375,7.193115234375,7.193115234375,2222.8443659842014,unknown,True,,True,,False,,15485.1865234375,True,static_safe,False,0.03418803418803419,0.03418803418803419,kivi_4bit_residual64,0.03418803418803419,,risk_evidence_insufficient,0.0,static_safe,320.52752608433366,,,,hybrid-session-026-turn-4,7.193115234375,0.0,7.193115234375,0.0,0.3418803418803419,/DATACENTER3/zhenxiang.wang/work/TailGuardKV/.worktrees/baseline-smoke-final-aggregation/out/full_25session_baseline_9_14/full/policy_attempts/full40_20260916_h2o_static_safe/seed20260906,False,calibrated unsafe,hybrid-session-026,qa,321.4515829458833,4,risk_evidence_insufficient
full_gpu,2.0,0.1,False,False,online_qwen,False,1.0,/DATACENTER3/zhenxiang.wang/work/TailGuardKV/.worktrees/baseline-smoke-final-aggregation/out/full_25session_baseline_9_14/full/policy_attempts/full40_20260916_h2o_static_safe/seed20260906/config.yaml,,,,,0.05,True,,0.1,,0,True,full_gpu,True,,balanced_two_gpu,1,persistent,29545.12894200161,10570,33556.82864692062,,exact fallback,30.0,3.5546875,1.4765625,1.4765625,1.4765625,1208.92866817303,unknown,True,,True,,False,,15055.19384765625,True,utility_dynamic,True,0.0,0.0,full_gpu,0.0,,risk_evidence_insufficient,0.0,utility_dynamic,0.0,,,,hybrid-session-003-turn-0,1.4765625,0.0,1.4765625,0.0,0.0,/DATACENTER3/zhenxiang.wang/work/TailGuardKV/.worktrees/baseline-smoke-final-aggregation/out/full_25session_baseline_9_14/full/policy_attempts/full40_20260916_h2o_static_safe/seed20260906,True,,hybrid-session-003,chat,87.7050959970802,0,risk_evidence_insufficient
full_gpu,3.0,0.1,False,False,online_qwen,False,1.0,/DATACENTER3/zhenxiang.wang/work/TailGuardKV/.worktrees/baseline-smoke-final-aggregation/out/full_25session_baseline_9_14/full/policy_attempts/full40_20260916_h2o_static_safe/seed20260906/config.yaml,,,,,0.05,True,,0.1,,0,True,full_gpu,True,,balanced_two_gpu,1,persistent,29545.12894200161,10570,33556.82864692062,,exact fallback,30.0,5.3046875,1.75,1.75,1.75,1532.832823926583,unknown,True,,True,,False,,15063.70947265625,True,utility_dynamic,True,0.0,0.0,full_gpu,0.0,,risk_evidence_insufficient,0.0,utility_dynamic,0.0,,,,hybrid-session-004-turn-0,1.75,0.0,1.75,0.0,0.0,/DATACENTER3/zhenxiang.wang/work/TailGuardKV/.worktrees/baseline-smoke-final-aggregation/out/full_25session_baseline_9_14/full/policy_attempts/full40_20260916_h2o_static_safe/seed20260906,True,,hybrid-session-004,chat,96.74236108548939,0,risk_evidence_insufficient
full_gpu,4.0,0.1,False,False,online_qwen,False,1.0,/DATACENTER3/zhenxiang.wang/work/TailGuardKV/.worktrees/baseline-smoke-final-aggregation/out/full_25session_baseline_9_14/full/policy_attempts/full40_20260916_h2o_static_safe/seed20260906/config.yaml,,,,,0.05,True,,0.1,,0,True,full_gpu,True,,balanced_two_gpu,1,persistent,29545.12894200161,10570,33556.82864692062,,exact fallback,30.0,7.21875,1.9140625,1.9140625,1.9140625,1542.3209690488875,unknown,True,,True,,False,,15070.26806640625,True,utility_dynamic,True,0.0,0.0,full_gpu,0.0,,risk_evidence_insufficient,0.0,utility_dynamic,0.0,,,,hybrid-session-005-turn-0,1.9140625,0.0,1.9140625,0.0,0.0,/DATACENTER3/zhenxiang.wang/work/TailGuardKV/.worktrees/baseline-smoke-final-aggregation/out/full_25session_baseline_9_14/full/policy_attempts/full40_20260916_h2o_static_safe/seed20260906,True,,hybrid-session-005,chat,112.2939430642873,0,risk_evidence_insufficient
full_gpu,5.0,0.1,False,False,online_qwen,False,1.0,/DATACENTER3/zhenxiang.wang/work/TailGuardKV/.worktrees/baseline-smoke-final-aggregation/out/full_25session_baseline_9_14/full/policy_attempts/full40_20260916_h2o_static_safe/seed20260906/config.yaml,,,,,0.05,True,,0.1,,0,True,full_gpu,True,,balanced_two_gpu,1,persistent,29545.12894200161,10570,33556.82864692062,,exact fallback,30.0,9.84375,2.625,2.625,2.625,1551.8832819070667,unknown,True,,True,,False,,15093.27587890625,True,utility_dynamic,True,0.0,0.0,full_gpu,0.0,,risk_evidence_insufficient,0.0,utility_dynamic,0.0,,,,hybrid-session-006-turn-0,2.625,0.0,2.625,0.0,0.0,/DATACENTER3/zhenxiang.wang/work/TailGuardKV/.worktrees/baseline-smoke-final-aggregation/out/full_25session_baseline_9_14/full/policy_attempts/full40_20260916_h2o_static_safe/seed20260906,True,,hybrid-session-006,chat,111.43699591048062,0,risk_evidence_insufficient
full_gpu,6.0,0.1,False,False,online_qwen,False,1.0,/DATACENTER3/zhenxiang.wang/work/TailGuardKV/.worktrees/baseline-smoke-final-aggregation/out/full_25session_baseline_9_14/full/policy_attempts/full40_20260916_h2o_static_safe/seed20260906/config.yaml,,,,,0.05,True,,0.1,,0,True,full_gpu,True,,balanced_two_gpu,1,persistent,29545.12894200161,10570,33556.82864692062,,exact fallback,30.0,11.5390625,1.6953125,1.6953125,1.6953125,1185.4044490028173,unknown,True,,True,,False,,15068.48681640625,True,utility_dynamic,True,0.0,0.0,full_gpu,0.0,,risk_evidence_insufficient,0.0,utility_dynamic,0.0,,,,hybrid-session-009-turn-0,1.6953125,0.0,1.6953125,0.0,0.0,/DATACENTER3/zhenxiang.wang/work/TailGuardKV/.worktrees/baseline-smoke-final-aggregation/out/full_25session_baseline_9_14/full/policy_attempts/full40_20260916_h2o_static_safe/seed20260906,True,,hybrid-session-009,chat,93.51799194701016,0,risk_evidence_insufficient
full_gpu,7.0,0.1,False,False,online_qwen,False,1.0,/DATACENTER3/zhenxiang.wang/work/TailGuardKV/.worktrees/baseline-smoke-final-aggregation/out/full_25session_baseline_9_14/full/policy_attempts/full40_20260916_h2o_static_safe/seed20260906/config.yaml,,,,,0.05,True,,0.1,,0,True,full_gpu,True,,balanced_two_gpu,1,persistent,29545.12894200161,10570,33556.82864692062,,exact fallback,30.0,13.0703125,1.53125,1.53125,1.53125,1540.5241430271417,unknown,True,,True,,False,,15065.87646484375,True,utility_dynamic,True,0.0,0.0,full_gpu,0.0,,risk_evidence_insufficient,0.0,utility_dynamic,0.0,,,,hybrid-session-010-turn-0,1.53125,0.0,1.53125,0.0,0.0,/DATACENTER3/zhenxiang.wang/work/TailGuardKV/.worktrees/baseline-smoke-final-aggregation/out/full_25session_baseline_9_14/full/policy_attempts/full40_20260916_h2o_static_safe/seed20260906,True,,hybrid-session-010,chat,107.57298092357814,0,risk_evidence_insufficient
full_gpu,8.0,0.1,False,False,online_qwen,False,1.0,/DATACENTER3/zhenxiang.wang/work/TailGuardKV/.worktrees/baseline-smoke-final-aggregation/out/full_25session_baseline_9_14/full/policy_attempts/full40_20260916_h2o_static_safe/seed20260906/config.yaml,,,,,0.05,True,,0.1,,0,True,full_gpu,True,,balanced_two_gpu,1,persistent,29545.12894200161,10570,33556.82864692062,,exact fallback,30.0,14.875,1.8046875,1.8046875,1.8046875,1542.2150359954685,unknown,True,,True,,False,,15074.73681640625,True,utility_dynamic,True,0.0,0.0,full_gpu,0.0,,risk_evidence_insufficient,0.0,utility_dynamic,0.0,,,,hybrid-session-013-turn-0,1.8046875,0.0,1.8046875,0.0,0.0,/DATACENTER3/zhenxiang.wang/work/TailGuardKV/.worktrees/baseline-smoke-final-aggregation/out/full_25session_baseline_9_14/full/policy_attempts/full40_20260916_h2o_static_safe/seed20260906,True,,hybrid-session-013,chat,104.5423480682075,0,risk_evidence_insufficient
full_gpu,9.0,0.1,False,False,online_qwen,False,1.0,/DATACENTER3/zhenxiang.wang/work/TailGuardKV/.worktrees/baseline-smoke-final-aggregation/out/full_25session_baseline_9_14/full/policy_attempts/full40_20260916_h2o_static_safe/seed20260906/config.yaml,,,,,0.05,True,,0.1,,0,True,full_gpu,True,,balanced_two_gpu,1,persistent,29545.12894200161,10570,33556.82864692062,,exact fallback,30.0,17.5,2.625,2.625,2.625,1382.4758380651474,unknown,True,,True,,False,,15100.93212890625,True,utility_dynamic,True,0.0,0.0,full_gpu,0.0,,risk_evidence_insufficient,0.0,utility_dynamic,0.0,,,,hybrid-session-016-turn-0,2.625,0.0,2.625,0.0,0.0,/DATACENTER3/zhenxiang.wang/work/TailGuardKV/.worktrees/baseline-smoke-final-aggregation/out/full_25session_baseline_9_14/full/policy_attempts/full40_20260916_h2o_static_safe/seed20260906,True,,hybrid-session-016,chat,112.37809807062149,0,risk_evidence_insufficient
full_gpu,10.0,0.1,False,False,online_qwen,False,1.0,/DATACENTER3/zhenxiang.wang/work/TailGuardKV/.worktrees/baseline-smoke-final-aggregation/out/full_25session_baseline_9_14/full/policy_attempts/full40_20260916_h2o_static_safe/seed20260906/config.yaml,,,,,0.05,True,,0.1,,0,True,full_gpu,True,,balanced_two_gpu,1,persistent,29545.12894200161,10570,33556.82864692062,,exact fallback,30.0,19.90625,2.40625,2.40625,2.40625,1553.416283801198,unknown,True,,True,,False,,15095.79541015625,True,utility_dynamic,True,0.0,0.0,full_gpu,0.0,,risk_evidence_insufficient,0.0,utility_dynamic,0.0,,,,hybrid-session-020-turn-0,2.40625,0.0,2.40625,0.0,0.0,/DATACENTER3/zhenxiang.wang/work/TailGuardKV/.worktrees/baseline-smoke-final-aggregation/out/full_25session_baseline_9_14/full/policy_attempts/full40_20260916_h2o_static_safe/seed20260906,True,,hybrid-session-020,chat,105.68462288938463,0,risk_evidence_insufficient
full_gpu,11.0,0.1,False,False,online_qwen,False,1.0,/DATACENTER3/zhenxiang.wang/work/TailGuardKV/.worktrees/baseline-smoke-final-aggregation/out/full_25session_baseline_9_14/full/policy_attempts/full40_20260916_h2o_static_safe/seed20260906/config.yaml,,,,,0.05,True,,0.1,,0,True,full_gpu,True,,balanced_two_gpu,1,persistent,29545.12894200161,10570,33556.82864692062,,exact fallback,30.0,22.203125,2.296875,2.296875,2.296875,1388.5756800882518,unknown,True,,True,,False,,15095.17822265625,True,utility_dynamic,True,0.0,0.0,full_gpu,0.0,,risk_evidence_insufficient,0.0,utility_dynamic,0.0,,,,hybrid-session-021-turn-0,2.296875,0.0,2.296875,0.0,0.0,/DATACENTER3/zhenxiang.wang/work/TailGuardKV/.worktrees/baseline-smoke-final-aggregation/out/full_25session_baseline_9_14/full/policy_attempts/full40_20260916_h2o_static_safe/seed20260906,True,,hybrid-session-021,chat,109.33625791221857,0,risk_evidence_insufficient
full_gpu,12.0,0.1,False,False,online_qwen,False,1.0,/DATACENTER3/zhenxiang.wang/work/TailGuardKV/.worktrees/baseline-smoke-final-aggregation/out/full_25session_baseline_9_14/full/policy_attempts/full40_20260916_h2o_static_safe/seed20260906/config.yaml,,,,,0.05,True,,0.1,,0,True,full_gpu,True,,balanced_two_gpu,1,persistent,29545.12894200161,10570,33556.82864692062,,exact fallback,30.0,24.171875,1.96875,1.96875,1.96875,1560.8932399190962,unknown,True,,True,,False,,15088.40478515625,True,utility_dynamic,True,0.0,0.0,full_gpu,0.0,,risk_evidence_insufficient,0.0,utility_dynamic,0.0,,,,hybrid-session-025-turn-0,1.96875,0.0,1.96875,0.0,0.0,/DATACENTER3/zhenxiang.wang/work/TailGuardKV/.worktrees/baseline-smoke-final-aggregation/out/full_25session_baseline_9_14/full/policy_attempts/full40_20260916_h2o_static_safe/seed20260906,True,,hybrid-session-025,chat,109.23618986271322,0,risk_evidence_insufficient
full_gpu,13.0,0.1,False,False,online_qwen,False,1.0,/DATACENTER3/zhenxiang.wang/work/TailGuardKV/.worktrees/baseline-smoke-final-aggregation/out/full_25session_baseline_9_14/full/policy_attempts/full40_20260916_h2o_static_safe/seed20260906/config.yaml,,,,,0.05,True,,0.1,,0,True,full_gpu,True,,balanced_two_gpu,1,persistent,29545.12894200161,10570,33556.82864692062,,exact fallback,30.0,26.359375,2.1875,2.1875,2.1875,1551.947000902146,unknown,True,,True,,False,,15096.42041015625,True,utility_dynamic,True,0.0,0.0,full_gpu,0.0,,risk_evidence_insufficient,0.0,utility_dynamic,0.0,,,,hybrid-session-026-turn-0,2.1875,0.0,2.1875,0.0,0.0,/DATACENTER3/zhenxiang.wang/work/TailGuardKV/.worktrees/baseline-smoke-final-aggregation/out/full_25session_baseline_9_14/full/policy_attempts/full40_20260916_h2o_static_safe/seed20260906,True,,hybrid-session-026,chat,107.29607101529837,0,risk_evidence_insufficient
full_gpu,13.0,0.1,False,False,online_qwen,False,1.0,/DATACENTER3/zhenxiang.wang/work/TailGuardKV/.worktrees/baseline-smoke-final-aggregation/out/full_25session_baseline_9_14/full/policy_attempts/full40_20260916_h2o_static_safe/seed20260906/config.yaml,,,,,0.05,True,,0.1,,0,True,full_gpu,True,,balanced_two_gpu,1,persistent,29545.12894200161,10570,33556.82864692062,,exact fallback,30.0,28.1640625,3.8828125,3.8828125,1.8046875,1555.7772070169449,unknown,True,,True,,False,,15088.02685546875,True,utility_dynamic,True,0.0,0.0,full_gpu,0.0,,risk_evidence_insufficient,0.0,utility_dynamic,0.0,,,,hybrid-session-002-turn-1,3.8828125,2.078125,3.8828125,0.0,0.0,/DATACENTER3/zhenxiang.wang/work/TailGuardKV/.worktrees/baseline-smoke-final-aggregation/out/full_25session_baseline_9_14/full/policy_attempts/full40_20260916_h2o_static_safe/seed20260906,True,,hybrid-session-002,chat,104.65207695960999,1,risk_evidence_insufficient
full_gpu,13.0,0.1,True,False,online_qwen,False,1.0,/DATACENTER3/zhenxiang.wang/work/TailGuardKV/.worktrees/baseline-smoke-final-aggregation/out/full_25session_baseline_9_14/full/policy_attempts/full40_20260916_h2o_static_safe/seed20260906/config.yaml,,,,,0.05,True,,0.1,,0,True,full_gpu,True,,balanced_two_gpu,1,persistent,29545.12894200161,10570,33556.82864692062,,exact fallback,30.0,29.5859375,2.8984375,2.8984375,1.421875,1328.021879075095,unknown,True,0.0,True,,False,,15080.05908203125,True,utility_dynamic,True,0.0,0.0,full_gpu,0.0,,risk_evidence_insufficient,0.0,utility_dynamic,0.0,,,,hybrid-session-003-turn-1,2.8984375,1.4765625,2.8984375,0.0,0.0,/DATACENTER3/zhenxiang.wang/work/TailGuardKV/.worktrees/baseline-smoke-final-aggregation/out/full_25session_baseline_9_14/full/policy_attempts/full40_20260916_h2o_static_safe/seed20260906,True,,hybrid-session-003,chat,104.63922005146742,1,risk_evidence_insufficient
full_gpu,13.0,0.1,False,True,online_qwen,True,1.0,/DATACENTER3/zhenxiang.wang/work/TailGuardKV/.worktrees/baseline-smoke-final-aggregation/out/full_25session_baseline_9_14/full/policy_attempts/full40_20260916_h2o_static_safe/seed20260906/config.yaml,,,,,0.05,True,,0.1,,4.5390625,True,full_gpu,True,,balanced_two_gpu,1,persistent,29545.12894200161,10570,33556.82864692062,,exact fallback,30.0,28.2734375,4.9765625,4.9765625,3.2265625,1568.2109261397272,unknown,True,,True,,False,,15131.58349609375,True,utility_dynamic,True,0.0,0.0,full_gpu,0.0,,risk_evidence_insufficient,0.0,utility_dynamic,0.0,,,,hybrid-session-004-turn-1,4.9765625,1.75,4.9765625,0.0,0.0,/DATACENTER3/zhenxiang.wang/work/TailGuardKV/.worktrees/baseline-smoke-final-aggregation/out/full_25session_baseline_9_14/full/policy_attempts/full40_20260916_h2o_static_safe/seed20260906,True,,hybrid-session-004,chat,120.90054107829928,1,risk_evidence_insufficient
full_gpu,13.0,0.1,False,True,online_qwen,True,1.0,/DATACENTER3/zhenxiang.wang/work/TailGuardKV/.worktrees/baseline-smoke-final-aggregation/out/full_25session_baseline_9_14/full/policy_attempts/full40_20260916_h2o_static_safe/seed20260906/config.yaml,,,,,0.05,True,,0.1,,3.2265625,True,full_gpu,True,,balanced_two_gpu,1,persistent,29545.12894200161,10570,33556.82864692062,,exact fallback,30.0,28.984375,3.9375,3.9375,3.9375,1213.0777230486274,unknown,True,,True,,False,,15150.76806640625,True,utility_dynamic,True,0.0,0.0,full_gpu,0.0,,risk_evidence_insufficient,0.0,utility_dynamic,89.8315031081438,,,,hybrid-session-005-turn-1,3.9375,0.0,3.9375,0.0,0.0,/DATACENTER3/zhenxiang.wang/work/TailGuardKV/.worktrees/baseline-smoke-final-aggregation/out/full_25session_baseline_9_14/full/policy_attempts/full40_20260916_h2o_static_safe/seed20260906,True,,hybrid-session-005,chat,90.60781402513385,1,risk_evidence_insufficient
full_gpu,13.0,0.1,False,True,online_qwen,True,1.0,/DATACENTER3/zhenxiang.wang/work/TailGuardKV/.worktrees/baseline-smoke-final-aggregation/out/full_25session_baseline_9_14/full/policy_attempts/full40_20260916_h2o_static_safe/seed20260906/config.yaml,,,,,0.05,True,,0.1,,4.4296875,True,full_gpu,True,,balanced_two_gpu,1,persistent,29545.12894200161,10570,33556.82864692062,,exact fallback,30.0,29.859375,5.3046875,5.3046875,5.3046875,1571.0808490402997,unknown,True,,True,,False,,15188.640625,True,utility_dynamic,True,0.0,0.0,full_gpu,0.0,,risk_evidence_insufficient,0.0,utility_dynamic,117.65839694999158,,,,hybrid-session-006-turn-1,5.3046875,0.0,5.3046875,0.0,0.0,/DATACENTER3/zhenxiang.wang/work/TailGuardKV/.worktrees/baseline-smoke-final-aggregation/out/full_25session_baseline_9_14/full/policy_attempts/full40_20260916_h2o_static_safe/seed20260906,True,,hybrid-session-006,chat,118.59812401235104,1,risk_evidence_insufficient
full_gpu,13.0,0.1,False,True,online_qwen,True,1.0,/DATACENTER3/zhenxiang.wang/work/TailGuardKV/.worktrees/baseline-smoke-final-aggregation/out/full_25session_baseline_9_14/full/policy_attempts/full40_20260916_h2o_static_safe/seed20260906/config.yaml,,,,,0.05,True,,0.1,,4.703125,True,full_gpu,True,,balanced_two_gpu,1,persistent,29545.12894200161,10570,33556.82864692062,,exact fallback,30.0,28.2734375,3.1171875,3.1171875,3.1171875,1552.7420900762081,unknown,True,,True,,False,,15127.80712890625,True,utility_dynamic,True,0.0,0.0,full_gpu,0.0,,risk_evidence_insufficient,0.0,utility_dynamic,101.3497170060873,,,,hybrid-session-009-turn-1,3.1171875,0.0,3.1171875,0.0,0.0,/DATACENTER3/zhenxiang.wang/work/TailGuardKV/.worktrees/baseline-smoke-final-aggregation/out/full_25session_baseline_9_14/full/policy_attempts/full40_20260916_h2o_static_safe/seed20260906,True,,hybrid-session-009,chat,102.14789886958897,1,risk_evidence_insufficient
full_gpu,13.0,0.1,False,True,online_qwen,True,1.0,/DATACENTER3/zhenxiang.wang/work/TailGuardKV/.worktrees/baseline-smoke-final-aggregation/out/full_25session_baseline_9_14/full/policy_attempts/full40_20260916_h2o_static_safe/seed20260906/config.yaml,,,,,0.05,True,,0.1,,1.96875,True,full_gpu,True,,balanced_two_gpu,1,persistent,29545.12894200161,10570,33556.82864692062,,exact fallback,30.0,29.203125,2.8984375,2.8984375,2.8984375,1488.1816268898547,unknown,True,,True,,False,,15121.02783203125,True,utility_dynamic,True,0.0,0.0,full_gpu,0.0,,risk_evidence_insufficient,0.0,utility_dynamic,97.69316506572068,,,,hybrid-session-010-turn-1,2.8984375,0.0,2.8984375,0.0,0.0,/DATACENTER3/zhenxiang.wang/work/TailGuardKV/.worktrees/baseline-smoke-final-aggregation/out/full_25session_baseline_9_14/full/policy_attempts/full40_20260916_h2o_static_safe/seed20260906,True,,hybrid-session-010,chat,98.53089484386146,1,risk_evidence_insufficient
full_gpu,13.0,0.1,False,True,online_qwen,True,1.0,/DATACENTER3/zhenxiang.wang/work/TailGuardKV/.worktrees/baseline-smoke-final-aggregation/out/full_25session_baseline_9_14/full/policy_attempts/full40_20260916_h2o_static_safe/seed20260906/config.yaml,,,,,0.05,True,,0.1,,6.0703125,True,full_gpu,True,,balanced_two_gpu,1,persistent,29545.12894200161,10570,33556.82864692062,,exact fallback,30.0,26.25,3.1171875,3.1171875,3.1171875,1567.4711801111698,unknown,True,,True,,False,,15127.15087890625,True,utility_dynamic,True,0.0,0.0,full_gpu,0.0,,risk_evidence_insufficient,0.0,utility_dynamic,111.4378769416362,,,,hybrid-session-013-turn-1,3.1171875,0.0,3.1171875,0.0,0.0,/DATACENTER3/zhenxiang.wang/work/TailGuardKV/.worktrees/baseline-smoke-final-aggregation/out/full_25session_baseline_9_14/full/policy_attempts/full40_20260916_h2o_static_safe/seed20260906,True,,hybrid-session-013,chat,112.24256502464414,1,risk_evidence_insufficient
full_gpu,13.0,0.1,False,True,online_qwen,True,1.0,/DATACENTER3/zhenxiang.wang/work/TailGuardKV/.worktrees/baseline-smoke-final-aggregation/out/full_25session_baseline_9_14/full/policy_attempts/full40_20260916_h2o_static_safe/seed20260906/config.yaml,,,,,0.05,True,,0.1,,2.8984375,True,full_gpu,True,,balanced_two_gpu,1,persistent,29545.12894200161,10570,33556.82864692062,,exact fallback,30.0,27.453125,4.1015625,4.1015625,4.1015625,1489.0853331889957,unknown,True,,True,,False,,15152.00634765625,True,utility_dynamic,True,0.0,0.0,full_gpu,0.0,,risk_evidence_insufficient,0.0,utility_dynamic,116.0047771409154,,,,hybrid-session-016-turn-1,4.1015625,0.0,4.1015625,0.0,0.0,/DATACENTER3/zhenxiang.wang/work/TailGuardKV/.worktrees/baseline-smoke-final-aggregation/out/full_25session_baseline_9_14/full/policy_attempts/full40_20260916_h2o_static_safe/seed20260906,True,,hybrid-session-016,chat,116.8991350568831,1,risk_evidence_insufficient
full_gpu,13.0,0.1,False,True,online_qwen,True,1.0,/DATACENTER3/zhenxiang.wang/work/TailGuardKV/.worktrees/baseline-smoke-final-aggregation/out/full_25session_baseline_9_14/full/policy_attempts/full40_20260916_h2o_static_safe/seed20260906/config.yaml,,,,,0.05,True,,0.1,,4.9765625,True,full_gpu,True,,balanced_two_gpu,1,persistent,29545.12894200161,10570,33556.82864692062,,exact fallback,30.0,26.359375,3.8828125,3.8828125,3.8828125,1565.3427841607481,unknown,True,,True,,False,,15146.56494140625,True,utility_dynamic,True,0.0,0.0,full_gpu,0.0,,risk_evidence_insufficient,0.0,utility_dynamic,115.72360387071967,,,,hybrid-session-020-turn-1,3.8828125,0.0,3.8828125,0.0,0.0,/DATACENTER3/zhenxiang.wang/work/TailGuardKV/.worktrees/baseline-smoke-final-aggregation/out/full_25session_baseline_9_14/full/policy_attempts/full40_20260916_h2o_static_safe/seed20260906,True,,hybrid-session-020,chat,116.54381710104644,1,risk_evidence_insufficient
full_gpu,13.0,0.1,False,True,online_qwen,True,1.0,/DATACENTER3/zhenxiang.wang/work/TailGuardKV/.worktrees/baseline-smoke-final-aggregation/out/full_25session_baseline_9_14/full/policy_attempts/full40_20260916_h2o_static_safe/seed20260906/config.yaml,,,,,0.05,True,,0.1,,3.9375,True,full_gpu,True,,balanced_two_gpu,1,persistent,29545.12894200161,10570,33556.82864692062,,exact fallback,30.0,27.015625,4.59375,4.59375,4.59375,1562.9383160267025,unknown,True,,True,,False,,15165.12548828125,True,utility_dynamic,True,0.0,0.0,full_gpu,0.0,,risk_evidence_insufficient,0.0,utility_dynamic,112.90126200765371,,,,hybrid-session-021-turn-1,4.59375,0.0,4.59375,0.0,0.0,/DATACENTER3/zhenxiang.wang/work/TailGuardKV/.worktrees/baseline-smoke-final-aggregation/out/full_25session_baseline_9_14/full/policy_attempts/full40_20260916_h2o_static_safe/seed20260906,True,,hybrid-session-021,chat,113.69925690814853,1,risk_evidence_insufficient
full_gpu,13.0,0.1,False,True,online_qwen,True,1.0,/DATACENTER3/zhenxiang.wang/work/TailGuardKV/.worktrees/baseline-smoke-final-aggregation/out/full_25session_baseline_9_14/full/policy_attempts/full40_20260916_h2o_static_safe/seed20260906/config.yaml,,,,,0.05,True,,0.1,,5.3046875,True,full_gpu,True,,balanced_two_gpu,1,persistent,29545.12894200161,10570,33556.82864692062,,exact fallback,30.0,25.046875,3.3359375,3.3359375,3.3359375,1564.8503929842263,unknown,True,,True,,False,,15131.66845703125,True,utility_dynamic,True,0.0,0.0,full_gpu,0.0,,risk_evidence_insufficient,0.0,utility_dynamic,107.17482399195433,,,,hybrid-session-025-turn-1,3.3359375,0.0,3.3359375,0.0,0.0,/DATACENTER3/zhenxiang.wang/work/TailGuardKV/.worktrees/baseline-smoke-final-aggregation/out/full_25session_baseline_9_14/full/policy_attempts/full40_20260916_h2o_static_safe/seed20260906,True,,hybrid-session-025,chat,107.95012395828962,1,risk_evidence_insufficient
full_gpu,13.0,0.1,False,False,online_qwen,False,1.0,/DATACENTER3/zhenxiang.wang/work/TailGuardKV/.worktrees/baseline-smoke-final-aggregation/out/full_25session_baseline_9_14/full/policy_attempts/full40_20260916_h2o_static_safe/seed20260906/config.yaml,,,,,0.05,True,,0.1,,0,True,full_gpu,True,,balanced_two_gpu,1,persistent,29545.12894200161,10570,33556.82864692062,,exact fallback,30.0,29.75,4.703125,4.703125,4.703125,1564.982851035893,unknown,True,,True,,False,,15168.46728515625,True,utility_dynamic,True,0.0,0.0,full_gpu,0.0,,risk_evidence_insufficient,0.0,utility_dynamic,119.29443990811706,,,,hybrid-session-026-turn-1,4.703125,0.0,4.703125,0.0,0.0,/DATACENTER3/zhenxiang.wang/work/TailGuardKV/.worktrees/baseline-smoke-final-aggregation/out/full_25session_baseline_9_14/full/policy_attempts/full40_20260916_h2o_static_safe/seed20260906,True,,hybrid-session-026,chat,120.11089106090367,1,risk_evidence_insufficient
full_gpu,13.0,0.1,True,True,online_qwen,True,1.0,/DATACENTER3/zhenxiang.wang/work/TailGuardKV/.worktrees/baseline-smoke-final-aggregation/out/full_25session_baseline_9_14/full/policy_attempts/full40_20260916_h2o_static_safe/seed20260906/config.yaml,,,,,0.05,True,,0.1,,13.234375,True,full_gpu,True,,balanced_two_gpu,1,persistent,29545.12894200161,10570,33556.82864692062,,exact fallback,30.0,26.3046875,9.7890625,9.7890625,9.7890625,1582.5930559076369,unknown,True,0.0,True,,False,,15316.71484375,True,utility_dynamic,True,0.0,0.0,full_gpu,0.0,,risk_evidence_insufficient,0.0,utility_dynamic,127.71934107877314,,,,hybrid-session-002-turn-2,9.7890625,0.0,9.7890625,0.0,0.0,/DATACENTER3/zhenxiang.wang/work/TailGuardKV/.worktrees/baseline-smoke-final-aggregation/out/full_25session_baseline_9_14/full/policy_attempts/full40_20260916_h2o_static_safe/seed20260906,True,,hybrid-session-002,qa,128.49141308106482,2,risk_evidence_insufficient
full_gpu,13.0,0.1,False,True,online_qwen,True,1.0,/DATACENTER3/zhenxiang.wang/work/TailGuardKV/.worktrees/baseline-smoke-final-aggregation/out/full_25session_baseline_9_14/full/policy_attempts/full40_20260916_h2o_static_safe/seed20260906/config.yaml,,,,,0.05,True,,0.1,,8.4765625,True,full_gpu,True,,balanced_two_gpu,1,persistent,29545.12894200161,10570,33556.82864692062,,exact fallback,30.0,26.9609375,9.1328125,9.1328125,9.1328125,1571.2740148883313,unknown,True,,True,,False,,15293.03955078125,True,utility_dynamic,True,0.0,0.0,full_gpu,0.0,,risk_evidence_insufficient,0.0,utility_dynamic,117.51195299439132,,,,hybrid-session-003-turn-2,9.1328125,0.0,9.1328125,0.0,0.0,/DATACENTER3/zhenxiang.wang/work/TailGuardKV/.worktrees/baseline-smoke-final-aggregation/out/full_25session_baseline_9_14/full/policy_attempts/full40_20260916_h2o_static_safe/seed20260906,True,,hybrid-session-003,summary,118.35054098628461,2,risk_evidence_insufficient
full_gpu,13.0,0.1,False,True,online_qwen,True,1.0,/DATACENTER3/zhenxiang.wang/work/TailGuardKV/.worktrees/baseline-smoke-final-aggregation/out/full_25session_baseline_9_14/full/policy_attempts/full40_20260916_h2o_static_safe/seed20260906/config.yaml,,,,,0.05,True,,0.1,,8.0390625,True,full_gpu,True,,balanced_two_gpu,1,persistent,29545.12894200161,10570,33556.82864692062,,exact fallback,30.0,29.640625,10.71875,10.71875,10.71875,1575.8533088956028,unknown,True,,True,,False,,15337.34326171875,True,utility_dynamic,True,0.0,0.0,full_gpu,0.0,,risk_evidence_insufficient,0.0,utility_dynamic,120.34868798218668,,,,hybrid-session-004-turn-2,10.71875,0.0,10.71875,0.0,0.0,/DATACENTER3/zhenxiang.wang/work/TailGuardKV/.worktrees/baseline-smoke-final-aggregation/out/full_25session_baseline_9_14/full/policy_attempts/full40_20260916_h2o_static_safe/seed20260906,True,,hybrid-session-004,qa,121.274434030056,2,risk_evidence_insufficient
full_gpu,13.0,0.1,False,True,online_qwen,True,1.0,/DATACENTER3/zhenxiang.wang/work/TailGuardKV/.worktrees/baseline-smoke-final-aggregation/out/full_25session_baseline_9_14/full/policy_attempts/full40_20260916_h2o_static_safe/seed20260906/config.yaml,,,,,0.05,True,,0.1,,9.7890625,True,full_gpu,True,,balanced_two_gpu,1,persistent,29545.12894200161,10570,33556.82864692062,,exact fallback,30.0,29.640625,9.7890625,9.7890625,9.7890625,1567.1396311372519,unknown,True,,True,,False,,15316.60546875,True,utility_dynamic,True,0.0,0.0,full_gpu,0.0,,risk_evidence_insufficient,0.0,utility_dynamic,116.49156687781215,,,,hybrid-session-005-turn-2,9.7890625,0.0,9.7890625,0.0,0.0,/DATACENTER3/zhenxiang.wang/work/TailGuardKV/.worktrees/baseline-smoke-final-aggregation/out/full_25session_baseline_9_14/full/policy_attempts/full40_20260916_h2o_static_safe/seed20260906,True,,hybrid-session-005,summary,117.32207308523357,2,risk_evidence_insufficient
full_gpu,13.0,0.1,False,True,online_qwen,True,1.0,/DATACENTER3/zhenxiang.wang/work/TailGuardKV/.worktrees/baseline-smoke-final-aggregation/out/full_25session_baseline_9_14/full/policy_attempts/full40_20260916_h2o_static_safe/seed20260906/config.yaml,,,,,0.05,True,,0.1,,19.8515625,True,full_gpu,True,,balanced_two_gpu,1,persistent,29545.12894200161,10570,33556.82864692062,,exact fallback,30.0,22.5859375,12.796875,12.796875,12.796875,1558.08110604994,unknown,True,,True,,False,,15401.626953125,True,utility_dynamic,True,0.0,0.0,full_gpu,0.0,,risk_evidence_insufficient,0.0,utility_dynamic,148.31364015117288,,,,hybrid-session-006-turn-2,12.796875,0.0,12.796875,0.0,0.0,/DATACENTER3/zhenxiang.wang/work/TailGuardKV/.worktrees/baseline-smoke-final-aggregation/out/full_25session_baseline_9_14/full/policy_attempts/full40_20260916_h2o_static_safe/seed20260906,True,,hybrid-session-006,qa,149.48610099963844,2,risk_evidence_insufficient
full_gpu,13.0,0.1,False,True,online_qwen,True,1.0,/DATACENTER3/zhenxiang.wang/work/TailGuardKV/.worktrees/baseline-smoke-final-aggregation/out/full_25session_baseline_9_14/full/policy_attempts/full40_20260916_h2o_static_safe/seed20260906/config.yaml,,,,,0.05,True,,0.1,,9.7890625,True,full_gpu,True,,balanced_two_gpu,1,persistent,29545.12894200161,10570,33556.82864692062,,exact fallback,30.0,21.7109375,8.9140625,8.9140625,8.9140625,1603.8850268814713,unknown,True,,True,,False,,15283.59765625,True,utility_dynamic,True,0.0,0.0,full_gpu,0.0,,risk_evidence_insufficient,0.0,utility_dynamic,127.58624902926385,,,,hybrid-session-009-turn-2,8.9140625,0.0,8.9140625,0.0,0.0,/DATACENTER3/zhenxiang.wang/work/TailGuardKV/.worktrees/baseline-smoke-final-aggregation/out/full_25session_baseline_9_14/full/policy_attempts/full40_20260916_h2o_static_safe/seed20260906,True,,hybrid-session-009,summary,128.4020070452243,2,risk_evidence_insufficient
full_gpu,13.0,0.1,False,True,online_qwen,True,1.0,/DATACENTER3/zhenxiang.wang/work/TailGuardKV/.worktrees/baseline-smoke-final-aggregation/out/full_25session_baseline_9_14/full/policy_attempts/full40_20260916_h2o_static_safe/seed20260906/config.yaml,,,,,0.05,True,,0.1,,12.796875,True,full_gpu,True,,balanced_two_gpu,1,persistent,29545.12894200161,10570,33556.82864692062,,exact fallback,30.0,18.7578125,9.84375,9.84375,9.84375,1592.7557130344212,unknown,True,,True,,False,,15308.73046875,True,utility_dynamic,True,0.0,0.0,full_gpu,0.0,,risk_evidence_insufficient,0.0,utility_dynamic,132.07293907180429,,,,hybrid-session-010-turn-2,9.84375,0.0,9.84375,0.0,0.0,/DATACENTER3/zhenxiang.wang/work/TailGuardKV/.worktrees/baseline-smoke-final-aggregation/out/full_25session_baseline_9_14/full/policy_attempts/full40_20260916_h2o_static_safe/seed20260906,True,,hybrid-session-010,qa,132.90869491174817,2,risk_evidence_insufficient
full_gpu,13.0,0.1,True,False,online_qwen,False,1.0,/DATACENTER3/zhenxiang.wang/work/TailGuardKV/.worktrees/baseline-smoke-final-aggregation/out/full_25session_baseline_9_14/full/policy_attempts/full40_20260916_h2o_static_safe/seed20260906/config.yaml,,,,,0.05,True,,0.1,,0,True,full_gpu,True,,balanced_two_gpu,1,persistent,29545.12894200161,10570,33556.82864692062,,exact fallback,30.0,28.0,9.2421875,9.2421875,9.2421875,1578.3987529575825,unknown,True,0.0,True,,False,,15289.83837890625,True,utility_dynamic,True,0.0,0.0,full_gpu,0.0,,risk_evidence_insufficient,0.0,utility_dynamic,115.99458707496524,,,,hybrid-session-013-turn-2,9.2421875,0.0,9.2421875,0.0,0.0,/DATACENTER3/zhenxiang.wang/work/TailGuardKV/.worktrees/baseline-smoke-final-aggregation/out/full_25session_baseline_9_14/full/policy_attempts/full40_20260916_h2o_static_safe/seed20260906,True,,hybrid-session-013,summary,116.85979599133134,2,risk_evidence_insufficient
full_gpu,13.0,0.1,False,True,online_qwen,True,1.0,/DATACENTER3/zhenxiang.wang/work/TailGuardKV/.worktrees/baseline-smoke-final-aggregation/out/full_25session_baseline_9_14/full/policy_attempts/full40_20260916_h2o_static_safe/seed20260906/config.yaml,,,,,0.05,True,,0.1,,8.9140625,True,full_gpu,True,,balanced_two_gpu,1,persistent,29545.12894200161,10570,33556.82864692062,,exact fallback,30.0,29.421875,10.3359375,10.3359375,10.3359375,1427.5685159955174,unknown,True,,True,,False,,15327.84765625,True,utility_dynamic,True,0.0,0.0,full_gpu,0.0,,risk_evidence_insufficient,0.0,utility_dynamic,124.78994997218251,,,,hybrid-session-016-turn-2,10.3359375,0.0,10.3359375,0.0,0.0,/DATACENTER3/zhenxiang.wang/work/TailGuardKV/.worktrees/baseline-smoke-final-aggregation/out/full_25session_baseline_9_14/full/policy_attempts/full40_20260916_h2o_static_safe/seed20260906,True,,hybrid-session-016,qa,125.66830706782639,2,risk_evidence_insufficient
full_gpu,13.0,0.1,True,True,online_qwen,True,1.0,/DATACENTER3/zhenxiang.wang/work/TailGuardKV/.worktrees/baseline-smoke-final-aggregation/out/full_25session_baseline_9_14/full/policy_attempts/full40_20260916_h2o_static_safe/seed20260906/config.yaml,,,,,0.05,True,,0.1,,9.84375,True,full_gpu,True,,balanced_two_gpu,1,persistent,29545.12894200161,10570,33556.82864692062,,exact fallback,30.0,29.421875,9.84375,9.84375,9.84375,1395.6329450011253,unknown,True,0.0,True,,False,,15316.44140625,True,utility_dynamic,True,0.0,0.0,full_gpu,0.0,,risk_evidence_insufficient,0.0,utility_dynamic,121.90063600428402,,,,hybrid-session-020-turn-2,9.84375,0.0,9.84375,0.0,0.0,/DATACENTER3/zhenxiang.wang/work/TailGuardKV/.worktrees/baseline-smoke-final-aggregation/out/full_25session_baseline_9_14/full/policy_attempts/full40_20260916_h2o_static_safe/seed20260906,True,,hybrid-session-020,qa,122.70701490342617,2,risk_evidence_insufficient
full_gpu,13.0,0.1,False,True,online_qwen,True,1.0,/DATACENTER3/zhenxiang.wang/work/TailGuardKV/.worktrees/baseline-smoke-final-aggregation/out/full_25session_baseline_9_14/full/policy_attempts/full40_20260916_h2o_static_safe/seed20260906/config.yaml,,,,,0.05,True,,0.1,,19.578125,True,full_gpu,True,,balanced_two_gpu,1,persistent,29545.12894200161,10570,33556.82864692062,,exact fallback,30.0,20.8359375,10.9921875,10.9921875,10.9921875,1579.87843407318,unknown,True,,True,,False,,15347.59375,True,utility_dynamic,True,0.0,0.0,full_gpu,0.0,,risk_evidence_insufficient,0.0,utility_dynamic,127.40293680690229,,,,hybrid-session-021-turn-2,10.9921875,0.0,10.9921875,0.0,0.0,/DATACENTER3/zhenxiang.wang/work/TailGuardKV/.worktrees/baseline-smoke-final-aggregation/out/full_25session_baseline_9_14/full/policy_attempts/full40_20260916_h2o_static_safe/seed20260906,True,,hybrid-session-021,summary,128.3524250611663,2,risk_evidence_insufficient
full_gpu,13.0,0.1,False,True,online_qwen,True,1.0,/DATACENTER3/zhenxiang.wang/work/TailGuardKV/.worktrees/baseline-smoke-final-aggregation/out/full_25session_baseline_9_14/full/policy_attempts/full40_20260916_h2o_static_safe/seed20260906/config.yaml,,,,,0.05,True,,0.1,,9.84375,True,full_gpu,True,,balanced_two_gpu,1,persistent,29545.12894200161,10570,33556.82864692062,,exact fallback,30.0,21.0,10.0078125,10.0078125,10.0078125,1582.0139260031283,unknown,True,,True,,False,,15312.74609375,True,utility_dynamic,True,0.0,0.0,full_gpu,0.0,,risk_evidence_insufficient,0.0,utility_dynamic,123.7405720166862,,,,hybrid-session-025-turn-2,10.0078125,0.0,10.0078125,0.0,0.0,/DATACENTER3/zhenxiang.wang/work/TailGuardKV/.worktrees/baseline-smoke-final-aggregation/out/full_25session_baseline_9_14/full/policy_attempts/full40_20260916_h2o_static_safe/seed20260906,True,,hybrid-session-025,summary,124.56999416463077,2,risk_evidence_insufficient
full_gpu,13.0,0.1,False,True,online_qwen,True,1.0,/DATACENTER3/zhenxiang.wang/work/TailGuardKV/.worktrees/baseline-smoke-final-aggregation/out/full_25session_baseline_9_14/full/policy_attempts/full40_20260916_h2o_static_safe/seed20260906/config.yaml,,,,,0.05,True,,0.1,,10.9921875,True,full_gpu,True,,balanced_two_gpu,1,persistent,29545.12894200161,10570,33556.82864692062,,exact fallback,30.0,21.546875,11.5390625,11.5390625,11.5390625,1588.1071649491787,unknown,True,,True,,False,,15354.57080078125,True,utility_dynamic,True,0.0,0.0,full_gpu,0.0,,risk_evidence_insufficient,0.0,utility_dynamic,137.92627095244825,,,,hybrid-session-026-turn-2,11.5390625,0.0,11.5390625,0.0,0.0,/DATACENTER3/zhenxiang.wang/work/TailGuardKV/.worktrees/baseline-smoke-final-aggregation/out/full_25session_baseline_9_14/full/policy_attempts/full40_20260916_h2o_static_safe/seed20260906,True,,hybrid-session-026,qa,138.76215904019773,2,risk_evidence_insufficient
full_gpu,13.0,0.1,False,True,online_qwen,True,1.0,/DATACENTER3/zhenxiang.wang/work/TailGuardKV/.worktrees/baseline-smoke-final-aggregation/out/full_25session_baseline_9_14/full/policy_attempts/full40_20260916_h2o_static_safe/seed20260906/config.yaml,,,,,0.05,True,,0.1,,10.0078125,True,full_gpu,True,,balanced_two_gpu,1,persistent,29545.12894200161,10570,33556.82864692062,,exact fallback,30.0,23.4609375,11.921875,11.921875,11.921875,1578.391377814114,unknown,True,,True,,False,,15365.5322265625,True,utility_dynamic,True,0.0,0.0,full_gpu,0.0,,risk_evidence_insufficient,0.0,utility_dynamic,133.53500002995133,,,,hybrid-session-002-turn-3,11.921875,0.0,11.921875,0.0,0.0,/DATACENTER3/zhenxiang.wang/work/TailGuardKV/.worktrees/baseline-smoke-final-aggregation/out/full_25session_baseline_9_14/full/policy_attempts/full40_20260916_h2o_static_safe/seed20260906,True,,hybrid-session-002,qa,134.30193183012307,3,risk_evidence_insufficient
full_gpu,13.0,0.1,False,True,online_qwen,True,1.0,/DATACENTER3/zhenxiang.wang/work/TailGuardKV/.worktrees/baseline-smoke-final-aggregation/out/full_25session_baseline_9_14/full/policy_attempts/full40_20260916_h2o_static_safe/seed20260906/config.yaml,,,,,0.05,True,,0.1,,11.5390625,True,full_gpu,True,,balanced_two_gpu,1,persistent,29545.12894200161,10570,33556.82864692062,,exact fallback,30.0,23.1328125,11.2109375,11.2109375,11.2109375,1579.4821849558502,unknown,True,,True,,False,,15348.28173828125,True,utility_dynamic,True,0.0,0.0,full_gpu,0.0,,risk_evidence_insufficient,0.0,utility_dynamic,135.00262005254626,,,,hybrid-session-003-turn-3,11.2109375,0.0,11.2109375,0.0,0.0,/DATACENTER3/zhenxiang.wang/work/TailGuardKV/.worktrees/baseline-smoke-final-aggregation/out/full_25session_baseline_9_14/full/policy_attempts/full40_20260916_h2o_static_safe/seed20260906,True,,hybrid-session-003,summary,135.8957018237561,3,risk_evidence_insufficient
full_gpu,13.0,0.1,False,True,online_qwen,True,1.0,/DATACENTER3/zhenxiang.wang/work/TailGuardKV/.worktrees/baseline-smoke-final-aggregation/out/full_25session_baseline_9_14/full/policy_attempts/full40_20260916_h2o_static_safe/seed20260906/config.yaml,,,,,0.05,True,,0.1,,11.921875,True,full_gpu,True,,balanced_two_gpu,1,persistent,29545.12894200161,10570,33556.82864692062,,exact fallback,30.0,24.0625,12.8515625,12.8515625,12.8515625,1597.7832989301533,unknown,True,,True,,False,,15396.173828125,True,utility_dynamic,True,0.0,0.0,full_gpu,0.0,,risk_evidence_insufficient,0.0,utility_dynamic,147.2724280320108,,,,hybrid-session-004-turn-3,12.8515625,0.0,12.8515625,0.0,0.0,/DATACENTER3/zhenxiang.wang/work/TailGuardKV/.worktrees/baseline-smoke-final-aggregation/out/full_25session_baseline_9_14/full/policy_attempts/full40_20260916_h2o_static_safe/seed20260906,True,,hybrid-session-004,qa,148.1612699571997,3,risk_evidence_insufficient
full_gpu,13.0,0.1,False,True,online_qwen,True,1.0,/DATACENTER3/zhenxiang.wang/work/TailGuardKV/.worktrees/baseline-smoke-final-aggregation/out/full_25session_baseline_9_14/full/policy_attempts/full40_20260916_h2o_static_safe/seed20260906/config.yaml,,,,,0.05,True,,0.1,,11.2109375,True,full_gpu,True,,balanced_two_gpu,1,persistent,29545.12894200161,10570,33556.82864692062,,exact fallback,30.0,24.5,11.6484375,11.6484375,11.6484375,1588.9515518210828,unknown,True,,True,,False,,15360.60595703125,True,utility_dynamic,True,0.0,0.0,full_gpu,0.0,,risk_evidence_insufficient,0.0,utility_dynamic,139.71466990187764,,,,hybrid-session-005-turn-3,11.6484375,0.0,11.6484375,0.0,0.0,/DATACENTER3/zhenxiang.wang/work/TailGuardKV/.worktrees/baseline-smoke-final-aggregation/out/full_25session_baseline_9_14/full/policy_attempts/full40_20260916_h2o_static_safe/seed20260906,True,,hybrid-session-005,summary,140.56683680973947,3,risk_evidence_insufficient
full_gpu,13.0,0.1,False,True,online_qwen,True,1.0,/DATACENTER3/zhenxiang.wang/work/TailGuardKV/.worktrees/baseline-smoke-final-aggregation/out/full_25session_baseline_9_14/full/policy_attempts/full40_20260916_h2o_static_safe/seed20260906/config.yaml,,,,,0.05,True,,0.1,,12.8515625,True,full_gpu,True,,balanced_two_gpu,1,persistent,29545.12894200161,10570,33556.82864692062,,exact fallback,30.0,26.578125,14.9296875,14.9296875,14.9296875,1664.1493749339134,unknown,True,,True,,False,,15454.45947265625,True,utility_dynamic,True,0.0,0.0,full_gpu,0.0,,risk_evidence_insufficient,0.0,utility_dynamic,191.9357420410961,,,,hybrid-session-006-turn-3,14.9296875,0.0,14.9296875,0.0,0.0,/DATACENTER3/zhenxiang.wang/work/TailGuardKV/.worktrees/baseline-smoke-final-aggregation/out/full_25session_baseline_9_14/full/policy_attempts/full40_20260916_h2o_static_safe/seed20260906,True,,hybrid-session-006,qa,192.8316419944167,3,risk_evidence_insufficient
full_gpu,13.0,0.1,False,True,online_qwen,True,1.0,/DATACENTER3/zhenxiang.wang/work/TailGuardKV/.worktrees/baseline-smoke-final-aggregation/out/full_25session_baseline_9_14/full/policy_attempts/full40_20260916_h2o_static_safe/seed20260906/config.yaml,,,,,0.05,True,,0.1,,11.6484375,True,full_gpu,True,,balanced_two_gpu,1,persistent,29545.12894200161,10570,33556.82864692062,,exact fallback,30.0,25.8671875,10.9375,10.9375,10.9375,1585.054115857929,unknown,True,,True,,False,,15344.6953125,True,utility_dynamic,True,0.0,0.0,full_gpu,0.0,,risk_evidence_insufficient,0.0,utility_dynamic,124.44587610661983,,,,hybrid-session-009-turn-3,10.9375,0.0,10.9375,0.0,0.0,/DATACENTER3/zhenxiang.wang/work/TailGuardKV/.worktrees/baseline-smoke-final-aggregation/out/full_25session_baseline_9_14/full/policy_attempts/full40_20260916_h2o_static_safe/seed20260906,True,,hybrid-session-009,summary,125.46072085388005,3,risk_evidence_insufficient
full_gpu,13.0,0.1,False,True,online_qwen,True,1.0,/DATACENTER3/zhenxiang.wang/work/TailGuardKV/.worktrees/baseline-smoke-final-aggregation/out/full_25session_baseline_9_14/full/policy_attempts/full40_20260916_h2o_static_safe/seed20260906/config.yaml,,,,,0.05,True,,0.1,,14.9296875,True,full_gpu,True,,balanced_two_gpu,1,persistent,29545.12894200161,10570,33556.82864692062,,exact fallback,30.0,22.9140625,11.9765625,11.9765625,11.9765625,1585.6444800738245,unknown,True,,True,,False,,15371.701171875,True,utility_dynamic,True,0.0,0.0,full_gpu,0.0,,risk_evidence_insufficient,0.0,utility_dynamic,134.65361297130585,,,,hybrid-session-010-turn-3,11.9765625,0.0,11.9765625,0.0,0.0,/DATACENTER3/zhenxiang.wang/work/TailGuardKV/.worktrees/baseline-smoke-final-aggregation/out/full_25session_baseline_9_14/full/policy_attempts/full40_20260916_h2o_static_safe/seed20260906,True,,hybrid-session-010,qa,135.52314415574074,3,risk_evidence_insufficient
full_gpu,13.0,0.1,False,True,online_qwen,True,1.0,/DATACENTER3/zhenxiang.wang/work/TailGuardKV/.worktrees/baseline-smoke-final-aggregation/out/full_25session_baseline_9_14/full/policy_attempts/full40_20260916_h2o_static_safe/seed20260906/config.yaml,,,,,0.05,True,,0.1,,10.9375,True,full_gpu,True,,balanced_two_gpu,1,persistent,29545.12894200161,10570,33556.82864692062,,exact fallback,30.0,23.296875,11.3203125,11.3203125,11.3203125,1566.2486478686333,unknown,True,,True,,False,,15351.4169921875,True,utility_dynamic,True,0.0,0.0,full_gpu,0.0,,risk_evidence_insufficient,0.0,utility_dynamic,125.67396415397525,,,,hybrid-session-013-turn-3,11.3203125,0.0,11.3203125,0.0,0.0,/DATACENTER3/zhenxiang.wang/work/TailGuardKV/.worktrees/baseline-smoke-final-aggregation/out/full_25session_baseline_9_14/full/policy_attempts/full40_20260916_h2o_static_safe/seed20260906,True,,hybrid-session-013,summary,126.67125300504267,3,risk_evidence_insufficient
full_gpu,13.0,0.1,False,True,online_qwen,True,1.0,/DATACENTER3/zhenxiang.wang/work/TailGuardKV/.worktrees/baseline-smoke-final-aggregation/out/full_25session_baseline_9_14/full/policy_attempts/full40_20260916_h2o_static_safe/seed20260906/config.yaml,,,,,0.05,True,,0.1,,11.9765625,True,full_gpu,True,,balanced_two_gpu,1,persistent,29545.12894200161,10570,33556.82864692062,,exact fallback,30.0,23.84375,12.5234375,12.5234375,12.5234375,1599.6331041678786,unknown,True,,True,,False,,15383.35009765625,True,utility_dynamic,True,0.0,0.0,full_gpu,0.0,,risk_evidence_insufficient,0.0,utility_dynamic,146.0837461054325,,,,hybrid-session-016-turn-3,12.5234375,0.0,12.5234375,0.0,0.0,/DATACENTER3/zhenxiang.wang/work/TailGuardKV/.worktrees/baseline-smoke-final-aggregation/out/full_25session_baseline_9_14/full/policy_attempts/full40_20260916_h2o_static_safe/seed20260906,True,,hybrid-session-016,qa,146.89546497538686,3,risk_evidence_insufficient
full_gpu,13.0,0.1,False,True,online_qwen,True,1.0,/DATACENTER3/zhenxiang.wang/work/TailGuardKV/.worktrees/baseline-smoke-final-aggregation/out/full_25session_baseline_9_14/full/policy_attempts/full40_20260916_h2o_static_safe/seed20260906/config.yaml,,,,,0.05,True,,0.1,,11.3203125,True,full_gpu,True,,balanced_two_gpu,1,persistent,29545.12894200161,10570,33556.82864692062,,exact fallback,30.0,24.5546875,12.03125,12.03125,12.03125,1589.120521908626,unknown,True,,True,,False,,15370.89306640625,True,utility_dynamic,True,0.0,0.0,full_gpu,0.0,,risk_evidence_insufficient,0.0,utility_dynamic,136.42486999742687,,,,hybrid-session-020-turn-3,12.03125,0.0,12.03125,0.0,0.0,/DATACENTER3/zhenxiang.wang/work/TailGuardKV/.worktrees/baseline-smoke-final-aggregation/out/full_25session_baseline_9_14/full/policy_attempts/full40_20260916_h2o_static_safe/seed20260906,True,,hybrid-session-020,qa,137.21819897182286,3,risk_evidence_insufficient
full_gpu,13.0,0.1,False,True,online_qwen,True,1.0,/DATACENTER3/zhenxiang.wang/work/TailGuardKV/.worktrees/baseline-smoke-final-aggregation/out/full_25session_baseline_9_14/full/policy_attempts/full40_20260916_h2o_static_safe/seed20260906/config.yaml,,,,,0.05,True,,0.1,,12.5234375,True,full_gpu,True,,balanced_two_gpu,1,persistent,29545.12894200161,10570,33556.82864692062,,exact fallback,30.0,25.2109375,13.1796875,13.1796875,13.1796875,1601.435565855354,unknown,True,,True,,False,,15407.92431640625,True,utility_dynamic,True,0.0,0.0,full_gpu,0.0,,risk_evidence_insufficient,0.0,utility_dynamic,141.57384098507464,,,,hybrid-session-021-turn-3,13.1796875,0.0,13.1796875,0.0,0.0,/DATACENTER3/zhenxiang.wang/work/TailGuardKV/.worktrees/baseline-smoke-final-aggregation/out/full_25session_baseline_9_14/full/policy_attempts/full40_20260916_h2o_static_safe/seed20260906,True,,hybrid-session-021,summary,142.36287004314363,3,risk_evidence_insufficient
full_gpu,13.0,0.1,False,True,online_qwen,True,1.0,/DATACENTER3/zhenxiang.wang/work/TailGuardKV/.worktrees/baseline-smoke-final-aggregation/out/full_25session_baseline_9_14/full/policy_attempts/full40_20260916_h2o_static_safe/seed20260906/config.yaml,,,,,0.05,True,,0.1,,12.03125,True,full_gpu,True,,balanced_two_gpu,1,persistent,29545.12894200161,10570,33556.82864692062,,exact fallback,30.0,25.703125,12.5234375,12.5234375,12.5234375,1416.9027821626514,unknown,True,,True,,False,,15385.26416015625,True,utility_dynamic,True,0.0,0.0,full_gpu,0.0,,risk_evidence_insufficient,0.0,utility_dynamic,145.17124113626778,,,,hybrid-session-025-turn-3,12.5234375,0.0,12.5234375,0.0,0.0,/DATACENTER3/zhenxiang.wang/work/TailGuardKV/.worktrees/baseline-smoke-final-aggregation/out/full_25session_baseline_9_14/full/policy_attempts/full40_20260916_h2o_static_safe/seed20260906,True,,hybrid-session-025,summary,146.02997619658709,3,risk_evidence_insufficient
full_gpu,13.0,0.1,False,True,online_qwen,True,1.0,/DATACENTER3/zhenxiang.wang/work/TailGuardKV/.worktrees/baseline-smoke-final-aggregation/out/full_25session_baseline_9_14/full/policy_attempts/full40_20260916_h2o_static_safe/seed20260906/config.yaml,,,,,0.05,True,,0.1,,13.1796875,True,full_gpu,True,,balanced_two_gpu,1,persistent,29545.12894200161,10570,33556.82864692062,,exact fallback,30.0,26.6328125,14.109375,14.109375,14.109375,1608.0127689056098,unknown,True,,True,,False,,15432.40380859375,True,utility_dynamic,True,0.0,0.0,full_gpu,0.0,,risk_evidence_insufficient,0.0,utility_dynamic,152.34657702967525,,,,hybrid-session-026-turn-3,14.109375,0.0,14.109375,0.0,0.0,/DATACENTER3/zhenxiang.wang/work/TailGuardKV/.worktrees/baseline-smoke-final-aggregation/out/full_25session_baseline_9_14/full/policy_attempts/full40_20260916_h2o_static_safe/seed20260906,True,,hybrid-session-026,qa,153.15328096039593,3,risk_evidence_insufficient
full_gpu,13.0,0.1,False,True,online_qwen,True,1.0,/DATACENTER3/zhenxiang.wang/work/TailGuardKV/.worktrees/baseline-smoke-final-aggregation/out/full_25session_baseline_9_14/full/policy_attempts/full40_20260916_h2o_static_safe/seed20260906/config.yaml,,,,,0.05,True,,0.1,,12.5234375,True,full_gpu,True,,balanced_two_gpu,1,persistent,29545.12894200161,10570,33556.82864692062,,exact fallback,30.0,27.890625,13.78125,13.78125,13.78125,1597.8691577911377,unknown,True,,True,,False,,15425.3466796875,True,utility_dynamic,True,0.0,0.0,full_gpu,0.0,,risk_evidence_insufficient,0.0,utility_dynamic,142.69474311731756,,,,hybrid-session-002-turn-4,13.78125,0.0,13.78125,0.0,0.0,/DATACENTER3/zhenxiang.wang/work/TailGuardKV/.worktrees/baseline-smoke-final-aggregation/out/full_25session_baseline_9_14/full/policy_attempts/full40_20260916_h2o_static_safe/seed20260906,True,,hybrid-session-002,qa,143.51222291588783,4,risk_evidence_insufficient
full_gpu,13.0,0.1,False,True,online_qwen,True,1.0,/DATACENTER3/zhenxiang.wang/work/TailGuardKV/.worktrees/baseline-smoke-final-aggregation/out/full_25session_baseline_9_14/full/policy_attempts/full40_20260916_h2o_static_safe/seed20260906/config.yaml,,,,,0.05,True,,0.1,,14.109375,True,full_gpu,True,,balanced_two_gpu,1,persistent,29545.12894200161,10570,33556.82864692062,,exact fallback,30.0,26.7421875,12.9609375,12.9609375,12.9609375,1605.496509000659,unknown,True,,True,,False,,15402.984375,True,utility_dynamic,True,0.0,0.0,full_gpu,0.0,,risk_evidence_insufficient,0.0,utility_dynamic,147.07794995047152,,,,hybrid-session-003-turn-4,12.9609375,0.0,12.9609375,0.0,0.0,/DATACENTER3/zhenxiang.wang/work/TailGuardKV/.worktrees/baseline-smoke-final-aggregation/out/full_25session_baseline_9_14/full/policy_attempts/full40_20260916_h2o_static_safe/seed20260906,True,,hybrid-session-003,summary,147.90865103714168,4,risk_evidence_insufficient
full_gpu,13.0,0.1,False,True,online_qwen,True,1.0,/DATACENTER3/zhenxiang.wang/work/TailGuardKV/.worktrees/baseline-smoke-final-aggregation/out/full_25session_baseline_9_14/full/policy_attempts/full40_20260916_h2o_static_safe/seed20260906/config.yaml,,,,,0.05,True,,0.1,,13.78125,True,full_gpu,True,,balanced_two_gpu,1,persistent,29545.12894200161,10570,33556.82864692062,,exact fallback,30.0,27.5078125,14.546875,14.546875,14.546875,1603.7629120983183,unknown,True,,True,,False,,15446.28466796875,True,utility_dynamic,True,0.0,0.0,full_gpu,0.0,,risk_evidence_insufficient,0.0,utility_dynamic,154.64721294119954,,,,hybrid-session-004-turn-4,14.546875,0.0,14.546875,0.0,0.0,/DATACENTER3/zhenxiang.wang/work/TailGuardKV/.worktrees/baseline-smoke-final-aggregation/out/full_25session_baseline_9_14/full/policy_attempts/full40_20260916_h2o_static_safe/seed20260906,True,,hybrid-session-004,qa,155.49846715293825,4,risk_evidence_insufficient
full_gpu,13.0,0.1,False,True,online_qwen,True,1.0,/DATACENTER3/zhenxiang.wang/work/TailGuardKV/.worktrees/baseline-smoke-final-aggregation/out/full_25session_baseline_9_14/full/policy_attempts/full40_20260916_h2o_static_safe/seed20260906/config.yaml,,,,,0.05,True,,0.1,,12.9609375,True,full_gpu,True,,balanced_two_gpu,1,persistent,29545.12894200161,10570,33556.82864692062,,exact fallback,30.0,27.8359375,13.2890625,13.2890625,13.2890625,1624.6071250643581,unknown,True,,True,,False,,15410.875,True,utility_dynamic,True,0.0,0.0,full_gpu,0.0,,risk_evidence_insufficient,0.0,utility_dynamic,149.31615605019033,,,,hybrid-session-005-turn-4,13.2890625,0.0,13.2890625,0.0,0.0,/DATACENTER3/zhenxiang.wang/work/TailGuardKV/.worktrees/baseline-smoke-final-aggregation/out/full_25session_baseline_9_14/full/policy_attempts/full40_20260916_h2o_static_safe/seed20260906,True,,hybrid-session-005,summary,150.28115012682974,4,risk_evidence_insufficient
full_gpu,13.0,0.1,False,True,online_qwen,True,1.0,/DATACENTER3/zhenxiang.wang/work/TailGuardKV/.worktrees/baseline-smoke-final-aggregation/out/full_25session_baseline_9_14/full/policy_attempts/full40_20260916_h2o_static_safe/seed20260906/config.yaml,,,,,0.05,True,,0.1,,14.546875,True,full_gpu,True,,balanced_two_gpu,1,persistent,29545.12894200161,10570,33556.82864692062,,exact fallback,30.0,29.9140625,16.625,16.625,16.625,1649.6127839200199,unknown,True,,True,,False,,15504.6669921875,True,utility_dynamic,True,0.0,0.0,full_gpu,0.0,,risk_evidence_insufficient,0.0,utility_dynamic,192.18234717845917,,,,hybrid-session-006-turn-4,16.625,0.0,16.625,0.0,0.0,/DATACENTER3/zhenxiang.wang/work/TailGuardKV/.worktrees/baseline-smoke-final-aggregation/out/full_25session_baseline_9_14/full/policy_attempts/full40_20260916_h2o_static_safe/seed20260906,True,,hybrid-session-006,qa,192.9893980268389,4,risk_evidence_insufficient
full_gpu,13.0,0.1,True,True,online_qwen,True,1.0,/DATACENTER3/zhenxiang.wang/work/TailGuardKV/.worktrees/baseline-smoke-final-aggregation/out/full_25session_baseline_9_14/full/policy_attempts/full40_20260916_h2o_static_safe/seed20260906/config.yaml,,,,,0.05,True,,0.1,,13.2890625,True,full_gpu,True,,balanced_two_gpu,1,persistent,29545.12894200161,10570,33556.82864692062,,exact fallback,30.0,29.421875,12.796875,12.796875,12.796875,1574.1306468844414,unknown,True,0.0,True,,False,,15401.900390625,True,utility_dynamic,True,0.0,0.0,full_gpu,0.0,,risk_evidence_insufficient,0.0,utility_dynamic,145.93248907476664,,,,hybrid-session-009-turn-4,12.796875,0.0,12.796875,0.0,0.0,/DATACENTER3/zhenxiang.wang/work/TailGuardKV/.worktrees/baseline-smoke-final-aggregation/out/full_25session_baseline_9_14/full/policy_attempts/full40_20260916_h2o_static_safe/seed20260906,True,,hybrid-session-009,summary,146.7351329047233,4,risk_evidence_insufficient
full_gpu,13.0,0.1,False,True,online_qwen,True,1.0,/DATACENTER3/zhenxiang.wang/work/TailGuardKV/.worktrees/baseline-smoke-final-aggregation/out/full_25session_baseline_9_14/full/policy_attempts/full40_20260916_h2o_static_safe/seed20260906/config.yaml,,,,,0.05,True,,0.1,,16.625,True,full_gpu,True,,balanced_two_gpu,1,persistent,29545.12894200161,10570,33556.82864692062,,exact fallback,30.0,26.8515625,14.0546875,14.0546875,14.0546875,1608.463668031618,unknown,True,,True,,False,,15434.61767578125,True,utility_dynamic,True,0.0,0.0,full_gpu,0.0,,risk_evidence_insufficient,0.0,utility_dynamic,143.0107019841671,,,,hybrid-session-010-turn-4,14.0546875,0.0,14.0546875,0.0,0.0,/DATACENTER3/zhenxiang.wang/work/TailGuardKV/.worktrees/baseline-smoke-final-aggregation/out/full_25session_baseline_9_14/full/policy_attempts/full40_20260916_h2o_static_safe/seed20260906,True,,hybrid-session-010,qa,143.89187307097018,4,risk_evidence_insufficient
full_gpu,13.0,0.1,True,True,online_qwen,True,1.0,/DATACENTER3/zhenxiang.wang/work/TailGuardKV/.worktrees/baseline-smoke-final-aggregation/out/full_25session_baseline_9_14/full/policy_attempts/full40_20260916_h2o_static_safe/seed20260906/config.yaml,,,,,0.05,True,,0.1,,12.796875,True,full_gpu,True,,balanced_two_gpu,1,persistent,29545.12894200161,10570,33556.82864692062,,exact fallback,30.0,27.2890625,13.234375,13.234375,13.234375,1593.1519188452512,unknown,True,0.0,True,,False,,15410.27587890625,True,utility_dynamic,True,0.0,0.0,full_gpu,0.0,,risk_evidence_insufficient,0.0,utility_dynamic,149.1475780494511,,,,hybrid-session-013-turn-4,13.234375,0.0,13.234375,0.0,0.0,/DATACENTER3/zhenxiang.wang/work/TailGuardKV/.worktrees/baseline-smoke-final-aggregation/out/full_25session_baseline_9_14/full/policy_attempts/full40_20260916_h2o_static_safe/seed20260906,True,,hybrid-session-013,summary,149.92232294753194,4,risk_evidence_insufficient
full_gpu,13.0,0.1,False,True,online_qwen,True,1.0,/DATACENTER3/zhenxiang.wang/work/TailGuardKV/.worktrees/baseline-smoke-final-aggregation/out/full_25session_baseline_9_14/full/policy_attempts/full40_20260916_h2o_static_safe/seed20260906/config.yaml,,,,,0.05,True,,0.1,,14.0546875,True,full_gpu,True,,balanced_two_gpu,1,persistent,29545.12894200161,10570,33556.82864692062,,exact fallback,30.0,27.8359375,14.6015625,14.6015625,14.6015625,1601.3536921236664,unknown,True,,True,,False,,15447.76611328125,True,utility_dynamic,True,0.0,0.0,full_gpu,0.0,,risk_evidence_insufficient,0.0,utility_dynamic,147.8829320985824,,,,hybrid-session-016-turn-4,14.6015625,0.0,14.6015625,0.0,0.0,/DATACENTER3/zhenxiang.wang/work/TailGuardKV/.worktrees/baseline-smoke-final-aggregation/out/full_25session_baseline_9_14/full/policy_attempts/full40_20260916_h2o_static_safe/seed20260906,True,,hybrid-session-016,qa,148.7125961575657,4,risk_evidence_insufficient
full_gpu,13.0,0.1,False,True,online_qwen,True,1.0,/DATACENTER3/zhenxiang.wang/work/TailGuardKV/.worktrees/baseline-smoke-final-aggregation/out/full_25session_baseline_9_14/full/policy_attempts/full40_20260916_h2o_static_safe/seed20260906/config.yaml,,,,,0.05,True,,0.1,,13.234375,True,full_gpu,True,,balanced_two_gpu,1,persistent,29545.12894200161,10570,33556.82864692062,,exact fallback,30.0,28.546875,13.9453125,13.9453125,13.9453125,1604.7988119535148,unknown,True,,True,,False,,15431.974609375,True,utility_dynamic,True,0.0,0.0,full_gpu,0.0,,risk_evidence_insufficient,0.0,utility_dynamic,146.6112770140171,,,,hybrid-session-020-turn-4,13.9453125,0.0,13.9453125,0.0,0.0,/DATACENTER3/zhenxiang.wang/work/TailGuardKV/.worktrees/baseline-smoke-final-aggregation/out/full_25session_baseline_9_14/full/policy_attempts/full40_20260916_h2o_static_safe/seed20260906,True,,hybrid-session-020,qa,147.4387941416353,4,risk_evidence_insufficient
full_gpu,13.0,0.1,False,True,online_qwen,True,1.0,/DATACENTER3/zhenxiang.wang/work/TailGuardKV/.worktrees/baseline-smoke-final-aggregation/out/full_25session_baseline_9_14/full/policy_attempts/full40_20260916_h2o_static_safe/seed20260906/config.yaml,,,,,0.05,True,,0.1,,14.6015625,True,full_gpu,True,,balanced_two_gpu,1,persistent,29545.12894200161,10570,33556.82864692062,,exact fallback,30.0,29.0390625,15.09375,15.09375,15.09375,1646.1877201218158,unknown,True,,True,,False,,15463.8408203125,True,utility_dynamic,True,0.0,0.0,full_gpu,0.0,,risk_evidence_insufficient,0.0,utility_dynamic,195.21514605730772,,,,hybrid-session-021-turn-4,15.09375,0.0,15.09375,0.0,0.0,/DATACENTER3/zhenxiang.wang/work/TailGuardKV/.worktrees/baseline-smoke-final-aggregation/out/full_25session_baseline_9_14/full/policy_attempts/full40_20260916_h2o_static_safe/seed20260906,True,,hybrid-session-021,summary,196.04281103238463,4,risk_evidence_insufficient
full_gpu,13.0,0.1,False,True,online_qwen,True,1.0,/DATACENTER3/zhenxiang.wang/work/TailGuardKV/.worktrees/baseline-smoke-final-aggregation/out/full_25session_baseline_9_14/full/policy_attempts/full40_20260916_h2o_static_safe/seed20260906/config.yaml,,,,,0.05,True,,0.1,,13.9453125,True,full_gpu,True,,balanced_two_gpu,1,persistent,29545.12894200161,10570,33556.82864692062,,exact fallback,30.0,29.9140625,14.8203125,14.8203125,14.8203125,1582.2068359702826,unknown,True,,True,,False,,15455.30810546875,True,utility_dynamic,True,0.0,0.0,full_gpu,0.0,,risk_evidence_insufficient,0.0,utility_dynamic,138.93983117304742,,,,hybrid-session-025-turn-4,14.8203125,0.0,14.8203125,0.0,0.0,/DATACENTER3/zhenxiang.wang/work/TailGuardKV/.worktrees/baseline-smoke-final-aggregation/out/full_25session_baseline_9_14/full/policy_attempts/full40_20260916_h2o_static_safe/seed20260906,True,,hybrid-session-025,summary,139.88001784309745,4,risk_evidence_insufficient
full_gpu,13.0,0.1,False,True,online_qwen,True,1.0,/DATACENTER3/zhenxiang.wang/work/TailGuardKV/.worktrees/baseline-smoke-final-aggregation/out/full_25session_baseline_9_14/full/policy_attempts/full40_20260916_h2o_static_safe/seed20260906/config.yaml,,,,,0.05,True,,0.1,,29.9140625,True,full_gpu,True,,balanced_two_gpu,1,persistent,29545.12894200161,10570,33556.82864692062,,exact fallback,30.0,16.0234375,16.0234375,16.0234375,16.0234375,1662.5121179968119,unknown,True,,True,,False,,15490.7724609375,True,utility_dynamic,True,0.0,0.0,full_gpu,0.0,,risk_evidence_insufficient,0.0,utility_dynamic,196.99647603556514,,,,hybrid-session-026-turn-4,16.0234375,0.0,16.0234375,0.0,0.0,/DATACENTER3/zhenxiang.wang/work/TailGuardKV/.worktrees/baseline-smoke-final-aggregation/out/full_25session_baseline_9_14/full/policy_attempts/full40_20260916_h2o_static_safe/seed20260906,True,,hybrid-session-026,qa,197.80113478191197,4,risk_evidence_insufficient
full_gpu,2.0,0.1,False,False,online_qwen,False,1.0,/DATACENTER3/zhenxiang.wang/work/TailGuardKV/.worktrees/baseline-smoke-final-aggregation/out/full_25session_baseline_9_14/full/policy_attempts/full40_20260916_h2o_static_safe/seed20260906/config.yaml,,,,,0.05,True,,0.1,,0,True,full_gpu,True,,balanced_two_gpu,1,persistent,27287.818865152076,12686,31219.17903702706,,exact fallback,30.0,3.5546875,1.4765625,1.4765625,1.4765625,1528.1982531305403,unknown,True,,True,,False,,15055.19384765625,True,uncalibrated_dynamic,True,0.0,0.0,full_gpu,0.0,,risk_evidence_insufficient,0.0,uncalibrated_dynamic,0.0,,,,hybrid-session-003-turn-0,1.4765625,0.0,1.4765625,0.0,0.0,/DATACENTER3/zhenxiang.wang/work/TailGuardKV/.worktrees/baseline-smoke-final-aggregation/out/full_25session_baseline_9_14/full/policy_attempts/full40_20260916_h2o_static_safe/seed20260906,True,point_prediction_rejected,hybrid-session-003,chat,99.23530509695411,0,risk_evidence_insufficient
full_gpu,3.0,0.1,False,False,online_qwen,False,1.0,/DATACENTER3/zhenxiang.wang/work/TailGuardKV/.worktrees/baseline-smoke-final-aggregation/out/full_25session_baseline_9_14/full/policy_attempts/full40_20260916_h2o_static_safe/seed20260906/config.yaml,,,,,0.05,True,,0.1,,0,True,full_gpu,True,,balanced_two_gpu,1,persistent,27287.818865152076,12686,31219.17903702706,,exact fallback,30.0,5.3046875,1.75,1.75,1.75,1456.1087409965694,unknown,True,,True,,False,,15063.70947265625,True,uncalibrated_dynamic,True,0.0,0.0,full_gpu,0.0,,risk_evidence_insufficient,0.0,uncalibrated_dynamic,0.0,,,,hybrid-session-004-turn-0,1.75,0.0,1.75,0.0,0.0,/DATACENTER3/zhenxiang.wang/work/TailGuardKV/.worktrees/baseline-smoke-final-aggregation/out/full_25session_baseline_9_14/full/policy_attempts/full40_20260916_h2o_static_safe/seed20260906,True,point_prediction_rejected,hybrid-session-004,chat,112.48693708330393,0,risk_evidence_insufficient
full_gpu,4.0,0.1,False,False,online_qwen,False,1.0,/DATACENTER3/zhenxiang.wang/work/TailGuardKV/.worktrees/baseline-smoke-final-aggregation/out/full_25session_baseline_9_14/full/policy_attempts/full40_20260916_h2o_static_safe/seed20260906/config.yaml,,,,,0.05,True,,0.1,,0,True,full_gpu,True,,balanced_two_gpu,1,persistent,27287.818865152076,12686,31219.17903702706,,exact fallback,30.0,7.21875,1.9140625,1.9140625,1.9140625,1542.8801889065653,unknown,True,,True,,False,,15070.26806640625,True,uncalibrated_dynamic,True,0.0,0.0,full_gpu,0.0,,risk_evidence_insufficient,0.0,uncalibrated_dynamic,0.0,,,,hybrid-session-005-turn-0,1.9140625,0.0,1.9140625,0.0,0.0,/DATACENTER3/zhenxiang.wang/work/TailGuardKV/.worktrees/baseline-smoke-final-aggregation/out/full_25session_baseline_9_14/full/policy_attempts/full40_20260916_h2o_static_safe/seed20260906,True,point_prediction_rejected,hybrid-session-005,chat,105.68322893232107,0,risk_evidence_insufficient
full_gpu,5.0,0.1,False,False,online_qwen,False,1.0,/DATACENTER3/zhenxiang.wang/work/TailGuardKV/.worktrees/baseline-smoke-final-aggregation/out/full_25session_baseline_9_14/full/policy_attempts/full40_20260916_h2o_static_safe/seed20260906/config.yaml,,,,,0.05,True,,0.1,,0,True,full_gpu,True,,balanced_two_gpu,1,persistent,27287.818865152076,12686,31219.17903702706,,exact fallback,30.0,9.84375,2.625,2.625,2.625,1421.3175508193672,unknown,True,,True,,False,,15093.27587890625,True,uncalibrated_dynamic,True,0.0,0.0,full_gpu,0.0,,risk_evidence_insufficient,0.0,uncalibrated_dynamic,0.0,,,,hybrid-session-006-turn-0,2.625,0.0,2.625,0.0,0.0,/DATACENTER3/zhenxiang.wang/work/TailGuardKV/.worktrees/baseline-smoke-final-aggregation/out/full_25session_baseline_9_14/full/policy_attempts/full40_20260916_h2o_static_safe/seed20260906,True,point_prediction_rejected,hybrid-session-006,chat,106.45309486426413,0,risk_evidence_insufficient
full_gpu,6.0,0.1,False,False,online_qwen,False,1.0,/DATACENTER3/zhenxiang.wang/work/TailGuardKV/.worktrees/baseline-smoke-final-aggregation/out/full_25session_baseline_9_14/full/policy_attempts/full40_20260916_h2o_static_safe/seed20260906/config.yaml,,,,,0.05,True,,0.1,,0,True,full_gpu,True,,balanced_two_gpu,1,persistent,27287.818865152076,12686,31219.17903702706,,exact fallback,30.0,11.5390625,1.6953125,1.6953125,1.6953125,1356.530216988176,unknown,True,,True,,False,,15068.48681640625,True,uncalibrated_dynamic,True,0.0,0.0,full_gpu,0.0,,risk_evidence_insufficient,0.0,uncalibrated_dynamic,0.0,,,,hybrid-session-009-turn-0,1.6953125,0.0,1.6953125,0.0,0.0,/DATACENTER3/zhenxiang.wang/work/TailGuardKV/.worktrees/baseline-smoke-final-aggregation/out/full_25session_baseline_9_14/full/policy_attempts/full40_20260916_h2o_static_safe/seed20260906,True,point_prediction_rejected,hybrid-session-009,chat,103.29309082590044,0,risk_evidence_insufficient
full_gpu,7.0,0.1,False,False,online_qwen,False,1.0,/DATACENTER3/zhenxiang.wang/work/TailGuardKV/.worktrees/baseline-smoke-final-aggregation/out/full_25session_baseline_9_14/full/policy_attempts/full40_20260916_h2o_static_safe/seed20260906/config.yaml,,,,,0.05,True,,0.1,,0,True,full_gpu,True,,balanced_two_gpu,1,persistent,27287.818865152076,12686,31219.17903702706,,exact fallback,30.0,13.0703125,1.53125,1.53125,1.53125,1540.1104830671102,unknown,True,,True,,False,,15065.87646484375,True,uncalibrated_dynamic,True,0.0,0.0,full_gpu,0.0,,risk_evidence_insufficient,0.0,uncalibrated_dynamic,0.0,,,,hybrid-session-010-turn-0,1.53125,0.0,1.53125,0.0,0.0,/DATACENTER3/zhenxiang.wang/work/TailGuardKV/.worktrees/baseline-smoke-final-aggregation/out/full_25session_baseline_9_14/full/policy_attempts/full40_20260916_h2o_static_safe/seed20260906,True,point_prediction_rejected,hybrid-session-010,chat,101.71047295443714,0,risk_evidence_insufficient
full_gpu,8.0,0.1,False,False,online_qwen,False,1.0,/DATACENTER3/zhenxiang.wang/work/TailGuardKV/.worktrees/baseline-smoke-final-aggregation/out/full_25session_baseline_9_14/full/policy_attempts/full40_20260916_h2o_static_safe/seed20260906/config.yaml,,,,,0.05,True,,0.1,,0,True,full_gpu,True,,balanced_two_gpu,1,persistent,27287.818865152076,12686,31219.17903702706,,exact fallback,30.0,14.875,1.8046875,1.8046875,1.8046875,1535.6098979245871,unknown,True,,True,,False,,15074.73681640625,True,uncalibrated_dynamic,True,0.0,0.0,full_gpu,0.0,,risk_evidence_insufficient,0.0,uncalibrated_dynamic,0.0,,,,hybrid-session-013-turn-0,1.8046875,0.0,1.8046875,0.0,0.0,/DATACENTER3/zhenxiang.wang/work/TailGuardKV/.worktrees/baseline-smoke-final-aggregation/out/full_25session_baseline_9_14/full/policy_attempts/full40_20260916_h2o_static_safe/seed20260906,True,point_prediction_rejected,hybrid-session-013,chat,111.62464506924152,0,risk_evidence_insufficient
full_gpu,9.0,0.1,False,False,online_qwen,False,1.0,/DATACENTER3/zhenxiang.wang/work/TailGuardKV/.worktrees/baseline-smoke-final-aggregation/out/full_25session_baseline_9_14/full/policy_attempts/full40_20260916_h2o_static_safe/seed20260906/config.yaml,,,,,0.05,True,,0.1,,0,True,full_gpu,True,,balanced_two_gpu,1,persistent,27287.818865152076,12686,31219.17903702706,,exact fallback,30.0,17.5,2.625,2.625,2.625,1540.4435622040182,unknown,True,,True,,False,,15100.93212890625,True,uncalibrated_dynamic,True,0.0,0.0,full_gpu,0.0,,risk_evidence_insufficient,0.0,uncalibrated_dynamic,0.0,,,,hybrid-session-016-turn-0,2.625,0.0,2.625,0.0,0.0,/DATACENTER3/zhenxiang.wang/work/TailGuardKV/.worktrees/baseline-smoke-final-aggregation/out/full_25session_baseline_9_14/full/policy_attempts/full40_20260916_h2o_static_safe/seed20260906,True,point_prediction_rejected,hybrid-session-016,chat,106.24029720202088,0,risk_evidence_insufficient
full_gpu,10.0,0.1,False,False,online_qwen,False,1.0,/DATACENTER3/zhenxiang.wang/work/TailGuardKV/.worktrees/baseline-smoke-final-aggregation/out/full_25session_baseline_9_14/full/policy_attempts/full40_20260916_h2o_static_safe/seed20260906/config.yaml,,,,,0.05,True,,0.1,,0,True,full_gpu,True,,balanced_two_gpu,1,persistent,27287.818865152076,12686,31219.17903702706,,exact fallback,30.0,19.90625,2.40625,2.40625,2.40625,1539.5768850576133,unknown,True,,True,,False,,15095.79541015625,True,uncalibrated_dynamic,True,0.0,0.0,full_gpu,0.0,,risk_evidence_insufficient,0.0,uncalibrated_dynamic,0.0,,,,hybrid-session-020-turn-0,2.40625,0.0,2.40625,0.0,0.0,/DATACENTER3/zhenxiang.wang/work/TailGuardKV/.worktrees/baseline-smoke-final-aggregation/out/full_25session_baseline_9_14/full/policy_attempts/full40_20260916_h2o_static_safe/seed20260906,True,point_prediction_rejected,hybrid-session-020,chat,87.74446207098663,0,risk_evidence_insufficient
full_gpu,11.0,0.1,False,False,online_qwen,False,1.0,/DATACENTER3/zhenxiang.wang/work/TailGuardKV/.worktrees/baseline-smoke-final-aggregation/out/full_25session_baseline_9_14/full/policy_attempts/full40_20260916_h2o_static_safe/seed20260906/config.yaml,,,,,0.05,True,,0.1,,0,True,full_gpu,True,,balanced_two_gpu,1,persistent,27287.818865152076,12686,31219.17903702706,,exact fallback,30.0,22.203125,2.296875,2.296875,2.296875,1337.8782728686929,unknown,True,,True,,False,,15095.17822265625,True,uncalibrated_dynamic,True,0.0,0.0,full_gpu,0.0,,risk_evidence_insufficient,0.0,uncalibrated_dynamic,0.0,,,,hybrid-session-021-turn-0,2.296875,0.0,2.296875,0.0,0.0,/DATACENTER3/zhenxiang.wang/work/TailGuardKV/.worktrees/baseline-smoke-final-aggregation/out/full_25session_baseline_9_14/full/policy_attempts/full40_20260916_h2o_static_safe/seed20260906,True,point_prediction_rejected,hybrid-session-021,chat,106.83111287653446,0,risk_evidence_insufficient
full_gpu,12.0,0.1,False,False,online_qwen,False,1.0,/DATACENTER3/zhenxiang.wang/work/TailGuardKV/.worktrees/baseline-smoke-final-aggregation/out/full_25session_baseline_9_14/full/policy_attempts/full40_20260916_h2o_static_safe/seed20260906/config.yaml,,,,,0.05,True,,0.1,,0,True,full_gpu,True,,balanced_two_gpu,1,persistent,27287.818865152076,12686,31219.17903702706,,exact fallback,30.0,24.171875,1.96875,1.96875,1.96875,1540.0726608932018,unknown,True,,True,,False,,15088.40478515625,True,uncalibrated_dynamic,True,0.0,0.0,full_gpu,0.0,,risk_evidence_insufficient,0.0,uncalibrated_dynamic,0.0,,,,hybrid-session-025-turn-0,1.96875,0.0,1.96875,0.0,0.0,/DATACENTER3/zhenxiang.wang/work/TailGuardKV/.worktrees/baseline-smoke-final-aggregation/out/full_25session_baseline_9_14/full/policy_attempts/full40_20260916_h2o_static_safe/seed20260906,True,point_prediction_rejected,hybrid-session-025,chat,106.43004206940532,0,risk_evidence_insufficient
full_gpu,13.0,0.1,False,False,online_qwen,False,1.0,/DATACENTER3/zhenxiang.wang/work/TailGuardKV/.worktrees/baseline-smoke-final-aggregation/out/full_25session_baseline_9_14/full/policy_attempts/full40_20260916_h2o_static_safe/seed20260906/config.yaml,,,,,0.05,True,,0.1,,0,True,full_gpu,True,,balanced_two_gpu,1,persistent,27287.818865152076,12686,31219.17903702706,,exact fallback,30.0,26.359375,2.1875,2.1875,2.1875,1536.6885310504586,unknown,True,,True,,False,,15096.42041015625,True,uncalibrated_dynamic,True,0.0,0.0,full_gpu,0.0,,risk_evidence_insufficient,0.0,uncalibrated_dynamic,0.0,,,,hybrid-session-026-turn-0,2.1875,0.0,2.1875,0.0,0.0,/DATACENTER3/zhenxiang.wang/work/TailGuardKV/.worktrees/baseline-smoke-final-aggregation/out/full_25session_baseline_9_14/full/policy_attempts/full40_20260916_h2o_static_safe/seed20260906,True,point_prediction_rejected,hybrid-session-026,chat,108.10514795593917,0,risk_evidence_insufficient
full_gpu,13.0,0.1,False,False,online_qwen,False,1.0,/DATACENTER3/zhenxiang.wang/work/TailGuardKV/.worktrees/baseline-smoke-final-aggregation/out/full_25session_baseline_9_14/full/policy_attempts/full40_20260916_h2o_static_safe/seed20260906/config.yaml,,,,,0.05,True,,0.1,,0,True,full_gpu,True,,balanced_two_gpu,1,persistent,27287.818865152076,12686,31219.17903702706,,exact fallback,30.0,28.1640625,3.8828125,3.8828125,1.8046875,1338.8270339928567,unknown,True,,True,,False,,15088.02685546875,True,uncalibrated_dynamic,True,0.0,0.0,full_gpu,0.0,,risk_evidence_insufficient,0.0,uncalibrated_dynamic,0.0,,,,hybrid-session-002-turn-1,3.8828125,2.078125,3.8828125,0.0,0.0,/DATACENTER3/zhenxiang.wang/work/TailGuardKV/.worktrees/baseline-smoke-final-aggregation/out/full_25session_baseline_9_14/full/policy_attempts/full40_20260916_h2o_static_safe/seed20260906,True,point_prediction_rejected,hybrid-session-002,chat,96.24258917756379,1,risk_evidence_insufficient
full_gpu,13.0,0.1,True,False,online_qwen,False,1.0,/DATACENTER3/zhenxiang.wang/work/TailGuardKV/.worktrees/baseline-smoke-final-aggregation/out/full_25session_baseline_9_14/full/policy_attempts/full40_20260916_h2o_static_safe/seed20260906/config.yaml,,,,,0.05,True,,0.1,,0,True,full_gpu,True,,balanced_two_gpu,1,persistent,27287.818865152076,12686,31219.17903702706,,exact fallback,30.0,29.5859375,2.8984375,2.8984375,1.421875,1539.1067769378424,unknown,True,0.0,True,,False,,15080.05908203125,True,uncalibrated_dynamic,True,0.0,0.0,full_gpu,0.0,,risk_evidence_insufficient,0.0,uncalibrated_dynamic,0.0,,,,hybrid-session-003-turn-1,2.8984375,1.4765625,2.8984375,0.0,0.0,/DATACENTER3/zhenxiang.wang/work/TailGuardKV/.worktrees/baseline-smoke-final-aggregation/out/full_25session_baseline_9_14/full/policy_attempts/full40_20260916_h2o_static_safe/seed20260906,True,point_prediction_rejected,hybrid-session-003,chat,112.36949684098363,1,risk_evidence_insufficient
full_gpu,13.0,0.1,False,True,online_qwen,True,1.0,/DATACENTER3/zhenxiang.wang/work/TailGuardKV/.worktrees/baseline-smoke-final-aggregation/out/full_25session_baseline_9_14/full/policy_attempts/full40_20260916_h2o_static_safe/seed20260906/config.yaml,,,,,0.05,True,,0.1,,4.5390625,True,full_gpu,True,,balanced_two_gpu,1,persistent,27287.818865152076,12686,31219.17903702706,,exact fallback,30.0,28.2734375,4.9765625,4.9765625,3.2265625,1548.3853449113667,unknown,True,,True,,False,,15131.58349609375,True,uncalibrated_dynamic,True,0.0,0.0,full_gpu,0.0,,risk_evidence_insufficient,0.0,uncalibrated_dynamic,0.0,,,,hybrid-session-004-turn-1,4.9765625,1.75,4.9765625,0.0,0.0,/DATACENTER3/zhenxiang.wang/work/TailGuardKV/.worktrees/baseline-smoke-final-aggregation/out/full_25session_baseline_9_14/full/policy_attempts/full40_20260916_h2o_static_safe/seed20260906,True,point_prediction_rejected,hybrid-session-004,chat,113.84799284860492,1,risk_evidence_insufficient
full_gpu,13.0,0.1,False,True,online_qwen,True,1.0,/DATACENTER3/zhenxiang.wang/work/TailGuardKV/.worktrees/baseline-smoke-final-aggregation/out/full_25session_baseline_9_14/full/policy_attempts/full40_20260916_h2o_static_safe/seed20260906/config.yaml,,,,,0.05,True,,0.1,,3.2265625,True,full_gpu,True,,balanced_two_gpu,1,persistent,27287.818865152076,12686,31219.17903702706,,exact fallback,30.0,28.984375,3.9375,3.9375,3.9375,1558.6282550357282,unknown,True,,True,,False,,15150.76806640625,True,uncalibrated_dynamic,True,0.0,0.0,full_gpu,0.0,,risk_evidence_insufficient,0.0,uncalibrated_dynamic,110.80188304185867,,,,hybrid-session-005-turn-1,3.9375,0.0,3.9375,0.0,0.0,/DATACENTER3/zhenxiang.wang/work/TailGuardKV/.worktrees/baseline-smoke-final-aggregation/out/full_25session_baseline_9_14/full/policy_attempts/full40_20260916_h2o_static_safe/seed20260906,True,point_prediction_rejected,hybrid-session-005,chat,111.6308190394193,1,risk_evidence_insufficient
full_gpu,13.0,0.1,False,True,online_qwen,True,1.0,/DATACENTER3/zhenxiang.wang/work/TailGuardKV/.worktrees/baseline-smoke-final-aggregation/out/full_25session_baseline_9_14/full/policy_attempts/full40_20260916_h2o_static_safe/seed20260906/config.yaml,,,,,0.05,True,,0.1,,4.4296875,True,full_gpu,True,,balanced_two_gpu,1,persistent,27287.818865152076,12686,31219.17903702706,,exact fallback,30.0,29.859375,5.3046875,5.3046875,5.3046875,1506.009676028043,unknown,True,,True,,False,,15188.640625,True,uncalibrated_dynamic,True,0.0,0.0,full_gpu,0.0,,risk_evidence_insufficient,0.0,uncalibrated_dynamic,98.63731916993856,,,,hybrid-session-006-turn-1,5.3046875,0.0,5.3046875,0.0,0.0,/DATACENTER3/zhenxiang.wang/work/TailGuardKV/.worktrees/baseline-smoke-final-aggregation/out/full_25session_baseline_9_14/full/policy_attempts/full40_20260916_h2o_static_safe/seed20260906,True,point_prediction_rejected,hybrid-session-006,chat,99.51068903319538,1,risk_evidence_insufficient
full_gpu,13.0,0.1,False,True,online_qwen,True,1.0,/DATACENTER3/zhenxiang.wang/work/TailGuardKV/.worktrees/baseline-smoke-final-aggregation/out/full_25session_baseline_9_14/full/policy_attempts/full40_20260916_h2o_static_safe/seed20260906/config.yaml,,,,,0.05,True,,0.1,,4.703125,True,full_gpu,True,,balanced_two_gpu,1,persistent,27287.818865152076,12686,31219.17903702706,,exact fallback,30.0,28.2734375,3.1171875,3.1171875,3.1171875,1546.1424810346216,unknown,True,,True,,False,,15127.80712890625,True,uncalibrated_dynamic,True,0.0,0.0,full_gpu,0.0,,risk_evidence_insufficient,0.0,uncalibrated_dynamic,108.28525898978114,,,,hybrid-session-009-turn-1,3.1171875,0.0,3.1171875,0.0,0.0,/DATACENTER3/zhenxiang.wang/work/TailGuardKV/.worktrees/baseline-smoke-final-aggregation/out/full_25session_baseline_9_14/full/policy_attempts/full40_20260916_h2o_static_safe/seed20260906,True,point_prediction_rejected,hybrid-session-009,chat,109.16846990585327,1,risk_evidence_insufficient
full_gpu,13.0,0.1,False,True,online_qwen,True,1.0,/DATACENTER3/zhenxiang.wang/work/TailGuardKV/.worktrees/baseline-smoke-final-aggregation/out/full_25session_baseline_9_14/full/policy_attempts/full40_20260916_h2o_static_safe/seed20260906/config.yaml,,,,,0.05,True,,0.1,,1.96875,True,full_gpu,True,,balanced_two_gpu,1,persistent,27287.818865152076,12686,31219.17903702706,,exact fallback,30.0,29.203125,2.8984375,2.8984375,2.8984375,1559.013949939981,unknown,True,,True,,False,,15121.02783203125,True,uncalibrated_dynamic,True,0.0,0.0,full_gpu,0.0,,risk_evidence_insufficient,0.0,uncalibrated_dynamic,105.76426098123193,,,,hybrid-session-010-turn-1,2.8984375,0.0,2.8984375,0.0,0.0,/DATACENTER3/zhenxiang.wang/work/TailGuardKV/.worktrees/baseline-smoke-final-aggregation/out/full_25session_baseline_9_14/full/policy_attempts/full40_20260916_h2o_static_safe/seed20260906,True,point_prediction_rejected,hybrid-session-010,chat,106.58437386155128,1,risk_evidence_insufficient
full_gpu,13.0,0.1,False,True,online_qwen,True,1.0,/DATACENTER3/zhenxiang.wang/work/TailGuardKV/.worktrees/baseline-smoke-final-aggregation/out/full_25session_baseline_9_14/full/policy_attempts/full40_20260916_h2o_static_safe/seed20260906/config.yaml,,,,,0.05,True,,0.1,,6.0703125,True,full_gpu,True,,balanced_two_gpu,1,persistent,27287.818865152076,12686,31219.17903702706,,exact fallback,30.0,26.25,3.1171875,3.1171875,3.1171875,1508.906666887924,unknown,True,,True,,False,,15127.15087890625,True,uncalibrated_dynamic,True,0.0,0.0,full_gpu,0.0,,risk_evidence_insufficient,0.0,uncalibrated_dynamic,109.04727503657341,,,,hybrid-session-013-turn-1,3.1171875,0.0,3.1171875,0.0,0.0,/DATACENTER3/zhenxiang.wang/work/TailGuardKV/.worktrees/baseline-smoke-final-aggregation/out/full_25session_baseline_9_14/full/policy_attempts/full40_20260916_h2o_static_safe/seed20260906,True,point_prediction_rejected,hybrid-session-013,chat,109.84772397205234,1,risk_evidence_insufficient
full_gpu,13.0,0.1,False,True,online_qwen,True,1.0,/DATACENTER3/zhenxiang.wang/work/TailGuardKV/.worktrees/baseline-smoke-final-aggregation/out/full_25session_baseline_9_14/full/policy_attempts/full40_20260916_h2o_static_safe/seed20260906/config.yaml,,,,,0.05,True,,0.1,,2.8984375,True,full_gpu,True,,balanced_two_gpu,1,persistent,27287.818865152076,12686,31219.17903702706,,exact fallback,30.0,27.453125,4.1015625,4.1015625,4.1015625,1526.6748031135648,unknown,True,,True,,False,,15152.00634765625,True,uncalibrated_dynamic,True,0.0,0.0,full_gpu,0.0,,risk_evidence_insufficient,0.0,uncalibrated_dynamic,109.06814900226891,,,,hybrid-session-016-turn-1,4.1015625,0.0,4.1015625,0.0,0.0,/DATACENTER3/zhenxiang.wang/work/TailGuardKV/.worktrees/baseline-smoke-final-aggregation/out/full_25session_baseline_9_14/full/policy_attempts/full40_20260916_h2o_static_safe/seed20260906,True,point_prediction_rejected,hybrid-session-016,chat,110.00083503313363,1,risk_evidence_insufficient
full_gpu,13.0,0.1,False,True,online_qwen,True,1.0,/DATACENTER3/zhenxiang.wang/work/TailGuardKV/.worktrees/baseline-smoke-final-aggregation/out/full_25session_baseline_9_14/full/policy_attempts/full40_20260916_h2o_static_safe/seed20260906/config.yaml,,,,,0.05,True,,0.1,,4.9765625,True,full_gpu,True,,balanced_two_gpu,1,persistent,27287.818865152076,12686,31219.17903702706,,exact fallback,30.0,26.359375,3.8828125,3.8828125,3.8828125,1551.375448005274,unknown,True,,True,,False,,15146.56494140625,True,uncalibrated_dynamic,True,0.0,0.0,full_gpu,0.0,,risk_evidence_insufficient,0.0,uncalibrated_dynamic,109.19309104792774,,,,hybrid-session-020-turn-1,3.8828125,0.0,3.8828125,0.0,0.0,/DATACENTER3/zhenxiang.wang/work/TailGuardKV/.worktrees/baseline-smoke-final-aggregation/out/full_25session_baseline_9_14/full/policy_attempts/full40_20260916_h2o_static_safe/seed20260906,True,point_prediction_rejected,hybrid-session-020,chat,110.00262503512204,1,risk_evidence_insufficient
full_gpu,13.0,0.1,False,True,online_qwen,True,1.0,/DATACENTER3/zhenxiang.wang/work/TailGuardKV/.worktrees/baseline-smoke-final-aggregation/out/full_25session_baseline_9_14/full/policy_attempts/full40_20260916_h2o_static_safe/seed20260906/config.yaml,,,,,0.05,True,,0.1,,3.9375,True,full_gpu,True,,balanced_two_gpu,1,persistent,27287.818865152076,12686,31219.17903702706,,exact fallback,30.0,27.015625,4.59375,4.59375,4.59375,1342.7626118063927,unknown,True,,True,,False,,15165.12548828125,True,uncalibrated_dynamic,True,0.0,0.0,full_gpu,0.0,,risk_evidence_insufficient,0.0,uncalibrated_dynamic,120.1471108943224,,,,hybrid-session-021-turn-1,4.59375,0.0,4.59375,0.0,0.0,/DATACENTER3/zhenxiang.wang/work/TailGuardKV/.worktrees/baseline-smoke-final-aggregation/out/full_25session_baseline_9_14/full/policy_attempts/full40_20260916_h2o_static_safe/seed20260906,True,point_prediction_rejected,hybrid-session-021,chat,120.97460892982781,1,risk_evidence_insufficient
full_gpu,13.0,0.1,False,True,online_qwen,True,1.0,/DATACENTER3/zhenxiang.wang/work/TailGuardKV/.worktrees/baseline-smoke-final-aggregation/out/full_25session_baseline_9_14/full/policy_attempts/full40_20260916_h2o_static_safe/seed20260906/config.yaml,,,,,0.05,True,,0.1,,5.3046875,True,full_gpu,True,,balanced_two_gpu,1,persistent,27287.818865152076,12686,31219.17903702706,,exact fallback,30.0,25.046875,3.3359375,3.3359375,3.3359375,1510.2652178611606,unknown,True,,True,,False,,15131.66845703125,True,uncalibrated_dynamic,True,0.0,0.0,full_gpu,0.0,,risk_evidence_insufficient,0.0,uncalibrated_dynamic,106.07142909429967,,,,hybrid-session-025-turn-1,3.3359375,0.0,3.3359375,0.0,0.0,/DATACENTER3/zhenxiang.wang/work/TailGuardKV/.worktrees/baseline-smoke-final-aggregation/out/full_25session_baseline_9_14/full/policy_attempts/full40_20260916_h2o_static_safe/seed20260906,True,point_prediction_rejected,hybrid-session-025,chat,106.81563499383628,1,risk_evidence_insufficient
full_gpu,13.0,0.1,False,False,online_qwen,False,1.0,/DATACENTER3/zhenxiang.wang/work/TailGuardKV/.worktrees/baseline-smoke-final-aggregation/out/full_25session_baseline_9_14/full/policy_attempts/full40_20260916_h2o_static_safe/seed20260906/config.yaml,,,,,0.05,True,,0.1,,0,True,full_gpu,True,,balanced_two_gpu,1,persistent,27287.818865152076,12686,31219.17903702706,,exact fallback,30.0,29.75,4.703125,4.703125,4.703125,1195.5999019555748,unknown,True,,True,,False,,15168.46728515625,True,uncalibrated_dynamic,True,0.0,0.0,full_gpu,0.0,,risk_evidence_insufficient,0.0,uncalibrated_dynamic,91.92357189022005,,,,hybrid-session-026-turn-1,4.703125,0.0,4.703125,0.0,0.0,/DATACENTER3/zhenxiang.wang/work/TailGuardKV/.worktrees/baseline-smoke-final-aggregation/out/full_25session_baseline_9_14/full/policy_attempts/full40_20260916_h2o_static_safe/seed20260906,True,point_prediction_rejected,hybrid-session-026,chat,92.6976129412651,1,risk_evidence_insufficient
full_gpu,13.0,0.1,True,True,online_qwen,True,1.0,/DATACENTER3/zhenxiang.wang/work/TailGuardKV/.worktrees/baseline-smoke-final-aggregation/out/full_25session_baseline_9_14/full/policy_attempts/full40_20260916_h2o_static_safe/seed20260906/config.yaml,,,,,0.05,True,,0.1,,13.234375,True,full_gpu,True,,balanced_two_gpu,1,persistent,27287.818865152076,12686,31219.17903702706,,exact fallback,30.0,26.3046875,9.7890625,9.7890625,9.7890625,1563.942002132535,unknown,True,0.0,True,,False,,15316.71484375,True,uncalibrated_dynamic,True,0.0,0.0,full_gpu,0.0,,risk_evidence_insufficient,0.0,uncalibrated_dynamic,121.88709084875882,,,,hybrid-session-002-turn-2,9.7890625,0.0,9.7890625,0.0,0.0,/DATACENTER3/zhenxiang.wang/work/TailGuardKV/.worktrees/baseline-smoke-final-aggregation/out/full_25session_baseline_9_14/full/policy_attempts/full40_20260916_h2o_static_safe/seed20260906,True,point_prediction_rejected,hybrid-session-002,qa,122.86983011290431,2,risk_evidence_insufficient
full_gpu,13.0,0.1,False,True,online_qwen,True,1.0,/DATACENTER3/zhenxiang.wang/work/TailGuardKV/.worktrees/baseline-smoke-final-aggregation/out/full_25session_baseline_9_14/full/policy_attempts/full40_20260916_h2o_static_safe/seed20260906/config.yaml,,,,,0.05,True,,0.1,,8.4765625,True,full_gpu,True,,balanced_two_gpu,1,persistent,27287.818865152076,12686,31219.17903702706,,exact fallback,30.0,26.9609375,9.1328125,9.1328125,9.1328125,1431.5762498881668,unknown,True,,True,,False,,15293.03955078125,True,uncalibrated_dynamic,True,0.0,0.0,full_gpu,0.0,,risk_evidence_insufficient,0.0,uncalibrated_dynamic,120.91035791672766,,,,hybrid-session-003-turn-2,9.1328125,0.0,9.1328125,0.0,0.0,/DATACENTER3/zhenxiang.wang/work/TailGuardKV/.worktrees/baseline-smoke-final-aggregation/out/full_25session_baseline_9_14/full/policy_attempts/full40_20260916_h2o_static_safe/seed20260906,True,point_prediction_rejected,hybrid-session-003,summary,121.73521798104048,2,risk_evidence_insufficient
full_gpu,13.0,0.1,False,True,online_qwen,True,1.0,/DATACENTER3/zhenxiang.wang/work/TailGuardKV/.worktrees/baseline-smoke-final-aggregation/out/full_25session_baseline_9_14/full/policy_attempts/full40_20260916_h2o_static_safe/seed20260906/config.yaml,,,,,0.05,True,,0.1,,8.0390625,True,full_gpu,True,,balanced_two_gpu,1,persistent,27287.818865152076,12686,31219.17903702706,,exact fallback,30.0,29.640625,10.71875,10.71875,10.71875,1522.7304729633033,unknown,True,,True,,False,,15337.34326171875,True,uncalibrated_dynamic,True,0.0,0.0,full_gpu,0.0,,risk_evidence_insufficient,0.0,uncalibrated_dynamic,119.20941388234496,,,,hybrid-session-004-turn-2,10.71875,0.0,10.71875,0.0,0.0,/DATACENTER3/zhenxiang.wang/work/TailGuardKV/.worktrees/baseline-smoke-final-aggregation/out/full_25session_baseline_9_14/full/policy_attempts/full40_20260916_h2o_static_safe/seed20260906,True,point_prediction_rejected,hybrid-session-004,qa,120.07496203295887,2,risk_evidence_insufficient
full_gpu,13.0,0.1,False,True,online_qwen,True,1.0,/DATACENTER3/zhenxiang.wang/work/TailGuardKV/.worktrees/baseline-smoke-final-aggregation/out/full_25session_baseline_9_14/full/policy_attempts/full40_20260916_h2o_static_safe/seed20260906/config.yaml,,,,,0.05,True,,0.1,,9.7890625,True,full_gpu,True,,balanced_two_gpu,1,persistent,27287.818865152076,12686,31219.17903702706,,exact fallback,30.0,29.640625,9.7890625,9.7890625,9.7890625,1568.8050840981305,unknown,True,,True,,False,,15316.60546875,True,uncalibrated_dynamic,True,0.0,0.0,full_gpu,0.0,,risk_evidence_insufficient,0.0,uncalibrated_dynamic,121.14904285408556,,,,hybrid-session-005-turn-2,9.7890625,0.0,9.7890625,0.0,0.0,/DATACENTER3/zhenxiang.wang/work/TailGuardKV/.worktrees/baseline-smoke-final-aggregation/out/full_25session_baseline_9_14/full/policy_attempts/full40_20260916_h2o_static_safe/seed20260906,True,point_prediction_rejected,hybrid-session-005,summary,122.0148610882461,2,risk_evidence_insufficient
full_gpu,13.0,0.1,False,True,online_qwen,True,1.0,/DATACENTER3/zhenxiang.wang/work/TailGuardKV/.worktrees/baseline-smoke-final-aggregation/out/full_25session_baseline_9_14/full/policy_attempts/full40_20260916_h2o_static_safe/seed20260906/config.yaml,,,,,0.05,True,,0.1,,19.8515625,True,full_gpu,True,,balanced_two_gpu,1,persistent,27287.818865152076,12686,31219.17903702706,,exact fallback,30.0,22.5859375,12.796875,12.796875,12.796875,1594.3937569390982,unknown,True,,True,,False,,15401.626953125,True,uncalibrated_dynamic,True,0.0,0.0,full_gpu,0.0,,risk_evidence_insufficient,0.0,uncalibrated_dynamic,147.98149093985558,,,,hybrid-session-006-turn-2,12.796875,0.0,12.796875,0.0,0.0,/DATACENTER3/zhenxiang.wang/work/TailGuardKV/.worktrees/baseline-smoke-final-aggregation/out/full_25session_baseline_9_14/full/policy_attempts/full40_20260916_h2o_static_safe/seed20260906,True,point_prediction_rejected,hybrid-session-006,qa,148.79111293703318,2,risk_evidence_insufficient
full_gpu,13.0,0.1,False,True,online_qwen,True,1.0,/DATACENTER3/zhenxiang.wang/work/TailGuardKV/.worktrees/baseline-smoke-final-aggregation/out/full_25session_baseline_9_14/full/policy_attempts/full40_20260916_h2o_static_safe/seed20260906/config.yaml,,,,,0.05,True,,0.1,,9.7890625,True,full_gpu,True,,balanced_two_gpu,1,persistent,27287.818865152076,12686,31219.17903702706,,exact fallback,30.0,21.7109375,8.9140625,8.9140625,8.9140625,1387.3009700328112,unknown,True,,True,,False,,15283.59765625,True,uncalibrated_dynamic,True,0.0,0.0,full_gpu,0.0,,risk_evidence_insufficient,0.0,uncalibrated_dynamic,121.7454259749502,,,,hybrid-session-009-turn-2,8.9140625,0.0,8.9140625,0.0,0.0,/DATACENTER3/zhenxiang.wang/work/TailGuardKV/.worktrees/baseline-smoke-final-aggregation/out/full_25session_baseline_9_14/full/policy_attempts/full40_20260916_h2o_static_safe/seed20260906,True,point_prediction_rejected,hybrid-session-009,summary,122.5617250893265,2,risk_evidence_insufficient
full_gpu,13.0,0.1,False,True,online_qwen,True,1.0,/DATACENTER3/zhenxiang.wang/work/TailGuardKV/.worktrees/baseline-smoke-final-aggregation/out/full_25session_baseline_9_14/full/policy_attempts/full40_20260916_h2o_static_safe/seed20260906/config.yaml,,,,,0.05,True,,0.1,,12.796875,True,full_gpu,True,,balanced_two_gpu,1,persistent,27287.818865152076,12686,31219.17903702706,,exact fallback,30.0,18.7578125,9.84375,9.84375,9.84375,1555.1649879198521,unknown,True,,True,,False,,15308.73046875,True,uncalibrated_dynamic,True,0.0,0.0,full_gpu,0.0,,risk_evidence_insufficient,0.0,uncalibrated_dynamic,123.3717710711062,,,,hybrid-session-010-turn-2,9.84375,0.0,9.84375,0.0,0.0,/DATACENTER3/zhenxiang.wang/work/TailGuardKV/.worktrees/baseline-smoke-final-aggregation/out/full_25session_baseline_9_14/full/policy_attempts/full40_20260916_h2o_static_safe/seed20260906,True,point_prediction_rejected,hybrid-session-010,qa,124.17987594380975,2,risk_evidence_insufficient
full_gpu,13.0,0.1,True,False,online_qwen,False,1.0,/DATACENTER3/zhenxiang.wang/work/TailGuardKV/.worktrees/baseline-smoke-final-aggregation/out/full_25session_baseline_9_14/full/policy_attempts/full40_20260916_h2o_static_safe/seed20260906/config.yaml,,,,,0.05,True,,0.1,,0,True,full_gpu,True,,balanced_two_gpu,1,persistent,27287.818865152076,12686,31219.17903702706,,exact fallback,30.0,28.0,9.2421875,9.2421875,9.2421875,1570.3413041774184,unknown,True,0.0,True,,False,,15289.83837890625,True,uncalibrated_dynamic,True,0.0,0.0,full_gpu,0.0,,risk_evidence_insufficient,0.0,uncalibrated_dynamic,128.0121160671115,,,,hybrid-session-013-turn-2,9.2421875,0.0,9.2421875,0.0,0.0,/DATACENTER3/zhenxiang.wang/work/TailGuardKV/.worktrees/baseline-smoke-final-aggregation/out/full_25session_baseline_9_14/full/policy_attempts/full40_20260916_h2o_static_safe/seed20260906,True,point_prediction_rejected,hybrid-session-013,summary,128.87125415727496,2,risk_evidence_insufficient
full_gpu,13.0,0.1,False,True,online_qwen,True,1.0,/DATACENTER3/zhenxiang.wang/work/TailGuardKV/.worktrees/baseline-smoke-final-aggregation/out/full_25session_baseline_9_14/full/policy_attempts/full40_20260916_h2o_static_safe/seed20260906/config.yaml,,,,,0.05,True,,0.1,,8.9140625,True,full_gpu,True,,balanced_two_gpu,1,persistent,27287.818865152076,12686,31219.17903702706,,exact fallback,30.0,29.421875,10.3359375,10.3359375,10.3359375,1549.2263329215348,unknown,True,,True,,False,,15327.84765625,True,uncalibrated_dynamic,True,0.0,0.0,full_gpu,0.0,,risk_evidence_insufficient,0.0,uncalibrated_dynamic,121.2092568166554,,,,hybrid-session-016-turn-2,10.3359375,0.0,10.3359375,0.0,0.0,/DATACENTER3/zhenxiang.wang/work/TailGuardKV/.worktrees/baseline-smoke-final-aggregation/out/full_25session_baseline_9_14/full/policy_attempts/full40_20260916_h2o_static_safe/seed20260906,True,point_prediction_rejected,hybrid-session-016,qa,122.11969285272062,2,risk_evidence_insufficient
full_gpu,13.0,0.1,True,True,online_qwen,True,1.0,/DATACENTER3/zhenxiang.wang/work/TailGuardKV/.worktrees/baseline-smoke-final-aggregation/out/full_25session_baseline_9_14/full/policy_attempts/full40_20260916_h2o_static_safe/seed20260906/config.yaml,,,,,0.05,True,,0.1,,9.84375,True,full_gpu,True,,balanced_two_gpu,1,persistent,27287.818865152076,12686,31219.17903702706,,exact fallback,30.0,29.421875,9.84375,9.84375,9.84375,1523.6365469172597,unknown,True,0.0,True,,False,,15316.44140625,True,uncalibrated_dynamic,True,0.0,0.0,full_gpu,0.0,,risk_evidence_insufficient,0.0,uncalibrated_dynamic,118.93709609284997,,,,hybrid-session-020-turn-2,9.84375,0.0,9.84375,0.0,0.0,/DATACENTER3/zhenxiang.wang/work/TailGuardKV/.worktrees/baseline-smoke-final-aggregation/out/full_25session_baseline_9_14/full/policy_attempts/full40_20260916_h2o_static_safe/seed20260906,True,point_prediction_rejected,hybrid-session-020,qa,119.75300498306751,2,risk_evidence_insufficient
full_gpu,13.0,0.1,False,True,online_qwen,True,1.0,/DATACENTER3/zhenxiang.wang/work/TailGuardKV/.worktrees/baseline-smoke-final-aggregation/out/full_25session_baseline_9_14/full/policy_attempts/full40_20260916_h2o_static_safe/seed20260906/config.yaml,,,,,0.05,True,,0.1,,19.578125,True,full_gpu,True,,balanced_two_gpu,1,persistent,27287.818865152076,12686,31219.17903702706,,exact fallback,30.0,20.8359375,10.9921875,10.9921875,10.9921875,1567.7741148974746,unknown,True,,True,,False,,15347.59375,True,uncalibrated_dynamic,True,0.0,0.0,full_gpu,0.0,,risk_evidence_insufficient,0.0,uncalibrated_dynamic,126.28825614228845,,,,hybrid-session-021-turn-2,10.9921875,0.0,10.9921875,0.0,0.0,/DATACENTER3/zhenxiang.wang/work/TailGuardKV/.worktrees/baseline-smoke-final-aggregation/out/full_25session_baseline_9_14/full/policy_attempts/full40_20260916_h2o_static_safe/seed20260906,True,point_prediction_rejected,hybrid-session-021,summary,127.08584289066494,2,risk_evidence_insufficient
full_gpu,13.0,0.1,False,True,online_qwen,True,1.0,/DATACENTER3/zhenxiang.wang/work/TailGuardKV/.worktrees/baseline-smoke-final-aggregation/out/full_25session_baseline_9_14/full/policy_attempts/full40_20260916_h2o_static_safe/seed20260906/config.yaml,,,,,0.05,True,,0.1,,9.84375,True,full_gpu,True,,balanced_two_gpu,1,persistent,27287.818865152076,12686,31219.17903702706,,exact fallback,30.0,21.0,10.0078125,10.0078125,10.0078125,1569.996926933527,unknown,True,,True,,False,,15312.74609375,True,uncalibrated_dynamic,True,0.0,0.0,full_gpu,0.0,,risk_evidence_insufficient,0.0,uncalibrated_dynamic,128.73869691975415,,,,hybrid-session-025-turn-2,10.0078125,0.0,10.0078125,0.0,0.0,/DATACENTER3/zhenxiang.wang/work/TailGuardKV/.worktrees/baseline-smoke-final-aggregation/out/full_25session_baseline_9_14/full/policy_attempts/full40_20260916_h2o_static_safe/seed20260906,True,point_prediction_rejected,hybrid-session-025,summary,129.56872791983187,2,risk_evidence_insufficient
full_gpu,13.0,0.1,False,True,online_qwen,True,1.0,/DATACENTER3/zhenxiang.wang/work/TailGuardKV/.worktrees/baseline-smoke-final-aggregation/out/full_25session_baseline_9_14/full/policy_attempts/full40_20260916_h2o_static_safe/seed20260906/config.yaml,,,,,0.05,True,,0.1,,10.9921875,True,full_gpu,True,,balanced_two_gpu,1,persistent,27287.818865152076,12686,31219.17903702706,,exact fallback,30.0,21.546875,11.5390625,11.5390625,11.5390625,1527.5606559589505,unknown,True,,True,,False,,15354.57080078125,True,uncalibrated_dynamic,True,0.0,0.0,full_gpu,0.0,,risk_evidence_insufficient,0.0,uncalibrated_dynamic,135.56268392130733,,,,hybrid-session-026-turn-2,11.5390625,0.0,11.5390625,0.0,0.0,/DATACENTER3/zhenxiang.wang/work/TailGuardKV/.worktrees/baseline-smoke-final-aggregation/out/full_25session_baseline_9_14/full/policy_attempts/full40_20260916_h2o_static_safe/seed20260906,True,point_prediction_rejected,hybrid-session-026,qa,136.38616097159684,2,risk_evidence_insufficient
full_gpu,13.0,0.1,False,True,online_qwen,True,1.0,/DATACENTER3/zhenxiang.wang/work/TailGuardKV/.worktrees/baseline-smoke-final-aggregation/out/full_25session_baseline_9_14/full/policy_attempts/full40_20260916_h2o_static_safe/seed20260906/config.yaml,,,,,0.05,True,,0.1,,10.0078125,True,full_gpu,True,,balanced_two_gpu,1,persistent,27287.818865152076,12686,31219.17903702706,,exact fallback,30.0,23.4609375,11.921875,11.921875,11.921875,1531.5856621600688,unknown,True,,True,,False,,15365.5322265625,True,uncalibrated_dynamic,True,0.0,0.0,full_gpu,0.0,,risk_evidence_insufficient,0.0,uncalibrated_dynamic,135.16797800548375,,,,hybrid-session-002-turn-3,11.921875,0.0,11.921875,0.0,0.0,/DATACENTER3/zhenxiang.wang/work/TailGuardKV/.worktrees/baseline-smoke-final-aggregation/out/full_25session_baseline_9_14/full/policy_attempts/full40_20260916_h2o_static_safe/seed20260906,True,point_prediction_rejected,hybrid-session-002,qa,135.94955415464938,3,risk_evidence_insufficient
full_gpu,13.0,0.1,False,True,online_qwen,True,1.0,/DATACENTER3/zhenxiang.wang/work/TailGuardKV/.worktrees/baseline-smoke-final-aggregation/out/full_25session_baseline_9_14/full/policy_attempts/full40_20260916_h2o_static_safe/seed20260906/config.yaml,,,,,0.05,True,,0.1,,11.5390625,True,full_gpu,True,,balanced_two_gpu,1,persistent,27287.818865152076,12686,31219.17903702706,,exact fallback,30.0,23.1328125,11.2109375,11.2109375,11.2109375,1570.8260929677635,unknown,True,,True,,False,,15348.28173828125,True,uncalibrated_dynamic,True,0.0,0.0,full_gpu,0.0,,risk_evidence_insufficient,0.0,uncalibrated_dynamic,125.51257200539112,,,,hybrid-session-003-turn-3,11.2109375,0.0,11.2109375,0.0,0.0,/DATACENTER3/zhenxiang.wang/work/TailGuardKV/.worktrees/baseline-smoke-final-aggregation/out/full_25session_baseline_9_14/full/policy_attempts/full40_20260916_h2o_static_safe/seed20260906,True,point_prediction_rejected,hybrid-session-003,summary,126.71220395714045,3,risk_evidence_insufficient
full_gpu,13.0,0.1,False,True,online_qwen,True,1.0,/DATACENTER3/zhenxiang.wang/work/TailGuardKV/.worktrees/baseline-smoke-final-aggregation/out/full_25session_baseline_9_14/full/policy_attempts/full40_20260916_h2o_static_safe/seed20260906/config.yaml,,,,,0.05,True,,0.1,,11.921875,True,full_gpu,True,,balanced_two_gpu,1,persistent,27287.818865152076,12686,31219.17903702706,,exact fallback,30.0,24.0625,12.8515625,12.8515625,12.8515625,1432.585455942899,unknown,True,,True,,False,,15396.173828125,True,uncalibrated_dynamic,True,0.0,0.0,full_gpu,0.0,,risk_evidence_insufficient,0.0,uncalibrated_dynamic,146.31554088555276,,,,hybrid-session-004-turn-3,12.8515625,0.0,12.8515625,0.0,0.0,/DATACENTER3/zhenxiang.wang/work/TailGuardKV/.worktrees/baseline-smoke-final-aggregation/out/full_25session_baseline_9_14/full/policy_attempts/full40_20260916_h2o_static_safe/seed20260906,True,point_prediction_rejected,hybrid-session-004,qa,147.14423706755042,3,risk_evidence_insufficient
full_gpu,13.0,0.1,False,True,online_qwen,True,1.0,/DATACENTER3/zhenxiang.wang/work/TailGuardKV/.worktrees/baseline-smoke-final-aggregation/out/full_25session_baseline_9_14/full/policy_attempts/full40_20260916_h2o_static_safe/seed20260906/config.yaml,,,,,0.05,True,,0.1,,11.2109375,True,full_gpu,True,,balanced_two_gpu,1,persistent,27287.818865152076,12686,31219.17903702706,,exact fallback,30.0,24.5,11.6484375,11.6484375,11.6484375,1555.2211760077626,unknown,True,,True,,False,,15360.60595703125,True,uncalibrated_dynamic,True,0.0,0.0,full_gpu,0.0,,risk_evidence_insufficient,0.0,uncalibrated_dynamic,129.6309179160744,,,,hybrid-session-005-turn-3,11.6484375,0.0,11.6484375,0.0,0.0,/DATACENTER3/zhenxiang.wang/work/TailGuardKV/.worktrees/baseline-smoke-final-aggregation/out/full_25session_baseline_9_14/full/policy_attempts/full40_20260916_h2o_static_safe/seed20260906,True,point_prediction_rejected,hybrid-session-005,summary,130.5584900546819,3,risk_evidence_insufficient
full_gpu,13.0,0.1,False,True,online_qwen,True,1.0,/DATACENTER3/zhenxiang.wang/work/TailGuardKV/.worktrees/baseline-smoke-final-aggregation/out/full_25session_baseline_9_14/full/policy_attempts/full40_20260916_h2o_static_safe/seed20260906/config.yaml,,,,,0.05,True,,0.1,,12.8515625,True,full_gpu,True,,balanced_two_gpu,1,persistent,27287.818865152076,12686,31219.17903702706,,exact fallback,30.0,26.578125,14.9296875,14.9296875,14.9296875,1446.4094310533255,unknown,True,,True,,False,,15454.45947265625,True,uncalibrated_dynamic,True,0.0,0.0,full_gpu,0.0,,risk_evidence_insufficient,0.0,uncalibrated_dynamic,192.09024193696678,,,,hybrid-session-006-turn-3,14.9296875,0.0,14.9296875,0.0,0.0,/DATACENTER3/zhenxiang.wang/work/TailGuardKV/.worktrees/baseline-smoke-final-aggregation/out/full_25session_baseline_9_14/full/policy_attempts/full40_20260916_h2o_static_safe/seed20260906,True,point_prediction_rejected,hybrid-session-006,qa,192.90719903074205,3,risk_evidence_insufficient
full_gpu,13.0,0.1,False,True,online_qwen,True,1.0,/DATACENTER3/zhenxiang.wang/work/TailGuardKV/.worktrees/baseline-smoke-final-aggregation/out/full_25session_baseline_9_14/full/policy_attempts/full40_20260916_h2o_static_safe/seed20260906/config.yaml,,,,,0.05,True,,0.1,,11.6484375,True,full_gpu,True,,balanced_two_gpu,1,persistent,27287.818865152076,12686,31219.17903702706,,exact fallback,30.0,25.8671875,10.9375,10.9375,10.9375,1571.674064034596,unknown,True,,True,,False,,15344.6953125,True,uncalibrated_dynamic,True,0.0,0.0,full_gpu,0.0,,risk_evidence_insufficient,0.0,uncalibrated_dynamic,126.01036578416824,,,,hybrid-session-009-turn-3,10.9375,0.0,10.9375,0.0,0.0,/DATACENTER3/zhenxiang.wang/work/TailGuardKV/.worktrees/baseline-smoke-final-aggregation/out/full_25session_baseline_9_14/full/policy_attempts/full40_20260916_h2o_static_safe/seed20260906,True,point_prediction_rejected,hybrid-session-009,summary,126.81666109710932,3,risk_evidence_insufficient
full_gpu,13.0,0.1,False,True,online_qwen,True,1.0,/DATACENTER3/zhenxiang.wang/work/TailGuardKV/.worktrees/baseline-smoke-final-aggregation/out/full_25session_baseline_9_14/full/policy_attempts/full40_20260916_h2o_static_safe/seed20260906/config.yaml,,,,,0.05,True,,0.1,,14.9296875,True,full_gpu,True,,balanced_two_gpu,1,persistent,27287.818865152076,12686,31219.17903702706,,exact fallback,30.0,22.9140625,11.9765625,11.9765625,11.9765625,1585.841344902292,unknown,True,,True,,False,,15371.701171875,True,uncalibrated_dynamic,True,0.0,0.0,full_gpu,0.0,,risk_evidence_insufficient,0.0,uncalibrated_dynamic,139.34570620767772,,,,hybrid-session-010-turn-3,11.9765625,0.0,11.9765625,0.0,0.0,/DATACENTER3/zhenxiang.wang/work/TailGuardKV/.worktrees/baseline-smoke-final-aggregation/out/full_25session_baseline_9_14/full/policy_attempts/full40_20260916_h2o_static_safe/seed20260906,True,point_prediction_rejected,hybrid-session-010,qa,140.18225693143904,3,risk_evidence_insufficient
full_gpu,13.0,0.1,False,True,online_qwen,True,1.0,/DATACENTER3/zhenxiang.wang/work/TailGuardKV/.worktrees/baseline-smoke-final-aggregation/out/full_25session_baseline_9_14/full/policy_attempts/full40_20260916_h2o_static_safe/seed20260906/config.yaml,,,,,0.05,True,,0.1,,10.9375,True,full_gpu,True,,balanced_two_gpu,1,persistent,27287.818865152076,12686,31219.17903702706,,exact fallback,30.0,23.296875,11.3203125,11.3203125,11.3203125,1559.352895943448,unknown,True,,True,,False,,15351.4169921875,True,uncalibrated_dynamic,True,0.0,0.0,full_gpu,0.0,,risk_evidence_insufficient,0.0,uncalibrated_dynamic,126.69171905145049,,,,hybrid-session-013-turn-3,11.3203125,0.0,11.3203125,0.0,0.0,/DATACENTER3/zhenxiang.wang/work/TailGuardKV/.worktrees/baseline-smoke-final-aggregation/out/full_25session_baseline_9_14/full/policy_attempts/full40_20260916_h2o_static_safe/seed20260906,True,point_prediction_rejected,hybrid-session-013,summary,127.53405096009374,3,risk_evidence_insufficient
full_gpu,13.0,0.1,False,True,online_qwen,True,1.0,/DATACENTER3/zhenxiang.wang/work/TailGuardKV/.worktrees/baseline-smoke-final-aggregation/out/full_25session_baseline_9_14/full/policy_attempts/full40_20260916_h2o_static_safe/seed20260906/config.yaml,,,,,0.05,True,,0.1,,11.9765625,True,full_gpu,True,,balanced_two_gpu,1,persistent,27287.818865152076,12686,31219.17903702706,,exact fallback,30.0,23.84375,12.5234375,12.5234375,12.5234375,1552.1921929903328,unknown,True,,True,,False,,15383.35009765625,True,uncalibrated_dynamic,True,0.0,0.0,full_gpu,0.0,,risk_evidence_insufficient,0.0,uncalibrated_dynamic,146.37083490379155,,,,hybrid-session-016-turn-3,12.5234375,0.0,12.5234375,0.0,0.0,/DATACENTER3/zhenxiang.wang/work/TailGuardKV/.worktrees/baseline-smoke-final-aggregation/out/full_25session_baseline_9_14/full/policy_attempts/full40_20260916_h2o_static_safe/seed20260906,True,point_prediction_rejected,hybrid-session-016,qa,147.15522294864058,3,risk_evidence_insufficient
full_gpu,13.0,0.1,False,True,online_qwen,True,1.0,/DATACENTER3/zhenxiang.wang/work/TailGuardKV/.worktrees/baseline-smoke-final-aggregation/out/full_25session_baseline_9_14/full/policy_attempts/full40_20260916_h2o_static_safe/seed20260906/config.yaml,,,,,0.05,True,,0.1,,11.3203125,True,full_gpu,True,,balanced_two_gpu,1,persistent,27287.818865152076,12686,31219.17903702706,,exact fallback,30.0,24.5546875,12.03125,12.03125,12.03125,1578.1874558888376,unknown,True,,True,,False,,15370.89306640625,True,uncalibrated_dynamic,True,0.0,0.0,full_gpu,0.0,,risk_evidence_insufficient,0.0,uncalibrated_dynamic,135.4277308564633,,,,hybrid-session-020-turn-3,12.03125,0.0,12.03125,0.0,0.0,/DATACENTER3/zhenxiang.wang/work/TailGuardKV/.worktrees/baseline-smoke-final-aggregation/out/full_25session_baseline_9_14/full/policy_attempts/full40_20260916_h2o_static_safe/seed20260906,True,point_prediction_rejected,hybrid-session-020,qa,136.19691389612854,3,risk_evidence_insufficient
full_gpu,13.0,0.1,False,True,online_qwen,True,1.0,/DATACENTER3/zhenxiang.wang/work/TailGuardKV/.worktrees/baseline-smoke-final-aggregation/out/full_25session_baseline_9_14/full/policy_attempts/full40_20260916_h2o_static_safe/seed20260906/config.yaml,,,,,0.05,True,,0.1,,12.5234375,True,full_gpu,True,,balanced_two_gpu,1,persistent,27287.818865152076,12686,31219.17903702706,,exact fallback,30.0,25.2109375,13.1796875,13.1796875,13.1796875,1247.9501978959888,unknown,True,,True,,False,,15407.92431640625,True,uncalibrated_dynamic,True,0.0,0.0,full_gpu,0.0,,risk_evidence_insufficient,0.0,uncalibrated_dynamic,147.78115786612034,,,,hybrid-session-021-turn-3,13.1796875,0.0,13.1796875,0.0,0.0,/DATACENTER3/zhenxiang.wang/work/TailGuardKV/.worktrees/baseline-smoke-final-aggregation/out/full_25session_baseline_9_14/full/policy_attempts/full40_20260916_h2o_static_safe/seed20260906,True,point_prediction_rejected,hybrid-session-021,summary,148.51613994687796,3,risk_evidence_insufficient
full_gpu,13.0,0.1,False,True,online_qwen,True,1.0,/DATACENTER3/zhenxiang.wang/work/TailGuardKV/.worktrees/baseline-smoke-final-aggregation/out/full_25session_baseline_9_14/full/policy_attempts/full40_20260916_h2o_static_safe/seed20260906/config.yaml,,,,,0.05,True,,0.1,,12.03125,True,full_gpu,True,,balanced_two_gpu,1,persistent,27287.818865152076,12686,31219.17903702706,,exact fallback,30.0,25.703125,12.5234375,12.5234375,12.5234375,1573.654558043927,unknown,True,,True,,False,,15385.26416015625,True,uncalibrated_dynamic,True,0.0,0.0,full_gpu,0.0,,risk_evidence_insufficient,0.0,uncalibrated_dynamic,144.75813903845847,,,,hybrid-session-025-turn-3,12.5234375,0.0,12.5234375,0.0,0.0,/DATACENTER3/zhenxiang.wang/work/TailGuardKV/.worktrees/baseline-smoke-final-aggregation/out/full_25session_baseline_9_14/full/policy_attempts/full40_20260916_h2o_static_safe/seed20260906,True,point_prediction_rejected,hybrid-session-025,summary,145.56217310018837,3,risk_evidence_insufficient
full_gpu,13.0,0.1,False,True,online_qwen,True,1.0,/DATACENTER3/zhenxiang.wang/work/TailGuardKV/.worktrees/baseline-smoke-final-aggregation/out/full_25session_baseline_9_14/full/policy_attempts/full40_20260916_h2o_static_safe/seed20260906/config.yaml,,,,,0.05,True,,0.1,,13.1796875,True,full_gpu,True,,balanced_two_gpu,1,persistent,27287.818865152076,12686,31219.17903702706,,exact fallback,30.0,26.6328125,14.109375,14.109375,14.109375,1609.443545807153,unknown,True,,True,,False,,15432.40380859375,True,uncalibrated_dynamic,True,0.0,0.0,full_gpu,0.0,,risk_evidence_insufficient,0.0,uncalibrated_dynamic,149.38926394097507,,,,hybrid-session-026-turn-3,14.109375,0.0,14.109375,0.0,0.0,/DATACENTER3/zhenxiang.wang/work/TailGuardKV/.worktrees/baseline-smoke-final-aggregation/out/full_25session_baseline_9_14/full/policy_attempts/full40_20260916_h2o_static_safe/seed20260906,True,point_prediction_rejected,hybrid-session-026,qa,150.3024969715625,3,risk_evidence_insufficient
full_gpu,13.0,0.1,False,True,online_qwen,True,1.0,/DATACENTER3/zhenxiang.wang/work/TailGuardKV/.worktrees/baseline-smoke-final-aggregation/out/full_25session_baseline_9_14/full/policy_attempts/full40_20260916_h2o_static_safe/seed20260906/config.yaml,,,,,0.05,True,,0.1,,12.5234375,True,full_gpu,True,,balanced_two_gpu,1,persistent,27287.818865152076,12686,31219.17903702706,,exact fallback,30.0,27.890625,13.78125,13.78125,13.78125,1562.8188271075487,unknown,True,,True,,False,,15425.3466796875,True,uncalibrated_dynamic,True,0.0,0.0,full_gpu,0.0,,risk_evidence_insufficient,0.0,uncalibrated_dynamic,151.0259381029755,,,,hybrid-session-002-turn-4,13.78125,0.0,13.78125,0.0,0.0,/DATACENTER3/zhenxiang.wang/work/TailGuardKV/.worktrees/baseline-smoke-final-aggregation/out/full_25session_baseline_9_14/full/policy_attempts/full40_20260916_h2o_static_safe/seed20260906,True,point_prediction_rejected,hybrid-session-002,qa,151.82099398225546,4,risk_evidence_insufficient
full_gpu,13.0,0.1,False,True,online_qwen,True,1.0,/DATACENTER3/zhenxiang.wang/work/TailGuardKV/.worktrees/baseline-smoke-final-aggregation/out/full_25session_baseline_9_14/full/policy_attempts/full40_20260916_h2o_static_safe/seed20260906/config.yaml,,,,,0.05,True,,0.1,,14.109375,True,full_gpu,True,,balanced_two_gpu,1,persistent,27287.818865152076,12686,31219.17903702706,,exact fallback,30.0,26.7421875,12.9609375,12.9609375,12.9609375,1548.463876824826,unknown,True,,True,,False,,15402.984375,True,uncalibrated_dynamic,True,0.0,0.0,full_gpu,0.0,,risk_evidence_insufficient,0.0,uncalibrated_dynamic,146.78265200927854,,,,hybrid-session-003-turn-4,12.9609375,0.0,12.9609375,0.0,0.0,/DATACENTER3/zhenxiang.wang/work/TailGuardKV/.worktrees/baseline-smoke-final-aggregation/out/full_25session_baseline_9_14/full/policy_attempts/full40_20260916_h2o_static_safe/seed20260906,True,point_prediction_rejected,hybrid-session-003,summary,147.5674428511411,4,risk_evidence_insufficient
full_gpu,13.0,0.1,False,True,online_qwen,True,1.0,/DATACENTER3/zhenxiang.wang/work/TailGuardKV/.worktrees/baseline-smoke-final-aggregation/out/full_25session_baseline_9_14/full/policy_attempts/full40_20260916_h2o_static_safe/seed20260906/config.yaml,,,,,0.05,True,,0.1,,13.78125,True,full_gpu,True,,balanced_two_gpu,1,persistent,27287.818865152076,12686,31219.17903702706,,exact fallback,30.0,27.5078125,14.546875,14.546875,14.546875,1612.5735258683562,unknown,True,,True,,False,,15446.28466796875,True,uncalibrated_dynamic,True,0.0,0.0,full_gpu,0.0,,risk_evidence_insufficient,0.0,uncalibrated_dynamic,144.33213789016008,,,,hybrid-session-004-turn-4,14.546875,0.0,14.546875,0.0,0.0,/DATACENTER3/zhenxiang.wang/work/TailGuardKV/.worktrees/baseline-smoke-final-aggregation/out/full_25session_baseline_9_14/full/policy_attempts/full40_20260916_h2o_static_safe/seed20260906,True,point_prediction_rejected,hybrid-session-004,qa,145.28563199564815,4,risk_evidence_insufficient
full_gpu,13.0,0.1,False,True,online_qwen,True,1.0,/DATACENTER3/zhenxiang.wang/work/TailGuardKV/.worktrees/baseline-smoke-final-aggregation/out/full_25session_baseline_9_14/full/policy_attempts/full40_20260916_h2o_static_safe/seed20260906/config.yaml,,,,,0.05,True,,0.1,,12.9609375,True,full_gpu,True,,balanced_two_gpu,1,persistent,27287.818865152076,12686,31219.17903702706,,exact fallback,30.0,27.8359375,13.2890625,13.2890625,13.2890625,1461.447998182848,unknown,True,,True,,False,,15410.875,True,uncalibrated_dynamic,True,0.0,0.0,full_gpu,0.0,,risk_evidence_insufficient,0.0,uncalibrated_dynamic,148.19564204663038,,,,hybrid-session-005-turn-4,13.2890625,0.0,13.2890625,0.0,0.0,/DATACENTER3/zhenxiang.wang/work/TailGuardKV/.worktrees/baseline-smoke-final-aggregation/out/full_25session_baseline_9_14/full/policy_attempts/full40_20260916_h2o_static_safe/seed20260906,True,point_prediction_rejected,hybrid-session-005,summary,149.0355411078781,4,risk_evidence_insufficient
full_gpu,13.0,0.1,False,True,online_qwen,True,1.0,/DATACENTER3/zhenxiang.wang/work/TailGuardKV/.worktrees/baseline-smoke-final-aggregation/out/full_25session_baseline_9_14/full/policy_attempts/full40_20260916_h2o_static_safe/seed20260906/config.yaml,,,,,0.05,True,,0.1,,14.546875,True,full_gpu,True,,balanced_two_gpu,1,persistent,27287.818865152076,12686,31219.17903702706,,exact fallback,30.0,29.9140625,16.625,16.625,16.625,1582.0373620372266,unknown,True,,True,,False,,15504.6669921875,True,uncalibrated_dynamic,True,0.0,0.0,full_gpu,0.0,,risk_evidence_insufficient,0.0,uncalibrated_dynamic,196.65690208785236,,,,hybrid-session-006-turn-4,16.625,0.0,16.625,0.0,0.0,/DATACENTER3/zhenxiang.wang/work/TailGuardKV/.worktrees/baseline-smoke-final-aggregation/out/full_25session_baseline_9_14/full/policy_attempts/full40_20260916_h2o_static_safe/seed20260906,True,point_prediction_rejected,hybrid-session-006,qa,197.50030105933547,4,risk_evidence_insufficient
full_gpu,13.0,0.1,True,True,online_qwen,True,1.0,/DATACENTER3/zhenxiang.wang/work/TailGuardKV/.worktrees/baseline-smoke-final-aggregation/out/full_25session_baseline_9_14/full/policy_attempts/full40_20260916_h2o_static_safe/seed20260906/config.yaml,,,,,0.05,True,,0.1,,13.2890625,True,full_gpu,True,,balanced_two_gpu,1,persistent,27287.818865152076,12686,31219.17903702706,,exact fallback,30.0,29.421875,12.796875,12.796875,12.796875,1548.7700200174004,unknown,True,0.0,True,,False,,15401.900390625,True,uncalibrated_dynamic,True,0.0,0.0,full_gpu,0.0,,risk_evidence_insufficient,0.0,uncalibrated_dynamic,131.44107395783067,,,,hybrid-session-009-turn-4,12.796875,0.0,12.796875,0.0,0.0,/DATACENTER3/zhenxiang.wang/work/TailGuardKV/.worktrees/baseline-smoke-final-aggregation/out/full_25session_baseline_9_14/full/policy_attempts/full40_20260916_h2o_static_safe/seed20260906,True,point_prediction_rejected,hybrid-session-009,summary,132.27564189583063,4,risk_evidence_insufficient
full_gpu,13.0,0.1,False,True,online_qwen,True,1.0,/DATACENTER3/zhenxiang.wang/work/TailGuardKV/.worktrees/baseline-smoke-final-aggregation/out/full_25session_baseline_9_14/full/policy_attempts/full40_20260916_h2o_static_safe/seed20260906/config.yaml,,,,,0.05,True,,0.1,,16.625,True,full_gpu,True,,balanced_two_gpu,1,persistent,27287.818865152076,12686,31219.17903702706,,exact fallback,30.0,26.8515625,14.0546875,14.0546875,14.0546875,1610.1020940113813,unknown,True,,True,,False,,15434.61767578125,True,uncalibrated_dynamic,True,0.0,0.0,full_gpu,0.0,,risk_evidence_insufficient,0.0,uncalibrated_dynamic,151.26051101833582,,,,hybrid-session-010-turn-4,14.0546875,0.0,14.0546875,0.0,0.0,/DATACENTER3/zhenxiang.wang/work/TailGuardKV/.worktrees/baseline-smoke-final-aggregation/out/full_25session_baseline_9_14/full/policy_attempts/full40_20260916_h2o_static_safe/seed20260906,True,point_prediction_rejected,hybrid-session-010,qa,152.10921107791364,4,risk_evidence_insufficient
full_gpu,13.0,0.1,True,True,online_qwen,True,1.0,/DATACENTER3/zhenxiang.wang/work/TailGuardKV/.worktrees/baseline-smoke-final-aggregation/out/full_25session_baseline_9_14/full/policy_attempts/full40_20260916_h2o_static_safe/seed20260906/config.yaml,,,,,0.05,True,,0.1,,12.796875,True,full_gpu,True,,balanced_two_gpu,1,persistent,27287.818865152076,12686,31219.17903702706,,exact fallback,30.0,27.2890625,13.234375,13.234375,13.234375,1585.497554158792,unknown,True,0.0,True,,False,,15410.27587890625,True,uncalibrated_dynamic,True,0.0,0.0,full_gpu,0.0,,risk_evidence_insufficient,0.0,uncalibrated_dynamic,141.67728112079203,,,,hybrid-session-013-turn-4,13.234375,0.0,13.234375,0.0,0.0,/DATACENTER3/zhenxiang.wang/work/TailGuardKV/.worktrees/baseline-smoke-final-aggregation/out/full_25session_baseline_9_14/full/policy_attempts/full40_20260916_h2o_static_safe/seed20260906,True,point_prediction_rejected,hybrid-session-013,summary,142.55699212662876,4,risk_evidence_insufficient
full_gpu,13.0,0.1,False,True,online_qwen,True,1.0,/DATACENTER3/zhenxiang.wang/work/TailGuardKV/.worktrees/baseline-smoke-final-aggregation/out/full_25session_baseline_9_14/full/policy_attempts/full40_20260916_h2o_static_safe/seed20260906/config.yaml,,,,,0.05,True,,0.1,,14.0546875,True,full_gpu,True,,balanced_two_gpu,1,persistent,27287.818865152076,12686,31219.17903702706,,exact fallback,30.0,27.8359375,14.6015625,14.6015625,14.6015625,1561.1589229665697,unknown,True,,True,,False,,15447.76611328125,True,uncalibrated_dynamic,True,0.0,0.0,full_gpu,0.0,,risk_evidence_insufficient,0.0,uncalibrated_dynamic,152.86639891564846,,,,hybrid-session-016-turn-4,14.6015625,0.0,14.6015625,0.0,0.0,/DATACENTER3/zhenxiang.wang/work/TailGuardKV/.worktrees/baseline-smoke-final-aggregation/out/full_25session_baseline_9_14/full/policy_attempts/full40_20260916_h2o_static_safe/seed20260906,True,point_prediction_rejected,hybrid-session-016,qa,153.63776590675116,4,risk_evidence_insufficient
full_gpu,13.0,0.1,False,True,online_qwen,True,1.0,/DATACENTER3/zhenxiang.wang/work/TailGuardKV/.worktrees/baseline-smoke-final-aggregation/out/full_25session_baseline_9_14/full/policy_attempts/full40_20260916_h2o_static_safe/seed20260906/config.yaml,,,,,0.05,True,,0.1,,13.234375,True,full_gpu,True,,balanced_two_gpu,1,persistent,27287.818865152076,12686,31219.17903702706,,exact fallback,30.0,28.546875,13.9453125,13.9453125,13.9453125,1570.7521550357342,unknown,True,,True,,False,,15431.974609375,True,uncalibrated_dynamic,True,0.0,0.0,full_gpu,0.0,,risk_evidence_insufficient,0.0,uncalibrated_dynamic,141.76230505108833,,,,hybrid-session-020-turn-4,13.9453125,0.0,13.9453125,0.0,0.0,/DATACENTER3/zhenxiang.wang/work/TailGuardKV/.worktrees/baseline-smoke-final-aggregation/out/full_25session_baseline_9_14/full/policy_attempts/full40_20260916_h2o_static_safe/seed20260906,True,point_prediction_rejected,hybrid-session-020,qa,142.54052401520312,4,risk_evidence_insufficient
full_gpu,13.0,0.1,False,True,online_qwen,True,1.0,/DATACENTER3/zhenxiang.wang/work/TailGuardKV/.worktrees/baseline-smoke-final-aggregation/out/full_25session_baseline_9_14/full/policy_attempts/full40_20260916_h2o_static_safe/seed20260906/config.yaml,,,,,0.05,True,,0.1,,14.6015625,True,full_gpu,True,,balanced_two_gpu,1,persistent,27287.818865152076,12686,31219.17903702706,,exact fallback,30.0,29.0390625,15.09375,15.09375,15.09375,1645.273915026337,unknown,True,,True,,False,,15463.8408203125,True,uncalibrated_dynamic,True,0.0,0.0,full_gpu,0.0,,risk_evidence_insufficient,0.0,uncalibrated_dynamic,194.73067694343626,,,,hybrid-session-021-turn-4,15.09375,0.0,15.09375,0.0,0.0,/DATACENTER3/zhenxiang.wang/work/TailGuardKV/.worktrees/baseline-smoke-final-aggregation/out/full_25session_baseline_9_14/full/policy_attempts/full40_20260916_h2o_static_safe/seed20260906,True,point_prediction_rejected,hybrid-session-021,summary,195.57738699950278,4,risk_evidence_insufficient
full_gpu,13.0,0.1,False,True,online_qwen,True,1.0,/DATACENTER3/zhenxiang.wang/work/TailGuardKV/.worktrees/baseline-smoke-final-aggregation/out/full_25session_baseline_9_14/full/policy_attempts/full40_20260916_h2o_static_safe/seed20260906/config.yaml,,,,,0.05,True,,0.1,,13.9453125,True,full_gpu,True,,balanced_two_gpu,1,persistent,27287.818865152076,12686,31219.17903702706,,exact fallback,30.0,29.9140625,14.8203125,14.8203125,14.8203125,1596.0177641827613,unknown,True,,True,,False,,15455.30810546875,True,uncalibrated_dynamic,True,0.0,0.0,full_gpu,0.0,,risk_evidence_insufficient,0.0,uncalibrated_dynamic,147.02633791603148,,,,hybrid-session-025-turn-4,14.8203125,0.0,14.8203125,0.0,0.0,/DATACENTER3/zhenxiang.wang/work/TailGuardKV/.worktrees/baseline-smoke-final-aggregation/out/full_25session_baseline_9_14/full/policy_attempts/full40_20260916_h2o_static_safe/seed20260906,True,point_prediction_rejected,hybrid-session-025,summary,147.8706211782992,4,risk_evidence_insufficient
full_gpu,13.0,0.1,False,True,online_qwen,True,1.0,/DATACENTER3/zhenxiang.wang/work/TailGuardKV/.worktrees/baseline-smoke-final-aggregation/out/full_25session_baseline_9_14/full/policy_attempts/full40_20260916_h2o_static_safe/seed20260906/config.yaml,,,,,0.05,True,,0.1,,29.9140625,True,full_gpu,True,,balanced_two_gpu,1,persistent,27287.818865152076,12686,31219.17903702706,,exact fallback,30.0,16.0234375,16.0234375,16.0234375,16.0234375,1636.9440220296383,unknown,True,,True,,False,,15490.7724609375,True,uncalibrated_dynamic,True,0.0,0.0,full_gpu,0.0,,risk_evidence_insufficient,0.0,uncalibrated_dynamic,196.83441915549338,,,,hybrid-session-026-turn-4,16.0234375,0.0,16.0234375,0.0,0.0,/DATACENTER3/zhenxiang.wang/work/TailGuardKV/.worktrees/baseline-smoke-final-aggregation/out/full_25session_baseline_9_14/full/policy_attempts/full40_20260916_h2o_static_safe/seed20260906,True,point_prediction_rejected,hybrid-session-026,qa,197.7072679437697,4,risk_evidence_insufficient
