action_profile,active_session_count,audit_rate,audit_selected,backend_budget_hit,backend_name,budget_hit,candidate_safe_count,config,controller_cg_ms,controller_overhead_ms,controller_qrp_ms,controller_stc_ms,delta,diagnostic_only,drift_state,epsilon,error,evicted_kv_mib,exact,extra_warm_profile,extra_warm_profile_success,extra_worker_cuda_visible_devices,extra_worker_device_strategy,extra_worker_generation,extra_worker_mode,extra_worker_model_load_ms,extra_worker_pid,extra_worker_startup_ms,extra_worker_state_lost,fallback_reason,global_budget_mib,global_resident_kv_mib,kv_cache_memory_mib,kv_cumulative_mib,kv_incremental_mib,latency_ms,length_bucket,measured,observed_quality_loss,ok,optimality_gap,oracle,oracle_cost_ms,peak_memory_mib,placeholder,policy,policy_budget_filtered,pred_loss,predicted_quality_loss,primary_profile,quality_estimate,quality_loss,quality_status,queue_delay_ms,reason,recompute_ms,rejected_pred_loss,rejected_profile,rejected_risk_upper,request_id,resident_kv_mib_after,resident_kv_mib_before,resident_memory_mib,restore_ms,risk_upper,run_dir,safe,safety_reason,session_id,task,ttft_ms,turn_index,violation_status
full_gpu,2.0,0.1,False,False,online_qwen,False,,/DATACENTER3/zhenxiang.wang/work/TailGuardKV/.worktrees/baseline-smoke-final-aggregation/out/full_25session_baseline_9_14/full/policy_attempts/full40_20260916_h2o_static_safe/seed20260906/config.yaml,,,,,,True,,,,0,True,full_gpu,True,,balanced_two_gpu,1,persistent,22369.972321903333,15006,25995.576574932784,,,30.0,3.5546875,1.4765625,1.4765625,1.4765625,1172.7139328140765,unknown,True,,True,,False,,15055.19384765625,False,full_lru,False,,,full_gpu,,,risk_evidence_insufficient,0.0,full precision exact profile,0.0,,,,hybrid-session-003-turn-0,1.4765625,0.0,1.4765625,0.0,,/DATACENTER3/zhenxiang.wang/work/TailGuardKV/.worktrees/baseline-smoke-final-aggregation/out/full_25session_baseline_9_14/full/policy_attempts/full40_20260916_h2o_static_safe/seed20260906,,,hybrid-session-003,chat,79.75778682157397,0,risk_evidence_insufficient
full_gpu,3.0,0.1,False,False,online_qwen,False,,/DATACENTER3/zhenxiang.wang/work/TailGuardKV/.worktrees/baseline-smoke-final-aggregation/out/full_25session_baseline_9_14/full/policy_attempts/full40_20260916_h2o_static_safe/seed20260906/config.yaml,,,,,,True,,,,0,True,full_gpu,True,,balanced_two_gpu,1,persistent,22369.972321903333,15006,25995.576574932784,,,30.0,5.3046875,1.75,1.75,1.75,1134.2599969357252,unknown,True,,True,,False,,15063.70947265625,False,full_lru,False,,,full_gpu,,,risk_evidence_insufficient,0.0,full precision exact profile,0.0,,,,hybrid-session-004-turn-0,1.75,0.0,1.75,0.0,,/DATACENTER3/zhenxiang.wang/work/TailGuardKV/.worktrees/baseline-smoke-final-aggregation/out/full_25session_baseline_9_14/full/policy_attempts/full40_20260916_h2o_static_safe/seed20260906,,,hybrid-session-004,chat,79.28686798550189,0,risk_evidence_insufficient
full_gpu,4.0,0.1,False,False,online_qwen,False,,/DATACENTER3/zhenxiang.wang/work/TailGuardKV/.worktrees/baseline-smoke-final-aggregation/out/full_25session_baseline_9_14/full/policy_attempts/full40_20260916_h2o_static_safe/seed20260906/config.yaml,,,,,,True,,,,0,True,full_gpu,True,,balanced_two_gpu,1,persistent,22369.972321903333,15006,25995.576574932784,,,30.0,7.21875,1.9140625,1.9140625,1.9140625,1138.7245438527316,unknown,True,,True,,False,,15070.26806640625,False,full_lru,False,,,full_gpu,,,risk_evidence_insufficient,0.0,full precision exact profile,0.0,,,,hybrid-session-005-turn-0,1.9140625,0.0,1.9140625,0.0,,/DATACENTER3/zhenxiang.wang/work/TailGuardKV/.worktrees/baseline-smoke-final-aggregation/out/full_25session_baseline_9_14/full/policy_attempts/full40_20260916_h2o_static_safe/seed20260906,,,hybrid-session-005,chat,78.27984006144106,0,risk_evidence_insufficient
full_gpu,5.0,0.1,False,False,online_qwen,False,,/DATACENTER3/zhenxiang.wang/work/TailGuardKV/.worktrees/baseline-smoke-final-aggregation/out/full_25session_baseline_9_14/full/policy_attempts/full40_20260916_h2o_static_safe/seed20260906/config.yaml,,,,,,True,,,,0,True,full_gpu,True,,balanced_two_gpu,1,persistent,22369.972321903333,15006,25995.576574932784,,,30.0,9.84375,2.625,2.625,2.625,1157.1660640183836,unknown,True,,True,,False,,15093.27587890625,False,full_lru,False,,,full_gpu,,,risk_evidence_insufficient,0.0,full precision exact profile,0.0,,,,hybrid-session-006-turn-0,2.625,0.0,2.625,0.0,,/DATACENTER3/zhenxiang.wang/work/TailGuardKV/.worktrees/baseline-smoke-final-aggregation/out/full_25session_baseline_9_14/full/policy_attempts/full40_20260916_h2o_static_safe/seed20260906,,,hybrid-session-006,chat,81.12573088146746,0,risk_evidence_insufficient
full_gpu,6.0,0.1,False,False,online_qwen,False,,/DATACENTER3/zhenxiang.wang/work/TailGuardKV/.worktrees/baseline-smoke-final-aggregation/out/full_25session_baseline_9_14/full/policy_attempts/full40_20260916_h2o_static_safe/seed20260906/config.yaml,,,,,,True,,,,0,True,full_gpu,True,,balanced_two_gpu,1,persistent,22369.972321903333,15006,25995.576574932784,,,30.0,11.5390625,1.6953125,1.6953125,1.6953125,1129.3868329375982,unknown,True,,True,,False,,15068.48681640625,False,full_lru,False,,,full_gpu,,,risk_evidence_insufficient,0.0,full precision exact profile,0.0,,,,hybrid-session-009-turn-0,1.6953125,0.0,1.6953125,0.0,,/DATACENTER3/zhenxiang.wang/work/TailGuardKV/.worktrees/baseline-smoke-final-aggregation/out/full_25session_baseline_9_14/full/policy_attempts/full40_20260916_h2o_static_safe/seed20260906,,,hybrid-session-009,chat,75.98286890424788,0,risk_evidence_insufficient
full_gpu,7.0,0.1,False,False,online_qwen,False,,/DATACENTER3/zhenxiang.wang/work/TailGuardKV/.worktrees/baseline-smoke-final-aggregation/out/full_25session_baseline_9_14/full/policy_attempts/full40_20260916_h2o_static_safe/seed20260906/config.yaml,,,,,,True,,,,0,True,full_gpu,True,,balanced_two_gpu,1,persistent,22369.972321903333,15006,25995.576574932784,,,30.0,13.0703125,1.53125,1.53125,1.53125,1147.587190149352,unknown,True,,True,,False,,15065.87646484375,False,full_lru,False,,,full_gpu,,,risk_evidence_insufficient,0.0,full precision exact profile,0.0,,,,hybrid-session-010-turn-0,1.53125,0.0,1.53125,0.0,,/DATACENTER3/zhenxiang.wang/work/TailGuardKV/.worktrees/baseline-smoke-final-aggregation/out/full_25session_baseline_9_14/full/policy_attempts/full40_20260916_h2o_static_safe/seed20260906,,,hybrid-session-010,chat,78.09574203565717,0,risk_evidence_insufficient
full_gpu,8.0,0.1,False,False,online_qwen,False,,/DATACENTER3/zhenxiang.wang/work/TailGuardKV/.worktrees/baseline-smoke-final-aggregation/out/full_25session_baseline_9_14/full/policy_attempts/full40_20260916_h2o_static_safe/seed20260906/config.yaml,,,,,,True,,,,0,True,full_gpu,True,,balanced_two_gpu,1,persistent,22369.972321903333,15006,25995.576574932784,,,30.0,14.875,1.8046875,1.8046875,1.8046875,1128.4425349440426,unknown,True,,True,,False,,15074.73681640625,False,full_lru,False,,,full_gpu,,,risk_evidence_insufficient,0.0,full precision exact profile,0.0,,,,hybrid-session-013-turn-0,1.8046875,0.0,1.8046875,0.0,,/DATACENTER3/zhenxiang.wang/work/TailGuardKV/.worktrees/baseline-smoke-final-aggregation/out/full_25session_baseline_9_14/full/policy_attempts/full40_20260916_h2o_static_safe/seed20260906,,,hybrid-session-013,chat,80.61043499037623,0,risk_evidence_insufficient
full_gpu,9.0,0.1,False,False,online_qwen,False,,/DATACENTER3/zhenxiang.wang/work/TailGuardKV/.worktrees/baseline-smoke-final-aggregation/out/full_25session_baseline_9_14/full/policy_attempts/full40_20260916_h2o_static_safe/seed20260906/config.yaml,,,,,,True,,,,0,True,full_gpu,True,,balanced_two_gpu,1,persistent,22369.972321903333,15006,25995.576574932784,,,30.0,17.5,2.625,2.625,2.625,1146.207139128819,unknown,True,,True,,False,,15100.93212890625,False,full_lru,False,,,full_gpu,,,risk_evidence_insufficient,0.0,full precision exact profile,0.0,,,,hybrid-session-016-turn-0,2.625,0.0,2.625,0.0,,/DATACENTER3/zhenxiang.wang/work/TailGuardKV/.worktrees/baseline-smoke-final-aggregation/out/full_25session_baseline_9_14/full/policy_attempts/full40_20260916_h2o_static_safe/seed20260906,,,hybrid-session-016,chat,81.60894713364542,0,risk_evidence_insufficient
full_gpu,10.0,0.1,False,False,online_qwen,False,,/DATACENTER3/zhenxiang.wang/work/TailGuardKV/.worktrees/baseline-smoke-final-aggregation/out/full_25session_baseline_9_14/full/policy_attempts/full40_20260916_h2o_static_safe/seed20260906/config.yaml,,,,,,True,,,,0,True,full_gpu,True,,balanced_two_gpu,1,persistent,22369.972321903333,15006,25995.576574932784,,,30.0,19.90625,2.40625,2.40625,2.40625,1131.1348709277809,unknown,True,,True,,False,,15095.79541015625,False,full_lru,False,,,full_gpu,,,risk_evidence_insufficient,0.0,full precision exact profile,0.0,,,,hybrid-session-020-turn-0,2.40625,0.0,2.40625,0.0,,/DATACENTER3/zhenxiang.wang/work/TailGuardKV/.worktrees/baseline-smoke-final-aggregation/out/full_25session_baseline_9_14/full/policy_attempts/full40_20260916_h2o_static_safe/seed20260906,,,hybrid-session-020,chat,80.71669889613986,0,risk_evidence_insufficient
full_gpu,11.0,0.1,False,False,online_qwen,False,,/DATACENTER3/zhenxiang.wang/work/TailGuardKV/.worktrees/baseline-smoke-final-aggregation/out/full_25session_baseline_9_14/full/policy_attempts/full40_20260916_h2o_static_safe/seed20260906/config.yaml,,,,,,True,,,,0,True,full_gpu,True,,balanced_two_gpu,1,persistent,22369.972321903333,15006,25995.576574932784,,,30.0,22.203125,2.296875,2.296875,2.296875,1141.8349219020456,unknown,True,,True,,False,,15095.17822265625,False,full_lru,False,,,full_gpu,,,risk_evidence_insufficient,0.0,full precision exact profile,0.0,,,,hybrid-session-021-turn-0,2.296875,0.0,2.296875,0.0,,/DATACENTER3/zhenxiang.wang/work/TailGuardKV/.worktrees/baseline-smoke-final-aggregation/out/full_25session_baseline_9_14/full/policy_attempts/full40_20260916_h2o_static_safe/seed20260906,,,hybrid-session-021,chat,83.63170106895268,0,risk_evidence_insufficient
full_gpu,12.0,0.1,False,False,online_qwen,False,,/DATACENTER3/zhenxiang.wang/work/TailGuardKV/.worktrees/baseline-smoke-final-aggregation/out/full_25session_baseline_9_14/full/policy_attempts/full40_20260916_h2o_static_safe/seed20260906/config.yaml,,,,,,True,,,,0,True,full_gpu,True,,balanced_two_gpu,1,persistent,22369.972321903333,15006,25995.576574932784,,,30.0,24.171875,1.96875,1.96875,1.96875,1157.9996559303254,unknown,True,,True,,False,,15088.40478515625,False,full_lru,False,,,full_gpu,,,risk_evidence_insufficient,0.0,full precision exact profile,0.0,,,,hybrid-session-025-turn-0,1.96875,0.0,1.96875,0.0,,/DATACENTER3/zhenxiang.wang/work/TailGuardKV/.worktrees/baseline-smoke-final-aggregation/out/full_25session_baseline_9_14/full/policy_attempts/full40_20260916_h2o_static_safe/seed20260906,,,hybrid-session-025,chat,98.35996595211327,0,risk_evidence_insufficient
full_gpu,13.0,0.1,False,False,online_qwen,False,,/DATACENTER3/zhenxiang.wang/work/TailGuardKV/.worktrees/baseline-smoke-final-aggregation/out/full_25session_baseline_9_14/full/policy_attempts/full40_20260916_h2o_static_safe/seed20260906/config.yaml,,,,,,True,,,,0,True,full_gpu,True,,balanced_two_gpu,1,persistent,22369.972321903333,15006,25995.576574932784,,,30.0,26.359375,2.1875,2.1875,2.1875,1140.1422580238432,unknown,True,,True,,False,,15096.42041015625,False,full_lru,False,,,full_gpu,,,risk_evidence_insufficient,0.0,full precision exact profile,0.0,,,,hybrid-session-026-turn-0,2.1875,0.0,2.1875,0.0,,/DATACENTER3/zhenxiang.wang/work/TailGuardKV/.worktrees/baseline-smoke-final-aggregation/out/full_25session_baseline_9_14/full/policy_attempts/full40_20260916_h2o_static_safe/seed20260906,,,hybrid-session-026,chat,82.51085504889488,0,risk_evidence_insufficient
full_gpu,13.0,0.1,False,False,online_qwen,False,,/DATACENTER3/zhenxiang.wang/work/TailGuardKV/.worktrees/baseline-smoke-final-aggregation/out/full_25session_baseline_9_14/full/policy_attempts/full40_20260916_h2o_static_safe/seed20260906/config.yaml,,,,,,True,,,,0,True,full_gpu,True,,balanced_two_gpu,1,persistent,22369.972321903333,15006,25995.576574932784,,,30.0,28.1640625,3.8828125,3.8828125,1.8046875,1147.6061169523746,unknown,True,,True,,False,,15088.02685546875,False,full_lru,False,,,full_gpu,,,risk_evidence_insufficient,0.0,full precision exact profile,0.0,,,,hybrid-session-002-turn-1,3.8828125,2.078125,3.8828125,0.0,,/DATACENTER3/zhenxiang.wang/work/TailGuardKV/.worktrees/baseline-smoke-final-aggregation/out/full_25session_baseline_9_14/full/policy_attempts/full40_20260916_h2o_static_safe/seed20260906,,,hybrid-session-002,chat,79.70545697025955,1,risk_evidence_insufficient
full_gpu,13.0,0.1,True,False,online_qwen,False,,/DATACENTER3/zhenxiang.wang/work/TailGuardKV/.worktrees/baseline-smoke-final-aggregation/out/full_25session_baseline_9_14/full/policy_attempts/full40_20260916_h2o_static_safe/seed20260906/config.yaml,,,,,,True,,,,0,True,full_gpu,True,,balanced_two_gpu,1,persistent,22369.972321903333,15006,25995.576574932784,,,30.0,29.5859375,2.8984375,2.8984375,1.421875,1145.1457960065454,unknown,True,0.0,True,,False,,15080.05908203125,False,full_lru,False,,,full_gpu,,,risk_evidence_insufficient,0.0,full precision exact profile,0.0,,,,hybrid-session-003-turn-1,2.8984375,1.4765625,2.8984375,0.0,,/DATACENTER3/zhenxiang.wang/work/TailGuardKV/.worktrees/baseline-smoke-final-aggregation/out/full_25session_baseline_9_14/full/policy_attempts/full40_20260916_h2o_static_safe/seed20260906,,,hybrid-session-003,chat,79.68271500431001,1,risk_evidence_insufficient
full_gpu,13.0,0.1,False,True,online_qwen,True,,/DATACENTER3/zhenxiang.wang/work/TailGuardKV/.worktrees/baseline-smoke-final-aggregation/out/full_25session_baseline_9_14/full/policy_attempts/full40_20260916_h2o_static_safe/seed20260906/config.yaml,,,,,,True,,,,4.5390625,True,full_gpu,True,,balanced_two_gpu,1,persistent,22369.972321903333,15006,25995.576574932784,,,30.0,28.2734375,4.9765625,4.9765625,3.2265625,1150.2884179353714,unknown,True,,True,,False,,15131.58349609375,False,full_lru,False,,,full_gpu,,,risk_evidence_insufficient,0.0,full precision exact profile,0.0,,,,hybrid-session-004-turn-1,4.9765625,1.75,4.9765625,0.0,,/DATACENTER3/zhenxiang.wang/work/TailGuardKV/.worktrees/baseline-smoke-final-aggregation/out/full_25session_baseline_9_14/full/policy_attempts/full40_20260916_h2o_static_safe/seed20260906,,,hybrid-session-004,chat,87.38680183887482,1,risk_evidence_insufficient
full_gpu,13.0,0.1,False,True,online_qwen,True,,/DATACENTER3/zhenxiang.wang/work/TailGuardKV/.worktrees/baseline-smoke-final-aggregation/out/full_25session_baseline_9_14/full/policy_attempts/full40_20260916_h2o_static_safe/seed20260906/config.yaml,,,,,,True,,,,3.2265625,True,full_gpu,True,,balanced_two_gpu,1,persistent,22369.972321903333,15006,25995.576574932784,,,30.0,28.984375,3.9375,3.9375,3.9375,1161.6002048831433,unknown,True,,True,,False,,15150.76806640625,False,full_lru,False,,,full_gpu,,,risk_evidence_insufficient,0.0,full precision exact profile,84.91636696271598,,,,hybrid-session-005-turn-1,3.9375,0.0,3.9375,0.0,,/DATACENTER3/zhenxiang.wang/work/TailGuardKV/.worktrees/baseline-smoke-final-aggregation/out/full_25session_baseline_9_14/full/policy_attempts/full40_20260916_h2o_static_safe/seed20260906,,,hybrid-session-005,chat,85.61055804602802,1,risk_evidence_insufficient
full_gpu,13.0,0.1,False,True,online_qwen,True,,/DATACENTER3/zhenxiang.wang/work/TailGuardKV/.worktrees/baseline-smoke-final-aggregation/out/full_25session_baseline_9_14/full/policy_attempts/full40_20260916_h2o_static_safe/seed20260906/config.yaml,,,,,,True,,,,4.4296875,True,full_gpu,True,,balanced_two_gpu,1,persistent,22369.972321903333,15006,25995.576574932784,,,30.0,29.859375,5.3046875,5.3046875,5.3046875,1157.93052688241,unknown,True,,True,,False,,15188.640625,False,full_lru,False,,,full_gpu,,,risk_evidence_insufficient,0.0,full precision exact profile,87.81640301458538,,,,hybrid-session-006-turn-1,5.3046875,0.0,5.3046875,0.0,,/DATACENTER3/zhenxiang.wang/work/TailGuardKV/.worktrees/baseline-smoke-final-aggregation/out/full_25session_baseline_9_14/full/policy_attempts/full40_20260916_h2o_static_safe/seed20260906,,,hybrid-session-006,chat,88.55312783271074,1,risk_evidence_insufficient
full_gpu,13.0,0.1,False,True,online_qwen,True,,/DATACENTER3/zhenxiang.wang/work/TailGuardKV/.worktrees/baseline-smoke-final-aggregation/out/full_25session_baseline_9_14/full/policy_attempts/full40_20260916_h2o_static_safe/seed20260906/config.yaml,,,,,,True,,,,4.703125,True,full_gpu,True,,balanced_two_gpu,1,persistent,22369.972321903333,15006,25995.576574932784,,,30.0,28.2734375,3.1171875,3.1171875,3.1171875,1153.0748999211937,unknown,True,,True,,False,,15127.80712890625,False,full_lru,False,,,full_gpu,,,risk_evidence_insufficient,0.0,full precision exact profile,82.70766190253198,,,,hybrid-session-009-turn-1,3.1171875,0.0,3.1171875,0.0,,/DATACENTER3/zhenxiang.wang/work/TailGuardKV/.worktrees/baseline-smoke-final-aggregation/out/full_25session_baseline_9_14/full/policy_attempts/full40_20260916_h2o_static_safe/seed20260906,,,hybrid-session-009,chat,83.39378982782364,1,risk_evidence_insufficient
full_gpu,13.0,0.1,False,True,online_qwen,True,,/DATACENTER3/zhenxiang.wang/work/TailGuardKV/.worktrees/baseline-smoke-final-aggregation/out/full_25session_baseline_9_14/full/policy_attempts/full40_20260916_h2o_static_safe/seed20260906/config.yaml,,,,,,True,,,,1.96875,True,full_gpu,True,,balanced_two_gpu,1,persistent,22369.972321903333,15006,25995.576574932784,,,30.0,29.203125,2.8984375,2.8984375,2.8984375,1140.7968860585243,unknown,True,,True,,False,,15121.02783203125,False,full_lru,False,,,full_gpu,,,risk_evidence_insufficient,0.0,full precision exact profile,81.34399587288499,,,,hybrid-session-010-turn-1,2.8984375,0.0,2.8984375,0.0,,/DATACENTER3/zhenxiang.wang/work/TailGuardKV/.worktrees/baseline-smoke-final-aggregation/out/full_25session_baseline_9_14/full/policy_attempts/full40_20260916_h2o_static_safe/seed20260906,,,hybrid-session-010,chat,82.0325140375644,1,risk_evidence_insufficient
full_gpu,13.0,0.1,False,True,online_qwen,True,,/DATACENTER3/zhenxiang.wang/work/TailGuardKV/.worktrees/baseline-smoke-final-aggregation/out/full_25session_baseline_9_14/full/policy_attempts/full40_20260916_h2o_static_safe/seed20260906/config.yaml,,,,,,True,,,,6.0703125,True,full_gpu,True,,balanced_two_gpu,1,persistent,22369.972321903333,15006,25995.576574932784,,,30.0,26.25,3.1171875,3.1171875,3.1171875,1149.8794450890273,unknown,True,,True,,False,,15127.15087890625,False,full_lru,False,,,full_gpu,,,risk_evidence_insufficient,0.0,full precision exact profile,80.46419406309724,,,,hybrid-session-013-turn-1,3.1171875,0.0,3.1171875,0.0,,/DATACENTER3/zhenxiang.wang/work/TailGuardKV/.worktrees/baseline-smoke-final-aggregation/out/full_25session_baseline_9_14/full/policy_attempts/full40_20260916_h2o_static_safe/seed20260906,,,hybrid-session-013,chat,81.12761611118913,1,risk_evidence_insufficient
full_gpu,13.0,0.1,False,True,online_qwen,True,,/DATACENTER3/zhenxiang.wang/work/TailGuardKV/.worktrees/baseline-smoke-final-aggregation/out/full_25session_baseline_9_14/full/policy_attempts/full40_20260916_h2o_static_safe/seed20260906/config.yaml,,,,,,True,,,,2.8984375,True,full_gpu,True,,balanced_two_gpu,1,persistent,22369.972321903333,15006,25995.576574932784,,,30.0,27.453125,4.1015625,4.1015625,4.1015625,1159.1357861179858,unknown,True,,True,,False,,15152.00634765625,False,full_lru,False,,,full_gpu,,,risk_evidence_insufficient,0.0,full precision exact profile,83.93665589392185,,,,hybrid-session-016-turn-1,4.1015625,0.0,4.1015625,0.0,,/DATACENTER3/zhenxiang.wang/work/TailGuardKV/.worktrees/baseline-smoke-final-aggregation/out/full_25session_baseline_9_14/full/policy_attempts/full40_20260916_h2o_static_safe/seed20260906,,,hybrid-session-016,chat,84.61941895075142,1,risk_evidence_insufficient
full_gpu,13.0,0.1,False,True,online_qwen,True,,/DATACENTER3/zhenxiang.wang/work/TailGuardKV/.worktrees/baseline-smoke-final-aggregation/out/full_25session_baseline_9_14/full/policy_attempts/full40_20260916_h2o_static_safe/seed20260906/config.yaml,,,,,,True,,,,4.9765625,True,full_gpu,True,,balanced_two_gpu,1,persistent,22369.972321903333,15006,25995.576574932784,,,30.0,26.359375,3.8828125,3.8828125,3.8828125,1149.271909845993,unknown,True,,True,,False,,15146.56494140625,False,full_lru,False,,,full_gpu,,,risk_evidence_insufficient,0.0,full precision exact profile,79.71926988102496,,,,hybrid-session-020-turn-1,3.8828125,0.0,3.8828125,0.0,,/DATACENTER3/zhenxiang.wang/work/TailGuardKV/.worktrees/baseline-smoke-final-aggregation/out/full_25session_baseline_9_14/full/policy_attempts/full40_20260916_h2o_static_safe/seed20260906,,,hybrid-session-020,chat,80.39727085269988,1,risk_evidence_insufficient
full_gpu,13.0,0.1,False,True,online_qwen,True,,/DATACENTER3/zhenxiang.wang/work/TailGuardKV/.worktrees/baseline-smoke-final-aggregation/out/full_25session_baseline_9_14/full/policy_attempts/full40_20260916_h2o_static_safe/seed20260906/config.yaml,,,,,,True,,,,3.9375,True,full_gpu,True,,balanced_two_gpu,1,persistent,22369.972321903333,15006,25995.576574932784,,,30.0,27.015625,4.59375,4.59375,4.59375,1158.1494598649442,unknown,True,,True,,False,,15165.12548828125,False,full_lru,False,,,full_gpu,,,risk_evidence_insufficient,0.0,full precision exact profile,87.17196807265282,,,,hybrid-session-021-turn-1,4.59375,0.0,4.59375,0.0,,/DATACENTER3/zhenxiang.wang/work/TailGuardKV/.worktrees/baseline-smoke-final-aggregation/out/full_25session_baseline_9_14/full/policy_attempts/full40_20260916_h2o_static_safe/seed20260906,,,hybrid-session-021,chat,87.85416488535702,1,risk_evidence_insufficient
full_gpu,13.0,0.1,False,True,online_qwen,True,,/DATACENTER3/zhenxiang.wang/work/TailGuardKV/.worktrees/baseline-smoke-final-aggregation/out/full_25session_baseline_9_14/full/policy_attempts/full40_20260916_h2o_static_safe/seed20260906/config.yaml,,,,,,True,,,,5.3046875,True,full_gpu,True,,balanced_two_gpu,1,persistent,22369.972321903333,15006,25995.576574932784,,,30.0,25.046875,3.3359375,3.3359375,3.3359375,1162.4655351042747,unknown,True,,True,,False,,15131.66845703125,False,full_lru,False,,,full_gpu,,,risk_evidence_insufficient,0.0,full precision exact profile,82.03987800516188,,,,hybrid-session-025-turn-1,3.3359375,0.0,3.3359375,0.0,,/DATACENTER3/zhenxiang.wang/work/TailGuardKV/.worktrees/baseline-smoke-final-aggregation/out/full_25session_baseline_9_14/full/policy_attempts/full40_20260916_h2o_static_safe/seed20260906,,,hybrid-session-025,chat,82.66084012575448,1,risk_evidence_insufficient
full_gpu,13.0,0.1,False,False,online_qwen,False,,/DATACENTER3/zhenxiang.wang/work/TailGuardKV/.worktrees/baseline-smoke-final-aggregation/out/full_25session_baseline_9_14/full/policy_attempts/full40_20260916_h2o_static_safe/seed20260906/config.yaml,,,,,,True,,,,0,True,full_gpu,True,,balanced_two_gpu,1,persistent,22369.972321903333,15006,25995.576574932784,,,30.0,29.75,4.703125,4.703125,4.703125,1157.5660749804229,unknown,True,,True,,False,,15168.46728515625,False,full_lru,False,,,full_gpu,,,risk_evidence_insufficient,0.0,full precision exact profile,87.95689884573221,,,,hybrid-session-026-turn-1,4.703125,0.0,4.703125,0.0,,/DATACENTER3/zhenxiang.wang/work/TailGuardKV/.worktrees/baseline-smoke-final-aggregation/out/full_25session_baseline_9_14/full/policy_attempts/full40_20260916_h2o_static_safe/seed20260906,,,hybrid-session-026,chat,88.6104058008641,1,risk_evidence_insufficient
full_gpu,13.0,0.1,True,True,online_qwen,True,,/DATACENTER3/zhenxiang.wang/work/TailGuardKV/.worktrees/baseline-smoke-final-aggregation/out/full_25session_baseline_9_14/full/policy_attempts/full40_20260916_h2o_static_safe/seed20260906/config.yaml,,,,,,True,,,,13.234375,True,full_gpu,True,,balanced_two_gpu,1,persistent,22369.972321903333,15006,25995.576574932784,,,30.0,26.3046875,9.7890625,9.7890625,9.7890625,1188.7121049221605,unknown,True,0.0,True,,False,,15316.71484375,False,full_lru,False,,,full_gpu,,,risk_evidence_insufficient,0.0,full precision exact profile,114.95949001982808,,,,hybrid-session-002-turn-2,9.7890625,0.0,9.7890625,0.0,,/DATACENTER3/zhenxiang.wang/work/TailGuardKV/.worktrees/baseline-smoke-final-aggregation/out/full_25session_baseline_9_14/full/policy_attempts/full40_20260916_h2o_static_safe/seed20260906,,,hybrid-session-002,qa,115.64756906591356,2,risk_evidence_insufficient
full_gpu,13.0,0.1,False,True,online_qwen,True,,/DATACENTER3/zhenxiang.wang/work/TailGuardKV/.worktrees/baseline-smoke-final-aggregation/out/full_25session_baseline_9_14/full/policy_attempts/full40_20260916_h2o_static_safe/seed20260906/config.yaml,,,,,,True,,,,8.4765625,True,full_gpu,True,,balanced_two_gpu,1,persistent,22369.972321903333,15006,25995.576574932784,,,30.0,26.9609375,9.1328125,9.1328125,9.1328125,1188.3236879948527,unknown,True,,True,,False,,15293.03955078125,False,full_lru,False,,,full_gpu,,,risk_evidence_insufficient,0.0,full precision exact profile,112.97809216193855,,,,hybrid-session-003-turn-2,9.1328125,0.0,9.1328125,0.0,,/DATACENTER3/zhenxiang.wang/work/TailGuardKV/.worktrees/baseline-smoke-final-aggregation/out/full_25session_baseline_9_14/full/policy_attempts/full40_20260916_h2o_static_safe/seed20260906,,,hybrid-session-003,summary,113.69408597238362,2,risk_evidence_insufficient
full_gpu,13.0,0.1,False,True,online_qwen,True,,/DATACENTER3/zhenxiang.wang/work/TailGuardKV/.worktrees/baseline-smoke-final-aggregation/out/full_25session_baseline_9_14/full/policy_attempts/full40_20260916_h2o_static_safe/seed20260906/config.yaml,,,,,,True,,,,8.0390625,True,full_gpu,True,,balanced_two_gpu,1,persistent,22369.972321903333,15006,25995.576574932784,,,30.0,29.640625,10.71875,10.71875,10.71875,1197.65764195472,unknown,True,,True,,False,,15337.34326171875,False,full_lru,False,,,full_gpu,,,risk_evidence_insufficient,0.0,full precision exact profile,118.58118115924299,,,,hybrid-session-004-turn-2,10.71875,0.0,10.71875,0.0,,/DATACENTER3/zhenxiang.wang/work/TailGuardKV/.worktrees/baseline-smoke-final-aggregation/out/full_25session_baseline_9_14/full/policy_attempts/full40_20260916_h2o_static_safe/seed20260906,,,hybrid-session-004,qa,119.30531403049827,2,risk_evidence_insufficient
full_gpu,13.0,0.1,False,True,online_qwen,True,,/DATACENTER3/zhenxiang.wang/work/TailGuardKV/.worktrees/baseline-smoke-final-aggregation/out/full_25session_baseline_9_14/full/policy_attempts/full40_20260916_h2o_static_safe/seed20260906/config.yaml,,,,,,True,,,,9.7890625,True,full_gpu,True,,balanced_two_gpu,1,persistent,22369.972321903333,15006,25995.576574932784,,,30.0,29.640625,9.7890625,9.7890625,9.7890625,1172.3999120295048,unknown,True,,True,,False,,15316.60546875,False,full_lru,False,,,full_gpu,,,risk_evidence_insufficient,0.0,full precision exact profile,114.48669200763106,,,,hybrid-session-005-turn-2,9.7890625,0.0,9.7890625,0.0,,/DATACENTER3/zhenxiang.wang/work/TailGuardKV/.worktrees/baseline-smoke-final-aggregation/out/full_25session_baseline_9_14/full/policy_attempts/full40_20260916_h2o_static_safe/seed20260906,,,hybrid-session-005,summary,115.11313798837364,2,risk_evidence_insufficient
full_gpu,13.0,0.1,False,True,online_qwen,True,,/DATACENTER3/zhenxiang.wang/work/TailGuardKV/.worktrees/baseline-smoke-final-aggregation/out/full_25session_baseline_9_14/full/policy_attempts/full40_20260916_h2o_static_safe/seed20260906/config.yaml,,,,,,True,,,,19.8515625,True,full_gpu,True,,balanced_two_gpu,1,persistent,22369.972321903333,15006,25995.576574932784,,,30.0,22.5859375,12.796875,12.796875,12.796875,1220.7769299857318,unknown,True,,True,,False,,15401.626953125,False,full_lru,False,,,full_gpu,,,risk_evidence_insufficient,0.0,full precision exact profile,144.8626760393381,,,,hybrid-session-006-turn-2,12.796875,0.0,12.796875,0.0,,/DATACENTER3/zhenxiang.wang/work/TailGuardKV/.worktrees/baseline-smoke-final-aggregation/out/full_25session_baseline_9_14/full/policy_attempts/full40_20260916_h2o_static_safe/seed20260906,,,hybrid-session-006,qa,145.55927505716681,2,risk_evidence_insufficient
full_gpu,13.0,0.1,False,True,online_qwen,True,,/DATACENTER3/zhenxiang.wang/work/TailGuardKV/.worktrees/baseline-smoke-final-aggregation/out/full_25session_baseline_9_14/full/policy_attempts/full40_20260916_h2o_static_safe/seed20260906/config.yaml,,,,,,True,,,,9.7890625,True,full_gpu,True,,balanced_two_gpu,1,persistent,22369.972321903333,15006,25995.576574932784,,,30.0,21.7109375,8.9140625,8.9140625,8.9140625,1167.9607508704066,unknown,True,,True,,False,,15283.59765625,False,full_lru,False,,,full_gpu,,,risk_evidence_insufficient,0.0,full precision exact profile,103.81748806685209,,,,hybrid-session-009-turn-2,8.9140625,0.0,8.9140625,0.0,,/DATACENTER3/zhenxiang.wang/work/TailGuardKV/.worktrees/baseline-smoke-final-aggregation/out/full_25session_baseline_9_14/full/policy_attempts/full40_20260916_h2o_static_safe/seed20260906,,,hybrid-session-009,summary,104.51240697875619,2,risk_evidence_insufficient
full_gpu,13.0,0.1,False,True,online_qwen,True,,/DATACENTER3/zhenxiang.wang/work/TailGuardKV/.worktrees/baseline-smoke-final-aggregation/out/full_25session_baseline_9_14/full/policy_attempts/full40_20260916_h2o_static_safe/seed20260906/config.yaml,,,,,,True,,,,12.796875,True,full_gpu,True,,balanced_two_gpu,1,persistent,22369.972321903333,15006,25995.576574932784,,,30.0,18.7578125,9.84375,9.84375,9.84375,1193.1296568363905,unknown,True,,True,,False,,15308.73046875,False,full_lru,False,,,full_gpu,,,risk_evidence_insufficient,0.0,full precision exact profile,115.59333698824048,,,,hybrid-session-010-turn-2,9.84375,0.0,9.84375,0.0,,/DATACENTER3/zhenxiang.wang/work/TailGuardKV/.worktrees/baseline-smoke-final-aggregation/out/full_25session_baseline_9_14/full/policy_attempts/full40_20260916_h2o_static_safe/seed20260906,,,hybrid-session-010,qa,116.29754188470542,2,risk_evidence_insufficient
full_gpu,13.0,0.1,True,False,online_qwen,False,,/DATACENTER3/zhenxiang.wang/work/TailGuardKV/.worktrees/baseline-smoke-final-aggregation/out/full_25session_baseline_9_14/full/policy_attempts/full40_20260916_h2o_static_safe/seed20260906/config.yaml,,,,,,True,,,,0,True,full_gpu,True,,balanced_two_gpu,1,persistent,22369.972321903333,15006,25995.576574932784,,,30.0,28.0,9.2421875,9.2421875,9.2421875,1180.6510521564633,unknown,True,0.0,True,,False,,15289.83837890625,False,full_lru,False,,,full_gpu,,,risk_evidence_insufficient,0.0,full precision exact profile,113.40140691027045,,,,hybrid-session-013-turn-2,9.2421875,0.0,9.2421875,0.0,,/DATACENTER3/zhenxiang.wang/work/TailGuardKV/.worktrees/baseline-smoke-final-aggregation/out/full_25session_baseline_9_14/full/policy_attempts/full40_20260916_h2o_static_safe/seed20260906,,,hybrid-session-013,summary,114.08235202543437,2,risk_evidence_insufficient
full_gpu,13.0,0.1,False,True,online_qwen,True,,/DATACENTER3/zhenxiang.wang/work/TailGuardKV/.worktrees/baseline-smoke-final-aggregation/out/full_25session_baseline_9_14/full/policy_attempts/full40_20260916_h2o_static_safe/seed20260906/config.yaml,,,,,,True,,,,8.9140625,True,full_gpu,True,,balanced_two_gpu,1,persistent,22369.972321903333,15006,25995.576574932784,,,30.0,29.421875,10.3359375,10.3359375,10.3359375,1184.4814759679139,unknown,True,,True,,False,,15327.84765625,False,full_lru,False,,,full_gpu,,,risk_evidence_insufficient,0.0,full precision exact profile,116.75128480419517,,,,hybrid-session-016-turn-2,10.3359375,0.0,10.3359375,0.0,,/DATACENTER3/zhenxiang.wang/work/TailGuardKV/.worktrees/baseline-smoke-final-aggregation/out/full_25session_baseline_9_14/full/policy_attempts/full40_20260916_h2o_static_safe/seed20260906,,,hybrid-session-016,qa,117.43702995590866,2,risk_evidence_insufficient
full_gpu,13.0,0.1,True,True,online_qwen,True,,/DATACENTER3/zhenxiang.wang/work/TailGuardKV/.worktrees/baseline-smoke-final-aggregation/out/full_25session_baseline_9_14/full/policy_attempts/full40_20260916_h2o_static_safe/seed20260906/config.yaml,,,,,,True,,,,9.84375,True,full_gpu,True,,balanced_two_gpu,1,persistent,22369.972321903333,15006,25995.576574932784,,,30.0,29.421875,9.84375,9.84375,9.84375,1197.0263440161943,unknown,True,0.0,True,,False,,15316.44140625,False,full_lru,False,,,full_gpu,,,risk_evidence_insufficient,0.0,full precision exact profile,115.01692980527878,,,,hybrid-session-020-turn-2,9.84375,0.0,9.84375,0.0,,/DATACENTER3/zhenxiang.wang/work/TailGuardKV/.worktrees/baseline-smoke-final-aggregation/out/full_25session_baseline_9_14/full/policy_attempts/full40_20260916_h2o_static_safe/seed20260906,,,hybrid-session-020,qa,115.68632116541266,2,risk_evidence_insufficient
full_gpu,13.0,0.1,False,True,online_qwen,True,,/DATACENTER3/zhenxiang.wang/work/TailGuardKV/.worktrees/baseline-smoke-final-aggregation/out/full_25session_baseline_9_14/full/policy_attempts/full40_20260916_h2o_static_safe/seed20260906/config.yaml,,,,,,True,,,,19.578125,True,full_gpu,True,,balanced_two_gpu,1,persistent,22369.972321903333,15006,25995.576574932784,,,30.0,20.8359375,10.9921875,10.9921875,10.9921875,1187.9135579802096,unknown,True,,True,,False,,15347.59375,False,full_lru,False,,,full_gpu,,,risk_evidence_insufficient,0.0,full precision exact profile,118.87495196424425,,,,hybrid-session-021-turn-2,10.9921875,0.0,10.9921875,0.0,,/DATACENTER3/zhenxiang.wang/work/TailGuardKV/.worktrees/baseline-smoke-final-aggregation/out/full_25session_baseline_9_14/full/policy_attempts/full40_20260916_h2o_static_safe/seed20260906,,,hybrid-session-021,summary,119.59103704430163,2,risk_evidence_insufficient
full_gpu,13.0,0.1,False,True,online_qwen,True,,/DATACENTER3/zhenxiang.wang/work/TailGuardKV/.worktrees/baseline-smoke-final-aggregation/out/full_25session_baseline_9_14/full/policy_attempts/full40_20260916_h2o_static_safe/seed20260906/config.yaml,,,,,,True,,,,9.84375,True,full_gpu,True,,balanced_two_gpu,1,persistent,22369.972321903333,15006,25995.576574932784,,,30.0,21.0,10.0078125,10.0078125,10.0078125,1183.9407910592854,unknown,True,,True,,False,,15312.74609375,False,full_lru,False,,,full_gpu,,,risk_evidence_insufficient,0.0,full precision exact profile,115.7778559718281,,,,hybrid-session-025-turn-2,10.0078125,0.0,10.0078125,0.0,,/DATACENTER3/zhenxiang.wang/work/TailGuardKV/.worktrees/baseline-smoke-final-aggregation/out/full_25session_baseline_9_14/full/policy_attempts/full40_20260916_h2o_static_safe/seed20260906,,,hybrid-session-025,summary,116.4461609441787,2,risk_evidence_insufficient
full_gpu,13.0,0.1,False,True,online_qwen,True,,/DATACENTER3/zhenxiang.wang/work/TailGuardKV/.worktrees/baseline-smoke-final-aggregation/out/full_25session_baseline_9_14/full/policy_attempts/full40_20260916_h2o_static_safe/seed20260906/config.yaml,,,,,,True,,,,10.9921875,True,full_gpu,True,,balanced_two_gpu,1,persistent,22369.972321903333,15006,25995.576574932784,,,30.0,21.546875,11.5390625,11.5390625,11.5390625,1201.2546588666737,unknown,True,,True,,False,,15354.57080078125,False,full_lru,False,,,full_gpu,,,risk_evidence_insufficient,0.0,full precision exact profile,129.72234399057925,,,,hybrid-session-026-turn-2,11.5390625,0.0,11.5390625,0.0,,/DATACENTER3/zhenxiang.wang/work/TailGuardKV/.worktrees/baseline-smoke-final-aggregation/out/full_25session_baseline_9_14/full/policy_attempts/full40_20260916_h2o_static_safe/seed20260906,,,hybrid-session-026,qa,130.43985096737742,2,risk_evidence_insufficient
full_gpu,13.0,0.1,False,True,online_qwen,True,,/DATACENTER3/zhenxiang.wang/work/TailGuardKV/.worktrees/baseline-smoke-final-aggregation/out/full_25session_baseline_9_14/full/policy_attempts/full40_20260916_h2o_static_safe/seed20260906/config.yaml,,,,,,True,,,,10.0078125,True,full_gpu,True,,balanced_two_gpu,1,persistent,22369.972321903333,15006,25995.576574932784,,,30.0,23.4609375,11.921875,11.921875,11.921875,1201.1757630389184,unknown,True,,True,,False,,15365.5322265625,False,full_lru,False,,,full_gpu,,,risk_evidence_insufficient,0.0,full precision exact profile,128.018839051947,,,,hybrid-session-002-turn-3,11.921875,0.0,11.921875,0.0,,/DATACENTER3/zhenxiang.wang/work/TailGuardKV/.worktrees/baseline-smoke-final-aggregation/out/full_25session_baseline_9_14/full/policy_attempts/full40_20260916_h2o_static_safe/seed20260906,,,hybrid-session-002,qa,128.77411395311356,3,risk_evidence_insufficient
full_gpu,13.0,0.1,False,True,online_qwen,True,,/DATACENTER3/zhenxiang.wang/work/TailGuardKV/.worktrees/baseline-smoke-final-aggregation/out/full_25session_baseline_9_14/full/policy_attempts/full40_20260916_h2o_static_safe/seed20260906/config.yaml,,,,,,True,,,,11.5390625,True,full_gpu,True,,balanced_two_gpu,1,persistent,22369.972321903333,15006,25995.576574932784,,,30.0,23.1328125,11.2109375,11.2109375,11.2109375,1210.2817569393665,unknown,True,,True,,False,,15348.28173828125,False,full_lru,False,,,full_gpu,,,risk_evidence_insufficient,0.0,full precision exact profile,119.62452810257673,,,,hybrid-session-003-turn-3,11.2109375,0.0,11.2109375,0.0,,/DATACENTER3/zhenxiang.wang/work/TailGuardKV/.worktrees/baseline-smoke-final-aggregation/out/full_25session_baseline_9_14/full/policy_attempts/full40_20260916_h2o_static_safe/seed20260906,,,hybrid-session-003,summary,120.3244689386338,3,risk_evidence_insufficient
full_gpu,13.0,0.1,False,True,online_qwen,True,,/DATACENTER3/zhenxiang.wang/work/TailGuardKV/.worktrees/baseline-smoke-final-aggregation/out/full_25session_baseline_9_14/full/policy_attempts/full40_20260916_h2o_static_safe/seed20260906/config.yaml,,,,,,True,,,,11.921875,True,full_gpu,True,,balanced_two_gpu,1,persistent,22369.972321903333,15006,25995.576574932784,,,30.0,24.0625,12.8515625,12.8515625,12.8515625,1233.7114159017801,unknown,True,,True,,False,,15396.173828125,False,full_lru,False,,,full_gpu,,,risk_evidence_insufficient,0.0,full precision exact profile,145.3610360622406,,,,hybrid-session-004-turn-3,12.8515625,0.0,12.8515625,0.0,,/DATACENTER3/zhenxiang.wang/work/TailGuardKV/.worktrees/baseline-smoke-final-aggregation/out/full_25session_baseline_9_14/full/policy_attempts/full40_20260916_h2o_static_safe/seed20260906,,,hybrid-session-004,qa,146.0840089712292,3,risk_evidence_insufficient
full_gpu,13.0,0.1,False,True,online_qwen,True,,/DATACENTER3/zhenxiang.wang/work/TailGuardKV/.worktrees/baseline-smoke-final-aggregation/out/full_25session_baseline_9_14/full/policy_attempts/full40_20260916_h2o_static_safe/seed20260906/config.yaml,,,,,,True,,,,11.2109375,True,full_gpu,True,,balanced_two_gpu,1,persistent,22369.972321903333,15006,25995.576574932784,,,30.0,24.5,11.6484375,11.6484375,11.6484375,1216.4535489864647,unknown,True,,True,,False,,15360.60595703125,False,full_lru,False,,,full_gpu,,,risk_evidence_insufficient,0.0,full precision exact profile,128.3971860539168,,,,hybrid-session-005-turn-3,11.6484375,0.0,11.6484375,0.0,,/DATACENTER3/zhenxiang.wang/work/TailGuardKV/.worktrees/baseline-smoke-final-aggregation/out/full_25session_baseline_9_14/full/policy_attempts/full40_20260916_h2o_static_safe/seed20260906,,,hybrid-session-005,summary,129.12012380547822,3,risk_evidence_insufficient
full_gpu,13.0,0.1,False,True,online_qwen,True,,/DATACENTER3/zhenxiang.wang/work/TailGuardKV/.worktrees/baseline-smoke-final-aggregation/out/full_25session_baseline_9_14/full/policy_attempts/full40_20260916_h2o_static_safe/seed20260906/config.yaml,,,,,,True,,,,12.8515625,True,full_gpu,True,,balanced_two_gpu,1,persistent,22369.972321903333,15006,25995.576574932784,,,30.0,26.578125,14.9296875,14.9296875,14.9296875,1256.0592461377382,unknown,True,,True,,False,,15454.45947265625,False,full_lru,False,,,full_gpu,,,risk_evidence_insufficient,0.0,full precision exact profile,182.25123384036124,,,,hybrid-session-006-turn-3,14.9296875,0.0,14.9296875,0.0,,/DATACENTER3/zhenxiang.wang/work/TailGuardKV/.worktrees/baseline-smoke-final-aggregation/out/full_25session_baseline_9_14/full/policy_attempts/full40_20260916_h2o_static_safe/seed20260906,,,hybrid-session-006,qa,182.92017513886094,3,risk_evidence_insufficient
full_gpu,13.0,0.1,False,True,online_qwen,True,,/DATACENTER3/zhenxiang.wang/work/TailGuardKV/.worktrees/baseline-smoke-final-aggregation/out/full_25session_baseline_9_14/full/policy_attempts/full40_20260916_h2o_static_safe/seed20260906/config.yaml,,,,,,True,,,,11.6484375,True,full_gpu,True,,balanced_two_gpu,1,persistent,22369.972321903333,15006,25995.576574932784,,,30.0,25.8671875,10.9375,10.9375,10.9375,1190.2418029494584,unknown,True,,True,,False,,15344.6953125,False,full_lru,False,,,full_gpu,,,risk_evidence_insufficient,0.0,full precision exact profile,112.47197701595724,,,,hybrid-session-009-turn-3,10.9375,0.0,10.9375,0.0,,/DATACENTER3/zhenxiang.wang/work/TailGuardKV/.worktrees/baseline-smoke-final-aggregation/out/full_25session_baseline_9_14/full/policy_attempts/full40_20260916_h2o_static_safe/seed20260906,,,hybrid-session-009,summary,113.15897316671908,3,risk_evidence_insufficient
full_gpu,13.0,0.1,False,True,online_qwen,True,,/DATACENTER3/zhenxiang.wang/work/TailGuardKV/.worktrees/baseline-smoke-final-aggregation/out/full_25session_baseline_9_14/full/policy_attempts/full40_20260916_h2o_static_safe/seed20260906/config.yaml,,,,,,True,,,,14.9296875,True,full_gpu,True,,balanced_two_gpu,1,persistent,22369.972321903333,15006,25995.576574932784,,,30.0,22.9140625,11.9765625,11.9765625,11.9765625,1203.5163019318134,unknown,True,,True,,False,,15371.701171875,False,full_lru,False,,,full_gpu,,,risk_evidence_insufficient,0.0,full precision exact profile,121.44569912925363,,,,hybrid-session-010-turn-3,11.9765625,0.0,11.9765625,0.0,,/DATACENTER3/zhenxiang.wang/work/TailGuardKV/.worktrees/baseline-smoke-final-aggregation/out/full_25session_baseline_9_14/full/policy_attempts/full40_20260916_h2o_static_safe/seed20260906,,,hybrid-session-010,qa,122.13439494371414,3,risk_evidence_insufficient
full_gpu,13.0,0.1,False,True,online_qwen,True,,/DATACENTER3/zhenxiang.wang/work/TailGuardKV/.worktrees/baseline-smoke-final-aggregation/out/full_25session_baseline_9_14/full/policy_attempts/full40_20260916_h2o_static_safe/seed20260906/config.yaml,,,,,,True,,,,10.9375,True,full_gpu,True,,balanced_two_gpu,1,persistent,22369.972321903333,15006,25995.576574932784,,,30.0,23.296875,11.3203125,11.3203125,11.3203125,1186.353845987469,unknown,True,,True,,False,,15351.4169921875,False,full_lru,False,,,full_gpu,,,risk_evidence_insufficient,0.0,full precision exact profile,120.4893421381712,,,,hybrid-session-013-turn-3,11.3203125,0.0,11.3203125,0.0,,/DATACENTER3/zhenxiang.wang/work/TailGuardKV/.worktrees/baseline-smoke-final-aggregation/out/full_25session_baseline_9_14/full/policy_attempts/full40_20260916_h2o_static_safe/seed20260906,,,hybrid-session-013,summary,121.1698621045798,3,risk_evidence_insufficient
full_gpu,13.0,0.1,False,True,online_qwen,True,,/DATACENTER3/zhenxiang.wang/work/TailGuardKV/.worktrees/baseline-smoke-final-aggregation/out/full_25session_baseline_9_14/full/policy_attempts/full40_20260916_h2o_static_safe/seed20260906/config.yaml,,,,,,True,,,,11.9765625,True,full_gpu,True,,balanced_two_gpu,1,persistent,22369.972321903333,15006,25995.576574932784,,,30.0,23.84375,12.5234375,12.5234375,12.5234375,1223.300738958642,unknown,True,,True,,False,,15383.35009765625,False,full_lru,False,,,full_gpu,,,risk_evidence_insufficient,0.0,full precision exact profile,144.31687304750085,,,,hybrid-session-016-turn-3,12.5234375,0.0,12.5234375,0.0,,/DATACENTER3/zhenxiang.wang/work/TailGuardKV/.worktrees/baseline-smoke-final-aggregation/out/full_25session_baseline_9_14/full/policy_attempts/full40_20260916_h2o_static_safe/seed20260906,,,hybrid-session-016,qa,145.04019496962428,3,risk_evidence_insufficient
full_gpu,13.0,0.1,False,True,online_qwen,True,,/DATACENTER3/zhenxiang.wang/work/TailGuardKV/.worktrees/baseline-smoke-final-aggregation/out/full_25session_baseline_9_14/full/policy_attempts/full40_20260916_h2o_static_safe/seed20260906/config.yaml,,,,,,True,,,,11.3203125,True,full_gpu,True,,balanced_two_gpu,1,persistent,22369.972321903333,15006,25995.576574932784,,,30.0,24.5546875,12.03125,12.03125,12.03125,1193.1592728942633,unknown,True,,True,,False,,15370.89306640625,False,full_lru,False,,,full_gpu,,,risk_evidence_insufficient,0.0,full precision exact profile,132.44980992749333,,,,hybrid-session-020-turn-3,12.03125,0.0,12.03125,0.0,,/DATACENTER3/zhenxiang.wang/work/TailGuardKV/.worktrees/baseline-smoke-final-aggregation/out/full_25session_baseline_9_14/full/policy_attempts/full40_20260916_h2o_static_safe/seed20260906,,,hybrid-session-020,qa,133.166829822585,3,risk_evidence_insufficient
full_gpu,13.0,0.1,False,True,online_qwen,True,,/DATACENTER3/zhenxiang.wang/work/TailGuardKV/.worktrees/baseline-smoke-final-aggregation/out/full_25session_baseline_9_14/full/policy_attempts/full40_20260916_h2o_static_safe/seed20260906/config.yaml,,,,,,True,,,,12.5234375,True,full_gpu,True,,balanced_two_gpu,1,persistent,22369.972321903333,15006,25995.576574932784,,,30.0,25.2109375,13.1796875,13.1796875,13.1796875,1217.2214328311384,unknown,True,,True,,False,,15407.92431640625,False,full_lru,False,,,full_gpu,,,risk_evidence_insufficient,0.0,full precision exact profile,141.9386339839548,,,,hybrid-session-021-turn-3,13.1796875,0.0,13.1796875,0.0,,/DATACENTER3/zhenxiang.wang/work/TailGuardKV/.worktrees/baseline-smoke-final-aggregation/out/full_25session_baseline_9_14/full/policy_attempts/full40_20260916_h2o_static_safe/seed20260906,,,hybrid-session-021,summary,142.6387659739703,3,risk_evidence_insufficient
full_gpu,13.0,0.1,False,True,online_qwen,True,,/DATACENTER3/zhenxiang.wang/work/TailGuardKV/.worktrees/baseline-smoke-final-aggregation/out/full_25session_baseline_9_14/full/policy_attempts/full40_20260916_h2o_static_safe/seed20260906/config.yaml,,,,,,True,,,,12.03125,True,full_gpu,True,,balanced_two_gpu,1,persistent,22369.972321903333,15006,25995.576574932784,,,30.0,25.703125,12.5234375,12.5234375,12.5234375,1199.9758169986308,unknown,True,,True,,False,,15385.26416015625,False,full_lru,False,,,full_gpu,,,risk_evidence_insufficient,0.0,full precision exact profile,131.5441660117358,,,,hybrid-session-025-turn-3,12.5234375,0.0,12.5234375,0.0,,/DATACENTER3/zhenxiang.wang/work/TailGuardKV/.worktrees/baseline-smoke-final-aggregation/out/full_25session_baseline_9_14/full/policy_attempts/full40_20260916_h2o_static_safe/seed20260906,,,hybrid-session-025,summary,132.24953599274158,3,risk_evidence_insufficient
full_gpu,13.0,0.1,False,True,online_qwen,True,,/DATACENTER3/zhenxiang.wang/work/TailGuardKV/.worktrees/baseline-smoke-final-aggregation/out/full_25session_baseline_9_14/full/policy_attempts/full40_20260916_h2o_static_safe/seed20260906/config.yaml,,,,,,True,,,,13.1796875,True,full_gpu,True,,balanced_two_gpu,1,persistent,22369.972321903333,15006,25995.576574932784,,,30.0,26.6328125,14.109375,14.109375,14.109375,1228.2818059902638,unknown,True,,True,,False,,15432.40380859375,False,full_lru,False,,,full_gpu,,,risk_evidence_insufficient,0.0,full precision exact profile,150.6790309213102,,,,hybrid-session-026-turn-3,14.109375,0.0,14.109375,0.0,,/DATACENTER3/zhenxiang.wang/work/TailGuardKV/.worktrees/baseline-smoke-final-aggregation/out/full_25session_baseline_9_14/full/policy_attempts/full40_20260916_h2o_static_safe/seed20260906,,,hybrid-session-026,qa,151.36127499863505,3,risk_evidence_insufficient
full_gpu,13.0,0.1,False,True,online_qwen,True,,/DATACENTER3/zhenxiang.wang/work/TailGuardKV/.worktrees/baseline-smoke-final-aggregation/out/full_25session_baseline_9_14/full/policy_attempts/full40_20260916_h2o_static_safe/seed20260906/config.yaml,,,,,,True,,,,12.5234375,True,full_gpu,True,,balanced_two_gpu,1,persistent,22369.972321903333,15006,25995.576574932784,,,30.0,27.890625,13.78125,13.78125,13.78125,1226.854067062959,unknown,True,,True,,False,,15425.3466796875,False,full_lru,False,,,full_gpu,,,risk_evidence_insufficient,0.0,full precision exact profile,145.78720601275563,,,,hybrid-session-002-turn-4,13.78125,0.0,13.78125,0.0,,/DATACENTER3/zhenxiang.wang/work/TailGuardKV/.worktrees/baseline-smoke-final-aggregation/out/full_25session_baseline_9_14/full/policy_attempts/full40_20260916_h2o_static_safe/seed20260906,,,hybrid-session-002,qa,146.52769989334047,4,risk_evidence_insufficient
full_gpu,13.0,0.1,False,True,online_qwen,True,,/DATACENTER3/zhenxiang.wang/work/TailGuardKV/.worktrees/baseline-smoke-final-aggregation/out/full_25session_baseline_9_14/full/policy_attempts/full40_20260916_h2o_static_safe/seed20260906/config.yaml,,,,,,True,,,,14.109375,True,full_gpu,True,,balanced_two_gpu,1,persistent,22369.972321903333,15006,25995.576574932784,,,30.0,26.7421875,12.9609375,12.9609375,12.9609375,1216.4065858814865,unknown,True,,True,,False,,15402.984375,False,full_lru,False,,,full_gpu,,,risk_evidence_insufficient,0.0,full precision exact profile,144.4382898043841,,,,hybrid-session-003-turn-4,12.9609375,0.0,12.9609375,0.0,,/DATACENTER3/zhenxiang.wang/work/TailGuardKV/.worktrees/baseline-smoke-final-aggregation/out/full_25session_baseline_9_14/full/policy_attempts/full40_20260916_h2o_static_safe/seed20260906,,,hybrid-session-003,summary,145.1345628593117,4,risk_evidence_insufficient
full_gpu,13.0,0.1,False,True,online_qwen,True,,/DATACENTER3/zhenxiang.wang/work/TailGuardKV/.worktrees/baseline-smoke-final-aggregation/out/full_25session_baseline_9_14/full/policy_attempts/full40_20260916_h2o_static_safe/seed20260906/config.yaml,,,,,,True,,,,13.78125,True,full_gpu,True,,balanced_two_gpu,1,persistent,22369.972321903333,15006,25995.576574932784,,,30.0,27.5078125,14.546875,14.546875,14.546875,1217.8927299100906,unknown,True,,True,,False,,15446.28466796875,False,full_lru,False,,,full_gpu,,,risk_evidence_insufficient,0.0,full precision exact profile,141.90335385501385,,,,hybrid-session-004-turn-4,14.546875,0.0,14.546875,0.0,,/DATACENTER3/zhenxiang.wang/work/TailGuardKV/.worktrees/baseline-smoke-final-aggregation/out/full_25session_baseline_9_14/full/policy_attempts/full40_20260916_h2o_static_safe/seed20260906,,,hybrid-session-004,qa,142.59466994553804,4,risk_evidence_insufficient
full_gpu,13.0,0.1,False,True,online_qwen,True,,/DATACENTER3/zhenxiang.wang/work/TailGuardKV/.worktrees/baseline-smoke-final-aggregation/out/full_25session_baseline_9_14/full/policy_attempts/full40_20260916_h2o_static_safe/seed20260906/config.yaml,,,,,,True,,,,12.9609375,True,full_gpu,True,,balanced_two_gpu,1,persistent,22369.972321903333,15006,25995.576574932784,,,30.0,27.8359375,13.2890625,13.2890625,13.2890625,1219.7678529191762,unknown,True,,True,,False,,15410.875,False,full_lru,False,,,full_gpu,,,risk_evidence_insufficient,0.0,full precision exact profile,147.13617810048163,,,,hybrid-session-005-turn-4,13.2890625,0.0,13.2890625,0.0,,/DATACENTER3/zhenxiang.wang/work/TailGuardKV/.worktrees/baseline-smoke-final-aggregation/out/full_25session_baseline_9_14/full/policy_attempts/full40_20260916_h2o_static_safe/seed20260906,,,hybrid-session-005,summary,147.824291838333,4,risk_evidence_insufficient
full_gpu,13.0,0.1,False,True,online_qwen,True,,/DATACENTER3/zhenxiang.wang/work/TailGuardKV/.worktrees/baseline-smoke-final-aggregation/out/full_25session_baseline_9_14/full/policy_attempts/full40_20260916_h2o_static_safe/seed20260906/config.yaml,,,,,,True,,,,14.546875,True,full_gpu,True,,balanced_two_gpu,1,persistent,22369.972321903333,15006,25995.576574932784,,,30.0,29.9140625,16.625,16.625,16.625,1270.6968260463327,unknown,True,,True,,False,,15504.6669921875,False,full_lru,False,,,full_gpu,,,risk_evidence_insufficient,0.0,full precision exact profile,199.46880103088915,,,,hybrid-session-006-turn-4,16.625,0.0,16.625,0.0,,/DATACENTER3/zhenxiang.wang/work/TailGuardKV/.worktrees/baseline-smoke-final-aggregation/out/full_25session_baseline_9_14/full/policy_attempts/full40_20260916_h2o_static_safe/seed20260906,,,hybrid-session-006,qa,200.16723196022213,4,risk_evidence_insufficient
full_gpu,13.0,0.1,True,True,online_qwen,True,,/DATACENTER3/zhenxiang.wang/work/TailGuardKV/.worktrees/baseline-smoke-final-aggregation/out/full_25session_baseline_9_14/full/policy_attempts/full40_20260916_h2o_static_safe/seed20260906/config.yaml,,,,,,True,,,,13.2890625,True,full_gpu,True,,balanced_two_gpu,1,persistent,22369.972321903333,15006,25995.576574932784,,,30.0,29.421875,12.796875,12.796875,12.796875,1196.8875471502542,unknown,True,0.0,True,,False,,15401.900390625,False,full_lru,False,,,full_gpu,,,risk_evidence_insufficient,0.0,full precision exact profile,130.0167189911008,,,,hybrid-session-009-turn-4,12.796875,0.0,12.796875,0.0,,/DATACENTER3/zhenxiang.wang/work/TailGuardKV/.worktrees/baseline-smoke-final-aggregation/out/full_25session_baseline_9_14/full/policy_attempts/full40_20260916_h2o_static_safe/seed20260906,,,hybrid-session-009,summary,130.70388603955507,4,risk_evidence_insufficient
full_gpu,13.0,0.1,False,True,online_qwen,True,,/DATACENTER3/zhenxiang.wang/work/TailGuardKV/.worktrees/baseline-smoke-final-aggregation/out/full_25session_baseline_9_14/full/policy_attempts/full40_20260916_h2o_static_safe/seed20260906/config.yaml,,,,,,True,,,,16.625,True,full_gpu,True,,balanced_two_gpu,1,persistent,22369.972321903333,15006,25995.576574932784,,,30.0,26.8515625,14.0546875,14.0546875,14.0546875,1223.1742208823562,unknown,True,,True,,False,,15434.61767578125,False,full_lru,False,,,full_gpu,,,risk_evidence_insufficient,0.0,full precision exact profile,149.38120287843049,,,,hybrid-session-010-turn-4,14.0546875,0.0,14.0546875,0.0,,/DATACENTER3/zhenxiang.wang/work/TailGuardKV/.worktrees/baseline-smoke-final-aggregation/out/full_25session_baseline_9_14/full/policy_attempts/full40_20260916_h2o_static_safe/seed20260906,,,hybrid-session-010,qa,150.16971295699477,4,risk_evidence_insufficient
full_gpu,13.0,0.1,True,True,online_qwen,True,,/DATACENTER3/zhenxiang.wang/work/TailGuardKV/.worktrees/baseline-smoke-final-aggregation/out/full_25session_baseline_9_14/full/policy_attempts/full40_20260916_h2o_static_safe/seed20260906/config.yaml,,,,,,True,,,,12.796875,True,full_gpu,True,,balanced_two_gpu,1,persistent,22369.972321903333,15006,25995.576574932784,,,30.0,27.2890625,13.234375,13.234375,13.234375,1240.9577209036797,unknown,True,0.0,True,,False,,15410.27587890625,False,full_lru,False,,,full_gpu,,,risk_evidence_insufficient,0.0,full precision exact profile,147.88271603174508,,,,hybrid-session-013-turn-4,13.234375,0.0,13.234375,0.0,,/DATACENTER3/zhenxiang.wang/work/TailGuardKV/.worktrees/baseline-smoke-final-aggregation/out/full_25session_baseline_9_14/full/policy_attempts/full40_20260916_h2o_static_safe/seed20260906,,,hybrid-session-013,summary,148.51957000792027,4,risk_evidence_insufficient
full_gpu,13.0,0.1,False,True,online_qwen,True,,/DATACENTER3/zhenxiang.wang/work/TailGuardKV/.worktrees/baseline-smoke-final-aggregation/out/full_25session_baseline_9_14/full/policy_attempts/full40_20260916_h2o_static_safe/seed20260906/config.yaml,,,,,,True,,,,14.0546875,True,full_gpu,True,,balanced_two_gpu,1,persistent,22369.972321903333,15006,25995.576574932784,,,30.0,27.8359375,14.6015625,14.6015625,14.6015625,1208.6714040488005,unknown,True,,True,,False,,15447.76611328125,False,full_lru,False,,,full_gpu,,,risk_evidence_insufficient,0.0,full precision exact profile,140.46939718537033,,,,hybrid-session-016-turn-4,14.6015625,0.0,14.6015625,0.0,,/DATACENTER3/zhenxiang.wang/work/TailGuardKV/.worktrees/baseline-smoke-final-aggregation/out/full_25session_baseline_9_14/full/policy_attempts/full40_20260916_h2o_static_safe/seed20260906,,,hybrid-session-016,qa,141.1654008552432,4,risk_evidence_insufficient
full_gpu,13.0,0.1,False,True,online_qwen,True,,/DATACENTER3/zhenxiang.wang/work/TailGuardKV/.worktrees/baseline-smoke-final-aggregation/out/full_25session_baseline_9_14/full/policy_attempts/full40_20260916_h2o_static_safe/seed20260906/config.yaml,,,,,,True,,,,13.234375,True,full_gpu,True,,balanced_two_gpu,1,persistent,22369.972321903333,15006,25995.576574932784,,,30.0,28.546875,13.9453125,13.9453125,13.9453125,1217.0777630526572,unknown,True,,True,,False,,15431.974609375,False,full_lru,False,,,full_gpu,,,risk_evidence_insufficient,0.0,full precision exact profile,148.85474485345185,,,,hybrid-session-020-turn-4,13.9453125,0.0,13.9453125,0.0,,/DATACENTER3/zhenxiang.wang/work/TailGuardKV/.worktrees/baseline-smoke-final-aggregation/out/full_25session_baseline_9_14/full/policy_attempts/full40_20260916_h2o_static_safe/seed20260906,,,hybrid-session-020,qa,149.5590410195291,4,risk_evidence_insufficient
full_gpu,13.0,0.1,False,True,online_qwen,True,,/DATACENTER3/zhenxiang.wang/work/TailGuardKV/.worktrees/baseline-smoke-final-aggregation/out/full_25session_baseline_9_14/full/policy_attempts/full40_20260916_h2o_static_safe/seed20260906/config.yaml,,,,,,True,,,,14.6015625,True,full_gpu,True,,balanced_two_gpu,1,persistent,22369.972321903333,15006,25995.576574932784,,,30.0,29.0390625,15.09375,15.09375,15.09375,1261.1096662003547,unknown,True,,True,,False,,15463.8408203125,False,full_lru,False,,,full_gpu,,,risk_evidence_insufficient,0.0,full precision exact profile,193.33118898794055,,,,hybrid-session-021-turn-4,15.09375,0.0,15.09375,0.0,,/DATACENTER3/zhenxiang.wang/work/TailGuardKV/.worktrees/baseline-smoke-final-aggregation/out/full_25session_baseline_9_14/full/policy_attempts/full40_20260916_h2o_static_safe/seed20260906,,,hybrid-session-021,summary,194.03320807032287,4,risk_evidence_insufficient
full_gpu,13.0,0.1,False,True,online_qwen,True,,/DATACENTER3/zhenxiang.wang/work/TailGuardKV/.worktrees/baseline-smoke-final-aggregation/out/full_25session_baseline_9_14/full/policy_attempts/full40_20260916_h2o_static_safe/seed20260906/config.yaml,,,,,,True,,,,13.9453125,True,full_gpu,True,,balanced_two_gpu,1,persistent,22369.972321903333,15006,25995.576574932784,,,30.0,29.9140625,14.8203125,14.8203125,14.8203125,1204.1510550770909,unknown,True,,True,,False,,15455.30810546875,False,full_lru,False,,,full_gpu,,,risk_evidence_insufficient,0.0,full precision exact profile,135.74109296314418,,,,hybrid-session-025-turn-4,14.8203125,0.0,14.8203125,0.0,,/DATACENTER3/zhenxiang.wang/work/TailGuardKV/.worktrees/baseline-smoke-final-aggregation/out/full_25session_baseline_9_14/full/policy_attempts/full40_20260916_h2o_static_safe/seed20260906,,,hybrid-session-025,summary,136.43401791341603,4,risk_evidence_insufficient
full_gpu,13.0,0.1,False,True,online_qwen,True,,/DATACENTER3/zhenxiang.wang/work/TailGuardKV/.worktrees/baseline-smoke-final-aggregation/out/full_25session_baseline_9_14/full/policy_attempts/full40_20260916_h2o_static_safe/seed20260906/config.yaml,,,,,,True,,,,29.9140625,True,full_gpu,True,,balanced_two_gpu,1,persistent,22369.972321903333,15006,25995.576574932784,,,30.0,16.0234375,16.0234375,16.0234375,16.0234375,1260.3633999824524,unknown,True,,True,,False,,15490.7724609375,False,full_lru,False,,,full_gpu,,,risk_evidence_insufficient,0.0,full precision exact profile,196.01760292425752,,,,hybrid-session-026-turn-4,16.0234375,0.0,16.0234375,0.0,,/DATACENTER3/zhenxiang.wang/work/TailGuardKV/.worktrees/baseline-smoke-final-aggregation/out/full_25session_baseline_9_14/full/policy_attempts/full40_20260916_h2o_static_safe/seed20260906,,,hybrid-session-026,qa,196.76556903868914,4,risk_evidence_insufficient
kivi_4bit_residual64,2.0,0.1,False,False,online_qwen,False,,/DATACENTER3/zhenxiang.wang/work/TailGuardKV/.worktrees/baseline-smoke-final-aggregation/out/full_25session_baseline_9_14/full/policy_attempts/full40_20260916_h2o_static_safe/seed20260906/config.yaml,,,,,0.1,True,,0.1,,0,False,kivi_4bit_residual64,True,,balanced_two_gpu,1,persistent,27527.78349816799,16714,31591.061884071678,,,30.0,3.5546875,1.4765625,1.4765625,1.4765625,1442.5769839435816,unknown,True,,True,,False,,15055.19384765625,True,static_best,False,0.0,0.0,kivi_4bit_residual64,0.0,,risk_evidence_insufficient,0.0,static_best,0.0,,,,hybrid-session-003-turn-0,1.4765625,0.0,1.4765625,0.0,0.0,/DATACENTER3/zhenxiang.wang/work/TailGuardKV/.worktrees/baseline-smoke-final-aggregation/out/full_25session_baseline_9_14/full/policy_attempts/full40_20260916_h2o_static_safe/seed20260906,True,calibrated safe,hybrid-session-003,chat,114.00687787681818,0,risk_evidence_insufficient
kivi_4bit_residual64,3.0,0.1,False,False,online_qwen,False,,/DATACENTER3/zhenxiang.wang/work/TailGuardKV/.worktrees/baseline-smoke-final-aggregation/out/full_25session_baseline_9_14/full/policy_attempts/full40_20260916_h2o_static_safe/seed20260906/config.yaml,,,,,0.1,True,,0.1,,0,False,kivi_4bit_residual64,True,,balanced_two_gpu,1,persistent,27527.78349816799,16714,31591.061884071678,,,30.0,5.3046875,1.75,1.75,1.75,1459.3107749242336,unknown,True,,True,,False,,15063.70947265625,True,static_best,False,0.0,0.0,kivi_4bit_residual64,0.0,,risk_evidence_insufficient,0.0,static_best,0.0,,,,hybrid-session-004-turn-0,1.75,0.0,1.75,0.0,0.0,/DATACENTER3/zhenxiang.wang/work/TailGuardKV/.worktrees/baseline-smoke-final-aggregation/out/full_25session_baseline_9_14/full/policy_attempts/full40_20260916_h2o_static_safe/seed20260906,True,calibrated safe,hybrid-session-004,chat,109.58046605810523,0,risk_evidence_insufficient
kivi_4bit_residual64,4.0,0.1,False,False,online_qwen,False,,/DATACENTER3/zhenxiang.wang/work/TailGuardKV/.worktrees/baseline-smoke-final-aggregation/out/full_25session_baseline_9_14/full/policy_attempts/full40_20260916_h2o_static_safe/seed20260906/config.yaml,,,,,0.1,True,,0.1,,0,False,kivi_4bit_residual64,True,,balanced_two_gpu,1,persistent,27527.78349816799,16714,31591.061884071678,,,30.0,7.21875,1.9140625,1.9140625,1.9140625,1671.6640600934625,unknown,True,,True,,False,,15070.26806640625,True,static_best,False,0.0,0.0,kivi_4bit_residual64,0.0,,risk_evidence_insufficient,0.0,static_best,0.0,,,,hybrid-session-005-turn-0,1.9140625,0.0,1.9140625,0.0,0.0,/DATACENTER3/zhenxiang.wang/work/TailGuardKV/.worktrees/baseline-smoke-final-aggregation/out/full_25session_baseline_9_14/full/policy_attempts/full40_20260916_h2o_static_safe/seed20260906,True,calibrated safe,hybrid-session-005,chat,123.32621519453824,0,risk_evidence_insufficient
kivi_4bit_residual64,5.0,0.1,False,False,online_qwen,False,,/DATACENTER3/zhenxiang.wang/work/TailGuardKV/.worktrees/baseline-smoke-final-aggregation/out/full_25session_baseline_9_14/full/policy_attempts/full40_20260916_h2o_static_safe/seed20260906/config.yaml,,,,,0.1,True,,0.1,,0,False,kivi_4bit_residual64,True,,balanced_two_gpu,1,persistent,27527.78349816799,16714,31591.061884071678,,,30.0,9.84375,2.625,2.625,2.625,1696.9881691038609,unknown,True,,True,,False,,15093.27587890625,True,static_best,False,0.0,0.0,kivi_4bit_residual64,0.0,,risk_evidence_insufficient,0.0,static_best,0.0,,,,hybrid-session-006-turn-0,2.625,0.0,2.625,0.0,0.0,/DATACENTER3/zhenxiang.wang/work/TailGuardKV/.worktrees/baseline-smoke-final-aggregation/out/full_25session_baseline_9_14/full/policy_attempts/full40_20260916_h2o_static_safe/seed20260906,True,calibrated safe,hybrid-session-006,chat,123.91791213303804,0,risk_evidence_insufficient
kivi_4bit_residual64,6.0,0.1,False,False,online_qwen,False,,/DATACENTER3/zhenxiang.wang/work/TailGuardKV/.worktrees/baseline-smoke-final-aggregation/out/full_25session_baseline_9_14/full/policy_attempts/full40_20260916_h2o_static_safe/seed20260906/config.yaml,,,,,0.1,True,,0.1,,0,False,kivi_4bit_residual64,True,,balanced_two_gpu,1,persistent,27527.78349816799,16714,31591.061884071678,,,30.0,11.5390625,1.6953125,1.6953125,1.6953125,1490.147880045697,unknown,True,,True,,False,,15068.48681640625,True,static_best,False,0.0,0.0,kivi_4bit_residual64,0.0,,risk_evidence_insufficient,0.0,static_best,0.0,,,,hybrid-session-009-turn-0,1.6953125,0.0,1.6953125,0.0,0.0,/DATACENTER3/zhenxiang.wang/work/TailGuardKV/.worktrees/baseline-smoke-final-aggregation/out/full_25session_baseline_9_14/full/policy_attempts/full40_20260916_h2o_static_safe/seed20260906,True,calibrated safe,hybrid-session-009,chat,111.3173880148679,0,risk_evidence_insufficient
kivi_4bit_residual64,7.0,0.1,False,False,online_qwen,False,,/DATACENTER3/zhenxiang.wang/work/TailGuardKV/.worktrees/baseline-smoke-final-aggregation/out/full_25session_baseline_9_14/full/policy_attempts/full40_20260916_h2o_static_safe/seed20260906/config.yaml,,,,,0.1,True,,0.1,,0,False,kivi_4bit_residual64,True,,balanced_two_gpu,1,persistent,27527.78349816799,16714,31591.061884071678,,,30.0,13.0703125,1.53125,1.53125,1.53125,1674.204320879653,unknown,True,,True,,False,,15065.87646484375,True,static_best,False,0.0,0.0,kivi_4bit_residual64,0.0,,risk_evidence_insufficient,0.0,static_best,0.0,,,,hybrid-session-010-turn-0,1.53125,0.0,1.53125,0.0,0.0,/DATACENTER3/zhenxiang.wang/work/TailGuardKV/.worktrees/baseline-smoke-final-aggregation/out/full_25session_baseline_9_14/full/policy_attempts/full40_20260916_h2o_static_safe/seed20260906,True,calibrated safe,hybrid-session-010,chat,115.3119660448283,0,risk_evidence_insufficient
kivi_4bit_residual64,8.0,0.1,False,False,online_qwen,False,,/DATACENTER3/zhenxiang.wang/work/TailGuardKV/.worktrees/baseline-smoke-final-aggregation/out/full_25session_baseline_9_14/full/policy_attempts/full40_20260916_h2o_static_safe/seed20260906/config.yaml,,,,,0.1,True,,0.1,,0,False,kivi_4bit_residual64,True,,balanced_two_gpu,1,persistent,27527.78349816799,16714,31591.061884071678,,,30.0,14.875,1.8046875,1.8046875,1.8046875,1461.1054840497673,unknown,True,,True,,False,,15074.73681640625,True,static_best,False,0.0,0.0,kivi_4bit_residual64,0.0,,risk_evidence_insufficient,0.0,static_best,0.0,,,,hybrid-session-013-turn-0,1.8046875,0.0,1.8046875,0.0,0.0,/DATACENTER3/zhenxiang.wang/work/TailGuardKV/.worktrees/baseline-smoke-final-aggregation/out/full_25session_baseline_9_14/full/policy_attempts/full40_20260916_h2o_static_safe/seed20260906,True,calibrated safe,hybrid-session-013,chat,105.02851591445506,0,risk_evidence_insufficient
kivi_4bit_residual64,9.0,0.1,False,False,online_qwen,False,,/DATACENTER3/zhenxiang.wang/work/TailGuardKV/.worktrees/baseline-smoke-final-aggregation/out/full_25session_baseline_9_14/full/policy_attempts/full40_20260916_h2o_static_safe/seed20260906/config.yaml,,,,,0.1,True,,0.1,,0,False,kivi_4bit_residual64,True,,balanced_two_gpu,1,persistent,27527.78349816799,16714,31591.061884071678,,,30.0,17.5,2.625,2.625,2.625,1681.030415929854,unknown,True,,True,,False,,15100.93212890625,True,static_best,False,0.0,0.0,kivi_4bit_residual64,0.0,,risk_evidence_insufficient,0.0,static_best,0.0,,,,hybrid-session-016-turn-0,2.625,0.0,2.625,0.0,0.0,/DATACENTER3/zhenxiang.wang/work/TailGuardKV/.worktrees/baseline-smoke-final-aggregation/out/full_25session_baseline_9_14/full/policy_attempts/full40_20260916_h2o_static_safe/seed20260906,True,calibrated safe,hybrid-session-016,chat,122.20904789865017,0,risk_evidence_insufficient
kivi_4bit_residual64,10.0,0.1,False,False,online_qwen,False,,/DATACENTER3/zhenxiang.wang/work/TailGuardKV/.worktrees/baseline-smoke-final-aggregation/out/full_25session_baseline_9_14/full/policy_attempts/full40_20260916_h2o_static_safe/seed20260906/config.yaml,,,,,0.1,True,,0.1,,0,False,kivi_4bit_residual64,True,,balanced_two_gpu,1,persistent,27527.78349816799,16714,31591.061884071678,,,30.0,19.90625,2.40625,2.40625,2.40625,1317.69636599347,unknown,True,,True,,False,,15095.79541015625,True,static_best,False,0.0,0.0,kivi_4bit_residual64,0.0,,risk_evidence_insufficient,0.0,static_best,0.0,,,,hybrid-session-020-turn-0,2.40625,0.0,2.40625,0.0,0.0,/DATACENTER3/zhenxiang.wang/work/TailGuardKV/.worktrees/baseline-smoke-final-aggregation/out/full_25session_baseline_9_14/full/policy_attempts/full40_20260916_h2o_static_safe/seed20260906,True,calibrated safe,hybrid-session-020,chat,121.5260811150074,0,risk_evidence_insufficient
kivi_4bit_residual64,11.0,0.1,False,False,online_qwen,False,,/DATACENTER3/zhenxiang.wang/work/TailGuardKV/.worktrees/baseline-smoke-final-aggregation/out/full_25session_baseline_9_14/full/policy_attempts/full40_20260916_h2o_static_safe/seed20260906/config.yaml,,,,,0.1,True,,0.1,,0,False,kivi_4bit_residual64,True,,balanced_two_gpu,1,persistent,27527.78349816799,16714,31591.061884071678,,,30.0,22.203125,2.296875,2.296875,2.296875,1685.7636659406126,unknown,True,,True,,False,,15095.17822265625,True,static_best,False,0.0,0.0,kivi_4bit_residual64,0.0,,risk_evidence_insufficient,0.0,static_best,0.0,,,,hybrid-session-021-turn-0,2.296875,0.0,2.296875,0.0,0.0,/DATACENTER3/zhenxiang.wang/work/TailGuardKV/.worktrees/baseline-smoke-final-aggregation/out/full_25session_baseline_9_14/full/policy_attempts/full40_20260916_h2o_static_safe/seed20260906,True,calibrated safe,hybrid-session-021,chat,124.63191384449601,0,risk_evidence_insufficient
kivi_4bit_residual64,12.0,0.1,False,False,online_qwen,False,,/DATACENTER3/zhenxiang.wang/work/TailGuardKV/.worktrees/baseline-smoke-final-aggregation/out/full_25session_baseline_9_14/full/policy_attempts/full40_20260916_h2o_static_safe/seed20260906/config.yaml,,,,,0.1,True,,0.1,,0,False,kivi_4bit_residual64,True,,balanced_two_gpu,1,persistent,27527.78349816799,16714,31591.061884071678,,,30.0,24.171875,1.96875,1.96875,1.96875,1542.2622840851545,unknown,True,,True,,False,,15088.40478515625,True,static_best,False,0.0,0.0,kivi_4bit_residual64,0.0,,risk_evidence_insufficient,0.0,static_best,0.0,,,,hybrid-session-025-turn-0,1.96875,0.0,1.96875,0.0,0.0,/DATACENTER3/zhenxiang.wang/work/TailGuardKV/.worktrees/baseline-smoke-final-aggregation/out/full_25session_baseline_9_14/full/policy_attempts/full40_20260916_h2o_static_safe/seed20260906,True,calibrated safe,hybrid-session-025,chat,116.33831914514303,0,risk_evidence_insufficient
kivi_4bit_residual64,13.0,0.1,False,False,online_qwen,False,,/DATACENTER3/zhenxiang.wang/work/TailGuardKV/.worktrees/baseline-smoke-final-aggregation/out/full_25session_baseline_9_14/full/policy_attempts/full40_20260916_h2o_static_safe/seed20260906/config.yaml,,,,,0.1,True,,0.1,,0,False,kivi_4bit_residual64,True,,balanced_two_gpu,1,persistent,27527.78349816799,16714,31591.061884071678,,,30.0,26.359375,2.1875,2.1875,2.1875,1517.9849420674145,unknown,True,,True,,False,,15096.42041015625,True,static_best,False,0.0,0.0,kivi_4bit_residual64,0.0,,risk_evidence_insufficient,0.0,static_best,0.0,,,,hybrid-session-026-turn-0,2.1875,0.0,2.1875,0.0,0.0,/DATACENTER3/zhenxiang.wang/work/TailGuardKV/.worktrees/baseline-smoke-final-aggregation/out/full_25session_baseline_9_14/full/policy_attempts/full40_20260916_h2o_static_safe/seed20260906,True,calibrated safe,hybrid-session-026,chat,117.16806190088391,0,risk_evidence_insufficient
kivi_4bit_residual64,13.0,0.1,False,False,online_qwen,False,,/DATACENTER3/zhenxiang.wang/work/TailGuardKV/.worktrees/baseline-smoke-final-aggregation/out/full_25session_baseline_9_14/full/policy_attempts/full40_20260916_h2o_static_safe/seed20260906/config.yaml,,,,,0.1,True,,0.1,,0,False,kivi_4bit_residual64,True,,balanced_two_gpu,1,persistent,27527.78349816799,16714,31591.061884071678,,,30.0,26.829345703125,2.548095703125,2.548095703125,0.469970703125,4914.527821121737,unknown,True,,True,,False,,15088.02685546875,True,static_best,False,0.0,0.0,kivi_4bit_residual64,0.0,,risk_evidence_insufficient,0.0,static_best,0.0,,,,hybrid-session-002-turn-1,2.548095703125,2.078125,2.548095703125,0.0,0.0,/DATACENTER3/zhenxiang.wang/work/TailGuardKV/.worktrees/baseline-smoke-final-aggregation/out/full_25session_baseline_9_14/full/policy_attempts/full40_20260916_h2o_static_safe/seed20260906,True,calibrated safe,hybrid-session-002,chat,113.27511607669294,1,risk_evidence_insufficient
kivi_4bit_residual64,13.0,0.1,True,False,online_qwen,False,,/DATACENTER3/zhenxiang.wang/work/TailGuardKV/.worktrees/baseline-smoke-final-aggregation/out/full_25session_baseline_9_14/full/policy_attempts/full40_20260916_h2o_static_safe/seed20260906/config.yaml,,,,,0.1,True,,0.1,,0,False,kivi_4bit_residual64,True,,balanced_two_gpu,1,persistent,27527.78349816799,16714,31591.061884071678,,,30.0,28.251220703125,2.8984375,2.8984375,1.421875,1522.805173881352,unknown,True,,True,,False,,15078.74658203125,True,static_best,False,0.0,0.0,kivi_4bit_residual64,0.0,,risk_evidence_insufficient,0.0,static_best,0.0,,,,hybrid-session-003-turn-1,2.8984375,1.4765625,2.8984375,0.0,0.0,/DATACENTER3/zhenxiang.wang/work/TailGuardKV/.worktrees/baseline-smoke-final-aggregation/out/full_25session_baseline_9_14/full/policy_attempts/full40_20260916_h2o_static_safe/seed20260906,True,calibrated safe,hybrid-session-003,chat,116.96734605357051,1,risk_evidence_insufficient
kivi_4bit_residual64,13.0,0.1,False,False,online_qwen,False,,/DATACENTER3/zhenxiang.wang/work/TailGuardKV/.worktrees/baseline-smoke-final-aggregation/out/full_25session_baseline_9_14/full/policy_attempts/full40_20260916_h2o_static_safe/seed20260906/config.yaml,,,,,0.1,True,,0.1,,0,False,kivi_4bit_residual64,True,,balanced_two_gpu,1,persistent,27527.78349816799,16714,31591.061884071678,,,30.0,29.76708984375,3.265869140625,3.265869140625,1.515869140625,2560.3756131604314,unknown,True,,True,,False,,15128.7724609375,True,static_best,False,0.0,0.0,kivi_4bit_residual64,0.0,,risk_evidence_insufficient,0.0,static_best,0.0,,,,hybrid-session-004-turn-1,3.265869140625,1.75,3.265869140625,0.0,0.0,/DATACENTER3/zhenxiang.wang/work/TailGuardKV/.worktrees/baseline-smoke-final-aggregation/out/full_25session_baseline_9_14/full/policy_attempts/full40_20260916_h2o_static_safe/seed20260906,True,calibrated safe,hybrid-session-004,chat,214.52702907845378,1,risk_evidence_insufficient
kivi_4bit_residual64,13.0,0.1,False,True,online_qwen,True,,/DATACENTER3/zhenxiang.wang/work/TailGuardKV/.worktrees/baseline-smoke-final-aggregation/out/full_25session_baseline_9_14/full/policy_attempts/full40_20260916_h2o_static_safe/seed20260906/config.yaml,,,,,0.1,True,,0.1,,2.625,False,kivi_4bit_residual64,True,,balanced_two_gpu,1,persistent,27527.78349816799,16714,31591.061884071678,,,30.0,28.02734375,2.79931640625,2.79931640625,0.88525390625,1964.1783270053566,unknown,True,,True,,False,,15106.55908203125,True,static_best,False,0.0,0.0,kivi_4bit_residual64,0.0,,risk_evidence_insufficient,0.0,static_best,0.0,,,,hybrid-session-005-turn-1,2.79931640625,1.9140625,2.79931640625,0.0,0.0,/DATACENTER3/zhenxiang.wang/work/TailGuardKV/.worktrees/baseline-smoke-final-aggregation/out/full_25session_baseline_9_14/full/policy_attempts/full40_20260916_h2o_static_safe/seed20260906,True,calibrated safe,hybrid-session-005,chat,124.32312895543873,1,risk_evidence_insufficient
kivi_4bit_residual64,13.0,0.1,False,True,online_qwen,True,,/DATACENTER3/zhenxiang.wang/work/TailGuardKV/.worktrees/baseline-smoke-final-aggregation/out/full_25session_baseline_9_14/full/policy_attempts/full40_20260916_h2o_static_safe/seed20260906/config.yaml,,,,,0.1,True,,0.1,,1.6953125,False,kivi_4bit_residual64,True,,balanced_two_gpu,1,persistent,27527.78349816799,16714,31591.061884071678,,,30.0,29.84912109375,3.51708984375,3.51708984375,3.51708984375,2567.220378899947,unknown,True,,True,,False,,15186.45556640625,True,static_best,False,0.0,0.0,kivi_4bit_residual64,0.0,,risk_evidence_insufficient,0.0,static_best,198.71275615878403,,,,hybrid-session-006-turn-1,3.51708984375,0.0,3.51708984375,0.0,0.0,/DATACENTER3/zhenxiang.wang/work/TailGuardKV/.worktrees/baseline-smoke-final-aggregation/out/full_25session_baseline_9_14/full/policy_attempts/full40_20260916_h2o_static_safe/seed20260906,True,calibrated safe,hybrid-session-006,chat,199.52195906080306,1,risk_evidence_insufficient
kivi_4bit_residual64,13.0,0.1,False,True,online_qwen,True,,/DATACENTER3/zhenxiang.wang/work/TailGuardKV/.worktrees/baseline-smoke-final-aggregation/out/full_25session_baseline_9_14/full/policy_attempts/full40_20260916_h2o_static_safe/seed20260906/config.yaml,,,,,0.1,True,,0.1,,3.3359375,False,kivi_4bit_residual64,True,,balanced_two_gpu,1,persistent,27527.78349816799,16714,31591.061884071678,,,30.0,28.81005859375,2.296875,2.296875,2.296875,1729.0861818473786,unknown,True,,True,,False,,15138.44384765625,True,static_best,False,0.0,0.0,kivi_4bit_residual64,0.0,,risk_evidence_insufficient,0.0,static_best,126.70474499464035,,,,hybrid-session-009-turn-1,2.296875,0.0,2.296875,0.0,0.0,/DATACENTER3/zhenxiang.wang/work/TailGuardKV/.worktrees/baseline-smoke-final-aggregation/out/full_25session_baseline_9_14/full/policy_attempts/full40_20260916_h2o_static_safe/seed20260906,True,calibrated safe,hybrid-session-009,chat,127.40557384677231,1,risk_evidence_insufficient
kivi_4bit_residual64,13.0,0.1,False,True,online_qwen,True,,/DATACENTER3/zhenxiang.wang/work/TailGuardKV/.worktrees/baseline-smoke-final-aggregation/out/full_25session_baseline_9_14/full/policy_attempts/full40_20260916_h2o_static_safe/seed20260906/config.yaml,,,,,0.1,True,,0.1,,2.625,False,kivi_4bit_residual64,True,,balanced_two_gpu,1,persistent,27527.78349816799,16714,31591.061884071678,,,30.0,29.46630859375,3.28125,3.28125,3.28125,1685.395382810384,unknown,True,,True,,False,,15132.30615234375,True,static_best,False,0.0,0.0,kivi_4bit_residual64,0.0,,risk_evidence_insufficient,0.0,static_best,125.86503499187529,,,,hybrid-session-010-turn-1,3.28125,0.0,3.28125,0.0,0.0,/DATACENTER3/zhenxiang.wang/work/TailGuardKV/.worktrees/baseline-smoke-final-aggregation/out/full_25session_baseline_9_14/full/policy_attempts/full40_20260916_h2o_static_safe/seed20260906,True,calibrated safe,hybrid-session-010,chat,126.64991896599531,1,risk_evidence_insufficient
kivi_4bit_residual64,13.0,0.1,False,True,online_qwen,True,,/DATACENTER3/zhenxiang.wang/work/TailGuardKV/.worktrees/baseline-smoke-final-aggregation/out/full_25session_baseline_9_14/full/policy_attempts/full40_20260916_h2o_static_safe/seed20260906/config.yaml,,,,,0.1,True,,0.1,,4.703125,False,kivi_4bit_residual64,True,,balanced_two_gpu,1,persistent,27527.78349816799,16714,31591.061884071678,,,30.0,28.09912109375,3.3359375,3.3359375,3.3359375,1699.4242549408227,unknown,True,,True,,False,,15134.18408203125,True,static_best,False,0.0,0.0,kivi_4bit_residual64,0.0,,risk_evidence_insufficient,0.0,static_best,119.39398501999676,,,,hybrid-session-013-turn-1,3.3359375,0.0,3.3359375,0.0,0.0,/DATACENTER3/zhenxiang.wang/work/TailGuardKV/.worktrees/baseline-smoke-final-aggregation/out/full_25session_baseline_9_14/full/policy_attempts/full40_20260916_h2o_static_safe/seed20260906,True,calibrated safe,hybrid-session-013,chat,120.26788899675012,1,risk_evidence_insufficient
kivi_4bit_residual64,13.0,0.1,False,True,online_qwen,True,,/DATACENTER3/zhenxiang.wang/work/TailGuardKV/.worktrees/baseline-smoke-final-aggregation/out/full_25session_baseline_9_14/full/policy_attempts/full40_20260916_h2o_static_safe/seed20260906/config.yaml,,,,,0.1,True,,0.1,,1.96875,False,kivi_4bit_residual64,True,,balanced_two_gpu,1,persistent,27527.78349816799,16714,31591.061884071678,,,30.0,28.893798828125,2.763427734375,2.763427734375,2.763427734375,2399.4064109865576,unknown,True,,True,,False,,15156.43408203125,True,static_best,False,0.0,0.0,kivi_4bit_residual64,0.0,,risk_evidence_insufficient,0.0,static_best,124.41642209887505,,,,hybrid-session-016-turn-1,2.763427734375,0.0,2.763427734375,0.0,0.0,/DATACENTER3/zhenxiang.wang/work/TailGuardKV/.worktrees/baseline-smoke-final-aggregation/out/full_25session_baseline_9_14/full/policy_attempts/full40_20260916_h2o_static_safe/seed20260906,True,calibrated safe,hybrid-session-016,chat,125.17723883502185,1,risk_evidence_insufficient
kivi_4bit_residual64,13.0,0.1,False,True,online_qwen,True,,/DATACENTER3/zhenxiang.wang/work/TailGuardKV/.worktrees/baseline-smoke-final-aggregation/out/full_25session_baseline_9_14/full/policy_attempts/full40_20260916_h2o_static_safe/seed20260906/config.yaml,,,,,0.1,True,,0.1,,2.1875,False,kivi_4bit_residual64,True,,balanced_two_gpu,1,persistent,27527.78349816799,16714,31591.061884071678,,,30.0,29.577392578125,2.87109375,2.87109375,2.87109375,2507.648029131815,unknown,True,,True,,False,,15162.81005859375,True,static_best,False,0.0,0.0,kivi_4bit_residual64,0.0,,risk_evidence_insufficient,0.0,static_best,184.46550983935595,,,,hybrid-session-020-turn-1,2.87109375,0.0,2.87109375,0.0,0.0,/DATACENTER3/zhenxiang.wang/work/TailGuardKV/.worktrees/baseline-smoke-final-aggregation/out/full_25session_baseline_9_14/full/policy_attempts/full40_20260916_h2o_static_safe/seed20260906,True,calibrated safe,hybrid-session-020,chat,185.1438342127949,1,risk_evidence_insufficient
kivi_4bit_residual64,13.0,0.1,False,True,online_qwen,True,,/DATACENTER3/zhenxiang.wang/work/TailGuardKV/.worktrees/baseline-smoke-final-aggregation/out/full_25session_baseline_9_14/full/policy_attempts/full40_20260916_h2o_static_safe/seed20260906/config.yaml,,,,,0.1,True,,0.1,,5.446533203125,False,kivi_4bit_residual64,True,,balanced_two_gpu,1,persistent,27527.78349816799,16714,31591.061884071678,,,30.0,27.181396484375,3.050537109375,3.050537109375,3.050537109375,2100.1019200775772,unknown,True,,True,,False,,15168.62744140625,True,static_best,False,0.0,0.0,kivi_4bit_residual64,0.0,,risk_evidence_insufficient,0.0,static_best,185.07206393405795,,,,hybrid-session-021-turn-1,3.050537109375,0.0,3.050537109375,0.0,0.0,/DATACENTER3/zhenxiang.wang/work/TailGuardKV/.worktrees/baseline-smoke-final-aggregation/out/full_25session_baseline_9_14/full/policy_attempts/full40_20260916_h2o_static_safe/seed20260906,True,calibrated safe,hybrid-session-021,chat,185.87203207425773,1,risk_evidence_insufficient
kivi_4bit_residual64,13.0,0.1,False,True,online_qwen,True,,/DATACENTER3/zhenxiang.wang/work/TailGuardKV/.worktrees/baseline-smoke-final-aggregation/out/full_25session_baseline_9_14/full/policy_attempts/full40_20260916_h2o_static_safe/seed20260906/config.yaml,,,,,0.1,True,,0.1,,3.265869140625,False,kivi_4bit_residual64,True,,balanced_two_gpu,1,persistent,27527.78349816799,16714,31591.061884071678,,,30.0,27.30615234375,3.390625,3.390625,3.390625,1688.3720529731363,unknown,True,,True,,False,,15134.60888671875,True,static_best,False,0.005128205128205128,0.005128205128205128,kivi_4bit_residual64,0.005128205128205128,,risk_evidence_insufficient,0.0,static_best,119.12430194206536,,,,hybrid-session-025-turn-1,3.390625,0.0,3.390625,0.0,0.005128205128205128,/DATACENTER3/zhenxiang.wang/work/TailGuardKV/.worktrees/baseline-smoke-final-aggregation/out/full_25session_baseline_9_14/full/policy_attempts/full40_20260916_h2o_static_safe/seed20260906,True,calibrated safe,hybrid-session-025,chat,119.90750092081726,1,risk_evidence_insufficient
kivi_4bit_residual64,13.0,0.1,False,True,online_qwen,True,,/DATACENTER3/zhenxiang.wang/work/TailGuardKV/.worktrees/baseline-smoke-final-aggregation/out/full_25session_baseline_9_14/full/policy_attempts/full40_20260916_h2o_static_safe/seed20260906/config.yaml,,,,,0.1,True,,0.1,,2.79931640625,False,kivi_4bit_residual64,True,,balanced_two_gpu,1,persistent,27527.78349816799,16714,31591.061884071678,,,30.0,27.59326171875,3.08642578125,3.08642578125,3.08642578125,2065.5149640515447,unknown,True,,True,,False,,15169.46533203125,True,static_best,False,0.0,0.0,kivi_4bit_residual64,0.0,,risk_evidence_insufficient,0.0,static_best,174.2233969271183,,,,hybrid-session-026-turn-1,3.08642578125,0.0,3.08642578125,0.0,0.0,/DATACENTER3/zhenxiang.wang/work/TailGuardKV/.worktrees/baseline-smoke-final-aggregation/out/full_25session_baseline_9_14/full/policy_attempts/full40_20260916_h2o_static_safe/seed20260906,True,calibrated safe,hybrid-session-026,chat,175.03597703762352,1,risk_evidence_insufficient
kivi_4bit_residual64,13.0,0.1,True,True,online_qwen,True,,/DATACENTER3/zhenxiang.wang/work/TailGuardKV/.worktrees/baseline-smoke-final-aggregation/out/full_25session_baseline_9_14/full/policy_attempts/full40_20260916_h2o_static_safe/seed20260906/config.yaml,,,,,0.1,True,,0.1,,3.51708984375,False,kivi_4bit_residual64,True,,balanced_two_gpu,1,persistent,27527.78349816799,16714,31591.061884071678,,,30.0,28.811767578125,4.735595703125,4.735595703125,4.735595703125,2179.6867719385773,unknown,True,,True,,False,,15336.50830078125,True,static_best,False,0.0,0.0,kivi_4bit_residual64,0.0,,risk_evidence_insufficient,0.0,static_best,260.0272260606289,,,,hybrid-session-002-turn-2,4.735595703125,0.0,4.735595703125,0.0,0.0,/DATACENTER3/zhenxiang.wang/work/TailGuardKV/.worktrees/baseline-smoke-final-aggregation/out/full_25session_baseline_9_14/full/policy_attempts/full40_20260916_h2o_static_safe/seed20260906,True,calibrated safe,hybrid-session-002,qa,260.88230195455253,2,risk_evidence_insufficient
kivi_4bit_residual64,13.0,0.1,False,True,online_qwen,True,,/DATACENTER3/zhenxiang.wang/work/TailGuardKV/.worktrees/baseline-smoke-final-aggregation/out/full_25session_baseline_9_14/full/policy_attempts/full40_20260916_h2o_static_safe/seed20260906/config.yaml,,,,,0.1,True,,0.1,,5.578125,False,kivi_4bit_residual64,True,,balanced_two_gpu,1,persistent,27527.78349816799,16714,31591.061884071678,,,30.0,28.5263671875,5.292724609375,5.292724609375,5.292724609375,2257.1743929293007,unknown,True,,True,,False,,15310.34619140625,True,static_best,False,0.0,0.0,kivi_4bit_residual64,0.0,,risk_evidence_insufficient,0.0,static_best,239.0779759734869,,,,hybrid-session-003-turn-2,5.292724609375,0.0,5.292724609375,0.0,0.0,/DATACENTER3/zhenxiang.wang/work/TailGuardKV/.worktrees/baseline-smoke-final-aggregation/out/full_25session_baseline_9_14/full/policy_attempts/full40_20260916_h2o_static_safe/seed20260906,True,calibrated safe,hybrid-session-003,summary,239.85208105295897,2,risk_evidence_insufficient
kivi_4bit_residual64,13.0,0.1,False,True,online_qwen,True,,/DATACENTER3/zhenxiang.wang/work/TailGuardKV/.worktrees/baseline-smoke-final-aggregation/out/full_25session_baseline_9_14/full/policy_attempts/full40_20260916_h2o_static_safe/seed20260906/config.yaml,,,,,0.1,True,,0.1,,6.099365234375,False,kivi_4bit_residual64,True,,balanced_two_gpu,1,persistent,27527.78349816799,16714,31591.061884071678,,,30.0,27.342041015625,4.9150390625,4.9150390625,4.9150390625,2694.1870970185846,unknown,True,,True,,False,,15344.98583984375,True,static_best,False,0.03418803418803419,0.03418803418803419,kivi_4bit_residual64,0.03418803418803419,,risk_evidence_insufficient,0.0,static_best,236.0251541249454,,,,hybrid-session-004-turn-2,4.9150390625,0.0,4.9150390625,0.0,0.3418803418803419,/DATACENTER3/zhenxiang.wang/work/TailGuardKV/.worktrees/baseline-smoke-final-aggregation/out/full_25session_baseline_9_14/full/policy_attempts/full40_20260916_h2o_static_safe/seed20260906,False,calibrated unsafe,hybrid-session-004,qa,236.87985609285533,2,risk_evidence_insufficient
kivi_4bit_residual64,13.0,0.1,False,True,online_qwen,True,,/DATACENTER3/zhenxiang.wang/work/TailGuardKV/.worktrees/baseline-smoke-final-aggregation/out/full_25session_baseline_9_14/full/policy_attempts/full40_20260916_h2o_static_safe/seed20260906/config.yaml,,,,,0.1,True,,0.1,,2.87109375,False,kivi_4bit_residual64,True,,balanced_two_gpu,1,persistent,27527.78349816799,16714,31591.061884071678,,,30.0,29.134765625,4.663818359375,4.663818359375,4.663818359375,2655.048683984205,unknown,True,,True,,False,,15333.52587890625,True,static_best,False,0.0,0.0,kivi_4bit_residual64,0.0,,risk_evidence_insufficient,0.0,static_best,234.92221115157008,,,,hybrid-session-005-turn-2,4.663818359375,0.0,4.663818359375,0.0,0.0,/DATACENTER3/zhenxiang.wang/work/TailGuardKV/.worktrees/baseline-smoke-final-aggregation/out/full_25session_baseline_9_14/full/policy_attempts/full40_20260916_h2o_static_safe/seed20260906,True,calibrated safe,hybrid-session-005,summary,235.7373288832605,2,risk_evidence_insufficient
kivi_4bit_residual64,13.0,0.1,False,True,online_qwen,True,,/DATACENTER3/zhenxiang.wang/work/TailGuardKV/.worktrees/baseline-smoke-final-aggregation/out/full_25session_baseline_9_14/full/policy_attempts/full40_20260916_h2o_static_safe/seed20260906/config.yaml,,,,,0.1,True,,0.1,,6.441162109375,False,kivi_4bit_residual64,True,,balanced_two_gpu,1,persistent,27527.78349816799,16714,31591.061884071678,,,30.0,28.900634765625,6.20703125,6.20703125,6.20703125,2618.420968996361,unknown,True,,True,,False,,15398.94384765625,True,static_best,False,0.03418803418803419,0.03418803418803419,kivi_4bit_residual64,0.03418803418803419,,risk_evidence_insufficient,0.0,static_best,276.89069020561874,,,,hybrid-session-006-turn-2,6.20703125,0.0,6.20703125,0.0,0.3418803418803419,/DATACENTER3/zhenxiang.wang/work/TailGuardKV/.worktrees/baseline-smoke-final-aggregation/out/full_25session_baseline_9_14/full/policy_attempts/full40_20260916_h2o_static_safe/seed20260906,False,calibrated unsafe,hybrid-session-006,qa,277.6314909569919,2,risk_evidence_insufficient
kivi_4bit_residual64,13.0,0.1,False,True,online_qwen,True,,/DATACENTER3/zhenxiang.wang/work/TailGuardKV/.worktrees/baseline-smoke-final-aggregation/out/full_25session_baseline_9_14/full/policy_attempts/full40_20260916_h2o_static_safe/seed20260906/config.yaml,,,,,0.1,True,,0.1,,7.822021484375,False,kivi_4bit_residual64,True,,balanced_two_gpu,1,persistent,27527.78349816799,16714,31591.061884071678,,,30.0,26.227783203125,5.149169921875,5.149169921875,5.149169921875,2398.3570758718997,unknown,True,,True,,False,,15304.57275390625,True,static_best,False,0.0,0.0,kivi_4bit_residual64,0.0,,risk_evidence_insufficient,0.0,static_best,240.39896484464407,,,,hybrid-session-009-turn-2,5.149169921875,0.0,5.149169921875,0.0,0.0,/DATACENTER3/zhenxiang.wang/work/TailGuardKV/.worktrees/baseline-smoke-final-aggregation/out/full_25session_baseline_9_14/full/policy_attempts/full40_20260916_h2o_static_safe/seed20260906,True,calibrated safe,hybrid-session-009,summary,241.15036195144057,2,risk_evidence_insufficient
kivi_4bit_residual64,13.0,0.1,False,True,online_qwen,True,,/DATACENTER3/zhenxiang.wang/work/TailGuardKV/.worktrees/baseline-smoke-final-aggregation/out/full_25session_baseline_9_14/full/policy_attempts/full40_20260916_h2o_static_safe/seed20260906/config.yaml,,,,,0.1,True,,0.1,,5.292724609375,False,kivi_4bit_residual64,True,,balanced_two_gpu,1,persistent,27527.78349816799,16714,31591.061884071678,,,30.0,26.514892578125,5.579833984375,5.579833984375,5.579833984375,2595.7327221985906,unknown,True,,True,,False,,15319.65087890625,True,static_best,False,0.0,0.0,kivi_4bit_residual64,0.0,,risk_evidence_insufficient,0.0,static_best,235.62988499179482,,,,hybrid-session-010-turn-2,5.579833984375,0.0,5.579833984375,0.0,0.0,/DATACENTER3/zhenxiang.wang/work/TailGuardKV/.worktrees/baseline-smoke-final-aggregation/out/full_25session_baseline_9_14/full/policy_attempts/full40_20260916_h2o_static_safe/seed20260906,True,calibrated safe,hybrid-session-010,qa,236.3956121262163,2,risk_evidence_insufficient
kivi_4bit_residual64,13.0,0.1,True,False,online_qwen,False,,/DATACENTER3/zhenxiang.wang/work/TailGuardKV/.worktrees/baseline-smoke-final-aggregation/out/full_25session_baseline_9_14/full/policy_attempts/full40_20260916_h2o_static_safe/seed20260906/config.yaml,,,,,0.1,True,,0.1,"OutOfMemoryError: CUDA out of memory. Tried to allocate 20.00 MiB. GPU 0 has a total capacity of 10.75 GiB of which 7.62 MiB is free. Including non-PyTorch memory, this process has 7.81 GiB memory in use. Process 18700 has 2.93 GiB memory in use. Of the allocated memory 6.91 GiB is allocated by PyTorch, and 107.97 MiB is reserved by PyTorch but unallocated. If reserved but unallocated memory is large try setting PYTORCH_CUDA_ALLOC_CONF=expandable_segments:True to avoid fragmentation.  See documentation for Memory Management  (https://pytorch.org/docs/stable/notes/cuda.html#environment-variables)",26.514892578125,False,kivi_4bit_residual64,True,,balanced_two_gpu,1,persistent,27527.78349816799,16714,31591.061884071678,true,,30.0,0.0,,,,,unknown,False,,False,,False,,,True,static_best,False,0.0,0.0,kivi_4bit_residual64,0.0,,risk_evidence_insufficient,0.011646270751953125,static_best,0.0,,,,hybrid-session-013-turn-2,0.0,0.0,,0.0,0.0,/DATACENTER3/zhenxiang.wang/work/TailGuardKV/.worktrees/baseline-smoke-final-aggregation/out/full_25session_baseline_9_14/full/policy_attempts/full40_20260916_h2o_static_safe/seed20260906,True,calibrated safe,hybrid-session-013,summary,,2,risk_evidence_insufficient
kivi_4bit_residual64,13.0,0.1,True,False,online_qwen,False,,/DATACENTER3/zhenxiang.wang/work/TailGuardKV/.worktrees/baseline-smoke-final-aggregation/out/full_25session_baseline_9_14/full/policy_attempts/full40_20260916_h2o_static_safe/seed20260906/config.yaml,,,,,0.1,True,,0.1,,0,False,kivi_4bit_residual64,True,,balanced_two_gpu,1,persistent,27527.78349816799,16714,31591.061884071678,,,30.0,9.435302734375,4.735595703125,4.735595703125,4.735595703125,2198.374632978812,unknown,True,,True,,False,,15313.55322265625,True,static_best,False,0.03418803418803419,0.03418803418803419,kivi_4bit_residual64,0.03418803418803419,,risk_evidence_insufficient,0.0,static_best,230.5041009094566,,,,hybrid-session-020-turn-2,4.735595703125,0.0,4.735595703125,0.0,0.3418803418803419,/DATACENTER3/zhenxiang.wang/work/TailGuardKV/.worktrees/baseline-smoke-final-aggregation/out/full_25session_baseline_9_14/full/policy_attempts/full40_20260916_h2o_static_safe/seed20260906,False,calibrated unsafe,hybrid-session-020,qa,231.47843009792268,2,risk_evidence_insufficient
kivi_4bit_residual64,13.0,0.1,False,False,online_qwen,False,,/DATACENTER3/zhenxiang.wang/work/TailGuardKV/.worktrees/baseline-smoke-final-aggregation/out/full_25session_baseline_9_14/full/policy_attempts/full40_20260916_h2o_static_safe/seed20260906/config.yaml,,,,,0.1,True,,0.1,,0,False,kivi_4bit_residual64,True,,balanced_two_gpu,1,persistent,27527.78349816799,16714,31591.061884071678,,,30.0,14.52978515625,5.094482421875,5.094482421875,5.094482421875,2259.537701960653,unknown,True,,True,,False,,15331.34814453125,True,static_best,False,0.0,0.0,kivi_4bit_residual64,0.0,,risk_evidence_insufficient,0.0,static_best,274.98746500350535,,,,hybrid-session-021-turn-2,5.094482421875,0.0,5.094482421875,0.0,0.0,/DATACENTER3/zhenxiang.wang/work/TailGuardKV/.worktrees/baseline-smoke-final-aggregation/out/full_25session_baseline_9_14/full/policy_attempts/full40_20260916_h2o_static_safe/seed20260906,True,calibrated safe,hybrid-session-021,summary,275.7984730415046,2,risk_evidence_insufficient
kivi_4bit_residual64,13.0,0.1,False,False,online_qwen,False,,/DATACENTER3/zhenxiang.wang/work/TailGuardKV/.worktrees/baseline-smoke-final-aggregation/out/full_25session_baseline_9_14/full/policy_attempts/full40_20260916_h2o_static_safe/seed20260906/config.yaml,,,,,0.1,True,,0.1,,0,False,kivi_4bit_residual64,True,,balanced_two_gpu,1,persistent,27527.78349816799,16714,31591.061884071678,,,30.0,19.966064453125,5.436279296875,5.436279296875,5.436279296875,2466.4865660015494,unknown,True,,True,,False,,15301.99658203125,True,static_best,False,0.0,0.0,kivi_4bit_residual64,0.0,,risk_evidence_insufficient,0.0,static_best,239.79879496619105,,,,hybrid-session-025-turn-2,5.436279296875,0.0,5.436279296875,0.0,0.0,/DATACENTER3/zhenxiang.wang/work/TailGuardKV/.worktrees/baseline-smoke-final-aggregation/out/full_25session_baseline_9_14/full/policy_attempts/full40_20260916_h2o_static_safe/seed20260906,True,calibrated safe,hybrid-session-025,summary,240.4966070316732,2,risk_evidence_insufficient
kivi_4bit_residual64,13.0,0.1,False,False,online_qwen,False,,/DATACENTER3/zhenxiang.wang/work/TailGuardKV/.worktrees/baseline-smoke-final-aggregation/out/full_25session_baseline_9_14/full/policy_attempts/full40_20260916_h2o_static_safe/seed20260906/config.yaml,,,,,0.1,True,,0.1,,0,False,kivi_4bit_residual64,True,,balanced_two_gpu,1,persistent,27527.78349816799,16714,31591.061884071678,,,30.0,25.168212890625,5.2021484375,5.2021484375,5.2021484375,2604.328115005046,unknown,True,,True,,False,,15346.38427734375,True,static_best,False,0.03418803418803419,0.03418803418803419,kivi_4bit_residual64,0.03418803418803419,,risk_evidence_insufficient,0.0,static_best,256.17514410987496,,,,hybrid-session-026-turn-2,5.2021484375,0.0,5.2021484375,0.0,0.3418803418803419,/DATACENTER3/zhenxiang.wang/work/TailGuardKV/.worktrees/baseline-smoke-final-aggregation/out/full_25session_baseline_9_14/full/policy_attempts/full40_20260916_h2o_static_safe/seed20260906,False,calibrated unsafe,hybrid-session-026,qa,257.07474909722805,2,risk_evidence_insufficient
kivi_4bit_residual64,13.0,0.1,False,True,online_qwen,True,,/DATACENTER3/zhenxiang.wang/work/TailGuardKV/.worktrees/baseline-smoke-final-aggregation/out/full_25session_baseline_9_14/full/policy_attempts/full40_20260916_h2o_static_safe/seed20260906/config.yaml,,,,,0.1,True,,0.1,,4.69970703125,False,kivi_4bit_residual64,True,,balanced_two_gpu,1,persistent,27527.78349816799,16714,31591.061884071678,,,30.0,26.890869140625,6.42236328125,6.42236328125,6.42236328125,2712.86089415662,unknown,True,,True,,False,,15403.13427734375,True,static_best,False,0.0,0.0,kivi_4bit_residual64,0.0,,risk_evidence_insufficient,0.0,static_best,276.5189791098237,,,,hybrid-session-002-turn-3,6.42236328125,0.0,6.42236328125,0.0,0.0,/DATACENTER3/zhenxiang.wang/work/TailGuardKV/.worktrees/baseline-smoke-final-aggregation/out/full_25session_baseline_9_14/full/policy_attempts/full40_20260916_h2o_static_safe/seed20260906,True,calibrated safe,hybrid-session-002,qa,277.54078013822436,3,risk_evidence_insufficient
kivi_4bit_residual64,13.0,0.1,False,True,online_qwen,True,,/DATACENTER3/zhenxiang.wang/work/TailGuardKV/.worktrees/baseline-smoke-final-aggregation/out/full_25session_baseline_9_14/full/policy_attempts/full40_20260916_h2o_static_safe/seed20260906/config.yaml,,,,,0.1,True,,0.1,,4.735595703125,False,kivi_4bit_residual64,True,,balanced_two_gpu,1,persistent,27527.78349816799,16714,31591.061884071678,,,30.0,27.895751953125,5.740478515625,5.740478515625,5.740478515625,2171.1248129140586,unknown,True,,True,,False,,15376.13330078125,True,static_best,False,0.0,0.0,kivi_4bit_residual64,0.0,,risk_evidence_insufficient,0.0,static_best,250.2820889931172,,,,hybrid-session-003-turn-3,5.740478515625,0.0,5.740478515625,0.0,0.0,/DATACENTER3/zhenxiang.wang/work/TailGuardKV/.worktrees/baseline-smoke-final-aggregation/out/full_25session_baseline_9_14/full/policy_attempts/full40_20260916_h2o_static_safe/seed20260906,True,calibrated safe,hybrid-session-003,summary,251.11199682578444,3,risk_evidence_insufficient
kivi_4bit_residual64,13.0,0.1,False,True,online_qwen,True,,/DATACENTER3/zhenxiang.wang/work/TailGuardKV/.worktrees/baseline-smoke-final-aggregation/out/full_25session_baseline_9_14/full/policy_attempts/full40_20260916_h2o_static_safe/seed20260906/config.yaml,,,,,0.1,True,,0.1,,5.094482421875,False,kivi_4bit_residual64,True,,balanced_two_gpu,1,persistent,27527.78349816799,16714,31591.061884071678,,,30.0,29.403076171875,6.601806640625,6.601806640625,6.601806640625,2704.093797132373,unknown,True,,True,,False,,15413.28564453125,True,static_best,False,0.03418803418803419,0.03418803418803419,kivi_4bit_residual64,0.03418803418803419,,risk_evidence_insufficient,0.0,static_best,271.84351393952966,,,,hybrid-session-004-turn-3,6.601806640625,0.0,6.601806640625,0.0,0.3418803418803419,/DATACENTER3/zhenxiang.wang/work/TailGuardKV/.worktrees/baseline-smoke-final-aggregation/out/full_25session_baseline_9_14/full/policy_attempts/full40_20260916_h2o_static_safe/seed20260906,False,calibrated unsafe,hybrid-session-004,qa,272.59189495816827,3,risk_evidence_insufficient
kivi_4bit_residual64,13.0,0.1,False,True,online_qwen,True,,/DATACENTER3/zhenxiang.wang/work/TailGuardKV/.worktrees/baseline-smoke-final-aggregation/out/full_25session_baseline_9_14/full/policy_attempts/full40_20260916_h2o_static_safe/seed20260906/config.yaml,,,,,0.1,True,,0.1,,10.638427734375,False,kivi_4bit_residual64,True,,balanced_two_gpu,1,persistent,27527.78349816799,16714,31591.061884071678,,,30.0,25.079345703125,6.314697265625,6.314697265625,6.314697265625,2704.220083076507,unknown,True,,True,,False,,15402.90087890625,True,static_best,False,0.0,0.0,kivi_4bit_residual64,0.0,,risk_evidence_insufficient,0.0,static_best,272.3229269031435,,,,hybrid-session-005-turn-3,6.314697265625,0.0,6.314697265625,0.0,0.0,/DATACENTER3/zhenxiang.wang/work/TailGuardKV/.worktrees/baseline-smoke-final-aggregation/out/full_25session_baseline_9_14/full/policy_attempts/full40_20260916_h2o_static_safe/seed20260906,True,calibrated safe,hybrid-session-005,summary,273.10954593122005,3,risk_evidence_insufficient
kivi_4bit_residual64,13.0,0.1,False,True,online_qwen,True,,/DATACENTER3/zhenxiang.wang/work/TailGuardKV/.worktrees/baseline-smoke-final-aggregation/out/full_25session_baseline_9_14/full/policy_attempts/full40_20260916_h2o_static_safe/seed20260906/config.yaml,,,,,0.1,True,,0.1,,6.42236328125,False,kivi_4bit_residual64,True,,balanced_two_gpu,1,persistent,27527.78349816799,16714,31591.061884071678,,,30.0,25.34765625,6.690673828125,6.690673828125,6.690673828125,2796.1392260622233,unknown,True,,True,,False,,15463.1826171875,True,static_best,False,0.0,0.0,kivi_4bit_residual64,0.0,,risk_evidence_insufficient,0.0,static_best,329.62003396824,,,,hybrid-session-006-turn-3,6.690673828125,0.0,6.690673828125,0.0,0.0,/DATACENTER3/zhenxiang.wang/work/TailGuardKV/.worktrees/baseline-smoke-final-aggregation/out/full_25session_baseline_9_14/full/policy_attempts/full40_20260916_h2o_static_safe/seed20260906,True,calibrated safe,hybrid-session-006,qa,330.40420804172754,3,risk_evidence_insufficient
kivi_4bit_residual64,13.0,0.1,False,True,online_qwen,True,,/DATACENTER3/zhenxiang.wang/work/TailGuardKV/.worktrees/baseline-smoke-final-aggregation/out/full_25session_baseline_9_14/full/policy_attempts/full40_20260916_h2o_static_safe/seed20260906/config.yaml,,,,,0.1,True,,0.1,,5.740478515625,False,kivi_4bit_residual64,True,,balanced_two_gpu,1,persistent,27527.78349816799,16714,31591.061884071678,,,30.0,25.2041015625,5.596923828125,5.596923828125,5.596923828125,2685.8159438706934,unknown,True,,True,,False,,15368.09619140625,True,static_best,False,0.0,0.0,kivi_4bit_residual64,0.0,,risk_evidence_insufficient,0.0,static_best,258.63506784662604,,,,hybrid-session-009-turn-3,5.596923828125,0.0,5.596923828125,0.0,0.0,/DATACENTER3/zhenxiang.wang/work/TailGuardKV/.worktrees/baseline-smoke-final-aggregation/out/full_25session_baseline_9_14/full/policy_attempts/full40_20260916_h2o_static_safe/seed20260906,True,calibrated safe,hybrid-session-009,summary,259.5016499981284,3,risk_evidence_insufficient
kivi_4bit_residual64,13.0,0.1,False,True,online_qwen,True,,/DATACENTER3/zhenxiang.wang/work/TailGuardKV/.worktrees/baseline-smoke-final-aggregation/out/full_25session_baseline_9_14/full/policy_attempts/full40_20260916_h2o_static_safe/seed20260906/config.yaml,,,,,0.1,True,,0.1,,6.601806640625,False,kivi_4bit_residual64,True,,balanced_two_gpu,1,persistent,27527.78349816799,16714,31591.061884071678,,,30.0,24.665771484375,6.0634765625,6.0634765625,6.0634765625,2717.2500090673566,unknown,True,,True,,False,,15388.24560546875,True,static_best,False,0.0,0.0,kivi_4bit_residual64,0.0,,risk_evidence_insufficient,0.0,static_best,269.94728599675,,,,hybrid-session-010-turn-3,6.0634765625,0.0,6.0634765625,0.0,0.0,/DATACENTER3/zhenxiang.wang/work/TailGuardKV/.worktrees/baseline-smoke-final-aggregation/out/full_25session_baseline_9_14/full/policy_attempts/full40_20260916_h2o_static_safe/seed20260906,True,calibrated safe,hybrid-session-010,qa,270.7017329521477,3,risk_evidence_insufficient
kivi_4bit_residual64,13.0,0.1,False,False,online_qwen,False,,/DATACENTER3/zhenxiang.wang/work/TailGuardKV/.worktrees/baseline-smoke-final-aggregation/out/full_25session_baseline_9_14/full/policy_attempts/full40_20260916_h2o_static_safe/seed20260906/config.yaml,,,,,0.1,True,,0.1,,0,False,kivi_4bit_residual64,True,,balanced_two_gpu,1,persistent,27527.78349816799,16714,31591.061884071678,,,30.0,28.505859375,3.840087890625,3.840087890625,3.840087890625,2242.8929610177875,unknown,True,,True,,False,,15197.79150390625,True,static_best,False,0.0,0.0,kivi_4bit_residual64,0.0,,risk_evidence_insufficient,0.0,static_best,181.41694413498044,,,,hybrid-session-013-turn-3,3.840087890625,0.0,3.840087890625,0.0,0.0,/DATACENTER3/zhenxiang.wang/work/TailGuardKV/.worktrees/baseline-smoke-final-aggregation/out/full_25session_baseline_9_14/full/policy_attempts/full40_20260916_h2o_static_safe/seed20260906,True,calibrated safe,hybrid-session-013,summary,182.1299979928881,3,risk_evidence_insufficient
kivi_4bit_residual64,13.0,0.1,False,True,online_qwen,True,,/DATACENTER3/zhenxiang.wang/work/TailGuardKV/.worktrees/baseline-smoke-final-aggregation/out/full_25session_baseline_9_14/full/policy_attempts/full40_20260916_h2o_static_safe/seed20260906/config.yaml,,,,,0.1,True,,0.1,,6.314697265625,False,kivi_4bit_residual64,True,,balanced_two_gpu,1,persistent,27527.78349816799,16714,31591.061884071678,,,30.0,28.57763671875,6.386474609375,6.386474609375,6.386474609375,2713.900131871924,unknown,True,,True,,False,,15406.10400390625,True,static_best,False,0.0,0.0,kivi_4bit_residual64,0.0,,risk_evidence_insufficient,0.0,static_best,272.09276403300464,,,,hybrid-session-016-turn-3,6.386474609375,0.0,6.386474609375,0.0,0.0,/DATACENTER3/zhenxiang.wang/work/TailGuardKV/.worktrees/baseline-smoke-final-aggregation/out/full_25session_baseline_9_14/full/policy_attempts/full40_20260916_h2o_static_safe/seed20260906,True,calibrated safe,hybrid-session-016,qa,272.9270129930228,3,risk_evidence_insufficient
kivi_4bit_residual64,13.0,0.1,False,True,online_qwen,True,,/DATACENTER3/zhenxiang.wang/work/TailGuardKV/.worktrees/baseline-smoke-final-aggregation/out/full_25session_baseline_9_14/full/policy_attempts/full40_20260916_h2o_static_safe/seed20260906/config.yaml,,,,,0.1,True,,0.1,,6.690673828125,False,kivi_4bit_residual64,True,,balanced_two_gpu,1,persistent,27527.78349816799,16714,31591.061884071678,,,30.0,28.2734375,6.386474609375,6.386474609375,6.386474609375,2706.647536950186,unknown,True,,True,,False,,15406.17236328125,True,static_best,False,0.0,0.0,kivi_4bit_residual64,0.0,,risk_evidence_insufficient,0.0,static_best,263.62426299601793,,,,hybrid-session-020-turn-3,6.386474609375,0.0,6.386474609375,0.0,0.0,/DATACENTER3/zhenxiang.wang/work/TailGuardKV/.worktrees/baseline-smoke-final-aggregation/out/full_25session_baseline_9_14/full/policy_attempts/full40_20260916_h2o_static_safe/seed20260906,True,calibrated safe,hybrid-session-020,qa,264.4850539509207,3,risk_evidence_insufficient
kivi_4bit_residual64,13.0,0.1,False,True,online_qwen,True,,/DATACENTER3/zhenxiang.wang/work/TailGuardKV/.worktrees/baseline-smoke-final-aggregation/out/full_25session_baseline_9_14/full/policy_attempts/full40_20260916_h2o_static_safe/seed20260906/config.yaml,,,,,0.1,True,,0.1,,5.596923828125,False,kivi_4bit_residual64,True,,balanced_two_gpu,1,persistent,27527.78349816799,16714,31591.061884071678,,,30.0,29.421875,6.745361328125,6.745361328125,6.745361328125,2396.846815943718,unknown,True,,True,,False,,15421.52978515625,True,static_best,False,0.0,0.0,kivi_4bit_residual64,0.0,,risk_evidence_insufficient,0.0,static_best,276.2256860733032,,,,hybrid-session-021-turn-3,6.745361328125,0.0,6.745361328125,0.0,0.0,/DATACENTER3/zhenxiang.wang/work/TailGuardKV/.worktrees/baseline-smoke-final-aggregation/out/full_25session_baseline_9_14/full/policy_attempts/full40_20260916_h2o_static_safe/seed20260906,True,calibrated safe,hybrid-session-021,summary,277.00144215486944,3,risk_evidence_insufficient
kivi_4bit_residual64,13.0,0.1,False,True,online_qwen,True,,/DATACENTER3/zhenxiang.wang/work/TailGuardKV/.worktrees/baseline-smoke-final-aggregation/out/full_25session_baseline_9_14/full/policy_attempts/full40_20260916_h2o_static_safe/seed20260906/config.yaml,,,,,0.1,True,,0.1,,6.0634765625,False,kivi_4bit_residual64,True,,balanced_two_gpu,1,persistent,27527.78349816799,16714,31591.061884071678,,,30.0,29.20654296875,5.84814453125,5.84814453125,5.84814453125,2158.32821582444,unknown,True,,True,,False,,15382.57763671875,True,static_best,False,0.0,0.0,kivi_4bit_residual64,0.0,,risk_evidence_insufficient,0.0,static_best,241.70540506020188,,,,hybrid-session-025-turn-3,5.84814453125,0.0,5.84814453125,0.0,0.0,/DATACENTER3/zhenxiang.wang/work/TailGuardKV/.worktrees/baseline-smoke-final-aggregation/out/full_25session_baseline_9_14/full/policy_attempts/full40_20260916_h2o_static_safe/seed20260906,True,calibrated safe,hybrid-session-025,summary,242.39756679162383,3,risk_evidence_insufficient
kivi_4bit_residual64,13.0,0.1,False,True,online_qwen,True,,/DATACENTER3/zhenxiang.wang/work/TailGuardKV/.worktrees/baseline-smoke-final-aggregation/out/full_25session_baseline_9_14/full/policy_attempts/full40_20260916_h2o_static_safe/seed20260906/config.yaml,,,,,0.1,True,,0.1,,10.2265625,False,kivi_4bit_residual64,True,,balanced_two_gpu,1,persistent,27527.78349816799,16714,31591.061884071678,,,30.0,24.665771484375,5.685791015625,5.685791015625,5.685791015625,2751.8749369774014,unknown,True,,True,,False,,15427.39501953125,True,static_best,False,0.03418803418803419,0.03418803418803419,kivi_4bit_residual64,0.03418803418803419,,risk_evidence_insufficient,0.0,static_best,275.9174939710647,,,,hybrid-session-026-turn-3,5.685791015625,0.0,5.685791015625,0.0,0.3418803418803419,/DATACENTER3/zhenxiang.wang/work/TailGuardKV/.worktrees/baseline-smoke-final-aggregation/out/full_25session_baseline_9_14/full/policy_attempts/full40_20260916_h2o_static_safe/seed20260906,False,calibrated unsafe,hybrid-session-026,qa,276.7049139365554,3,risk_evidence_insufficient
kivi_4bit_residual64,13.0,0.1,False,True,online_qwen,True,,/DATACENTER3/zhenxiang.wang/work/TailGuardKV/.worktrees/baseline-smoke-final-aggregation/out/full_25session_baseline_9_14/full/policy_attempts/full40_20260916_h2o_static_safe/seed20260906/config.yaml,,,,,0.1,True,,0.1,,6.386474609375,False,kivi_4bit_residual64,True,,balanced_two_gpu,1,persistent,27527.78349816799,16714,31591.061884071678,,,30.0,25.005859375,6.7265625,6.7265625,6.7265625,2656.0802729800344,unknown,True,,True,,False,,15464.6416015625,True,static_best,False,0.0,0.0,kivi_4bit_residual64,0.0,,risk_evidence_insufficient,0.0,static_best,316.702987998724,,,,hybrid-session-002-turn-4,6.7265625,0.0,6.7265625,0.0,0.0,/DATACENTER3/zhenxiang.wang/work/TailGuardKV/.worktrees/baseline-smoke-final-aggregation/out/full_25session_baseline_9_14/full/policy_attempts/full40_20260916_h2o_static_safe/seed20260906,True,calibrated safe,hybrid-session-002,qa,317.4532288685441,4,risk_evidence_insufficient
kivi_4bit_residual64,13.0,0.1,False,True,online_qwen,True,,/DATACENTER3/zhenxiang.wang/work/TailGuardKV/.worktrees/baseline-smoke-final-aggregation/out/full_25session_baseline_9_14/full/policy_attempts/full40_20260916_h2o_static_safe/seed20260906/config.yaml,,,,,0.1,True,,0.1,,6.745361328125,False,kivi_4bit_residual64,True,,balanced_two_gpu,1,persistent,27527.78349816799,16714,31591.061884071678,,,30.0,24.30517578125,6.044677734375,6.044677734375,6.044677734375,2771.5424289926887,unknown,True,,True,,False,,15438.72900390625,True,static_best,False,0.0,0.0,kivi_4bit_residual64,0.0,,risk_evidence_insufficient,0.0,static_best,274.29625601507723,,,,hybrid-session-003-turn-4,6.044677734375,0.0,6.044677734375,0.0,0.0,/DATACENTER3/zhenxiang.wang/work/TailGuardKV/.worktrees/baseline-smoke-final-aggregation/out/full_25session_baseline_9_14/full/policy_attempts/full40_20260916_h2o_static_safe/seed20260906,True,calibrated safe,hybrid-session-003,summary,275.40352614596486,4,risk_evidence_insufficient
kivi_4bit_residual64,13.0,0.1,False,True,online_qwen,True,,/DATACENTER3/zhenxiang.wang/work/TailGuardKV/.worktrees/baseline-smoke-final-aggregation/out/full_25session_baseline_9_14/full/policy_attempts/full40_20260916_h2o_static_safe/seed20260906/config.yaml,,,,,0.1,True,,0.1,,5.84814453125,False,kivi_4bit_residual64,True,,balanced_two_gpu,1,persistent,27527.78349816799,16714,31591.061884071678,,,30.0,25.363037109375,6.906005859375,6.906005859375,6.906005859375,2755.949010141194,unknown,True,,True,,False,,15472.3369140625,True,static_best,False,0.0,0.0,kivi_4bit_residual64,0.0,,risk_evidence_insufficient,0.0,static_best,320.5480771139264,,,,hybrid-session-004-turn-4,6.906005859375,0.0,6.906005859375,0.0,0.0,/DATACENTER3/zhenxiang.wang/work/TailGuardKV/.worktrees/baseline-smoke-final-aggregation/out/full_25session_baseline_9_14/full/policy_attempts/full40_20260916_h2o_static_safe/seed20260906,True,calibrated safe,hybrid-session-004,qa,321.38588814996183,4,risk_evidence_insufficient
kivi_4bit_residual64,13.0,0.1,False,True,online_qwen,True,,/DATACENTER3/zhenxiang.wang/work/TailGuardKV/.worktrees/baseline-smoke-final-aggregation/out/full_25session_baseline_9_14/full/policy_attempts/full40_20260916_h2o_static_safe/seed20260906/config.yaml,,,,,0.1,True,,0.1,,5.685791015625,False,kivi_4bit_residual64,True,,balanced_two_gpu,1,persistent,27527.78349816799,16714,31591.061884071678,,,30.0,26.296142578125,6.618896484375,6.618896484375,6.618896484375,2776.690247002989,unknown,True,,True,,False,,15460.0244140625,True,static_best,False,0.0,0.0,kivi_4bit_residual64,0.0,,risk_evidence_insufficient,0.0,static_best,318.9158979803324,,,,hybrid-session-005-turn-4,6.618896484375,0.0,6.618896484375,0.0,0.0,/DATACENTER3/zhenxiang.wang/work/TailGuardKV/.worktrees/baseline-smoke-final-aggregation/out/full_25session_baseline_9_14/full/policy_attempts/full40_20260916_h2o_static_safe/seed20260906,True,calibrated safe,hybrid-session-005,summary,319.8908769991249,4,risk_evidence_insufficient
kivi_4bit_residual64,13.0,0.1,False,True,online_qwen,True,,/DATACENTER3/zhenxiang.wang/work/TailGuardKV/.worktrees/baseline-smoke-final-aggregation/out/full_25session_baseline_9_14/full/policy_attempts/full40_20260916_h2o_static_safe/seed20260906/config.yaml,,,,,0.1,True,,0.1,,6.7265625,False,kivi_4bit_residual64,True,,balanced_two_gpu,1,persistent,27527.78349816799,16714,31591.061884071678,,,30.0,26.564453125,6.994873046875,6.994873046875,6.994873046875,2764.9775098543614,unknown,True,,True,,False,,15527.2626953125,True,static_best,False,0.0,0.0,kivi_4bit_residual64,0.0,,risk_evidence_insufficient,0.0,static_best,321.74617797136307,,,,hybrid-session-006-turn-4,6.994873046875,0.0,6.994873046875,0.0,0.0,/DATACENTER3/zhenxiang.wang/work/TailGuardKV/.worktrees/baseline-smoke-final-aggregation/out/full_25session_baseline_9_14/full/policy_attempts/full40_20260916_h2o_static_safe/seed20260906,True,calibrated safe,hybrid-session-006,qa,322.5587857887149,4,risk_evidence_insufficient
kivi_4bit_residual64,13.0,0.1,True,True,online_qwen,True,,/DATACENTER3/zhenxiang.wang/work/TailGuardKV/.worktrees/baseline-smoke-final-aggregation/out/full_25session_baseline_9_14/full/policy_attempts/full40_20260916_h2o_static_safe/seed20260906/config.yaml,,,,,0.1,True,,0.1,,6.044677734375,False,kivi_4bit_residual64,True,,balanced_two_gpu,1,persistent,27527.78349816799,16714,31591.061884071678,,,30.0,26.4208984375,5.901123046875,5.901123046875,5.901123046875,2751.5877389814705,unknown,True,,True,,False,,15434.67431640625,True,static_best,False,0.0,0.0,kivi_4bit_residual64,0.0,,risk_evidence_insufficient,0.0,static_best,274.47753003798425,,,,hybrid-session-009-turn-4,5.901123046875,0.0,5.901123046875,0.0,0.0,/DATACENTER3/zhenxiang.wang/work/TailGuardKV/.worktrees/baseline-smoke-final-aggregation/out/full_25session_baseline_9_14/full/policy_attempts/full40_20260916_h2o_static_safe/seed20260906,True,calibrated safe,hybrid-session-009,summary,275.21914313547313,4,risk_evidence_insufficient
kivi_4bit_residual64,13.0,0.1,False,True,online_qwen,True,,/DATACENTER3/zhenxiang.wang/work/TailGuardKV/.worktrees/baseline-smoke-final-aggregation/out/full_25session_baseline_9_14/full/policy_attempts/full40_20260916_h2o_static_safe/seed20260906/config.yaml,,,,,0.1,True,,0.1,,6.906005859375,False,kivi_4bit_residual64,True,,balanced_two_gpu,1,persistent,27527.78349816799,16714,31591.061884071678,,,30.0,25.882568359375,6.36767578125,6.36767578125,6.36767578125,2776.646323967725,unknown,True,,True,,False,,15450.701171875,True,static_best,False,0.0,0.0,kivi_4bit_residual64,0.0,,risk_evidence_insufficient,0.0,static_best,314.7498711477965,,,,hybrid-session-010-turn-4,6.36767578125,0.0,6.36767578125,0.0,0.0,/DATACENTER3/zhenxiang.wang/work/TailGuardKV/.worktrees/baseline-smoke-final-aggregation/out/full_25session_baseline_9_14/full/policy_attempts/full40_20260916_h2o_static_safe/seed20260906,True,calibrated safe,hybrid-session-010,qa,315.55647403001785,4,risk_evidence_insufficient
kivi_4bit_residual64,13.0,0.1,True,False,online_qwen,False,,/DATACENTER3/zhenxiang.wang/work/TailGuardKV/.worktrees/baseline-smoke-final-aggregation/out/full_25session_baseline_9_14/full/policy_attempts/full40_20260916_h2o_static_safe/seed20260906/config.yaml,,,,,0.1,True,,0.1,"OutOfMemoryError: CUDA out of memory. Tried to allocate 2.00 MiB. GPU 0 has a total capacity of 10.75 GiB of which 3.62 MiB is free. Including non-PyTorch memory, this process has 7.82 GiB memory in use. Process 20841 has 2.93 GiB memory in use. Of the allocated memory 6.90 GiB is allocated by PyTorch, and 120.24 MiB is reserved by PyTorch but unallocated. If reserved but unallocated memory is large try setting PYTORCH_CUDA_ALLOC_CONF=expandable_segments:True to avoid fragmentation.  See documentation for Memory Management  (https://pytorch.org/docs/stable/notes/cuda.html#environment-variables)",25.882568359375,False,kivi_4bit_residual64,True,,balanced_two_gpu,1,persistent,27527.78349816799,16714,31591.061884071678,true,,30.0,0.0,,,,,unknown,False,,False,,False,,,True,static_best,False,0.0,0.0,kivi_4bit_residual64,0.0,,risk_evidence_insufficient,0.0,static_best,0.0,,,,hybrid-session-013-turn-4,0.0,0.0,,0.0,0.0,/DATACENTER3/zhenxiang.wang/work/TailGuardKV/.worktrees/baseline-smoke-final-aggregation/out/full_25session_baseline_9_14/full/policy_attempts/full40_20260916_h2o_static_safe/seed20260906,True,calibrated safe,hybrid-session-013,summary,,4,risk_evidence_insufficient
kivi_4bit_residual64,13.0,0.1,False,False,online_qwen,False,,/DATACENTER3/zhenxiang.wang/work/TailGuardKV/.worktrees/baseline-smoke-final-aggregation/out/full_25session_baseline_9_14/full/policy_attempts/full40_20260916_h2o_static_safe/seed20260906/config.yaml,,,,,0.1,True,,0.1,,0,False,kivi_4bit_residual64,True,,balanced_two_gpu,1,persistent,27527.78349816799,16714,31591.061884071678,,,30.0,13.38134765625,6.690673828125,6.690673828125,6.690673828125,2718.525232980028,unknown,True,,True,,False,,15444.7119140625,True,static_best,False,0.0,0.0,kivi_4bit_residual64,0.0,,risk_evidence_insufficient,0.0,static_best,309.53486706130207,,,,hybrid-session-020-turn-4,6.690673828125,0.0,6.690673828125,0.0,0.0,/DATACENTER3/zhenxiang.wang/work/TailGuardKV/.worktrees/baseline-smoke-final-aggregation/out/full_25session_baseline_9_14/full/policy_attempts/full40_20260916_h2o_static_safe/seed20260906,True,calibrated safe,hybrid-session-020,qa,310.31669210642576,4,risk_evidence_insufficient
kivi_4bit_residual64,13.0,0.1,False,False,online_qwen,False,,/DATACENTER3/zhenxiang.wang/work/TailGuardKV/.worktrees/baseline-smoke-final-aggregation/out/full_25session_baseline_9_14/full/policy_attempts/full40_20260916_h2o_static_safe/seed20260906/config.yaml,,,,,0.1,True,,0.1,,0,False,kivi_4bit_residual64,True,,balanced_two_gpu,1,persistent,27527.78349816799,16714,31591.061884071678,,,30.0,20.430908203125,7.049560546875,7.049560546875,7.049560546875,2757.614583009854,unknown,True,,True,,False,,15466.6689453125,True,static_best,False,0.0,0.0,kivi_4bit_residual64,0.0,,risk_evidence_insufficient,0.0,static_best,317.33357813209295,,,,hybrid-session-021-turn-4,7.049560546875,0.0,7.049560546875,0.0,0.0,/DATACENTER3/zhenxiang.wang/work/TailGuardKV/.worktrees/baseline-smoke-final-aggregation/out/full_25session_baseline_9_14/full/policy_attempts/full40_20260916_h2o_static_safe/seed20260906,True,calibrated safe,hybrid-session-021,summary,318.1534931063652,4,risk_evidence_insufficient
kivi_4bit_residual64,13.0,0.1,False,False,online_qwen,False,,/DATACENTER3/zhenxiang.wang/work/TailGuardKV/.worktrees/baseline-smoke-final-aggregation/out/full_25session_baseline_9_14/full/policy_attempts/full40_20260916_h2o_static_safe/seed20260906/config.yaml,,,,,0.1,True,,0.1,,0,False,kivi_4bit_residual64,True,,balanced_two_gpu,1,persistent,27527.78349816799,16714,31591.061884071678,,,30.0,26.583251953125,6.15234375,6.15234375,6.15234375,2743.5604240745306,unknown,True,,True,,False,,15442.7470703125,True,static_best,False,0.0,0.0,kivi_4bit_residual64,0.0,,risk_evidence_insufficient,0.0,static_best,321.44477614201605,,,,hybrid-session-025-turn-4,6.15234375,0.0,6.15234375,0.0,0.0,/DATACENTER3/zhenxiang.wang/work/TailGuardKV/.worktrees/baseline-smoke-final-aggregation/out/full_25session_baseline_9_14/full/policy_attempts/full40_20260916_h2o_static_safe/seed20260906,True,calibrated safe,hybrid-session-025,summary,322.5655760616064,4,risk_evidence_insufficient
kivi_4bit_residual64,13.0,0.1,False,True,online_qwen,True,,/DATACENTER3/zhenxiang.wang/work/TailGuardKV/.worktrees/baseline-smoke-final-aggregation/out/full_25session_baseline_9_14/full/policy_attempts/full40_20260916_h2o_static_safe/seed20260906/config.yaml,,,,,0.1,True,,0.1,,6.690673828125,False,kivi_4bit_residual64,True,,balanced_two_gpu,1,persistent,27527.78349816799,16714,31591.061884071678,,,30.0,27.085693359375,7.193115234375,7.193115234375,7.193115234375,2739.4291791133583,unknown,True,,True,,False,,15485.1865234375,True,static_best,False,0.03418803418803419,0.03418803418803419,kivi_4bit_residual64,0.03418803418803419,,risk_evidence_insufficient,0.0,static_best,328.7782028783113,,,,hybrid-session-026-turn-4,7.193115234375,0.0,7.193115234375,0.0,0.3418803418803419,/DATACENTER3/zhenxiang.wang/work/TailGuardKV/.worktrees/baseline-smoke-final-aggregation/out/full_25session_baseline_9_14/full/policy_attempts/full40_20260916_h2o_static_safe/seed20260906,False,calibrated unsafe,hybrid-session-026,qa,329.54388693906367,4,risk_evidence_insufficient
kivi_4bit_residual64,2.0,0.1,False,False,online_qwen,False,,/DATACENTER3/zhenxiang.wang/work/TailGuardKV/.worktrees/baseline-smoke-final-aggregation/out/full_25session_baseline_9_14/full/policy_attempts/full40_20260916_h2o_static_safe/seed20260906/config.yaml,,,,,0.1,True,,0.1,,0,False,kivi_4bit_residual64,True,,balanced_two_gpu,1,persistent,27981.409756001085,22327,32162.204396910965,,,30.0,3.5546875,1.4765625,1.4765625,1.4765625,1634.4163969624788,unknown,True,,True,,False,,15055.19384765625,True,static_safe,False,0.0,0.0,kivi_4bit_residual64,0.0,,risk_evidence_insufficient,0.0,static_safe,0.0,,,,hybrid-session-003-turn-0,1.4765625,0.0,1.4765625,0.0,0.0,/DATACENTER3/zhenxiang.wang/work/TailGuardKV/.worktrees/baseline-smoke-final-aggregation/out/full_25session_baseline_9_14/full/policy_attempts/full40_20260916_h2o_static_safe/seed20260906,True,calibrated safe,hybrid-session-003,chat,104.21768110245466,0,risk_evidence_insufficient
kivi_4bit_residual64,3.0,0.1,False,False,online_qwen,False,,/DATACENTER3/zhenxiang.wang/work/TailGuardKV/.worktrees/baseline-smoke-final-aggregation/out/full_25session_baseline_9_14/full/policy_attempts/full40_20260916_h2o_static_safe/seed20260906/config.yaml,,,,,0.1,True,,0.1,,0,False,kivi_4bit_residual64,True,,balanced_two_gpu,1,persistent,27981.409756001085,22327,32162.204396910965,,,30.0,5.3046875,1.75,1.75,1.75,1635.5645169969648,unknown,True,,True,,False,,15063.70947265625,True,static_safe,False,0.0,0.0,kivi_4bit_residual64,0.0,,risk_evidence_insufficient,0.0,static_safe,0.0,,,,hybrid-session-004-turn-0,1.75,0.0,1.75,0.0,0.0,/DATACENTER3/zhenxiang.wang/work/TailGuardKV/.worktrees/baseline-smoke-final-aggregation/out/full_25session_baseline_9_14/full/policy_attempts/full40_20260916_h2o_static_safe/seed20260906,True,calibrated safe,hybrid-session-004,chat,109.83647708781064,0,risk_evidence_insufficient
kivi_4bit_residual64,4.0,0.1,False,False,online_qwen,False,,/DATACENTER3/zhenxiang.wang/work/TailGuardKV/.worktrees/baseline-smoke-final-aggregation/out/full_25session_baseline_9_14/full/policy_attempts/full40_20260916_h2o_static_safe/seed20260906/config.yaml,,,,,0.1,True,,0.1,,0,False,kivi_4bit_residual64,True,,balanced_two_gpu,1,persistent,27981.409756001085,22327,32162.204396910965,,,30.0,7.21875,1.9140625,1.9140625,1.9140625,1686.9607428088784,unknown,True,,True,,False,,15070.26806640625,True,static_safe,False,0.0,0.0,kivi_4bit_residual64,0.0,,risk_evidence_insufficient,0.0,static_safe,0.0,,,,hybrid-session-005-turn-0,1.9140625,0.0,1.9140625,0.0,0.0,/DATACENTER3/zhenxiang.wang/work/TailGuardKV/.worktrees/baseline-smoke-final-aggregation/out/full_25session_baseline_9_14/full/policy_attempts/full40_20260916_h2o_static_safe/seed20260906,True,calibrated safe,hybrid-session-005,chat,127.60266894474626,0,risk_evidence_insufficient
kivi_4bit_residual64,5.0,0.1,False,False,online_qwen,False,,/DATACENTER3/zhenxiang.wang/work/TailGuardKV/.worktrees/baseline-smoke-final-aggregation/out/full_25session_baseline_9_14/full/policy_attempts/full40_20260916_h2o_static_safe/seed20260906/config.yaml,,,,,0.1,True,,0.1,,0,False,kivi_4bit_residual64,True,,balanced_two_gpu,1,persistent,27981.409756001085,22327,32162.204396910965,,,30.0,9.84375,2.625,2.625,2.625,1343.0866359267384,unknown,True,,True,,False,,15093.27587890625,True,static_safe,False,0.0,0.0,kivi_4bit_residual64,0.0,,risk_evidence_insufficient,0.0,static_safe,0.0,,,,hybrid-session-006-turn-0,2.625,0.0,2.625,0.0,0.0,/DATACENTER3/zhenxiang.wang/work/TailGuardKV/.worktrees/baseline-smoke-final-aggregation/out/full_25session_baseline_9_14/full/policy_attempts/full40_20260916_h2o_static_safe/seed20260906,True,calibrated safe,hybrid-session-006,chat,113.37400902993977,0,risk_evidence_insufficient
kivi_4bit_residual64,6.0,0.1,False,False,online_qwen,False,,/DATACENTER3/zhenxiang.wang/work/TailGuardKV/.worktrees/baseline-smoke-final-aggregation/out/full_25session_baseline_9_14/full/policy_attempts/full40_20260916_h2o_static_safe/seed20260906/config.yaml,,,,,0.1,True,,0.1,,0,False,kivi_4bit_residual64,True,,balanced_two_gpu,1,persistent,27981.409756001085,22327,32162.204396910965,,,30.0,11.5390625,1.6953125,1.6953125,1.6953125,1684.7005868330598,unknown,True,,True,,False,,15068.48681640625,True,static_safe,False,0.0,0.0,kivi_4bit_residual64,0.0,,risk_evidence_insufficient,0.0,static_safe,0.0,,,,hybrid-session-009-turn-0,1.6953125,0.0,1.6953125,0.0,0.0,/DATACENTER3/zhenxiang.wang/work/TailGuardKV/.worktrees/baseline-smoke-final-aggregation/out/full_25session_baseline_9_14/full/policy_attempts/full40_20260916_h2o_static_safe/seed20260906,True,calibrated safe,hybrid-session-009,chat,120.52412587217987,0,risk_evidence_insufficient
kivi_4bit_residual64,7.0,0.1,False,False,online_qwen,False,,/DATACENTER3/zhenxiang.wang/work/TailGuardKV/.worktrees/baseline-smoke-final-aggregation/out/full_25session_baseline_9_14/full/policy_attempts/full40_20260916_h2o_static_safe/seed20260906/config.yaml,,,,,0.1,True,,0.1,,0,False,kivi_4bit_residual64,True,,balanced_two_gpu,1,persistent,27981.409756001085,22327,32162.204396910965,,,30.0,13.0703125,1.53125,1.53125,1.53125,1678.3763049170375,unknown,True,,True,,False,,15065.87646484375,True,static_safe,False,0.0,0.0,kivi_4bit_residual64,0.0,,risk_evidence_insufficient,0.0,static_safe,0.0,,,,hybrid-session-010-turn-0,1.53125,0.0,1.53125,0.0,0.0,/DATACENTER3/zhenxiang.wang/work/TailGuardKV/.worktrees/baseline-smoke-final-aggregation/out/full_25session_baseline_9_14/full/policy_attempts/full40_20260916_h2o_static_safe/seed20260906,True,calibrated safe,hybrid-session-010,chat,117.77462786994874,0,risk_evidence_insufficient
kivi_4bit_residual64,8.0,0.1,False,False,online_qwen,False,,/DATACENTER3/zhenxiang.wang/work/TailGuardKV/.worktrees/baseline-smoke-final-aggregation/out/full_25session_baseline_9_14/full/policy_attempts/full40_20260916_h2o_static_safe/seed20260906/config.yaml,,,,,0.1,True,,0.1,,0,False,kivi_4bit_residual64,True,,balanced_two_gpu,1,persistent,27981.409756001085,22327,32162.204396910965,,,30.0,14.875,1.8046875,1.8046875,1.8046875,1363.5324810165912,unknown,True,,True,,False,,15074.73681640625,True,static_safe,False,0.0,0.0,kivi_4bit_residual64,0.0,,risk_evidence_insufficient,0.0,static_safe,0.0,,,,hybrid-session-013-turn-0,1.8046875,0.0,1.8046875,0.0,0.0,/DATACENTER3/zhenxiang.wang/work/TailGuardKV/.worktrees/baseline-smoke-final-aggregation/out/full_25session_baseline_9_14/full/policy_attempts/full40_20260916_h2o_static_safe/seed20260906,True,calibrated safe,hybrid-session-013,chat,111.74516612663865,0,risk_evidence_insufficient
kivi_4bit_residual64,9.0,0.1,False,False,online_qwen,False,,/DATACENTER3/zhenxiang.wang/work/TailGuardKV/.worktrees/baseline-smoke-final-aggregation/out/full_25session_baseline_9_14/full/policy_attempts/full40_20260916_h2o_static_safe/seed20260906/config.yaml,,,,,0.1,True,,0.1,,0,False,kivi_4bit_residual64,True,,balanced_two_gpu,1,persistent,27981.409756001085,22327,32162.204396910965,,,30.0,17.5,2.625,2.625,2.625,1698.7649800721556,unknown,True,,True,,False,,15100.93212890625,True,static_safe,False,0.0,0.0,kivi_4bit_residual64,0.0,,risk_evidence_insufficient,0.06273102760314941,static_safe,0.0,,,,hybrid-session-016-turn-0,2.625,0.0,2.625,0.0,0.0,/DATACENTER3/zhenxiang.wang/work/TailGuardKV/.worktrees/baseline-smoke-final-aggregation/out/full_25session_baseline_9_14/full/policy_attempts/full40_20260916_h2o_static_safe/seed20260906,True,calibrated safe,hybrid-session-016,chat,120.80448912456632,0,risk_evidence_insufficient
kivi_4bit_residual64,10.0,0.1,False,False,online_qwen,False,,/DATACENTER3/zhenxiang.wang/work/TailGuardKV/.worktrees/baseline-smoke-final-aggregation/out/full_25session_baseline_9_14/full/policy_attempts/full40_20260916_h2o_static_safe/seed20260906/config.yaml,,,,,0.1,True,,0.1,,0,False,kivi_4bit_residual64,True,,balanced_two_gpu,1,persistent,27981.409756001085,22327,32162.204396910965,,,30.0,19.90625,2.40625,2.40625,2.40625,1347.4424260202795,unknown,True,,True,,False,,15095.79541015625,True,static_safe,False,0.0,0.0,kivi_4bit_residual64,0.0,,risk_evidence_insufficient,0.0,static_safe,0.0,,,,hybrid-session-020-turn-0,2.40625,0.0,2.40625,0.0,0.0,/DATACENTER3/zhenxiang.wang/work/TailGuardKV/.worktrees/baseline-smoke-final-aggregation/out/full_25session_baseline_9_14/full/policy_attempts/full40_20260916_h2o_static_safe/seed20260906,True,calibrated safe,hybrid-session-020,chat,110.24323804304004,0,risk_evidence_insufficient
kivi_4bit_residual64,11.0,0.1,False,False,online_qwen,False,,/DATACENTER3/zhenxiang.wang/work/TailGuardKV/.worktrees/baseline-smoke-final-aggregation/out/full_25session_baseline_9_14/full/policy_attempts/full40_20260916_h2o_static_safe/seed20260906/config.yaml,,,,,0.1,True,,0.1,,0,False,kivi_4bit_residual64,True,,balanced_two_gpu,1,persistent,27981.409756001085,22327,32162.204396910965,,,30.0,22.203125,2.296875,2.296875,2.296875,1501.5291159506887,unknown,True,,True,,False,,15095.17822265625,True,static_safe,False,0.0,0.0,kivi_4bit_residual64,0.0,,risk_evidence_insufficient,0.0,static_safe,0.0,,,,hybrid-session-021-turn-0,2.296875,0.0,2.296875,0.0,0.0,/DATACENTER3/zhenxiang.wang/work/TailGuardKV/.worktrees/baseline-smoke-final-aggregation/out/full_25session_baseline_9_14/full/policy_attempts/full40_20260916_h2o_static_safe/seed20260906,True,calibrated safe,hybrid-session-021,chat,116.40660697594285,0,risk_evidence_insufficient
kivi_4bit_residual64,12.0,0.1,False,False,online_qwen,False,,/DATACENTER3/zhenxiang.wang/work/TailGuardKV/.worktrees/baseline-smoke-final-aggregation/out/full_25session_baseline_9_14/full/policy_attempts/full40_20260916_h2o_static_safe/seed20260906/config.yaml,,,,,0.1,True,,0.1,,0,False,kivi_4bit_residual64,True,,balanced_two_gpu,1,persistent,27981.409756001085,22327,32162.204396910965,,,30.0,24.171875,1.96875,1.96875,1.96875,1443.4112950693816,unknown,True,,True,,False,,15088.40478515625,True,static_safe,False,0.0,0.0,kivi_4bit_residual64,0.0,,risk_evidence_insufficient,0.0,static_safe,0.0,,,,hybrid-session-025-turn-0,1.96875,0.0,1.96875,0.0,0.0,/DATACENTER3/zhenxiang.wang/work/TailGuardKV/.worktrees/baseline-smoke-final-aggregation/out/full_25session_baseline_9_14/full/policy_attempts/full40_20260916_h2o_static_safe/seed20260906,True,calibrated safe,hybrid-session-025,chat,115.67592108622193,0,risk_evidence_insufficient
kivi_4bit_residual64,13.0,0.1,False,False,online_qwen,False,,/DATACENTER3/zhenxiang.wang/work/TailGuardKV/.worktrees/baseline-smoke-final-aggregation/out/full_25session_baseline_9_14/full/policy_attempts/full40_20260916_h2o_static_safe/seed20260906/config.yaml,,,,,0.1,True,,0.1,,0,False,kivi_4bit_residual64,True,,balanced_two_gpu,1,persistent,27981.409756001085,22327,32162.204396910965,,,30.0,26.359375,2.1875,2.1875,2.1875,1679.382997797802,unknown,True,,True,,False,,15096.42041015625,True,static_safe,False,0.0,0.0,kivi_4bit_residual64,0.0,,risk_evidence_insufficient,0.0,static_safe,0.0,,,,hybrid-session-026-turn-0,2.1875,0.0,2.1875,0.0,0.0,/DATACENTER3/zhenxiang.wang/work/TailGuardKV/.worktrees/baseline-smoke-final-aggregation/out/full_25session_baseline_9_14/full/policy_attempts/full40_20260916_h2o_static_safe/seed20260906,True,calibrated safe,hybrid-session-026,chat,122.40127101540565,0,risk_evidence_insufficient
kivi_4bit_residual64,13.0,0.1,False,False,online_qwen,False,,/DATACENTER3/zhenxiang.wang/work/TailGuardKV/.worktrees/baseline-smoke-final-aggregation/out/full_25session_baseline_9_14/full/policy_attempts/full40_20260916_h2o_static_safe/seed20260906/config.yaml,,,,,0.1,True,,0.1,,0,False,kivi_4bit_residual64,True,,balanced_two_gpu,1,persistent,27981.409756001085,22327,32162.204396910965,,,30.0,26.829345703125,2.548095703125,2.548095703125,0.469970703125,5128.92523012124,unknown,True,,True,,False,,15088.02685546875,True,static_safe,False,0.0,0.0,kivi_4bit_residual64,0.0,,risk_evidence_insufficient,0.0,static_safe,0.0,,,,hybrid-session-002-turn-1,2.548095703125,2.078125,2.548095703125,0.0,0.0,/DATACENTER3/zhenxiang.wang/work/TailGuardKV/.worktrees/baseline-smoke-final-aggregation/out/full_25session_baseline_9_14/full/policy_attempts/full40_20260916_h2o_static_safe/seed20260906,True,calibrated safe,hybrid-session-002,chat,119.14114002138376,1,risk_evidence_insufficient
kivi_4bit_residual64,13.0,0.1,True,False,online_qwen,False,,/DATACENTER3/zhenxiang.wang/work/TailGuardKV/.worktrees/baseline-smoke-final-aggregation/out/full_25session_baseline_9_14/full/policy_attempts/full40_20260916_h2o_static_safe/seed20260906/config.yaml,,,,,0.1,True,,0.1,,0,False,kivi_4bit_residual64,True,,balanced_two_gpu,1,persistent,27981.409756001085,22327,32162.204396910965,,,30.0,28.251220703125,2.8984375,2.8984375,1.421875,1503.9545120671391,unknown,True,,True,,False,,15078.74658203125,True,static_safe,False,0.0,0.0,kivi_4bit_residual64,0.0,,risk_evidence_insufficient,0.0,static_safe,0.0,,,,hybrid-session-003-turn-1,2.8984375,1.4765625,2.8984375,0.0,0.0,/DATACENTER3/zhenxiang.wang/work/TailGuardKV/.worktrees/baseline-smoke-final-aggregation/out/full_25session_baseline_9_14/full/policy_attempts/full40_20260916_h2o_static_safe/seed20260906,True,calibrated safe,hybrid-session-003,chat,99.59460515528917,1,risk_evidence_insufficient
kivi_4bit_residual64,13.0,0.1,False,False,online_qwen,False,,/DATACENTER3/zhenxiang.wang/work/TailGuardKV/.worktrees/baseline-smoke-final-aggregation/out/full_25session_baseline_9_14/full/policy_attempts/full40_20260916_h2o_static_safe/seed20260906/config.yaml,,,,,0.1,True,,0.1,,0,False,kivi_4bit_residual64,True,,balanced_two_gpu,1,persistent,27981.409756001085,22327,32162.204396910965,,,30.0,29.76708984375,3.265869140625,3.265869140625,1.515869140625,2180.496159940958,unknown,True,,True,,False,,15128.7724609375,True,static_safe,False,0.0,0.0,kivi_4bit_residual64,0.0,,risk_evidence_insufficient,0.0,static_safe,0.0,,,,hybrid-session-004-turn-1,3.265869140625,1.75,3.265869140625,0.0,0.0,/DATACENTER3/zhenxiang.wang/work/TailGuardKV/.worktrees/baseline-smoke-final-aggregation/out/full_25session_baseline_9_14/full/policy_attempts/full40_20260916_h2o_static_safe/seed20260906,True,calibrated safe,hybrid-session-004,chat,211.66351693682373,1,risk_evidence_insufficient
kivi_4bit_residual64,13.0,0.1,False,True,online_qwen,True,,/DATACENTER3/zhenxiang.wang/work/TailGuardKV/.worktrees/baseline-smoke-final-aggregation/out/full_25session_baseline_9_14/full/policy_attempts/full40_20260916_h2o_static_safe/seed20260906/config.yaml,,,,,0.1,True,,0.1,,2.625,False,kivi_4bit_residual64,True,,balanced_two_gpu,1,persistent,27981.409756001085,22327,32162.204396910965,,,30.0,28.02734375,2.79931640625,2.79931640625,0.88525390625,2463.3261680137366,unknown,True,,True,,False,,15106.55908203125,True,static_safe,False,0.0,0.0,kivi_4bit_residual64,0.0,,risk_evidence_insufficient,0.0,static_safe,0.0,,,,hybrid-session-005-turn-1,2.79931640625,1.9140625,2.79931640625,0.0,0.0,/DATACENTER3/zhenxiang.wang/work/TailGuardKV/.worktrees/baseline-smoke-final-aggregation/out/full_25session_baseline_9_14/full/policy_attempts/full40_20260916_h2o_static_safe/seed20260906,True,calibrated safe,hybrid-session-005,chat,125.90449396520853,1,risk_evidence_insufficient
kivi_4bit_residual64,13.0,0.1,False,True,online_qwen,True,,/DATACENTER3/zhenxiang.wang/work/TailGuardKV/.worktrees/baseline-smoke-final-aggregation/out/full_25session_baseline_9_14/full/policy_attempts/full40_20260916_h2o_static_safe/seed20260906/config.yaml,,,,,0.1,True,,0.1,,1.6953125,False,kivi_4bit_residual64,True,,balanced_two_gpu,1,persistent,27981.409756001085,22327,32162.204396910965,,,30.0,29.84912109375,3.51708984375,3.51708984375,3.51708984375,2408.847460988909,unknown,True,,True,,False,,15186.45556640625,True,static_safe,False,0.0,0.0,kivi_4bit_residual64,0.0,,risk_evidence_insufficient,0.0,static_safe,191.61537499167025,,,,hybrid-session-006-turn-1,3.51708984375,0.0,3.51708984375,0.0,0.0,/DATACENTER3/zhenxiang.wang/work/TailGuardKV/.worktrees/baseline-smoke-final-aggregation/out/full_25session_baseline_9_14/full/policy_attempts/full40_20260916_h2o_static_safe/seed20260906,True,calibrated safe,hybrid-session-006,chat,192.6161649171263,1,risk_evidence_insufficient
kivi_4bit_residual64,13.0,0.1,False,True,online_qwen,True,,/DATACENTER3/zhenxiang.wang/work/TailGuardKV/.worktrees/baseline-smoke-final-aggregation/out/full_25session_baseline_9_14/full/policy_attempts/full40_20260916_h2o_static_safe/seed20260906/config.yaml,,,,,0.1,True,,0.1,,3.3359375,False,kivi_4bit_residual64,True,,balanced_two_gpu,1,persistent,27981.409756001085,22327,32162.204396910965,,,30.0,28.81005859375,2.296875,2.296875,2.296875,1560.9241530764848,unknown,True,,True,,False,,15138.44384765625,True,static_safe,False,0.0,0.0,kivi_4bit_residual64,0.0,,risk_evidence_insufficient,0.0,static_safe,121.09273415990174,,,,hybrid-session-009-turn-1,2.296875,0.0,2.296875,0.0,0.0,/DATACENTER3/zhenxiang.wang/work/TailGuardKV/.worktrees/baseline-smoke-final-aggregation/out/full_25session_baseline_9_14/full/policy_attempts/full40_20260916_h2o_static_safe/seed20260906,True,calibrated safe,hybrid-session-009,chat,121.94661004468799,1,risk_evidence_insufficient
kivi_4bit_residual64,13.0,0.1,False,True,online_qwen,True,,/DATACENTER3/zhenxiang.wang/work/TailGuardKV/.worktrees/baseline-smoke-final-aggregation/out/full_25session_baseline_9_14/full/policy_attempts/full40_20260916_h2o_static_safe/seed20260906/config.yaml,,,,,0.1,True,,0.1,,2.625,False,kivi_4bit_residual64,True,,balanced_two_gpu,1,persistent,27981.409756001085,22327,32162.204396910965,,,30.0,29.46630859375,3.28125,3.28125,3.28125,1698.425716953352,unknown,True,,True,,False,,15132.30615234375,True,static_safe,False,0.0,0.0,kivi_4bit_residual64,0.0,,risk_evidence_insufficient,0.0,static_safe,117.25691705942154,,,,hybrid-session-010-turn-1,3.28125,0.0,3.28125,0.0,0.0,/DATACENTER3/zhenxiang.wang/work/TailGuardKV/.worktrees/baseline-smoke-final-aggregation/out/full_25session_baseline_9_14/full/policy_attempts/full40_20260916_h2o_static_safe/seed20260906,True,calibrated safe,hybrid-session-010,chat,118.03217395208776,1,risk_evidence_insufficient
kivi_4bit_residual64,13.0,0.1,False,True,online_qwen,True,,/DATACENTER3/zhenxiang.wang/work/TailGuardKV/.worktrees/baseline-smoke-final-aggregation/out/full_25session_baseline_9_14/full/policy_attempts/full40_20260916_h2o_static_safe/seed20260906/config.yaml,,,,,0.1,True,,0.1,,4.703125,False,kivi_4bit_residual64,True,,balanced_two_gpu,1,persistent,27981.409756001085,22327,32162.204396910965,,,30.0,28.09912109375,3.3359375,3.3359375,3.3359375,1679.987170966342,unknown,True,,True,,False,,15134.18408203125,True,static_safe,False,0.0,0.0,kivi_4bit_residual64,0.0,,risk_evidence_insufficient,0.0,static_safe,118.28522779978812,,,,hybrid-session-013-turn-1,3.3359375,0.0,3.3359375,0.0,0.0,/DATACENTER3/zhenxiang.wang/work/TailGuardKV/.worktrees/baseline-smoke-final-aggregation/out/full_25session_baseline_9_14/full/policy_attempts/full40_20260916_h2o_static_safe/seed20260906,True,calibrated safe,hybrid-session-013,chat,118.97005490027368,1,risk_evidence_insufficient
kivi_4bit_residual64,13.0,0.1,False,True,online_qwen,True,,/DATACENTER3/zhenxiang.wang/work/TailGuardKV/.worktrees/baseline-smoke-final-aggregation/out/full_25session_baseline_9_14/full/policy_attempts/full40_20260916_h2o_static_safe/seed20260906/config.yaml,,,,,0.1,True,,0.1,,1.96875,False,kivi_4bit_residual64,True,,balanced_two_gpu,1,persistent,27981.409756001085,22327,32162.204396910965,,,30.0,28.893798828125,2.763427734375,2.763427734375,2.763427734375,2392.8264901041985,unknown,True,,True,,False,,15156.43408203125,True,static_safe,False,0.0,0.0,kivi_4bit_residual64,0.0,,risk_evidence_insufficient,0.0,static_safe,128.20549006573856,,,,hybrid-session-016-turn-1,2.763427734375,0.0,2.763427734375,0.0,0.0,/DATACENTER3/zhenxiang.wang/work/TailGuardKV/.worktrees/baseline-smoke-final-aggregation/out/full_25session_baseline_9_14/full/policy_attempts/full40_20260916_h2o_static_safe/seed20260906,True,calibrated safe,hybrid-session-016,chat,128.999951062724,1,risk_evidence_insufficient
kivi_4bit_residual64,13.0,0.1,False,True,online_qwen,True,,/DATACENTER3/zhenxiang.wang/work/TailGuardKV/.worktrees/baseline-smoke-final-aggregation/out/full_25session_baseline_9_14/full/policy_attempts/full40_20260916_h2o_static_safe/seed20260906/config.yaml,,,,,0.1,True,,0.1,,2.1875,False,kivi_4bit_residual64,True,,balanced_two_gpu,1,persistent,27981.409756001085,22327,32162.204396910965,,,30.0,29.577392578125,2.87109375,2.87109375,2.87109375,2556.4922660123557,unknown,True,,True,,False,,15162.81005859375,True,static_safe,False,0.0,0.0,kivi_4bit_residual64,0.0,,risk_evidence_insufficient,0.0,static_safe,185.25816197507083,,,,hybrid-session-020-turn-1,2.87109375,0.0,2.87109375,0.0,0.0,/DATACENTER3/zhenxiang.wang/work/TailGuardKV/.worktrees/baseline-smoke-final-aggregation/out/full_25session_baseline_9_14/full/policy_attempts/full40_20260916_h2o_static_safe/seed20260906,True,calibrated safe,hybrid-session-020,chat,186.00253714248538,1,risk_evidence_insufficient
kivi_4bit_residual64,13.0,0.1,False,True,online_qwen,True,,/DATACENTER3/zhenxiang.wang/work/TailGuardKV/.worktrees/baseline-smoke-final-aggregation/out/full_25session_baseline_9_14/full/policy_attempts/full40_20260916_h2o_static_safe/seed20260906/config.yaml,,,,,0.1,True,,0.1,,5.446533203125,False,kivi_4bit_residual64,True,,balanced_two_gpu,1,persistent,27981.409756001085,22327,32162.204396910965,,,30.0,27.181396484375,3.050537109375,3.050537109375,3.050537109375,2550.910435151309,unknown,True,,True,,False,,15168.62744140625,True,static_safe,False,0.0,0.0,kivi_4bit_residual64,0.0,,risk_evidence_insufficient,0.0,static_safe,191.00949401035905,,,,hybrid-session-021-turn-1,3.050537109375,0.0,3.050537109375,0.0,0.0,/DATACENTER3/zhenxiang.wang/work/TailGuardKV/.worktrees/baseline-smoke-final-aggregation/out/full_25session_baseline_9_14/full/policy_attempts/full40_20260916_h2o_static_safe/seed20260906,True,calibrated safe,hybrid-session-021,chat,191.73260917887092,1,risk_evidence_insufficient
kivi_4bit_residual64,13.0,0.1,False,True,online_qwen,True,,/DATACENTER3/zhenxiang.wang/work/TailGuardKV/.worktrees/baseline-smoke-final-aggregation/out/full_25session_baseline_9_14/full/policy_attempts/full40_20260916_h2o_static_safe/seed20260906/config.yaml,,,,,0.1,True,,0.1,,3.265869140625,False,kivi_4bit_residual64,True,,balanced_two_gpu,1,persistent,27981.409756001085,22327,32162.204396910965,,,30.0,27.30615234375,3.390625,3.390625,3.390625,1693.1785750202835,unknown,True,,True,,False,,15134.60888671875,True,static_safe,False,0.005128205128205128,0.005128205128205128,kivi_4bit_residual64,0.005128205128205128,,risk_evidence_insufficient,0.0,static_safe,124.80695708654821,,,,hybrid-session-025-turn-1,3.390625,0.0,3.390625,0.0,0.005128205128205128,/DATACENTER3/zhenxiang.wang/work/TailGuardKV/.worktrees/baseline-smoke-final-aggregation/out/full_25session_baseline_9_14/full/policy_attempts/full40_20260916_h2o_static_safe/seed20260906,True,calibrated safe,hybrid-session-025,chat,125.59110322035849,1,risk_evidence_insufficient
kivi_4bit_residual64,13.0,0.1,False,True,online_qwen,True,,/DATACENTER3/zhenxiang.wang/work/TailGuardKV/.worktrees/baseline-smoke-final-aggregation/out/full_25session_baseline_9_14/full/policy_attempts/full40_20260916_h2o_static_safe/seed20260906/config.yaml,,,,,0.1,True,,0.1,,2.79931640625,False,kivi_4bit_residual64,True,,balanced_two_gpu,1,persistent,27981.409756001085,22327,32162.204396910965,,,30.0,27.59326171875,3.08642578125,3.08642578125,3.08642578125,2568.4280211571604,unknown,True,,True,,False,,15169.46533203125,True,static_safe,False,0.0,0.0,kivi_4bit_residual64,0.0,,risk_evidence_insufficient,0.0,static_safe,211.53428591787815,,,,hybrid-session-026-turn-1,3.08642578125,0.0,3.08642578125,0.0,0.0,/DATACENTER3/zhenxiang.wang/work/TailGuardKV/.worktrees/baseline-smoke-final-aggregation/out/full_25session_baseline_9_14/full/policy_attempts/full40_20260916_h2o_static_safe/seed20260906,True,calibrated safe,hybrid-session-026,chat,212.27928414009511,1,risk_evidence_insufficient
kivi_4bit_residual64,13.0,0.1,True,True,online_qwen,True,,/DATACENTER3/zhenxiang.wang/work/TailGuardKV/.worktrees/baseline-smoke-final-aggregation/out/full_25session_baseline_9_14/full/policy_attempts/full40_20260916_h2o_static_safe/seed20260906/config.yaml,,,,,0.1,True,,0.1,,3.51708984375,False,kivi_4bit_residual64,True,,balanced_two_gpu,1,persistent,27981.409756001085,22327,32162.204396910965,,,30.0,28.811767578125,4.735595703125,4.735595703125,4.735595703125,2668.4952650684863,unknown,True,,True,,False,,15336.50830078125,True,static_safe,False,0.0,0.0,kivi_4bit_residual64,0.0,,risk_evidence_insufficient,0.0,static_safe,242.75142909027636,,,,hybrid-session-002-turn-2,4.735595703125,0.0,4.735595703125,0.0,0.0,/DATACENTER3/zhenxiang.wang/work/TailGuardKV/.worktrees/baseline-smoke-final-aggregation/out/full_25session_baseline_9_14/full/policy_attempts/full40_20260916_h2o_static_safe/seed20260906,True,calibrated safe,hybrid-session-002,qa,243.5632678680122,2,risk_evidence_insufficient
kivi_4bit_residual64,13.0,0.1,False,True,online_qwen,True,,/DATACENTER3/zhenxiang.wang/work/TailGuardKV/.worktrees/baseline-smoke-final-aggregation/out/full_25session_baseline_9_14/full/policy_attempts/full40_20260916_h2o_static_safe/seed20260906/config.yaml,,,,,0.1,True,,0.1,,5.578125,False,kivi_4bit_residual64,True,,balanced_two_gpu,1,persistent,27981.409756001085,22327,32162.204396910965,,,30.0,28.5263671875,5.292724609375,5.292724609375,5.292724609375,2625.0769989565015,unknown,True,,True,,False,,15310.34619140625,True,static_safe,False,0.0,0.0,kivi_4bit_residual64,0.0,,risk_evidence_insufficient,0.0,static_safe,236.59660201519728,,,,hybrid-session-003-turn-2,5.292724609375,0.0,5.292724609375,0.0,0.0,/DATACENTER3/zhenxiang.wang/work/TailGuardKV/.worktrees/baseline-smoke-final-aggregation/out/full_25session_baseline_9_14/full/policy_attempts/full40_20260916_h2o_static_safe/seed20260906,True,calibrated safe,hybrid-session-003,summary,237.348651047796,2,risk_evidence_insufficient
kivi_4bit_residual64,13.0,0.1,False,True,online_qwen,True,,/DATACENTER3/zhenxiang.wang/work/TailGuardKV/.worktrees/baseline-smoke-final-aggregation/out/full_25session_baseline_9_14/full/policy_attempts/full40_20260916_h2o_static_safe/seed20260906/config.yaml,,,,,0.1,True,,0.1,,6.099365234375,False,kivi_4bit_residual64,True,,balanced_two_gpu,1,persistent,27981.409756001085,22327,32162.204396910965,,,30.0,27.342041015625,4.9150390625,4.9150390625,4.9150390625,2699.0810849238187,unknown,True,,True,,False,,15344.98583984375,True,static_safe,False,0.03418803418803419,0.03418803418803419,kivi_4bit_residual64,0.03418803418803419,,risk_evidence_insufficient,0.0,static_safe,240.7337031327188,,,,hybrid-session-004-turn-2,4.9150390625,0.0,4.9150390625,0.0,0.3418803418803419,/DATACENTER3/zhenxiang.wang/work/TailGuardKV/.worktrees/baseline-smoke-final-aggregation/out/full_25session_baseline_9_14/full/policy_attempts/full40_20260916_h2o_static_safe/seed20260906,False,calibrated unsafe,hybrid-session-004,qa,241.46921606734395,2,risk_evidence_insufficient
kivi_4bit_residual64,13.0,0.1,False,True,online_qwen,True,,/DATACENTER3/zhenxiang.wang/work/TailGuardKV/.worktrees/baseline-smoke-final-aggregation/out/full_25session_baseline_9_14/full/policy_attempts/full40_20260916_h2o_static_safe/seed20260906/config.yaml,,,,,0.1,True,,0.1,,2.87109375,False,kivi_4bit_residual64,True,,balanced_two_gpu,1,persistent,27981.409756001085,22327,32162.204396910965,,,30.0,29.134765625,4.663818359375,4.663818359375,4.663818359375,2674.8735101427883,unknown,True,,True,,False,,15333.52587890625,True,static_safe,False,0.0,0.0,kivi_4bit_residual64,0.0,,risk_evidence_insufficient,0.0,static_safe,241.85672705061734,,,,hybrid-session-005-turn-2,4.663818359375,0.0,4.663818359375,0.0,0.0,/DATACENTER3/zhenxiang.wang/work/TailGuardKV/.worktrees/baseline-smoke-final-aggregation/out/full_25session_baseline_9_14/full/policy_attempts/full40_20260916_h2o_static_safe/seed20260906,True,calibrated safe,hybrid-session-005,summary,242.6259620115161,2,risk_evidence_insufficient
kivi_4bit_residual64,13.0,0.1,False,True,online_qwen,True,,/DATACENTER3/zhenxiang.wang/work/TailGuardKV/.worktrees/baseline-smoke-final-aggregation/out/full_25session_baseline_9_14/full/policy_attempts/full40_20260916_h2o_static_safe/seed20260906/config.yaml,,,,,0.1,True,,0.1,,6.441162109375,False,kivi_4bit_residual64,True,,balanced_two_gpu,1,persistent,27981.409756001085,22327,32162.204396910965,,,30.0,28.900634765625,6.20703125,6.20703125,6.20703125,2679.6930201817304,unknown,True,,True,,False,,15398.94384765625,True,static_safe,False,0.03418803418803419,0.03418803418803419,kivi_4bit_residual64,0.03418803418803419,,risk_evidence_insufficient,0.0,static_safe,279.0913679637015,,,,hybrid-session-006-turn-2,6.20703125,0.0,6.20703125,0.0,0.3418803418803419,/DATACENTER3/zhenxiang.wang/work/TailGuardKV/.worktrees/baseline-smoke-final-aggregation/out/full_25session_baseline_9_14/full/policy_attempts/full40_20260916_h2o_static_safe/seed20260906,False,calibrated unsafe,hybrid-session-006,qa,279.8426121007651,2,risk_evidence_insufficient
kivi_4bit_residual64,13.0,0.1,False,True,online_qwen,True,,/DATACENTER3/zhenxiang.wang/work/TailGuardKV/.worktrees/baseline-smoke-final-aggregation/out/full_25session_baseline_9_14/full/policy_attempts/full40_20260916_h2o_static_safe/seed20260906/config.yaml,,,,,0.1,True,,0.1,,7.822021484375,False,kivi_4bit_residual64,True,,balanced_two_gpu,1,persistent,27981.409756001085,22327,32162.204396910965,,,30.0,26.227783203125,5.149169921875,5.149169921875,5.149169921875,2572.5892728660256,unknown,True,,True,,False,,15304.57275390625,True,static_safe,False,0.0,0.0,kivi_4bit_residual64,0.0,,risk_evidence_insufficient,0.0,static_safe,239.10884512588382,,,,hybrid-session-009-turn-2,5.149169921875,0.0,5.149169921875,0.0,0.0,/DATACENTER3/zhenxiang.wang/work/TailGuardKV/.worktrees/baseline-smoke-final-aggregation/out/full_25session_baseline_9_14/full/policy_attempts/full40_20260916_h2o_static_safe/seed20260906,True,calibrated safe,hybrid-session-009,summary,239.93526282720268,2,risk_evidence_insufficient
kivi_4bit_residual64,13.0,0.1,False,True,online_qwen,True,,/DATACENTER3/zhenxiang.wang/work/TailGuardKV/.worktrees/baseline-smoke-final-aggregation/out/full_25session_baseline_9_14/full/policy_attempts/full40_20260916_h2o_static_safe/seed20260906/config.yaml,,,,,0.1,True,,0.1,,5.292724609375,False,kivi_4bit_residual64,True,,balanced_two_gpu,1,persistent,27981.409756001085,22327,32162.204396910965,,,30.0,26.514892578125,5.579833984375,5.579833984375,5.579833984375,2616.5329481009394,unknown,True,,True,,False,,15319.65087890625,True,static_safe,False,0.0,0.0,kivi_4bit_residual64,0.0,,risk_evidence_insufficient,0.0,static_safe,243.31329204142094,,,,hybrid-session-010-turn-2,5.579833984375,0.0,5.579833984375,0.0,0.0,/DATACENTER3/zhenxiang.wang/work/TailGuardKV/.worktrees/baseline-smoke-final-aggregation/out/full_25session_baseline_9_14/full/policy_attempts/full40_20260916_h2o_static_safe/seed20260906,True,calibrated safe,hybrid-session-010,qa,244.05425903387368,2,risk_evidence_insufficient
kivi_4bit_residual64,13.0,0.1,True,False,online_qwen,False,,/DATACENTER3/zhenxiang.wang/work/TailGuardKV/.worktrees/baseline-smoke-final-aggregation/out/full_25session_baseline_9_14/full/policy_attempts/full40_20260916_h2o_static_safe/seed20260906/config.yaml,,,,,0.1,True,,0.1,"OutOfMemoryError: CUDA out of memory. Tried to allocate 20.00 MiB. GPU 0 has a total capacity of 10.75 GiB of which 7.62 MiB is free. Including non-PyTorch memory, this process has 7.81 GiB memory in use. Process 24394 has 2.93 GiB memory in use. Of the allocated memory 6.91 GiB is allocated by PyTorch, and 107.97 MiB is reserved by PyTorch but unallocated. If reserved but unallocated memory is large try setting PYTORCH_CUDA_ALLOC_CONF=expandable_segments:True to avoid fragmentation.  See documentation for Memory Management  (https://pytorch.org/docs/stable/notes/cuda.html#environment-variables)",26.514892578125,False,kivi_4bit_residual64,True,,balanced_two_gpu,1,persistent,27981.409756001085,22327,32162.204396910965,true,,30.0,0.0,,,,,unknown,False,,False,,False,,,True,static_safe,False,0.0,0.0,kivi_4bit_residual64,0.0,,risk_evidence_insufficient,0.0,static_safe,0.0,,,,hybrid-session-013-turn-2,0.0,0.0,,0.0,0.0,/DATACENTER3/zhenxiang.wang/work/TailGuardKV/.worktrees/baseline-smoke-final-aggregation/out/full_25session_baseline_9_14/full/policy_attempts/full40_20260916_h2o_static_safe/seed20260906,True,calibrated safe,hybrid-session-013,summary,,2,risk_evidence_insufficient
kivi_4bit_residual64,13.0,0.1,True,False,online_qwen,False,,/DATACENTER3/zhenxiang.wang/work/TailGuardKV/.worktrees/baseline-smoke-final-aggregation/out/full_25session_baseline_9_14/full/policy_attempts/full40_20260916_h2o_static_safe/seed20260906/config.yaml,,,,,0.1,True,,0.1,,0,False,kivi_4bit_residual64,True,,balanced_two_gpu,1,persistent,27981.409756001085,22327,32162.204396910965,,,30.0,9.435302734375,4.735595703125,4.735595703125,4.735595703125,2179.700710112229,unknown,True,,True,,False,,15313.55322265625,True,static_safe,False,0.03418803418803419,0.03418803418803419,kivi_4bit_residual64,0.03418803418803419,,risk_evidence_insufficient,0.0,static_safe,247.89515789598227,,,,hybrid-session-020-turn-2,4.735595703125,0.0,4.735595703125,0.0,0.3418803418803419,/DATACENTER3/zhenxiang.wang/work/TailGuardKV/.worktrees/baseline-smoke-final-aggregation/out/full_25session_baseline_9_14/full/policy_attempts/full40_20260916_h2o_static_safe/seed20260906,False,calibrated unsafe,hybrid-session-020,qa,253.2723150216043,2,risk_evidence_insufficient
kivi_4bit_residual64,13.0,0.1,False,False,online_qwen,False,,/DATACENTER3/zhenxiang.wang/work/TailGuardKV/.worktrees/baseline-smoke-final-aggregation/out/full_25session_baseline_9_14/full/policy_attempts/full40_20260916_h2o_static_safe/seed20260906/config.yaml,,,,,0.1,True,,0.1,,0,False,kivi_4bit_residual64,True,,balanced_two_gpu,1,persistent,27981.409756001085,22327,32162.204396910965,,,30.0,14.52978515625,5.094482421875,5.094482421875,5.094482421875,2726.2699832208455,unknown,True,,True,,False,,15331.34814453125,True,static_safe,False,0.0,0.0,kivi_4bit_residual64,0.0,,risk_evidence_insufficient,0.0,static_safe,304.760746890679,,,,hybrid-session-021-turn-2,5.094482421875,0.0,5.094482421875,0.0,0.0,/DATACENTER3/zhenxiang.wang/work/TailGuardKV/.worktrees/baseline-smoke-final-aggregation/out/full_25session_baseline_9_14/full/policy_attempts/full40_20260916_h2o_static_safe/seed20260906,True,calibrated safe,hybrid-session-021,summary,305.62433414161205,2,risk_evidence_insufficient
kivi_4bit_residual64,13.0,0.1,False,False,online_qwen,False,,/DATACENTER3/zhenxiang.wang/work/TailGuardKV/.worktrees/baseline-smoke-final-aggregation/out/full_25session_baseline_9_14/full/policy_attempts/full40_20260916_h2o_static_safe/seed20260906/config.yaml,,,,,0.1,True,,0.1,,0,False,kivi_4bit_residual64,True,,balanced_two_gpu,1,persistent,27981.409756001085,22327,32162.204396910965,,,30.0,19.966064453125,5.436279296875,5.436279296875,5.436279296875,2662.4647739809006,unknown,True,,True,,False,,15301.99658203125,True,static_safe,False,0.0,0.0,kivi_4bit_residual64,0.0,,risk_evidence_insufficient,0.0,static_safe,248.3496710192412,,,,hybrid-session-025-turn-2,5.436279296875,0.0,5.436279296875,0.0,0.0,/DATACENTER3/zhenxiang.wang/work/TailGuardKV/.worktrees/baseline-smoke-final-aggregation/out/full_25session_baseline_9_14/full/policy_attempts/full40_20260916_h2o_static_safe/seed20260906,True,calibrated safe,hybrid-session-025,summary,249.23748685978353,2,risk_evidence_insufficient
kivi_4bit_residual64,13.0,0.1,False,False,online_qwen,False,,/DATACENTER3/zhenxiang.wang/work/TailGuardKV/.worktrees/baseline-smoke-final-aggregation/out/full_25session_baseline_9_14/full/policy_attempts/full40_20260916_h2o_static_safe/seed20260906/config.yaml,,,,,0.1,True,,0.1,,0,False,kivi_4bit_residual64,True,,balanced_two_gpu,1,persistent,27981.409756001085,22327,32162.204396910965,,,30.0,25.168212890625,5.2021484375,5.2021484375,5.2021484375,2153.1265617813915,unknown,True,,True,,False,,15346.38427734375,True,static_safe,False,0.03418803418803419,0.03418803418803419,kivi_4bit_residual64,0.03418803418803419,,risk_evidence_insufficient,0.0,static_safe,249.29148494265974,,,,hybrid-session-026-turn-2,5.2021484375,0.0,5.2021484375,0.0,0.3418803418803419,/DATACENTER3/zhenxiang.wang/work/TailGuardKV/.worktrees/baseline-smoke-final-aggregation/out/full_25session_baseline_9_14/full/policy_attempts/full40_20260916_h2o_static_safe/seed20260906,False,calibrated unsafe,hybrid-session-026,qa,250.15784590505064,2,risk_evidence_insufficient
kivi_4bit_residual64,13.0,0.1,False,True,online_qwen,True,,/DATACENTER3/zhenxiang.wang/work/TailGuardKV/.worktrees/baseline-smoke-final-aggregation/out/full_25session_baseline_9_14/full/policy_attempts/full40_20260916_h2o_static_safe/seed20260906/config.yaml,,,,,0.1,True,,0.1,,4.69970703125,False,kivi_4bit_residual64,True,,balanced_two_gpu,1,persistent,27981.409756001085,22327,32162.204396910965,,,30.0,26.890869140625,6.42236328125,6.42236328125,6.42236328125,2677.2169289179146,unknown,True,,True,,False,,15403.13427734375,True,static_safe,False,0.0,0.0,kivi_4bit_residual64,0.0,,risk_evidence_insufficient,0.0,static_safe,274.1017979569733,,,,hybrid-session-002-turn-3,6.42236328125,0.0,6.42236328125,0.0,0.0,/DATACENTER3/zhenxiang.wang/work/TailGuardKV/.worktrees/baseline-smoke-final-aggregation/out/full_25session_baseline_9_14/full/policy_attempts/full40_20260916_h2o_static_safe/seed20260906,True,calibrated safe,hybrid-session-002,qa,274.95787595398724,3,risk_evidence_insufficient
kivi_4bit_residual64,13.0,0.1,False,True,online_qwen,True,,/DATACENTER3/zhenxiang.wang/work/TailGuardKV/.worktrees/baseline-smoke-final-aggregation/out/full_25session_baseline_9_14/full/policy_attempts/full40_20260916_h2o_static_safe/seed20260906/config.yaml,,,,,0.1,True,,0.1,,4.735595703125,False,kivi_4bit_residual64,True,,balanced_two_gpu,1,persistent,27981.409756001085,22327,32162.204396910965,,,30.0,27.895751953125,5.740478515625,5.740478515625,5.740478515625,2708.796771010384,unknown,True,,True,,False,,15376.13330078125,True,static_safe,False,0.0,0.0,kivi_4bit_residual64,0.0,,risk_evidence_insufficient,0.0,static_safe,269.00764112360775,,,,hybrid-session-003-turn-3,5.740478515625,0.0,5.740478515625,0.0,0.0,/DATACENTER3/zhenxiang.wang/work/TailGuardKV/.worktrees/baseline-smoke-final-aggregation/out/full_25session_baseline_9_14/full/policy_attempts/full40_20260916_h2o_static_safe/seed20260906,True,calibrated safe,hybrid-session-003,summary,269.8053000494838,3,risk_evidence_insufficient
kivi_4bit_residual64,13.0,0.1,False,True,online_qwen,True,,/DATACENTER3/zhenxiang.wang/work/TailGuardKV/.worktrees/baseline-smoke-final-aggregation/out/full_25session_baseline_9_14/full/policy_attempts/full40_20260916_h2o_static_safe/seed20260906/config.yaml,,,,,0.1,True,,0.1,,5.094482421875,False,kivi_4bit_residual64,True,,balanced_two_gpu,1,persistent,27981.409756001085,22327,32162.204396910965,,,30.0,29.403076171875,6.601806640625,6.601806640625,6.601806640625,2559.8844799678773,unknown,True,,True,,False,,15413.28564453125,True,static_safe,False,0.03418803418803419,0.03418803418803419,kivi_4bit_residual64,0.03418803418803419,,risk_evidence_insufficient,0.0,static_safe,273.1856571044773,,,,hybrid-session-004-turn-3,6.601806640625,0.0,6.601806640625,0.0,0.3418803418803419,/DATACENTER3/zhenxiang.wang/work/TailGuardKV/.worktrees/baseline-smoke-final-aggregation/out/full_25session_baseline_9_14/full/policy_attempts/full40_20260916_h2o_static_safe/seed20260906,False,calibrated unsafe,hybrid-session-004,qa,273.9644299726933,3,risk_evidence_insufficient
kivi_4bit_residual64,13.0,0.1,False,True,online_qwen,True,,/DATACENTER3/zhenxiang.wang/work/TailGuardKV/.worktrees/baseline-smoke-final-aggregation/out/full_25session_baseline_9_14/full/policy_attempts/full40_20260916_h2o_static_safe/seed20260906/config.yaml,,,,,0.1,True,,0.1,,10.638427734375,False,kivi_4bit_residual64,True,,balanced_two_gpu,1,persistent,27981.409756001085,22327,32162.204396910965,,,30.0,25.079345703125,6.314697265625,6.314697265625,6.314697265625,2682.9094619024545,unknown,True,,True,,False,,15402.90087890625,True,static_safe,False,0.0,0.0,kivi_4bit_residual64,0.0,,risk_evidence_insufficient,0.0,static_safe,270.6972120795399,,,,hybrid-session-005-turn-3,6.314697265625,0.0,6.314697265625,0.0,0.0,/DATACENTER3/zhenxiang.wang/work/TailGuardKV/.worktrees/baseline-smoke-final-aggregation/out/full_25session_baseline_9_14/full/policy_attempts/full40_20260916_h2o_static_safe/seed20260906,True,calibrated safe,hybrid-session-005,summary,271.57153584994376,3,risk_evidence_insufficient
kivi_4bit_residual64,13.0,0.1,False,True,online_qwen,True,,/DATACENTER3/zhenxiang.wang/work/TailGuardKV/.worktrees/baseline-smoke-final-aggregation/out/full_25session_baseline_9_14/full/policy_attempts/full40_20260916_h2o_static_safe/seed20260906/config.yaml,,,,,0.1,True,,0.1,,6.42236328125,False,kivi_4bit_residual64,True,,balanced_two_gpu,1,persistent,27981.409756001085,22327,32162.204396910965,,,30.0,25.34765625,6.690673828125,6.690673828125,6.690673828125,2764.254971873015,unknown,True,,True,,False,,15463.1826171875,True,static_safe,False,0.0,0.0,kivi_4bit_residual64,0.0,,risk_evidence_insufficient,0.0,static_safe,324.8752427753061,,,,hybrid-session-006-turn-3,6.690673828125,0.0,6.690673828125,0.0,0.0,/DATACENTER3/zhenxiang.wang/work/TailGuardKV/.worktrees/baseline-smoke-final-aggregation/out/full_25session_baseline_9_14/full/policy_attempts/full40_20260916_h2o_static_safe/seed20260906,True,calibrated safe,hybrid-session-006,qa,325.92561398632824,3,risk_evidence_insufficient
kivi_4bit_residual64,13.0,0.1,False,True,online_qwen,True,,/DATACENTER3/zhenxiang.wang/work/TailGuardKV/.worktrees/baseline-smoke-final-aggregation/out/full_25session_baseline_9_14/full/policy_attempts/full40_20260916_h2o_static_safe/seed20260906/config.yaml,,,,,0.1,True,,0.1,,5.740478515625,False,kivi_4bit_residual64,True,,balanced_two_gpu,1,persistent,27981.409756001085,22327,32162.204396910965,,,30.0,25.2041015625,5.596923828125,5.596923828125,5.596923828125,2225.8638269267976,unknown,True,,True,,False,,15368.09619140625,True,static_safe,False,0.0,0.0,kivi_4bit_residual64,0.0,,risk_evidence_insufficient,0.0,static_safe,250.02728309482336,,,,hybrid-session-009-turn-3,5.596923828125,0.0,5.596923828125,0.0,0.0,/DATACENTER3/zhenxiang.wang/work/TailGuardKV/.worktrees/baseline-smoke-final-aggregation/out/full_25session_baseline_9_14/full/policy_attempts/full40_20260916_h2o_static_safe/seed20260906,True,calibrated safe,hybrid-session-009,summary,250.92651997692883,3,risk_evidence_insufficient
kivi_4bit_residual64,13.0,0.1,False,True,online_qwen,True,,/DATACENTER3/zhenxiang.wang/work/TailGuardKV/.worktrees/baseline-smoke-final-aggregation/out/full_25session_baseline_9_14/full/policy_attempts/full40_20260916_h2o_static_safe/seed20260906/config.yaml,,,,,0.1,True,,0.1,,6.601806640625,False,kivi_4bit_residual64,True,,balanced_two_gpu,1,persistent,27981.409756001085,22327,32162.204396910965,,,30.0,24.665771484375,6.0634765625,6.0634765625,6.0634765625,2700.9801431559026,unknown,True,,True,,False,,15388.24560546875,True,static_safe,False,0.0,0.0,kivi_4bit_residual64,0.0,,risk_evidence_insufficient,0.0,static_safe,268.5879950877279,,,,hybrid-session-010-turn-3,6.0634765625,0.0,6.0634765625,0.0,0.0,/DATACENTER3/zhenxiang.wang/work/TailGuardKV/.worktrees/baseline-smoke-final-aggregation/out/full_25session_baseline_9_14/full/policy_attempts/full40_20260916_h2o_static_safe/seed20260906,True,calibrated safe,hybrid-session-010,qa,269.3706371355802,3,risk_evidence_insufficient
kivi_4bit_residual64,13.0,0.1,False,False,online_qwen,False,,/DATACENTER3/zhenxiang.wang/work/TailGuardKV/.worktrees/baseline-smoke-final-aggregation/out/full_25session_baseline_9_14/full/policy_attempts/full40_20260916_h2o_static_safe/seed20260906/config.yaml,,,,,0.1,True,,0.1,,0,False,kivi_4bit_residual64,True,,balanced_two_gpu,1,persistent,27981.409756001085,22327,32162.204396910965,,,30.0,28.505859375,3.840087890625,3.840087890625,3.840087890625,2309.665424982086,unknown,True,,True,,False,,15197.79150390625,True,static_safe,False,0.0,0.0,kivi_4bit_residual64,0.0,,risk_evidence_insufficient,0.0,static_safe,205.65447211265564,,,,hybrid-session-013-turn-3,3.840087890625,0.0,3.840087890625,0.0,0.0,/DATACENTER3/zhenxiang.wang/work/TailGuardKV/.worktrees/baseline-smoke-final-aggregation/out/full_25session_baseline_9_14/full/policy_attempts/full40_20260916_h2o_static_safe/seed20260906,True,calibrated safe,hybrid-session-013,summary,206.4610889647156,3,risk_evidence_insufficient
kivi_4bit_residual64,13.0,0.1,False,True,online_qwen,True,,/DATACENTER3/zhenxiang.wang/work/TailGuardKV/.worktrees/baseline-smoke-final-aggregation/out/full_25session_baseline_9_14/full/policy_attempts/full40_20260916_h2o_static_safe/seed20260906/config.yaml,,,,,0.1,True,,0.1,,6.314697265625,False,kivi_4bit_residual64,True,,balanced_two_gpu,1,persistent,27981.409756001085,22327,32162.204396910965,,,30.0,28.57763671875,6.386474609375,6.386474609375,6.386474609375,2715.5006900429726,unknown,True,,True,,False,,15406.10400390625,True,static_safe,False,0.0,0.0,kivi_4bit_residual64,0.0,,risk_evidence_insufficient,0.0,static_safe,277.42927498184144,,,,hybrid-session-016-turn-3,6.386474609375,0.0,6.386474609375,0.0,0.0,/DATACENTER3/zhenxiang.wang/work/TailGuardKV/.worktrees/baseline-smoke-final-aggregation/out/full_25session_baseline_9_14/full/policy_attempts/full40_20260916_h2o_static_safe/seed20260906,True,calibrated safe,hybrid-session-016,qa,278.25264795683324,3,risk_evidence_insufficient
kivi_4bit_residual64,13.0,0.1,False,True,online_qwen,True,,/DATACENTER3/zhenxiang.wang/work/TailGuardKV/.worktrees/baseline-smoke-final-aggregation/out/full_25session_baseline_9_14/full/policy_attempts/full40_20260916_h2o_static_safe/seed20260906/config.yaml,,,,,0.1,True,,0.1,,6.690673828125,False,kivi_4bit_residual64,True,,balanced_two_gpu,1,persistent,27981.409756001085,22327,32162.204396910965,,,30.0,28.2734375,6.386474609375,6.386474609375,6.386474609375,2664.713809033856,unknown,True,,True,,False,,15406.17236328125,True,static_safe,False,0.0,0.0,kivi_4bit_residual64,0.0,,risk_evidence_insufficient,0.0,static_safe,250.47686183825135,,,,hybrid-session-020-turn-3,6.386474609375,0.0,6.386474609375,0.0,0.0,/DATACENTER3/zhenxiang.wang/work/TailGuardKV/.worktrees/baseline-smoke-final-aggregation/out/full_25session_baseline_9_14/full/policy_attempts/full40_20260916_h2o_static_safe/seed20260906,True,calibrated safe,hybrid-session-020,qa,251.64426304399967,3,risk_evidence_insufficient
kivi_4bit_residual64,13.0,0.1,False,True,online_qwen,True,,/DATACENTER3/zhenxiang.wang/work/TailGuardKV/.worktrees/baseline-smoke-final-aggregation/out/full_25session_baseline_9_14/full/policy_attempts/full40_20260916_h2o_static_safe/seed20260906/config.yaml,,,,,0.1,True,,0.1,,5.596923828125,False,kivi_4bit_residual64,True,,balanced_two_gpu,1,persistent,27981.409756001085,22327,32162.204396910965,,,30.0,29.421875,6.745361328125,6.745361328125,6.745361328125,2670.9513689856976,unknown,True,,True,,False,,15421.52978515625,True,static_safe,False,0.0,0.0,kivi_4bit_residual64,0.0,,risk_evidence_insufficient,0.0,static_safe,271.32365899160504,,,,hybrid-session-021-turn-3,6.745361328125,0.0,6.745361328125,0.0,0.0,/DATACENTER3/zhenxiang.wang/work/TailGuardKV/.worktrees/baseline-smoke-final-aggregation/out/full_25session_baseline_9_14/full/policy_attempts/full40_20260916_h2o_static_safe/seed20260906,True,calibrated safe,hybrid-session-021,summary,277.0262770354748,3,risk_evidence_insufficient
kivi_4bit_residual64,13.0,0.1,False,True,online_qwen,True,,/DATACENTER3/zhenxiang.wang/work/TailGuardKV/.worktrees/baseline-smoke-final-aggregation/out/full_25session_baseline_9_14/full/policy_attempts/full40_20260916_h2o_static_safe/seed20260906/config.yaml,,,,,0.1,True,,0.1,,6.0634765625,False,kivi_4bit_residual64,True,,balanced_two_gpu,1,persistent,27981.409756001085,22327,32162.204396910965,,,30.0,29.20654296875,5.84814453125,5.84814453125,5.84814453125,2633.7669061031193,unknown,True,,True,,False,,15382.57763671875,True,static_safe,False,0.0,0.0,kivi_4bit_residual64,0.0,,risk_evidence_insufficient,0.0,static_safe,270.0350701343268,,,,hybrid-session-025-turn-3,5.84814453125,0.0,5.84814453125,0.0,0.0,/DATACENTER3/zhenxiang.wang/work/TailGuardKV/.worktrees/baseline-smoke-final-aggregation/out/full_25session_baseline_9_14/full/policy_attempts/full40_20260916_h2o_static_safe/seed20260906,True,calibrated safe,hybrid-session-025,summary,270.8261860534549,3,risk_evidence_insufficient
kivi_4bit_residual64,13.0,0.1,False,True,online_qwen,True,,/DATACENTER3/zhenxiang.wang/work/TailGuardKV/.worktrees/baseline-smoke-final-aggregation/out/full_25session_baseline_9_14/full/policy_attempts/full40_20260916_h2o_static_safe/seed20260906/config.yaml,,,,,0.1,True,,0.1,,10.2265625,False,kivi_4bit_residual64,True,,balanced_two_gpu,1,persistent,27981.409756001085,22327,32162.204396910965,,,30.0,24.665771484375,5.685791015625,5.685791015625,5.685791015625,2290.7515349797904,unknown,True,,True,,False,,15427.39501953125,True,static_safe,False,0.03418803418803419,0.03418803418803419,kivi_4bit_residual64,0.03418803418803419,,risk_evidence_insufficient,0.0,static_safe,269.27566691301763,,,,hybrid-session-026-turn-3,5.685791015625,0.0,5.685791015625,0.0,0.3418803418803419,/DATACENTER3/zhenxiang.wang/work/TailGuardKV/.worktrees/baseline-smoke-final-aggregation/out/full_25session_baseline_9_14/full/policy_attempts/full40_20260916_h2o_static_safe/seed20260906,False,calibrated unsafe,hybrid-session-026,qa,270.0252919457853,3,risk_evidence_insufficient
kivi_4bit_residual64,13.0,0.1,False,True,online_qwen,True,,/DATACENTER3/zhenxiang.wang/work/TailGuardKV/.worktrees/baseline-smoke-final-aggregation/out/full_25session_baseline_9_14/full/policy_attempts/full40_20260916_h2o_static_safe/seed20260906/config.yaml,,,,,0.1,True,,0.1,,6.386474609375,False,kivi_4bit_residual64,True,,balanced_two_gpu,1,persistent,27981.409756001085,22327,32162.204396910965,,,30.0,25.005859375,6.7265625,6.7265625,6.7265625,2378.3365190029144,unknown,True,,True,,False,,15464.6416015625,True,static_safe,False,0.0,0.0,kivi_4bit_residual64,0.0,,risk_evidence_insufficient,0.0,static_safe,315.2315029874444,,,,hybrid-session-002-turn-4,6.7265625,0.0,6.7265625,0.0,0.0,/DATACENTER3/zhenxiang.wang/work/TailGuardKV/.worktrees/baseline-smoke-final-aggregation/out/full_25session_baseline_9_14/full/policy_attempts/full40_20260916_h2o_static_safe/seed20260906,True,calibrated safe,hybrid-session-002,qa,316.03627698495984,4,risk_evidence_insufficient
kivi_4bit_residual64,13.0,0.1,False,True,online_qwen,True,,/DATACENTER3/zhenxiang.wang/work/TailGuardKV/.worktrees/baseline-smoke-final-aggregation/out/full_25session_baseline_9_14/full/policy_attempts/full40_20260916_h2o_static_safe/seed20260906/config.yaml,,,,,0.1,True,,0.1,,6.745361328125,False,kivi_4bit_residual64,True,,balanced_two_gpu,1,persistent,27981.409756001085,22327,32162.204396910965,,,30.0,24.30517578125,6.044677734375,6.044677734375,6.044677734375,2338.567728875205,unknown,True,,True,,False,,15438.72900390625,True,static_safe,False,0.0,0.0,kivi_4bit_residual64,0.0,,risk_evidence_insufficient,0.0,static_safe,272.6629839744419,,,,hybrid-session-003-turn-4,6.044677734375,0.0,6.044677734375,0.0,0.0,/DATACENTER3/zhenxiang.wang/work/TailGuardKV/.worktrees/baseline-smoke-final-aggregation/out/full_25session_baseline_9_14/full/policy_attempts/full40_20260916_h2o_static_safe/seed20260906,True,calibrated safe,hybrid-session-003,summary,273.563785944134,4,risk_evidence_insufficient
kivi_4bit_residual64,13.0,0.1,False,True,online_qwen,True,,/DATACENTER3/zhenxiang.wang/work/TailGuardKV/.worktrees/baseline-smoke-final-aggregation/out/full_25session_baseline_9_14/full/policy_attempts/full40_20260916_h2o_static_safe/seed20260906/config.yaml,,,,,0.1,True,,0.1,,5.84814453125,False,kivi_4bit_residual64,True,,balanced_two_gpu,1,persistent,27981.409756001085,22327,32162.204396910965,,,30.0,25.363037109375,6.906005859375,6.906005859375,6.906005859375,2726.6403678804636,unknown,True,,True,,False,,15472.3369140625,True,static_safe,False,0.0,0.0,kivi_4bit_residual64,0.0,,risk_evidence_insufficient,0.0,static_safe,325.9988341014832,,,,hybrid-session-004-turn-4,6.906005859375,0.0,6.906005859375,0.0,0.0,/DATACENTER3/zhenxiang.wang/work/TailGuardKV/.worktrees/baseline-smoke-final-aggregation/out/full_25session_baseline_9_14/full/policy_attempts/full40_20260916_h2o_static_safe/seed20260906,True,calibrated safe,hybrid-session-004,qa,327.0685428287834,4,risk_evidence_insufficient
kivi_4bit_residual64,13.0,0.1,False,True,online_qwen,True,,/DATACENTER3/zhenxiang.wang/work/TailGuardKV/.worktrees/baseline-smoke-final-aggregation/out/full_25session_baseline_9_14/full/policy_attempts/full40_20260916_h2o_static_safe/seed20260906/config.yaml,,,,,0.1,True,,0.1,,5.685791015625,False,kivi_4bit_residual64,True,,balanced_two_gpu,1,persistent,27981.409756001085,22327,32162.204396910965,,,30.0,26.296142578125,6.618896484375,6.618896484375,6.618896484375,2739.246638957411,unknown,True,,True,,False,,15460.0244140625,True,static_safe,False,0.0,0.0,kivi_4bit_residual64,0.0,,risk_evidence_insufficient,0.0,static_safe,323.37184296920896,,,,hybrid-session-005-turn-4,6.618896484375,0.0,6.618896484375,0.0,0.0,/DATACENTER3/zhenxiang.wang/work/TailGuardKV/.worktrees/baseline-smoke-final-aggregation/out/full_25session_baseline_9_14/full/policy_attempts/full40_20260916_h2o_static_safe/seed20260906,True,calibrated safe,hybrid-session-005,summary,324.14502394385636,4,risk_evidence_insufficient
kivi_4bit_residual64,13.0,0.1,False,True,online_qwen,True,,/DATACENTER3/zhenxiang.wang/work/TailGuardKV/.worktrees/baseline-smoke-final-aggregation/out/full_25session_baseline_9_14/full/policy_attempts/full40_20260916_h2o_static_safe/seed20260906/config.yaml,,,,,0.1,True,,0.1,,6.7265625,False,kivi_4bit_residual64,True,,balanced_two_gpu,1,persistent,27981.409756001085,22327,32162.204396910965,,,30.0,26.564453125,6.994873046875,6.994873046875,6.994873046875,2786.0752888955176,unknown,True,,True,,False,,15527.2626953125,True,static_safe,False,0.0,0.0,kivi_4bit_residual64,0.0,,risk_evidence_insufficient,0.0,static_safe,329.1367730125785,,,,hybrid-session-006-turn-4,6.994873046875,0.0,6.994873046875,0.0,0.0,/DATACENTER3/zhenxiang.wang/work/TailGuardKV/.worktrees/baseline-smoke-final-aggregation/out/full_25session_baseline_9_14/full/policy_attempts/full40_20260916_h2o_static_safe/seed20260906,True,calibrated safe,hybrid-session-006,qa,329.98321182094514,4,risk_evidence_insufficient
kivi_4bit_residual64,13.0,0.1,True,True,online_qwen,True,,/DATACENTER3/zhenxiang.wang/work/TailGuardKV/.worktrees/baseline-smoke-final-aggregation/out/full_25session_baseline_9_14/full/policy_attempts/full40_20260916_h2o_static_safe/seed20260906/config.yaml,,,,,0.1,True,,0.1,,6.044677734375,False,kivi_4bit_residual64,True,,balanced_two_gpu,1,persistent,27981.409756001085,22327,32162.204396910965,,,30.0,26.4208984375,5.901123046875,5.901123046875,5.901123046875,2727.163493866101,unknown,True,,True,,False,,15434.67431640625,True,static_safe,False,0.0,0.0,kivi_4bit_residual64,0.0,,risk_evidence_insufficient,0.0,static_safe,275.17797984182835,,,,hybrid-session-009-turn-4,5.901123046875,0.0,5.901123046875,0.0,0.0,/DATACENTER3/zhenxiang.wang/work/TailGuardKV/.worktrees/baseline-smoke-final-aggregation/out/full_25session_baseline_9_14/full/policy_attempts/full40_20260916_h2o_static_safe/seed20260906,True,calibrated safe,hybrid-session-009,summary,275.8794869296253,4,risk_evidence_insufficient
kivi_4bit_residual64,13.0,0.1,False,True,online_qwen,True,,/DATACENTER3/zhenxiang.wang/work/TailGuardKV/.worktrees/baseline-smoke-final-aggregation/out/full_25session_baseline_9_14/full/policy_attempts/full40_20260916_h2o_static_safe/seed20260906/config.yaml,,,,,0.1,True,,0.1,,6.906005859375,False,kivi_4bit_residual64,True,,balanced_two_gpu,1,persistent,27981.409756001085,22327,32162.204396910965,,,30.0,25.882568359375,6.36767578125,6.36767578125,6.36767578125,2737.7076980192214,unknown,True,,True,,False,,15450.701171875,True,static_safe,False,0.0,0.0,kivi_4bit_residual64,0.0,,risk_evidence_insufficient,0.0,static_safe,315.61735388822854,,,,hybrid-session-010-turn-4,6.36767578125,0.0,6.36767578125,0.0,0.0,/DATACENTER3/zhenxiang.wang/work/TailGuardKV/.worktrees/baseline-smoke-final-aggregation/out/full_25session_baseline_9_14/full/policy_attempts/full40_20260916_h2o_static_safe/seed20260906,True,calibrated safe,hybrid-session-010,qa,316.37095217593014,4,risk_evidence_insufficient
kivi_4bit_residual64,13.0,0.1,True,False,online_qwen,False,,/DATACENTER3/zhenxiang.wang/work/TailGuardKV/.worktrees/baseline-smoke-final-aggregation/out/full_25session_baseline_9_14/full/policy_attempts/full40_20260916_h2o_static_safe/seed20260906/config.yaml,,,,,0.1,True,,0.1,"OutOfMemoryError: CUDA out of memory. Tried to allocate 2.00 MiB. GPU 0 has a total capacity of 10.75 GiB of which 3.62 MiB is free. Including non-PyTorch memory, this process has 7.82 GiB memory in use. Process 26609 has 2.93 GiB memory in use. Of the allocated memory 6.91 GiB is allocated by PyTorch, and 118.54 MiB is reserved by PyTorch but unallocated. If reserved but unallocated memory is large try setting PYTORCH_CUDA_ALLOC_CONF=expandable_segments:True to avoid fragmentation.  See documentation for Memory Management  (https://pytorch.org/docs/stable/notes/cuda.html#environment-variables)",25.882568359375,False,kivi_4bit_residual64,True,,balanced_two_gpu,1,persistent,27981.409756001085,22327,32162.204396910965,true,,30.0,0.0,,,,,unknown,False,,False,,False,,,True,static_safe,False,0.0,0.0,kivi_4bit_residual64,0.0,,risk_evidence_insufficient,0.011893033981323242,static_safe,0.0,,,,hybrid-session-013-turn-4,0.0,0.0,,0.0,0.0,/DATACENTER3/zhenxiang.wang/work/TailGuardKV/.worktrees/baseline-smoke-final-aggregation/out/full_25session_baseline_9_14/full/policy_attempts/full40_20260916_h2o_static_safe/seed20260906,True,calibrated safe,hybrid-session-013,summary,,4,risk_evidence_insufficient
kivi_4bit_residual64,13.0,0.1,False,False,online_qwen,False,,/DATACENTER3/zhenxiang.wang/work/TailGuardKV/.worktrees/baseline-smoke-final-aggregation/out/full_25session_baseline_9_14/full/policy_attempts/full40_20260916_h2o_static_safe/seed20260906/config.yaml,,,,,0.1,True,,0.1,,0,False,kivi_4bit_residual64,True,,balanced_two_gpu,1,persistent,27981.409756001085,22327,32162.204396910965,,,30.0,13.38134765625,6.690673828125,6.690673828125,6.690673828125,2448.908317834139,unknown,True,,True,,False,,15444.7119140625,True,static_safe,False,0.0,0.0,kivi_4bit_residual64,0.0,,risk_evidence_insufficient,0.0,static_safe,313.0193748511374,,,,hybrid-session-020-turn-4,6.690673828125,0.0,6.690673828125,0.0,0.0,/DATACENTER3/zhenxiang.wang/work/TailGuardKV/.worktrees/baseline-smoke-final-aggregation/out/full_25session_baseline_9_14/full/policy_attempts/full40_20260916_h2o_static_safe/seed20260906,True,calibrated safe,hybrid-session-020,qa,313.87354899197817,4,risk_evidence_insufficient
kivi_4bit_residual64,13.0,0.1,False,False,online_qwen,False,,/DATACENTER3/zhenxiang.wang/work/TailGuardKV/.worktrees/baseline-smoke-final-aggregation/out/full_25session_baseline_9_14/full/policy_attempts/full40_20260916_h2o_static_safe/seed20260906/config.yaml,,,,,0.1,True,,0.1,,0,False,kivi_4bit_residual64,True,,balanced_two_gpu,1,persistent,27981.409756001085,22327,32162.204396910965,,,30.0,20.430908203125,7.049560546875,7.049560546875,7.049560546875,2364.1746540088207,unknown,True,,True,,False,,15466.6689453125,True,static_safe,False,0.0,0.0,kivi_4bit_residual64,0.0,,risk_evidence_insufficient,0.0,static_safe,318.93160194158554,,,,hybrid-session-021-turn-4,7.049560546875,0.0,7.049560546875,0.0,0.0,/DATACENTER3/zhenxiang.wang/work/TailGuardKV/.worktrees/baseline-smoke-final-aggregation/out/full_25session_baseline_9_14/full/policy_attempts/full40_20260916_h2o_static_safe/seed20260906,True,calibrated safe,hybrid-session-021,summary,319.82327508740127,4,risk_evidence_insufficient
kivi_4bit_residual64,13.0,0.1,False,False,online_qwen,False,,/DATACENTER3/zhenxiang.wang/work/TailGuardKV/.worktrees/baseline-smoke-final-aggregation/out/full_25session_baseline_9_14/full/policy_attempts/full40_20260916_h2o_static_safe/seed20260906/config.yaml,,,,,0.1,True,,0.1,,0,False,kivi_4bit_residual64,True,,balanced_two_gpu,1,persistent,27981.409756001085,22327,32162.204396910965,,,30.0,26.583251953125,6.15234375,6.15234375,6.15234375,2579.709286103025,unknown,True,,True,,False,,15442.7470703125,True,static_safe,False,0.0,0.0,kivi_4bit_residual64,0.0,,risk_evidence_insufficient,0.0,static_safe,314.09704801626503,,,,hybrid-session-025-turn-4,6.15234375,0.0,6.15234375,0.0,0.0,/DATACENTER3/zhenxiang.wang/work/TailGuardKV/.worktrees/baseline-smoke-final-aggregation/out/full_25session_baseline_9_14/full/policy_attempts/full40_20260916_h2o_static_safe/seed20260906,True,calibrated safe,hybrid-session-025,summary,324.6522231493145,4,risk_evidence_insufficient
kivi_4bit_residual64,13.0,0.1,False,True,online_qwen,True,,/DATACENTER3/zhenxiang.wang/work/TailGuardKV/.worktrees/baseline-smoke-final-aggregation/out/full_25session_baseline_9_14/full/policy_attempts/full40_20260916_h2o_static_safe/seed20260906/config.yaml,,,,,0.1,True,,0.1,,6.690673828125,False,kivi_4bit_residual64,True,,balanced_two_gpu,1,persistent,27981.409756001085,22327,32162.204396910965,,,30.0,27.085693359375,7.193115234375,7.193115234375,7.193115234375,2215.6554490793496,unknown,True,,True,,False,,15485.1865234375,True,static_safe,False,0.03418803418803419,0.03418803418803419,kivi_4bit_residual64,0.03418803418803419,,risk_evidence_insufficient,0.0,static_safe,298.8245759624988,,,,hybrid-session-026-turn-4,7.193115234375,0.0,7.193115234375,0.0,0.3418803418803419,/DATACENTER3/zhenxiang.wang/work/TailGuardKV/.worktrees/baseline-smoke-final-aggregation/out/full_25session_baseline_9_14/full/policy_attempts/full40_20260916_h2o_static_safe/seed20260906,False,calibrated unsafe,hybrid-session-026,qa,299.7494169976562,4,risk_evidence_insufficient
full_gpu,2.0,0.1,False,False,online_qwen,False,1.0,/DATACENTER3/zhenxiang.wang/work/TailGuardKV/.worktrees/baseline-smoke-final-aggregation/out/full_25session_baseline_9_14/full/policy_attempts/full40_20260916_h2o_static_safe/seed20260906/config.yaml,,,,,0.1,True,,0.1,,0,True,full_gpu,True,,balanced_two_gpu,1,persistent,27953.217322938144,27894,31769.825435010716,,exact fallback,30.0,3.5546875,1.4765625,1.4765625,1.4765625,1488.950378028676,unknown,True,,True,,False,,15055.19384765625,True,utility_dynamic,True,0.0,0.0,full_gpu,0.0,,risk_evidence_insufficient,0.0,utility_dynamic,0.0,,,,hybrid-session-003-turn-0,1.4765625,0.0,1.4765625,0.0,0.0,/DATACENTER3/zhenxiang.wang/work/TailGuardKV/.worktrees/baseline-smoke-final-aggregation/out/full_25session_baseline_9_14/full/policy_attempts/full40_20260916_h2o_static_safe/seed20260906,True,,hybrid-session-003,chat,88.52441306225955,0,risk_evidence_insufficient
full_gpu,3.0,0.1,False,False,online_qwen,False,1.0,/DATACENTER3/zhenxiang.wang/work/TailGuardKV/.worktrees/baseline-smoke-final-aggregation/out/full_25session_baseline_9_14/full/policy_attempts/full40_20260916_h2o_static_safe/seed20260906/config.yaml,,,,,0.1,True,,0.1,,0,True,full_gpu,True,,balanced_two_gpu,1,persistent,27953.217322938144,27894,31769.825435010716,,exact fallback,30.0,5.3046875,1.75,1.75,1.75,1523.3409928623587,unknown,True,,True,,False,,15063.70947265625,True,utility_dynamic,True,0.0,0.0,full_gpu,0.0,,risk_evidence_insufficient,0.0,utility_dynamic,0.0,,,,hybrid-session-004-turn-0,1.75,0.0,1.75,0.0,0.0,/DATACENTER3/zhenxiang.wang/work/TailGuardKV/.worktrees/baseline-smoke-final-aggregation/out/full_25session_baseline_9_14/full/policy_attempts/full40_20260916_h2o_static_safe/seed20260906,True,,hybrid-session-004,chat,93.1701809167862,0,risk_evidence_insufficient
full_gpu,4.0,0.1,False,False,online_qwen,False,1.0,/DATACENTER3/zhenxiang.wang/work/TailGuardKV/.worktrees/baseline-smoke-final-aggregation/out/full_25session_baseline_9_14/full/policy_attempts/full40_20260916_h2o_static_safe/seed20260906/config.yaml,,,,,0.1,True,,0.1,,0,True,full_gpu,True,,balanced_two_gpu,1,persistent,27953.217322938144,27894,31769.825435010716,,exact fallback,30.0,7.21875,1.9140625,1.9140625,1.9140625,1539.7534391377121,unknown,True,,True,,False,,15070.26806640625,True,utility_dynamic,True,0.0,0.0,full_gpu,0.0,,risk_evidence_insufficient,0.0,utility_dynamic,0.0,,,,hybrid-session-005-turn-0,1.9140625,0.0,1.9140625,0.0,0.0,/DATACENTER3/zhenxiang.wang/work/TailGuardKV/.worktrees/baseline-smoke-final-aggregation/out/full_25session_baseline_9_14/full/policy_attempts/full40_20260916_h2o_static_safe/seed20260906,True,,hybrid-session-005,chat,97.76797308586538,0,risk_evidence_insufficient
full_gpu,5.0,0.1,False,False,online_qwen,False,1.0,/DATACENTER3/zhenxiang.wang/work/TailGuardKV/.worktrees/baseline-smoke-final-aggregation/out/full_25session_baseline_9_14/full/policy_attempts/full40_20260916_h2o_static_safe/seed20260906/config.yaml,,,,,0.1,True,,0.1,,0,True,full_gpu,True,,balanced_two_gpu,1,persistent,27953.217322938144,27894,31769.825435010716,,exact fallback,30.0,9.84375,2.625,2.625,2.625,1556.3124679028988,unknown,True,,True,,False,,15093.27587890625,True,utility_dynamic,True,0.0,0.0,full_gpu,0.0,,risk_evidence_insufficient,0.0,utility_dynamic,0.0,,,,hybrid-session-006-turn-0,2.625,0.0,2.625,0.0,0.0,/DATACENTER3/zhenxiang.wang/work/TailGuardKV/.worktrees/baseline-smoke-final-aggregation/out/full_25session_baseline_9_14/full/policy_attempts/full40_20260916_h2o_static_safe/seed20260906,True,,hybrid-session-006,chat,99.27584300749004,0,risk_evidence_insufficient
full_gpu,6.0,0.1,False,False,online_qwen,False,1.0,/DATACENTER3/zhenxiang.wang/work/TailGuardKV/.worktrees/baseline-smoke-final-aggregation/out/full_25session_baseline_9_14/full/policy_attempts/full40_20260916_h2o_static_safe/seed20260906/config.yaml,,,,,0.1,True,,0.1,,0,True,full_gpu,True,,balanced_two_gpu,1,persistent,27953.217322938144,27894,31769.825435010716,,exact fallback,30.0,11.5390625,1.6953125,1.6953125,1.6953125,1509.2104070354253,unknown,True,,True,,False,,15068.48681640625,True,utility_dynamic,True,0.0,0.0,full_gpu,0.0,,risk_evidence_insufficient,0.0,utility_dynamic,0.0,,,,hybrid-session-009-turn-0,1.6953125,0.0,1.6953125,0.0,0.0,/DATACENTER3/zhenxiang.wang/work/TailGuardKV/.worktrees/baseline-smoke-final-aggregation/out/full_25session_baseline_9_14/full/policy_attempts/full40_20260916_h2o_static_safe/seed20260906,True,,hybrid-session-009,chat,93.5342819429934,0,risk_evidence_insufficient
full_gpu,7.0,0.1,False,False,online_qwen,False,1.0,/DATACENTER3/zhenxiang.wang/work/TailGuardKV/.worktrees/baseline-smoke-final-aggregation/out/full_25session_baseline_9_14/full/policy_attempts/full40_20260916_h2o_static_safe/seed20260906/config.yaml,,,,,0.1,True,,0.1,,0,True,full_gpu,True,,balanced_two_gpu,1,persistent,27953.217322938144,27894,31769.825435010716,,exact fallback,30.0,13.0703125,1.53125,1.53125,1.53125,1539.6295909304172,unknown,True,,True,,False,,15065.87646484375,True,utility_dynamic,True,0.0,0.0,full_gpu,0.0,,risk_evidence_insufficient,0.0,utility_dynamic,0.0,,,,hybrid-session-010-turn-0,1.53125,0.0,1.53125,0.0,0.0,/DATACENTER3/zhenxiang.wang/work/TailGuardKV/.worktrees/baseline-smoke-final-aggregation/out/full_25session_baseline_9_14/full/policy_attempts/full40_20260916_h2o_static_safe/seed20260906,True,,hybrid-session-010,chat,100.83862696774304,0,risk_evidence_insufficient
full_gpu,8.0,0.1,False,False,online_qwen,False,1.0,/DATACENTER3/zhenxiang.wang/work/TailGuardKV/.worktrees/baseline-smoke-final-aggregation/out/full_25session_baseline_9_14/full/policy_attempts/full40_20260916_h2o_static_safe/seed20260906/config.yaml,,,,,0.1,True,,0.1,,0,True,full_gpu,True,,balanced_two_gpu,1,persistent,27953.217322938144,27894,31769.825435010716,,exact fallback,30.0,14.875,1.8046875,1.8046875,1.8046875,1543.1261090561748,unknown,True,,True,,False,,15074.73681640625,True,utility_dynamic,True,0.0,0.0,full_gpu,0.0,,risk_evidence_insufficient,0.0,utility_dynamic,0.0,,,,hybrid-session-013-turn-0,1.8046875,0.0,1.8046875,0.0,0.0,/DATACENTER3/zhenxiang.wang/work/TailGuardKV/.worktrees/baseline-smoke-final-aggregation/out/full_25session_baseline_9_14/full/policy_attempts/full40_20260916_h2o_static_safe/seed20260906,True,,hybrid-session-013,chat,104.14973110891879,0,risk_evidence_insufficient
full_gpu,9.0,0.1,False,False,online_qwen,False,1.0,/DATACENTER3/zhenxiang.wang/work/TailGuardKV/.worktrees/baseline-smoke-final-aggregation/out/full_25session_baseline_9_14/full/policy_attempts/full40_20260916_h2o_static_safe/seed20260906/config.yaml,,,,,0.1,True,,0.1,,0,True,full_gpu,True,,balanced_two_gpu,1,persistent,27953.217322938144,27894,31769.825435010716,,exact fallback,30.0,17.5,2.625,2.625,2.625,1541.8108198791742,unknown,True,,True,,False,,15100.93212890625,True,utility_dynamic,True,0.0,0.0,full_gpu,0.0,,risk_evidence_insufficient,0.0,utility_dynamic,0.0,,,,hybrid-session-016-turn-0,2.625,0.0,2.625,0.0,0.0,/DATACENTER3/zhenxiang.wang/work/TailGuardKV/.worktrees/baseline-smoke-final-aggregation/out/full_25session_baseline_9_14/full/policy_attempts/full40_20260916_h2o_static_safe/seed20260906,True,,hybrid-session-016,chat,98.93333399668336,0,risk_evidence_insufficient
full_gpu,10.0,0.1,False,False,online_qwen,False,1.0,/DATACENTER3/zhenxiang.wang/work/TailGuardKV/.worktrees/baseline-smoke-final-aggregation/out/full_25session_baseline_9_14/full/policy_attempts/full40_20260916_h2o_static_safe/seed20260906/config.yaml,,,,,0.1,True,,0.1,,0,True,full_gpu,True,,balanced_two_gpu,1,persistent,27953.217322938144,27894,31769.825435010716,,exact fallback,30.0,19.90625,2.40625,2.40625,2.40625,1546.0266321897507,unknown,True,,True,,False,,15095.79541015625,True,utility_dynamic,True,0.0,0.0,full_gpu,0.0,,risk_evidence_insufficient,0.0,utility_dynamic,0.0,,,,hybrid-session-020-turn-0,2.40625,0.0,2.40625,0.0,0.0,/DATACENTER3/zhenxiang.wang/work/TailGuardKV/.worktrees/baseline-smoke-final-aggregation/out/full_25session_baseline_9_14/full/policy_attempts/full40_20260916_h2o_static_safe/seed20260906,True,,hybrid-session-020,chat,104.90635316818953,0,risk_evidence_insufficient
full_gpu,11.0,0.1,False,False,online_qwen,False,1.0,/DATACENTER3/zhenxiang.wang/work/TailGuardKV/.worktrees/baseline-smoke-final-aggregation/out/full_25session_baseline_9_14/full/policy_attempts/full40_20260916_h2o_static_safe/seed20260906/config.yaml,,,,,0.1,True,,0.1,,0,True,full_gpu,True,,balanced_two_gpu,1,persistent,27953.217322938144,27894,31769.825435010716,,exact fallback,30.0,22.203125,2.296875,2.296875,2.296875,1219.5701240561903,unknown,True,,True,,False,,15095.17822265625,True,utility_dynamic,True,0.0,0.0,full_gpu,0.0,,risk_evidence_insufficient,0.0,utility_dynamic,0.0,,,,hybrid-session-021-turn-0,2.296875,0.0,2.296875,0.0,0.0,/DATACENTER3/zhenxiang.wang/work/TailGuardKV/.worktrees/baseline-smoke-final-aggregation/out/full_25session_baseline_9_14/full/policy_attempts/full40_20260916_h2o_static_safe/seed20260906,True,,hybrid-session-021,chat,123.9503261167556,0,risk_evidence_insufficient
full_gpu,12.0,0.1,False,False,online_qwen,False,1.0,/DATACENTER3/zhenxiang.wang/work/TailGuardKV/.worktrees/baseline-smoke-final-aggregation/out/full_25session_baseline_9_14/full/policy_attempts/full40_20260916_h2o_static_safe/seed20260906/config.yaml,,,,,0.1,True,,0.1,,0,True,full_gpu,True,,balanced_two_gpu,1,persistent,27953.217322938144,27894,31769.825435010716,,exact fallback,30.0,24.171875,1.96875,1.96875,1.96875,1556.3948510680348,unknown,True,,True,,False,,15088.40478515625,True,utility_dynamic,True,0.0,0.0,full_gpu,0.0,,risk_evidence_insufficient,0.0,utility_dynamic,0.0,,,,hybrid-session-025-turn-0,1.96875,0.0,1.96875,0.0,0.0,/DATACENTER3/zhenxiang.wang/work/TailGuardKV/.worktrees/baseline-smoke-final-aggregation/out/full_25session_baseline_9_14/full/policy_attempts/full40_20260916_h2o_static_safe/seed20260906,True,,hybrid-session-025,chat,111.06181005015969,0,risk_evidence_insufficient
full_gpu,13.0,0.1,False,False,online_qwen,False,1.0,/DATACENTER3/zhenxiang.wang/work/TailGuardKV/.worktrees/baseline-smoke-final-aggregation/out/full_25session_baseline_9_14/full/policy_attempts/full40_20260916_h2o_static_safe/seed20260906/config.yaml,,,,,0.1,True,,0.1,,0,True,full_gpu,True,,balanced_two_gpu,1,persistent,27953.217322938144,27894,31769.825435010716,,exact fallback,30.0,26.359375,2.1875,2.1875,2.1875,1554.285645019263,unknown,True,,True,,False,,15096.42041015625,True,utility_dynamic,True,0.0,0.0,full_gpu,0.0,,risk_evidence_insufficient,0.0,utility_dynamic,0.0,,,,hybrid-session-026-turn-0,2.1875,0.0,2.1875,0.0,0.0,/DATACENTER3/zhenxiang.wang/work/TailGuardKV/.worktrees/baseline-smoke-final-aggregation/out/full_25session_baseline_9_14/full/policy_attempts/full40_20260916_h2o_static_safe/seed20260906,True,,hybrid-session-026,chat,107.69006400369108,0,risk_evidence_insufficient
full_gpu,13.0,0.1,False,False,online_qwen,False,1.0,/DATACENTER3/zhenxiang.wang/work/TailGuardKV/.worktrees/baseline-smoke-final-aggregation/out/full_25session_baseline_9_14/full/policy_attempts/full40_20260916_h2o_static_safe/seed20260906/config.yaml,,,,,0.1,True,,0.1,,0,True,full_gpu,True,,balanced_two_gpu,1,persistent,27953.217322938144,27894,31769.825435010716,,exact fallback,30.0,28.1640625,3.8828125,3.8828125,1.8046875,1553.672906011343,unknown,True,,True,,False,,15088.02685546875,True,utility_dynamic,True,0.0,0.0,full_gpu,0.0,,risk_evidence_insufficient,0.0,utility_dynamic,0.0,,,,hybrid-session-002-turn-1,3.8828125,2.078125,3.8828125,0.0,0.0,/DATACENTER3/zhenxiang.wang/work/TailGuardKV/.worktrees/baseline-smoke-final-aggregation/out/full_25session_baseline_9_14/full/policy_attempts/full40_20260916_h2o_static_safe/seed20260906,True,,hybrid-session-002,chat,103.88642782345414,1,risk_evidence_insufficient
full_gpu,13.0,0.1,True,False,online_qwen,False,1.0,/DATACENTER3/zhenxiang.wang/work/TailGuardKV/.worktrees/baseline-smoke-final-aggregation/out/full_25session_baseline_9_14/full/policy_attempts/full40_20260916_h2o_static_safe/seed20260906/config.yaml,,,,,0.1,True,,0.1,,0,True,full_gpu,True,,balanced_two_gpu,1,persistent,27953.217322938144,27894,31769.825435010716,,exact fallback,30.0,29.5859375,2.8984375,2.8984375,1.421875,1562.53708479926,unknown,True,0.0,True,,False,,15080.05908203125,True,utility_dynamic,True,0.0,0.0,full_gpu,0.0,,risk_evidence_insufficient,0.0,utility_dynamic,0.0,,,,hybrid-session-003-turn-1,2.8984375,1.4765625,2.8984375,0.0,0.0,/DATACENTER3/zhenxiang.wang/work/TailGuardKV/.worktrees/baseline-smoke-final-aggregation/out/full_25session_baseline_9_14/full/policy_attempts/full40_20260916_h2o_static_safe/seed20260906,True,,hybrid-session-003,chat,98.90248882584274,1,risk_evidence_insufficient
full_gpu,13.0,0.1,False,True,online_qwen,True,1.0,/DATACENTER3/zhenxiang.wang/work/TailGuardKV/.worktrees/baseline-smoke-final-aggregation/out/full_25session_baseline_9_14/full/policy_attempts/full40_20260916_h2o_static_safe/seed20260906/config.yaml,,,,,0.1,True,,0.1,,4.5390625,True,full_gpu,True,,balanced_two_gpu,1,persistent,27953.217322938144,27894,31769.825435010716,,exact fallback,30.0,28.2734375,4.9765625,4.9765625,3.2265625,1558.3440780173987,unknown,True,,True,,False,,15131.58349609375,True,utility_dynamic,True,0.0,0.0,full_gpu,0.0,,risk_evidence_insufficient,0.0,utility_dynamic,0.0,,,,hybrid-session-004-turn-1,4.9765625,1.75,4.9765625,0.0,0.0,/DATACENTER3/zhenxiang.wang/work/TailGuardKV/.worktrees/baseline-smoke-final-aggregation/out/full_25session_baseline_9_14/full/policy_attempts/full40_20260916_h2o_static_safe/seed20260906,True,,hybrid-session-004,chat,114.33207499794662,1,risk_evidence_insufficient
full_gpu,13.0,0.1,False,True,online_qwen,True,1.0,/DATACENTER3/zhenxiang.wang/work/TailGuardKV/.worktrees/baseline-smoke-final-aggregation/out/full_25session_baseline_9_14/full/policy_attempts/full40_20260916_h2o_static_safe/seed20260906/config.yaml,,,,,0.1,True,,0.1,,3.2265625,True,full_gpu,True,,balanced_two_gpu,1,persistent,27953.217322938144,27894,31769.825435010716,,exact fallback,30.0,28.984375,3.9375,3.9375,3.9375,1574.7224849183112,unknown,True,,True,,False,,15150.76806640625,True,utility_dynamic,True,0.0,0.0,full_gpu,0.0,,risk_evidence_insufficient,0.0,utility_dynamic,117.85711604170501,,,,hybrid-session-005-turn-1,3.9375,0.0,3.9375,0.0,0.0,/DATACENTER3/zhenxiang.wang/work/TailGuardKV/.worktrees/baseline-smoke-final-aggregation/out/full_25session_baseline_9_14/full/policy_attempts/full40_20260916_h2o_static_safe/seed20260906,True,,hybrid-session-005,chat,118.69610100984573,1,risk_evidence_insufficient
full_gpu,13.0,0.1,False,True,online_qwen,True,1.0,/DATACENTER3/zhenxiang.wang/work/TailGuardKV/.worktrees/baseline-smoke-final-aggregation/out/full_25session_baseline_9_14/full/policy_attempts/full40_20260916_h2o_static_safe/seed20260906/config.yaml,,,,,0.1,True,,0.1,,4.4296875,True,full_gpu,True,,balanced_two_gpu,1,persistent,27953.217322938144,27894,31769.825435010716,,exact fallback,30.0,29.859375,5.3046875,5.3046875,5.3046875,1562.6581360120326,unknown,True,,True,,False,,15188.640625,True,utility_dynamic,True,0.0,0.0,full_gpu,0.0,,risk_evidence_insufficient,0.0,utility_dynamic,110.18161382526159,,,,hybrid-session-006-turn-1,5.3046875,0.0,5.3046875,0.0,0.0,/DATACENTER3/zhenxiang.wang/work/TailGuardKV/.worktrees/baseline-smoke-final-aggregation/out/full_25session_baseline_9_14/full/policy_attempts/full40_20260916_h2o_static_safe/seed20260906,True,,hybrid-session-006,chat,111.3009350374341,1,risk_evidence_insufficient
full_gpu,13.0,0.1,False,True,online_qwen,True,1.0,/DATACENTER3/zhenxiang.wang/work/TailGuardKV/.worktrees/baseline-smoke-final-aggregation/out/full_25session_baseline_9_14/full/policy_attempts/full40_20260916_h2o_static_safe/seed20260906/config.yaml,,,,,0.1,True,,0.1,,4.703125,True,full_gpu,True,,balanced_two_gpu,1,persistent,27953.217322938144,27894,31769.825435010716,,exact fallback,30.0,28.2734375,3.1171875,3.1171875,3.1171875,1553.7881429772824,unknown,True,,True,,False,,15127.80712890625,True,utility_dynamic,True,0.0,0.0,full_gpu,0.0,,risk_evidence_insufficient,0.0,utility_dynamic,102.05094702541828,,,,hybrid-session-009-turn-1,3.1171875,0.0,3.1171875,0.0,0.0,/DATACENTER3/zhenxiang.wang/work/TailGuardKV/.worktrees/baseline-smoke-final-aggregation/out/full_25session_baseline_9_14/full/policy_attempts/full40_20260916_h2o_static_safe/seed20260906,True,,hybrid-session-009,chat,102.86857094615698,1,risk_evidence_insufficient
full_gpu,13.0,0.1,False,True,online_qwen,True,1.0,/DATACENTER3/zhenxiang.wang/work/TailGuardKV/.worktrees/baseline-smoke-final-aggregation/out/full_25session_baseline_9_14/full/policy_attempts/full40_20260916_h2o_static_safe/seed20260906/config.yaml,,,,,0.1,True,,0.1,,1.96875,True,full_gpu,True,,balanced_two_gpu,1,persistent,27953.217322938144,27894,31769.825435010716,,exact fallback,30.0,29.203125,2.8984375,2.8984375,2.8984375,1387.0480759069324,unknown,True,,True,,False,,15121.02783203125,True,utility_dynamic,True,0.0,0.0,full_gpu,0.0,,risk_evidence_insufficient,0.0,utility_dynamic,107.02284821309149,,,,hybrid-session-010-turn-1,2.8984375,0.0,2.8984375,0.0,0.0,/DATACENTER3/zhenxiang.wang/work/TailGuardKV/.worktrees/baseline-smoke-final-aggregation/out/full_25session_baseline_9_14/full/policy_attempts/full40_20260916_h2o_static_safe/seed20260906,True,,hybrid-session-010,chat,107.84873692318797,1,risk_evidence_insufficient
full_gpu,13.0,0.1,False,True,online_qwen,True,1.0,/DATACENTER3/zhenxiang.wang/work/TailGuardKV/.worktrees/baseline-smoke-final-aggregation/out/full_25session_baseline_9_14/full/policy_attempts/full40_20260916_h2o_static_safe/seed20260906/config.yaml,,,,,0.1,True,,0.1,,6.0703125,True,full_gpu,True,,balanced_two_gpu,1,persistent,27953.217322938144,27894,31769.825435010716,,exact fallback,30.0,26.25,3.1171875,3.1171875,3.1171875,1547.6870590355247,unknown,True,,True,,False,,15127.15087890625,True,utility_dynamic,True,0.0,0.0,full_gpu,0.0,,risk_evidence_insufficient,0.0,utility_dynamic,105.8045809622854,,,,hybrid-session-013-turn-1,3.1171875,0.0,3.1171875,0.0,0.0,/DATACENTER3/zhenxiang.wang/work/TailGuardKV/.worktrees/baseline-smoke-final-aggregation/out/full_25session_baseline_9_14/full/policy_attempts/full40_20260916_h2o_static_safe/seed20260906,True,,hybrid-session-013,chat,106.58363602124155,1,risk_evidence_insufficient
full_gpu,13.0,0.1,False,True,online_qwen,True,1.0,/DATACENTER3/zhenxiang.wang/work/TailGuardKV/.worktrees/baseline-smoke-final-aggregation/out/full_25session_baseline_9_14/full/policy_attempts/full40_20260916_h2o_static_safe/seed20260906/config.yaml,,,,,0.1,True,,0.1,,2.8984375,True,full_gpu,True,,balanced_two_gpu,1,persistent,27953.217322938144,27894,31769.825435010716,,exact fallback,30.0,27.453125,4.1015625,4.1015625,4.1015625,1561.356790130958,unknown,True,,True,,False,,15152.00634765625,True,utility_dynamic,True,0.0,0.0,full_gpu,0.0,,risk_evidence_insufficient,0.0,utility_dynamic,111.72657110728323,,,,hybrid-session-016-turn-1,4.1015625,0.0,4.1015625,0.0,0.0,/DATACENTER3/zhenxiang.wang/work/TailGuardKV/.worktrees/baseline-smoke-final-aggregation/out/full_25session_baseline_9_14/full/policy_attempts/full40_20260916_h2o_static_safe/seed20260906,True,,hybrid-session-016,chat,112.63999715447426,1,risk_evidence_insufficient
full_gpu,13.0,0.1,False,True,online_qwen,True,1.0,/DATACENTER3/zhenxiang.wang/work/TailGuardKV/.worktrees/baseline-smoke-final-aggregation/out/full_25session_baseline_9_14/full/policy_attempts/full40_20260916_h2o_static_safe/seed20260906/config.yaml,,,,,0.1,True,,0.1,,4.9765625,True,full_gpu,True,,balanced_two_gpu,1,persistent,27953.217322938144,27894,31769.825435010716,,exact fallback,30.0,26.359375,3.8828125,3.8828125,3.8828125,1553.5891470499337,unknown,True,,True,,False,,15146.56494140625,True,utility_dynamic,True,0.0,0.0,full_gpu,0.0,,risk_evidence_insufficient,0.0,utility_dynamic,115.20264693535864,,,,hybrid-session-020-turn-1,3.8828125,0.0,3.8828125,0.0,0.0,/DATACENTER3/zhenxiang.wang/work/TailGuardKV/.worktrees/baseline-smoke-final-aggregation/out/full_25session_baseline_9_14/full/policy_attempts/full40_20260916_h2o_static_safe/seed20260906,True,,hybrid-session-020,chat,116.25225911848247,1,risk_evidence_insufficient
full_gpu,13.0,0.1,False,True,online_qwen,True,1.0,/DATACENTER3/zhenxiang.wang/work/TailGuardKV/.worktrees/baseline-smoke-final-aggregation/out/full_25session_baseline_9_14/full/policy_attempts/full40_20260916_h2o_static_safe/seed20260906/config.yaml,,,,,0.1,True,,0.1,,3.9375,True,full_gpu,True,,balanced_two_gpu,1,persistent,27953.217322938144,27894,31769.825435010716,,exact fallback,30.0,27.015625,4.59375,4.59375,4.59375,1476.7701050732285,unknown,True,,True,,False,,15165.12548828125,True,utility_dynamic,True,0.0,0.0,full_gpu,0.0,,risk_evidence_insufficient,0.0,utility_dynamic,114.93492382578552,,,,hybrid-session-021-turn-1,4.59375,0.0,4.59375,0.0,0.0,/DATACENTER3/zhenxiang.wang/work/TailGuardKV/.worktrees/baseline-smoke-final-aggregation/out/full_25session_baseline_9_14/full/policy_attempts/full40_20260916_h2o_static_safe/seed20260906,True,,hybrid-session-021,chat,115.850968984887,1,risk_evidence_insufficient
full_gpu,13.0,0.1,False,True,online_qwen,True,1.0,/DATACENTER3/zhenxiang.wang/work/TailGuardKV/.worktrees/baseline-smoke-final-aggregation/out/full_25session_baseline_9_14/full/policy_attempts/full40_20260916_h2o_static_safe/seed20260906/config.yaml,,,,,0.1,True,,0.1,,5.3046875,True,full_gpu,True,,balanced_two_gpu,1,persistent,27953.217322938144,27894,31769.825435010716,,exact fallback,30.0,25.046875,3.3359375,3.3359375,3.3359375,1565.1509251911193,unknown,True,,True,,False,,15131.66845703125,True,utility_dynamic,True,0.0,0.0,full_gpu,0.0,,risk_evidence_insufficient,0.0,utility_dynamic,105.76478205621243,,,,hybrid-session-025-turn-1,3.3359375,0.0,3.3359375,0.0,0.0,/DATACENTER3/zhenxiang.wang/work/TailGuardKV/.worktrees/baseline-smoke-final-aggregation/out/full_25session_baseline_9_14/full/policy_attempts/full40_20260916_h2o_static_safe/seed20260906,True,,hybrid-session-025,chat,106.58159013837576,1,risk_evidence_insufficient
full_gpu,13.0,0.1,False,False,online_qwen,False,1.0,/DATACENTER3/zhenxiang.wang/work/TailGuardKV/.worktrees/baseline-smoke-final-aggregation/out/full_25session_baseline_9_14/full/policy_attempts/full40_20260916_h2o_static_safe/seed20260906/config.yaml,,,,,0.1,True,,0.1,,0,True,full_gpu,True,,balanced_two_gpu,1,persistent,27953.217322938144,27894,31769.825435010716,,exact fallback,30.0,29.75,4.703125,4.703125,4.703125,1339.2901378683746,unknown,True,,True,,False,,15168.46728515625,True,utility_dynamic,True,0.0,0.0,full_gpu,0.0,,risk_evidence_insufficient,0.0,utility_dynamic,113.73357591219246,,,,hybrid-session-026-turn-1,4.703125,0.0,4.703125,0.0,0.0,/DATACENTER3/zhenxiang.wang/work/TailGuardKV/.worktrees/baseline-smoke-final-aggregation/out/full_25session_baseline_9_14/full/policy_attempts/full40_20260916_h2o_static_safe/seed20260906,True,,hybrid-session-026,chat,114.53111399896443,1,risk_evidence_insufficient
full_gpu,13.0,0.1,True,True,online_qwen,True,1.0,/DATACENTER3/zhenxiang.wang/work/TailGuardKV/.worktrees/baseline-smoke-final-aggregation/out/full_25session_baseline_9_14/full/policy_attempts/full40_20260916_h2o_static_safe/seed20260906/config.yaml,,,,,0.1,True,,0.1,,13.234375,True,full_gpu,True,,balanced_two_gpu,1,persistent,27953.217322938144,27894,31769.825435010716,,exact fallback,30.0,26.3046875,9.7890625,9.7890625,9.7890625,1261.3616508897394,unknown,True,0.0,True,,False,,15316.71484375,True,utility_dynamic,True,0.0,0.0,full_gpu,0.0,,risk_evidence_insufficient,0.0,utility_dynamic,127.81976303085685,,,,hybrid-session-002-turn-2,9.7890625,0.0,9.7890625,0.0,0.0,/DATACENTER3/zhenxiang.wang/work/TailGuardKV/.worktrees/baseline-smoke-final-aggregation/out/full_25session_baseline_9_14/full/policy_attempts/full40_20260916_h2o_static_safe/seed20260906,True,,hybrid-session-002,qa,128.67221678607166,2,risk_evidence_insufficient
full_gpu,13.0,0.1,False,True,online_qwen,True,1.0,/DATACENTER3/zhenxiang.wang/work/TailGuardKV/.worktrees/baseline-smoke-final-aggregation/out/full_25session_baseline_9_14/full/policy_attempts/full40_20260916_h2o_static_safe/seed20260906/config.yaml,,,,,0.1,True,,0.1,,8.4765625,True,full_gpu,True,,balanced_two_gpu,1,persistent,27953.217322938144,27894,31769.825435010716,,exact fallback,30.0,26.9609375,9.1328125,9.1328125,9.1328125,1592.367276083678,unknown,True,,True,,False,,15293.03955078125,True,utility_dynamic,True,0.0,0.0,full_gpu,0.0,,risk_evidence_insufficient,0.0,utility_dynamic,128.47996596246958,,,,hybrid-session-003-turn-2,9.1328125,0.0,9.1328125,0.0,0.0,/DATACENTER3/zhenxiang.wang/work/TailGuardKV/.worktrees/baseline-smoke-final-aggregation/out/full_25session_baseline_9_14/full/policy_attempts/full40_20260916_h2o_static_safe/seed20260906,True,,hybrid-session-003,summary,129.3972551357001,2,risk_evidence_insufficient
full_gpu,13.0,0.1,False,True,online_qwen,True,1.0,/DATACENTER3/zhenxiang.wang/work/TailGuardKV/.worktrees/baseline-smoke-final-aggregation/out/full_25session_baseline_9_14/full/policy_attempts/full40_20260916_h2o_static_safe/seed20260906/config.yaml,,,,,0.1,True,,0.1,,8.0390625,True,full_gpu,True,,balanced_two_gpu,1,persistent,27953.217322938144,27894,31769.825435010716,,exact fallback,30.0,29.640625,10.71875,10.71875,10.71875,1593.2783598545939,unknown,True,,True,,False,,15337.34326171875,True,utility_dynamic,True,0.0,0.0,full_gpu,0.0,,risk_evidence_insufficient,0.0,utility_dynamic,133.53374600410461,,,,hybrid-session-004-turn-2,10.71875,0.0,10.71875,0.0,0.0,/DATACENTER3/zhenxiang.wang/work/TailGuardKV/.worktrees/baseline-smoke-final-aggregation/out/full_25session_baseline_9_14/full/policy_attempts/full40_20260916_h2o_static_safe/seed20260906,True,,hybrid-session-004,qa,134.36052692122757,2,risk_evidence_insufficient
full_gpu,13.0,0.1,False,True,online_qwen,True,1.0,/DATACENTER3/zhenxiang.wang/work/TailGuardKV/.worktrees/baseline-smoke-final-aggregation/out/full_25session_baseline_9_14/full/policy_attempts/full40_20260916_h2o_static_safe/seed20260906/config.yaml,,,,,0.1,True,,0.1,,9.7890625,True,full_gpu,True,,balanced_two_gpu,1,persistent,27953.217322938144,27894,31769.825435010716,,exact fallback,30.0,29.640625,9.7890625,9.7890625,9.7890625,1288.507156074047,unknown,True,,True,,False,,15316.60546875,True,utility_dynamic,True,0.0,0.0,full_gpu,0.0,,risk_evidence_insufficient,0.0,utility_dynamic,125.73121907189488,,,,hybrid-session-005-turn-2,9.7890625,0.0,9.7890625,0.0,0.0,/DATACENTER3/zhenxiang.wang/work/TailGuardKV/.worktrees/baseline-smoke-final-aggregation/out/full_25session_baseline_9_14/full/policy_attempts/full40_20260916_h2o_static_safe/seed20260906,True,,hybrid-session-005,summary,126.56794697977602,2,risk_evidence_insufficient
full_gpu,13.0,0.1,False,True,online_qwen,True,1.0,/DATACENTER3/zhenxiang.wang/work/TailGuardKV/.worktrees/baseline-smoke-final-aggregation/out/full_25session_baseline_9_14/full/policy_attempts/full40_20260916_h2o_static_safe/seed20260906/config.yaml,,,,,0.1,True,,0.1,,19.8515625,True,full_gpu,True,,balanced_two_gpu,1,persistent,27953.217322938144,27894,31769.825435010716,,exact fallback,30.0,22.5859375,12.796875,12.796875,12.796875,1595.2109161298722,unknown,True,,True,,False,,15401.626953125,True,utility_dynamic,True,0.0,0.0,full_gpu,0.0,,risk_evidence_insufficient,0.0,utility_dynamic,147.8736789431423,,,,hybrid-session-006-turn-2,12.796875,0.0,12.796875,0.0,0.0,/DATACENTER3/zhenxiang.wang/work/TailGuardKV/.worktrees/baseline-smoke-final-aggregation/out/full_25session_baseline_9_14/full/policy_attempts/full40_20260916_h2o_static_safe/seed20260906,True,,hybrid-session-006,qa,148.67331506684422,2,risk_evidence_insufficient
full_gpu,13.0,0.1,False,True,online_qwen,True,1.0,/DATACENTER3/zhenxiang.wang/work/TailGuardKV/.worktrees/baseline-smoke-final-aggregation/out/full_25session_baseline_9_14/full/policy_attempts/full40_20260916_h2o_static_safe/seed20260906/config.yaml,,,,,0.1,True,,0.1,,9.7890625,True,full_gpu,True,,balanced_two_gpu,1,persistent,27953.217322938144,27894,31769.825435010716,,exact fallback,30.0,21.7109375,8.9140625,8.9140625,8.9140625,1572.305680019781,unknown,True,,True,,False,,15283.59765625,True,utility_dynamic,True,0.0,0.0,full_gpu,0.0,,risk_evidence_insufficient,0.0,utility_dynamic,119.46256808005273,,,,hybrid-session-009-turn-2,8.9140625,0.0,8.9140625,0.0,0.0,/DATACENTER3/zhenxiang.wang/work/TailGuardKV/.worktrees/baseline-smoke-final-aggregation/out/full_25session_baseline_9_14/full/policy_attempts/full40_20260916_h2o_static_safe/seed20260906,True,,hybrid-session-009,summary,120.37126487120986,2,risk_evidence_insufficient
full_gpu,13.0,0.1,False,True,online_qwen,True,1.0,/DATACENTER3/zhenxiang.wang/work/TailGuardKV/.worktrees/baseline-smoke-final-aggregation/out/full_25session_baseline_9_14/full/policy_attempts/full40_20260916_h2o_static_safe/seed20260906/config.yaml,,,,,0.1,True,,0.1,,12.796875,True,full_gpu,True,,balanced_two_gpu,1,persistent,27953.217322938144,27894,31769.825435010716,,exact fallback,30.0,18.7578125,9.84375,9.84375,9.84375,1431.0180051252246,unknown,True,,True,,False,,15308.73046875,True,utility_dynamic,True,0.0,0.0,full_gpu,0.0,,risk_evidence_insufficient,0.0,utility_dynamic,137.05835188739002,,,,hybrid-session-010-turn-2,9.84375,0.0,9.84375,0.0,0.0,/DATACENTER3/zhenxiang.wang/work/TailGuardKV/.worktrees/baseline-smoke-final-aggregation/out/full_25session_baseline_9_14/full/policy_attempts/full40_20260916_h2o_static_safe/seed20260906,True,,hybrid-session-010,qa,137.90296111255884,2,risk_evidence_insufficient
full_gpu,13.0,0.1,True,False,online_qwen,False,1.0,/DATACENTER3/zhenxiang.wang/work/TailGuardKV/.worktrees/baseline-smoke-final-aggregation/out/full_25session_baseline_9_14/full/policy_attempts/full40_20260916_h2o_static_safe/seed20260906/config.yaml,,,,,0.1,True,,0.1,,0,True,full_gpu,True,,balanced_two_gpu,1,persistent,27953.217322938144,27894,31769.825435010716,,exact fallback,30.0,28.0,9.2421875,9.2421875,9.2421875,1572.792129823938,unknown,True,0.0,True,,False,,15289.83837890625,True,utility_dynamic,True,0.0,0.0,full_gpu,0.0,,risk_evidence_insufficient,0.0,utility_dynamic,114.84256898984313,,,,hybrid-session-013-turn-2,9.2421875,0.0,9.2421875,0.0,0.0,/DATACENTER3/zhenxiang.wang/work/TailGuardKV/.worktrees/baseline-smoke-final-aggregation/out/full_25session_baseline_9_14/full/policy_attempts/full40_20260916_h2o_static_safe/seed20260906,True,,hybrid-session-013,summary,115.66704395227134,2,risk_evidence_insufficient
full_gpu,13.0,0.1,False,True,online_qwen,True,1.0,/DATACENTER3/zhenxiang.wang/work/TailGuardKV/.worktrees/baseline-smoke-final-aggregation/out/full_25session_baseline_9_14/full/policy_attempts/full40_20260916_h2o_static_safe/seed20260906/config.yaml,,,,,0.1,True,,0.1,,8.9140625,True,full_gpu,True,,balanced_two_gpu,1,persistent,27953.217322938144,27894,31769.825435010716,,exact fallback,30.0,29.421875,10.3359375,10.3359375,10.3359375,1559.125796891749,unknown,True,,True,,False,,15327.84765625,True,utility_dynamic,True,0.0,0.0,full_gpu,0.0,,risk_evidence_insufficient,0.0,utility_dynamic,126.84745411388576,,,,hybrid-session-016-turn-2,10.3359375,0.0,10.3359375,0.0,0.0,/DATACENTER3/zhenxiang.wang/work/TailGuardKV/.worktrees/baseline-smoke-final-aggregation/out/full_25session_baseline_9_14/full/policy_attempts/full40_20260916_h2o_static_safe/seed20260906,True,,hybrid-session-016,qa,127.69154482521117,2,risk_evidence_insufficient
full_gpu,13.0,0.1,True,True,online_qwen,True,1.0,/DATACENTER3/zhenxiang.wang/work/TailGuardKV/.worktrees/baseline-smoke-final-aggregation/out/full_25session_baseline_9_14/full/policy_attempts/full40_20260916_h2o_static_safe/seed20260906/config.yaml,,,,,0.1,True,,0.1,,9.84375,True,full_gpu,True,,balanced_two_gpu,1,persistent,27953.217322938144,27894,31769.825435010716,,exact fallback,30.0,29.421875,9.84375,9.84375,9.84375,1535.3226650040597,unknown,True,0.0,True,,False,,15316.44140625,True,utility_dynamic,True,0.0,0.0,full_gpu,0.0,,risk_evidence_insufficient,0.0,utility_dynamic,123.12136706896126,,,,hybrid-session-020-turn-2,9.84375,0.0,9.84375,0.0,0.0,/DATACENTER3/zhenxiang.wang/work/TailGuardKV/.worktrees/baseline-smoke-final-aggregation/out/full_25session_baseline_9_14/full/policy_attempts/full40_20260916_h2o_static_safe/seed20260906,True,,hybrid-session-020,qa,123.92066814936697,2,risk_evidence_insufficient
full_gpu,13.0,0.1,False,True,online_qwen,True,1.0,/DATACENTER3/zhenxiang.wang/work/TailGuardKV/.worktrees/baseline-smoke-final-aggregation/out/full_25session_baseline_9_14/full/policy_attempts/full40_20260916_h2o_static_safe/seed20260906/config.yaml,,,,,0.1,True,,0.1,,19.578125,True,full_gpu,True,,balanced_two_gpu,1,persistent,27953.217322938144,27894,31769.825435010716,,exact fallback,30.0,20.8359375,10.9921875,10.9921875,10.9921875,1579.9177610315382,unknown,True,,True,,False,,15347.59375,True,utility_dynamic,True,0.0,0.0,full_gpu,0.0,,risk_evidence_insufficient,0.0,utility_dynamic,127.63692694716156,,,,hybrid-session-021-turn-2,10.9921875,0.0,10.9921875,0.0,0.0,/DATACENTER3/zhenxiang.wang/work/TailGuardKV/.worktrees/baseline-smoke-final-aggregation/out/full_25session_baseline_9_14/full/policy_attempts/full40_20260916_h2o_static_safe/seed20260906,True,,hybrid-session-021,summary,128.47776198759675,2,risk_evidence_insufficient
full_gpu,13.0,0.1,False,True,online_qwen,True,1.0,/DATACENTER3/zhenxiang.wang/work/TailGuardKV/.worktrees/baseline-smoke-final-aggregation/out/full_25session_baseline_9_14/full/policy_attempts/full40_20260916_h2o_static_safe/seed20260906/config.yaml,,,,,0.1,True,,0.1,,9.84375,True,full_gpu,True,,balanced_two_gpu,1,persistent,27953.217322938144,27894,31769.825435010716,,exact fallback,30.0,21.0,10.0078125,10.0078125,10.0078125,1573.1996661052108,unknown,True,,True,,False,,15312.74609375,True,utility_dynamic,True,0.0,0.0,full_gpu,0.0,,risk_evidence_insufficient,0.0,utility_dynamic,116.91196099855006,,,,hybrid-session-025-turn-2,10.0078125,0.0,10.0078125,0.0,0.0,/DATACENTER3/zhenxiang.wang/work/TailGuardKV/.worktrees/baseline-smoke-final-aggregation/out/full_25session_baseline_9_14/full/policy_attempts/full40_20260916_h2o_static_safe/seed20260906,True,,hybrid-session-025,summary,117.80663300305605,2,risk_evidence_insufficient
full_gpu,13.0,0.1,False,True,online_qwen,True,1.0,/DATACENTER3/zhenxiang.wang/work/TailGuardKV/.worktrees/baseline-smoke-final-aggregation/out/full_25session_baseline_9_14/full/policy_attempts/full40_20260916_h2o_static_safe/seed20260906/config.yaml,,,,,0.1,True,,0.1,,10.9921875,True,full_gpu,True,,balanced_two_gpu,1,persistent,27953.217322938144,27894,31769.825435010716,,exact fallback,30.0,21.546875,11.5390625,11.5390625,11.5390625,1588.8795831706375,unknown,True,,True,,False,,15354.57080078125,True,utility_dynamic,True,0.0,0.0,full_gpu,0.0,,risk_evidence_insufficient,0.0,utility_dynamic,139.99725691974163,,,,hybrid-session-026-turn-2,11.5390625,0.0,11.5390625,0.0,0.0,/DATACENTER3/zhenxiang.wang/work/TailGuardKV/.worktrees/baseline-smoke-final-aggregation/out/full_25session_baseline_9_14/full/policy_attempts/full40_20260916_h2o_static_safe/seed20260906,True,,hybrid-session-026,qa,140.8340421039611,2,risk_evidence_insufficient
full_gpu,13.0,0.1,False,True,online_qwen,True,1.0,/DATACENTER3/zhenxiang.wang/work/TailGuardKV/.worktrees/baseline-smoke-final-aggregation/out/full_25session_baseline_9_14/full/policy_attempts/full40_20260916_h2o_static_safe/seed20260906/config.yaml,,,,,0.1,True,,0.1,,10.0078125,True,full_gpu,True,,balanced_two_gpu,1,persistent,27953.217322938144,27894,31769.825435010716,,exact fallback,30.0,23.4609375,11.921875,11.921875,11.921875,1562.408901983872,unknown,True,,True,,False,,15365.5322265625,True,utility_dynamic,True,0.0,0.0,full_gpu,0.0,,risk_evidence_insufficient,0.0,utility_dynamic,135.4908689390868,,,,hybrid-session-002-turn-3,11.921875,0.0,11.921875,0.0,0.0,/DATACENTER3/zhenxiang.wang/work/TailGuardKV/.worktrees/baseline-smoke-final-aggregation/out/full_25session_baseline_9_14/full/policy_attempts/full40_20260916_h2o_static_safe/seed20260906,True,,hybrid-session-002,qa,136.33059686981142,3,risk_evidence_insufficient
full_gpu,13.0,0.1,False,True,online_qwen,True,1.0,/DATACENTER3/zhenxiang.wang/work/TailGuardKV/.worktrees/baseline-smoke-final-aggregation/out/full_25session_baseline_9_14/full/policy_attempts/full40_20260916_h2o_static_safe/seed20260906/config.yaml,,,,,0.1,True,,0.1,,11.5390625,True,full_gpu,True,,balanced_two_gpu,1,persistent,27953.217322938144,27894,31769.825435010716,,exact fallback,30.0,23.1328125,11.2109375,11.2109375,11.2109375,1533.412785967812,unknown,True,,True,,False,,15348.28173828125,True,utility_dynamic,True,0.0,0.0,full_gpu,0.0,,risk_evidence_insufficient,0.0,utility_dynamic,127.31118709780276,,,,hybrid-session-003-turn-3,11.2109375,0.0,11.2109375,0.0,0.0,/DATACENTER3/zhenxiang.wang/work/TailGuardKV/.worktrees/baseline-smoke-final-aggregation/out/full_25session_baseline_9_14/full/policy_attempts/full40_20260916_h2o_static_safe/seed20260906,True,,hybrid-session-003,summary,128.12269292771816,3,risk_evidence_insufficient
full_gpu,13.0,0.1,False,True,online_qwen,True,1.0,/DATACENTER3/zhenxiang.wang/work/TailGuardKV/.worktrees/baseline-smoke-final-aggregation/out/full_25session_baseline_9_14/full/policy_attempts/full40_20260916_h2o_static_safe/seed20260906/config.yaml,,,,,0.1,True,,0.1,,11.921875,True,full_gpu,True,,balanced_two_gpu,1,persistent,27953.217322938144,27894,31769.825435010716,,exact fallback,30.0,24.0625,12.8515625,12.8515625,12.8515625,1604.2627920396626,unknown,True,,True,,False,,15396.173828125,True,utility_dynamic,True,0.0,0.0,full_gpu,0.0,,risk_evidence_insufficient,0.0,utility_dynamic,146.84452791698277,,,,hybrid-session-004-turn-3,12.8515625,0.0,12.8515625,0.0,0.0,/DATACENTER3/zhenxiang.wang/work/TailGuardKV/.worktrees/baseline-smoke-final-aggregation/out/full_25session_baseline_9_14/full/policy_attempts/full40_20260916_h2o_static_safe/seed20260906,True,,hybrid-session-004,qa,147.662288043648,3,risk_evidence_insufficient
full_gpu,13.0,0.1,False,True,online_qwen,True,1.0,/DATACENTER3/zhenxiang.wang/work/TailGuardKV/.worktrees/baseline-smoke-final-aggregation/out/full_25session_baseline_9_14/full/policy_attempts/full40_20260916_h2o_static_safe/seed20260906/config.yaml,,,,,0.1,True,,0.1,,11.2109375,True,full_gpu,True,,balanced_two_gpu,1,persistent,27953.217322938144,27894,31769.825435010716,,exact fallback,30.0,24.5,11.6484375,11.6484375,11.6484375,1577.8353419154882,unknown,True,,True,,False,,15360.60595703125,True,utility_dynamic,True,0.0,0.0,full_gpu,0.0,,risk_evidence_insufficient,0.0,utility_dynamic,132.55436508916318,,,,hybrid-session-005-turn-3,11.6484375,0.0,11.6484375,0.0,0.0,/DATACENTER3/zhenxiang.wang/work/TailGuardKV/.worktrees/baseline-smoke-final-aggregation/out/full_25session_baseline_9_14/full/policy_attempts/full40_20260916_h2o_static_safe/seed20260906,True,,hybrid-session-005,summary,133.50458489730954,3,risk_evidence_insufficient
full_gpu,13.0,0.1,False,True,online_qwen,True,1.0,/DATACENTER3/zhenxiang.wang/work/TailGuardKV/.worktrees/baseline-smoke-final-aggregation/out/full_25session_baseline_9_14/full/policy_attempts/full40_20260916_h2o_static_safe/seed20260906/config.yaml,,,,,0.1,True,,0.1,,12.8515625,True,full_gpu,True,,balanced_two_gpu,1,persistent,27953.217322938144,27894,31769.825435010716,,exact fallback,30.0,26.578125,14.9296875,14.9296875,14.9296875,1604.8281360417604,unknown,True,,True,,False,,15454.45947265625,True,utility_dynamic,True,0.0,0.0,full_gpu,0.0,,risk_evidence_insufficient,0.0,utility_dynamic,192.40709790028632,,,,hybrid-session-006-turn-3,14.9296875,0.0,14.9296875,0.0,0.0,/DATACENTER3/zhenxiang.wang/work/TailGuardKV/.worktrees/baseline-smoke-final-aggregation/out/full_25session_baseline_9_14/full/policy_attempts/full40_20260916_h2o_static_safe/seed20260906,True,,hybrid-session-006,qa,193.21383303031325,3,risk_evidence_insufficient
full_gpu,13.0,0.1,False,True,online_qwen,True,1.0,/DATACENTER3/zhenxiang.wang/work/TailGuardKV/.worktrees/baseline-smoke-final-aggregation/out/full_25session_baseline_9_14/full/policy_attempts/full40_20260916_h2o_static_safe/seed20260906/config.yaml,,,,,0.1,True,,0.1,,11.6484375,True,full_gpu,True,,balanced_two_gpu,1,persistent,27953.217322938144,27894,31769.825435010716,,exact fallback,30.0,25.8671875,10.9375,10.9375,10.9375,1249.4648129213601,unknown,True,,True,,False,,15344.6953125,True,utility_dynamic,True,0.0,0.0,full_gpu,0.0,,risk_evidence_insufficient,0.0,utility_dynamic,123.89125814661384,,,,hybrid-session-009-turn-3,10.9375,0.0,10.9375,0.0,0.0,/DATACENTER3/zhenxiang.wang/work/TailGuardKV/.worktrees/baseline-smoke-final-aggregation/out/full_25session_baseline_9_14/full/policy_attempts/full40_20260916_h2o_static_safe/seed20260906,True,,hybrid-session-009,summary,124.67093905434012,3,risk_evidence_insufficient
full_gpu,13.0,0.1,False,True,online_qwen,True,1.0,/DATACENTER3/zhenxiang.wang/work/TailGuardKV/.worktrees/baseline-smoke-final-aggregation/out/full_25session_baseline_9_14/full/policy_attempts/full40_20260916_h2o_static_safe/seed20260906/config.yaml,,,,,0.1,True,,0.1,,14.9296875,True,full_gpu,True,,balanced_two_gpu,1,persistent,27953.217322938144,27894,31769.825435010716,,exact fallback,30.0,22.9140625,11.9765625,11.9765625,11.9765625,1574.0781258791685,unknown,True,,True,,False,,15371.701171875,True,utility_dynamic,True,0.0,0.0,full_gpu,0.0,,risk_evidence_insufficient,0.0,utility_dynamic,134.4070457853377,,,,hybrid-session-010-turn-3,11.9765625,0.0,11.9765625,0.0,0.0,/DATACENTER3/zhenxiang.wang/work/TailGuardKV/.worktrees/baseline-smoke-final-aggregation/out/full_25session_baseline_9_14/full/policy_attempts/full40_20260916_h2o_static_safe/seed20260906,True,,hybrid-session-010,qa,135.2191020268947,3,risk_evidence_insufficient
full_gpu,13.0,0.1,False,True,online_qwen,True,1.0,/DATACENTER3/zhenxiang.wang/work/TailGuardKV/.worktrees/baseline-smoke-final-aggregation/out/full_25session_baseline_9_14/full/policy_attempts/full40_20260916_h2o_static_safe/seed20260906/config.yaml,,,,,0.1,True,,0.1,,10.9375,True,full_gpu,True,,balanced_two_gpu,1,persistent,27953.217322938144,27894,31769.825435010716,,exact fallback,30.0,23.296875,11.3203125,11.3203125,11.3203125,1573.3976061455905,unknown,True,,True,,False,,15351.4169921875,True,utility_dynamic,True,0.0,0.0,full_gpu,0.0,,risk_evidence_insufficient,0.0,utility_dynamic,125.42676203884184,,,,hybrid-session-013-turn-3,11.3203125,0.0,11.3203125,0.0,0.0,/DATACENTER3/zhenxiang.wang/work/TailGuardKV/.worktrees/baseline-smoke-final-aggregation/out/full_25session_baseline_9_14/full/policy_attempts/full40_20260916_h2o_static_safe/seed20260906,True,,hybrid-session-013,summary,126.22682307846844,3,risk_evidence_insufficient
full_gpu,13.0,0.1,False,True,online_qwen,True,1.0,/DATACENTER3/zhenxiang.wang/work/TailGuardKV/.worktrees/baseline-smoke-final-aggregation/out/full_25session_baseline_9_14/full/policy_attempts/full40_20260916_h2o_static_safe/seed20260906/config.yaml,,,,,0.1,True,,0.1,,11.9765625,True,full_gpu,True,,balanced_two_gpu,1,persistent,27953.217322938144,27894,31769.825435010716,,exact fallback,30.0,23.84375,12.5234375,12.5234375,12.5234375,1239.189628046006,unknown,True,,True,,False,,15383.35009765625,True,utility_dynamic,True,0.0,0.0,full_gpu,0.0,,risk_evidence_insufficient,0.0,utility_dynamic,146.1125509813428,,,,hybrid-session-016-turn-3,12.5234375,0.0,12.5234375,0.0,0.0,/DATACENTER3/zhenxiang.wang/work/TailGuardKV/.worktrees/baseline-smoke-final-aggregation/out/full_25session_baseline_9_14/full/policy_attempts/full40_20260916_h2o_static_safe/seed20260906,True,,hybrid-session-016,qa,146.89180604182184,3,risk_evidence_insufficient
full_gpu,13.0,0.1,False,True,online_qwen,True,1.0,/DATACENTER3/zhenxiang.wang/work/TailGuardKV/.worktrees/baseline-smoke-final-aggregation/out/full_25session_baseline_9_14/full/policy_attempts/full40_20260916_h2o_static_safe/seed20260906/config.yaml,,,,,0.1,True,,0.1,,11.3203125,True,full_gpu,True,,balanced_two_gpu,1,persistent,27953.217322938144,27894,31769.825435010716,,exact fallback,30.0,24.5546875,12.03125,12.03125,12.03125,1544.026364106685,unknown,True,,True,,False,,15370.89306640625,True,utility_dynamic,True,0.0,0.0,full_gpu,0.0,,risk_evidence_insufficient,0.0,utility_dynamic,134.7909311298281,,,,hybrid-session-020-turn-3,12.03125,0.0,12.03125,0.0,0.0,/DATACENTER3/zhenxiang.wang/work/TailGuardKV/.worktrees/baseline-smoke-final-aggregation/out/full_25session_baseline_9_14/full/policy_attempts/full40_20260916_h2o_static_safe/seed20260906,True,,hybrid-session-020,qa,135.61323704198003,3,risk_evidence_insufficient
full_gpu,13.0,0.1,False,True,online_qwen,True,1.0,/DATACENTER3/zhenxiang.wang/work/TailGuardKV/.worktrees/baseline-smoke-final-aggregation/out/full_25session_baseline_9_14/full/policy_attempts/full40_20260916_h2o_static_safe/seed20260906/config.yaml,,,,,0.1,True,,0.1,,12.5234375,True,full_gpu,True,,balanced_two_gpu,1,persistent,27953.217322938144,27894,31769.825435010716,,exact fallback,30.0,25.2109375,13.1796875,13.1796875,13.1796875,1597.9775730520487,unknown,True,,True,,False,,15407.92431640625,True,utility_dynamic,True,0.0,0.0,full_gpu,0.0,,risk_evidence_insufficient,0.0,utility_dynamic,147.81769807450473,,,,hybrid-session-021-turn-3,13.1796875,0.0,13.1796875,0.0,0.0,/DATACENTER3/zhenxiang.wang/work/TailGuardKV/.worktrees/baseline-smoke-final-aggregation/out/full_25session_baseline_9_14/full/policy_attempts/full40_20260916_h2o_static_safe/seed20260906,True,,hybrid-session-021,summary,148.5975692048669,3,risk_evidence_insufficient
full_gpu,13.0,0.1,False,True,online_qwen,True,1.0,/DATACENTER3/zhenxiang.wang/work/TailGuardKV/.worktrees/baseline-smoke-final-aggregation/out/full_25session_baseline_9_14/full/policy_attempts/full40_20260916_h2o_static_safe/seed20260906/config.yaml,,,,,0.1,True,,0.1,,12.03125,True,full_gpu,True,,balanced_two_gpu,1,persistent,27953.217322938144,27894,31769.825435010716,,exact fallback,30.0,25.703125,12.5234375,12.5234375,12.5234375,1605.073074810207,unknown,True,,True,,False,,15385.26416015625,True,utility_dynamic,True,0.0,0.0,full_gpu,0.0,,risk_evidence_insufficient,0.0,utility_dynamic,144.7651560883969,,,,hybrid-session-025-turn-3,12.5234375,0.0,12.5234375,0.0,0.0,/DATACENTER3/zhenxiang.wang/work/TailGuardKV/.worktrees/baseline-smoke-final-aggregation/out/full_25session_baseline_9_14/full/policy_attempts/full40_20260916_h2o_static_safe/seed20260906,True,,hybrid-session-025,summary,145.59454284608364,3,risk_evidence_insufficient
full_gpu,13.0,0.1,False,True,online_qwen,True,1.0,/DATACENTER3/zhenxiang.wang/work/TailGuardKV/.worktrees/baseline-smoke-final-aggregation/out/full_25session_baseline_9_14/full/policy_attempts/full40_20260916_h2o_static_safe/seed20260906/config.yaml,,,,,0.1,True,,0.1,,13.1796875,True,full_gpu,True,,balanced_two_gpu,1,persistent,27953.217322938144,27894,31769.825435010716,,exact fallback,30.0,26.6328125,14.109375,14.109375,14.109375,1573.9804110489786,unknown,True,,True,,False,,15432.40380859375,True,utility_dynamic,True,0.0,0.0,full_gpu,0.0,,risk_evidence_insufficient,0.0,utility_dynamic,152.69124717451632,,,,hybrid-session-026-turn-3,14.109375,0.0,14.109375,0.0,0.0,/DATACENTER3/zhenxiang.wang/work/TailGuardKV/.worktrees/baseline-smoke-final-aggregation/out/full_25session_baseline_9_14/full/policy_attempts/full40_20260916_h2o_static_safe/seed20260906,True,,hybrid-session-026,qa,153.52079994045198,3,risk_evidence_insufficient
full_gpu,13.0,0.1,False,True,online_qwen,True,1.0,/DATACENTER3/zhenxiang.wang/work/TailGuardKV/.worktrees/baseline-smoke-final-aggregation/out/full_25session_baseline_9_14/full/policy_attempts/full40_20260916_h2o_static_safe/seed20260906/config.yaml,,,,,0.1,True,,0.1,,12.5234375,True,full_gpu,True,,balanced_two_gpu,1,persistent,27953.217322938144,27894,31769.825435010716,,exact fallback,30.0,27.890625,13.78125,13.78125,13.78125,1577.4556370452046,unknown,True,,True,,False,,15425.3466796875,True,utility_dynamic,True,0.0,0.0,full_gpu,0.0,,risk_evidence_insufficient,0.0,utility_dynamic,148.69183697737753,,,,hybrid-session-002-turn-4,13.78125,0.0,13.78125,0.0,0.0,/DATACENTER3/zhenxiang.wang/work/TailGuardKV/.worktrees/baseline-smoke-final-aggregation/out/full_25session_baseline_9_14/full/policy_attempts/full40_20260916_h2o_static_safe/seed20260906,True,,hybrid-session-002,qa,149.47383501566947,4,risk_evidence_insufficient
full_gpu,13.0,0.1,False,True,online_qwen,True,1.0,/DATACENTER3/zhenxiang.wang/work/TailGuardKV/.worktrees/baseline-smoke-final-aggregation/out/full_25session_baseline_9_14/full/policy_attempts/full40_20260916_h2o_static_safe/seed20260906/config.yaml,,,,,0.1,True,,0.1,,14.109375,True,full_gpu,True,,balanced_two_gpu,1,persistent,27953.217322938144,27894,31769.825435010716,,exact fallback,30.0,26.7421875,12.9609375,12.9609375,12.9609375,1594.701109919697,unknown,True,,True,,False,,15402.984375,True,utility_dynamic,True,0.0,0.0,full_gpu,0.0,,risk_evidence_insufficient,0.0,utility_dynamic,146.56133903190494,,,,hybrid-session-003-turn-4,12.9609375,0.0,12.9609375,0.0,0.0,/DATACENTER3/zhenxiang.wang/work/TailGuardKV/.worktrees/baseline-smoke-final-aggregation/out/full_25session_baseline_9_14/full/policy_attempts/full40_20260916_h2o_static_safe/seed20260906,True,,hybrid-session-003,summary,147.48619310557842,4,risk_evidence_insufficient
full_gpu,13.0,0.1,False,True,online_qwen,True,1.0,/DATACENTER3/zhenxiang.wang/work/TailGuardKV/.worktrees/baseline-smoke-final-aggregation/out/full_25session_baseline_9_14/full/policy_attempts/full40_20260916_h2o_static_safe/seed20260906/config.yaml,,,,,0.1,True,,0.1,,13.78125,True,full_gpu,True,,balanced_two_gpu,1,persistent,27953.217322938144,27894,31769.825435010716,,exact fallback,30.0,27.5078125,14.546875,14.546875,14.546875,1622.8297809138894,unknown,True,,True,,False,,15446.28466796875,True,utility_dynamic,True,0.0,0.0,full_gpu,0.0,,risk_evidence_insufficient,0.0,utility_dynamic,150.34719603136182,,,,hybrid-session-004-turn-4,14.546875,0.0,14.546875,0.0,0.0,/DATACENTER3/zhenxiang.wang/work/TailGuardKV/.worktrees/baseline-smoke-final-aggregation/out/full_25session_baseline_9_14/full/policy_attempts/full40_20260916_h2o_static_safe/seed20260906,True,,hybrid-session-004,qa,151.2104468420148,4,risk_evidence_insufficient
full_gpu,13.0,0.1,False,True,online_qwen,True,1.0,/DATACENTER3/zhenxiang.wang/work/TailGuardKV/.worktrees/baseline-smoke-final-aggregation/out/full_25session_baseline_9_14/full/policy_attempts/full40_20260916_h2o_static_safe/seed20260906/config.yaml,,,,,0.1,True,,0.1,,12.9609375,True,full_gpu,True,,balanced_two_gpu,1,persistent,27953.217322938144,27894,31769.825435010716,,exact fallback,30.0,27.8359375,13.2890625,13.2890625,13.2890625,1613.1137511692941,unknown,True,,True,,False,,15410.875,True,utility_dynamic,True,0.0,0.0,full_gpu,0.0,,risk_evidence_insufficient,0.0,utility_dynamic,148.6256499774754,,,,hybrid-session-005-turn-4,13.2890625,0.0,13.2890625,0.0,0.0,/DATACENTER3/zhenxiang.wang/work/TailGuardKV/.worktrees/baseline-smoke-final-aggregation/out/full_25session_baseline_9_14/full/policy_attempts/full40_20260916_h2o_static_safe/seed20260906,True,,hybrid-session-005,summary,149.44491209462285,4,risk_evidence_insufficient
full_gpu,13.0,0.1,False,True,online_qwen,True,1.0,/DATACENTER3/zhenxiang.wang/work/TailGuardKV/.worktrees/baseline-smoke-final-aggregation/out/full_25session_baseline_9_14/full/policy_attempts/full40_20260916_h2o_static_safe/seed20260906/config.yaml,,,,,0.1,True,,0.1,,14.546875,True,full_gpu,True,,balanced_two_gpu,1,persistent,27953.217322938144,27894,31769.825435010716,,exact fallback,30.0,29.9140625,16.625,16.625,16.625,1630.3515078034252,unknown,True,,True,,False,,15504.6669921875,True,utility_dynamic,True,0.0,0.0,full_gpu,0.0,,risk_evidence_insufficient,0.0,utility_dynamic,187.6514758914709,,,,hybrid-session-006-turn-4,16.625,0.0,16.625,0.0,0.0,/DATACENTER3/zhenxiang.wang/work/TailGuardKV/.worktrees/baseline-smoke-final-aggregation/out/full_25session_baseline_9_14/full/policy_attempts/full40_20260916_h2o_static_safe/seed20260906,True,,hybrid-session-006,qa,188.4989538230002,4,risk_evidence_insufficient
full_gpu,13.0,0.1,True,True,online_qwen,True,1.0,/DATACENTER3/zhenxiang.wang/work/TailGuardKV/.worktrees/baseline-smoke-final-aggregation/out/full_25session_baseline_9_14/full/policy_attempts/full40_20260916_h2o_static_safe/seed20260906/config.yaml,,,,,0.1,True,,0.1,,13.2890625,True,full_gpu,True,,balanced_two_gpu,1,persistent,27953.217322938144,27894,31769.825435010716,,exact fallback,30.0,29.421875,12.796875,12.796875,12.796875,1549.7329230420291,unknown,True,0.0,True,,False,,15401.900390625,True,utility_dynamic,True,0.0,0.0,full_gpu,0.0,,risk_evidence_insufficient,0.0,utility_dynamic,131.8018448073417,,,,hybrid-session-009-turn-4,12.796875,0.0,12.796875,0.0,0.0,/DATACENTER3/zhenxiang.wang/work/TailGuardKV/.worktrees/baseline-smoke-final-aggregation/out/full_25session_baseline_9_14/full/policy_attempts/full40_20260916_h2o_static_safe/seed20260906,True,,hybrid-session-009,summary,132.75248790159822,4,risk_evidence_insufficient
full_gpu,13.0,0.1,False,True,online_qwen,True,1.0,/DATACENTER3/zhenxiang.wang/work/TailGuardKV/.worktrees/baseline-smoke-final-aggregation/out/full_25session_baseline_9_14/full/policy_attempts/full40_20260916_h2o_static_safe/seed20260906/config.yaml,,,,,0.1,True,,0.1,,16.625,True,full_gpu,True,,balanced_two_gpu,1,persistent,27953.217322938144,27894,31769.825435010716,,exact fallback,30.0,26.8515625,14.0546875,14.0546875,14.0546875,1596.7685210052878,unknown,True,,True,,False,,15434.61767578125,True,utility_dynamic,True,0.0,0.0,full_gpu,0.0,,risk_evidence_insufficient,0.0,utility_dynamic,151.0869860649109,,,,hybrid-session-010-turn-4,14.0546875,0.0,14.0546875,0.0,0.0,/DATACENTER3/zhenxiang.wang/work/TailGuardKV/.worktrees/baseline-smoke-final-aggregation/out/full_25session_baseline_9_14/full/policy_attempts/full40_20260916_h2o_static_safe/seed20260906,True,,hybrid-session-010,qa,151.9325089175254,4,risk_evidence_insufficient
full_gpu,13.0,0.1,True,True,online_qwen,True,1.0,/DATACENTER3/zhenxiang.wang/work/TailGuardKV/.worktrees/baseline-smoke-final-aggregation/out/full_25session_baseline_9_14/full/policy_attempts/full40_20260916_h2o_static_safe/seed20260906/config.yaml,,,,,0.1,True,,0.1,,12.796875,True,full_gpu,True,,balanced_two_gpu,1,persistent,27953.217322938144,27894,31769.825435010716,,exact fallback,30.0,27.2890625,13.234375,13.234375,13.234375,1601.3714191503823,unknown,True,0.0,True,,False,,15410.27587890625,True,utility_dynamic,True,0.0,0.0,full_gpu,0.0,,risk_evidence_insufficient,0.0,utility_dynamic,149.22204008325934,,,,hybrid-session-013-turn-4,13.234375,0.0,13.234375,0.0,0.0,/DATACENTER3/zhenxiang.wang/work/TailGuardKV/.worktrees/baseline-smoke-final-aggregation/out/full_25session_baseline_9_14/full/policy_attempts/full40_20260916_h2o_static_safe/seed20260906,True,,hybrid-session-013,summary,150.04988899454474,4,risk_evidence_insufficient
full_gpu,13.0,0.1,False,True,online_qwen,True,1.0,/DATACENTER3/zhenxiang.wang/work/TailGuardKV/.worktrees/baseline-smoke-final-aggregation/out/full_25session_baseline_9_14/full/policy_attempts/full40_20260916_h2o_static_safe/seed20260906/config.yaml,,,,,0.1,True,,0.1,,14.0546875,True,full_gpu,True,,balanced_two_gpu,1,persistent,27953.217322938144,27894,31769.825435010716,,exact fallback,30.0,27.8359375,14.6015625,14.6015625,14.6015625,1577.9872089624405,unknown,True,,True,,False,,15447.76611328125,True,utility_dynamic,True,0.0,0.0,full_gpu,0.0,,risk_evidence_insufficient,0.0,utility_dynamic,152.84149604849517,,,,hybrid-session-016-turn-4,14.6015625,0.0,14.6015625,0.0,0.0,/DATACENTER3/zhenxiang.wang/work/TailGuardKV/.worktrees/baseline-smoke-final-aggregation/out/full_25session_baseline_9_14/full/policy_attempts/full40_20260916_h2o_static_safe/seed20260906,True,,hybrid-session-016,qa,153.7197600118816,4,risk_evidence_insufficient
full_gpu,13.0,0.1,False,True,online_qwen,True,1.0,/DATACENTER3/zhenxiang.wang/work/TailGuardKV/.worktrees/baseline-smoke-final-aggregation/out/full_25session_baseline_9_14/full/policy_attempts/full40_20260916_h2o_static_safe/seed20260906/config.yaml,,,,,0.1,True,,0.1,,13.234375,True,full_gpu,True,,balanced_two_gpu,1,persistent,27953.217322938144,27894,31769.825435010716,,exact fallback,30.0,28.546875,13.9453125,13.9453125,13.9453125,1565.9525517839938,unknown,True,,True,,False,,15431.974609375,True,utility_dynamic,True,0.0,0.0,full_gpu,0.0,,risk_evidence_insufficient,0.0,utility_dynamic,146.10062493011355,,,,hybrid-session-020-turn-4,13.9453125,0.0,13.9453125,0.0,0.0,/DATACENTER3/zhenxiang.wang/work/TailGuardKV/.worktrees/baseline-smoke-final-aggregation/out/full_25session_baseline_9_14/full/policy_attempts/full40_20260916_h2o_static_safe/seed20260906,True,,hybrid-session-020,qa,146.92172897048295,4,risk_evidence_insufficient
full_gpu,13.0,0.1,False,True,online_qwen,True,1.0,/DATACENTER3/zhenxiang.wang/work/TailGuardKV/.worktrees/baseline-smoke-final-aggregation/out/full_25session_baseline_9_14/full/policy_attempts/full40_20260916_h2o_static_safe/seed20260906/config.yaml,,,,,0.1,True,,0.1,,14.6015625,True,full_gpu,True,,balanced_two_gpu,1,persistent,27953.217322938144,27894,31769.825435010716,,exact fallback,30.0,29.0390625,15.09375,15.09375,15.09375,1305.1498599816114,unknown,True,,True,,False,,15463.8408203125,True,utility_dynamic,True,0.0,0.0,full_gpu,0.0,,risk_evidence_insufficient,0.0481717586517334,utility_dynamic,205.51228895783424,,,,hybrid-session-021-turn-4,15.09375,0.0,15.09375,0.0,0.0,/DATACENTER3/zhenxiang.wang/work/TailGuardKV/.worktrees/baseline-smoke-final-aggregation/out/full_25session_baseline_9_14/full/policy_attempts/full40_20260916_h2o_static_safe/seed20260906,True,,hybrid-session-021,summary,206.5360399428755,4,risk_evidence_insufficient
full_gpu,13.0,0.1,False,True,online_qwen,True,1.0,/DATACENTER3/zhenxiang.wang/work/TailGuardKV/.worktrees/baseline-smoke-final-aggregation/out/full_25session_baseline_9_14/full/policy_attempts/full40_20260916_h2o_static_safe/seed20260906/config.yaml,,,,,0.1,True,,0.1,,13.9453125,True,full_gpu,True,,balanced_two_gpu,1,persistent,27953.217322938144,27894,31769.825435010716,,exact fallback,30.0,29.9140625,14.8203125,14.8203125,14.8203125,1249.435274861753,unknown,True,,True,,False,,15455.30810546875,True,utility_dynamic,True,0.0,0.0,full_gpu,0.0,,risk_evidence_insufficient,0.0,utility_dynamic,135.81677107140422,,,,hybrid-session-025-turn-4,14.8203125,0.0,14.8203125,0.0,0.0,/DATACENTER3/zhenxiang.wang/work/TailGuardKV/.worktrees/baseline-smoke-final-aggregation/out/full_25session_baseline_9_14/full/policy_attempts/full40_20260916_h2o_static_safe/seed20260906,True,,hybrid-session-025,summary,136.60466787405312,4,risk_evidence_insufficient
full_gpu,13.0,0.1,False,True,online_qwen,True,1.0,/DATACENTER3/zhenxiang.wang/work/TailGuardKV/.worktrees/baseline-smoke-final-aggregation/out/full_25session_baseline_9_14/full/policy_attempts/full40_20260916_h2o_static_safe/seed20260906/config.yaml,,,,,0.1,True,,0.1,,29.9140625,True,full_gpu,True,,balanced_two_gpu,1,persistent,27953.217322938144,27894,31769.825435010716,,exact fallback,30.0,16.0234375,16.0234375,16.0234375,16.0234375,1591.772885993123,unknown,True,,True,,False,,15490.7724609375,True,utility_dynamic,True,0.0,0.0,full_gpu,0.0,,risk_evidence_insufficient,0.0,utility_dynamic,172.16308997012675,,,,hybrid-session-026-turn-4,16.0234375,0.0,16.0234375,0.0,0.0,/DATACENTER3/zhenxiang.wang/work/TailGuardKV/.worktrees/baseline-smoke-final-aggregation/out/full_25session_baseline_9_14/full/policy_attempts/full40_20260916_h2o_static_safe/seed20260906,True,,hybrid-session-026,qa,172.98073903657496,4,risk_evidence_insufficient
full_gpu,2.0,0.1,False,False,online_qwen,False,1.0,/DATACENTER3/zhenxiang.wang/work/TailGuardKV/.worktrees/baseline-smoke-final-aggregation/out/full_25session_baseline_9_14/full/policy_attempts/full40_20260916_h2o_static_safe/seed20260906/config.yaml,,,,,0.1,True,,0.1,,0,True,full_gpu,True,,balanced_two_gpu,1,persistent,28156.044902047142,29965,32454.465724062175,,exact fallback,30.0,3.5546875,1.4765625,1.4765625,1.4765625,1551.4105400070548,unknown,True,,True,,False,,15055.19384765625,True,uncalibrated_dynamic,True,0.0,0.0,full_gpu,0.0,,risk_evidence_insufficient,0.0,uncalibrated_dynamic,0.0,,,,hybrid-session-003-turn-0,1.4765625,0.0,1.4765625,0.0,0.0,/DATACENTER3/zhenxiang.wang/work/TailGuardKV/.worktrees/baseline-smoke-final-aggregation/out/full_25session_baseline_9_14/full/policy_attempts/full40_20260916_h2o_static_safe/seed20260906,True,point_prediction_rejected,hybrid-session-003,chat,102.51327115111053,0,risk_evidence_insufficient
full_gpu,3.0,0.1,False,False,online_qwen,False,1.0,/DATACENTER3/zhenxiang.wang/work/TailGuardKV/.worktrees/baseline-smoke-final-aggregation/out/full_25session_baseline_9_14/full/policy_attempts/full40_20260916_h2o_static_safe/seed20260906/config.yaml,,,,,0.1,True,,0.1,,0,True,full_gpu,True,,balanced_two_gpu,1,persistent,28156.044902047142,29965,32454.465724062175,,exact fallback,30.0,5.3046875,1.75,1.75,1.75,1547.0232320949435,unknown,True,,True,,False,,15063.70947265625,True,uncalibrated_dynamic,True,0.0,0.0,full_gpu,0.0,,risk_evidence_insufficient,0.0,uncalibrated_dynamic,0.0,,,,hybrid-session-004-turn-0,1.75,0.0,1.75,0.0,0.0,/DATACENTER3/zhenxiang.wang/work/TailGuardKV/.worktrees/baseline-smoke-final-aggregation/out/full_25session_baseline_9_14/full/policy_attempts/full40_20260916_h2o_static_safe/seed20260906,True,point_prediction_rejected,hybrid-session-004,chat,103.66093413904309,0,risk_evidence_insufficient
full_gpu,4.0,0.1,False,False,online_qwen,False,1.0,/DATACENTER3/zhenxiang.wang/work/TailGuardKV/.worktrees/baseline-smoke-final-aggregation/out/full_25session_baseline_9_14/full/policy_attempts/full40_20260916_h2o_static_safe/seed20260906/config.yaml,,,,,0.1,True,,0.1,,0,True,full_gpu,True,,balanced_two_gpu,1,persistent,28156.044902047142,29965,32454.465724062175,,exact fallback,30.0,7.21875,1.9140625,1.9140625,1.9140625,1539.0953971073031,unknown,True,,True,,False,,15070.26806640625,True,uncalibrated_dynamic,True,0.0,0.0,full_gpu,0.0,,risk_evidence_insufficient,0.0,uncalibrated_dynamic,0.0,,,,hybrid-session-005-turn-0,1.9140625,0.0,1.9140625,0.0,0.0,/DATACENTER3/zhenxiang.wang/work/TailGuardKV/.worktrees/baseline-smoke-final-aggregation/out/full_25session_baseline_9_14/full/policy_attempts/full40_20260916_h2o_static_safe/seed20260906,True,point_prediction_rejected,hybrid-session-005,chat,106.31074500270188,0,risk_evidence_insufficient
full_gpu,5.0,0.1,False,False,online_qwen,False,1.0,/DATACENTER3/zhenxiang.wang/work/TailGuardKV/.worktrees/baseline-smoke-final-aggregation/out/full_25session_baseline_9_14/full/policy_attempts/full40_20260916_h2o_static_safe/seed20260906/config.yaml,,,,,0.1,True,,0.1,,0,True,full_gpu,True,,balanced_two_gpu,1,persistent,28156.044902047142,29965,32454.465724062175,,exact fallback,30.0,9.84375,2.625,2.625,2.625,1541.6160600725561,unknown,True,,True,,False,,15093.27587890625,True,uncalibrated_dynamic,True,0.0,0.0,full_gpu,0.0,,risk_evidence_insufficient,0.0,uncalibrated_dynamic,0.0,,,,hybrid-session-006-turn-0,2.625,0.0,2.625,0.0,0.0,/DATACENTER3/zhenxiang.wang/work/TailGuardKV/.worktrees/baseline-smoke-final-aggregation/out/full_25session_baseline_9_14/full/policy_attempts/full40_20260916_h2o_static_safe/seed20260906,True,point_prediction_rejected,hybrid-session-006,chat,111.19332490488887,0,risk_evidence_insufficient
full_gpu,6.0,0.1,False,False,online_qwen,False,1.0,/DATACENTER3/zhenxiang.wang/work/TailGuardKV/.worktrees/baseline-smoke-final-aggregation/out/full_25session_baseline_9_14/full/policy_attempts/full40_20260916_h2o_static_safe/seed20260906/config.yaml,,,,,0.1,True,,0.1,,0,True,full_gpu,True,,balanced_two_gpu,1,persistent,28156.044902047142,29965,32454.465724062175,,exact fallback,30.0,11.5390625,1.6953125,1.6953125,1.6953125,1538.7857588939369,unknown,True,,True,,False,,15068.48681640625,True,uncalibrated_dynamic,True,0.0,0.0,full_gpu,0.0,,risk_evidence_insufficient,0.0,uncalibrated_dynamic,0.0,,,,hybrid-session-009-turn-0,1.6953125,0.0,1.6953125,0.0,0.0,/DATACENTER3/zhenxiang.wang/work/TailGuardKV/.worktrees/baseline-smoke-final-aggregation/out/full_25session_baseline_9_14/full/policy_attempts/full40_20260916_h2o_static_safe/seed20260906,True,point_prediction_rejected,hybrid-session-009,chat,95.8147628698498,0,risk_evidence_insufficient
full_gpu,7.0,0.1,False,False,online_qwen,False,1.0,/DATACENTER3/zhenxiang.wang/work/TailGuardKV/.worktrees/baseline-smoke-final-aggregation/out/full_25session_baseline_9_14/full/policy_attempts/full40_20260916_h2o_static_safe/seed20260906/config.yaml,,,,,0.1,True,,0.1,,0,True,full_gpu,True,,balanced_two_gpu,1,persistent,28156.044902047142,29965,32454.465724062175,,exact fallback,30.0,13.0703125,1.53125,1.53125,1.53125,1527.948611183092,unknown,True,,True,,False,,15065.87646484375,True,uncalibrated_dynamic,True,0.0,0.0,full_gpu,0.0,,risk_evidence_insufficient,0.0,uncalibrated_dynamic,0.0,,,,hybrid-session-010-turn-0,1.53125,0.0,1.53125,0.0,0.0,/DATACENTER3/zhenxiang.wang/work/TailGuardKV/.worktrees/baseline-smoke-final-aggregation/out/full_25session_baseline_9_14/full/policy_attempts/full40_20260916_h2o_static_safe/seed20260906,True,point_prediction_rejected,hybrid-session-010,chat,88.8704911340028,0,risk_evidence_insufficient
full_gpu,8.0,0.1,False,False,online_qwen,False,1.0,/DATACENTER3/zhenxiang.wang/work/TailGuardKV/.worktrees/baseline-smoke-final-aggregation/out/full_25session_baseline_9_14/full/policy_attempts/full40_20260916_h2o_static_safe/seed20260906/config.yaml,,,,,0.1,True,,0.1,,0,True,full_gpu,True,,balanced_two_gpu,1,persistent,28156.044902047142,29965,32454.465724062175,,exact fallback,30.0,14.875,1.8046875,1.8046875,1.8046875,1371.1210859473795,unknown,True,,True,,False,,15074.73681640625,True,uncalibrated_dynamic,True,0.0,0.0,full_gpu,0.0,,risk_evidence_insufficient,0.0,uncalibrated_dynamic,0.0,,,,hybrid-session-013-turn-0,1.8046875,0.0,1.8046875,0.0,0.0,/DATACENTER3/zhenxiang.wang/work/TailGuardKV/.worktrees/baseline-smoke-final-aggregation/out/full_25session_baseline_9_14/full/policy_attempts/full40_20260916_h2o_static_safe/seed20260906,True,point_prediction_rejected,hybrid-session-013,chat,97.8361468296498,0,risk_evidence_insufficient
full_gpu,9.0,0.1,False,False,online_qwen,False,1.0,/DATACENTER3/zhenxiang.wang/work/TailGuardKV/.worktrees/baseline-smoke-final-aggregation/out/full_25session_baseline_9_14/full/policy_attempts/full40_20260916_h2o_static_safe/seed20260906/config.yaml,,,,,0.1,True,,0.1,,0,True,full_gpu,True,,balanced_two_gpu,1,persistent,28156.044902047142,29965,32454.465724062175,,exact fallback,30.0,17.5,2.625,2.625,2.625,1538.0951021797955,unknown,True,,True,,False,,15100.93212890625,True,uncalibrated_dynamic,True,0.0,0.0,full_gpu,0.0,,risk_evidence_insufficient,0.0,uncalibrated_dynamic,0.0,,,,hybrid-session-016-turn-0,2.625,0.0,2.625,0.0,0.0,/DATACENTER3/zhenxiang.wang/work/TailGuardKV/.worktrees/baseline-smoke-final-aggregation/out/full_25session_baseline_9_14/full/policy_attempts/full40_20260916_h2o_static_safe/seed20260906,True,point_prediction_rejected,hybrid-session-016,chat,111.95512022823095,0,risk_evidence_insufficient
full_gpu,10.0,0.1,False,False,online_qwen,False,1.0,/DATACENTER3/zhenxiang.wang/work/TailGuardKV/.worktrees/baseline-smoke-final-aggregation/out/full_25session_baseline_9_14/full/policy_attempts/full40_20260916_h2o_static_safe/seed20260906/config.yaml,,,,,0.1,True,,0.1,,0,True,full_gpu,True,,balanced_two_gpu,1,persistent,28156.044902047142,29965,32454.465724062175,,exact fallback,30.0,19.90625,2.40625,2.40625,2.40625,1536.9421460200101,unknown,True,,True,,False,,15095.79541015625,True,uncalibrated_dynamic,True,0.0,0.0,full_gpu,0.0,,risk_evidence_insufficient,0.0,uncalibrated_dynamic,0.0,,,,hybrid-session-020-turn-0,2.40625,0.0,2.40625,0.0,0.0,/DATACENTER3/zhenxiang.wang/work/TailGuardKV/.worktrees/baseline-smoke-final-aggregation/out/full_25session_baseline_9_14/full/policy_attempts/full40_20260916_h2o_static_safe/seed20260906,True,point_prediction_rejected,hybrid-session-020,chat,106.56284214928746,0,risk_evidence_insufficient
full_gpu,11.0,0.1,False,False,online_qwen,False,1.0,/DATACENTER3/zhenxiang.wang/work/TailGuardKV/.worktrees/baseline-smoke-final-aggregation/out/full_25session_baseline_9_14/full/policy_attempts/full40_20260916_h2o_static_safe/seed20260906/config.yaml,,,,,0.1,True,,0.1,,0,True,full_gpu,True,,balanced_two_gpu,1,persistent,28156.044902047142,29965,32454.465724062175,,exact fallback,30.0,22.203125,2.296875,2.296875,2.296875,1544.28547504358,unknown,True,,True,,False,,15095.17822265625,True,uncalibrated_dynamic,True,0.0,0.0,full_gpu,0.0,,risk_evidence_insufficient,0.0,uncalibrated_dynamic,0.0,,,,hybrid-session-021-turn-0,2.296875,0.0,2.296875,0.0,0.0,/DATACENTER3/zhenxiang.wang/work/TailGuardKV/.worktrees/baseline-smoke-final-aggregation/out/full_25session_baseline_9_14/full/policy_attempts/full40_20260916_h2o_static_safe/seed20260906,True,point_prediction_rejected,hybrid-session-021,chat,123.23238491080701,0,risk_evidence_insufficient
full_gpu,12.0,0.1,False,False,online_qwen,False,1.0,/DATACENTER3/zhenxiang.wang/work/TailGuardKV/.worktrees/baseline-smoke-final-aggregation/out/full_25session_baseline_9_14/full/policy_attempts/full40_20260916_h2o_static_safe/seed20260906/config.yaml,,,,,0.1,True,,0.1,,0,True,full_gpu,True,,balanced_two_gpu,1,persistent,28156.044902047142,29965,32454.465724062175,,exact fallback,30.0,24.171875,1.96875,1.96875,1.96875,1373.4383368864655,unknown,True,,True,,False,,15088.40478515625,True,uncalibrated_dynamic,True,0.0,0.0,full_gpu,0.0,,risk_evidence_insufficient,0.0,uncalibrated_dynamic,0.0,,,,hybrid-session-025-turn-0,1.96875,0.0,1.96875,0.0,0.0,/DATACENTER3/zhenxiang.wang/work/TailGuardKV/.worktrees/baseline-smoke-final-aggregation/out/full_25session_baseline_9_14/full/policy_attempts/full40_20260916_h2o_static_safe/seed20260906,True,point_prediction_rejected,hybrid-session-025,chat,103.71216689236462,0,risk_evidence_insufficient
full_gpu,13.0,0.1,False,False,online_qwen,False,1.0,/DATACENTER3/zhenxiang.wang/work/TailGuardKV/.worktrees/baseline-smoke-final-aggregation/out/full_25session_baseline_9_14/full/policy_attempts/full40_20260916_h2o_static_safe/seed20260906/config.yaml,,,,,0.1,True,,0.1,,0,True,full_gpu,True,,balanced_two_gpu,1,persistent,28156.044902047142,29965,32454.465724062175,,exact fallback,30.0,26.359375,2.1875,2.1875,2.1875,1535.8869980555028,unknown,True,,True,,False,,15096.42041015625,True,uncalibrated_dynamic,True,0.0,0.0,full_gpu,0.0,,risk_evidence_insufficient,0.0,uncalibrated_dynamic,0.0,,,,hybrid-session-026-turn-0,2.1875,0.0,2.1875,0.0,0.0,/DATACENTER3/zhenxiang.wang/work/TailGuardKV/.worktrees/baseline-smoke-final-aggregation/out/full_25session_baseline_9_14/full/policy_attempts/full40_20260916_h2o_static_safe/seed20260906,True,point_prediction_rejected,hybrid-session-026,chat,107.82384895719588,0,risk_evidence_insufficient
full_gpu,13.0,0.1,False,False,online_qwen,False,1.0,/DATACENTER3/zhenxiang.wang/work/TailGuardKV/.worktrees/baseline-smoke-final-aggregation/out/full_25session_baseline_9_14/full/policy_attempts/full40_20260916_h2o_static_safe/seed20260906/config.yaml,,,,,0.1,True,,0.1,,0,True,full_gpu,True,,balanced_two_gpu,1,persistent,28156.044902047142,29965,32454.465724062175,,exact fallback,30.0,28.1640625,3.8828125,3.8828125,1.8046875,1545.2257490251213,unknown,True,,True,,False,,15088.02685546875,True,uncalibrated_dynamic,True,0.0,0.0,full_gpu,0.0,,risk_evidence_insufficient,0.0,uncalibrated_dynamic,0.0,,,,hybrid-session-002-turn-1,3.8828125,2.078125,3.8828125,0.0,0.0,/DATACENTER3/zhenxiang.wang/work/TailGuardKV/.worktrees/baseline-smoke-final-aggregation/out/full_25session_baseline_9_14/full/policy_attempts/full40_20260916_h2o_static_safe/seed20260906,True,point_prediction_rejected,hybrid-session-002,chat,106.38191504403949,1,risk_evidence_insufficient
full_gpu,13.0,0.1,True,False,online_qwen,False,1.0,/DATACENTER3/zhenxiang.wang/work/TailGuardKV/.worktrees/baseline-smoke-final-aggregation/out/full_25session_baseline_9_14/full/policy_attempts/full40_20260916_h2o_static_safe/seed20260906/config.yaml,,,,,0.1,True,,0.1,,0,True,full_gpu,True,,balanced_two_gpu,1,persistent,28156.044902047142,29965,32454.465724062175,,exact fallback,30.0,29.5859375,2.8984375,2.8984375,1.421875,1520.9122109226882,unknown,True,0.0,True,,False,,15080.05908203125,True,uncalibrated_dynamic,True,0.0,0.0,full_gpu,0.0,,risk_evidence_insufficient,0.0,uncalibrated_dynamic,0.0,,,,hybrid-session-003-turn-1,2.8984375,1.4765625,2.8984375,0.0,0.0,/DATACENTER3/zhenxiang.wang/work/TailGuardKV/.worktrees/baseline-smoke-final-aggregation/out/full_25session_baseline_9_14/full/policy_attempts/full40_20260916_h2o_static_safe/seed20260906,True,point_prediction_rejected,hybrid-session-003,chat,111.61575908772647,1,risk_evidence_insufficient
full_gpu,13.0,0.1,False,True,online_qwen,True,1.0,/DATACENTER3/zhenxiang.wang/work/TailGuardKV/.worktrees/baseline-smoke-final-aggregation/out/full_25session_baseline_9_14/full/policy_attempts/full40_20260916_h2o_static_safe/seed20260906/config.yaml,,,,,0.1,True,,0.1,,4.5390625,True,full_gpu,True,,balanced_two_gpu,1,persistent,28156.044902047142,29965,32454.465724062175,,exact fallback,30.0,28.2734375,4.9765625,4.9765625,3.2265625,1549.301679013297,unknown,True,,True,,False,,15131.58349609375,True,uncalibrated_dynamic,True,0.0,0.0,full_gpu,0.0,,risk_evidence_insufficient,0.0,uncalibrated_dynamic,0.0,,,,hybrid-session-004-turn-1,4.9765625,1.75,4.9765625,0.0,0.0,/DATACENTER3/zhenxiang.wang/work/TailGuardKV/.worktrees/baseline-smoke-final-aggregation/out/full_25session_baseline_9_14/full/policy_attempts/full40_20260916_h2o_static_safe/seed20260906,True,point_prediction_rejected,hybrid-session-004,chat,114.56192098557949,1,risk_evidence_insufficient
full_gpu,13.0,0.1,False,True,online_qwen,True,1.0,/DATACENTER3/zhenxiang.wang/work/TailGuardKV/.worktrees/baseline-smoke-final-aggregation/out/full_25session_baseline_9_14/full/policy_attempts/full40_20260916_h2o_static_safe/seed20260906/config.yaml,,,,,0.1,True,,0.1,,3.2265625,True,full_gpu,True,,balanced_two_gpu,1,persistent,28156.044902047142,29965,32454.465724062175,,exact fallback,30.0,28.984375,3.9375,3.9375,3.9375,1377.35656904988,unknown,True,,True,,False,,15150.76806640625,True,uncalibrated_dynamic,True,0.0,0.0,full_gpu,0.0,,risk_evidence_insufficient,0.0,uncalibrated_dynamic,103.79557101987302,,,,hybrid-session-005-turn-1,3.9375,0.0,3.9375,0.0,0.0,/DATACENTER3/zhenxiang.wang/work/TailGuardKV/.worktrees/baseline-smoke-final-aggregation/out/full_25session_baseline_9_14/full/policy_attempts/full40_20260916_h2o_static_safe/seed20260906,True,point_prediction_rejected,hybrid-session-005,chat,104.63198414072394,1,risk_evidence_insufficient
full_gpu,13.0,0.1,False,True,online_qwen,True,1.0,/DATACENTER3/zhenxiang.wang/work/TailGuardKV/.worktrees/baseline-smoke-final-aggregation/out/full_25session_baseline_9_14/full/policy_attempts/full40_20260916_h2o_static_safe/seed20260906/config.yaml,,,,,0.1,True,,0.1,,4.4296875,True,full_gpu,True,,balanced_two_gpu,1,persistent,28156.044902047142,29965,32454.465724062175,,exact fallback,30.0,29.859375,5.3046875,5.3046875,5.3046875,1498.4704768285155,unknown,True,,True,,False,,15188.640625,True,uncalibrated_dynamic,True,0.0,0.0,full_gpu,0.0,,risk_evidence_insufficient,0.0,uncalibrated_dynamic,122.07416514866054,,,,hybrid-session-006-turn-1,5.3046875,0.0,5.3046875,0.0,0.0,/DATACENTER3/zhenxiang.wang/work/TailGuardKV/.worktrees/baseline-smoke-final-aggregation/out/full_25session_baseline_9_14/full/policy_attempts/full40_20260916_h2o_static_safe/seed20260906,True,point_prediction_rejected,hybrid-session-006,chat,123.0662118177861,1,risk_evidence_insufficient
full_gpu,13.0,0.1,False,True,online_qwen,True,1.0,/DATACENTER3/zhenxiang.wang/work/TailGuardKV/.worktrees/baseline-smoke-final-aggregation/out/full_25session_baseline_9_14/full/policy_attempts/full40_20260916_h2o_static_safe/seed20260906/config.yaml,,,,,0.1,True,,0.1,,4.703125,True,full_gpu,True,,balanced_two_gpu,1,persistent,28156.044902047142,29965,32454.465724062175,,exact fallback,30.0,28.2734375,3.1171875,3.1171875,3.1171875,1554.7553489450365,unknown,True,,True,,False,,15127.80712890625,True,uncalibrated_dynamic,True,0.0,0.0,full_gpu,0.0,,risk_evidence_insufficient,0.0,uncalibrated_dynamic,113.19826217368245,,,,hybrid-session-009-turn-1,3.1171875,0.0,3.1171875,0.0,0.0,/DATACENTER3/zhenxiang.wang/work/TailGuardKV/.worktrees/baseline-smoke-final-aggregation/out/full_25session_baseline_9_14/full/policy_attempts/full40_20260916_h2o_static_safe/seed20260906,True,point_prediction_rejected,hybrid-session-009,chat,114.00877707637846,1,risk_evidence_insufficient
full_gpu,13.0,0.1,False,True,online_qwen,True,1.0,/DATACENTER3/zhenxiang.wang/work/TailGuardKV/.worktrees/baseline-smoke-final-aggregation/out/full_25session_baseline_9_14/full/policy_attempts/full40_20260916_h2o_static_safe/seed20260906/config.yaml,,,,,0.1,True,,0.1,,1.96875,True,full_gpu,True,,balanced_two_gpu,1,persistent,28156.044902047142,29965,32454.465724062175,,exact fallback,30.0,29.203125,2.8984375,2.8984375,2.8984375,1560.2884020190686,unknown,True,,True,,False,,15121.02783203125,True,uncalibrated_dynamic,True,0.0,0.0,full_gpu,0.0,,risk_evidence_insufficient,0.0,uncalibrated_dynamic,112.36647795885801,,,,hybrid-session-010-turn-1,2.8984375,0.0,2.8984375,0.0,0.0,/DATACENTER3/zhenxiang.wang/work/TailGuardKV/.worktrees/baseline-smoke-final-aggregation/out/full_25session_baseline_9_14/full/policy_attempts/full40_20260916_h2o_static_safe/seed20260906,True,point_prediction_rejected,hybrid-session-010,chat,113.2532509509474,1,risk_evidence_insufficient
full_gpu,13.0,0.1,False,True,online_qwen,True,1.0,/DATACENTER3/zhenxiang.wang/work/TailGuardKV/.worktrees/baseline-smoke-final-aggregation/out/full_25session_baseline_9_14/full/policy_attempts/full40_20260916_h2o_static_safe/seed20260906/config.yaml,,,,,0.1,True,,0.1,,6.0703125,True,full_gpu,True,,balanced_two_gpu,1,persistent,28156.044902047142,29965,32454.465724062175,,exact fallback,30.0,26.25,3.1171875,3.1171875,3.1171875,1474.506685975939,unknown,True,,True,,False,,15127.15087890625,True,uncalibrated_dynamic,True,0.0,0.0,full_gpu,0.0,,risk_evidence_insufficient,0.0,uncalibrated_dynamic,102.18571103177965,,,,hybrid-session-013-turn-1,3.1171875,0.0,3.1171875,0.0,0.0,/DATACENTER3/zhenxiang.wang/work/TailGuardKV/.worktrees/baseline-smoke-final-aggregation/out/full_25session_baseline_9_14/full/policy_attempts/full40_20260916_h2o_static_safe/seed20260906,True,point_prediction_rejected,hybrid-session-013,chat,103.08539704419672,1,risk_evidence_insufficient
full_gpu,13.0,0.1,False,True,online_qwen,True,1.0,/DATACENTER3/zhenxiang.wang/work/TailGuardKV/.worktrees/baseline-smoke-final-aggregation/out/full_25session_baseline_9_14/full/policy_attempts/full40_20260916_h2o_static_safe/seed20260906/config.yaml,,,,,0.1,True,,0.1,,2.8984375,True,full_gpu,True,,balanced_two_gpu,1,persistent,28156.044902047142,29965,32454.465724062175,,exact fallback,30.0,27.453125,4.1015625,4.1015625,4.1015625,1459.702568128705,unknown,True,,True,,False,,15152.00634765625,True,uncalibrated_dynamic,True,0.0,0.0,full_gpu,0.0,,risk_evidence_insufficient,0.0,uncalibrated_dynamic,109.92608894594014,,,,hybrid-session-016-turn-1,4.1015625,0.0,4.1015625,0.0,0.0,/DATACENTER3/zhenxiang.wang/work/TailGuardKV/.worktrees/baseline-smoke-final-aggregation/out/full_25session_baseline_9_14/full/policy_attempts/full40_20260916_h2o_static_safe/seed20260906,True,point_prediction_rejected,hybrid-session-016,chat,110.71393312886357,1,risk_evidence_insufficient
full_gpu,13.0,0.1,False,True,online_qwen,True,1.0,/DATACENTER3/zhenxiang.wang/work/TailGuardKV/.worktrees/baseline-smoke-final-aggregation/out/full_25session_baseline_9_14/full/policy_attempts/full40_20260916_h2o_static_safe/seed20260906/config.yaml,,,,,0.1,True,,0.1,,4.9765625,True,full_gpu,True,,balanced_two_gpu,1,persistent,28156.044902047142,29965,32454.465724062175,,exact fallback,30.0,26.359375,3.8828125,3.8828125,3.8828125,1446.9318001065403,unknown,True,,True,,False,,15146.56494140625,True,uncalibrated_dynamic,True,0.0,0.0,full_gpu,0.0,,risk_evidence_insufficient,0.0,uncalibrated_dynamic,107.5578760355711,,,,hybrid-session-020-turn-1,3.8828125,0.0,3.8828125,0.0,0.0,/DATACENTER3/zhenxiang.wang/work/TailGuardKV/.worktrees/baseline-smoke-final-aggregation/out/full_25session_baseline_9_14/full/policy_attempts/full40_20260916_h2o_static_safe/seed20260906,True,point_prediction_rejected,hybrid-session-020,chat,108.35375520400703,1,risk_evidence_insufficient
full_gpu,13.0,0.1,False,True,online_qwen,True,1.0,/DATACENTER3/zhenxiang.wang/work/TailGuardKV/.worktrees/baseline-smoke-final-aggregation/out/full_25session_baseline_9_14/full/policy_attempts/full40_20260916_h2o_static_safe/seed20260906/config.yaml,,,,,0.1,True,,0.1,,3.9375,True,full_gpu,True,,balanced_two_gpu,1,persistent,28156.044902047142,29965,32454.465724062175,,exact fallback,30.0,27.015625,4.59375,4.59375,4.59375,1558.7200832087547,unknown,True,,True,,False,,15165.12548828125,True,uncalibrated_dynamic,True,0.0,0.0,full_gpu,0.0,,risk_evidence_insufficient,0.0,uncalibrated_dynamic,120.78040302731097,,,,hybrid-session-021-turn-1,4.59375,0.0,4.59375,0.0,0.0,/DATACENTER3/zhenxiang.wang/work/TailGuardKV/.worktrees/baseline-smoke-final-aggregation/out/full_25session_baseline_9_14/full/policy_attempts/full40_20260916_h2o_static_safe/seed20260906,True,point_prediction_rejected,hybrid-session-021,chat,121.5799581259489,1,risk_evidence_insufficient
full_gpu,13.0,0.1,False,True,online_qwen,True,1.0,/DATACENTER3/zhenxiang.wang/work/TailGuardKV/.worktrees/baseline-smoke-final-aggregation/out/full_25session_baseline_9_14/full/policy_attempts/full40_20260916_h2o_static_safe/seed20260906/config.yaml,,,,,0.1,True,,0.1,,5.3046875,True,full_gpu,True,,balanced_two_gpu,1,persistent,28156.044902047142,29965,32454.465724062175,,exact fallback,30.0,25.046875,3.3359375,3.3359375,3.3359375,1548.4644549433142,unknown,True,,True,,False,,15131.66845703125,True,uncalibrated_dynamic,True,0.0,0.0,full_gpu,0.0,,risk_evidence_insufficient,0.0,uncalibrated_dynamic,101.07998200692236,,,,hybrid-session-025-turn-1,3.3359375,0.0,3.3359375,0.0,0.0,/DATACENTER3/zhenxiang.wang/work/TailGuardKV/.worktrees/baseline-smoke-final-aggregation/out/full_25session_baseline_9_14/full/policy_attempts/full40_20260916_h2o_static_safe/seed20260906,True,point_prediction_rejected,hybrid-session-025,chat,101.74749186262488,1,risk_evidence_insufficient
full_gpu,13.0,0.1,False,False,online_qwen,False,1.0,/DATACENTER3/zhenxiang.wang/work/TailGuardKV/.worktrees/baseline-smoke-final-aggregation/out/full_25session_baseline_9_14/full/policy_attempts/full40_20260916_h2o_static_safe/seed20260906/config.yaml,,,,,0.1,True,,0.1,,0,True,full_gpu,True,,balanced_two_gpu,1,persistent,28156.044902047142,29965,32454.465724062175,,exact fallback,30.0,29.75,4.703125,4.703125,4.703125,1537.1879709418863,unknown,True,,True,,False,,15168.46728515625,True,uncalibrated_dynamic,True,0.0,0.0,full_gpu,0.0,,risk_evidence_insufficient,0.0,uncalibrated_dynamic,111.91384703852236,,,,hybrid-session-026-turn-1,4.703125,0.0,4.703125,0.0,0.0,/DATACENTER3/zhenxiang.wang/work/TailGuardKV/.worktrees/baseline-smoke-final-aggregation/out/full_25session_baseline_9_14/full/policy_attempts/full40_20260916_h2o_static_safe/seed20260906,True,point_prediction_rejected,hybrid-session-026,chat,112.67696903087199,1,risk_evidence_insufficient
full_gpu,13.0,0.1,True,True,online_qwen,True,1.0,/DATACENTER3/zhenxiang.wang/work/TailGuardKV/.worktrees/baseline-smoke-final-aggregation/out/full_25session_baseline_9_14/full/policy_attempts/full40_20260916_h2o_static_safe/seed20260906/config.yaml,,,,,0.1,True,,0.1,,13.234375,True,full_gpu,True,,balanced_two_gpu,1,persistent,28156.044902047142,29965,32454.465724062175,,exact fallback,30.0,26.3046875,9.7890625,9.7890625,9.7890625,1597.4785301368684,unknown,True,0.0,True,,False,,15316.71484375,True,uncalibrated_dynamic,True,0.0,0.0,full_gpu,0.0,,risk_evidence_insufficient,0.0,uncalibrated_dynamic,130.41077996604145,,,,hybrid-session-002-turn-2,9.7890625,0.0,9.7890625,0.0,0.0,/DATACENTER3/zhenxiang.wang/work/TailGuardKV/.worktrees/baseline-smoke-final-aggregation/out/full_25session_baseline_9_14/full/policy_attempts/full40_20260916_h2o_static_safe/seed20260906,True,point_prediction_rejected,hybrid-session-002,qa,131.22710003517568,2,risk_evidence_insufficient
full_gpu,13.0,0.1,False,True,online_qwen,True,1.0,/DATACENTER3/zhenxiang.wang/work/TailGuardKV/.worktrees/baseline-smoke-final-aggregation/out/full_25session_baseline_9_14/full/policy_attempts/full40_20260916_h2o_static_safe/seed20260906/config.yaml,,,,,0.1,True,,0.1,,8.4765625,True,full_gpu,True,,balanced_two_gpu,1,persistent,28156.044902047142,29965,32454.465724062175,,exact fallback,30.0,26.9609375,9.1328125,9.1328125,9.1328125,1564.8123999126256,unknown,True,,True,,False,,15293.03955078125,True,uncalibrated_dynamic,True,0.0,0.0,full_gpu,0.0,,risk_evidence_insufficient,0.0,uncalibrated_dynamic,120.56777998805046,,,,hybrid-session-003-turn-2,9.1328125,0.0,9.1328125,0.0,0.0,/DATACENTER3/zhenxiang.wang/work/TailGuardKV/.worktrees/baseline-smoke-final-aggregation/out/full_25session_baseline_9_14/full/policy_attempts/full40_20260916_h2o_static_safe/seed20260906,True,point_prediction_rejected,hybrid-session-003,summary,121.37133697979152,2,risk_evidence_insufficient
full_gpu,13.0,0.1,False,True,online_qwen,True,1.0,/DATACENTER3/zhenxiang.wang/work/TailGuardKV/.worktrees/baseline-smoke-final-aggregation/out/full_25session_baseline_9_14/full/policy_attempts/full40_20260916_h2o_static_safe/seed20260906/config.yaml,,,,,0.1,True,,0.1,,8.0390625,True,full_gpu,True,,balanced_two_gpu,1,persistent,28156.044902047142,29965,32454.465724062175,,exact fallback,30.0,29.640625,10.71875,10.71875,10.71875,1572.4506569094956,unknown,True,,True,,False,,15337.34326171875,True,uncalibrated_dynamic,True,0.0,0.0,full_gpu,0.0,,risk_evidence_insufficient,0.0,uncalibrated_dynamic,125.41846511885524,,,,hybrid-session-004-turn-2,10.71875,0.0,10.71875,0.0,0.0,/DATACENTER3/zhenxiang.wang/work/TailGuardKV/.worktrees/baseline-smoke-final-aggregation/out/full_25session_baseline_9_14/full/policy_attempts/full40_20260916_h2o_static_safe/seed20260906,True,point_prediction_rejected,hybrid-session-004,qa,126.31866498850286,2,risk_evidence_insufficient
full_gpu,13.0,0.1,False,True,online_qwen,True,1.0,/DATACENTER3/zhenxiang.wang/work/TailGuardKV/.worktrees/baseline-smoke-final-aggregation/out/full_25session_baseline_9_14/full/policy_attempts/full40_20260916_h2o_static_safe/seed20260906/config.yaml,,,,,0.1,True,,0.1,,9.7890625,True,full_gpu,True,,balanced_two_gpu,1,persistent,28156.044902047142,29965,32454.465724062175,,exact fallback,30.0,29.640625,9.7890625,9.7890625,9.7890625,1585.2657309733331,unknown,True,,True,,False,,15316.60546875,True,uncalibrated_dynamic,True,0.0,0.0,full_gpu,0.0,,risk_evidence_insufficient,0.0,uncalibrated_dynamic,130.860144039616,,,,hybrid-session-005-turn-2,9.7890625,0.0,9.7890625,0.0,0.0,/DATACENTER3/zhenxiang.wang/work/TailGuardKV/.worktrees/baseline-smoke-final-aggregation/out/full_25session_baseline_9_14/full/policy_attempts/full40_20260916_h2o_static_safe/seed20260906,True,point_prediction_rejected,hybrid-session-005,summary,131.68077380396426,2,risk_evidence_insufficient
full_gpu,13.0,0.1,False,True,online_qwen,True,1.0,/DATACENTER3/zhenxiang.wang/work/TailGuardKV/.worktrees/baseline-smoke-final-aggregation/out/full_25session_baseline_9_14/full/policy_attempts/full40_20260916_h2o_static_safe/seed20260906/config.yaml,,,,,0.1,True,,0.1,,19.8515625,True,full_gpu,True,,balanced_two_gpu,1,persistent,28156.044902047142,29965,32454.465724062175,,exact fallback,30.0,22.5859375,12.796875,12.796875,12.796875,1280.377060174942,unknown,True,,True,,False,,15401.626953125,True,uncalibrated_dynamic,True,0.0,0.0,full_gpu,0.0,,risk_evidence_insufficient,0.0,uncalibrated_dynamic,147.4754901137203,,,,hybrid-session-006-turn-2,12.796875,0.0,12.796875,0.0,0.0,/DATACENTER3/zhenxiang.wang/work/TailGuardKV/.worktrees/baseline-smoke-final-aggregation/out/full_25session_baseline_9_14/full/policy_attempts/full40_20260916_h2o_static_safe/seed20260906,True,point_prediction_rejected,hybrid-session-006,qa,148.3265389688313,2,risk_evidence_insufficient
full_gpu,13.0,0.1,False,True,online_qwen,True,1.0,/DATACENTER3/zhenxiang.wang/work/TailGuardKV/.worktrees/baseline-smoke-final-aggregation/out/full_25session_baseline_9_14/full/policy_attempts/full40_20260916_h2o_static_safe/seed20260906/config.yaml,,,,,0.1,True,,0.1,,9.7890625,True,full_gpu,True,,balanced_two_gpu,1,persistent,28156.044902047142,29965,32454.465724062175,,exact fallback,30.0,21.7109375,8.9140625,8.9140625,8.9140625,1578.4214921295643,unknown,True,,True,,False,,15283.59765625,True,uncalibrated_dynamic,True,0.0,0.0,full_gpu,0.0,,risk_evidence_insufficient,0.0,uncalibrated_dynamic,130.5904658511281,,,,hybrid-session-009-turn-2,8.9140625,0.0,8.9140625,0.0,0.0,/DATACENTER3/zhenxiang.wang/work/TailGuardKV/.worktrees/baseline-smoke-final-aggregation/out/full_25session_baseline_9_14/full/policy_attempts/full40_20260916_h2o_static_safe/seed20260906,True,point_prediction_rejected,hybrid-session-009,summary,131.51260698214173,2,risk_evidence_insufficient
full_gpu,13.0,0.1,False,True,online_qwen,True,1.0,/DATACENTER3/zhenxiang.wang/work/TailGuardKV/.worktrees/baseline-smoke-final-aggregation/out/full_25session_baseline_9_14/full/policy_attempts/full40_20260916_h2o_static_safe/seed20260906/config.yaml,,,,,0.1,True,,0.1,,12.796875,True,full_gpu,True,,balanced_two_gpu,1,persistent,28156.044902047142,29965,32454.465724062175,,exact fallback,30.0,18.7578125,9.84375,9.84375,9.84375,1567.9348320700228,unknown,True,,True,,False,,15308.73046875,True,uncalibrated_dynamic,True,0.0,0.0,full_gpu,0.0,,risk_evidence_insufficient,0.0,uncalibrated_dynamic,122.4209328647703,,,,hybrid-session-010-turn-2,9.84375,0.0,9.84375,0.0,0.0,/DATACENTER3/zhenxiang.wang/work/TailGuardKV/.worktrees/baseline-smoke-final-aggregation/out/full_25session_baseline_9_14/full/policy_attempts/full40_20260916_h2o_static_safe/seed20260906,True,point_prediction_rejected,hybrid-session-010,qa,123.25015501119196,2,risk_evidence_insufficient
full_gpu,13.0,0.1,True,False,online_qwen,False,1.0,/DATACENTER3/zhenxiang.wang/work/TailGuardKV/.worktrees/baseline-smoke-final-aggregation/out/full_25session_baseline_9_14/full/policy_attempts/full40_20260916_h2o_static_safe/seed20260906/config.yaml,,,,,0.1,True,,0.1,,0,True,full_gpu,True,,balanced_two_gpu,1,persistent,28156.044902047142,29965,32454.465724062175,,exact fallback,30.0,28.0,9.2421875,9.2421875,9.2421875,1576.7972350586206,unknown,True,0.0,True,,False,,15289.83837890625,True,uncalibrated_dynamic,True,0.0,0.0,full_gpu,0.0,,risk_evidence_insufficient,0.0,uncalibrated_dynamic,121.90021201968193,,,,hybrid-session-013-turn-2,9.2421875,0.0,9.2421875,0.0,0.0,/DATACENTER3/zhenxiang.wang/work/TailGuardKV/.worktrees/baseline-smoke-final-aggregation/out/full_25session_baseline_9_14/full/policy_attempts/full40_20260916_h2o_static_safe/seed20260906,True,point_prediction_rejected,hybrid-session-013,summary,122.70071008242667,2,risk_evidence_insufficient
full_gpu,13.0,0.1,False,True,online_qwen,True,1.0,/DATACENTER3/zhenxiang.wang/work/TailGuardKV/.worktrees/baseline-smoke-final-aggregation/out/full_25session_baseline_9_14/full/policy_attempts/full40_20260916_h2o_static_safe/seed20260906/config.yaml,,,,,0.1,True,,0.1,,8.9140625,True,full_gpu,True,,balanced_two_gpu,1,persistent,28156.044902047142,29965,32454.465724062175,,exact fallback,30.0,29.421875,10.3359375,10.3359375,10.3359375,1572.5042109843343,unknown,True,,True,,False,,15327.84765625,True,uncalibrated_dynamic,True,0.0,0.0,full_gpu,0.0,,risk_evidence_insufficient,0.0,uncalibrated_dynamic,124.49912098236382,,,,hybrid-session-016-turn-2,10.3359375,0.0,10.3359375,0.0,0.0,/DATACENTER3/zhenxiang.wang/work/TailGuardKV/.worktrees/baseline-smoke-final-aggregation/out/full_25session_baseline_9_14/full/policy_attempts/full40_20260916_h2o_static_safe/seed20260906,True,point_prediction_rejected,hybrid-session-016,qa,125.2928888425231,2,risk_evidence_insufficient
full_gpu,13.0,0.1,True,True,online_qwen,True,1.0,/DATACENTER3/zhenxiang.wang/work/TailGuardKV/.worktrees/baseline-smoke-final-aggregation/out/full_25session_baseline_9_14/full/policy_attempts/full40_20260916_h2o_static_safe/seed20260906/config.yaml,,,,,0.1,True,,0.1,,9.84375,True,full_gpu,True,,balanced_two_gpu,1,persistent,28156.044902047142,29965,32454.465724062175,,exact fallback,30.0,29.421875,9.84375,9.84375,9.84375,1572.8083229623735,unknown,True,0.0,True,,False,,15316.44140625,True,uncalibrated_dynamic,True,0.0,0.0,full_gpu,0.0,,risk_evidence_insufficient,0.0,uncalibrated_dynamic,116.11719895154238,,,,hybrid-session-020-turn-2,9.84375,0.0,9.84375,0.0,0.0,/DATACENTER3/zhenxiang.wang/work/TailGuardKV/.worktrees/baseline-smoke-final-aggregation/out/full_25session_baseline_9_14/full/policy_attempts/full40_20260916_h2o_static_safe/seed20260906,True,point_prediction_rejected,hybrid-session-020,qa,116.9417870696634,2,risk_evidence_insufficient
full_gpu,13.0,0.1,False,True,online_qwen,True,1.0,/DATACENTER3/zhenxiang.wang/work/TailGuardKV/.worktrees/baseline-smoke-final-aggregation/out/full_25session_baseline_9_14/full/policy_attempts/full40_20260916_h2o_static_safe/seed20260906/config.yaml,,,,,0.1,True,,0.1,,19.578125,True,full_gpu,True,,balanced_two_gpu,1,persistent,28156.044902047142,29965,32454.465724062175,,exact fallback,30.0,20.8359375,10.9921875,10.9921875,10.9921875,1592.7425948902965,unknown,True,,True,,False,,15347.59375,True,uncalibrated_dynamic,True,0.0,0.0,full_gpu,0.0,,risk_evidence_insufficient,0.0,uncalibrated_dynamic,125.92675187624991,,,,hybrid-session-021-turn-2,10.9921875,0.0,10.9921875,0.0,0.0,/DATACENTER3/zhenxiang.wang/work/TailGuardKV/.worktrees/baseline-smoke-final-aggregation/out/full_25session_baseline_9_14/full/policy_attempts/full40_20260916_h2o_static_safe/seed20260906,True,point_prediction_rejected,hybrid-session-021,summary,126.78964505903423,2,risk_evidence_insufficient
full_gpu,13.0,0.1,False,True,online_qwen,True,1.0,/DATACENTER3/zhenxiang.wang/work/TailGuardKV/.worktrees/baseline-smoke-final-aggregation/out/full_25session_baseline_9_14/full/policy_attempts/full40_20260916_h2o_static_safe/seed20260906/config.yaml,,,,,0.1,True,,0.1,,9.84375,True,full_gpu,True,,balanced_two_gpu,1,persistent,28156.044902047142,29965,32454.465724062175,,exact fallback,30.0,21.0,10.0078125,10.0078125,10.0078125,1555.629120208323,unknown,True,,True,,False,,15312.74609375,True,uncalibrated_dynamic,True,0.0,0.0,full_gpu,0.0,,risk_evidence_insufficient,0.0,uncalibrated_dynamic,128.05022113025188,,,,hybrid-session-025-turn-2,10.0078125,0.0,10.0078125,0.0,0.0,/DATACENTER3/zhenxiang.wang/work/TailGuardKV/.worktrees/baseline-smoke-final-aggregation/out/full_25session_baseline_9_14/full/policy_attempts/full40_20260916_h2o_static_safe/seed20260906,True,point_prediction_rejected,hybrid-session-025,summary,128.8245990872383,2,risk_evidence_insufficient
full_gpu,13.0,0.1,False,True,online_qwen,True,1.0,/DATACENTER3/zhenxiang.wang/work/TailGuardKV/.worktrees/baseline-smoke-final-aggregation/out/full_25session_baseline_9_14/full/policy_attempts/full40_20260916_h2o_static_safe/seed20260906/config.yaml,,,,,0.1,True,,0.1,,10.9921875,True,full_gpu,True,,balanced_two_gpu,1,persistent,28156.044902047142,29965,32454.465724062175,,exact fallback,30.0,21.546875,11.5390625,11.5390625,11.5390625,1587.8529271576554,unknown,True,,True,,False,,15354.57080078125,True,uncalibrated_dynamic,True,0.0,0.0,full_gpu,0.0,,risk_evidence_insufficient,0.0,uncalibrated_dynamic,133.4066109266132,,,,hybrid-session-026-turn-2,11.5390625,0.0,11.5390625,0.0,0.0,/DATACENTER3/zhenxiang.wang/work/TailGuardKV/.worktrees/baseline-smoke-final-aggregation/out/full_25session_baseline_9_14/full/policy_attempts/full40_20260916_h2o_static_safe/seed20260906,True,point_prediction_rejected,hybrid-session-026,qa,134.20080509968102,2,risk_evidence_insufficient
full_gpu,13.0,0.1,False,True,online_qwen,True,1.0,/DATACENTER3/zhenxiang.wang/work/TailGuardKV/.worktrees/baseline-smoke-final-aggregation/out/full_25session_baseline_9_14/full/policy_attempts/full40_20260916_h2o_static_safe/seed20260906/config.yaml,,,,,0.1,True,,0.1,,10.0078125,True,full_gpu,True,,balanced_two_gpu,1,persistent,28156.044902047142,29965,32454.465724062175,,exact fallback,30.0,23.4609375,11.921875,11.921875,11.921875,1588.7023629620671,unknown,True,,True,,False,,15365.5322265625,True,uncalibrated_dynamic,True,0.0,0.0,full_gpu,0.0,,risk_evidence_insufficient,0.0,uncalibrated_dynamic,134.51946387067437,,,,hybrid-session-002-turn-3,11.921875,0.0,11.921875,0.0,0.0,/DATACENTER3/zhenxiang.wang/work/TailGuardKV/.worktrees/baseline-smoke-final-aggregation/out/full_25session_baseline_9_14/full/policy_attempts/full40_20260916_h2o_static_safe/seed20260906,True,point_prediction_rejected,hybrid-session-002,qa,135.36681304685771,3,risk_evidence_insufficient
full_gpu,13.0,0.1,False,True,online_qwen,True,1.0,/DATACENTER3/zhenxiang.wang/work/TailGuardKV/.worktrees/baseline-smoke-final-aggregation/out/full_25session_baseline_9_14/full/policy_attempts/full40_20260916_h2o_static_safe/seed20260906/config.yaml,,,,,0.1,True,,0.1,,11.5390625,True,full_gpu,True,,balanced_two_gpu,1,persistent,28156.044902047142,29965,32454.465724062175,,exact fallback,30.0,23.1328125,11.2109375,11.2109375,11.2109375,1564.4006568472832,unknown,True,,True,,False,,15348.28173828125,True,uncalibrated_dynamic,True,0.0,0.0,full_gpu,0.0,,risk_evidence_insufficient,0.0,uncalibrated_dynamic,121.89505598507822,,,,hybrid-session-003-turn-3,11.2109375,0.0,11.2109375,0.0,0.0,/DATACENTER3/zhenxiang.wang/work/TailGuardKV/.worktrees/baseline-smoke-final-aggregation/out/full_25session_baseline_9_14/full/policy_attempts/full40_20260916_h2o_static_safe/seed20260906,True,point_prediction_rejected,hybrid-session-003,summary,122.72165203467011,3,risk_evidence_insufficient
full_gpu,13.0,0.1,False,True,online_qwen,True,1.0,/DATACENTER3/zhenxiang.wang/work/TailGuardKV/.worktrees/baseline-smoke-final-aggregation/out/full_25session_baseline_9_14/full/policy_attempts/full40_20260916_h2o_static_safe/seed20260906/config.yaml,,,,,0.1,True,,0.1,,11.921875,True,full_gpu,True,,balanced_two_gpu,1,persistent,28156.044902047142,29965,32454.465724062175,,exact fallback,30.0,24.0625,12.8515625,12.8515625,12.8515625,1318.7921261414886,unknown,True,,True,,False,,15396.173828125,True,uncalibrated_dynamic,True,0.0,0.0,full_gpu,0.0,,risk_evidence_insufficient,0.0,uncalibrated_dynamic,146.00248890928924,,,,hybrid-session-004-turn-3,12.8515625,0.0,12.8515625,0.0,0.0,/DATACENTER3/zhenxiang.wang/work/TailGuardKV/.worktrees/baseline-smoke-final-aggregation/out/full_25session_baseline_9_14/full/policy_attempts/full40_20260916_h2o_static_safe/seed20260906,True,point_prediction_rejected,hybrid-session-004,qa,146.70306420885026,3,risk_evidence_insufficient
full_gpu,13.0,0.1,False,True,online_qwen,True,1.0,/DATACENTER3/zhenxiang.wang/work/TailGuardKV/.worktrees/baseline-smoke-final-aggregation/out/full_25session_baseline_9_14/full/policy_attempts/full40_20260916_h2o_static_safe/seed20260906/config.yaml,,,,,0.1,True,,0.1,,11.2109375,True,full_gpu,True,,balanced_two_gpu,1,persistent,28156.044902047142,29965,32454.465724062175,,exact fallback,30.0,24.5,11.6484375,11.6484375,11.6484375,1581.4942049328238,unknown,True,,True,,False,,15360.60595703125,True,uncalibrated_dynamic,True,0.0,0.0,full_gpu,0.0,,risk_evidence_insufficient,0.0,uncalibrated_dynamic,130.2542658522725,,,,hybrid-session-005-turn-3,11.6484375,0.0,11.6484375,0.0,0.0,/DATACENTER3/zhenxiang.wang/work/TailGuardKV/.worktrees/baseline-smoke-final-aggregation/out/full_25session_baseline_9_14/full/policy_attempts/full40_20260916_h2o_static_safe/seed20260906,True,point_prediction_rejected,hybrid-session-005,summary,131.05427497066557,3,risk_evidence_insufficient
full_gpu,13.0,0.1,False,True,online_qwen,True,1.0,/DATACENTER3/zhenxiang.wang/work/TailGuardKV/.worktrees/baseline-smoke-final-aggregation/out/full_25session_baseline_9_14/full/policy_attempts/full40_20260916_h2o_static_safe/seed20260906/config.yaml,,,,,0.1,True,,0.1,,12.8515625,True,full_gpu,True,,balanced_two_gpu,1,persistent,28156.044902047142,29965,32454.465724062175,,exact fallback,30.0,26.578125,14.9296875,14.9296875,14.9296875,1640.0786791928113,unknown,True,,True,,False,,15454.45947265625,True,uncalibrated_dynamic,True,0.0,0.0,full_gpu,0.0,,risk_evidence_insufficient,0.0,uncalibrated_dynamic,192.27092200890183,,,,hybrid-session-006-turn-3,14.9296875,0.0,14.9296875,0.0,0.0,/DATACENTER3/zhenxiang.wang/work/TailGuardKV/.worktrees/baseline-smoke-final-aggregation/out/full_25session_baseline_9_14/full/policy_attempts/full40_20260916_h2o_static_safe/seed20260906,True,point_prediction_rejected,hybrid-session-006,qa,193.13000002875924,3,risk_evidence_insufficient
full_gpu,13.0,0.1,False,True,online_qwen,True,1.0,/DATACENTER3/zhenxiang.wang/work/TailGuardKV/.worktrees/baseline-smoke-final-aggregation/out/full_25session_baseline_9_14/full/policy_attempts/full40_20260916_h2o_static_safe/seed20260906/config.yaml,,,,,0.1,True,,0.1,,11.6484375,True,full_gpu,True,,balanced_two_gpu,1,persistent,28156.044902047142,29965,32454.465724062175,,exact fallback,30.0,25.8671875,10.9375,10.9375,10.9375,1421.0966899991035,unknown,True,,True,,False,,15344.6953125,True,uncalibrated_dynamic,True,0.0,0.0,full_gpu,0.0,,risk_evidence_insufficient,0.0,uncalibrated_dynamic,130.81106101162732,,,,hybrid-session-009-turn-3,10.9375,0.0,10.9375,0.0,0.0,/DATACENTER3/zhenxiang.wang/work/TailGuardKV/.worktrees/baseline-smoke-final-aggregation/out/full_25session_baseline_9_14/full/policy_attempts/full40_20260916_h2o_static_safe/seed20260906,True,point_prediction_rejected,hybrid-session-009,summary,131.62324391305447,3,risk_evidence_insufficient
full_gpu,13.0,0.1,False,True,online_qwen,True,1.0,/DATACENTER3/zhenxiang.wang/work/TailGuardKV/.worktrees/baseline-smoke-final-aggregation/out/full_25session_baseline_9_14/full/policy_attempts/full40_20260916_h2o_static_safe/seed20260906/config.yaml,,,,,0.1,True,,0.1,,14.9296875,True,full_gpu,True,,balanced_two_gpu,1,persistent,28156.044902047142,29965,32454.465724062175,,exact fallback,30.0,22.9140625,11.9765625,11.9765625,11.9765625,1290.0521710980684,unknown,True,,True,,False,,15371.701171875,True,uncalibrated_dynamic,True,0.0,0.0,full_gpu,0.0,,risk_evidence_insufficient,0.0,uncalibrated_dynamic,135.72654291056097,,,,hybrid-session-010-turn-3,11.9765625,0.0,11.9765625,0.0,0.0,/DATACENTER3/zhenxiang.wang/work/TailGuardKV/.worktrees/baseline-smoke-final-aggregation/out/full_25session_baseline_9_14/full/policy_attempts/full40_20260916_h2o_static_safe/seed20260906,True,point_prediction_rejected,hybrid-session-010,qa,136.47958310320973,3,risk_evidence_insufficient
full_gpu,13.0,0.1,False,True,online_qwen,True,1.0,/DATACENTER3/zhenxiang.wang/work/TailGuardKV/.worktrees/baseline-smoke-final-aggregation/out/full_25session_baseline_9_14/full/policy_attempts/full40_20260916_h2o_static_safe/seed20260906/config.yaml,,,,,0.1,True,,0.1,,10.9375,True,full_gpu,True,,balanced_two_gpu,1,persistent,28156.044902047142,29965,32454.465724062175,,exact fallback,30.0,23.296875,11.3203125,11.3203125,11.3203125,1575.9408371523023,unknown,True,,True,,False,,15351.4169921875,True,uncalibrated_dynamic,True,0.0,0.0,full_gpu,0.0,,risk_evidence_insufficient,0.0,uncalibrated_dynamic,127.05377512611449,,,,hybrid-session-013-turn-3,11.3203125,0.0,11.3203125,0.0,0.0,/DATACENTER3/zhenxiang.wang/work/TailGuardKV/.worktrees/baseline-smoke-final-aggregation/out/full_25session_baseline_9_14/full/policy_attempts/full40_20260916_h2o_static_safe/seed20260906,True,point_prediction_rejected,hybrid-session-013,summary,127.90068611502647,3,risk_evidence_insufficient
full_gpu,13.0,0.1,False,True,online_qwen,True,1.0,/DATACENTER3/zhenxiang.wang/work/TailGuardKV/.worktrees/baseline-smoke-final-aggregation/out/full_25session_baseline_9_14/full/policy_attempts/full40_20260916_h2o_static_safe/seed20260906/config.yaml,,,,,0.1,True,,0.1,,11.9765625,True,full_gpu,True,,balanced_two_gpu,1,persistent,28156.044902047142,29965,32454.465724062175,,exact fallback,30.0,23.84375,12.5234375,12.5234375,12.5234375,1258.6460609454662,unknown,True,,True,,False,,15383.35009765625,True,uncalibrated_dynamic,True,0.0,0.0,full_gpu,0.0,,risk_evidence_insufficient,0.0,uncalibrated_dynamic,145.01165389083326,,,,hybrid-session-016-turn-3,12.5234375,0.0,12.5234375,0.0,0.0,/DATACENTER3/zhenxiang.wang/work/TailGuardKV/.worktrees/baseline-smoke-final-aggregation/out/full_25session_baseline_9_14/full/policy_attempts/full40_20260916_h2o_static_safe/seed20260906,True,point_prediction_rejected,hybrid-session-016,qa,145.78182389959693,3,risk_evidence_insufficient
full_gpu,13.0,0.1,False,True,online_qwen,True,1.0,/DATACENTER3/zhenxiang.wang/work/TailGuardKV/.worktrees/baseline-smoke-final-aggregation/out/full_25session_baseline_9_14/full/policy_attempts/full40_20260916_h2o_static_safe/seed20260906/config.yaml,,,,,0.1,True,,0.1,,11.3203125,True,full_gpu,True,,balanced_two_gpu,1,persistent,28156.044902047142,29965,32454.465724062175,,exact fallback,30.0,24.5546875,12.03125,12.03125,12.03125,1591.6433979291469,unknown,True,,True,,False,,15370.89306640625,True,uncalibrated_dynamic,True,0.0,0.0,full_gpu,0.0,,risk_evidence_insufficient,0.0,uncalibrated_dynamic,136.16372388787568,,,,hybrid-session-020-turn-3,12.03125,0.0,12.03125,0.0,0.0,/DATACENTER3/zhenxiang.wang/work/TailGuardKV/.worktrees/baseline-smoke-final-aggregation/out/full_25session_baseline_9_14/full/policy_attempts/full40_20260916_h2o_static_safe/seed20260906,True,point_prediction_rejected,hybrid-session-020,qa,136.99820800684392,3,risk_evidence_insufficient
full_gpu,13.0,0.1,False,True,online_qwen,True,1.0,/DATACENTER3/zhenxiang.wang/work/TailGuardKV/.worktrees/baseline-smoke-final-aggregation/out/full_25session_baseline_9_14/full/policy_attempts/full40_20260916_h2o_static_safe/seed20260906/config.yaml,,,,,0.1,True,,0.1,,12.5234375,True,full_gpu,True,,balanced_two_gpu,1,persistent,28156.044902047142,29965,32454.465724062175,,exact fallback,30.0,25.2109375,13.1796875,13.1796875,13.1796875,1273.252297891304,unknown,True,,True,,False,,15407.92431640625,True,uncalibrated_dynamic,True,0.0,0.0,full_gpu,0.0,,risk_evidence_insufficient,0.0,uncalibrated_dynamic,147.5667420309037,,,,hybrid-session-021-turn-3,13.1796875,0.0,13.1796875,0.0,0.0,/DATACENTER3/zhenxiang.wang/work/TailGuardKV/.worktrees/baseline-smoke-final-aggregation/out/full_25session_baseline_9_14/full/policy_attempts/full40_20260916_h2o_static_safe/seed20260906,True,point_prediction_rejected,hybrid-session-021,summary,148.3491468243301,3,risk_evidence_insufficient
full_gpu,13.0,0.1,False,True,online_qwen,True,1.0,/DATACENTER3/zhenxiang.wang/work/TailGuardKV/.worktrees/baseline-smoke-final-aggregation/out/full_25session_baseline_9_14/full/policy_attempts/full40_20260916_h2o_static_safe/seed20260906/config.yaml,,,,,0.1,True,,0.1,,12.03125,True,full_gpu,True,,balanced_two_gpu,1,persistent,28156.044902047142,29965,32454.465724062175,,exact fallback,30.0,25.703125,12.5234375,12.5234375,12.5234375,1498.532395111397,unknown,True,,True,,False,,15385.26416015625,True,uncalibrated_dynamic,True,0.0,0.0,full_gpu,0.0,,risk_evidence_insufficient,0.0,uncalibrated_dynamic,144.43955197930336,,,,hybrid-session-025-turn-3,12.5234375,0.0,12.5234375,0.0,0.0,/DATACENTER3/zhenxiang.wang/work/TailGuardKV/.worktrees/baseline-smoke-final-aggregation/out/full_25session_baseline_9_14/full/policy_attempts/full40_20260916_h2o_static_safe/seed20260906,True,point_prediction_rejected,hybrid-session-025,summary,145.3217810485512,3,risk_evidence_insufficient
full_gpu,13.0,0.1,False,True,online_qwen,True,1.0,/DATACENTER3/zhenxiang.wang/work/TailGuardKV/.worktrees/baseline-smoke-final-aggregation/out/full_25session_baseline_9_14/full/policy_attempts/full40_20260916_h2o_static_safe/seed20260906/config.yaml,,,,,0.1,True,,0.1,,13.1796875,True,full_gpu,True,,balanced_two_gpu,1,persistent,28156.044902047142,29965,32454.465724062175,,exact fallback,30.0,26.6328125,14.109375,14.109375,14.109375,1458.9493328239769,unknown,True,,True,,False,,15432.40380859375,True,uncalibrated_dynamic,True,0.0,0.0,full_gpu,0.0,,risk_evidence_insufficient,0.0,uncalibrated_dynamic,149.58302513696253,,,,hybrid-session-026-turn-3,14.109375,0.0,14.109375,0.0,0.0,/DATACENTER3/zhenxiang.wang/work/TailGuardKV/.worktrees/baseline-smoke-final-aggregation/out/full_25session_baseline_9_14/full/policy_attempts/full40_20260916_h2o_static_safe/seed20260906,True,point_prediction_rejected,hybrid-session-026,qa,150.47450899146497,3,risk_evidence_insufficient
full_gpu,13.0,0.1,False,True,online_qwen,True,1.0,/DATACENTER3/zhenxiang.wang/work/TailGuardKV/.worktrees/baseline-smoke-final-aggregation/out/full_25session_baseline_9_14/full/policy_attempts/full40_20260916_h2o_static_safe/seed20260906/config.yaml,,,,,0.1,True,,0.1,,12.5234375,True,full_gpu,True,,balanced_two_gpu,1,persistent,28156.044902047142,29965,32454.465724062175,,exact fallback,30.0,27.890625,13.78125,13.78125,13.78125,1597.2546220291406,unknown,True,,True,,False,,15425.3466796875,True,uncalibrated_dynamic,True,0.0,0.0,full_gpu,0.0,,risk_evidence_insufficient,0.0,uncalibrated_dynamic,152.44779409840703,,,,hybrid-session-002-turn-4,13.78125,0.0,13.78125,0.0,0.0,/DATACENTER3/zhenxiang.wang/work/TailGuardKV/.worktrees/baseline-smoke-final-aggregation/out/full_25session_baseline_9_14/full/policy_attempts/full40_20260916_h2o_static_safe/seed20260906,True,point_prediction_rejected,hybrid-session-002,qa,153.23358913883567,4,risk_evidence_insufficient
full_gpu,13.0,0.1,False,True,online_qwen,True,1.0,/DATACENTER3/zhenxiang.wang/work/TailGuardKV/.worktrees/baseline-smoke-final-aggregation/out/full_25session_baseline_9_14/full/policy_attempts/full40_20260916_h2o_static_safe/seed20260906/config.yaml,,,,,0.1,True,,0.1,,14.109375,True,full_gpu,True,,balanced_two_gpu,1,persistent,28156.044902047142,29965,32454.465724062175,,exact fallback,30.0,26.7421875,12.9609375,12.9609375,12.9609375,1585.2852540556341,unknown,True,,True,,False,,15402.984375,True,uncalibrated_dynamic,True,0.0,0.0,full_gpu,0.0,,risk_evidence_insufficient,0.0,uncalibrated_dynamic,139.08882904797792,,,,hybrid-session-003-turn-4,12.9609375,0.0,12.9609375,0.0,0.0,/DATACENTER3/zhenxiang.wang/work/TailGuardKV/.worktrees/baseline-smoke-final-aggregation/out/full_25session_baseline_9_14/full/policy_attempts/full40_20260916_h2o_static_safe/seed20260906,True,point_prediction_rejected,hybrid-session-003,summary,139.9315360467881,4,risk_evidence_insufficient
full_gpu,13.0,0.1,False,True,online_qwen,True,1.0,/DATACENTER3/zhenxiang.wang/work/TailGuardKV/.worktrees/baseline-smoke-final-aggregation/out/full_25session_baseline_9_14/full/policy_attempts/full40_20260916_h2o_static_safe/seed20260906/config.yaml,,,,,0.1,True,,0.1,,13.78125,True,full_gpu,True,,balanced_two_gpu,1,persistent,28156.044902047142,29965,32454.465724062175,,exact fallback,30.0,27.5078125,14.546875,14.546875,14.546875,1602.2432339377701,unknown,True,,True,,False,,15446.28466796875,True,uncalibrated_dynamic,True,0.0,0.0,full_gpu,0.0,,risk_evidence_insufficient,0.0,uncalibrated_dynamic,154.36444710940123,,,,hybrid-session-004-turn-4,14.546875,0.0,14.546875,0.0,0.0,/DATACENTER3/zhenxiang.wang/work/TailGuardKV/.worktrees/baseline-smoke-final-aggregation/out/full_25session_baseline_9_14/full/policy_attempts/full40_20260916_h2o_static_safe/seed20260906,True,point_prediction_rejected,hybrid-session-004,qa,155.1552740857005,4,risk_evidence_insufficient
full_gpu,13.0,0.1,False,True,online_qwen,True,1.0,/DATACENTER3/zhenxiang.wang/work/TailGuardKV/.worktrees/baseline-smoke-final-aggregation/out/full_25session_baseline_9_14/full/policy_attempts/full40_20260916_h2o_static_safe/seed20260906/config.yaml,,,,,0.1,True,,0.1,,12.9609375,True,full_gpu,True,,balanced_two_gpu,1,persistent,28156.044902047142,29965,32454.465724062175,,exact fallback,30.0,27.8359375,13.2890625,13.2890625,13.2890625,1348.884955048561,unknown,True,,True,,False,,15410.875,True,uncalibrated_dynamic,True,0.0,0.0,full_gpu,0.0,,risk_evidence_insufficient,0.0,uncalibrated_dynamic,149.7170738875866,,,,hybrid-session-005-turn-4,13.2890625,0.0,13.2890625,0.0,0.0,/DATACENTER3/zhenxiang.wang/work/TailGuardKV/.worktrees/baseline-smoke-final-aggregation/out/full_25session_baseline_9_14/full/policy_attempts/full40_20260916_h2o_static_safe/seed20260906,True,point_prediction_rejected,hybrid-session-005,summary,150.53164400160313,4,risk_evidence_insufficient
full_gpu,13.0,0.1,False,True,online_qwen,True,1.0,/DATACENTER3/zhenxiang.wang/work/TailGuardKV/.worktrees/baseline-smoke-final-aggregation/out/full_25session_baseline_9_14/full/policy_attempts/full40_20260916_h2o_static_safe/seed20260906/config.yaml,,,,,0.1,True,,0.1,,14.546875,True,full_gpu,True,,balanced_two_gpu,1,persistent,28156.044902047142,29965,32454.465724062175,,exact fallback,30.0,29.9140625,16.625,16.625,16.625,1316.9624940492213,unknown,True,,True,,False,,15504.6669921875,True,uncalibrated_dynamic,True,0.0,0.0,full_gpu,0.0,,risk_evidence_insufficient,0.0,uncalibrated_dynamic,194.7104891296476,,,,hybrid-session-006-turn-4,16.625,0.0,16.625,0.0,0.0,/DATACENTER3/zhenxiang.wang/work/TailGuardKV/.worktrees/baseline-smoke-final-aggregation/out/full_25session_baseline_9_14/full/policy_attempts/full40_20260916_h2o_static_safe/seed20260906,True,point_prediction_rejected,hybrid-session-006,qa,195.47280599363148,4,risk_evidence_insufficient
full_gpu,13.0,0.1,True,True,online_qwen,True,1.0,/DATACENTER3/zhenxiang.wang/work/TailGuardKV/.worktrees/baseline-smoke-final-aggregation/out/full_25session_baseline_9_14/full/policy_attempts/full40_20260916_h2o_static_safe/seed20260906/config.yaml,,,,,0.1,True,,0.1,,13.2890625,True,full_gpu,True,,balanced_two_gpu,1,persistent,28156.044902047142,29965,32454.465724062175,,exact fallback,30.0,29.421875,12.796875,12.796875,12.796875,1596.6154360212386,unknown,True,0.0,True,,False,,15401.900390625,True,uncalibrated_dynamic,True,0.0,0.0,full_gpu,0.0,,risk_evidence_insufficient,0.0,uncalibrated_dynamic,145.01914009451866,,,,hybrid-session-009-turn-4,12.796875,0.0,12.796875,0.0,0.0,/DATACENTER3/zhenxiang.wang/work/TailGuardKV/.worktrees/baseline-smoke-final-aggregation/out/full_25session_baseline_9_14/full/policy_attempts/full40_20260916_h2o_static_safe/seed20260906,True,point_prediction_rejected,hybrid-session-009,summary,145.71228018030524,4,risk_evidence_insufficient
full_gpu,13.0,0.1,False,True,online_qwen,True,1.0,/DATACENTER3/zhenxiang.wang/work/TailGuardKV/.worktrees/baseline-smoke-final-aggregation/out/full_25session_baseline_9_14/full/policy_attempts/full40_20260916_h2o_static_safe/seed20260906/config.yaml,,,,,0.1,True,,0.1,,16.625,True,full_gpu,True,,balanced_two_gpu,1,persistent,28156.044902047142,29965,32454.465724062175,,exact fallback,30.0,26.8515625,14.0546875,14.0546875,14.0546875,1597.4794409703463,unknown,True,,True,,False,,15434.61767578125,True,uncalibrated_dynamic,True,0.0,0.0,full_gpu,0.0,,risk_evidence_insufficient,0.0,uncalibrated_dynamic,150.78588295727968,,,,hybrid-session-010-turn-4,14.0546875,0.0,14.0546875,0.0,0.0,/DATACENTER3/zhenxiang.wang/work/TailGuardKV/.worktrees/baseline-smoke-final-aggregation/out/full_25session_baseline_9_14/full/policy_attempts/full40_20260916_h2o_static_safe/seed20260906,True,point_prediction_rejected,hybrid-session-010,qa,151.4652690384537,4,risk_evidence_insufficient
full_gpu,13.0,0.1,True,True,online_qwen,True,1.0,/DATACENTER3/zhenxiang.wang/work/TailGuardKV/.worktrees/baseline-smoke-final-aggregation/out/full_25session_baseline_9_14/full/policy_attempts/full40_20260916_h2o_static_safe/seed20260906/config.yaml,,,,,0.1,True,,0.1,,12.796875,True,full_gpu,True,,balanced_two_gpu,1,persistent,28156.044902047142,29965,32454.465724062175,,exact fallback,30.0,27.2890625,13.234375,13.234375,13.234375,1616.4386570453644,unknown,True,0.0,True,,False,,15410.27587890625,True,uncalibrated_dynamic,True,0.0,0.0,full_gpu,0.0,,risk_evidence_insufficient,0.0,uncalibrated_dynamic,138.44859111122787,,,,hybrid-session-013-turn-4,13.234375,0.0,13.234375,0.0,0.0,/DATACENTER3/zhenxiang.wang/work/TailGuardKV/.worktrees/baseline-smoke-final-aggregation/out/full_25session_baseline_9_14/full/policy_attempts/full40_20260916_h2o_static_safe/seed20260906,True,point_prediction_rejected,hybrid-session-013,summary,139.27831104956567,4,risk_evidence_insufficient
full_gpu,13.0,0.1,False,True,online_qwen,True,1.0,/DATACENTER3/zhenxiang.wang/work/TailGuardKV/.worktrees/baseline-smoke-final-aggregation/out/full_25session_baseline_9_14/full/policy_attempts/full40_20260916_h2o_static_safe/seed20260906/config.yaml,,,,,0.1,True,,0.1,,14.0546875,True,full_gpu,True,,balanced_two_gpu,1,persistent,28156.044902047142,29965,32454.465724062175,,exact fallback,30.0,27.8359375,14.6015625,14.6015625,14.6015625,1593.0808240082115,unknown,True,,True,,False,,15447.76611328125,True,uncalibrated_dynamic,True,0.0,0.0,full_gpu,0.0,,risk_evidence_insufficient,0.0,uncalibrated_dynamic,150.71874181739986,,,,hybrid-session-016-turn-4,14.6015625,0.0,14.6015625,0.0,0.0,/DATACENTER3/zhenxiang.wang/work/TailGuardKV/.worktrees/baseline-smoke-final-aggregation/out/full_25session_baseline_9_14/full/policy_attempts/full40_20260916_h2o_static_safe/seed20260906,True,point_prediction_rejected,hybrid-session-016,qa,151.5860091894865,4,risk_evidence_insufficient
full_gpu,13.0,0.1,False,True,online_qwen,True,1.0,/DATACENTER3/zhenxiang.wang/work/TailGuardKV/.worktrees/baseline-smoke-final-aggregation/out/full_25session_baseline_9_14/full/policy_attempts/full40_20260916_h2o_static_safe/seed20260906/config.yaml,,,,,0.1,True,,0.1,,13.234375,True,full_gpu,True,,balanced_two_gpu,1,persistent,28156.044902047142,29965,32454.465724062175,,exact fallback,30.0,28.546875,13.9453125,13.9453125,13.9453125,1586.7765489965677,unknown,True,,True,,False,,15431.974609375,True,uncalibrated_dynamic,True,0.0,0.0,full_gpu,0.0,,risk_evidence_insufficient,0.0,uncalibrated_dynamic,142.33717788010836,,,,hybrid-session-020-turn-4,13.9453125,0.0,13.9453125,0.0,0.0,/DATACENTER3/zhenxiang.wang/work/TailGuardKV/.worktrees/baseline-smoke-final-aggregation/out/full_25session_baseline_9_14/full/policy_attempts/full40_20260916_h2o_static_safe/seed20260906,True,point_prediction_rejected,hybrid-session-020,qa,143.14405107870698,4,risk_evidence_insufficient
full_gpu,13.0,0.1,False,True,online_qwen,True,1.0,/DATACENTER3/zhenxiang.wang/work/TailGuardKV/.worktrees/baseline-smoke-final-aggregation/out/full_25session_baseline_9_14/full/policy_attempts/full40_20260916_h2o_static_safe/seed20260906/config.yaml,,,,,0.1,True,,0.1,,14.6015625,True,full_gpu,True,,balanced_two_gpu,1,persistent,28156.044902047142,29965,32454.465724062175,,exact fallback,30.0,29.0390625,15.09375,15.09375,15.09375,1634.8918119911104,unknown,True,,True,,False,,15463.8408203125,True,uncalibrated_dynamic,True,0.0,0.0,full_gpu,0.0,,risk_evidence_insufficient,0.0,uncalibrated_dynamic,194.80540114454925,,,,hybrid-session-021-turn-4,15.09375,0.0,15.09375,0.0,0.0,/DATACENTER3/zhenxiang.wang/work/TailGuardKV/.worktrees/baseline-smoke-final-aggregation/out/full_25session_baseline_9_14/full/policy_attempts/full40_20260916_h2o_static_safe/seed20260906,True,point_prediction_rejected,hybrid-session-021,summary,195.5642409157008,4,risk_evidence_insufficient
full_gpu,13.0,0.1,False,True,online_qwen,True,1.0,/DATACENTER3/zhenxiang.wang/work/TailGuardKV/.worktrees/baseline-smoke-final-aggregation/out/full_25session_baseline_9_14/full/policy_attempts/full40_20260916_h2o_static_safe/seed20260906/config.yaml,,,,,0.1,True,,0.1,,13.9453125,True,full_gpu,True,,balanced_two_gpu,1,persistent,28156.044902047142,29965,32454.465724062175,,exact fallback,30.0,29.9140625,14.8203125,14.8203125,14.8203125,1596.658794907853,unknown,True,,True,,False,,15455.30810546875,True,uncalibrated_dynamic,True,0.0,0.0,full_gpu,0.0,,risk_evidence_insufficient,0.0,uncalibrated_dynamic,153.0555619392544,,,,hybrid-session-025-turn-4,14.8203125,0.0,14.8203125,0.0,0.0,/DATACENTER3/zhenxiang.wang/work/TailGuardKV/.worktrees/baseline-smoke-final-aggregation/out/full_25session_baseline_9_14/full/policy_attempts/full40_20260916_h2o_static_safe/seed20260906,True,point_prediction_rejected,hybrid-session-025,summary,154.07125186175108,4,risk_evidence_insufficient
full_gpu,13.0,0.1,False,True,online_qwen,True,1.0,/DATACENTER3/zhenxiang.wang/work/TailGuardKV/.worktrees/baseline-smoke-final-aggregation/out/full_25session_baseline_9_14/full/policy_attempts/full40_20260916_h2o_static_safe/seed20260906/config.yaml,,,,,0.1,True,,0.1,,29.9140625,True,full_gpu,True,,balanced_two_gpu,1,persistent,28156.044902047142,29965,32454.465724062175,,exact fallback,30.0,16.0234375,16.0234375,16.0234375,16.0234375,1641.5079250000417,unknown,True,,True,,False,,15490.7724609375,True,uncalibrated_dynamic,True,0.0,0.0,full_gpu,0.0,,risk_evidence_insufficient,0.0,uncalibrated_dynamic,195.86875499226153,,,,hybrid-session-026-turn-4,16.0234375,0.0,16.0234375,0.0,0.0,/DATACENTER3/zhenxiang.wang/work/TailGuardKV/.worktrees/baseline-smoke-final-aggregation/out/full_25session_baseline_9_14/full/policy_attempts/full40_20260916_h2o_static_safe/seed20260906,True,point_prediction_rejected,hybrid-session-026,qa,196.6580688022077,4,risk_evidence_insufficient
