action_profile,active_session_count,audit_rate,audit_selected,backend_budget_hit,backend_name,budget_hit,candidate_safe_count,config,controller_cg_ms,controller_overhead_ms,controller_qrp_ms,controller_stc_ms,delta,diagnostic_only,drift_state,epsilon,error,evicted_kv_mib,exact,extra_warm_profile,extra_warm_profile_success,extra_worker_cuda_visible_devices,extra_worker_device_strategy,extra_worker_generation,extra_worker_mode,extra_worker_model_load_ms,extra_worker_pid,extra_worker_startup_ms,fallback_reason,global_budget_mib,global_resident_kv_mib,kv_cache_memory_mib,kv_cumulative_mib,kv_incremental_mib,latency_ms,length_bucket,measured,observed_quality_loss,ok,optimality_gap,oracle,oracle_cost_ms,peak_memory_mib,placeholder,policy,policy_budget_filtered,pred_loss,predicted_quality_loss,primary_profile,quality_estimate,quality_loss,quality_status,queue_delay_ms,reason,recompute_ms,rejected_pred_loss,rejected_profile,rejected_risk_upper,request_id,resident_kv_mib_after,resident_kv_mib_before,resident_memory_mib,restore_ms,risk_upper,run_dir,safe,safety_reason,session_id,task,ttft_ms,turn_index,violation_status,split_seed
full_gpu,2.0,0.1,False,False,online_qwen,False,,/DATACENTER3/zhenxiang.wang/work/TailGuardKV/.worktrees/baseline-smoke-final-aggregation/out/full_25session_baseline_9_14/full/policy_attempts/full40_20260916_h2o_static_safe/seed20260906/config.yaml,,,,,,True,,,,0,True,full_gpu,True,,balanced_two_gpu,1,persistent,28709.54282092862,9620,32516.393386991695,,80.0,3.5546875,1.4765625,1.4765625,1.4765625,1550.9940348565578,unknown,True,,True,,False,,15055.19384765625,False,full_lru,False,,,full_gpu,,,risk_evidence_insufficient,0.0,full precision exact profile,0.0,,,,hybrid-session-003-turn-0,1.4765625,0.0,1.4765625,0.0,,/DATACENTER3/zhenxiang.wang/work/TailGuardKV/.worktrees/baseline-smoke-final-aggregation/out/full_25session_baseline_9_14/full/policy_attempts/full40_20260916_h2o_static_safe/seed20260906,,,hybrid-session-003,chat,107.99488588236272,0,risk_evidence_insufficient,20260906
full_gpu,3.0,0.1,False,False,online_qwen,False,,/DATACENTER3/zhenxiang.wang/work/TailGuardKV/.worktrees/baseline-smoke-final-aggregation/out/full_25session_baseline_9_14/full/policy_attempts/full40_20260916_h2o_static_safe/seed20260906/config.yaml,,,,,,True,,,,0,True,full_gpu,True,,balanced_two_gpu,1,persistent,28709.54282092862,9620,32516.393386991695,,80.0,5.3046875,1.75,1.75,1.75,1513.6478301137686,unknown,True,,True,,False,,15063.70947265625,False,full_lru,False,,,full_gpu,,,risk_evidence_insufficient,0.0,full precision exact profile,0.0,,,,hybrid-session-004-turn-0,1.75,0.0,1.75,0.0,,/DATACENTER3/zhenxiang.wang/work/TailGuardKV/.worktrees/baseline-smoke-final-aggregation/out/full_25session_baseline_9_14/full/policy_attempts/full40_20260916_h2o_static_safe/seed20260906,,,hybrid-session-004,chat,112.33709310181439,0,risk_evidence_insufficient,20260906
full_gpu,4.0,0.1,False,False,online_qwen,False,,/DATACENTER3/zhenxiang.wang/work/TailGuardKV/.worktrees/baseline-smoke-final-aggregation/out/full_25session_baseline_9_14/full/policy_attempts/full40_20260916_h2o_static_safe/seed20260906/config.yaml,,,,,,True,,,,0,True,full_gpu,True,,balanced_two_gpu,1,persistent,28709.54282092862,9620,32516.393386991695,,80.0,7.21875,1.9140625,1.9140625,1.9140625,1505.7258689776063,unknown,True,,True,,False,,15070.26806640625,False,full_lru,False,,,full_gpu,,,risk_evidence_insufficient,0.0,full precision exact profile,0.0,,,,hybrid-session-005-turn-0,1.9140625,0.0,1.9140625,0.0,,/DATACENTER3/zhenxiang.wang/work/TailGuardKV/.worktrees/baseline-smoke-final-aggregation/out/full_25session_baseline_9_14/full/policy_attempts/full40_20260916_h2o_static_safe/seed20260906,,,hybrid-session-005,chat,99.675650941208,0,risk_evidence_insufficient,20260906
full_gpu,5.0,0.1,False,False,online_qwen,False,,/DATACENTER3/zhenxiang.wang/work/TailGuardKV/.worktrees/baseline-smoke-final-aggregation/out/full_25session_baseline_9_14/full/policy_attempts/full40_20260916_h2o_static_safe/seed20260906/config.yaml,,,,,,True,,,,0,True,full_gpu,True,,balanced_two_gpu,1,persistent,28709.54282092862,9620,32516.393386991695,,80.0,9.84375,2.625,2.625,2.625,1535.4246038477868,unknown,True,,True,,False,,15093.27587890625,False,full_lru,False,,,full_gpu,,,risk_evidence_insufficient,0.0,full precision exact profile,0.0,,,,hybrid-session-006-turn-0,2.625,0.0,2.625,0.0,,/DATACENTER3/zhenxiang.wang/work/TailGuardKV/.worktrees/baseline-smoke-final-aggregation/out/full_25session_baseline_9_14/full/policy_attempts/full40_20260916_h2o_static_safe/seed20260906,,,hybrid-session-006,chat,101.60449589602649,0,risk_evidence_insufficient,20260906
full_gpu,6.0,0.1,False,False,online_qwen,False,,/DATACENTER3/zhenxiang.wang/work/TailGuardKV/.worktrees/baseline-smoke-final-aggregation/out/full_25session_baseline_9_14/full/policy_attempts/full40_20260916_h2o_static_safe/seed20260906/config.yaml,,,,,,True,,,,0,True,full_gpu,True,,balanced_two_gpu,1,persistent,28709.54282092862,9620,32516.393386991695,,80.0,11.5390625,1.6953125,1.6953125,1.6953125,1565.2892980724573,unknown,True,,True,,False,,15068.48681640625,False,full_lru,False,,,full_gpu,,,risk_evidence_insufficient,0.0,full precision exact profile,0.0,,,,hybrid-session-009-turn-0,1.6953125,0.0,1.6953125,0.0,,/DATACENTER3/zhenxiang.wang/work/TailGuardKV/.worktrees/baseline-smoke-final-aggregation/out/full_25session_baseline_9_14/full/policy_attempts/full40_20260916_h2o_static_safe/seed20260906,,,hybrid-session-009,chat,110.95532705076039,0,risk_evidence_insufficient,20260906
full_gpu,7.0,0.1,False,False,online_qwen,False,,/DATACENTER3/zhenxiang.wang/work/TailGuardKV/.worktrees/baseline-smoke-final-aggregation/out/full_25session_baseline_9_14/full/policy_attempts/full40_20260916_h2o_static_safe/seed20260906/config.yaml,,,,,,True,,,,0,True,full_gpu,True,,balanced_two_gpu,1,persistent,28709.54282092862,9620,32516.393386991695,,80.0,13.0703125,1.53125,1.53125,1.53125,1547.7673849090934,unknown,True,,True,,False,,15065.87646484375,False,full_lru,False,,,full_gpu,,,risk_evidence_insufficient,0.0,full precision exact profile,0.0,,,,hybrid-session-010-turn-0,1.53125,0.0,1.53125,0.0,,/DATACENTER3/zhenxiang.wang/work/TailGuardKV/.worktrees/baseline-smoke-final-aggregation/out/full_25session_baseline_9_14/full/policy_attempts/full40_20260916_h2o_static_safe/seed20260906,,,hybrid-session-010,chat,88.88891292735934,0,risk_evidence_insufficient,20260906
full_gpu,8.0,0.1,False,False,online_qwen,False,,/DATACENTER3/zhenxiang.wang/work/TailGuardKV/.worktrees/baseline-smoke-final-aggregation/out/full_25session_baseline_9_14/full/policy_attempts/full40_20260916_h2o_static_safe/seed20260906/config.yaml,,,,,,True,,,,0,True,full_gpu,True,,balanced_two_gpu,1,persistent,28709.54282092862,9620,32516.393386991695,,80.0,14.875,1.8046875,1.8046875,1.8046875,1260.7496581040323,unknown,True,,True,,False,,15074.73681640625,False,full_lru,False,,,full_gpu,,,risk_evidence_insufficient,0.0,full precision exact profile,0.0,,,,hybrid-session-013-turn-0,1.8046875,0.0,1.8046875,0.0,,/DATACENTER3/zhenxiang.wang/work/TailGuardKV/.worktrees/baseline-smoke-final-aggregation/out/full_25session_baseline_9_14/full/policy_attempts/full40_20260916_h2o_static_safe/seed20260906,,,hybrid-session-013,chat,99.49367097578943,0,risk_evidence_insufficient,20260906
full_gpu,9.0,0.1,False,False,online_qwen,False,,/DATACENTER3/zhenxiang.wang/work/TailGuardKV/.worktrees/baseline-smoke-final-aggregation/out/full_25session_baseline_9_14/full/policy_attempts/full40_20260916_h2o_static_safe/seed20260906/config.yaml,,,,,,True,,,,0,True,full_gpu,True,,balanced_two_gpu,1,persistent,28709.54282092862,9620,32516.393386991695,,80.0,17.5,2.625,2.625,2.625,1297.51465190202,unknown,True,,True,,False,,15100.93212890625,False,full_lru,False,,,full_gpu,,,risk_evidence_insufficient,0.0,full precision exact profile,0.0,,,,hybrid-session-016-turn-0,2.625,0.0,2.625,0.0,,/DATACENTER3/zhenxiang.wang/work/TailGuardKV/.worktrees/baseline-smoke-final-aggregation/out/full_25session_baseline_9_14/full/policy_attempts/full40_20260916_h2o_static_safe/seed20260906,,,hybrid-session-016,chat,107.10101504810154,0,risk_evidence_insufficient,20260906
full_gpu,10.0,0.1,False,False,online_qwen,False,,/DATACENTER3/zhenxiang.wang/work/TailGuardKV/.worktrees/baseline-smoke-final-aggregation/out/full_25session_baseline_9_14/full/policy_attempts/full40_20260916_h2o_static_safe/seed20260906/config.yaml,,,,,,True,,,,0,True,full_gpu,True,,balanced_two_gpu,1,persistent,28709.54282092862,9620,32516.393386991695,,80.0,19.90625,2.40625,2.40625,2.40625,1545.2148928306997,unknown,True,,True,,False,,15095.79541015625,False,full_lru,False,,,full_gpu,,,risk_evidence_insufficient,0.0,full precision exact profile,0.0,,,,hybrid-session-020-turn-0,2.40625,0.0,2.40625,0.0,,/DATACENTER3/zhenxiang.wang/work/TailGuardKV/.worktrees/baseline-smoke-final-aggregation/out/full_25session_baseline_9_14/full/policy_attempts/full40_20260916_h2o_static_safe/seed20260906,,,hybrid-session-020,chat,113.92057384364307,0,risk_evidence_insufficient,20260906
full_gpu,11.0,0.1,False,False,online_qwen,False,,/DATACENTER3/zhenxiang.wang/work/TailGuardKV/.worktrees/baseline-smoke-final-aggregation/out/full_25session_baseline_9_14/full/policy_attempts/full40_20260916_h2o_static_safe/seed20260906/config.yaml,,,,,,True,,,,0,True,full_gpu,True,,balanced_two_gpu,1,persistent,28709.54282092862,9620,32516.393386991695,,80.0,22.203125,2.296875,2.296875,2.296875,1563.2732489611953,unknown,True,,True,,False,,15095.17822265625,False,full_lru,False,,,full_gpu,,,risk_evidence_insufficient,0.0,full precision exact profile,0.0,,,,hybrid-session-021-turn-0,2.296875,0.0,2.296875,0.0,,/DATACENTER3/zhenxiang.wang/work/TailGuardKV/.worktrees/baseline-smoke-final-aggregation/out/full_25session_baseline_9_14/full/policy_attempts/full40_20260916_h2o_static_safe/seed20260906,,,hybrid-session-021,chat,108.09563682414591,0,risk_evidence_insufficient,20260906
full_gpu,12.0,0.1,False,False,online_qwen,False,,/DATACENTER3/zhenxiang.wang/work/TailGuardKV/.worktrees/baseline-smoke-final-aggregation/out/full_25session_baseline_9_14/full/policy_attempts/full40_20260916_h2o_static_safe/seed20260906/config.yaml,,,,,,True,,,,0,True,full_gpu,True,,balanced_two_gpu,1,persistent,28709.54282092862,9620,32516.393386991695,,80.0,24.171875,1.96875,1.96875,1.96875,1195.8863041363657,unknown,True,,True,,False,,15088.40478515625,False,full_lru,False,,,full_gpu,,,risk_evidence_insufficient,0.0,full precision exact profile,0.0,,,,hybrid-session-025-turn-0,1.96875,0.0,1.96875,0.0,,/DATACENTER3/zhenxiang.wang/work/TailGuardKV/.worktrees/baseline-smoke-final-aggregation/out/full_25session_baseline_9_14/full/policy_attempts/full40_20260916_h2o_static_safe/seed20260906,,,hybrid-session-025,chat,103.46845421008766,0,risk_evidence_insufficient,20260906
full_gpu,13.0,0.1,False,False,online_qwen,False,,/DATACENTER3/zhenxiang.wang/work/TailGuardKV/.worktrees/baseline-smoke-final-aggregation/out/full_25session_baseline_9_14/full/policy_attempts/full40_20260916_h2o_static_safe/seed20260906/config.yaml,,,,,,True,,,,0,True,full_gpu,True,,balanced_two_gpu,1,persistent,28709.54282092862,9620,32516.393386991695,,80.0,26.359375,2.1875,2.1875,2.1875,1541.635171044618,unknown,True,,True,,False,,15096.42041015625,False,full_lru,False,,,full_gpu,,,risk_evidence_insufficient,0.0,full precision exact profile,0.0,,,,hybrid-session-026-turn-0,2.1875,0.0,2.1875,0.0,,/DATACENTER3/zhenxiang.wang/work/TailGuardKV/.worktrees/baseline-smoke-final-aggregation/out/full_25session_baseline_9_14/full/policy_attempts/full40_20260916_h2o_static_safe/seed20260906,,,hybrid-session-026,chat,106.49225302040577,0,risk_evidence_insufficient,20260906
full_gpu,13.0,0.1,False,False,online_qwen,False,,/DATACENTER3/zhenxiang.wang/work/TailGuardKV/.worktrees/baseline-smoke-final-aggregation/out/full_25session_baseline_9_14/full/policy_attempts/full40_20260916_h2o_static_safe/seed20260906/config.yaml,,,,,,True,,,,0,True,full_gpu,True,,balanced_two_gpu,1,persistent,28709.54282092862,9620,32516.393386991695,,80.0,28.1640625,3.8828125,3.8828125,1.8046875,1544.5701219141483,unknown,True,,True,,False,,15088.02685546875,False,full_lru,False,,,full_gpu,,,risk_evidence_insufficient,0.0,full precision exact profile,0.0,,,,hybrid-session-002-turn-1,3.8828125,2.078125,3.8828125,0.0,,/DATACENTER3/zhenxiang.wang/work/TailGuardKV/.worktrees/baseline-smoke-final-aggregation/out/full_25session_baseline_9_14/full/policy_attempts/full40_20260916_h2o_static_safe/seed20260906,,,hybrid-session-002,chat,112.91707004420459,1,risk_evidence_insufficient,20260906
full_gpu,13.0,0.1,True,False,online_qwen,False,,/DATACENTER3/zhenxiang.wang/work/TailGuardKV/.worktrees/baseline-smoke-final-aggregation/out/full_25session_baseline_9_14/full/policy_attempts/full40_20260916_h2o_static_safe/seed20260906/config.yaml,,,,,,True,,,,0,True,full_gpu,True,,balanced_two_gpu,1,persistent,28709.54282092862,9620,32516.393386991695,,80.0,29.5859375,2.8984375,2.8984375,1.421875,1289.3160081002861,unknown,True,0.0,True,,False,,15080.05908203125,False,full_lru,False,,,full_gpu,,,risk_evidence_insufficient,0.0,full precision exact profile,0.0,,,,hybrid-session-003-turn-1,2.8984375,1.4765625,2.8984375,0.0,,/DATACENTER3/zhenxiang.wang/work/TailGuardKV/.worktrees/baseline-smoke-final-aggregation/out/full_25session_baseline_9_14/full/policy_attempts/full40_20260916_h2o_static_safe/seed20260906,,,hybrid-session-003,chat,107.27981920354068,1,risk_evidence_insufficient,20260906
full_gpu,13.0,0.1,False,False,online_qwen,False,,/DATACENTER3/zhenxiang.wang/work/TailGuardKV/.worktrees/baseline-smoke-final-aggregation/out/full_25session_baseline_9_14/full/policy_attempts/full40_20260916_h2o_static_safe/seed20260906/config.yaml,,,,,,True,,,,0,True,full_gpu,True,,balanced_two_gpu,1,persistent,28709.54282092862,9620,32516.393386991695,,80.0,32.8125,4.9765625,4.9765625,3.2265625,1178.5443942062557,unknown,True,,True,,False,,15131.58349609375,False,full_lru,False,,,full_gpu,,,risk_evidence_insufficient,0.0,full precision exact profile,0.0,,,,hybrid-session-004-turn-1,4.9765625,1.75,4.9765625,0.0,,/DATACENTER3/zhenxiang.wang/work/TailGuardKV/.worktrees/baseline-smoke-final-aggregation/out/full_25session_baseline_9_14/full/policy_attempts/full40_20260916_h2o_static_safe/seed20260906,,,hybrid-session-004,chat,84.8659910261631,1,risk_evidence_insufficient,20260906
full_gpu,13.0,0.1,False,False,online_qwen,False,,/DATACENTER3/zhenxiang.wang/work/TailGuardKV/.worktrees/baseline-smoke-final-aggregation/out/full_25session_baseline_9_14/full/policy_attempts/full40_20260916_h2o_static_safe/seed20260906/config.yaml,,,,,,True,,,,0,True,full_gpu,True,,balanced_two_gpu,1,persistent,28709.54282092862,9620,32516.393386991695,,80.0,35.1640625,4.265625,4.265625,2.3515625,1543.8598319888115,unknown,True,,True,,False,,15109.59716796875,False,full_lru,False,,,full_gpu,,,risk_evidence_insufficient,0.0,full precision exact profile,0.0,,,,hybrid-session-005-turn-1,4.265625,1.9140625,4.265625,0.0,,/DATACENTER3/zhenxiang.wang/work/TailGuardKV/.worktrees/baseline-smoke-final-aggregation/out/full_25session_baseline_9_14/full/policy_attempts/full40_20260916_h2o_static_safe/seed20260906,,,hybrid-session-005,chat,107.21291578374803,1,risk_evidence_insufficient,20260906
full_gpu,13.0,0.1,False,False,online_qwen,False,,/DATACENTER3/zhenxiang.wang/work/TailGuardKV/.worktrees/baseline-smoke-final-aggregation/out/full_25session_baseline_9_14/full/policy_attempts/full40_20260916_h2o_static_safe/seed20260906/config.yaml,,,,,,True,,,,0,True,full_gpu,True,,balanced_two_gpu,1,persistent,28709.54282092862,9620,32516.393386991695,,80.0,37.7890625,5.25,5.25,2.625,1296.8523560557514,unknown,True,,True,,False,,15121.36279296875,False,full_lru,False,,,full_gpu,,,risk_evidence_insufficient,0.0,full precision exact profile,0.0,,,,hybrid-session-006-turn-1,5.25,2.625,5.25,0.0,,/DATACENTER3/zhenxiang.wang/work/TailGuardKV/.worktrees/baseline-smoke-final-aggregation/out/full_25session_baseline_9_14/full/policy_attempts/full40_20260916_h2o_static_safe/seed20260906,,,hybrid-session-006,chat,109.37978513538837,1,risk_evidence_insufficient,20260906
full_gpu,13.0,0.1,False,False,online_qwen,False,,/DATACENTER3/zhenxiang.wang/work/TailGuardKV/.worktrees/baseline-smoke-final-aggregation/out/full_25session_baseline_9_14/full/policy_attempts/full40_20260916_h2o_static_safe/seed20260906/config.yaml,,,,,,True,,,,0,True,full_gpu,True,,balanced_two_gpu,1,persistent,28709.54282092862,9620,32516.393386991695,,80.0,39.484375,3.390625,3.390625,1.6953125,1536.091540940106,unknown,True,,True,,False,,15096.43310546875,False,full_lru,False,,,full_gpu,,,risk_evidence_insufficient,0.0,full precision exact profile,0.0,,,,hybrid-session-009-turn-1,3.390625,1.6953125,3.390625,0.0,,/DATACENTER3/zhenxiang.wang/work/TailGuardKV/.worktrees/baseline-smoke-final-aggregation/out/full_25session_baseline_9_14/full/policy_attempts/full40_20260916_h2o_static_safe/seed20260906,,,hybrid-session-009,chat,110.20819889381528,1,risk_evidence_insufficient,20260906
full_gpu,13.0,0.1,False,False,online_qwen,False,,/DATACENTER3/zhenxiang.wang/work/TailGuardKV/.worktrees/baseline-smoke-final-aggregation/out/full_25session_baseline_9_14/full/policy_attempts/full40_20260916_h2o_static_safe/seed20260906/config.yaml,,,,,,True,,,,0,True,full_gpu,True,,balanced_two_gpu,1,persistent,28709.54282092862,9620,32516.393386991695,,80.0,41.125,3.171875,3.171875,1.640625,1468.5863240156323,unknown,True,,True,,False,,15096.61669921875,False,full_lru,False,,,full_gpu,,,risk_evidence_insufficient,0.0,full precision exact profile,0.0,,,,hybrid-session-010-turn-1,3.171875,1.53125,3.171875,0.0,,/DATACENTER3/zhenxiang.wang/work/TailGuardKV/.worktrees/baseline-smoke-final-aggregation/out/full_25session_baseline_9_14/full/policy_attempts/full40_20260916_h2o_static_safe/seed20260906,,,hybrid-session-010,chat,89.47227103635669,1,risk_evidence_insufficient,20260906
full_gpu,13.0,0.1,False,False,online_qwen,False,,/DATACENTER3/zhenxiang.wang/work/TailGuardKV/.worktrees/baseline-smoke-final-aggregation/out/full_25session_baseline_9_14/full/policy_attempts/full40_20260916_h2o_static_safe/seed20260906/config.yaml,,,,,,True,,,,0,True,full_gpu,True,,balanced_two_gpu,1,persistent,28709.54282092862,9620,32516.393386991695,,80.0,42.546875,3.2265625,3.2265625,1.421875,1538.6583930812776,unknown,True,,True,,False,,15093.02001953125,False,full_lru,False,,,full_gpu,,,risk_evidence_insufficient,0.0,full precision exact profile,0.0,,,,hybrid-session-013-turn-1,3.2265625,1.8046875,3.2265625,0.0,,/DATACENTER3/zhenxiang.wang/work/TailGuardKV/.worktrees/baseline-smoke-final-aggregation/out/full_25session_baseline_9_14/full/policy_attempts/full40_20260916_h2o_static_safe/seed20260906,,,hybrid-session-013,chat,102.82154404558241,1,risk_evidence_insufficient,20260906
full_gpu,13.0,0.1,False,False,online_qwen,False,,/DATACENTER3/zhenxiang.wang/work/TailGuardKV/.worktrees/baseline-smoke-final-aggregation/out/full_25session_baseline_9_14/full/policy_attempts/full40_20260916_h2o_static_safe/seed20260906/config.yaml,,,,,,True,,,,0,True,full_gpu,True,,balanced_two_gpu,1,persistent,28709.54282092862,9620,32516.393386991695,,80.0,44.0234375,4.1015625,4.1015625,1.4765625,1554.8511298839003,unknown,True,,True,,False,,15095.66357421875,False,full_lru,False,,,full_gpu,,,risk_evidence_insufficient,0.0,full precision exact profile,0.0,,,,hybrid-session-016-turn-1,4.1015625,2.625,4.1015625,0.0,,/DATACENTER3/zhenxiang.wang/work/TailGuardKV/.worktrees/baseline-smoke-final-aggregation/out/full_25session_baseline_9_14/full/policy_attempts/full40_20260916_h2o_static_safe/seed20260906,,,hybrid-session-016,chat,105.1292170304805,1,risk_evidence_insufficient,20260906
full_gpu,13.0,0.1,False,False,online_qwen,False,,/DATACENTER3/zhenxiang.wang/work/TailGuardKV/.worktrees/baseline-smoke-final-aggregation/out/full_25session_baseline_9_14/full/policy_attempts/full40_20260916_h2o_static_safe/seed20260906/config.yaml,,,,,,True,,,,0,True,full_gpu,True,,balanced_two_gpu,1,persistent,28709.54282092862,9620,32516.393386991695,,80.0,45.8828125,4.265625,4.265625,1.859375,1551.260202890262,unknown,True,,True,,False,,15108.05615234375,False,full_lru,False,,,full_gpu,,,risk_evidence_insufficient,0.0,full precision exact profile,0.0,,,,hybrid-session-020-turn-1,4.265625,2.40625,4.265625,0.0,,/DATACENTER3/zhenxiang.wang/work/TailGuardKV/.worktrees/baseline-smoke-final-aggregation/out/full_25session_baseline_9_14/full/policy_attempts/full40_20260916_h2o_static_safe/seed20260906,,,hybrid-session-020,chat,117.18233092688024,1,risk_evidence_insufficient,20260906
full_gpu,13.0,0.1,False,False,online_qwen,False,,/DATACENTER3/zhenxiang.wang/work/TailGuardKV/.worktrees/baseline-smoke-final-aggregation/out/full_25session_baseline_9_14/full/policy_attempts/full40_20260916_h2o_static_safe/seed20260906/config.yaml,,,,,,True,,,,0,True,full_gpu,True,,balanced_two_gpu,1,persistent,28709.54282092862,9620,32516.393386991695,,80.0,48.125,4.5390625,4.5390625,2.2421875,1201.462805038318,unknown,True,,True,,False,,15119.6455078125,False,full_lru,False,,,full_gpu,,,risk_evidence_insufficient,0.0,full precision exact profile,0.0,,,,hybrid-session-021-turn-1,4.5390625,2.296875,4.5390625,0.0,,/DATACENTER3/zhenxiang.wang/work/TailGuardKV/.worktrees/baseline-smoke-final-aggregation/out/full_25session_baseline_9_14/full/policy_attempts/full40_20260916_h2o_static_safe/seed20260906,,,hybrid-session-021,chat,90.76759987510741,1,risk_evidence_insufficient,20260906
full_gpu,13.0,0.1,False,False,online_qwen,False,,/DATACENTER3/zhenxiang.wang/work/TailGuardKV/.worktrees/baseline-smoke-final-aggregation/out/full_25session_baseline_9_14/full/policy_attempts/full40_20260916_h2o_static_safe/seed20260906/config.yaml,,,,,,True,,,,0,True,full_gpu,True,,balanced_two_gpu,1,persistent,28709.54282092862,9620,32516.393386991695,,80.0,49.4375,3.28125,3.28125,1.3125,1527.1020729560405,unknown,True,,True,,False,,15096.18701171875,False,full_lru,False,,,full_gpu,,,risk_evidence_insufficient,0.0,full precision exact profile,0.0,,,,hybrid-session-025-turn-1,3.28125,1.96875,3.28125,0.0,,/DATACENTER3/zhenxiang.wang/work/TailGuardKV/.worktrees/baseline-smoke-final-aggregation/out/full_25session_baseline_9_14/full/policy_attempts/full40_20260916_h2o_static_safe/seed20260906,,,hybrid-session-025,chat,106.45723901689053,1,risk_evidence_insufficient,20260906
full_gpu,13.0,0.1,False,False,online_qwen,False,,/DATACENTER3/zhenxiang.wang/work/TailGuardKV/.worktrees/baseline-smoke-final-aggregation/out/full_25session_baseline_9_14/full/policy_attempts/full40_20260916_h2o_static_safe/seed20260906/config.yaml,,,,,,True,,,,0,True,full_gpu,True,,balanced_two_gpu,1,persistent,28709.54282092862,9620,32516.393386991695,,80.0,51.8984375,4.6484375,4.6484375,2.4609375,1544.746930943802,unknown,True,,True,,False,,15129.2470703125,False,full_lru,False,,,full_gpu,,,risk_evidence_insufficient,0.0,full precision exact profile,0.0,,,,hybrid-session-026-turn-1,4.6484375,2.1875,4.6484375,0.0,,/DATACENTER3/zhenxiang.wang/work/TailGuardKV/.worktrees/baseline-smoke-final-aggregation/out/full_25session_baseline_9_14/full/policy_attempts/full40_20260916_h2o_static_safe/seed20260906,,,hybrid-session-026,chat,109.30159385316074,1,risk_evidence_insufficient,20260906
full_gpu,13.0,0.1,True,False,online_qwen,False,,/DATACENTER3/zhenxiang.wang/work/TailGuardKV/.worktrees/baseline-smoke-final-aggregation/out/full_25session_baseline_9_14/full/policy_attempts/full40_20260916_h2o_static_safe/seed20260906/config.yaml,,,,,,True,,,,0,True,full_gpu,True,,balanced_two_gpu,1,persistent,28709.54282092862,9620,32516.393386991695,,80.0,58.6796875,10.6640625,10.6640625,6.78125,1333.5913221817464,unknown,True,0.0,True,,False,,15255.1044921875,False,full_lru,False,,,full_gpu,,,risk_evidence_insufficient,0.0,full precision exact profile,0.0,,,,hybrid-session-002-turn-2,10.6640625,3.8828125,10.6640625,0.0,,/DATACENTER3/zhenxiang.wang/work/TailGuardKV/.worktrees/baseline-smoke-final-aggregation/out/full_25session_baseline_9_14/full/policy_attempts/full40_20260916_h2o_static_safe/seed20260906,,,hybrid-session-002,qa,131.53036800213158,2,risk_evidence_insufficient,20260906
full_gpu,13.0,0.1,False,False,online_qwen,False,,/DATACENTER3/zhenxiang.wang/work/TailGuardKV/.worktrees/baseline-smoke-final-aggregation/out/full_25session_baseline_9_14/full/policy_attempts/full40_20260916_h2o_static_safe/seed20260906/config.yaml,,,,,,True,,,,0,True,full_gpu,True,,balanced_two_gpu,1,persistent,28709.54282092862,9620,32516.393386991695,,80.0,65.4609375,9.6796875,9.6796875,6.78125,1493.8330289442092,unknown,True,,True,,False,,15261.8818359375,False,full_lru,False,,,full_gpu,,,risk_evidence_insufficient,0.0,full precision exact profile,0.0,,,,hybrid-session-003-turn-2,9.6796875,2.8984375,9.6796875,0.0,,/DATACENTER3/zhenxiang.wang/work/TailGuardKV/.worktrees/baseline-smoke-final-aggregation/out/full_25session_baseline_9_14/full/policy_attempts/full40_20260916_h2o_static_safe/seed20260906,,,hybrid-session-003,summary,121.99487490579486,2,risk_evidence_insufficient,20260906
full_gpu,13.0,0.1,False,False,online_qwen,False,,/DATACENTER3/zhenxiang.wang/work/TailGuardKV/.worktrees/baseline-smoke-final-aggregation/out/full_25session_baseline_9_14/full/policy_attempts/full40_20260916_h2o_static_safe/seed20260906/config.yaml,,,,,,True,,,,0,True,full_gpu,True,,balanced_two_gpu,1,persistent,28709.54282092862,9620,32516.393386991695,,80.0,71.421875,10.9375,10.9375,5.9609375,1527.6539961341769,unknown,True,,True,,False,,15244.06396484375,False,full_lru,False,,,full_gpu,,,risk_evidence_insufficient,0.0,full precision exact profile,0.0,,,,hybrid-session-004-turn-2,10.9375,4.9765625,10.9375,0.0,,/DATACENTER3/zhenxiang.wang/work/TailGuardKV/.worktrees/baseline-smoke-final-aggregation/out/full_25session_baseline_9_14/full/policy_attempts/full40_20260916_h2o_static_safe/seed20260906,,,hybrid-session-004,qa,119.9527729768306,2,risk_evidence_insufficient,20260906
full_gpu,13.0,0.1,False,False,online_qwen,False,,/DATACENTER3/zhenxiang.wang/work/TailGuardKV/.worktrees/baseline-smoke-final-aggregation/out/full_25session_baseline_9_14/full/policy_attempts/full40_20260916_h2o_static_safe/seed20260906/config.yaml,,,,,,True,,,,0,True,full_gpu,True,,balanced_two_gpu,1,persistent,28709.54282092862,9620,32516.393386991695,,80.0,77.7109375,10.5546875,10.5546875,6.2890625,1560.7108161784708,unknown,True,,True,,False,,15259.09375,False,full_lru,False,,,full_gpu,,,risk_evidence_insufficient,0.0,full precision exact profile,0.0,,,,hybrid-session-005-turn-2,10.5546875,4.265625,10.5546875,0.0,,/DATACENTER3/zhenxiang.wang/work/TailGuardKV/.worktrees/baseline-smoke-final-aggregation/out/full_25session_baseline_9_14/full/policy_attempts/full40_20260916_h2o_static_safe/seed20260906,,,hybrid-session-005,summary,119.11823111586273,2,risk_evidence_insufficient,20260906
full_gpu,13.0,0.1,False,True,online_qwen,True,,/DATACENTER3/zhenxiang.wang/work/TailGuardKV/.worktrees/baseline-smoke-final-aggregation/out/full_25session_baseline_9_14/full/policy_attempts/full40_20260916_h2o_static_safe/seed20260906/config.yaml,,,,,,True,,,,6.5625,True,full_gpu,True,,balanced_two_gpu,1,persistent,28709.54282092862,9620,32516.393386991695,,80.0,78.8046875,12.90625,12.90625,7.65625,1579.2295839637518,unknown,True,,True,,False,,15305.1865234375,False,full_lru,False,,,full_gpu,,,risk_evidence_insufficient,0.0,full precision exact profile,0.0,,,,hybrid-session-006-turn-2,12.90625,5.25,12.90625,0.0,,/DATACENTER3/zhenxiang.wang/work/TailGuardKV/.worktrees/baseline-smoke-final-aggregation/out/full_25session_baseline_9_14/full/policy_attempts/full40_20260916_h2o_static_safe/seed20260906,,,hybrid-session-006,qa,130.88831095956266,2,risk_evidence_insufficient,20260906
full_gpu,13.0,0.1,False,True,online_qwen,True,,/DATACENTER3/zhenxiang.wang/work/TailGuardKV/.worktrees/baseline-smoke-final-aggregation/out/full_25session_baseline_9_14/full/policy_attempts/full40_20260916_h2o_static_safe/seed20260906/config.yaml,,,,,,True,,,,11.59375,True,full_gpu,True,,balanced_two_gpu,1,persistent,28709.54282092862,9620,32516.393386991695,,80.0,76.015625,8.8046875,8.8046875,8.8046875,1216.315353056416,unknown,True,,True,,False,,15335.81640625,False,full_lru,False,,,full_gpu,,,risk_evidence_insufficient,0.0,full precision exact profile,123.55927098542452,,,,hybrid-session-009-turn-2,8.8046875,0.0,8.8046875,0.0,,/DATACENTER3/zhenxiang.wang/work/TailGuardKV/.worktrees/baseline-smoke-final-aggregation/out/full_25session_baseline_9_14/full/policy_attempts/full40_20260916_h2o_static_safe/seed20260906,,,hybrid-session-009,summary,124.44728915579617,2,risk_evidence_insufficient,20260906
full_gpu,13.0,0.1,False,True,online_qwen,True,,/DATACENTER3/zhenxiang.wang/work/TailGuardKV/.worktrees/baseline-smoke-final-aggregation/out/full_25session_baseline_9_14/full/policy_attempts/full40_20260916_h2o_static_safe/seed20260906/config.yaml,,,,,,True,,,,7.8203125,True,full_gpu,True,,balanced_two_gpu,1,persistent,28709.54282092862,9620,32516.393386991695,,80.0,77.875,9.6796875,9.6796875,9.6796875,1537.5320089515299,unknown,True,,True,,False,,15357.85595703125,False,full_lru,False,,,full_gpu,,,risk_evidence_insufficient,0.0,full precision exact profile,115.49737094901502,,,,hybrid-session-010-turn-2,9.6796875,0.0,9.6796875,0.0,,/DATACENTER3/zhenxiang.wang/work/TailGuardKV/.worktrees/baseline-smoke-final-aggregation/out/full_25session_baseline_9_14/full/policy_attempts/full40_20260916_h2o_static_safe/seed20260906,,,hybrid-session-010,qa,116.3393419701606,2,risk_evidence_insufficient,20260906
full_gpu,13.0,0.1,True,True,online_qwen,True,,/DATACENTER3/zhenxiang.wang/work/TailGuardKV/.worktrees/baseline-smoke-final-aggregation/out/full_25session_baseline_9_14/full/policy_attempts/full40_20260916_h2o_static_safe/seed20260906/config.yaml,,,,,,True,,,,15.3125,True,full_gpu,True,,balanced_two_gpu,1,persistent,28709.54282092862,9620,32516.393386991695,,80.0,71.6953125,9.1328125,9.1328125,9.1328125,1579.0054621174932,unknown,True,0.0,True,,False,,15344.60986328125,False,full_lru,False,,,full_gpu,,,risk_evidence_insufficient,0.0,full precision exact profile,115.67866383120418,,,,hybrid-session-013-turn-2,9.1328125,0.0,9.1328125,0.0,,/DATACENTER3/zhenxiang.wang/work/TailGuardKV/.worktrees/baseline-smoke-final-aggregation/out/full_25session_baseline_9_14/full/policy_attempts/full40_20260916_h2o_static_safe/seed20260906,,,hybrid-session-013,summary,116.57998198643327,2,risk_evidence_insufficient,20260906
full_gpu,13.0,0.1,False,True,online_qwen,True,,/DATACENTER3/zhenxiang.wang/work/TailGuardKV/.worktrees/baseline-smoke-final-aggregation/out/full_25session_baseline_9_14/full/policy_attempts/full40_20260916_h2o_static_safe/seed20260906/config.yaml,,,,,,True,,,,9.6796875,True,full_gpu,True,,balanced_two_gpu,1,persistent,28709.54282092862,9620,32516.393386991695,,80.0,72.6796875,10.6640625,10.6640625,10.6640625,1585.8445421326905,unknown,True,,True,,False,,15380.57275390625,False,full_lru,False,,,full_gpu,,,risk_evidence_insufficient,0.0,full precision exact profile,126.55237084254622,,,,hybrid-session-016-turn-2,10.6640625,0.0,10.6640625,0.0,,/DATACENTER3/zhenxiang.wang/work/TailGuardKV/.worktrees/baseline-smoke-final-aggregation/out/full_25session_baseline_9_14/full/policy_attempts/full40_20260916_h2o_static_safe/seed20260906,,,hybrid-session-016,qa,127.41043814457953,2,risk_evidence_insufficient,20260906
full_gpu,13.0,0.1,True,True,online_qwen,True,,/DATACENTER3/zhenxiang.wang/work/TailGuardKV/.worktrees/baseline-smoke-final-aggregation/out/full_25session_baseline_9_14/full/policy_attempts/full40_20260916_h2o_static_safe/seed20260906/config.yaml,,,,,,True,,,,10.9375,True,full_gpu,True,,balanced_two_gpu,1,persistent,28709.54282092862,9620,32516.393386991695,,80.0,71.640625,9.8984375,9.8984375,9.8984375,1577.0378480665386,unknown,True,0.0,True,,False,,15360.486328125,False,full_lru,False,,,full_gpu,,,risk_evidence_insufficient,0.0,full precision exact profile,117.61364014819264,,,,hybrid-session-020-turn-2,9.8984375,0.0,9.8984375,0.0,,/DATACENTER3/zhenxiang.wang/work/TailGuardKV/.worktrees/baseline-smoke-final-aggregation/out/full_25session_baseline_9_14/full/policy_attempts/full40_20260916_h2o_static_safe/seed20260906,,,hybrid-session-020,qa,118.54699905961752,2,risk_evidence_insufficient,20260906
full_gpu,13.0,0.1,False,True,online_qwen,True,,/DATACENTER3/zhenxiang.wang/work/TailGuardKV/.worktrees/baseline-smoke-final-aggregation/out/full_25session_baseline_9_14/full/policy_attempts/full40_20260916_h2o_static_safe/seed20260906/config.yaml,,,,,,True,,,,10.5546875,True,full_gpu,True,,balanced_two_gpu,1,persistent,28709.54282092862,9620,32516.393386991695,,80.0,72.2421875,11.15625,11.15625,11.15625,1588.360422058031,unknown,True,,True,,False,,15394.79443359375,False,full_lru,False,,,full_gpu,,,risk_evidence_insufficient,0.0,full precision exact profile,132.70262582227588,,,,hybrid-session-021-turn-2,11.15625,0.0,11.15625,0.0,,/DATACENTER3/zhenxiang.wang/work/TailGuardKV/.worktrees/baseline-smoke-final-aggregation/out/full_25session_baseline_9_14/full/policy_attempts/full40_20260916_h2o_static_safe/seed20260906,,,hybrid-session-021,summary,133.50089103914797,2,risk_evidence_insufficient,20260906
full_gpu,13.0,0.1,False,True,online_qwen,True,,/DATACENTER3/zhenxiang.wang/work/TailGuardKV/.worktrees/baseline-smoke-final-aggregation/out/full_25session_baseline_9_14/full/policy_attempts/full40_20260916_h2o_static_safe/seed20260906/config.yaml,,,,,,True,,,,12.90625,True,full_gpu,True,,balanced_two_gpu,1,persistent,28709.54282092862,9620,32516.393386991695,,80.0,69.125,9.7890625,9.7890625,9.7890625,1584.3219419475645,unknown,True,,True,,False,,15359.20703125,False,full_lru,False,,,full_gpu,,,risk_evidence_insufficient,0.0,full precision exact profile,125.15081791207194,,,,hybrid-session-025-turn-2,9.7890625,0.0,9.7890625,0.0,,/DATACENTER3/zhenxiang.wang/work/TailGuardKV/.worktrees/baseline-smoke-final-aggregation/out/full_25session_baseline_9_14/full/policy_attempts/full40_20260916_h2o_static_safe/seed20260906,,,hybrid-session-025,summary,126.02429185062647,2,risk_evidence_insufficient,20260906
full_gpu,13.0,0.1,False,True,online_qwen,True,,/DATACENTER3/zhenxiang.wang/work/TailGuardKV/.worktrees/baseline-smoke-final-aggregation/out/full_25session_baseline_9_14/full/policy_attempts/full40_20260916_h2o_static_safe/seed20260906/config.yaml,,,,,,True,,,,8.8046875,True,full_gpu,True,,balanced_two_gpu,1,persistent,28709.54282092862,9620,32516.393386991695,,80.0,71.9140625,11.59375,11.59375,11.59375,1593.1485418695956,unknown,True,,True,,False,,15404.45361328125,False,full_lru,False,,,full_gpu,,,risk_evidence_insufficient,0.0,full precision exact profile,141.59756689332426,,,,hybrid-session-026-turn-2,11.59375,0.0,11.59375,0.0,,/DATACENTER3/zhenxiang.wang/work/TailGuardKV/.worktrees/baseline-smoke-final-aggregation/out/full_25session_baseline_9_14/full/policy_attempts/full40_20260916_h2o_static_safe/seed20260906,,,hybrid-session-026,qa,142.40907784551382,2,risk_evidence_insufficient,20260906
full_gpu,13.0,0.1,False,True,online_qwen,True,,/DATACENTER3/zhenxiang.wang/work/TailGuardKV/.worktrees/baseline-smoke-final-aggregation/out/full_25session_baseline_9_14/full/policy_attempts/full40_20260916_h2o_static_safe/seed20260906/config.yaml,,,,,,True,,,,9.6796875,True,full_gpu,True,,balanced_two_gpu,1,persistent,28709.54282092862,9620,32516.393386991695,,80.0,73.9921875,11.7578125,11.7578125,11.7578125,1593.5555160976946,unknown,True,,True,,False,,15410.89501953125,False,full_lru,False,,,full_gpu,,,risk_evidence_insufficient,0.0,full precision exact profile,131.3929478637874,,,,hybrid-session-002-turn-3,11.7578125,0.0,11.7578125,0.0,,/DATACENTER3/zhenxiang.wang/work/TailGuardKV/.worktrees/baseline-smoke-final-aggregation/out/full_25session_baseline_9_14/full/policy_attempts/full40_20260916_h2o_static_safe/seed20260906,,,hybrid-session-002,qa,132.26640806533396,3,risk_evidence_insufficient,20260906
full_gpu,13.0,0.1,False,True,online_qwen,True,,/DATACENTER3/zhenxiang.wang/work/TailGuardKV/.worktrees/baseline-smoke-final-aggregation/out/full_25session_baseline_9_14/full/policy_attempts/full40_20260916_h2o_static_safe/seed20260906/config.yaml,,,,,,True,,,,9.1328125,True,full_gpu,True,,balanced_two_gpu,1,persistent,28709.54282092862,9620,32516.393386991695,,80.0,76.015625,11.15625,11.15625,11.15625,1587.383423000574,unknown,True,,True,,False,,15397.14599609375,False,full_lru,False,,,full_gpu,,,risk_evidence_insufficient,0.0,full precision exact profile,125.63817691989243,,,,hybrid-session-003-turn-3,11.15625,0.0,11.15625,0.0,,/DATACENTER3/zhenxiang.wang/work/TailGuardKV/.worktrees/baseline-smoke-final-aggregation/out/full_25session_baseline_9_14/full/policy_attempts/full40_20260916_h2o_static_safe/seed20260906,,,hybrid-session-003,summary,126.44247314892709,3,risk_evidence_insufficient,20260906
full_gpu,13.0,0.1,False,True,online_qwen,True,,/DATACENTER3/zhenxiang.wang/work/TailGuardKV/.worktrees/baseline-smoke-final-aggregation/out/full_25session_baseline_9_14/full/policy_attempts/full40_20260916_h2o_static_safe/seed20260906/config.yaml,,,,,,True,,,,10.6640625,True,full_gpu,True,,balanced_two_gpu,1,persistent,28709.54282092862,9620,32516.393386991695,,80.0,78.203125,12.8515625,12.8515625,12.8515625,1568.5975369997323,unknown,True,,True,,False,,15449.056640625,False,full_lru,False,,,full_gpu,,,risk_evidence_insufficient,0.0,full precision exact profile,146.45329606719315,,,,hybrid-session-004-turn-3,12.8515625,0.0,12.8515625,0.0,,/DATACENTER3/zhenxiang.wang/work/TailGuardKV/.worktrees/baseline-smoke-final-aggregation/out/full_25session_baseline_9_14/full/policy_attempts/full40_20260916_h2o_static_safe/seed20260906,,,hybrid-session-004,qa,147.32135296799242,3,risk_evidence_insufficient,20260906
full_gpu,13.0,0.1,False,True,online_qwen,True,,/DATACENTER3/zhenxiang.wang/work/TailGuardKV/.worktrees/baseline-smoke-final-aggregation/out/full_25session_baseline_9_14/full/policy_attempts/full40_20260916_h2o_static_safe/seed20260906/config.yaml,,,,,,True,,,,9.8984375,True,full_gpu,True,,balanced_two_gpu,1,persistent,28709.54282092862,9620,32516.393386991695,,80.0,79.8984375,11.59375,11.59375,11.59375,1601.2461609207094,unknown,True,,True,,False,,15413.53173828125,False,full_lru,False,,,full_gpu,,,risk_evidence_insufficient,0.0,full precision exact profile,130.01424702815711,,,,hybrid-session-005-turn-3,11.59375,0.0,11.59375,0.0,,/DATACENTER3/zhenxiang.wang/work/TailGuardKV/.worktrees/baseline-smoke-final-aggregation/out/full_25session_baseline_9_14/full/policy_attempts/full40_20260916_h2o_static_safe/seed20260906,,,hybrid-session-005,summary,130.8432121295482,3,risk_evidence_insufficient,20260906
full_gpu,13.0,0.1,False,True,online_qwen,True,,/DATACENTER3/zhenxiang.wang/work/TailGuardKV/.worktrees/baseline-smoke-final-aggregation/out/full_25session_baseline_9_14/full/policy_attempts/full40_20260916_h2o_static_safe/seed20260906/config.yaml,,,,,,True,,,,20.9453125,True,full_gpu,True,,balanced_two_gpu,1,persistent,28709.54282092862,9620,32516.393386991695,,80.0,73.7734375,14.8203125,14.8203125,14.8203125,1387.511481065303,unknown,True,,True,,False,,15506.16748046875,False,full_lru,False,,,full_gpu,,,risk_evidence_insufficient,0.0,full precision exact profile,152.91703981347382,,,,hybrid-session-006-turn-3,14.8203125,0.0,14.8203125,0.0,,/DATACENTER3/zhenxiang.wang/work/TailGuardKV/.worktrees/baseline-smoke-final-aggregation/out/full_25session_baseline_9_14/full/policy_attempts/full40_20260916_h2o_static_safe/seed20260906,,,hybrid-session-006,qa,153.66105106659234,3,risk_evidence_insufficient,20260906
full_gpu,13.0,0.1,False,True,online_qwen,True,,/DATACENTER3/zhenxiang.wang/work/TailGuardKV/.worktrees/baseline-smoke-final-aggregation/out/full_25session_baseline_9_14/full/policy_attempts/full40_20260916_h2o_static_safe/seed20260906/config.yaml,,,,,,True,,,,11.59375,True,full_gpu,True,,balanced_two_gpu,1,persistent,28709.54282092862,9620,32516.393386991695,,80.0,73.0625,10.8828125,10.8828125,10.8828125,1293.9586988650262,unknown,True,,True,,False,,15389.0703125,False,full_lru,False,,,full_gpu,,,risk_evidence_insufficient,0.0,full precision exact profile,127.01673805713654,,,,hybrid-session-009-turn-3,10.8828125,0.0,10.8828125,0.0,,/DATACENTER3/zhenxiang.wang/work/TailGuardKV/.worktrees/baseline-smoke-final-aggregation/out/full_25session_baseline_9_14/full/policy_attempts/full40_20260916_h2o_static_safe/seed20260906,,,hybrid-session-009,summary,127.92472681030631,3,risk_evidence_insufficient,20260906
full_gpu,13.0,0.1,False,True,online_qwen,True,,/DATACENTER3/zhenxiang.wang/work/TailGuardKV/.worktrees/baseline-smoke-final-aggregation/out/full_25session_baseline_9_14/full/policy_attempts/full40_20260916_h2o_static_safe/seed20260906/config.yaml,,,,,,True,,,,11.7578125,True,full_gpu,True,,balanced_two_gpu,1,persistent,28709.54282092862,9620,32516.393386991695,,80.0,73.1171875,11.8125,11.8125,11.8125,1592.5852109212428,unknown,True,,True,,False,,15413.4541015625,False,full_lru,False,,,full_gpu,,,risk_evidence_insufficient,0.0,full precision exact profile,135.1248719729483,,,,hybrid-session-010-turn-3,11.8125,0.0,11.8125,0.0,,/DATACENTER3/zhenxiang.wang/work/TailGuardKV/.worktrees/baseline-smoke-final-aggregation/out/full_25session_baseline_9_14/full/policy_attempts/full40_20260916_h2o_static_safe/seed20260906,,,hybrid-session-010,qa,135.97587100230157,3,risk_evidence_insufficient,20260906
full_gpu,13.0,0.1,False,True,online_qwen,True,,/DATACENTER3/zhenxiang.wang/work/TailGuardKV/.worktrees/baseline-smoke-final-aggregation/out/full_25session_baseline_9_14/full/policy_attempts/full40_20260916_h2o_static_safe/seed20260906/config.yaml,,,,,,True,,,,11.15625,True,full_gpu,True,,balanced_two_gpu,1,persistent,28709.54282092862,9620,32516.393386991695,,80.0,73.2265625,11.265625,11.265625,11.265625,1589.6962429396808,unknown,True,,True,,False,,15399.15283203125,False,full_lru,False,,,full_gpu,,,risk_evidence_insufficient,0.0,full precision exact profile,127.38131685182452,,,,hybrid-session-013-turn-3,11.265625,0.0,11.265625,0.0,,/DATACENTER3/zhenxiang.wang/work/TailGuardKV/.worktrees/baseline-smoke-final-aggregation/out/full_25session_baseline_9_14/full/policy_attempts/full40_20260916_h2o_static_safe/seed20260906,,,hybrid-session-013,summary,128.2706290949136,3,risk_evidence_insufficient,20260906
full_gpu,13.0,0.1,False,True,online_qwen,True,,/DATACENTER3/zhenxiang.wang/work/TailGuardKV/.worktrees/baseline-smoke-final-aggregation/out/full_25session_baseline_9_14/full/policy_attempts/full40_20260916_h2o_static_safe/seed20260906/config.yaml,,,,,,True,,,,12.8515625,True,full_gpu,True,,balanced_two_gpu,1,persistent,28709.54282092862,9620,32516.393386991695,,80.0,73.3359375,12.9609375,12.9609375,12.9609375,1577.9593128245324,unknown,True,,True,,False,,15448.3203125,False,full_lru,False,,,full_gpu,,,risk_evidence_insufficient,0.0,full precision exact profile,145.3701169230044,,,,hybrid-session-016-turn-3,12.9609375,0.0,12.9609375,0.0,,/DATACENTER3/zhenxiang.wang/work/TailGuardKV/.worktrees/baseline-smoke-final-aggregation/out/full_25session_baseline_9_14/full/policy_attempts/full40_20260916_h2o_static_safe/seed20260906,,,hybrid-session-016,qa,146.2285090237856,3,risk_evidence_insufficient,20260906
full_gpu,13.0,0.1,False,True,online_qwen,True,,/DATACENTER3/zhenxiang.wang/work/TailGuardKV/.worktrees/baseline-smoke-final-aggregation/out/full_25session_baseline_9_14/full/policy_attempts/full40_20260916_h2o_static_safe/seed20260906/config.yaml,,,,,,True,,,,11.59375,True,full_gpu,True,,balanced_two_gpu,1,persistent,28709.54282092862,9620,32516.393386991695,,80.0,73.828125,12.0859375,12.0859375,12.0859375,1554.6385799534619,unknown,True,,True,,False,,15422.60791015625,False,full_lru,False,,,full_gpu,,,risk_evidence_insufficient,0.0,full precision exact profile,132.2345610242337,,,,hybrid-session-020-turn-3,12.0859375,0.0,12.0859375,0.0,,/DATACENTER3/zhenxiang.wang/work/TailGuardKV/.worktrees/baseline-smoke-final-aggregation/out/full_25session_baseline_9_14/full/policy_attempts/full40_20260916_h2o_static_safe/seed20260906,,,hybrid-session-020,qa,133.01382516510785,3,risk_evidence_insufficient,20260906
full_gpu,13.0,0.1,False,True,online_qwen,True,,/DATACENTER3/zhenxiang.wang/work/TailGuardKV/.worktrees/baseline-smoke-final-aggregation/out/full_25session_baseline_9_14/full/policy_attempts/full40_20260916_h2o_static_safe/seed20260906/config.yaml,,,,,,True,,,,14.8203125,True,full_gpu,True,,balanced_two_gpu,1,persistent,28709.54282092862,9620,32516.393386991695,,80.0,72.296875,13.2890625,13.2890625,13.2890625,1609.1083160135895,unknown,True,,True,,False,,15457.1953125,False,full_lru,False,,,full_gpu,,,risk_evidence_insufficient,0.0,full precision exact profile,151.83111792430282,,,,hybrid-session-021-turn-3,13.2890625,0.0,13.2890625,0.0,,/DATACENTER3/zhenxiang.wang/work/TailGuardKV/.worktrees/baseline-smoke-final-aggregation/out/full_25session_baseline_9_14/full/policy_attempts/full40_20260916_h2o_static_safe/seed20260906,,,hybrid-session-021,summary,152.61698188260198,3,risk_evidence_insufficient,20260906
full_gpu,13.0,0.1,False,True,online_qwen,True,,/DATACENTER3/zhenxiang.wang/work/TailGuardKV/.worktrees/baseline-smoke-final-aggregation/out/full_25session_baseline_9_14/full/policy_attempts/full40_20260916_h2o_static_safe/seed20260906/config.yaml,,,,,,True,,,,10.8828125,True,full_gpu,True,,balanced_two_gpu,1,persistent,28709.54282092862,9620,32516.393386991695,,80.0,73.3359375,11.921875,11.921875,11.921875,1576.4069929718971,unknown,True,,True,,False,,15416.2822265625,False,full_lru,False,,,full_gpu,,,risk_evidence_insufficient,0.0,full precision exact profile,137.38655298948288,,,,hybrid-session-025-turn-3,11.921875,0.0,11.921875,0.0,,/DATACENTER3/zhenxiang.wang/work/TailGuardKV/.worktrees/baseline-smoke-final-aggregation/out/full_25session_baseline_9_14/full/policy_attempts/full40_20260916_h2o_static_safe/seed20260906,,,hybrid-session-025,summary,138.1907721515745,3,risk_evidence_insufficient,20260906
full_gpu,13.0,0.1,False,True,online_qwen,True,,/DATACENTER3/zhenxiang.wang/work/TailGuardKV/.worktrees/baseline-smoke-final-aggregation/out/full_25session_baseline_9_14/full/policy_attempts/full40_20260916_h2o_static_safe/seed20260906/config.yaml,,,,,,True,,,,11.8125,True,full_gpu,True,,balanced_two_gpu,1,persistent,28709.54282092862,9620,32516.393386991695,,80.0,75.6328125,14.109375,14.109375,14.109375,1559.6782809589058,unknown,True,,True,,False,,15480.03662109375,False,full_lru,False,,,full_gpu,,,risk_evidence_insufficient,0.0,full precision exact profile,145.2998819295317,,,,hybrid-session-026-turn-3,14.109375,0.0,14.109375,0.0,,/DATACENTER3/zhenxiang.wang/work/TailGuardKV/.worktrees/baseline-smoke-final-aggregation/out/full_25session_baseline_9_14/full/policy_attempts/full40_20260916_h2o_static_safe/seed20260906,,,hybrid-session-026,qa,146.04622195474803,3,risk_evidence_insufficient,20260906
full_gpu,13.0,0.1,False,True,online_qwen,True,,/DATACENTER3/zhenxiang.wang/work/TailGuardKV/.worktrees/baseline-smoke-final-aggregation/out/full_25session_baseline_9_14/full/policy_attempts/full40_20260916_h2o_static_safe/seed20260906/config.yaml,,,,,,True,,,,11.265625,True,full_gpu,True,,balanced_two_gpu,1,persistent,28709.54282092862,9620,32516.393386991695,,80.0,77.984375,13.6171875,13.6171875,13.6171875,1582.8431858681142,unknown,True,,True,,False,,15469.44189453125,False,full_lru,False,,,full_gpu,,,risk_evidence_insufficient,0.0,full precision exact profile,149.11954500712454,,,,hybrid-session-002-turn-4,13.6171875,0.0,13.6171875,0.0,,/DATACENTER3/zhenxiang.wang/work/TailGuardKV/.worktrees/baseline-smoke-final-aggregation/out/full_25session_baseline_9_14/full/policy_attempts/full40_20260916_h2o_static_safe/seed20260906,,,hybrid-session-002,qa,149.88060691393912,4,risk_evidence_insufficient,20260906
full_gpu,13.0,0.1,False,True,online_qwen,True,,/DATACENTER3/zhenxiang.wang/work/TailGuardKV/.worktrees/baseline-smoke-final-aggregation/out/full_25session_baseline_9_14/full/policy_attempts/full40_20260916_h2o_static_safe/seed20260906/config.yaml,,,,,,True,,,,12.9609375,True,full_gpu,True,,balanced_two_gpu,1,persistent,28709.54282092862,9620,32516.393386991695,,80.0,77.9296875,12.90625,12.90625,12.90625,1594.666623044759,unknown,True,,True,,False,,15450.8759765625,False,full_lru,False,,,full_gpu,,,risk_evidence_insufficient,0.0,full precision exact profile,145.9733871743083,,,,hybrid-session-003-turn-4,12.90625,0.0,12.90625,0.0,,/DATACENTER3/zhenxiang.wang/work/TailGuardKV/.worktrees/baseline-smoke-final-aggregation/out/full_25session_baseline_9_14/full/policy_attempts/full40_20260916_h2o_static_safe/seed20260906,,,hybrid-session-003,summary,146.93860593251884,4,risk_evidence_insufficient,20260906
full_gpu,13.0,0.1,False,True,online_qwen,True,,/DATACENTER3/zhenxiang.wang/work/TailGuardKV/.worktrees/baseline-smoke-final-aggregation/out/full_25session_baseline_9_14/full/policy_attempts/full40_20260916_h2o_static_safe/seed20260906/config.yaml,,,,,,True,,,,25.375,True,full_gpu,True,,balanced_two_gpu,1,persistent,28709.54282092862,9620,32516.393386991695,,80.0,67.15625,14.6015625,14.6015625,14.6015625,1591.3303149864078,unknown,True,,True,,False,,15498.40673828125,False,full_lru,False,,,full_gpu,,,risk_evidence_insufficient,0.0,full precision exact profile,165.08826077915728,,,,hybrid-session-004-turn-4,14.6015625,0.0,14.6015625,0.0,,/DATACENTER3/zhenxiang.wang/work/TailGuardKV/.worktrees/baseline-smoke-final-aggregation/out/full_25session_baseline_9_14/full/policy_attempts/full40_20260916_h2o_static_safe/seed20260906,,,hybrid-session-004,qa,165.90308398008347,4,risk_evidence_insufficient,20260906
full_gpu,13.0,0.1,False,True,online_qwen,True,,/DATACENTER3/zhenxiang.wang/work/TailGuardKV/.worktrees/baseline-smoke-final-aggregation/out/full_25session_baseline_9_14/full/policy_attempts/full40_20260916_h2o_static_safe/seed20260906/config.yaml,,,,,,True,,,,11.921875,True,full_gpu,True,,balanced_two_gpu,1,persistent,28709.54282092862,9620,32516.393386991695,,80.0,68.6875,13.453125,13.453125,13.453125,1563.7733722105622,unknown,True,,True,,False,,15455.7998046875,False,full_lru,False,,,full_gpu,,,risk_evidence_insufficient,0.0,full precision exact profile,150.46659391373396,,,,hybrid-session-005-turn-4,13.453125,0.0,13.453125,0.0,,/DATACENTER3/zhenxiang.wang/work/TailGuardKV/.worktrees/baseline-smoke-final-aggregation/out/full_25session_baseline_9_14/full/policy_attempts/full40_20260916_h2o_static_safe/seed20260906,,,hybrid-session-005,summary,151.38208610005677,4,risk_evidence_insufficient,20260906
full_gpu,13.0,0.1,False,True,online_qwen,True,,/DATACENTER3/zhenxiang.wang/work/TailGuardKV/.worktrees/baseline-smoke-final-aggregation/out/full_25session_baseline_9_14/full/policy_attempts/full40_20260916_h2o_static_safe/seed20260906/config.yaml,,,,,,True,,,,14.109375,True,full_gpu,True,,balanced_two_gpu,1,persistent,28709.54282092862,9620,32516.393386991695,,80.0,71.09375,16.515625,16.515625,16.515625,1334.750791080296,unknown,True,,True,,False,,15542.37353515625,False,full_lru,False,,,full_gpu,,,risk_evidence_insufficient,0.0,full precision exact profile,192.4448588397354,,,,hybrid-session-006-turn-4,16.515625,0.0,16.515625,0.0,,/DATACENTER3/zhenxiang.wang/work/TailGuardKV/.worktrees/baseline-smoke-final-aggregation/out/full_25session_baseline_9_14/full/policy_attempts/full40_20260916_h2o_static_safe/seed20260906,,,hybrid-session-006,qa,193.20842903107405,4,risk_evidence_insufficient,20260906
full_gpu,13.0,0.1,True,True,online_qwen,True,,/DATACENTER3/zhenxiang.wang/work/TailGuardKV/.worktrees/baseline-smoke-final-aggregation/out/full_25session_baseline_9_14/full/policy_attempts/full40_20260916_h2o_static_safe/seed20260906/config.yaml,,,,,,True,,,,13.6171875,True,full_gpu,True,,balanced_two_gpu,1,persistent,28709.54282092862,9620,32516.393386991695,,80.0,70.2734375,12.796875,12.796875,12.796875,1588.3001601323485,unknown,True,0.0,True,,False,,15443.080078125,False,full_lru,False,,,full_gpu,,,risk_evidence_insufficient,0.0,full precision exact profile,131.86498708091676,,,,hybrid-session-009-turn-4,12.796875,0.0,12.796875,0.0,,/DATACENTER3/zhenxiang.wang/work/TailGuardKV/.worktrees/baseline-smoke-final-aggregation/out/full_25session_baseline_9_14/full/policy_attempts/full40_20260916_h2o_static_safe/seed20260906,,,hybrid-session-009,summary,132.68264406360686,4,risk_evidence_insufficient,20260906
full_gpu,13.0,0.1,False,True,online_qwen,True,,/DATACENTER3/zhenxiang.wang/work/TailGuardKV/.worktrees/baseline-smoke-final-aggregation/out/full_25session_baseline_9_14/full/policy_attempts/full40_20260916_h2o_static_safe/seed20260906/config.yaml,,,,,,True,,,,12.90625,True,full_gpu,True,,balanced_two_gpu,1,persistent,28709.54282092862,9620,32516.393386991695,,80.0,71.2578125,13.890625,13.890625,13.890625,1573.5159709583968,unknown,True,,True,,False,,15471.634765625,False,full_lru,False,,,full_gpu,,,risk_evidence_insufficient,0.0,full precision exact profile,151.40157309360802,,,,hybrid-session-010-turn-4,13.890625,0.0,13.890625,0.0,,/DATACENTER3/zhenxiang.wang/work/TailGuardKV/.worktrees/baseline-smoke-final-aggregation/out/full_25session_baseline_9_14/full/policy_attempts/full40_20260916_h2o_static_safe/seed20260906,,,hybrid-session-010,qa,152.16991491615772,4,risk_evidence_insufficient,20260906
full_gpu,13.0,0.1,True,True,online_qwen,True,,/DATACENTER3/zhenxiang.wang/work/TailGuardKV/.worktrees/baseline-smoke-final-aggregation/out/full_25session_baseline_9_14/full/policy_attempts/full40_20260916_h2o_static_safe/seed20260906/config.yaml,,,,,,True,,,,14.6015625,True,full_gpu,True,,balanced_two_gpu,1,persistent,28709.54282092862,9620,32516.393386991695,,80.0,69.671875,13.015625,13.015625,13.015625,1598.1523909140378,unknown,True,0.0,True,,False,,15449.1416015625,False,full_lru,False,,,full_gpu,,,risk_evidence_insufficient,0.0,full precision exact profile,148.33846897818148,,,,hybrid-session-013-turn-4,13.015625,0.0,13.015625,0.0,,/DATACENTER3/zhenxiang.wang/work/TailGuardKV/.worktrees/baseline-smoke-final-aggregation/out/full_25session_baseline_9_14/full/policy_attempts/full40_20260916_h2o_static_safe/seed20260906,,,hybrid-session-013,summary,149.24386097118258,4,risk_evidence_insufficient,20260906
full_gpu,13.0,0.1,False,True,online_qwen,True,,/DATACENTER3/zhenxiang.wang/work/TailGuardKV/.worktrees/baseline-smoke-final-aggregation/out/full_25session_baseline_9_14/full/policy_attempts/full40_20260916_h2o_static_safe/seed20260906/config.yaml,,,,,,True,,,,13.453125,True,full_gpu,True,,balanced_two_gpu,1,persistent,28709.54282092862,9620,32516.393386991695,,80.0,71.203125,14.984375,14.984375,14.984375,1405.867189867422,unknown,True,,True,,False,,15501.33642578125,False,full_lru,False,,,full_gpu,,,risk_evidence_insufficient,0.0,full precision exact profile,186.67527311481535,,,,hybrid-session-016-turn-4,14.984375,0.0,14.984375,0.0,,/DATACENTER3/zhenxiang.wang/work/TailGuardKV/.worktrees/baseline-smoke-final-aggregation/out/full_25session_baseline_9_14/full/policy_attempts/full40_20260916_h2o_static_safe/seed20260906,,,hybrid-session-016,qa,187.5201240181923,4,risk_evidence_insufficient,20260906
full_gpu,13.0,0.1,False,True,online_qwen,True,,/DATACENTER3/zhenxiang.wang/work/TailGuardKV/.worktrees/baseline-smoke-final-aggregation/out/full_25session_baseline_9_14/full/policy_attempts/full40_20260916_h2o_static_safe/seed20260906/config.yaml,,,,,,True,,,,16.515625,True,full_gpu,True,,balanced_two_gpu,1,persistent,28709.54282092862,9620,32516.393386991695,,80.0,68.578125,13.890625,13.890625,13.890625,1578.3925978466868,unknown,True,,True,,False,,15472.564453125,False,full_lru,False,,,full_gpu,,,risk_evidence_insufficient,0.0,full precision exact profile,151.6194010619074,,,,hybrid-session-020-turn-4,13.890625,0.0,13.890625,0.0,,/DATACENTER3/zhenxiang.wang/work/TailGuardKV/.worktrees/baseline-smoke-final-aggregation/out/full_25session_baseline_9_14/full/policy_attempts/full40_20260916_h2o_static_safe/seed20260906,,,hybrid-session-020,qa,152.67440886236727,4,risk_evidence_insufficient,20260906
full_gpu,13.0,0.1,False,True,online_qwen,True,,/DATACENTER3/zhenxiang.wang/work/TailGuardKV/.worktrees/baseline-smoke-final-aggregation/out/full_25session_baseline_9_14/full/policy_attempts/full40_20260916_h2o_static_safe/seed20260906/config.yaml,,,,,,True,,,,12.796875,True,full_gpu,True,,balanced_two_gpu,1,persistent,28709.54282092862,9620,32516.393386991695,,80.0,70.984375,15.203125,15.203125,15.203125,1591.9345028232783,unknown,True,,True,,False,,15505.3828125,False,full_lru,False,,,full_gpu,,,risk_evidence_insufficient,0.0,full precision exact profile,180.34991715103388,,,,hybrid-session-021-turn-4,15.203125,0.0,15.203125,0.0,,/DATACENTER3/zhenxiang.wang/work/TailGuardKV/.worktrees/baseline-smoke-final-aggregation/out/full_25session_baseline_9_14/full/policy_attempts/full40_20260916_h2o_static_safe/seed20260906,,,hybrid-session-021,summary,181.10565398819745,4,risk_evidence_insufficient,20260906
full_gpu,13.0,0.1,False,True,online_qwen,True,,/DATACENTER3/zhenxiang.wang/work/TailGuardKV/.worktrees/baseline-smoke-final-aggregation/out/full_25session_baseline_9_14/full/policy_attempts/full40_20260916_h2o_static_safe/seed20260906/config.yaml,,,,,,True,,,,13.890625,True,full_gpu,True,,balanced_two_gpu,1,persistent,28709.54282092862,9620,32516.393386991695,,80.0,70.765625,13.671875,13.671875,13.671875,1609.1465239878744,unknown,True,,True,,False,,15464.82568359375,False,full_lru,False,,,full_gpu,,,risk_evidence_insufficient,0.0,full precision exact profile,152.5959367863834,,,,hybrid-session-025-turn-4,13.671875,0.0,13.671875,0.0,,/DATACENTER3/zhenxiang.wang/work/TailGuardKV/.worktrees/baseline-smoke-final-aggregation/out/full_25session_baseline_9_14/full/policy_attempts/full40_20260916_h2o_static_safe/seed20260906,,,hybrid-session-025,summary,153.38602592237294,4,risk_evidence_insufficient,20260906
full_gpu,13.0,0.1,False,True,online_qwen,True,,/DATACENTER3/zhenxiang.wang/work/TailGuardKV/.worktrees/baseline-smoke-final-aggregation/out/full_25session_baseline_9_14/full/policy_attempts/full40_20260916_h2o_static_safe/seed20260906/config.yaml,,,,,,True,,,,13.015625,True,full_gpu,True,,balanced_two_gpu,1,persistent,28709.54282092862,9620,32516.393386991695,,80.0,74.046875,16.296875,16.296875,16.296875,1663.051457842812,unknown,True,,True,,False,,15537.67333984375,False,full_lru,False,,,full_gpu,,,risk_evidence_insufficient,0.0,full precision exact profile,184.40906913019717,,,,hybrid-session-026-turn-4,16.296875,0.0,16.296875,0.0,,/DATACENTER3/zhenxiang.wang/work/TailGuardKV/.worktrees/baseline-smoke-final-aggregation/out/full_25session_baseline_9_14/full/policy_attempts/full40_20260916_h2o_static_safe/seed20260906,,,hybrid-session-026,qa,185.2646330371499,4,risk_evidence_insufficient,20260906
kivi_4bit_residual64,2.0,0.1,False,False,online_qwen,False,,/DATACENTER3/zhenxiang.wang/work/TailGuardKV/.worktrees/baseline-smoke-final-aggregation/out/full_25session_baseline_9_14/full/policy_attempts/full40_20260916_h2o_static_safe/seed20260906/config.yaml,,,,,0.1,True,,0.1,,0,False,kivi_4bit_residual64,True,,balanced_two_gpu,1,persistent,27916.96846485138,12433,31818.159461021423,,80.0,3.5546875,1.4765625,1.4765625,1.4765625,1279.5502811204642,unknown,True,,True,,False,,15055.19384765625,True,static_best,False,0.0,0.0,kivi_4bit_residual64,0.0,,risk_evidence_insufficient,0.0,static_best,0.0,,,,hybrid-session-003-turn-0,1.4765625,0.0,1.4765625,0.0,0.0,/DATACENTER3/zhenxiang.wang/work/TailGuardKV/.worktrees/baseline-smoke-final-aggregation/out/full_25session_baseline_9_14/full/policy_attempts/full40_20260916_h2o_static_safe/seed20260906,True,calibrated safe,hybrid-session-003,chat,85.61313198879361,0,risk_evidence_insufficient,20260906
kivi_4bit_residual64,3.0,0.1,False,False,online_qwen,False,,/DATACENTER3/zhenxiang.wang/work/TailGuardKV/.worktrees/baseline-smoke-final-aggregation/out/full_25session_baseline_9_14/full/policy_attempts/full40_20260916_h2o_static_safe/seed20260906/config.yaml,,,,,0.1,True,,0.1,,0,False,kivi_4bit_residual64,True,,balanced_two_gpu,1,persistent,27916.96846485138,12433,31818.159461021423,,80.0,5.3046875,1.75,1.75,1.75,1282.936296891421,unknown,True,,True,,False,,15063.70947265625,True,static_best,False,0.0,0.0,kivi_4bit_residual64,0.0,,risk_evidence_insufficient,0.0,static_best,0.0,,,,hybrid-session-004-turn-0,1.75,0.0,1.75,0.0,0.0,/DATACENTER3/zhenxiang.wang/work/TailGuardKV/.worktrees/baseline-smoke-final-aggregation/out/full_25session_baseline_9_14/full/policy_attempts/full40_20260916_h2o_static_safe/seed20260906,True,calibrated safe,hybrid-session-004,chat,96.40268399380147,0,risk_evidence_insufficient,20260906
kivi_4bit_residual64,4.0,0.1,False,False,online_qwen,False,,/DATACENTER3/zhenxiang.wang/work/TailGuardKV/.worktrees/baseline-smoke-final-aggregation/out/full_25session_baseline_9_14/full/policy_attempts/full40_20260916_h2o_static_safe/seed20260906/config.yaml,,,,,0.1,True,,0.1,,0,False,kivi_4bit_residual64,True,,balanced_two_gpu,1,persistent,27916.96846485138,12433,31818.159461021423,,80.0,7.21875,1.9140625,1.9140625,1.9140625,1257.904889062047,unknown,True,,True,,False,,15070.26806640625,True,static_best,False,0.0,0.0,kivi_4bit_residual64,0.0,,risk_evidence_insufficient,0.0,static_best,0.0,,,,hybrid-session-005-turn-0,1.9140625,0.0,1.9140625,0.0,0.0,/DATACENTER3/zhenxiang.wang/work/TailGuardKV/.worktrees/baseline-smoke-final-aggregation/out/full_25session_baseline_9_14/full/policy_attempts/full40_20260916_h2o_static_safe/seed20260906,True,calibrated safe,hybrid-session-005,chat,97.84578811377287,0,risk_evidence_insufficient,20260906
kivi_4bit_residual64,5.0,0.1,False,False,online_qwen,False,,/DATACENTER3/zhenxiang.wang/work/TailGuardKV/.worktrees/baseline-smoke-final-aggregation/out/full_25session_baseline_9_14/full/policy_attempts/full40_20260916_h2o_static_safe/seed20260906/config.yaml,,,,,0.1,True,,0.1,,0,False,kivi_4bit_residual64,True,,balanced_two_gpu,1,persistent,27916.96846485138,12433,31818.159461021423,,80.0,9.84375,2.625,2.625,2.625,1271.68674999848,unknown,True,,True,,False,,15093.27587890625,True,static_best,False,0.0,0.0,kivi_4bit_residual64,0.0,,risk_evidence_insufficient,0.0,static_best,0.0,,,,hybrid-session-006-turn-0,2.625,0.0,2.625,0.0,0.0,/DATACENTER3/zhenxiang.wang/work/TailGuardKV/.worktrees/baseline-smoke-final-aggregation/out/full_25session_baseline_9_14/full/policy_attempts/full40_20260916_h2o_static_safe/seed20260906,True,calibrated safe,hybrid-session-006,chat,99.86750106327236,0,risk_evidence_insufficient,20260906
kivi_4bit_residual64,6.0,0.1,False,False,online_qwen,False,,/DATACENTER3/zhenxiang.wang/work/TailGuardKV/.worktrees/baseline-smoke-final-aggregation/out/full_25session_baseline_9_14/full/policy_attempts/full40_20260916_h2o_static_safe/seed20260906/config.yaml,,,,,0.1,True,,0.1,,0,False,kivi_4bit_residual64,True,,balanced_two_gpu,1,persistent,27916.96846485138,12433,31818.159461021423,,80.0,11.5390625,1.6953125,1.6953125,1.6953125,1255.5808890610933,unknown,True,,True,,False,,15068.48681640625,True,static_best,False,0.0,0.0,kivi_4bit_residual64,0.0,,risk_evidence_insufficient,0.0,static_best,0.0,,,,hybrid-session-009-turn-0,1.6953125,0.0,1.6953125,0.0,0.0,/DATACENTER3/zhenxiang.wang/work/TailGuardKV/.worktrees/baseline-smoke-final-aggregation/out/full_25session_baseline_9_14/full/policy_attempts/full40_20260916_h2o_static_safe/seed20260906,True,calibrated safe,hybrid-session-009,chat,85.88661602698267,0,risk_evidence_insufficient,20260906
kivi_4bit_residual64,7.0,0.1,False,False,online_qwen,False,,/DATACENTER3/zhenxiang.wang/work/TailGuardKV/.worktrees/baseline-smoke-final-aggregation/out/full_25session_baseline_9_14/full/policy_attempts/full40_20260916_h2o_static_safe/seed20260906/config.yaml,,,,,0.1,True,,0.1,,0,False,kivi_4bit_residual64,True,,balanced_two_gpu,1,persistent,27916.96846485138,12433,31818.159461021423,,80.0,13.0703125,1.53125,1.53125,1.53125,1255.093334009871,unknown,True,,True,,False,,15065.87646484375,True,static_best,False,0.0,0.0,kivi_4bit_residual64,0.0,,risk_evidence_insufficient,0.0,static_best,0.0,,,,hybrid-session-010-turn-0,1.53125,0.0,1.53125,0.0,0.0,/DATACENTER3/zhenxiang.wang/work/TailGuardKV/.worktrees/baseline-smoke-final-aggregation/out/full_25session_baseline_9_14/full/policy_attempts/full40_20260916_h2o_static_safe/seed20260906,True,calibrated safe,hybrid-session-010,chat,84.1408979613334,0,risk_evidence_insufficient,20260906
kivi_4bit_residual64,8.0,0.1,False,False,online_qwen,False,,/DATACENTER3/zhenxiang.wang/work/TailGuardKV/.worktrees/baseline-smoke-final-aggregation/out/full_25session_baseline_9_14/full/policy_attempts/full40_20260916_h2o_static_safe/seed20260906/config.yaml,,,,,0.1,True,,0.1,,0,False,kivi_4bit_residual64,True,,balanced_two_gpu,1,persistent,27916.96846485138,12433,31818.159461021423,,80.0,14.875,1.8046875,1.8046875,1.8046875,1260.4635830502957,unknown,True,,True,,False,,15074.73681640625,True,static_best,False,0.0,0.0,kivi_4bit_residual64,0.0,,risk_evidence_insufficient,0.0,static_best,0.0,,,,hybrid-session-013-turn-0,1.8046875,0.0,1.8046875,0.0,0.0,/DATACENTER3/zhenxiang.wang/work/TailGuardKV/.worktrees/baseline-smoke-final-aggregation/out/full_25session_baseline_9_14/full/policy_attempts/full40_20260916_h2o_static_safe/seed20260906,True,calibrated safe,hybrid-session-013,chat,96.75883105956018,0,risk_evidence_insufficient,20260906
kivi_4bit_residual64,9.0,0.1,False,False,online_qwen,False,,/DATACENTER3/zhenxiang.wang/work/TailGuardKV/.worktrees/baseline-smoke-final-aggregation/out/full_25session_baseline_9_14/full/policy_attempts/full40_20260916_h2o_static_safe/seed20260906/config.yaml,,,,,0.1,True,,0.1,,0,False,kivi_4bit_residual64,True,,balanced_two_gpu,1,persistent,27916.96846485138,12433,31818.159461021423,,80.0,17.5,2.625,2.625,2.625,1274.1323951631784,unknown,True,,True,,False,,15100.93212890625,True,static_best,False,0.0,0.0,kivi_4bit_residual64,0.0,,risk_evidence_insufficient,0.0,static_best,0.0,,,,hybrid-session-016-turn-0,2.625,0.0,2.625,0.0,0.0,/DATACENTER3/zhenxiang.wang/work/TailGuardKV/.worktrees/baseline-smoke-final-aggregation/out/full_25session_baseline_9_14/full/policy_attempts/full40_20260916_h2o_static_safe/seed20260906,True,calibrated safe,hybrid-session-016,chat,100.62593594193459,0,risk_evidence_insufficient,20260906
kivi_4bit_residual64,10.0,0.1,False,False,online_qwen,False,,/DATACENTER3/zhenxiang.wang/work/TailGuardKV/.worktrees/baseline-smoke-final-aggregation/out/full_25session_baseline_9_14/full/policy_attempts/full40_20260916_h2o_static_safe/seed20260906/config.yaml,,,,,0.1,True,,0.1,,0,False,kivi_4bit_residual64,True,,balanced_two_gpu,1,persistent,27916.96846485138,12433,31818.159461021423,,80.0,19.90625,2.40625,2.40625,2.40625,1262.4114928767085,unknown,True,,True,,False,,15095.79541015625,True,static_best,False,0.0,0.0,kivi_4bit_residual64,0.0,,risk_evidence_insufficient,0.0,static_best,0.0,,,,hybrid-session-020-turn-0,2.40625,0.0,2.40625,0.0,0.0,/DATACENTER3/zhenxiang.wang/work/TailGuardKV/.worktrees/baseline-smoke-final-aggregation/out/full_25session_baseline_9_14/full/policy_attempts/full40_20260916_h2o_static_safe/seed20260906,True,calibrated safe,hybrid-session-020,chat,97.83480083569884,0,risk_evidence_insufficient,20260906
kivi_4bit_residual64,11.0,0.1,False,False,online_qwen,False,,/DATACENTER3/zhenxiang.wang/work/TailGuardKV/.worktrees/baseline-smoke-final-aggregation/out/full_25session_baseline_9_14/full/policy_attempts/full40_20260916_h2o_static_safe/seed20260906/config.yaml,,,,,0.1,True,,0.1,,0,False,kivi_4bit_residual64,True,,balanced_two_gpu,1,persistent,27916.96846485138,12433,31818.159461021423,,80.0,22.203125,2.296875,2.296875,2.296875,1268.7291409820318,unknown,True,,True,,False,,15095.17822265625,True,static_best,False,0.0,0.0,kivi_4bit_residual64,0.0,,risk_evidence_insufficient,0.0,static_best,0.0,,,,hybrid-session-021-turn-0,2.296875,0.0,2.296875,0.0,0.0,/DATACENTER3/zhenxiang.wang/work/TailGuardKV/.worktrees/baseline-smoke-final-aggregation/out/full_25session_baseline_9_14/full/policy_attempts/full40_20260916_h2o_static_safe/seed20260906,True,calibrated safe,hybrid-session-021,chat,100.60763894580305,0,risk_evidence_insufficient,20260906
kivi_4bit_residual64,12.0,0.1,False,False,online_qwen,False,,/DATACENTER3/zhenxiang.wang/work/TailGuardKV/.worktrees/baseline-smoke-final-aggregation/out/full_25session_baseline_9_14/full/policy_attempts/full40_20260916_h2o_static_safe/seed20260906/config.yaml,,,,,0.1,True,,0.1,,0,False,kivi_4bit_residual64,True,,balanced_two_gpu,1,persistent,27916.96846485138,12433,31818.159461021423,,80.0,24.171875,1.96875,1.96875,1.96875,1268.3593952096999,unknown,True,,True,,False,,15088.40478515625,True,static_best,False,0.0,0.0,kivi_4bit_residual64,0.0,,risk_evidence_insufficient,0.0,static_best,0.0,,,,hybrid-session-025-turn-0,1.96875,0.0,1.96875,0.0,0.0,/DATACENTER3/zhenxiang.wang/work/TailGuardKV/.worktrees/baseline-smoke-final-aggregation/out/full_25session_baseline_9_14/full/policy_attempts/full40_20260916_h2o_static_safe/seed20260906,True,calibrated safe,hybrid-session-025,chat,97.50129003077745,0,risk_evidence_insufficient,20260906
kivi_4bit_residual64,13.0,0.1,False,False,online_qwen,False,,/DATACENTER3/zhenxiang.wang/work/TailGuardKV/.worktrees/baseline-smoke-final-aggregation/out/full_25session_baseline_9_14/full/policy_attempts/full40_20260916_h2o_static_safe/seed20260906/config.yaml,,,,,0.1,True,,0.1,,0,False,kivi_4bit_residual64,True,,balanced_two_gpu,1,persistent,27916.96846485138,12433,31818.159461021423,,80.0,26.359375,2.1875,2.1875,2.1875,1269.842779962346,unknown,True,,True,,False,,15096.42041015625,True,static_best,False,0.0,0.0,kivi_4bit_residual64,0.0,,risk_evidence_insufficient,0.0,static_best,0.0,,,,hybrid-session-026-turn-0,2.1875,0.0,2.1875,0.0,0.0,/DATACENTER3/zhenxiang.wang/work/TailGuardKV/.worktrees/baseline-smoke-final-aggregation/out/full_25session_baseline_9_14/full/policy_attempts/full40_20260916_h2o_static_safe/seed20260906,True,calibrated safe,hybrid-session-026,chat,99.16099905967712,0,risk_evidence_insufficient,20260906
kivi_4bit_residual64,13.0,0.1,False,False,online_qwen,False,,/DATACENTER3/zhenxiang.wang/work/TailGuardKV/.worktrees/baseline-smoke-final-aggregation/out/full_25session_baseline_9_14/full/policy_attempts/full40_20260916_h2o_static_safe/seed20260906/config.yaml,,,,,0.1,True,,0.1,,0,False,kivi_4bit_residual64,True,,balanced_two_gpu,1,persistent,27916.96846485138,12433,31818.159461021423,,80.0,26.829345703125,2.548095703125,2.548095703125,0.469970703125,4765.256277052686,unknown,True,,True,,False,,15088.02685546875,True,static_best,False,0.0,0.0,kivi_4bit_residual64,0.0,,risk_evidence_insufficient,0.0,static_best,0.0,,,,hybrid-session-002-turn-1,2.548095703125,2.078125,2.548095703125,0.0,0.0,/DATACENTER3/zhenxiang.wang/work/TailGuardKV/.worktrees/baseline-smoke-final-aggregation/out/full_25session_baseline_9_14/full/policy_attempts/full40_20260916_h2o_static_safe/seed20260906,True,calibrated safe,hybrid-session-002,chat,97.00540895573795,1,risk_evidence_insufficient,20260906
kivi_4bit_residual64,13.0,0.1,True,False,online_qwen,False,,/DATACENTER3/zhenxiang.wang/work/TailGuardKV/.worktrees/baseline-smoke-final-aggregation/out/full_25session_baseline_9_14/full/policy_attempts/full40_20260916_h2o_static_safe/seed20260906/config.yaml,,,,,0.1,True,,0.1,,0,False,kivi_4bit_residual64,True,,balanced_two_gpu,1,persistent,27916.96846485138,12433,31818.159461021423,,80.0,28.251220703125,2.8984375,2.8984375,1.421875,816.3816048763692,unknown,True,,True,,False,,15078.74658203125,True,static_best,False,0.0,0.0,kivi_4bit_residual64,0.0,,risk_evidence_insufficient,0.0,static_best,0.0,,,,hybrid-session-003-turn-1,2.8984375,1.4765625,2.8984375,0.0,0.0,/DATACENTER3/zhenxiang.wang/work/TailGuardKV/.worktrees/baseline-smoke-final-aggregation/out/full_25session_baseline_9_14/full/policy_attempts/full40_20260916_h2o_static_safe/seed20260906,True,calibrated safe,hybrid-session-003,chat,56.18487996980548,1,risk_evidence_insufficient,20260906
kivi_4bit_residual64,13.0,0.1,False,False,online_qwen,False,,/DATACENTER3/zhenxiang.wang/work/TailGuardKV/.worktrees/baseline-smoke-final-aggregation/out/full_25session_baseline_9_14/full/policy_attempts/full40_20260916_h2o_static_safe/seed20260906/config.yaml,,,,,0.1,True,,0.1,,0,False,kivi_4bit_residual64,True,,balanced_two_gpu,1,persistent,27916.96846485138,12433,31818.159461021423,,80.0,29.76708984375,3.265869140625,3.265869140625,1.515869140625,1279.030883917585,unknown,True,,True,,False,,15128.7724609375,True,static_best,False,0.0,0.0,kivi_4bit_residual64,0.0,,risk_evidence_insufficient,0.0,static_best,0.0,,,,hybrid-session-004-turn-1,3.265869140625,1.75,3.265869140625,0.0,0.0,/DATACENTER3/zhenxiang.wang/work/TailGuardKV/.worktrees/baseline-smoke-final-aggregation/out/full_25session_baseline_9_14/full/policy_attempts/full40_20260916_h2o_static_safe/seed20260906,True,calibrated safe,hybrid-session-004,chat,116.72912701033056,1,risk_evidence_insufficient,20260906
kivi_4bit_residual64,13.0,0.1,False,False,online_qwen,False,,/DATACENTER3/zhenxiang.wang/work/TailGuardKV/.worktrees/baseline-smoke-final-aggregation/out/full_25session_baseline_9_14/full/policy_attempts/full40_20260916_h2o_static_safe/seed20260906/config.yaml,,,,,0.1,True,,0.1,,0,False,kivi_4bit_residual64,True,,balanced_two_gpu,1,persistent,27916.96846485138,12433,31818.159461021423,,80.0,30.65234375,2.79931640625,2.79931640625,0.88525390625,1220.4668691847473,unknown,True,,True,,False,,15106.55908203125,True,static_best,False,0.0,0.0,kivi_4bit_residual64,0.0,,risk_evidence_insufficient,0.0,static_best,0.0,,,,hybrid-session-005-turn-1,2.79931640625,1.9140625,2.79931640625,0.0,0.0,/DATACENTER3/zhenxiang.wang/work/TailGuardKV/.worktrees/baseline-smoke-final-aggregation/out/full_25session_baseline_9_14/full/policy_attempts/full40_20260916_h2o_static_safe/seed20260906,True,calibrated safe,hybrid-session-005,chat,78.01191112957895,1,risk_evidence_insufficient,20260906
kivi_4bit_residual64,13.0,0.1,False,False,online_qwen,False,,/DATACENTER3/zhenxiang.wang/work/TailGuardKV/.worktrees/baseline-smoke-final-aggregation/out/full_25session_baseline_9_14/full/policy_attempts/full40_20260916_h2o_static_safe/seed20260906/config.yaml,,,,,0.1,True,,0.1,,0,False,kivi_4bit_residual64,True,,balanced_two_gpu,1,persistent,27916.96846485138,12433,31818.159461021423,,80.0,31.47265625,3.4453125,3.4453125,0.8203125,1997.663602931425,unknown,True,,True,,False,,15115.2509765625,True,static_best,False,0.0,0.0,kivi_4bit_residual64,0.0,,risk_evidence_insufficient,0.0,static_best,0.0,,,,hybrid-session-006-turn-1,3.4453125,2.625,3.4453125,0.0,0.0,/DATACENTER3/zhenxiang.wang/work/TailGuardKV/.worktrees/baseline-smoke-final-aggregation/out/full_25session_baseline_9_14/full/policy_attempts/full40_20260916_h2o_static_safe/seed20260906,True,calibrated safe,hybrid-session-006,chat,114.60303701460361,1,risk_evidence_insufficient,20260906
kivi_4bit_residual64,13.0,0.1,False,False,online_qwen,False,,/DATACENTER3/zhenxiang.wang/work/TailGuardKV/.worktrees/baseline-smoke-final-aggregation/out/full_25session_baseline_9_14/full/policy_attempts/full40_20260916_h2o_static_safe/seed20260906/config.yaml,,,,,0.1,True,,0.1,,0,False,kivi_4bit_residual64,True,,balanced_two_gpu,1,persistent,27916.96846485138,12433,31818.159461021423,,80.0,33.16796875,3.390625,3.390625,1.6953125,1299.5536259841174,unknown,True,,True,,False,,15090.15771484375,True,static_best,False,0.0,0.0,kivi_4bit_residual64,0.0,,risk_evidence_insufficient,0.0,static_best,0.0,,,,hybrid-session-009-turn-1,3.390625,1.6953125,3.390625,0.0,0.0,/DATACENTER3/zhenxiang.wang/work/TailGuardKV/.worktrees/baseline-smoke-final-aggregation/out/full_25session_baseline_9_14/full/policy_attempts/full40_20260916_h2o_static_safe/seed20260906,True,calibrated safe,hybrid-session-009,chat,87.90719090029597,1,risk_evidence_insufficient,20260906
kivi_4bit_residual64,13.0,0.1,False,False,online_qwen,False,,/DATACENTER3/zhenxiang.wang/work/TailGuardKV/.worktrees/baseline-smoke-final-aggregation/out/full_25session_baseline_9_14/full/policy_attempts/full40_20260916_h2o_static_safe/seed20260906/config.yaml,,,,,0.1,True,,0.1,,0,False,kivi_4bit_residual64,True,,balanced_two_gpu,1,persistent,27916.96846485138,12433,31818.159461021423,,80.0,34.80859375,3.171875,3.171875,1.640625,1286.9992519263178,unknown,True,,True,,False,,15090.34130859375,True,static_best,False,0.0,0.0,kivi_4bit_residual64,0.0,,risk_evidence_insufficient,0.0,static_best,0.0,,,,hybrid-session-010-turn-1,3.171875,1.53125,3.171875,0.0,0.0,/DATACENTER3/zhenxiang.wang/work/TailGuardKV/.worktrees/baseline-smoke-final-aggregation/out/full_25session_baseline_9_14/full/policy_attempts/full40_20260916_h2o_static_safe/seed20260906,True,calibrated safe,hybrid-session-010,chat,88.14073889516294,1,risk_evidence_insufficient,20260906
kivi_4bit_residual64,13.0,0.1,False,False,online_qwen,False,,/DATACENTER3/zhenxiang.wang/work/TailGuardKV/.worktrees/baseline-smoke-final-aggregation/out/full_25session_baseline_9_14/full/policy_attempts/full40_20260916_h2o_static_safe/seed20260906/config.yaml,,,,,0.1,True,,0.1,,0,False,kivi_4bit_residual64,True,,balanced_two_gpu,1,persistent,27916.96846485138,12433,31818.159461021423,,80.0,36.23046875,3.2265625,3.2265625,1.421875,1285.6774372048676,unknown,True,,True,,False,,15086.74462890625,True,static_best,False,0.0,0.0,kivi_4bit_residual64,0.0,,risk_evidence_insufficient,0.0,static_best,0.0,,,,hybrid-session-013-turn-1,3.2265625,1.8046875,3.2265625,0.0,0.0,/DATACENTER3/zhenxiang.wang/work/TailGuardKV/.worktrees/baseline-smoke-final-aggregation/out/full_25session_baseline_9_14/full/policy_attempts/full40_20260916_h2o_static_safe/seed20260906,True,calibrated safe,hybrid-session-013,chat,87.45857304893434,1,risk_evidence_insufficient,20260906
kivi_4bit_residual64,13.0,0.1,False,False,online_qwen,False,,/DATACENTER3/zhenxiang.wang/work/TailGuardKV/.worktrees/baseline-smoke-final-aggregation/out/full_25session_baseline_9_14/full/policy_attempts/full40_20260916_h2o_static_safe/seed20260906/config.yaml,,,,,0.1,True,,0.1,,0,False,kivi_4bit_residual64,True,,balanced_two_gpu,1,persistent,27916.96846485138,12433,31818.159461021423,,80.0,36.297119140625,2.691650390625,2.691650390625,0.066650390625,1769.0698131918907,unknown,True,,True,,False,,15089.38818359375,True,static_best,False,0.0,0.0,kivi_4bit_residual64,0.0,,risk_evidence_insufficient,0.0,static_best,0.0,,,,hybrid-session-016-turn-1,2.691650390625,2.625,2.691650390625,0.0,0.0,/DATACENTER3/zhenxiang.wang/work/TailGuardKV/.worktrees/baseline-smoke-final-aggregation/out/full_25session_baseline_9_14/full/policy_attempts/full40_20260916_h2o_static_safe/seed20260906,True,calibrated safe,hybrid-session-016,chat,87.75825402699411,1,risk_evidence_insufficient,20260906
kivi_4bit_residual64,13.0,0.1,False,False,online_qwen,False,,/DATACENTER3/zhenxiang.wang/work/TailGuardKV/.worktrees/baseline-smoke-final-aggregation/out/full_25session_baseline_9_14/full/policy_attempts/full40_20260916_h2o_static_safe/seed20260906/config.yaml,,,,,0.1,True,,0.1,,0,False,kivi_4bit_residual64,True,,balanced_two_gpu,1,persistent,27916.96846485138,12433,31818.159461021423,,80.0,36.690185546875,2.79931640625,2.79931640625,0.39306640625,1903.7264550570399,unknown,True,,True,,False,,15100.35595703125,True,static_best,False,0.0,0.0,kivi_4bit_residual64,0.0,,risk_evidence_insufficient,0.0,static_best,0.0,,,,hybrid-session-020-turn-1,2.79931640625,2.40625,2.79931640625,0.0,0.0,/DATACENTER3/zhenxiang.wang/work/TailGuardKV/.worktrees/baseline-smoke-final-aggregation/out/full_25session_baseline_9_14/full/policy_attempts/full40_20260916_h2o_static_safe/seed20260906,True,calibrated safe,hybrid-session-020,chat,100.8507099468261,1,risk_evidence_insufficient,20260906
kivi_4bit_residual64,13.0,0.1,False,False,online_qwen,False,,/DATACENTER3/zhenxiang.wang/work/TailGuardKV/.worktrees/baseline-smoke-final-aggregation/out/full_25session_baseline_9_14/full/policy_attempts/full40_20260916_h2o_static_safe/seed20260906/config.yaml,,,,,0.1,True,,0.1,,0,False,kivi_4bit_residual64,True,,balanced_two_gpu,1,persistent,27916.96846485138,12433,31818.159461021423,,80.0,37.3720703125,2.978759765625,2.978759765625,0.681884765625,1970.8466310985386,unknown,True,,True,,False,,15109.2490234375,True,static_best,False,0.0,0.0,kivi_4bit_residual64,0.0,,risk_evidence_insufficient,0.0,static_best,0.0,,,,hybrid-session-021-turn-1,2.978759765625,2.296875,2.978759765625,0.0,0.0,/DATACENTER3/zhenxiang.wang/work/TailGuardKV/.worktrees/baseline-smoke-final-aggregation/out/full_25session_baseline_9_14/full/policy_attempts/full40_20260916_h2o_static_safe/seed20260906,True,calibrated safe,hybrid-session-021,chat,162.6045610755682,1,risk_evidence_insufficient,20260906
kivi_4bit_residual64,13.0,0.1,False,False,online_qwen,False,,/DATACENTER3/zhenxiang.wang/work/TailGuardKV/.worktrees/baseline-smoke-final-aggregation/out/full_25session_baseline_9_14/full/policy_attempts/full40_20260916_h2o_static_safe/seed20260906/config.yaml,,,,,0.1,True,,0.1,,0,False,kivi_4bit_residual64,True,,balanced_two_gpu,1,persistent,27916.96846485138,12433,31818.159461021423,,80.0,38.6845703125,3.28125,3.28125,1.3125,1279.1185521055013,unknown,True,,True,,False,,15085.52294921875,True,static_best,False,0.005128205128205128,0.005128205128205128,kivi_4bit_residual64,0.005128205128205128,,risk_evidence_insufficient,0.0,static_best,0.0,,,,hybrid-session-025-turn-1,3.28125,1.96875,3.28125,0.0,0.005128205128205128,/DATACENTER3/zhenxiang.wang/work/TailGuardKV/.worktrees/baseline-smoke-final-aggregation/out/full_25session_baseline_9_14/full/policy_attempts/full40_20260916_h2o_static_safe/seed20260906,True,calibrated safe,hybrid-session-025,chat,81.23839111067355,1,risk_evidence_insufficient,20260906
kivi_4bit_residual64,13.0,0.1,False,False,online_qwen,False,,/DATACENTER3/zhenxiang.wang/work/TailGuardKV/.worktrees/baseline-smoke-final-aggregation/out/full_25session_baseline_9_14/full/policy_attempts/full40_20260916_h2o_static_safe/seed20260906/config.yaml,,,,,0.1,True,,0.1,,0,False,kivi_4bit_residual64,True,,balanced_two_gpu,1,persistent,27916.96846485138,12433,31818.159461021423,,80.0,39.547607421875,3.050537109375,3.050537109375,0.863037109375,1994.962265016511,unknown,True,,True,,False,,15117.2783203125,True,static_best,False,0.0,0.0,kivi_4bit_residual64,0.0,,risk_evidence_insufficient,0.0,static_best,0.0,,,,hybrid-session-026-turn-1,3.050537109375,2.1875,3.050537109375,0.0,0.0,/DATACENTER3/zhenxiang.wang/work/TailGuardKV/.worktrees/baseline-smoke-final-aggregation/out/full_25session_baseline_9_14/full/policy_attempts/full40_20260916_h2o_static_safe/seed20260906,True,calibrated safe,hybrid-session-026,chat,152.86463196389377,1,risk_evidence_insufficient,20260906
kivi_4bit_residual64,13.0,0.1,True,False,online_qwen,False,,/DATACENTER3/zhenxiang.wang/work/TailGuardKV/.worktrees/baseline-smoke-final-aggregation/out/full_25session_baseline_9_14/full/policy_attempts/full40_20260916_h2o_static_safe/seed20260906/config.yaml,,,,,0.1,True,,0.1,,0,False,kivi_4bit_residual64,True,,balanced_two_gpu,1,persistent,27916.96846485138,12433,31818.159461021423,,80.0,41.591552734375,4.592041015625,4.592041015625,2.0439453125,2089.1124280169606,unknown,True,,True,,False,,15237.5693359375,True,static_best,False,0.0,0.0,kivi_4bit_residual64,0.0,,risk_evidence_insufficient,0.0,static_best,0.0,,,,hybrid-session-002-turn-2,4.592041015625,2.548095703125,4.592041015625,0.0,0.0,/DATACENTER3/zhenxiang.wang/work/TailGuardKV/.worktrees/baseline-smoke-final-aggregation/out/full_25session_baseline_9_14/full/policy_attempts/full40_20260916_h2o_static_safe/seed20260906,True,calibrated safe,hybrid-session-002,qa,198.39802803471684,2,risk_evidence_insufficient,20260906
kivi_4bit_residual64,13.0,0.1,False,False,online_qwen,False,,/DATACENTER3/zhenxiang.wang/work/TailGuardKV/.worktrees/baseline-smoke-final-aggregation/out/full_25session_baseline_9_14/full/policy_attempts/full40_20260916_h2o_static_safe/seed20260906/config.yaml,,,,,0.1,True,,0.1,,0,False,kivi_4bit_residual64,True,,balanced_two_gpu,1,persistent,27916.96846485138,12433,31818.159461021423,,80.0,43.84228515625,5.149169921875,5.149169921875,2.250732421875,2061.044295784086,unknown,True,,True,,False,,15238.6494140625,True,static_best,False,0.0,0.0,kivi_4bit_residual64,0.0,,risk_evidence_insufficient,0.0,static_best,0.0,,,,hybrid-session-003-turn-2,5.149169921875,2.8984375,5.149169921875,0.0,0.0,/DATACENTER3/zhenxiang.wang/work/TailGuardKV/.worktrees/baseline-smoke-final-aggregation/out/full_25session_baseline_9_14/full/policy_attempts/full40_20260916_h2o_static_safe/seed20260906,True,calibrated safe,hybrid-session-003,summary,188.0427747964859,2,risk_evidence_insufficient,20260906
kivi_4bit_residual64,13.0,0.1,False,False,online_qwen,False,,/DATACENTER3/zhenxiang.wang/work/TailGuardKV/.worktrees/baseline-smoke-final-aggregation/out/full_25session_baseline_9_14/full/policy_attempts/full40_20260916_h2o_static_safe/seed20260906/config.yaml,,,,,0.1,True,,0.1,,0,False,kivi_4bit_residual64,True,,balanced_two_gpu,1,persistent,27916.96846485138,12433,31818.159461021423,,80.0,45.347900390625,4.771484375,4.771484375,1.505615234375,2079.5434361789376,unknown,True,,True,,False,,15217.580078125,True,static_best,False,0.03418803418803419,0.03418803418803419,kivi_4bit_residual64,0.03418803418803419,,risk_evidence_insufficient,0.0,static_best,0.0,,,,hybrid-session-004-turn-2,4.771484375,3.265869140625,4.771484375,0.0,0.3418803418803419,/DATACENTER3/zhenxiang.wang/work/TailGuardKV/.worktrees/baseline-smoke-final-aggregation/out/full_25session_baseline_9_14/full/policy_attempts/full40_20260916_h2o_static_safe/seed20260906,False,calibrated unsafe,hybrid-session-004,qa,198.15479801036417,2,risk_evidence_insufficient,20260906
kivi_4bit_residual64,13.0,0.1,False,False,online_qwen,False,,/DATACENTER3/zhenxiang.wang/work/TailGuardKV/.worktrees/baseline-smoke-final-aggregation/out/full_25session_baseline_9_14/full/policy_attempts/full40_20260916_h2o_static_safe/seed20260906/config.yaml,,,,,0.1,True,,0.1,,0,False,kivi_4bit_residual64,True,,balanced_two_gpu,1,persistent,27916.96846485138,12433,31818.159461021423,,80.0,47.06884765625,4.520263671875,4.520263671875,1.720947265625,2054.81532192789,unknown,True,,True,,False,,15228.064453125,True,static_best,False,0.0,0.0,kivi_4bit_residual64,0.0,,risk_evidence_insufficient,0.0,static_best,0.0,,,,hybrid-session-005-turn-2,4.520263671875,2.79931640625,4.520263671875,0.0,0.0,/DATACENTER3/zhenxiang.wang/work/TailGuardKV/.worktrees/baseline-smoke-final-aggregation/out/full_25session_baseline_9_14/full/policy_attempts/full40_20260916_h2o_static_safe/seed20260906,True,calibrated safe,hybrid-session-005,summary,194.76055493578315,2,risk_evidence_insufficient,20260906
kivi_4bit_residual64,13.0,0.1,False,False,online_qwen,False,,/DATACENTER3/zhenxiang.wang/work/TailGuardKV/.worktrees/baseline-smoke-final-aggregation/out/full_25session_baseline_9_14/full/policy_attempts/full40_20260916_h2o_static_safe/seed20260906/config.yaml,,,,,0.1,True,,0.1,,0,False,kivi_4bit_residual64,True,,balanced_two_gpu,1,persistent,27916.96846485138,12433,31818.159461021423,,80.0,49.68701171875,6.0634765625,6.0634765625,2.6181640625,2047.4711549468338,unknown,True,,True,,False,,15265.92138671875,True,static_best,False,0.03418803418803419,0.03418803418803419,kivi_4bit_residual64,0.03418803418803419,,risk_evidence_insufficient,0.0,static_best,0.0,,,,hybrid-session-006-turn-2,6.0634765625,3.4453125,6.0634765625,0.0,0.3418803418803419,/DATACENTER3/zhenxiang.wang/work/TailGuardKV/.worktrees/baseline-smoke-final-aggregation/out/full_25session_baseline_9_14/full/policy_attempts/full40_20260916_h2o_static_safe/seed20260906,False,calibrated unsafe,hybrid-session-006,qa,200.61196200549603,2,risk_evidence_insufficient,20260906
kivi_4bit_residual64,13.0,0.1,False,False,online_qwen,False,,/DATACENTER3/zhenxiang.wang/work/TailGuardKV/.worktrees/baseline-smoke-final-aggregation/out/full_25session_baseline_9_14/full/policy_attempts/full40_20260916_h2o_static_safe/seed20260906/config.yaml,,,,,0.1,True,,0.1,,0,False,kivi_4bit_residual64,True,,balanced_two_gpu,1,persistent,27916.96846485138,12433,31818.159461021423,,80.0,51.302001953125,5.005615234375,5.005615234375,1.614990234375,1992.867044871673,unknown,True,,True,,False,,15225.28515625,True,static_best,False,0.0,0.0,kivi_4bit_residual64,0.0,,risk_evidence_insufficient,0.0,static_best,0.0,,,,hybrid-session-009-turn-2,5.005615234375,3.390625,5.005615234375,0.0,0.0,/DATACENTER3/zhenxiang.wang/work/TailGuardKV/.worktrees/baseline-smoke-final-aggregation/out/full_25session_baseline_9_14/full/policy_attempts/full40_20260916_h2o_static_safe/seed20260906,True,calibrated safe,hybrid-session-009,summary,164.61572982370853,2,risk_evidence_insufficient,20260906
kivi_4bit_residual64,13.0,0.1,False,False,online_qwen,False,,/DATACENTER3/zhenxiang.wang/work/TailGuardKV/.worktrees/baseline-smoke-final-aggregation/out/full_25session_baseline_9_14/full/policy_attempts/full40_20260916_h2o_static_safe/seed20260906/config.yaml,,,,,0.1,True,,0.1,,0,False,kivi_4bit_residual64,True,,balanced_two_gpu,1,persistent,27916.96846485138,12433,31818.159461021423,,80.0,53.56640625,5.436279296875,5.436279296875,2.264404296875,2039.5191840361804,unknown,True,,True,,False,,15250.880859375,True,static_best,False,0.0,0.0,kivi_4bit_residual64,0.0,,risk_evidence_insufficient,0.0,static_best,0.0,,,,hybrid-session-010-turn-2,5.436279296875,3.171875,5.436279296875,0.0,0.0,/DATACENTER3/zhenxiang.wang/work/TailGuardKV/.worktrees/baseline-smoke-final-aggregation/out/full_25session_baseline_9_14/full/policy_attempts/full40_20260916_h2o_static_safe/seed20260906,True,calibrated safe,hybrid-session-010,qa,175.3378410357982,2,risk_evidence_insufficient,20260906
kivi_4bit_residual64,13.0,0.1,True,False,online_qwen,False,,/DATACENTER3/zhenxiang.wang/work/TailGuardKV/.worktrees/baseline-smoke-final-aggregation/out/full_25session_baseline_9_14/full/policy_attempts/full40_20260916_h2o_static_safe/seed20260906/config.yaml,,,,,0.1,True,,0.1,,0,False,kivi_4bit_residual64,True,,balanced_two_gpu,1,persistent,27916.96846485138,12433,31818.159461021423,,80.0,55.52490234375,5.18505859375,5.18505859375,1.95849609375,2061.2785751000047,unknown,True,,True,,False,,15241.21484375,True,static_best,False,0.0,0.0,kivi_4bit_residual64,0.0,,risk_evidence_insufficient,0.0,static_best,0.0,,,,hybrid-session-013-turn-2,5.18505859375,3.2265625,5.18505859375,0.0,0.0,/DATACENTER3/zhenxiang.wang/work/TailGuardKV/.worktrees/baseline-smoke-final-aggregation/out/full_25session_baseline_9_14/full/policy_attempts/full40_20260916_h2o_static_safe/seed20260906,True,calibrated safe,hybrid-session-013,summary,183.76333406195045,2,risk_evidence_insufficient,20260906
kivi_4bit_residual64,13.0,0.1,False,False,online_qwen,False,,/DATACENTER3/zhenxiang.wang/work/TailGuardKV/.worktrees/baseline-smoke-final-aggregation/out/full_25session_baseline_9_14/full/policy_attempts/full40_20260916_h2o_static_safe/seed20260906/config.yaml,,,,,0.1,True,,0.1,,0,False,kivi_4bit_residual64,True,,balanced_two_gpu,1,persistent,27916.96846485138,12433,31818.159461021423,,80.0,57.389404296875,4.55615234375,4.55615234375,1.864501953125,2064.367150887847,unknown,True,,True,,False,,15244.291015625,True,static_best,False,0.0,0.0,kivi_4bit_residual64,0.0,,risk_evidence_insufficient,0.0,static_best,0.0,,,,hybrid-session-016-turn-2,4.55615234375,2.691650390625,4.55615234375,0.0,0.0,/DATACENTER3/zhenxiang.wang/work/TailGuardKV/.worktrees/baseline-smoke-final-aggregation/out/full_25session_baseline_9_14/full/policy_attempts/full40_20260916_h2o_static_safe/seed20260906,True,calibrated safe,hybrid-session-016,qa,196.6536999680102,2,risk_evidence_insufficient,20260906
kivi_4bit_residual64,13.0,0.1,True,False,online_qwen,False,,/DATACENTER3/zhenxiang.wang/work/TailGuardKV/.worktrees/baseline-smoke-final-aggregation/out/full_25session_baseline_9_14/full/policy_attempts/full40_20260916_h2o_static_safe/seed20260906/config.yaml,,,,,0.1,True,,0.1,,0,False,kivi_4bit_residual64,True,,balanced_two_gpu,1,persistent,27916.96846485138,12433,31818.159461021423,,80.0,59.18212890625,4.592041015625,4.592041015625,1.792724609375,2045.6192570272833,unknown,True,,True,,False,,15243.1875,True,static_best,False,0.03418803418803419,0.03418803418803419,kivi_4bit_residual64,0.03418803418803419,,risk_evidence_insufficient,0.0,static_best,0.0,,,,hybrid-session-020-turn-2,4.592041015625,2.79931640625,4.592041015625,0.0,0.3418803418803419,/DATACENTER3/zhenxiang.wang/work/TailGuardKV/.worktrees/baseline-smoke-final-aggregation/out/full_25session_baseline_9_14/full/policy_attempts/full40_20260916_h2o_static_safe/seed20260906,False,calibrated unsafe,hybrid-session-020,qa,197.8633359540254,2,risk_evidence_insufficient,20260906
kivi_4bit_residual64,13.0,0.1,False,False,online_qwen,False,,/DATACENTER3/zhenxiang.wang/work/TailGuardKV/.worktrees/baseline-smoke-final-aggregation/out/full_25session_baseline_9_14/full/policy_attempts/full40_20260916_h2o_static_safe/seed20260906/config.yaml,,,,,0.1,True,,0.1,,0,False,kivi_4bit_residual64,True,,balanced_two_gpu,1,persistent,27916.96846485138,12433,31818.159461021423,,80.0,61.154296875,4.950927734375,4.950927734375,1.97216796875,2042.113380972296,unknown,True,,True,,False,,15253.3935546875,True,static_best,False,0.0,0.0,kivi_4bit_residual64,0.0,,risk_evidence_insufficient,0.0,static_best,0.0,,,,hybrid-session-021-turn-2,4.950927734375,2.978759765625,4.950927734375,0.0,0.0,/DATACENTER3/zhenxiang.wang/work/TailGuardKV/.worktrees/baseline-smoke-final-aggregation/out/full_25session_baseline_9_14/full/policy_attempts/full40_20260916_h2o_static_safe/seed20260906,True,calibrated safe,hybrid-session-021,summary,196.75979879684746,2,risk_evidence_insufficient,20260906
kivi_4bit_residual64,13.0,0.1,False,False,online_qwen,False,,/DATACENTER3/zhenxiang.wang/work/TailGuardKV/.worktrees/baseline-smoke-final-aggregation/out/full_25session_baseline_9_14/full/policy_attempts/full40_20260916_h2o_static_safe/seed20260906/config.yaml,,,,,0.1,True,,0.1,,0,False,kivi_4bit_residual64,True,,balanced_two_gpu,1,persistent,27916.96846485138,12433,31818.159461021423,,80.0,63.165771484375,5.292724609375,5.292724609375,2.011474609375,2011.7760540451854,unknown,True,,True,,False,,15251.8046875,True,static_best,False,0.0,0.0,kivi_4bit_residual64,0.0,,risk_evidence_insufficient,0.0,static_best,0.0,,,,hybrid-session-025-turn-2,5.292724609375,3.28125,5.292724609375,0.0,0.0,/DATACENTER3/zhenxiang.wang/work/TailGuardKV/.worktrees/baseline-smoke-final-aggregation/out/full_25session_baseline_9_14/full/policy_attempts/full40_20260916_h2o_static_safe/seed20260906,True,calibrated safe,hybrid-session-025,summary,171.1428058333695,2,risk_evidence_insufficient,20260906
kivi_4bit_residual64,13.0,0.1,False,False,online_qwen,False,,/DATACENTER3/zhenxiang.wang/work/TailGuardKV/.worktrees/baseline-smoke-final-aggregation/out/full_25session_baseline_9_14/full/policy_attempts/full40_20260916_h2o_static_safe/seed20260906/config.yaml,,,,,0.1,True,,0.1,,0,False,kivi_4bit_residual64,True,,balanced_two_gpu,1,persistent,27916.96846485138,12433,31818.159461021423,,80.0,65.209716796875,5.094482421875,5.094482421875,2.0439453125,2014.5470139104873,unknown,True,,True,,False,,15260.15673828125,True,static_best,False,0.03418803418803419,0.03418803418803419,kivi_4bit_residual64,0.03418803418803419,,risk_evidence_insufficient,0.0,static_best,0.0,,,,hybrid-session-026-turn-2,5.094482421875,3.050537109375,5.094482421875,0.0,0.3418803418803419,/DATACENTER3/zhenxiang.wang/work/TailGuardKV/.worktrees/baseline-smoke-final-aggregation/out/full_25session_baseline_9_14/full/policy_attempts/full40_20260916_h2o_static_safe/seed20260906,False,calibrated unsafe,hybrid-session-026,qa,189.3867428880185,2,risk_evidence_insufficient,20260906
kivi_4bit_residual64,13.0,0.1,False,False,online_qwen,False,,/DATACENTER3/zhenxiang.wang/work/TailGuardKV/.worktrees/baseline-smoke-final-aggregation/out/full_25session_baseline_9_14/full/policy_attempts/full40_20260916_h2o_static_safe/seed20260906/config.yaml,,,,,0.1,True,,0.1,,0,False,kivi_4bit_residual64,True,,balanced_two_gpu,1,persistent,27916.96846485138,12433,31818.159461021423,,80.0,66.82470703125,6.20703125,6.20703125,1.614990234375,1989.0442229807377,unknown,True,,True,,False,,15144.7421875,True,static_best,False,0.0,0.0,kivi_4bit_residual64,0.0,,risk_evidence_insufficient,0.0,static_best,0.0,,,,hybrid-session-002-turn-3,6.20703125,4.592041015625,6.20703125,0.0,0.0,/DATACENTER3/zhenxiang.wang/work/TailGuardKV/.worktrees/baseline-smoke-final-aggregation/out/full_25session_baseline_9_14/full/policy_attempts/full40_20260916_h2o_static_safe/seed20260906,True,calibrated safe,hybrid-session-002,qa,148.85062095709145,3,risk_evidence_insufficient,20260906
kivi_4bit_residual64,13.0,0.1,False,False,online_qwen,False,,/DATACENTER3/zhenxiang.wang/work/TailGuardKV/.worktrees/baseline-smoke-final-aggregation/out/full_25session_baseline_9_14/full/policy_attempts/full40_20260916_h2o_static_safe/seed20260906/config.yaml,,,,,0.1,True,,0.1,,0,False,kivi_4bit_residual64,True,,balanced_two_gpu,1,persistent,27916.96846485138,12433,31818.159461021423,,80.0,67.20068359375,5.525146484375,5.525146484375,0.3759765625,2015.3456320986152,unknown,True,,True,,False,,15143.60546875,True,static_best,False,0.0,0.0,kivi_4bit_residual64,0.0,,risk_evidence_insufficient,0.0,static_best,0.0,,,,hybrid-session-003-turn-3,5.525146484375,5.149169921875,5.525146484375,0.0,0.0,/DATACENTER3/zhenxiang.wang/work/TailGuardKV/.worktrees/baseline-smoke-final-aggregation/out/full_25session_baseline_9_14/full/policy_attempts/full40_20260916_h2o_static_safe/seed20260906,True,calibrated safe,hybrid-session-003,summary,182.47058195993304,3,risk_evidence_insufficient,20260906
kivi_4bit_residual64,13.0,0.1,False,False,online_qwen,False,,/DATACENTER3/zhenxiang.wang/work/TailGuardKV/.worktrees/baseline-smoke-final-aggregation/out/full_25session_baseline_9_14/full/policy_attempts/full40_20260916_h2o_static_safe/seed20260906/config.yaml,,,,,0.1,True,,0.1,,0,False,kivi_4bit_residual64,True,,balanced_two_gpu,1,persistent,27916.96846485138,12433,31818.159461021423,,80.0,68.815673828125,6.386474609375,6.386474609375,1.614990234375,1986.5001828875393,unknown,True,,True,,False,,15146.689453125,True,static_best,False,0.03418803418803419,0.03418803418803419,kivi_4bit_residual64,0.03418803418803419,,risk_evidence_insufficient,0.0,static_best,0.0,,,,hybrid-session-004-turn-3,6.386474609375,4.771484375,6.386474609375,0.0,0.3418803418803419,/DATACENTER3/zhenxiang.wang/work/TailGuardKV/.worktrees/baseline-smoke-final-aggregation/out/full_25session_baseline_9_14/full/policy_attempts/full40_20260916_h2o_static_safe/seed20260906,False,calibrated unsafe,hybrid-session-004,qa,145.29098686762154,3,risk_evidence_insufficient,20260906
kivi_4bit_residual64,13.0,0.1,False,False,online_qwen,False,,/DATACENTER3/zhenxiang.wang/work/TailGuardKV/.worktrees/baseline-smoke-final-aggregation/out/full_25session_baseline_9_14/full/policy_attempts/full40_20260916_h2o_static_safe/seed20260906/config.yaml,,,,,0.1,True,,0.1,,0,False,kivi_4bit_residual64,True,,balanced_two_gpu,1,persistent,27916.96846485138,12433,31818.159461021423,,80.0,70.394775390625,6.099365234375,6.099365234375,1.5791015625,2006.5428470261395,unknown,True,,True,,False,,15146.791015625,True,static_best,False,0.0,0.0,kivi_4bit_residual64,0.0,,risk_evidence_insufficient,0.0,static_best,0.0,,,,hybrid-session-005-turn-3,6.099365234375,4.520263671875,6.099365234375,0.0,0.0,/DATACENTER3/zhenxiang.wang/work/TailGuardKV/.worktrees/baseline-smoke-final-aggregation/out/full_25session_baseline_9_14/full/policy_attempts/full40_20260916_h2o_static_safe/seed20260906,True,calibrated safe,hybrid-session-005,summary,147.02358096837997,3,risk_evidence_insufficient,20260906
kivi_4bit_residual64,13.0,0.1,False,False,online_qwen,False,,/DATACENTER3/zhenxiang.wang/work/TailGuardKV/.worktrees/baseline-smoke-final-aggregation/out/full_25session_baseline_9_14/full/policy_attempts/full40_20260916_h2o_static_safe/seed20260906/config.yaml,,,,,0.1,True,,0.1,,0,False,kivi_4bit_residual64,True,,balanced_two_gpu,1,persistent,27916.96846485138,12433,31818.159461021423,,80.0,70.806640625,6.475341796875,6.475341796875,0.411865234375,2011.49499299936,unknown,True,,True,,False,,15148.673828125,True,static_best,False,0.0,0.0,kivi_4bit_residual64,0.0,,risk_evidence_insufficient,0.0,static_best,0.0,,,,hybrid-session-006-turn-3,6.475341796875,6.0634765625,6.475341796875,0.0,0.0,/DATACENTER3/zhenxiang.wang/work/TailGuardKV/.worktrees/baseline-smoke-final-aggregation/out/full_25session_baseline_9_14/full/policy_attempts/full40_20260916_h2o_static_safe/seed20260906,True,calibrated safe,hybrid-session-006,qa,169.83123891986907,3,risk_evidence_insufficient,20260906
kivi_4bit_residual64,13.0,0.1,False,False,online_qwen,False,,/DATACENTER3/zhenxiang.wang/work/TailGuardKV/.worktrees/baseline-smoke-final-aggregation/out/full_25session_baseline_9_14/full/policy_attempts/full40_20260916_h2o_static_safe/seed20260906/config.yaml,,,,,0.1,True,,0.1,,0,False,kivi_4bit_residual64,True,,balanced_two_gpu,1,persistent,27916.96846485138,12433,31818.159461021423,,80.0,71.1826171875,5.381591796875,5.381591796875,0.3759765625,2007.6211139094085,unknown,True,,True,,False,,15147.59765625,True,static_best,False,0.0,0.0,kivi_4bit_residual64,0.0,,risk_evidence_insufficient,0.0,static_best,0.0,,,,hybrid-session-009-turn-3,5.381591796875,5.005615234375,5.381591796875,0.0,0.0,/DATACENTER3/zhenxiang.wang/work/TailGuardKV/.worktrees/baseline-smoke-final-aggregation/out/full_25session_baseline_9_14/full/policy_attempts/full40_20260916_h2o_static_safe/seed20260906,True,calibrated safe,hybrid-session-009,summary,170.2838649507612,3,risk_evidence_insufficient,20260906
kivi_4bit_residual64,13.0,0.1,False,False,online_qwen,False,,/DATACENTER3/zhenxiang.wang/work/TailGuardKV/.worktrees/baseline-smoke-final-aggregation/out/full_25session_baseline_9_14/full/policy_attempts/full40_20260916_h2o_static_safe/seed20260906/config.yaml,,,,,0.1,True,,0.1,,0,False,kivi_4bit_residual64,True,,balanced_two_gpu,1,persistent,27916.96846485138,12433,31818.159461021423,,80.0,71.594482421875,5.84814453125,5.84814453125,0.411865234375,2018.7271279282868,unknown,True,,True,,False,,15149.47265625,True,static_best,False,0.0,0.0,kivi_4bit_residual64,0.0,,risk_evidence_insufficient,0.0,static_best,0.0,,,,hybrid-session-010-turn-3,5.84814453125,5.436279296875,5.84814453125,0.0,0.0,/DATACENTER3/zhenxiang.wang/work/TailGuardKV/.worktrees/baseline-smoke-final-aggregation/out/full_25session_baseline_9_14/full/policy_attempts/full40_20260916_h2o_static_safe/seed20260906,True,calibrated safe,hybrid-session-010,qa,164.9780198931694,3,risk_evidence_insufficient,20260906
kivi_4bit_residual64,13.0,0.1,False,False,online_qwen,False,,/DATACENTER3/zhenxiang.wang/work/TailGuardKV/.worktrees/baseline-smoke-final-aggregation/out/full_25session_baseline_9_14/full/policy_attempts/full40_20260916_h2o_static_safe/seed20260906/config.yaml,,,,,0.1,True,,0.1,,0,False,kivi_4bit_residual64,True,,balanced_two_gpu,1,persistent,27916.96846485138,12433,31818.159461021423,,80.0,71.970458984375,5.56103515625,5.56103515625,0.3759765625,2025.8130480069667,unknown,True,,True,,False,,15148.37109375,True,static_best,False,0.0,0.0,kivi_4bit_residual64,0.0,,risk_evidence_insufficient,0.0,static_best,0.0,,,,hybrid-session-013-turn-3,5.56103515625,5.18505859375,5.56103515625,0.0,0.0,/DATACENTER3/zhenxiang.wang/work/TailGuardKV/.worktrees/baseline-smoke-final-aggregation/out/full_25session_baseline_9_14/full/policy_attempts/full40_20260916_h2o_static_safe/seed20260906,True,calibrated safe,hybrid-session-013,summary,174.39509695395827,3,risk_evidence_insufficient,20260906
kivi_4bit_residual64,13.0,0.1,False,False,online_qwen,False,,/DATACENTER3/zhenxiang.wang/work/TailGuardKV/.worktrees/baseline-smoke-final-aggregation/out/full_25session_baseline_9_14/full/policy_attempts/full40_20260916_h2o_static_safe/seed20260906/config.yaml,,,,,0.1,True,,0.1,,0,False,kivi_4bit_residual64,True,,balanced_two_gpu,1,persistent,27916.96846485138,12433,31818.159461021423,,80.0,73.58544921875,6.171142578125,6.171142578125,1.614990234375,1990.3717008419335,unknown,True,,True,,False,,15151.431640625,True,static_best,False,0.0,0.0,kivi_4bit_residual64,0.0,,risk_evidence_insufficient,0.0,static_best,0.0,,,,hybrid-session-016-turn-3,6.171142578125,4.55615234375,6.171142578125,0.0,0.0,/DATACENTER3/zhenxiang.wang/work/TailGuardKV/.worktrees/baseline-smoke-final-aggregation/out/full_25session_baseline_9_14/full/policy_attempts/full40_20260916_h2o_static_safe/seed20260906,True,calibrated safe,hybrid-session-016,qa,144.7819739114493,3,risk_evidence_insufficient,20260906
kivi_4bit_residual64,13.0,0.1,False,False,online_qwen,False,,/DATACENTER3/zhenxiang.wang/work/TailGuardKV/.worktrees/baseline-smoke-final-aggregation/out/full_25session_baseline_9_14/full/policy_attempts/full40_20260916_h2o_static_safe/seed20260906/config.yaml,,,,,0.1,True,,0.1,,0,False,kivi_4bit_residual64,True,,balanced_two_gpu,1,persistent,27916.96846485138,12433,31818.159461021423,,80.0,75.200439453125,6.20703125,6.20703125,1.614990234375,1986.9491949211806,unknown,True,,True,,False,,15153.041015625,True,static_best,False,0.0,0.0,kivi_4bit_residual64,0.0,,risk_evidence_insufficient,0.0,static_best,0.0,,,,hybrid-session-020-turn-3,6.20703125,4.592041015625,6.20703125,0.0,0.0,/DATACENTER3/zhenxiang.wang/work/TailGuardKV/.worktrees/baseline-smoke-final-aggregation/out/full_25session_baseline_9_14/full/policy_attempts/full40_20260916_h2o_static_safe/seed20260906,True,calibrated safe,hybrid-session-020,qa,144.30051506496966,3,risk_evidence_insufficient,20260906
kivi_4bit_residual64,13.0,0.1,False,False,online_qwen,False,,/DATACENTER3/zhenxiang.wang/work/TailGuardKV/.worktrees/baseline-smoke-final-aggregation/out/full_25session_baseline_9_14/full/policy_attempts/full40_20260916_h2o_static_safe/seed20260906/config.yaml,,,,,0.1,True,,0.1,,0,False,kivi_4bit_residual64,True,,balanced_two_gpu,1,persistent,27916.96846485138,12433,31818.159461021423,,80.0,76.779541015625,6.530029296875,6.530029296875,1.5791015625,1997.665551956743,unknown,True,,True,,False,,15153.134765625,True,static_best,False,0.0,0.0,kivi_4bit_residual64,0.0,,risk_evidence_insufficient,0.0,static_best,0.0,,,,hybrid-session-021-turn-3,6.530029296875,4.950927734375,6.530029296875,0.0,0.0,/DATACENTER3/zhenxiang.wang/work/TailGuardKV/.worktrees/baseline-smoke-final-aggregation/out/full_25session_baseline_9_14/full/policy_attempts/full40_20260916_h2o_static_safe/seed20260906,True,calibrated safe,hybrid-session-021,summary,148.29030400142074,3,risk_evidence_insufficient,20260906
kivi_4bit_residual64,13.0,0.1,False,False,online_qwen,False,,/DATACENTER3/zhenxiang.wang/work/TailGuardKV/.worktrees/baseline-smoke-final-aggregation/out/full_25session_baseline_9_14/full/policy_attempts/full40_20260916_h2o_static_safe/seed20260906/config.yaml,,,,,0.1,True,,0.1,,0,False,kivi_4bit_residual64,True,,balanced_two_gpu,1,persistent,27916.96846485138,12433,31818.159461021423,,80.0,77.155517578125,5.668701171875,5.668701171875,0.3759765625,2007.508385926485,unknown,True,,True,,False,,15153.517578125,True,static_best,False,0.0,0.0,kivi_4bit_residual64,0.0,,risk_evidence_insufficient,0.0,static_best,0.0,,,,hybrid-session-025-turn-3,5.668701171875,5.292724609375,5.668701171875,0.0,0.0,/DATACENTER3/zhenxiang.wang/work/TailGuardKV/.worktrees/baseline-smoke-final-aggregation/out/full_25session_baseline_9_14/full/policy_attempts/full40_20260916_h2o_static_safe/seed20260906,True,calibrated safe,hybrid-session-025,summary,165.89589789509773,3,risk_evidence_insufficient,20260906
kivi_4bit_residual64,13.0,0.1,False,False,online_qwen,False,,/DATACENTER3/zhenxiang.wang/work/TailGuardKV/.worktrees/baseline-smoke-final-aggregation/out/full_25session_baseline_9_14/full/policy_attempts/full40_20260916_h2o_static_safe/seed20260906/config.yaml,,,,,0.1,True,,0.1,,0,False,kivi_4bit_residual64,True,,balanced_two_gpu,1,persistent,27916.96846485138,12433,31818.159461021423,,80.0,78.7705078125,6.70947265625,6.70947265625,1.614990234375,1994.8569659609348,unknown,True,,True,,False,,15156.568359375,True,static_best,False,0.03418803418803419,0.03418803418803419,kivi_4bit_residual64,0.03418803418803419,,risk_evidence_insufficient,0.0,static_best,0.0,,,,hybrid-session-026-turn-3,6.70947265625,5.094482421875,6.70947265625,0.0,0.3418803418803419,/DATACENTER3/zhenxiang.wang/work/TailGuardKV/.worktrees/baseline-smoke-final-aggregation/out/full_25session_baseline_9_14/full/policy_attempts/full40_20260916_h2o_static_safe/seed20260906,False,calibrated unsafe,hybrid-session-026,qa,144.96435993351042,3,risk_evidence_insufficient,20260906
kivi_4bit_residual64,13.0,0.1,False,False,online_qwen,False,,/DATACENTER3/zhenxiang.wang/work/TailGuardKV/.worktrees/baseline-smoke-final-aggregation/out/full_25session_baseline_9_14/full/policy_attempts/full40_20260916_h2o_static_safe/seed20260906/config.yaml,,,,,0.1,True,,0.1,,0,False,kivi_4bit_residual64,True,,balanced_two_gpu,1,persistent,27916.96846485138,12433,31818.159461021423,,80.0,79.0029296875,6.439453125,6.439453125,0.232421875,2030.4058089386672,unknown,True,,True,,False,,15149.53125,True,static_best,False,0.0,0.0,kivi_4bit_residual64,0.0,,risk_evidence_insufficient,0.0,static_best,0.0,,,,hybrid-session-002-turn-4,6.439453125,6.20703125,6.439453125,0.0,0.0,/DATACENTER3/zhenxiang.wang/work/TailGuardKV/.worktrees/baseline-smoke-final-aggregation/out/full_25session_baseline_9_14/full/policy_attempts/full40_20260916_h2o_static_safe/seed20260906,True,calibrated safe,hybrid-session-002,qa,183.680604910478,4,risk_evidence_insufficient,20260906
kivi_4bit_residual64,13.0,0.1,False,False,online_qwen,False,,/DATACENTER3/zhenxiang.wang/work/TailGuardKV/.worktrees/baseline-smoke-final-aggregation/out/full_25session_baseline_9_14/full/policy_attempts/full40_20260916_h2o_static_safe/seed20260906/config.yaml,,,,,0.1,True,,0.1,,0,False,kivi_4bit_residual64,True,,balanced_two_gpu,1,persistent,27916.96846485138,12433,31818.159461021423,,80.0,79.2353515625,5.757568359375,5.757568359375,0.232421875,2007.6530179940164,unknown,True,,True,,False,,15150.970703125,True,static_best,False,0.0,0.0,kivi_4bit_residual64,0.0,,risk_evidence_insufficient,0.0,static_best,0.0,,,,hybrid-session-003-turn-4,5.757568359375,5.525146484375,5.757568359375,0.0,0.0,/DATACENTER3/zhenxiang.wang/work/TailGuardKV/.worktrees/baseline-smoke-final-aggregation/out/full_25session_baseline_9_14/full/policy_attempts/full40_20260916_h2o_static_safe/seed20260906,True,calibrated safe,hybrid-session-003,summary,141.63796789944172,4,risk_evidence_insufficient,20260906
kivi_4bit_residual64,13.0,0.1,False,False,online_qwen,False,,/DATACENTER3/zhenxiang.wang/work/TailGuardKV/.worktrees/baseline-smoke-final-aggregation/out/full_25session_baseline_9_14/full/policy_attempts/full40_20260916_h2o_static_safe/seed20260906/config.yaml,,,,,0.1,True,,0.1,,0,False,kivi_4bit_residual64,True,,balanced_two_gpu,1,persistent,27916.96846485138,12433,31818.159461021423,,80.0,79.4677734375,6.618896484375,6.618896484375,0.232421875,2016.3238910026848,unknown,True,,True,,False,,15149.98828125,True,static_best,False,0.0,0.0,kivi_4bit_residual64,0.0,,risk_evidence_insufficient,0.0,static_best,0.0,,,,hybrid-session-004-turn-4,6.618896484375,6.386474609375,6.618896484375,0.0,0.0,/DATACENTER3/zhenxiang.wang/work/TailGuardKV/.worktrees/baseline-smoke-final-aggregation/out/full_25session_baseline_9_14/full/policy_attempts/full40_20260916_h2o_static_safe/seed20260906,True,calibrated safe,hybrid-session-004,qa,166.25358001329005,4,risk_evidence_insufficient,20260906
kivi_4bit_residual64,13.0,0.1,False,False,online_qwen,False,,/DATACENTER3/zhenxiang.wang/work/TailGuardKV/.worktrees/baseline-smoke-final-aggregation/out/full_25session_baseline_9_14/full/policy_attempts/full40_20260916_h2o_static_safe/seed20260906/config.yaml,,,,,0.1,True,,0.1,,0,False,kivi_4bit_residual64,True,,balanced_two_gpu,1,persistent,27916.96846485138,12433,31818.159461021423,,80.0,79.7001953125,6.331787109375,6.331787109375,0.232421875,2006.343392888084,unknown,True,,True,,False,,15150.234375,True,static_best,False,0.0,0.0,kivi_4bit_residual64,0.0,,risk_evidence_insufficient,0.0,static_best,0.0,,,,hybrid-session-005-turn-4,6.331787109375,6.099365234375,6.331787109375,0.0,0.0,/DATACENTER3/zhenxiang.wang/work/TailGuardKV/.worktrees/baseline-smoke-final-aggregation/out/full_25session_baseline_9_14/full/policy_attempts/full40_20260916_h2o_static_safe/seed20260906,True,calibrated safe,hybrid-session-005,summary,170.5478779040277,4,risk_evidence_insufficient,20260906
kivi_4bit_residual64,13.0,0.1,False,False,online_qwen,False,,/DATACENTER3/zhenxiang.wang/work/TailGuardKV/.worktrees/baseline-smoke-final-aggregation/out/full_25session_baseline_9_14/full/policy_attempts/full40_20260916_h2o_static_safe/seed20260906/config.yaml,,,,,0.1,True,,0.1,,0,False,kivi_4bit_residual64,True,,balanced_two_gpu,1,persistent,27916.96846485138,12433,31818.159461021423,,80.0,79.9326171875,6.707763671875,6.707763671875,0.232421875,1998.7751750741154,unknown,True,,True,,False,,15151.68359375,True,static_best,False,0.0,0.0,kivi_4bit_residual64,0.0,,risk_evidence_insufficient,0.0,static_best,0.0,,,,hybrid-session-006-turn-4,6.707763671875,6.475341796875,6.707763671875,0.0,0.0,/DATACENTER3/zhenxiang.wang/work/TailGuardKV/.worktrees/baseline-smoke-final-aggregation/out/full_25session_baseline_9_14/full/policy_attempts/full40_20260916_h2o_static_safe/seed20260906,True,calibrated safe,hybrid-session-006,qa,143.52432102896273,4,risk_evidence_insufficient,20260906
kivi_4bit_residual64,13.0,0.1,True,True,online_qwen,True,,/DATACENTER3/zhenxiang.wang/work/TailGuardKV/.worktrees/baseline-smoke-final-aggregation/out/full_25session_baseline_9_14/full/policy_attempts/full40_20260916_h2o_static_safe/seed20260906/config.yaml,,,,,0.1,True,,0.1,,5.84814453125,False,kivi_4bit_residual64,True,,balanced_two_gpu,1,persistent,27916.96846485138,12433,31818.159461021423,,80.0,74.31689453125,5.614013671875,5.614013671875,0.232421875,2362.5630831811577,unknown,True,,True,,False,,15151.927734375,True,static_best,False,0.0,0.0,kivi_4bit_residual64,0.0,,risk_evidence_insufficient,0.0,static_best,0.0,,,,hybrid-session-009-turn-4,5.614013671875,5.381591796875,5.614013671875,0.0,0.0,/DATACENTER3/zhenxiang.wang/work/TailGuardKV/.worktrees/baseline-smoke-final-aggregation/out/full_25session_baseline_9_14/full/policy_attempts/full40_20260916_h2o_static_safe/seed20260906,True,calibrated safe,hybrid-session-009,summary,147.49378617852926,4,risk_evidence_insufficient,20260906
kivi_4bit_residual64,13.0,0.1,False,True,online_qwen,True,,/DATACENTER3/zhenxiang.wang/work/TailGuardKV/.worktrees/baseline-smoke-final-aggregation/out/full_25session_baseline_9_14/full/policy_attempts/full40_20260916_h2o_static_safe/seed20260906/config.yaml,,,,,0.1,True,,0.1,,5.56103515625,False,kivi_4bit_residual64,True,,balanced_two_gpu,1,persistent,27916.96846485138,12433,31818.159461021423,,80.0,75.087646484375,6.331787109375,6.331787109375,6.331787109375,2546.3495671283454,unknown,True,,True,,False,,15497.2939453125,True,static_best,False,0.0,0.0,kivi_4bit_residual64,0.0,,risk_evidence_insufficient,0.0,static_best,323.78713320940733,,,,hybrid-session-010-turn-4,6.331787109375,0.0,6.331787109375,0.0,0.0,/DATACENTER3/zhenxiang.wang/work/TailGuardKV/.worktrees/baseline-smoke-final-aggregation/out/full_25session_baseline_9_14/full/policy_attempts/full40_20260916_h2o_static_safe/seed20260906,True,calibrated safe,hybrid-session-010,qa,324.58543800748885,4,risk_evidence_insufficient,20260906
kivi_4bit_residual64,13.0,0.1,True,True,online_qwen,True,,/DATACENTER3/zhenxiang.wang/work/TailGuardKV/.worktrees/baseline-smoke-final-aggregation/out/full_25session_baseline_9_14/full/policy_attempts/full40_20260916_h2o_static_safe/seed20260906/config.yaml,,,,,0.1,True,,0.1,,6.171142578125,False,kivi_4bit_residual64,True,,balanced_two_gpu,1,persistent,27916.96846485138,12433,31818.159461021423,,80.0,75.032958984375,6.116455078125,6.116455078125,6.116455078125,2105.9984450694174,unknown,True,,True,,False,,15489.115234375,True,static_best,False,0.0,0.0,kivi_4bit_residual64,0.0,,risk_evidence_insufficient,0.0,static_best,242.44914203882217,,,,hybrid-session-013-turn-4,6.116455078125,0.0,6.116455078125,0.0,0.0,/DATACENTER3/zhenxiang.wang/work/TailGuardKV/.worktrees/baseline-smoke-final-aggregation/out/full_25session_baseline_9_14/full/policy_attempts/full40_20260916_h2o_static_safe/seed20260906,True,calibrated safe,hybrid-session-013,summary,243.15247498452663,4,risk_evidence_insufficient,20260906
kivi_4bit_residual64,13.0,0.1,False,True,online_qwen,True,,/DATACENTER3/zhenxiang.wang/work/TailGuardKV/.worktrees/baseline-smoke-final-aggregation/out/full_25session_baseline_9_14/full/policy_attempts/full40_20260916_h2o_static_safe/seed20260906/config.yaml,,,,,0.1,True,,0.1,,6.20703125,False,kivi_4bit_residual64,True,,balanced_two_gpu,1,persistent,27916.96846485138,12433,31818.159461021423,,80.0,74.51171875,5.685791015625,5.685791015625,5.685791015625,2134.0546391438693,unknown,True,,True,,False,,15473.35986328125,True,static_best,False,0.0,0.0,kivi_4bit_residual64,0.0,,risk_evidence_insufficient,0.0,static_best,252.31781299225986,,,,hybrid-session-016-turn-4,5.685791015625,0.0,5.685791015625,0.0,0.0,/DATACENTER3/zhenxiang.wang/work/TailGuardKV/.worktrees/baseline-smoke-final-aggregation/out/full_25session_baseline_9_14/full/policy_attempts/full40_20260916_h2o_static_safe/seed20260906,True,calibrated safe,hybrid-session-016,qa,253.0686240643263,4,risk_evidence_insufficient,20260906
kivi_4bit_residual64,13.0,0.1,False,True,online_qwen,True,,/DATACENTER3/zhenxiang.wang/work/TailGuardKV/.worktrees/baseline-smoke-final-aggregation/out/full_25session_baseline_9_14/full/policy_attempts/full40_20260916_h2o_static_safe/seed20260906/config.yaml,,,,,0.1,True,,0.1,,6.530029296875,False,kivi_4bit_residual64,True,,balanced_two_gpu,1,persistent,27916.96846485138,12433,31818.159461021423,,80.0,73.703369140625,5.7216796875,5.7216796875,5.7216796875,2113.958662142977,unknown,True,,True,,False,,15474.37158203125,True,static_best,False,0.0,0.0,kivi_4bit_residual64,0.0,,risk_evidence_insufficient,0.0,static_best,243.86775703169405,,,,hybrid-session-020-turn-4,5.7216796875,0.0,5.7216796875,0.0,0.0,/DATACENTER3/zhenxiang.wang/work/TailGuardKV/.worktrees/baseline-smoke-final-aggregation/out/full_25session_baseline_9_14/full/policy_attempts/full40_20260916_h2o_static_safe/seed20260906,True,calibrated safe,hybrid-session-020,qa,244.49734203517437,4,risk_evidence_insufficient,20260906
kivi_4bit_residual64,13.0,0.1,False,False,online_qwen,False,,/DATACENTER3/zhenxiang.wang/work/TailGuardKV/.worktrees/baseline-smoke-final-aggregation/out/full_25session_baseline_9_14/full/policy_attempts/full40_20260916_h2o_static_safe/seed20260906/config.yaml,,,,,0.1,True,,0.1,,0,False,kivi_4bit_residual64,True,,balanced_two_gpu,1,persistent,27916.96846485138,12433,31818.159461021423,,80.0,79.748046875,6.044677734375,6.044677734375,6.044677734375,2115.9383489284664,unknown,True,,True,,False,,15487.63330078125,True,static_best,False,0.0,0.0,kivi_4bit_residual64,0.0,,risk_evidence_insufficient,0.0,static_best,242.73856589570642,,,,hybrid-session-021-turn-4,6.044677734375,0.0,6.044677734375,0.0,0.0,/DATACENTER3/zhenxiang.wang/work/TailGuardKV/.worktrees/baseline-smoke-final-aggregation/out/full_25session_baseline_9_14/full/policy_attempts/full40_20260916_h2o_static_safe/seed20260906,True,calibrated safe,hybrid-session-021,summary,243.43199795112014,4,risk_evidence_insufficient,20260906
kivi_4bit_residual64,13.0,0.1,False,False,online_qwen,False,,/DATACENTER3/zhenxiang.wang/work/TailGuardKV/.worktrees/baseline-smoke-final-aggregation/out/full_25session_baseline_9_14/full/policy_attempts/full40_20260916_h2o_static_safe/seed20260906/config.yaml,,,,,0.1,True,,0.1,,0,False,kivi_4bit_residual64,True,,balanced_two_gpu,1,persistent,27916.96846485138,12433,31818.159461021423,,80.0,79.98046875,5.901123046875,5.901123046875,0.232421875,2023.6947541125119,unknown,True,,True,,False,,15151.77734375,True,static_best,False,0.0,0.0,kivi_4bit_residual64,0.0,,risk_evidence_insufficient,0.0,static_best,0.0,,,,hybrid-session-025-turn-4,5.901123046875,5.668701171875,5.901123046875,0.0,0.0,/DATACENTER3/zhenxiang.wang/work/TailGuardKV/.worktrees/baseline-smoke-final-aggregation/out/full_25session_baseline_9_14/full/policy_attempts/full40_20260916_h2o_static_safe/seed20260906,True,calibrated safe,hybrid-session-025,summary,145.0488220434636,4,risk_evidence_insufficient,20260906
kivi_4bit_residual64,13.0,0.1,False,True,online_qwen,True,,/DATACENTER3/zhenxiang.wang/work/TailGuardKV/.worktrees/baseline-smoke-final-aggregation/out/full_25session_baseline_9_14/full/policy_attempts/full40_20260916_h2o_static_safe/seed20260906/config.yaml,,,,,0.1,True,,0.1,,6.439453125,False,kivi_4bit_residual64,True,,balanced_two_gpu,1,persistent,27916.96846485138,12433,31818.159461021423,,80.0,73.7734375,6.94189453125,6.94189453125,0.232421875,1992.4225741997361,unknown,True,,True,,False,,15150.830078125,True,static_best,False,0.03418803418803419,0.03418803418803419,kivi_4bit_residual64,0.03418803418803419,,risk_evidence_insufficient,0.0,static_best,0.0,,,,hybrid-session-026-turn-4,6.94189453125,6.70947265625,6.94189453125,0.0,0.3418803418803419,/DATACENTER3/zhenxiang.wang/work/TailGuardKV/.worktrees/baseline-smoke-final-aggregation/out/full_25session_baseline_9_14/full/policy_attempts/full40_20260916_h2o_static_safe/seed20260906,False,calibrated unsafe,hybrid-session-026,qa,166.59251716919243,4,risk_evidence_insufficient,20260906
kivi_4bit_residual64,2.0,0.1,False,False,online_qwen,False,,/DATACENTER3/zhenxiang.wang/work/TailGuardKV/.worktrees/baseline-smoke-final-aggregation/out/full_25session_baseline_9_14/full/policy_attempts/full40_20260916_h2o_static_safe/seed20260906/config.yaml,,,,,0.1,True,,0.1,,0,False,kivi_4bit_residual64,True,,balanced_two_gpu,1,persistent,28378.57781094499,16597,32495.26326195337,,80.0,3.5546875,1.4765625,1.4765625,1.4765625,1301.7891610506922,unknown,True,,True,,False,,15055.19384765625,True,static_safe,False,0.0,0.0,kivi_4bit_residual64,0.0,,risk_evidence_insufficient,0.0,static_safe,0.0,,,,hybrid-session-003-turn-0,1.4765625,0.0,1.4765625,0.0,0.0,/DATACENTER3/zhenxiang.wang/work/TailGuardKV/.worktrees/baseline-smoke-final-aggregation/out/full_25session_baseline_9_14/full/policy_attempts/full40_20260916_h2o_static_safe/seed20260906,True,calibrated safe,hybrid-session-003,chat,88.0550320725888,0,risk_evidence_insufficient,20260906
kivi_4bit_residual64,3.0,0.1,False,False,online_qwen,False,,/DATACENTER3/zhenxiang.wang/work/TailGuardKV/.worktrees/baseline-smoke-final-aggregation/out/full_25session_baseline_9_14/full/policy_attempts/full40_20260916_h2o_static_safe/seed20260906/config.yaml,,,,,0.1,True,,0.1,,0,False,kivi_4bit_residual64,True,,balanced_two_gpu,1,persistent,28378.57781094499,16597,32495.26326195337,,80.0,5.3046875,1.75,1.75,1.75,1681.7050469107926,unknown,True,,True,,False,,15063.70947265625,True,static_safe,False,0.0,0.0,kivi_4bit_residual64,0.0,,risk_evidence_insufficient,0.0,static_safe,0.0,,,,hybrid-session-004-turn-0,1.75,0.0,1.75,0.0,0.0,/DATACENTER3/zhenxiang.wang/work/TailGuardKV/.worktrees/baseline-smoke-final-aggregation/out/full_25session_baseline_9_14/full/policy_attempts/full40_20260916_h2o_static_safe/seed20260906,True,calibrated safe,hybrid-session-004,chat,118.66267397999763,0,risk_evidence_insufficient,20260906
kivi_4bit_residual64,4.0,0.1,False,False,online_qwen,False,,/DATACENTER3/zhenxiang.wang/work/TailGuardKV/.worktrees/baseline-smoke-final-aggregation/out/full_25session_baseline_9_14/full/policy_attempts/full40_20260916_h2o_static_safe/seed20260906/config.yaml,,,,,0.1,True,,0.1,,0,False,kivi_4bit_residual64,True,,balanced_two_gpu,1,persistent,28378.57781094499,16597,32495.26326195337,,80.0,7.21875,1.9140625,1.9140625,1.9140625,1684.1484881006181,unknown,True,,True,,False,,15070.26806640625,True,static_safe,False,0.0,0.0,kivi_4bit_residual64,0.0,,risk_evidence_insufficient,0.0,static_safe,0.0,,,,hybrid-session-005-turn-0,1.9140625,0.0,1.9140625,0.0,0.0,/DATACENTER3/zhenxiang.wang/work/TailGuardKV/.worktrees/baseline-smoke-final-aggregation/out/full_25session_baseline_9_14/full/policy_attempts/full40_20260916_h2o_static_safe/seed20260906,True,calibrated safe,hybrid-session-005,chat,119.68853510916233,0,risk_evidence_insufficient,20260906
kivi_4bit_residual64,5.0,0.1,False,False,online_qwen,False,,/DATACENTER3/zhenxiang.wang/work/TailGuardKV/.worktrees/baseline-smoke-final-aggregation/out/full_25session_baseline_9_14/full/policy_attempts/full40_20260916_h2o_static_safe/seed20260906/config.yaml,,,,,0.1,True,,0.1,,0,False,kivi_4bit_residual64,True,,balanced_two_gpu,1,persistent,28378.57781094499,16597,32495.26326195337,,80.0,9.84375,2.625,2.625,2.625,1677.3033950012177,unknown,True,,True,,False,,15093.27587890625,True,static_safe,False,0.0,0.0,kivi_4bit_residual64,0.0,,risk_evidence_insufficient,0.0,static_safe,0.0,,,,hybrid-session-006-turn-0,2.625,0.0,2.625,0.0,0.0,/DATACENTER3/zhenxiang.wang/work/TailGuardKV/.worktrees/baseline-smoke-final-aggregation/out/full_25session_baseline_9_14/full/policy_attempts/full40_20260916_h2o_static_safe/seed20260906,True,calibrated safe,hybrid-session-006,chat,122.92119208723307,0,risk_evidence_insufficient,20260906
kivi_4bit_residual64,6.0,0.1,False,False,online_qwen,False,,/DATACENTER3/zhenxiang.wang/work/TailGuardKV/.worktrees/baseline-smoke-final-aggregation/out/full_25session_baseline_9_14/full/policy_attempts/full40_20260916_h2o_static_safe/seed20260906/config.yaml,,,,,0.1,True,,0.1,,0,False,kivi_4bit_residual64,True,,balanced_two_gpu,1,persistent,28378.57781094499,16597,32495.26326195337,,80.0,11.5390625,1.6953125,1.6953125,1.6953125,1674.5061061810702,unknown,True,,True,,False,,15068.48681640625,True,static_safe,False,0.0,0.0,kivi_4bit_residual64,0.0,,risk_evidence_insufficient,0.0,static_safe,0.0,,,,hybrid-session-009-turn-0,1.6953125,0.0,1.6953125,0.0,0.0,/DATACENTER3/zhenxiang.wang/work/TailGuardKV/.worktrees/baseline-smoke-final-aggregation/out/full_25session_baseline_9_14/full/policy_attempts/full40_20260916_h2o_static_safe/seed20260906,True,calibrated safe,hybrid-session-009,chat,112.43601213209331,0,risk_evidence_insufficient,20260906
kivi_4bit_residual64,7.0,0.1,False,False,online_qwen,False,,/DATACENTER3/zhenxiang.wang/work/TailGuardKV/.worktrees/baseline-smoke-final-aggregation/out/full_25session_baseline_9_14/full/policy_attempts/full40_20260916_h2o_static_safe/seed20260906/config.yaml,,,,,0.1,True,,0.1,,0,False,kivi_4bit_residual64,True,,balanced_two_gpu,1,persistent,28378.57781094499,16597,32495.26326195337,,80.0,13.0703125,1.53125,1.53125,1.53125,1673.103797947988,unknown,True,,True,,False,,15065.87646484375,True,static_safe,False,0.0,0.0,kivi_4bit_residual64,0.0,,risk_evidence_insufficient,0.0,static_safe,0.0,,,,hybrid-session-010-turn-0,1.53125,0.0,1.53125,0.0,0.0,/DATACENTER3/zhenxiang.wang/work/TailGuardKV/.worktrees/baseline-smoke-final-aggregation/out/full_25session_baseline_9_14/full/policy_attempts/full40_20260916_h2o_static_safe/seed20260906,True,calibrated safe,hybrid-session-010,chat,113.27468487434089,0,risk_evidence_insufficient,20260906
kivi_4bit_residual64,8.0,0.1,False,False,online_qwen,False,,/DATACENTER3/zhenxiang.wang/work/TailGuardKV/.worktrees/baseline-smoke-final-aggregation/out/full_25session_baseline_9_14/full/policy_attempts/full40_20260916_h2o_static_safe/seed20260906/config.yaml,,,,,0.1,True,,0.1,,0,False,kivi_4bit_residual64,True,,balanced_two_gpu,1,persistent,28378.57781094499,16597,32495.26326195337,,80.0,14.875,1.8046875,1.8046875,1.8046875,1674.3446169421077,unknown,True,,True,,False,,15074.73681640625,True,static_safe,False,0.0,0.0,kivi_4bit_residual64,0.0,,risk_evidence_insufficient,0.0,static_safe,0.0,,,,hybrid-session-013-turn-0,1.8046875,0.0,1.8046875,0.0,0.0,/DATACENTER3/zhenxiang.wang/work/TailGuardKV/.worktrees/baseline-smoke-final-aggregation/out/full_25session_baseline_9_14/full/policy_attempts/full40_20260916_h2o_static_safe/seed20260906,True,calibrated safe,hybrid-session-013,chat,115.5316480435431,0,risk_evidence_insufficient,20260906
kivi_4bit_residual64,9.0,0.1,False,False,online_qwen,False,,/DATACENTER3/zhenxiang.wang/work/TailGuardKV/.worktrees/baseline-smoke-final-aggregation/out/full_25session_baseline_9_14/full/policy_attempts/full40_20260916_h2o_static_safe/seed20260906/config.yaml,,,,,0.1,True,,0.1,,0,False,kivi_4bit_residual64,True,,balanced_two_gpu,1,persistent,28378.57781094499,16597,32495.26326195337,,80.0,17.5,2.625,2.625,2.625,1666.3469499908388,unknown,True,,True,,False,,15100.93212890625,True,static_safe,False,0.0,0.0,kivi_4bit_residual64,0.0,,risk_evidence_insufficient,0.0,static_safe,0.0,,,,hybrid-session-016-turn-0,2.625,0.0,2.625,0.0,0.0,/DATACENTER3/zhenxiang.wang/work/TailGuardKV/.worktrees/baseline-smoke-final-aggregation/out/full_25session_baseline_9_14/full/policy_attempts/full40_20260916_h2o_static_safe/seed20260906,True,calibrated safe,hybrid-session-016,chat,122.20847816206515,0,risk_evidence_insufficient,20260906
kivi_4bit_residual64,10.0,0.1,False,False,online_qwen,False,,/DATACENTER3/zhenxiang.wang/work/TailGuardKV/.worktrees/baseline-smoke-final-aggregation/out/full_25session_baseline_9_14/full/policy_attempts/full40_20260916_h2o_static_safe/seed20260906/config.yaml,,,,,0.1,True,,0.1,,0,False,kivi_4bit_residual64,True,,balanced_two_gpu,1,persistent,28378.57781094499,16597,32495.26326195337,,80.0,19.90625,2.40625,2.40625,2.40625,1694.0046339295805,unknown,True,,True,,False,,15095.79541015625,True,static_safe,False,0.0,0.0,kivi_4bit_residual64,0.0,,risk_evidence_insufficient,0.0,static_safe,0.0,,,,hybrid-session-020-turn-0,2.40625,0.0,2.40625,0.0,0.0,/DATACENTER3/zhenxiang.wang/work/TailGuardKV/.worktrees/baseline-smoke-final-aggregation/out/full_25session_baseline_9_14/full/policy_attempts/full40_20260916_h2o_static_safe/seed20260906,True,calibrated safe,hybrid-session-020,chat,112.58147307671607,0,risk_evidence_insufficient,20260906
kivi_4bit_residual64,11.0,0.1,False,False,online_qwen,False,,/DATACENTER3/zhenxiang.wang/work/TailGuardKV/.worktrees/baseline-smoke-final-aggregation/out/full_25session_baseline_9_14/full/policy_attempts/full40_20260916_h2o_static_safe/seed20260906/config.yaml,,,,,0.1,True,,0.1,,0,False,kivi_4bit_residual64,True,,balanced_two_gpu,1,persistent,28378.57781094499,16597,32495.26326195337,,80.0,22.203125,2.296875,2.296875,2.296875,1679.5329600572586,unknown,True,,True,,False,,15095.17822265625,True,static_safe,False,0.0,0.0,kivi_4bit_residual64,0.0,,risk_evidence_insufficient,0.0,static_safe,0.0,,,,hybrid-session-021-turn-0,2.296875,0.0,2.296875,0.0,0.0,/DATACENTER3/zhenxiang.wang/work/TailGuardKV/.worktrees/baseline-smoke-final-aggregation/out/full_25session_baseline_9_14/full/policy_attempts/full40_20260916_h2o_static_safe/seed20260906,True,calibrated safe,hybrid-session-021,chat,121.471025981009,0,risk_evidence_insufficient,20260906
kivi_4bit_residual64,12.0,0.1,False,False,online_qwen,False,,/DATACENTER3/zhenxiang.wang/work/TailGuardKV/.worktrees/baseline-smoke-final-aggregation/out/full_25session_baseline_9_14/full/policy_attempts/full40_20260916_h2o_static_safe/seed20260906/config.yaml,,,,,0.1,True,,0.1,,0,False,kivi_4bit_residual64,True,,balanced_two_gpu,1,persistent,28378.57781094499,16597,32495.26326195337,,80.0,24.171875,1.96875,1.96875,1.96875,1673.4763490967453,unknown,True,,True,,False,,15088.40478515625,True,static_safe,False,0.0,0.0,kivi_4bit_residual64,0.0,,risk_evidence_insufficient,0.0,static_safe,0.0,,,,hybrid-session-025-turn-0,1.96875,0.0,1.96875,0.0,0.0,/DATACENTER3/zhenxiang.wang/work/TailGuardKV/.worktrees/baseline-smoke-final-aggregation/out/full_25session_baseline_9_14/full/policy_attempts/full40_20260916_h2o_static_safe/seed20260906,True,calibrated safe,hybrid-session-025,chat,118.30011499114335,0,risk_evidence_insufficient,20260906
kivi_4bit_residual64,13.0,0.1,False,False,online_qwen,False,,/DATACENTER3/zhenxiang.wang/work/TailGuardKV/.worktrees/baseline-smoke-final-aggregation/out/full_25session_baseline_9_14/full/policy_attempts/full40_20260916_h2o_static_safe/seed20260906/config.yaml,,,,,0.1,True,,0.1,,0,False,kivi_4bit_residual64,True,,balanced_two_gpu,1,persistent,28378.57781094499,16597,32495.26326195337,,80.0,26.359375,2.1875,2.1875,2.1875,1682.3957420419902,unknown,True,,True,,False,,15096.42041015625,True,static_safe,False,0.0,0.0,kivi_4bit_residual64,0.0,,risk_evidence_insufficient,0.0,static_safe,0.0,,,,hybrid-session-026-turn-0,2.1875,0.0,2.1875,0.0,0.0,/DATACENTER3/zhenxiang.wang/work/TailGuardKV/.worktrees/baseline-smoke-final-aggregation/out/full_25session_baseline_9_14/full/policy_attempts/full40_20260916_h2o_static_safe/seed20260906,True,calibrated safe,hybrid-session-026,chat,122.85095383413136,0,risk_evidence_insufficient,20260906
kivi_4bit_residual64,13.0,0.1,False,False,online_qwen,False,,/DATACENTER3/zhenxiang.wang/work/TailGuardKV/.worktrees/baseline-smoke-final-aggregation/out/full_25session_baseline_9_14/full/policy_attempts/full40_20260916_h2o_static_safe/seed20260906/config.yaml,,,,,0.1,True,,0.1,,0,False,kivi_4bit_residual64,True,,balanced_two_gpu,1,persistent,28378.57781094499,16597,32495.26326195337,,80.0,26.829345703125,2.548095703125,2.548095703125,0.469970703125,5370.871344814077,unknown,True,,True,,False,,15088.02685546875,True,static_safe,False,0.0,0.0,kivi_4bit_residual64,0.0,,risk_evidence_insufficient,0.0,static_safe,0.0,,,,hybrid-session-002-turn-1,2.548095703125,2.078125,2.548095703125,0.0,0.0,/DATACENTER3/zhenxiang.wang/work/TailGuardKV/.worktrees/baseline-smoke-final-aggregation/out/full_25session_baseline_9_14/full/policy_attempts/full40_20260916_h2o_static_safe/seed20260906,True,calibrated safe,hybrid-session-002,chat,120.72445778176188,1,risk_evidence_insufficient,20260906
kivi_4bit_residual64,13.0,0.1,True,False,online_qwen,False,,/DATACENTER3/zhenxiang.wang/work/TailGuardKV/.worktrees/baseline-smoke-final-aggregation/out/full_25session_baseline_9_14/full/policy_attempts/full40_20260916_h2o_static_safe/seed20260906/config.yaml,,,,,0.1,True,,0.1,,0,False,kivi_4bit_residual64,True,,balanced_two_gpu,1,persistent,28378.57781094499,16597,32495.26326195337,,80.0,28.251220703125,2.8984375,2.8984375,1.421875,1469.8549178428948,unknown,True,,True,,False,,15078.74658203125,True,static_safe,False,0.0,0.0,kivi_4bit_residual64,0.0,,risk_evidence_insufficient,0.0,static_safe,0.0,,,,hybrid-session-003-turn-1,2.8984375,1.4765625,2.8984375,0.0,0.0,/DATACENTER3/zhenxiang.wang/work/TailGuardKV/.worktrees/baseline-smoke-final-aggregation/out/full_25session_baseline_9_14/full/policy_attempts/full40_20260916_h2o_static_safe/seed20260906,True,calibrated safe,hybrid-session-003,chat,109.39215100370347,1,risk_evidence_insufficient,20260906
kivi_4bit_residual64,13.0,0.1,False,False,online_qwen,False,,/DATACENTER3/zhenxiang.wang/work/TailGuardKV/.worktrees/baseline-smoke-final-aggregation/out/full_25session_baseline_9_14/full/policy_attempts/full40_20260916_h2o_static_safe/seed20260906/config.yaml,,,,,0.1,True,,0.1,,0,False,kivi_4bit_residual64,True,,balanced_two_gpu,1,persistent,28378.57781094499,16597,32495.26326195337,,80.0,29.76708984375,3.265869140625,3.265869140625,1.515869140625,2299.282894935459,unknown,True,,True,,False,,15128.7724609375,True,static_safe,False,0.0,0.0,kivi_4bit_residual64,0.0,,risk_evidence_insufficient,0.0,static_safe,0.0,,,,hybrid-session-004-turn-1,3.265869140625,1.75,3.265869140625,0.0,0.0,/DATACENTER3/zhenxiang.wang/work/TailGuardKV/.worktrees/baseline-smoke-final-aggregation/out/full_25session_baseline_9_14/full/policy_attempts/full40_20260916_h2o_static_safe/seed20260906,True,calibrated safe,hybrid-session-004,chat,190.6969458796084,1,risk_evidence_insufficient,20260906
kivi_4bit_residual64,13.0,0.1,False,False,online_qwen,False,,/DATACENTER3/zhenxiang.wang/work/TailGuardKV/.worktrees/baseline-smoke-final-aggregation/out/full_25session_baseline_9_14/full/policy_attempts/full40_20260916_h2o_static_safe/seed20260906/config.yaml,,,,,0.1,True,,0.1,,0,False,kivi_4bit_residual64,True,,balanced_two_gpu,1,persistent,28378.57781094499,16597,32495.26326195337,,80.0,30.65234375,2.79931640625,2.79931640625,0.88525390625,2156.798727111891,unknown,True,,True,,False,,15106.55908203125,True,static_safe,False,0.0,0.0,kivi_4bit_residual64,0.0,,risk_evidence_insufficient,0.0,static_safe,0.0,,,,hybrid-session-005-turn-1,2.79931640625,1.9140625,2.79931640625,0.0,0.0,/DATACENTER3/zhenxiang.wang/work/TailGuardKV/.worktrees/baseline-smoke-final-aggregation/out/full_25session_baseline_9_14/full/policy_attempts/full40_20260916_h2o_static_safe/seed20260906,True,calibrated safe,hybrid-session-005,chat,111.78549891337752,1,risk_evidence_insufficient,20260906
kivi_4bit_residual64,13.0,0.1,False,False,online_qwen,False,,/DATACENTER3/zhenxiang.wang/work/TailGuardKV/.worktrees/baseline-smoke-final-aggregation/out/full_25session_baseline_9_14/full/policy_attempts/full40_20260916_h2o_static_safe/seed20260906/config.yaml,,,,,0.1,True,,0.1,,0,False,kivi_4bit_residual64,True,,balanced_two_gpu,1,persistent,28378.57781094499,16597,32495.26326195337,,80.0,31.47265625,3.4453125,3.4453125,0.8203125,2232.983550056815,unknown,True,,True,,False,,15114.3935546875,True,static_safe,False,0.0,0.0,kivi_4bit_residual64,0.0,,risk_evidence_insufficient,0.0,static_safe,0.0,,,,hybrid-session-006-turn-1,3.4453125,2.625,3.4453125,0.0,0.0,/DATACENTER3/zhenxiang.wang/work/TailGuardKV/.worktrees/baseline-smoke-final-aggregation/out/full_25session_baseline_9_14/full/policy_attempts/full40_20260916_h2o_static_safe/seed20260906,True,calibrated safe,hybrid-session-006,chat,188.37399897165596,1,risk_evidence_insufficient,20260906
kivi_4bit_residual64,13.0,0.1,False,False,online_qwen,False,,/DATACENTER3/zhenxiang.wang/work/TailGuardKV/.worktrees/baseline-smoke-final-aggregation/out/full_25session_baseline_9_14/full/policy_attempts/full40_20260916_h2o_static_safe/seed20260906/config.yaml,,,,,0.1,True,,0.1,,0,False,kivi_4bit_residual64,True,,balanced_two_gpu,1,persistent,28378.57781094499,16597,32495.26326195337,,80.0,33.16796875,3.390625,3.390625,1.6953125,1414.5712740719318,unknown,True,,True,,False,,15090.15771484375,True,static_safe,False,0.0,0.0,kivi_4bit_residual64,0.0,,risk_evidence_insufficient,0.0,static_safe,0.0,,,,hybrid-session-009-turn-1,3.390625,1.6953125,3.390625,0.0,0.0,/DATACENTER3/zhenxiang.wang/work/TailGuardKV/.worktrees/baseline-smoke-final-aggregation/out/full_25session_baseline_9_14/full/policy_attempts/full40_20260916_h2o_static_safe/seed20260906,True,calibrated safe,hybrid-session-009,chat,119.85098500736058,1,risk_evidence_insufficient,20260906
kivi_4bit_residual64,13.0,0.1,False,False,online_qwen,False,,/DATACENTER3/zhenxiang.wang/work/TailGuardKV/.worktrees/baseline-smoke-final-aggregation/out/full_25session_baseline_9_14/full/policy_attempts/full40_20260916_h2o_static_safe/seed20260906/config.yaml,,,,,0.1,True,,0.1,,0,False,kivi_4bit_residual64,True,,balanced_two_gpu,1,persistent,28378.57781094499,16597,32495.26326195337,,80.0,34.80859375,3.171875,3.171875,1.640625,1520.4028629232198,unknown,True,,True,,False,,15090.34130859375,True,static_safe,False,0.0,0.0,kivi_4bit_residual64,0.0,,risk_evidence_insufficient,0.0,static_safe,0.0,,,,hybrid-session-010-turn-1,3.171875,1.53125,3.171875,0.0,0.0,/DATACENTER3/zhenxiang.wang/work/TailGuardKV/.worktrees/baseline-smoke-final-aggregation/out/full_25session_baseline_9_14/full/policy_attempts/full40_20260916_h2o_static_safe/seed20260906,True,calibrated safe,hybrid-session-010,chat,121.35185394436121,1,risk_evidence_insufficient,20260906
kivi_4bit_residual64,13.0,0.1,False,False,online_qwen,False,,/DATACENTER3/zhenxiang.wang/work/TailGuardKV/.worktrees/baseline-smoke-final-aggregation/out/full_25session_baseline_9_14/full/policy_attempts/full40_20260916_h2o_static_safe/seed20260906/config.yaml,,,,,0.1,True,,0.1,,0,False,kivi_4bit_residual64,True,,balanced_two_gpu,1,persistent,28378.57781094499,16597,32495.26326195337,,80.0,36.23046875,3.2265625,3.2265625,1.421875,1685.1402819156647,unknown,True,,True,,False,,15086.74462890625,True,static_safe,False,0.0,0.0,kivi_4bit_residual64,0.0,,risk_evidence_insufficient,0.0,static_safe,0.0,,,,hybrid-session-013-turn-1,3.2265625,1.8046875,3.2265625,0.0,0.0,/DATACENTER3/zhenxiang.wang/work/TailGuardKV/.worktrees/baseline-smoke-final-aggregation/out/full_25session_baseline_9_14/full/policy_attempts/full40_20260916_h2o_static_safe/seed20260906,True,calibrated safe,hybrid-session-013,chat,120.65429985523224,1,risk_evidence_insufficient,20260906
kivi_4bit_residual64,13.0,0.1,False,False,online_qwen,False,,/DATACENTER3/zhenxiang.wang/work/TailGuardKV/.worktrees/baseline-smoke-final-aggregation/out/full_25session_baseline_9_14/full/policy_attempts/full40_20260916_h2o_static_safe/seed20260906/config.yaml,,,,,0.1,True,,0.1,,0,False,kivi_4bit_residual64,True,,balanced_two_gpu,1,persistent,28378.57781094499,16597,32495.26326195337,,80.0,36.297119140625,2.691650390625,2.691650390625,0.066650390625,2306.4616839401424,unknown,True,,True,,False,,15089.38818359375,True,static_safe,False,0.0,0.0,kivi_4bit_residual64,0.0,,risk_evidence_insufficient,0.0,static_safe,0.0,,,,hybrid-session-016-turn-1,2.691650390625,2.625,2.691650390625,0.0,0.0,/DATACENTER3/zhenxiang.wang/work/TailGuardKV/.worktrees/baseline-smoke-final-aggregation/out/full_25session_baseline_9_14/full/policy_attempts/full40_20260916_h2o_static_safe/seed20260906,True,calibrated safe,hybrid-session-016,chat,123.03983187302947,1,risk_evidence_insufficient,20260906
kivi_4bit_residual64,13.0,0.1,False,False,online_qwen,False,,/DATACENTER3/zhenxiang.wang/work/TailGuardKV/.worktrees/baseline-smoke-final-aggregation/out/full_25session_baseline_9_14/full/policy_attempts/full40_20260916_h2o_static_safe/seed20260906/config.yaml,,,,,0.1,True,,0.1,,0,False,kivi_4bit_residual64,True,,balanced_two_gpu,1,persistent,28378.57781094499,16597,32495.26326195337,,80.0,36.690185546875,2.79931640625,2.79931640625,0.39306640625,2495.4607968684286,unknown,True,,True,,False,,15100.35595703125,True,static_safe,False,0.0,0.0,kivi_4bit_residual64,0.0,,risk_evidence_insufficient,0.0,static_safe,0.0,,,,hybrid-session-020-turn-1,2.79931640625,2.40625,2.79931640625,0.0,0.0,/DATACENTER3/zhenxiang.wang/work/TailGuardKV/.worktrees/baseline-smoke-final-aggregation/out/full_25session_baseline_9_14/full/policy_attempts/full40_20260916_h2o_static_safe/seed20260906,True,calibrated safe,hybrid-session-020,chat,125.67671993747354,1,risk_evidence_insufficient,20260906
kivi_4bit_residual64,13.0,0.1,False,False,online_qwen,False,,/DATACENTER3/zhenxiang.wang/work/TailGuardKV/.worktrees/baseline-smoke-final-aggregation/out/full_25session_baseline_9_14/full/policy_attempts/full40_20260916_h2o_static_safe/seed20260906/config.yaml,,,,,0.1,True,,0.1,,0,False,kivi_4bit_residual64,True,,balanced_two_gpu,1,persistent,28378.57781094499,16597,32495.26326195337,,80.0,37.3720703125,2.978759765625,2.978759765625,0.681884765625,2565.0013328995556,unknown,True,,True,,False,,15109.2490234375,True,static_safe,False,0.0,0.0,kivi_4bit_residual64,0.0,,risk_evidence_insufficient,0.0,static_safe,0.0,,,,hybrid-session-021-turn-1,2.978759765625,2.296875,2.978759765625,0.0,0.0,/DATACENTER3/zhenxiang.wang/work/TailGuardKV/.worktrees/baseline-smoke-final-aggregation/out/full_25session_baseline_9_14/full/policy_attempts/full40_20260916_h2o_static_safe/seed20260906,True,calibrated safe,hybrid-session-021,chat,185.85855490528047,1,risk_evidence_insufficient,20260906
kivi_4bit_residual64,13.0,0.1,False,False,online_qwen,False,,/DATACENTER3/zhenxiang.wang/work/TailGuardKV/.worktrees/baseline-smoke-final-aggregation/out/full_25session_baseline_9_14/full/policy_attempts/full40_20260916_h2o_static_safe/seed20260906/config.yaml,,,,,0.1,True,,0.1,,0,False,kivi_4bit_residual64,True,,balanced_two_gpu,1,persistent,28378.57781094499,16597,32495.26326195337,,80.0,38.6845703125,3.28125,3.28125,1.3125,1699.697497067973,unknown,True,,True,,False,,15085.52294921875,True,static_safe,False,0.005128205128205128,0.005128205128205128,kivi_4bit_residual64,0.005128205128205128,,risk_evidence_insufficient,0.0,static_safe,0.0,,,,hybrid-session-025-turn-1,3.28125,1.96875,3.28125,0.0,0.005128205128205128,/DATACENTER3/zhenxiang.wang/work/TailGuardKV/.worktrees/baseline-smoke-final-aggregation/out/full_25session_baseline_9_14/full/policy_attempts/full40_20260916_h2o_static_safe/seed20260906,True,calibrated safe,hybrid-session-025,chat,112.30969405733049,1,risk_evidence_insufficient,20260906
kivi_4bit_residual64,13.0,0.1,False,False,online_qwen,False,,/DATACENTER3/zhenxiang.wang/work/TailGuardKV/.worktrees/baseline-smoke-final-aggregation/out/full_25session_baseline_9_14/full/policy_attempts/full40_20260916_h2o_static_safe/seed20260906/config.yaml,,,,,0.1,True,,0.1,,0,False,kivi_4bit_residual64,True,,balanced_two_gpu,1,persistent,28378.57781094499,16597,32495.26326195337,,80.0,39.547607421875,3.050537109375,3.050537109375,0.863037109375,2553.367262938991,unknown,True,,True,,False,,15117.2783203125,True,static_safe,False,0.0,0.0,kivi_4bit_residual64,0.0,,risk_evidence_insufficient,0.0,static_safe,0.0,,,,hybrid-session-026-turn-1,3.050537109375,2.1875,3.050537109375,0.0,0.0,/DATACENTER3/zhenxiang.wang/work/TailGuardKV/.worktrees/baseline-smoke-final-aggregation/out/full_25session_baseline_9_14/full/policy_attempts/full40_20260916_h2o_static_safe/seed20260906,True,calibrated safe,hybrid-session-026,chat,184.39414096064866,1,risk_evidence_insufficient,20260906
kivi_4bit_residual64,13.0,0.1,True,False,online_qwen,False,,/DATACENTER3/zhenxiang.wang/work/TailGuardKV/.worktrees/baseline-smoke-final-aggregation/out/full_25session_baseline_9_14/full/policy_attempts/full40_20260916_h2o_static_safe/seed20260906/config.yaml,,,,,0.1,True,,0.1,,0,False,kivi_4bit_residual64,True,,balanced_two_gpu,1,persistent,28378.57781094499,16597,32495.26326195337,,80.0,41.591552734375,4.592041015625,4.592041015625,2.0439453125,2691.719399066642,unknown,True,,True,,False,,15237.5693359375,True,static_safe,False,0.0,0.0,kivi_4bit_residual64,0.0,,risk_evidence_insufficient,0.0,static_safe,0.0,,,,hybrid-session-002-turn-2,4.592041015625,2.548095703125,4.592041015625,0.0,0.0,/DATACENTER3/zhenxiang.wang/work/TailGuardKV/.worktrees/baseline-smoke-final-aggregation/out/full_25session_baseline_9_14/full/policy_attempts/full40_20260916_h2o_static_safe/seed20260906,True,calibrated safe,hybrid-session-002,qa,241.91252794116735,2,risk_evidence_insufficient,20260906
kivi_4bit_residual64,13.0,0.1,False,False,online_qwen,False,,/DATACENTER3/zhenxiang.wang/work/TailGuardKV/.worktrees/baseline-smoke-final-aggregation/out/full_25session_baseline_9_14/full/policy_attempts/full40_20260916_h2o_static_safe/seed20260906/config.yaml,,,,,0.1,True,,0.1,,0,False,kivi_4bit_residual64,True,,balanced_two_gpu,1,persistent,28378.57781094499,16597,32495.26326195337,,80.0,43.84228515625,5.149169921875,5.149169921875,2.250732421875,2651.537687983364,unknown,True,,True,,False,,15238.6494140625,True,static_safe,False,0.0,0.0,kivi_4bit_residual64,0.0,,risk_evidence_insufficient,0.0,static_safe,0.0,,,,hybrid-session-003-turn-2,5.149169921875,2.8984375,5.149169921875,0.0,0.0,/DATACENTER3/zhenxiang.wang/work/TailGuardKV/.worktrees/baseline-smoke-final-aggregation/out/full_25session_baseline_9_14/full/policy_attempts/full40_20260916_h2o_static_safe/seed20260906,True,calibrated safe,hybrid-session-003,summary,224.74698699079454,2,risk_evidence_insufficient,20260906
kivi_4bit_residual64,13.0,0.1,False,False,online_qwen,False,,/DATACENTER3/zhenxiang.wang/work/TailGuardKV/.worktrees/baseline-smoke-final-aggregation/out/full_25session_baseline_9_14/full/policy_attempts/full40_20260916_h2o_static_safe/seed20260906/config.yaml,,,,,0.1,True,,0.1,,0,False,kivi_4bit_residual64,True,,balanced_two_gpu,1,persistent,28378.57781094499,16597,32495.26326195337,,80.0,45.347900390625,4.771484375,4.771484375,1.505615234375,2658.3864230196923,unknown,True,,True,,False,,15217.580078125,True,static_safe,False,0.03418803418803419,0.03418803418803419,kivi_4bit_residual64,0.03418803418803419,,risk_evidence_insufficient,0.0,static_safe,0.0,,,,hybrid-session-004-turn-2,4.771484375,3.265869140625,4.771484375,0.0,0.3418803418803419,/DATACENTER3/zhenxiang.wang/work/TailGuardKV/.worktrees/baseline-smoke-final-aggregation/out/full_25session_baseline_9_14/full/policy_attempts/full40_20260916_h2o_static_safe/seed20260906,False,calibrated unsafe,hybrid-session-004,qa,237.94327699579298,2,risk_evidence_insufficient,20260906
kivi_4bit_residual64,13.0,0.1,False,False,online_qwen,False,,/DATACENTER3/zhenxiang.wang/work/TailGuardKV/.worktrees/baseline-smoke-final-aggregation/out/full_25session_baseline_9_14/full/policy_attempts/full40_20260916_h2o_static_safe/seed20260906/config.yaml,,,,,0.1,True,,0.1,,0,False,kivi_4bit_residual64,True,,balanced_two_gpu,1,persistent,28378.57781094499,16597,32495.26326195337,,80.0,47.06884765625,4.520263671875,4.520263671875,1.720947265625,2596.7506170272827,unknown,True,,True,,False,,15228.064453125,True,static_safe,False,0.0,0.0,kivi_4bit_residual64,0.0,,risk_evidence_insufficient,0.0,static_safe,0.0,,,,hybrid-session-005-turn-2,4.520263671875,2.79931640625,4.520263671875,0.0,0.0,/DATACENTER3/zhenxiang.wang/work/TailGuardKV/.worktrees/baseline-smoke-final-aggregation/out/full_25session_baseline_9_14/full/policy_attempts/full40_20260916_h2o_static_safe/seed20260906,True,calibrated safe,hybrid-session-005,summary,234.58065604791045,2,risk_evidence_insufficient,20260906
kivi_4bit_residual64,13.0,0.1,False,False,online_qwen,False,,/DATACENTER3/zhenxiang.wang/work/TailGuardKV/.worktrees/baseline-smoke-final-aggregation/out/full_25session_baseline_9_14/full/policy_attempts/full40_20260916_h2o_static_safe/seed20260906/config.yaml,,,,,0.1,True,,0.1,,0,False,kivi_4bit_residual64,True,,balanced_two_gpu,1,persistent,28378.57781094499,16597,32495.26326195337,,80.0,49.68701171875,6.0634765625,6.0634765625,2.6181640625,2430.0918399821967,unknown,True,,True,,False,,15265.92138671875,True,static_safe,False,0.03418803418803419,0.03418803418803419,kivi_4bit_residual64,0.03418803418803419,,risk_evidence_insufficient,0.0,static_safe,0.0,,,,hybrid-session-006-turn-2,6.0634765625,3.4453125,6.0634765625,0.0,0.3418803418803419,/DATACENTER3/zhenxiang.wang/work/TailGuardKV/.worktrees/baseline-smoke-final-aggregation/out/full_25session_baseline_9_14/full/policy_attempts/full40_20260916_h2o_static_safe/seed20260906,False,calibrated unsafe,hybrid-session-006,qa,240.92127988114953,2,risk_evidence_insufficient,20260906
kivi_4bit_residual64,13.0,0.1,False,False,online_qwen,False,,/DATACENTER3/zhenxiang.wang/work/TailGuardKV/.worktrees/baseline-smoke-final-aggregation/out/full_25session_baseline_9_14/full/policy_attempts/full40_20260916_h2o_static_safe/seed20260906/config.yaml,,,,,0.1,True,,0.1,,0,False,kivi_4bit_residual64,True,,balanced_two_gpu,1,persistent,28378.57781094499,16597,32495.26326195337,,80.0,51.302001953125,5.005615234375,5.005615234375,1.614990234375,2138.0589338950813,unknown,True,,True,,False,,15225.28515625,True,static_safe,False,0.0,0.0,kivi_4bit_residual64,0.0,,risk_evidence_insufficient,0.0,static_safe,0.0,,,,hybrid-session-009-turn-2,5.005615234375,3.390625,5.005615234375,0.0,0.0,/DATACENTER3/zhenxiang.wang/work/TailGuardKV/.worktrees/baseline-smoke-final-aggregation/out/full_25session_baseline_9_14/full/policy_attempts/full40_20260916_h2o_static_safe/seed20260906,True,calibrated safe,hybrid-session-009,summary,197.22718396224082,2,risk_evidence_insufficient,20260906
kivi_4bit_residual64,13.0,0.1,False,False,online_qwen,False,,/DATACENTER3/zhenxiang.wang/work/TailGuardKV/.worktrees/baseline-smoke-final-aggregation/out/full_25session_baseline_9_14/full/policy_attempts/full40_20260916_h2o_static_safe/seed20260906/config.yaml,,,,,0.1,True,,0.1,,0,False,kivi_4bit_residual64,True,,balanced_two_gpu,1,persistent,28378.57781094499,16597,32495.26326195337,,80.0,53.56640625,5.436279296875,5.436279296875,2.264404296875,2638.4867900051177,unknown,True,,True,,False,,15250.880859375,True,static_safe,False,0.0,0.0,kivi_4bit_residual64,0.0,,risk_evidence_insufficient,0.0,static_safe,0.0,,,,hybrid-session-010-turn-2,5.436279296875,3.171875,5.436279296875,0.0,0.0,/DATACENTER3/zhenxiang.wang/work/TailGuardKV/.worktrees/baseline-smoke-final-aggregation/out/full_25session_baseline_9_14/full/policy_attempts/full40_20260916_h2o_static_safe/seed20260906,True,calibrated safe,hybrid-session-010,qa,209.7022079396993,2,risk_evidence_insufficient,20260906
kivi_4bit_residual64,13.0,0.1,True,False,online_qwen,False,,/DATACENTER3/zhenxiang.wang/work/TailGuardKV/.worktrees/baseline-smoke-final-aggregation/out/full_25session_baseline_9_14/full/policy_attempts/full40_20260916_h2o_static_safe/seed20260906/config.yaml,,,,,0.1,True,,0.1,,0,False,kivi_4bit_residual64,True,,balanced_two_gpu,1,persistent,28378.57781094499,16597,32495.26326195337,,80.0,55.52490234375,5.18505859375,5.18505859375,1.95849609375,2306.2218008562922,unknown,True,,True,,False,,15241.21484375,True,static_safe,False,0.0,0.0,kivi_4bit_residual64,0.0,,risk_evidence_insufficient,0.0,static_safe,0.0,,,,hybrid-session-013-turn-2,5.18505859375,3.2265625,5.18505859375,0.0,0.0,/DATACENTER3/zhenxiang.wang/work/TailGuardKV/.worktrees/baseline-smoke-final-aggregation/out/full_25session_baseline_9_14/full/policy_attempts/full40_20260916_h2o_static_safe/seed20260906,True,calibrated safe,hybrid-session-013,summary,233.643309911713,2,risk_evidence_insufficient,20260906
kivi_4bit_residual64,13.0,0.1,False,False,online_qwen,False,,/DATACENTER3/zhenxiang.wang/work/TailGuardKV/.worktrees/baseline-smoke-final-aggregation/out/full_25session_baseline_9_14/full/policy_attempts/full40_20260916_h2o_static_safe/seed20260906/config.yaml,,,,,0.1,True,,0.1,,0,False,kivi_4bit_residual64,True,,balanced_two_gpu,1,persistent,28378.57781094499,16597,32495.26326195337,,80.0,57.389404296875,4.55615234375,4.55615234375,1.864501953125,2680.678304983303,unknown,True,,True,,False,,15244.291015625,True,static_safe,False,0.0,0.0,kivi_4bit_residual64,0.0,,risk_evidence_insufficient,0.0,static_safe,0.0,,,,hybrid-session-016-turn-2,4.55615234375,2.691650390625,4.55615234375,0.0,0.0,/DATACENTER3/zhenxiang.wang/work/TailGuardKV/.worktrees/baseline-smoke-final-aggregation/out/full_25session_baseline_9_14/full/policy_attempts/full40_20260916_h2o_static_safe/seed20260906,True,calibrated safe,hybrid-session-016,qa,251.52982911095023,2,risk_evidence_insufficient,20260906
kivi_4bit_residual64,13.0,0.1,True,False,online_qwen,False,,/DATACENTER3/zhenxiang.wang/work/TailGuardKV/.worktrees/baseline-smoke-final-aggregation/out/full_25session_baseline_9_14/full/policy_attempts/full40_20260916_h2o_static_safe/seed20260906/config.yaml,,,,,0.1,True,,0.1,,0,False,kivi_4bit_residual64,True,,balanced_two_gpu,1,persistent,28378.57781094499,16597,32495.26326195337,,80.0,59.18212890625,4.592041015625,4.592041015625,1.792724609375,2715.718039078638,unknown,True,,True,,False,,15243.1875,True,static_safe,False,0.03418803418803419,0.03418803418803419,kivi_4bit_residual64,0.03418803418803419,,risk_evidence_insufficient,0.0,static_safe,0.0,,,,hybrid-session-020-turn-2,4.592041015625,2.79931640625,4.592041015625,0.0,0.3418803418803419,/DATACENTER3/zhenxiang.wang/work/TailGuardKV/.worktrees/baseline-smoke-final-aggregation/out/full_25session_baseline_9_14/full/policy_attempts/full40_20260916_h2o_static_safe/seed20260906,False,calibrated unsafe,hybrid-session-020,qa,239.11490105092525,2,risk_evidence_insufficient,20260906
kivi_4bit_residual64,13.0,0.1,False,False,online_qwen,False,,/DATACENTER3/zhenxiang.wang/work/TailGuardKV/.worktrees/baseline-smoke-final-aggregation/out/full_25session_baseline_9_14/full/policy_attempts/full40_20260916_h2o_static_safe/seed20260906/config.yaml,,,,,0.1,True,,0.1,,0,False,kivi_4bit_residual64,True,,balanced_two_gpu,1,persistent,28378.57781094499,16597,32495.26326195337,,80.0,61.154296875,4.950927734375,4.950927734375,1.97216796875,2696.551226079464,unknown,True,,True,,False,,15253.3935546875,True,static_safe,False,0.0,0.0,kivi_4bit_residual64,0.0,,risk_evidence_insufficient,0.0,static_safe,0.0,,,,hybrid-session-021-turn-2,4.950927734375,2.978759765625,4.950927734375,0.0,0.0,/DATACENTER3/zhenxiang.wang/work/TailGuardKV/.worktrees/baseline-smoke-final-aggregation/out/full_25session_baseline_9_14/full/policy_attempts/full40_20260916_h2o_static_safe/seed20260906,True,calibrated safe,hybrid-session-021,summary,233.62259985879064,2,risk_evidence_insufficient,20260906
kivi_4bit_residual64,13.0,0.1,False,False,online_qwen,False,,/DATACENTER3/zhenxiang.wang/work/TailGuardKV/.worktrees/baseline-smoke-final-aggregation/out/full_25session_baseline_9_14/full/policy_attempts/full40_20260916_h2o_static_safe/seed20260906/config.yaml,,,,,0.1,True,,0.1,,0,False,kivi_4bit_residual64,True,,balanced_two_gpu,1,persistent,28378.57781094499,16597,32495.26326195337,,80.0,63.165771484375,5.292724609375,5.292724609375,2.011474609375,2615.5958708841354,unknown,True,,True,,False,,15251.8046875,True,static_safe,False,0.0,0.0,kivi_4bit_residual64,0.0,,risk_evidence_insufficient,0.0,static_safe,0.0,,,,hybrid-session-025-turn-2,5.292724609375,3.28125,5.292724609375,0.0,0.0,/DATACENTER3/zhenxiang.wang/work/TailGuardKV/.worktrees/baseline-smoke-final-aggregation/out/full_25session_baseline_9_14/full/policy_attempts/full40_20260916_h2o_static_safe/seed20260906,True,calibrated safe,hybrid-session-025,summary,201.23549294658005,2,risk_evidence_insufficient,20260906
kivi_4bit_residual64,13.0,0.1,False,False,online_qwen,False,,/DATACENTER3/zhenxiang.wang/work/TailGuardKV/.worktrees/baseline-smoke-final-aggregation/out/full_25session_baseline_9_14/full/policy_attempts/full40_20260916_h2o_static_safe/seed20260906/config.yaml,,,,,0.1,True,,0.1,,0,False,kivi_4bit_residual64,True,,balanced_two_gpu,1,persistent,28378.57781094499,16597,32495.26326195337,,80.0,65.209716796875,5.094482421875,5.094482421875,2.0439453125,2663.368478883058,unknown,True,,True,,False,,15260.15673828125,True,static_safe,False,0.03418803418803419,0.03418803418803419,kivi_4bit_residual64,0.03418803418803419,,risk_evidence_insufficient,0.0,static_safe,0.0,,,,hybrid-session-026-turn-2,5.094482421875,3.050537109375,5.094482421875,0.0,0.3418803418803419,/DATACENTER3/zhenxiang.wang/work/TailGuardKV/.worktrees/baseline-smoke-final-aggregation/out/full_25session_baseline_9_14/full/policy_attempts/full40_20260916_h2o_static_safe/seed20260906,False,calibrated unsafe,hybrid-session-026,qa,227.85779903642833,2,risk_evidence_insufficient,20260906
kivi_4bit_residual64,13.0,0.1,False,False,online_qwen,False,,/DATACENTER3/zhenxiang.wang/work/TailGuardKV/.worktrees/baseline-smoke-final-aggregation/out/full_25session_baseline_9_14/full/policy_attempts/full40_20260916_h2o_static_safe/seed20260906/config.yaml,,,,,0.1,True,,0.1,,0,False,kivi_4bit_residual64,True,,balanced_two_gpu,1,persistent,28378.57781094499,16597,32495.26326195337,,80.0,66.82470703125,6.20703125,6.20703125,1.614990234375,2073.458757949993,unknown,True,,True,,False,,15144.7421875,True,static_safe,False,0.0,0.0,kivi_4bit_residual64,0.0,,risk_evidence_insufficient,0.0,static_safe,0.0,,,,hybrid-session-002-turn-3,6.20703125,4.592041015625,6.20703125,0.0,0.0,/DATACENTER3/zhenxiang.wang/work/TailGuardKV/.worktrees/baseline-smoke-final-aggregation/out/full_25session_baseline_9_14/full/policy_attempts/full40_20260916_h2o_static_safe/seed20260906,True,calibrated safe,hybrid-session-002,qa,162.34481683932245,3,risk_evidence_insufficient,20260906
kivi_4bit_residual64,13.0,0.1,False,False,online_qwen,False,,/DATACENTER3/zhenxiang.wang/work/TailGuardKV/.worktrees/baseline-smoke-final-aggregation/out/full_25session_baseline_9_14/full/policy_attempts/full40_20260916_h2o_static_safe/seed20260906/config.yaml,,,,,0.1,True,,0.1,,0,False,kivi_4bit_residual64,True,,balanced_two_gpu,1,persistent,28378.57781094499,16597,32495.26326195337,,80.0,67.20068359375,5.525146484375,5.525146484375,0.3759765625,2635.730094043538,unknown,True,,True,,False,,15143.60546875,True,static_safe,False,0.0,0.0,kivi_4bit_residual64,0.0,,risk_evidence_insufficient,0.0,static_safe,0.0,,,,hybrid-session-003-turn-3,5.525146484375,5.149169921875,5.525146484375,0.0,0.0,/DATACENTER3/zhenxiang.wang/work/TailGuardKV/.worktrees/baseline-smoke-final-aggregation/out/full_25session_baseline_9_14/full/policy_attempts/full40_20260916_h2o_static_safe/seed20260906,True,calibrated safe,hybrid-session-003,summary,232.15688113123178,3,risk_evidence_insufficient,20260906
kivi_4bit_residual64,13.0,0.1,False,False,online_qwen,False,,/DATACENTER3/zhenxiang.wang/work/TailGuardKV/.worktrees/baseline-smoke-final-aggregation/out/full_25session_baseline_9_14/full/policy_attempts/full40_20260916_h2o_static_safe/seed20260906/config.yaml,,,,,0.1,True,,0.1,,0,False,kivi_4bit_residual64,True,,balanced_two_gpu,1,persistent,28378.57781094499,16597,32495.26326195337,,80.0,68.815673828125,6.386474609375,6.386474609375,1.614990234375,2598.6936478875577,unknown,True,,True,,False,,15146.689453125,True,static_safe,False,0.03418803418803419,0.03418803418803419,kivi_4bit_residual64,0.03418803418803419,,risk_evidence_insufficient,0.0,static_safe,0.0,,,,hybrid-session-004-turn-3,6.386474609375,4.771484375,6.386474609375,0.0,0.3418803418803419,/DATACENTER3/zhenxiang.wang/work/TailGuardKV/.worktrees/baseline-smoke-final-aggregation/out/full_25session_baseline_9_14/full/policy_attempts/full40_20260916_h2o_static_safe/seed20260906,False,calibrated unsafe,hybrid-session-004,qa,171.0924538783729,3,risk_evidence_insufficient,20260906
kivi_4bit_residual64,13.0,0.1,False,False,online_qwen,False,,/DATACENTER3/zhenxiang.wang/work/TailGuardKV/.worktrees/baseline-smoke-final-aggregation/out/full_25session_baseline_9_14/full/policy_attempts/full40_20260916_h2o_static_safe/seed20260906/config.yaml,,,,,0.1,True,,0.1,,0,False,kivi_4bit_residual64,True,,balanced_two_gpu,1,persistent,28378.57781094499,16597,32495.26326195337,,80.0,70.394775390625,6.099365234375,6.099365234375,1.5791015625,2615.0289070792496,unknown,True,,True,,False,,15146.791015625,True,static_safe,False,0.0,0.0,kivi_4bit_residual64,0.0,,risk_evidence_insufficient,0.0,static_safe,0.0,,,,hybrid-session-005-turn-3,6.099365234375,4.520263671875,6.099365234375,0.0,0.0,/DATACENTER3/zhenxiang.wang/work/TailGuardKV/.worktrees/baseline-smoke-final-aggregation/out/full_25session_baseline_9_14/full/policy_attempts/full40_20260916_h2o_static_safe/seed20260906,True,calibrated safe,hybrid-session-005,summary,185.93090889044106,3,risk_evidence_insufficient,20260906
kivi_4bit_residual64,13.0,0.1,False,False,online_qwen,False,,/DATACENTER3/zhenxiang.wang/work/TailGuardKV/.worktrees/baseline-smoke-final-aggregation/out/full_25session_baseline_9_14/full/policy_attempts/full40_20260916_h2o_static_safe/seed20260906/config.yaml,,,,,0.1,True,,0.1,,0,False,kivi_4bit_residual64,True,,balanced_two_gpu,1,persistent,28378.57781094499,16597,32495.26326195337,,80.0,70.806640625,6.475341796875,6.475341796875,0.411865234375,2061.69117288664,unknown,True,,True,,False,,15148.673828125,True,static_safe,False,0.0,0.0,kivi_4bit_residual64,0.0,,risk_evidence_insufficient,0.0,static_safe,0.0,,,,hybrid-session-006-turn-3,6.475341796875,6.0634765625,6.475341796875,0.0,0.0,/DATACENTER3/zhenxiang.wang/work/TailGuardKV/.worktrees/baseline-smoke-final-aggregation/out/full_25session_baseline_9_14/full/policy_attempts/full40_20260916_h2o_static_safe/seed20260906,True,calibrated safe,hybrid-session-006,qa,176.08198197558522,3,risk_evidence_insufficient,20260906
kivi_4bit_residual64,13.0,0.1,False,False,online_qwen,False,,/DATACENTER3/zhenxiang.wang/work/TailGuardKV/.worktrees/baseline-smoke-final-aggregation/out/full_25session_baseline_9_14/full/policy_attempts/full40_20260916_h2o_static_safe/seed20260906/config.yaml,,,,,0.1,True,,0.1,,0,False,kivi_4bit_residual64,True,,balanced_two_gpu,1,persistent,28378.57781094499,16597,32495.26326195337,,80.0,71.1826171875,5.381591796875,5.381591796875,0.3759765625,2079.5497349463403,unknown,True,,True,,False,,15147.59765625,True,static_safe,False,0.0,0.0,kivi_4bit_residual64,0.0,,risk_evidence_insufficient,0.0,static_safe,0.0,,,,hybrid-session-009-turn-3,5.381591796875,5.005615234375,5.381591796875,0.0,0.0,/DATACENTER3/zhenxiang.wang/work/TailGuardKV/.worktrees/baseline-smoke-final-aggregation/out/full_25session_baseline_9_14/full/policy_attempts/full40_20260916_h2o_static_safe/seed20260906,True,calibrated safe,hybrid-session-009,summary,178.02719306200743,3,risk_evidence_insufficient,20260906
kivi_4bit_residual64,13.0,0.1,False,False,online_qwen,False,,/DATACENTER3/zhenxiang.wang/work/TailGuardKV/.worktrees/baseline-smoke-final-aggregation/out/full_25session_baseline_9_14/full/policy_attempts/full40_20260916_h2o_static_safe/seed20260906/config.yaml,,,,,0.1,True,,0.1,,0,False,kivi_4bit_residual64,True,,balanced_two_gpu,1,persistent,28378.57781094499,16597,32495.26326195337,,80.0,71.594482421875,5.84814453125,5.84814453125,0.411865234375,2344.8314401321113,unknown,True,,True,,False,,15149.47265625,True,static_safe,False,0.0,0.0,kivi_4bit_residual64,0.0,,risk_evidence_insufficient,0.0,static_safe,0.0,,,,hybrid-session-010-turn-3,5.84814453125,5.436279296875,5.84814453125,0.0,0.0,/DATACENTER3/zhenxiang.wang/work/TailGuardKV/.worktrees/baseline-smoke-final-aggregation/out/full_25session_baseline_9_14/full/policy_attempts/full40_20260916_h2o_static_safe/seed20260906,True,calibrated safe,hybrid-session-010,qa,209.2666900716722,3,risk_evidence_insufficient,20260906
kivi_4bit_residual64,13.0,0.1,False,False,online_qwen,False,,/DATACENTER3/zhenxiang.wang/work/TailGuardKV/.worktrees/baseline-smoke-final-aggregation/out/full_25session_baseline_9_14/full/policy_attempts/full40_20260916_h2o_static_safe/seed20260906/config.yaml,,,,,0.1,True,,0.1,,0,False,kivi_4bit_residual64,True,,balanced_two_gpu,1,persistent,28378.57781094499,16597,32495.26326195337,,80.0,71.970458984375,5.56103515625,5.56103515625,0.3759765625,2650.566113181412,unknown,True,,True,,False,,15148.37109375,True,static_safe,False,0.0,0.0,kivi_4bit_residual64,0.0,,risk_evidence_insufficient,0.0,static_safe,0.0,,,,hybrid-session-013-turn-3,5.56103515625,5.18505859375,5.56103515625,0.0,0.0,/DATACENTER3/zhenxiang.wang/work/TailGuardKV/.worktrees/baseline-smoke-final-aggregation/out/full_25session_baseline_9_14/full/policy_attempts/full40_20260916_h2o_static_safe/seed20260906,True,calibrated safe,hybrid-session-013,summary,211.85881597921252,3,risk_evidence_insufficient,20260906
kivi_4bit_residual64,13.0,0.1,False,False,online_qwen,False,,/DATACENTER3/zhenxiang.wang/work/TailGuardKV/.worktrees/baseline-smoke-final-aggregation/out/full_25session_baseline_9_14/full/policy_attempts/full40_20260916_h2o_static_safe/seed20260906/config.yaml,,,,,0.1,True,,0.1,,0,False,kivi_4bit_residual64,True,,balanced_two_gpu,1,persistent,28378.57781094499,16597,32495.26326195337,,80.0,73.58544921875,6.171142578125,6.171142578125,1.614990234375,2298.7609149422497,unknown,True,,True,,False,,15151.431640625,True,static_safe,False,0.0,0.0,kivi_4bit_residual64,0.0,,risk_evidence_insufficient,0.0,static_safe,0.0,,,,hybrid-session-016-turn-3,6.171142578125,4.55615234375,6.171142578125,0.0,0.0,/DATACENTER3/zhenxiang.wang/work/TailGuardKV/.worktrees/baseline-smoke-final-aggregation/out/full_25session_baseline_9_14/full/policy_attempts/full40_20260916_h2o_static_safe/seed20260906,True,calibrated safe,hybrid-session-016,qa,170.71933997794986,3,risk_evidence_insufficient,20260906
kivi_4bit_residual64,13.0,0.1,False,False,online_qwen,False,,/DATACENTER3/zhenxiang.wang/work/TailGuardKV/.worktrees/baseline-smoke-final-aggregation/out/full_25session_baseline_9_14/full/policy_attempts/full40_20260916_h2o_static_safe/seed20260906/config.yaml,,,,,0.1,True,,0.1,,0,False,kivi_4bit_residual64,True,,balanced_two_gpu,1,persistent,28378.57781094499,16597,32495.26326195337,,80.0,75.200439453125,6.20703125,6.20703125,1.614990234375,2539.385091047734,unknown,True,,True,,False,,15153.041015625,True,static_safe,False,0.0,0.0,kivi_4bit_residual64,0.0,,risk_evidence_insufficient,0.0,static_safe,0.0,,,,hybrid-session-020-turn-3,6.20703125,4.592041015625,6.20703125,0.0,0.0,/DATACENTER3/zhenxiang.wang/work/TailGuardKV/.worktrees/baseline-smoke-final-aggregation/out/full_25session_baseline_9_14/full/policy_attempts/full40_20260916_h2o_static_safe/seed20260906,True,calibrated safe,hybrid-session-020,qa,183.1513550132513,3,risk_evidence_insufficient,20260906
kivi_4bit_residual64,13.0,0.1,False,False,online_qwen,False,,/DATACENTER3/zhenxiang.wang/work/TailGuardKV/.worktrees/baseline-smoke-final-aggregation/out/full_25session_baseline_9_14/full/policy_attempts/full40_20260916_h2o_static_safe/seed20260906/config.yaml,,,,,0.1,True,,0.1,,0,False,kivi_4bit_residual64,True,,balanced_two_gpu,1,persistent,28378.57781094499,16597,32495.26326195337,,80.0,76.779541015625,6.530029296875,6.530029296875,1.5791015625,2600.822206120938,unknown,True,,True,,False,,15153.134765625,True,static_safe,False,0.0,0.0,kivi_4bit_residual64,0.0,,risk_evidence_insufficient,0.0,static_safe,0.0,,,,hybrid-session-021-turn-3,6.530029296875,4.950927734375,6.530029296875,0.0,0.0,/DATACENTER3/zhenxiang.wang/work/TailGuardKV/.worktrees/baseline-smoke-final-aggregation/out/full_25session_baseline_9_14/full/policy_attempts/full40_20260916_h2o_static_safe/seed20260906,True,calibrated safe,hybrid-session-021,summary,177.48393304646015,3,risk_evidence_insufficient,20260906
kivi_4bit_residual64,13.0,0.1,False,False,online_qwen,False,,/DATACENTER3/zhenxiang.wang/work/TailGuardKV/.worktrees/baseline-smoke-final-aggregation/out/full_25session_baseline_9_14/full/policy_attempts/full40_20260916_h2o_static_safe/seed20260906/config.yaml,,,,,0.1,True,,0.1,,0,False,kivi_4bit_residual64,True,,balanced_two_gpu,1,persistent,28378.57781094499,16597,32495.26326195337,,80.0,77.155517578125,5.668701171875,5.668701171875,0.3759765625,2648.0195210315287,unknown,True,,True,,False,,15153.517578125,True,static_safe,False,0.0,0.0,kivi_4bit_residual64,0.0,,risk_evidence_insufficient,0.0,static_safe,0.0,,,,hybrid-session-025-turn-3,5.668701171875,5.292724609375,5.668701171875,0.0,0.0,/DATACENTER3/zhenxiang.wang/work/TailGuardKV/.worktrees/baseline-smoke-final-aggregation/out/full_25session_baseline_9_14/full/policy_attempts/full40_20260916_h2o_static_safe/seed20260906,True,calibrated safe,hybrid-session-025,summary,206.10587112605572,3,risk_evidence_insufficient,20260906
kivi_4bit_residual64,13.0,0.1,False,False,online_qwen,False,,/DATACENTER3/zhenxiang.wang/work/TailGuardKV/.worktrees/baseline-smoke-final-aggregation/out/full_25session_baseline_9_14/full/policy_attempts/full40_20260916_h2o_static_safe/seed20260906/config.yaml,,,,,0.1,True,,0.1,,0,False,kivi_4bit_residual64,True,,balanced_two_gpu,1,persistent,28378.57781094499,16597,32495.26326195337,,80.0,78.7705078125,6.70947265625,6.70947265625,1.614990234375,2630.9466869570315,unknown,True,,True,,False,,15156.568359375,True,static_safe,False,0.03418803418803419,0.03418803418803419,kivi_4bit_residual64,0.03418803418803419,,risk_evidence_insufficient,0.0,static_safe,0.0,,,,hybrid-session-026-turn-3,6.70947265625,5.094482421875,6.70947265625,0.0,0.3418803418803419,/DATACENTER3/zhenxiang.wang/work/TailGuardKV/.worktrees/baseline-smoke-final-aggregation/out/full_25session_baseline_9_14/full/policy_attempts/full40_20260916_h2o_static_safe/seed20260906,False,calibrated unsafe,hybrid-session-026,qa,182.52576584927738,3,risk_evidence_insufficient,20260906
kivi_4bit_residual64,13.0,0.1,False,False,online_qwen,False,,/DATACENTER3/zhenxiang.wang/work/TailGuardKV/.worktrees/baseline-smoke-final-aggregation/out/full_25session_baseline_9_14/full/policy_attempts/full40_20260916_h2o_static_safe/seed20260906/config.yaml,,,,,0.1,True,,0.1,,0,False,kivi_4bit_residual64,True,,balanced_two_gpu,1,persistent,28378.57781094499,16597,32495.26326195337,,80.0,79.0029296875,6.439453125,6.439453125,0.232421875,2654.683331027627,unknown,True,,True,,False,,15149.53125,True,static_safe,False,0.0,0.0,kivi_4bit_residual64,0.0,,risk_evidence_insufficient,0.0,static_safe,0.0,,,,hybrid-session-002-turn-4,6.439453125,6.20703125,6.439453125,0.0,0.0,/DATACENTER3/zhenxiang.wang/work/TailGuardKV/.worktrees/baseline-smoke-final-aggregation/out/full_25session_baseline_9_14/full/policy_attempts/full40_20260916_h2o_static_safe/seed20260906,True,calibrated safe,hybrid-session-002,qa,221.0800910834223,4,risk_evidence_insufficient,20260906
kivi_4bit_residual64,13.0,0.1,False,False,online_qwen,False,,/DATACENTER3/zhenxiang.wang/work/TailGuardKV/.worktrees/baseline-smoke-final-aggregation/out/full_25session_baseline_9_14/full/policy_attempts/full40_20260916_h2o_static_safe/seed20260906/config.yaml,,,,,0.1,True,,0.1,,0,False,kivi_4bit_residual64,True,,balanced_two_gpu,1,persistent,28378.57781094499,16597,32495.26326195337,,80.0,79.2353515625,5.757568359375,5.757568359375,0.232421875,2492.7743189036846,unknown,True,,True,,False,,15150.970703125,True,static_safe,False,0.0,0.0,kivi_4bit_residual64,0.0,,risk_evidence_insufficient,0.0,static_safe,0.0,,,,hybrid-session-003-turn-4,5.757568359375,5.525146484375,5.757568359375,0.0,0.0,/DATACENTER3/zhenxiang.wang/work/TailGuardKV/.worktrees/baseline-smoke-final-aggregation/out/full_25session_baseline_9_14/full/policy_attempts/full40_20260916_h2o_static_safe/seed20260906,True,calibrated safe,hybrid-session-003,summary,186.01464293897152,4,risk_evidence_insufficient,20260906
kivi_4bit_residual64,13.0,0.1,False,False,online_qwen,False,,/DATACENTER3/zhenxiang.wang/work/TailGuardKV/.worktrees/baseline-smoke-final-aggregation/out/full_25session_baseline_9_14/full/policy_attempts/full40_20260916_h2o_static_safe/seed20260906/config.yaml,,,,,0.1,True,,0.1,,0,False,kivi_4bit_residual64,True,,balanced_two_gpu,1,persistent,28378.57781094499,16597,32495.26326195337,,80.0,79.4677734375,6.618896484375,6.618896484375,0.232421875,2658.392968820408,unknown,True,,True,,False,,15149.98828125,True,static_safe,False,0.0,0.0,kivi_4bit_residual64,0.0,,risk_evidence_insufficient,0.0,static_safe,0.0,,,,hybrid-session-004-turn-4,6.618896484375,6.386474609375,6.618896484375,0.0,0.0,/DATACENTER3/zhenxiang.wang/work/TailGuardKV/.worktrees/baseline-smoke-final-aggregation/out/full_25session_baseline_9_14/full/policy_attempts/full40_20260916_h2o_static_safe/seed20260906,True,calibrated safe,hybrid-session-004,qa,208.5655787959695,4,risk_evidence_insufficient,20260906
kivi_4bit_residual64,13.0,0.1,False,False,online_qwen,False,,/DATACENTER3/zhenxiang.wang/work/TailGuardKV/.worktrees/baseline-smoke-final-aggregation/out/full_25session_baseline_9_14/full/policy_attempts/full40_20260916_h2o_static_safe/seed20260906/config.yaml,,,,,0.1,True,,0.1,,0,False,kivi_4bit_residual64,True,,balanced_two_gpu,1,persistent,28378.57781094499,16597,32495.26326195337,,80.0,79.7001953125,6.331787109375,6.331787109375,0.232421875,2611.0889960546046,unknown,True,,True,,False,,15150.234375,True,static_safe,False,0.0,0.0,kivi_4bit_residual64,0.0,,risk_evidence_insufficient,0.0,static_safe,0.0,,,,hybrid-session-005-turn-4,6.331787109375,6.099365234375,6.331787109375,0.0,0.0,/DATACENTER3/zhenxiang.wang/work/TailGuardKV/.worktrees/baseline-smoke-final-aggregation/out/full_25session_baseline_9_14/full/policy_attempts/full40_20260916_h2o_static_safe/seed20260906,True,calibrated safe,hybrid-session-005,summary,213.70270405896008,4,risk_evidence_insufficient,20260906
kivi_4bit_residual64,13.0,0.1,False,False,online_qwen,False,,/DATACENTER3/zhenxiang.wang/work/TailGuardKV/.worktrees/baseline-smoke-final-aggregation/out/full_25session_baseline_9_14/full/policy_attempts/full40_20260916_h2o_static_safe/seed20260906/config.yaml,,,,,0.1,True,,0.1,,0,False,kivi_4bit_residual64,True,,balanced_two_gpu,1,persistent,28378.57781094499,16597,32495.26326195337,,80.0,79.9326171875,6.707763671875,6.707763671875,0.232421875,2644.9966442305595,unknown,True,,True,,False,,15151.68359375,True,static_safe,False,0.0,0.0,kivi_4bit_residual64,0.0,,risk_evidence_insufficient,0.0,static_safe,0.0,,,,hybrid-session-006-turn-4,6.707763671875,6.475341796875,6.707763671875,0.0,0.0,/DATACENTER3/zhenxiang.wang/work/TailGuardKV/.worktrees/baseline-smoke-final-aggregation/out/full_25session_baseline_9_14/full/policy_attempts/full40_20260916_h2o_static_safe/seed20260906,True,calibrated safe,hybrid-session-006,qa,175.26506911963224,4,risk_evidence_insufficient,20260906
kivi_4bit_residual64,13.0,0.1,True,True,online_qwen,True,,/DATACENTER3/zhenxiang.wang/work/TailGuardKV/.worktrees/baseline-smoke-final-aggregation/out/full_25session_baseline_9_14/full/policy_attempts/full40_20260916_h2o_static_safe/seed20260906/config.yaml,,,,,0.1,True,,0.1,,5.84814453125,False,kivi_4bit_residual64,True,,balanced_two_gpu,1,persistent,28378.57781094499,16597,32495.26326195337,,80.0,74.31689453125,5.614013671875,5.614013671875,0.232421875,2280.114258173853,unknown,True,,True,,False,,15151.927734375,True,static_safe,False,0.0,0.0,kivi_4bit_residual64,0.0,,risk_evidence_insufficient,0.0,static_safe,0.0,,,,hybrid-session-009-turn-4,5.614013671875,5.381591796875,5.614013671875,0.0,0.0,/DATACENTER3/zhenxiang.wang/work/TailGuardKV/.worktrees/baseline-smoke-final-aggregation/out/full_25session_baseline_9_14/full/policy_attempts/full40_20260916_h2o_static_safe/seed20260906,True,calibrated safe,hybrid-session-009,summary,186.87918409705162,4,risk_evidence_insufficient,20260906
kivi_4bit_residual64,13.0,0.1,False,True,online_qwen,True,,/DATACENTER3/zhenxiang.wang/work/TailGuardKV/.worktrees/baseline-smoke-final-aggregation/out/full_25session_baseline_9_14/full/policy_attempts/full40_20260916_h2o_static_safe/seed20260906/config.yaml,,,,,0.1,True,,0.1,,5.56103515625,False,kivi_4bit_residual64,True,,balanced_two_gpu,1,persistent,28378.57781094499,16597,32495.26326195337,,80.0,75.087646484375,6.331787109375,6.331787109375,6.331787109375,2762.677425984293,unknown,True,,True,,False,,15497.2939453125,True,static_safe,False,0.0,0.0,kivi_4bit_residual64,0.0,,risk_evidence_insufficient,0.0,static_safe,323.2731050811708,,,,hybrid-session-010-turn-4,6.331787109375,0.0,6.331787109375,0.0,0.0,/DATACENTER3/zhenxiang.wang/work/TailGuardKV/.worktrees/baseline-smoke-final-aggregation/out/full_25session_baseline_9_14/full/policy_attempts/full40_20260916_h2o_static_safe/seed20260906,True,calibrated safe,hybrid-session-010,qa,324.3004239629954,4,risk_evidence_insufficient,20260906
kivi_4bit_residual64,13.0,0.1,True,True,online_qwen,True,,/DATACENTER3/zhenxiang.wang/work/TailGuardKV/.worktrees/baseline-smoke-final-aggregation/out/full_25session_baseline_9_14/full/policy_attempts/full40_20260916_h2o_static_safe/seed20260906/config.yaml,,,,,0.1,True,,0.1,,6.171142578125,False,kivi_4bit_residual64,True,,balanced_two_gpu,1,persistent,28378.57781094499,16597,32495.26326195337,,80.0,74.49462890625,5.578125,5.578125,5.578125,2735.8927282039076,unknown,True,,True,,False,,15468.54345703125,True,static_safe,False,0.0,0.0,kivi_4bit_residual64,0.0,,risk_evidence_insufficient,0.0,static_safe,281.64522000588477,,,,hybrid-session-013-turn-4,5.578125,0.0,5.578125,0.0,0.0,/DATACENTER3/zhenxiang.wang/work/TailGuardKV/.worktrees/baseline-smoke-final-aggregation/out/full_25session_baseline_9_14/full/policy_attempts/full40_20260916_h2o_static_safe/seed20260906,True,calibrated safe,hybrid-session-013,summary,282.423387048766,4,risk_evidence_insufficient,20260906
kivi_4bit_residual64,13.0,0.1,False,True,online_qwen,True,,/DATACENTER3/zhenxiang.wang/work/TailGuardKV/.worktrees/baseline-smoke-final-aggregation/out/full_25session_baseline_9_14/full/policy_attempts/full40_20260916_h2o_static_safe/seed20260906/config.yaml,,,,,0.1,True,,0.1,,6.20703125,False,kivi_4bit_residual64,True,,balanced_two_gpu,1,persistent,28378.57781094499,16597,32495.26326195337,,80.0,73.973388671875,5.685791015625,5.685791015625,5.685791015625,2761.1999749206007,unknown,True,,True,,False,,15472.81298828125,True,static_safe,False,0.0,0.0,kivi_4bit_residual64,0.0,,risk_evidence_insufficient,0.0,static_safe,277.8616100549698,,,,hybrid-session-016-turn-4,5.685791015625,0.0,5.685791015625,0.0,0.0,/DATACENTER3/zhenxiang.wang/work/TailGuardKV/.worktrees/baseline-smoke-final-aggregation/out/full_25session_baseline_9_14/full/policy_attempts/full40_20260916_h2o_static_safe/seed20260906,True,calibrated safe,hybrid-session-016,qa,278.65677094087005,4,risk_evidence_insufficient,20260906
kivi_4bit_residual64,13.0,0.1,False,True,online_qwen,True,,/DATACENTER3/zhenxiang.wang/work/TailGuardKV/.worktrees/baseline-smoke-final-aggregation/out/full_25session_baseline_9_14/full/policy_attempts/full40_20260916_h2o_static_safe/seed20260906/config.yaml,,,,,0.1,True,,0.1,,6.530029296875,False,kivi_4bit_residual64,True,,balanced_two_gpu,1,persistent,28378.57781094499,16597,32495.26326195337,,80.0,73.66748046875,6.22412109375,6.22412109375,6.22412109375,2760.802543023601,unknown,True,,True,,False,,15493.3720703125,True,static_safe,False,0.0,0.0,kivi_4bit_residual64,0.0,,risk_evidence_insufficient,0.0,static_safe,314.1881839837879,,,,hybrid-session-020-turn-4,6.22412109375,0.0,6.22412109375,0.0,0.0,/DATACENTER3/zhenxiang.wang/work/TailGuardKV/.worktrees/baseline-smoke-final-aggregation/out/full_25session_baseline_9_14/full/policy_attempts/full40_20260916_h2o_static_safe/seed20260906,True,calibrated safe,hybrid-session-020,qa,314.97028400190175,4,risk_evidence_insufficient,20260906
kivi_4bit_residual64,13.0,0.1,False,True,online_qwen,True,,/DATACENTER3/zhenxiang.wang/work/TailGuardKV/.worktrees/baseline-smoke-final-aggregation/out/full_25session_baseline_9_14/full/policy_attempts/full40_20260916_h2o_static_safe/seed20260906/config.yaml,,,,,0.1,True,,0.1,,5.668701171875,False,kivi_4bit_residual64,True,,balanced_two_gpu,1,persistent,28378.57781094499,16597,32495.26326195337,,80.0,74.581787109375,6.5830078125,6.5830078125,6.5830078125,2771.5493589639664,unknown,True,,True,,False,,15507.03515625,True,static_safe,False,0.0,0.0,kivi_4bit_residual64,0.0,,risk_evidence_insufficient,0.0,static_safe,322.4952861201018,,,,hybrid-session-021-turn-4,6.5830078125,0.0,6.5830078125,0.0,0.0,/DATACENTER3/zhenxiang.wang/work/TailGuardKV/.worktrees/baseline-smoke-final-aggregation/out/full_25session_baseline_9_14/full/policy_attempts/full40_20260916_h2o_static_safe/seed20260906,True,calibrated safe,hybrid-session-021,summary,323.3255979139358,4,risk_evidence_insufficient,20260906
kivi_4bit_residual64,13.0,0.1,False,True,online_qwen,True,,/DATACENTER3/zhenxiang.wang/work/TailGuardKV/.worktrees/baseline-smoke-final-aggregation/out/full_25session_baseline_9_14/full/policy_attempts/full40_20260916_h2o_static_safe/seed20260906/config.yaml,,,,,0.1,True,,0.1,,6.70947265625,False,kivi_4bit_residual64,True,,balanced_two_gpu,1,persistent,28378.57781094499,16597,32495.26326195337,,80.0,73.522216796875,5.64990234375,5.64990234375,5.64990234375,2769.7644140571356,unknown,True,,True,,False,,15470.50341796875,True,static_safe,False,0.0,0.0,kivi_4bit_residual64,0.0,,risk_evidence_insufficient,0.0,static_safe,274.48618900962174,,,,hybrid-session-025-turn-4,5.64990234375,0.0,5.64990234375,0.0,0.0,/DATACENTER3/zhenxiang.wang/work/TailGuardKV/.worktrees/baseline-smoke-final-aggregation/out/full_25session_baseline_9_14/full/policy_attempts/full40_20260916_h2o_static_safe/seed20260906,True,calibrated safe,hybrid-session-025,summary,275.27140104211867,4,risk_evidence_insufficient,20260906
kivi_4bit_residual64,13.0,0.1,False,True,online_qwen,True,,/DATACENTER3/zhenxiang.wang/work/TailGuardKV/.worktrees/baseline-smoke-final-aggregation/out/full_25session_baseline_9_14/full/policy_attempts/full40_20260916_h2o_static_safe/seed20260906/config.yaml,,,,,0.1,True,,0.1,,6.439453125,False,kivi_4bit_residual64,True,,balanced_two_gpu,1,persistent,28378.57781094499,16597,32495.26326195337,,80.0,73.7734375,6.690673828125,6.690673828125,6.690673828125,2773.317178012803,unknown,True,,True,,False,,15511.7861328125,True,static_safe,False,0.03418803418803419,0.03418803418803419,kivi_4bit_residual64,0.03418803418803419,,risk_evidence_insufficient,0.0,static_safe,318.1617970112711,,,,hybrid-session-026-turn-4,6.690673828125,0.0,6.690673828125,0.0,0.3418803418803419,/DATACENTER3/zhenxiang.wang/work/TailGuardKV/.worktrees/baseline-smoke-final-aggregation/out/full_25session_baseline_9_14/full/policy_attempts/full40_20260916_h2o_static_safe/seed20260906,False,calibrated unsafe,hybrid-session-026,qa,318.99239984340966,4,risk_evidence_insufficient,20260906
kivi_2bit_residual64,2.0,0.1,False,False,online_qwen,False,8.0,/DATACENTER3/zhenxiang.wang/work/TailGuardKV/.worktrees/baseline-smoke-final-aggregation/out/full_25session_baseline_9_14/full/policy_attempts/full40_20260916_h2o_static_safe/seed20260906/config.yaml,,,,,0.1,True,,0.1,,0,False,kivi_2bit_residual64,True,,balanced_two_gpu,1,persistent,27856.21940996498,20959,31820.911157876253,,80.0,3.5546875,1.4765625,1.4765625,1.4765625,1674.5314670260996,unknown,True,,True,,False,,15055.19384765625,True,utility_dynamic,False,0.0,0.0,kivi_2bit_residual64,0.0,,risk_evidence_insufficient,0.0,utility_dynamic,0.0,,,,hybrid-session-003-turn-0,1.4765625,0.0,1.4765625,0.0,0.0,/DATACENTER3/zhenxiang.wang/work/TailGuardKV/.worktrees/baseline-smoke-final-aggregation/out/full_25session_baseline_9_14/full/policy_attempts/full40_20260916_h2o_static_safe/seed20260906,True,,hybrid-session-003,chat,110.87450594641268,0,risk_evidence_insufficient,20260906
kivi_2bit_residual64,3.0,0.1,False,False,online_qwen,False,8.0,/DATACENTER3/zhenxiang.wang/work/TailGuardKV/.worktrees/baseline-smoke-final-aggregation/out/full_25session_baseline_9_14/full/policy_attempts/full40_20260916_h2o_static_safe/seed20260906/config.yaml,,,,,0.1,True,,0.1,,0,False,kivi_2bit_residual64,True,,balanced_two_gpu,1,persistent,27856.21940996498,20959,31820.911157876253,,80.0,5.3046875,1.75,1.75,1.75,1683.9831620454788,unknown,True,,True,,False,,15063.70947265625,True,utility_dynamic,False,0.0,0.0,kivi_2bit_residual64,0.0,,risk_evidence_insufficient,0.0,utility_dynamic,0.0,,,,hybrid-session-004-turn-0,1.75,0.0,1.75,0.0,0.0,/DATACENTER3/zhenxiang.wang/work/TailGuardKV/.worktrees/baseline-smoke-final-aggregation/out/full_25session_baseline_9_14/full/policy_attempts/full40_20260916_h2o_static_safe/seed20260906,True,,hybrid-session-004,chat,117.12135304696858,0,risk_evidence_insufficient,20260906
kivi_2bit_residual64,4.0,0.1,False,False,online_qwen,False,8.0,/DATACENTER3/zhenxiang.wang/work/TailGuardKV/.worktrees/baseline-smoke-final-aggregation/out/full_25session_baseline_9_14/full/policy_attempts/full40_20260916_h2o_static_safe/seed20260906/config.yaml,,,,,0.1,True,,0.1,,0,False,kivi_2bit_residual64,True,,balanced_two_gpu,1,persistent,27856.21940996498,20959,31820.911157876253,,80.0,7.21875,1.9140625,1.9140625,1.9140625,1341.1042769439518,unknown,True,,True,,False,,15070.26806640625,True,utility_dynamic,False,0.0,0.0,kivi_2bit_residual64,0.0,,risk_evidence_insufficient,0.0,utility_dynamic,0.0,,,,hybrid-session-005-turn-0,1.9140625,0.0,1.9140625,0.0,0.0,/DATACENTER3/zhenxiang.wang/work/TailGuardKV/.worktrees/baseline-smoke-final-aggregation/out/full_25session_baseline_9_14/full/policy_attempts/full40_20260916_h2o_static_safe/seed20260906,True,,hybrid-session-005,chat,113.16201486624777,0,risk_evidence_insufficient,20260906
kivi_2bit_residual64,5.0,0.1,False,False,online_qwen,False,8.0,/DATACENTER3/zhenxiang.wang/work/TailGuardKV/.worktrees/baseline-smoke-final-aggregation/out/full_25session_baseline_9_14/full/policy_attempts/full40_20260916_h2o_static_safe/seed20260906/config.yaml,,,,,0.1,True,,0.1,,0,False,kivi_2bit_residual64,True,,balanced_two_gpu,1,persistent,27856.21940996498,20959,31820.911157876253,,80.0,9.84375,2.625,2.625,2.625,1695.8064299542457,unknown,True,,True,,False,,15093.27587890625,True,utility_dynamic,False,0.0,0.0,kivi_2bit_residual64,0.0,,risk_evidence_insufficient,0.0,utility_dynamic,0.0,,,,hybrid-session-006-turn-0,2.625,0.0,2.625,0.0,0.0,/DATACENTER3/zhenxiang.wang/work/TailGuardKV/.worktrees/baseline-smoke-final-aggregation/out/full_25session_baseline_9_14/full/policy_attempts/full40_20260916_h2o_static_safe/seed20260906,True,,hybrid-session-006,chat,118.84068488143384,0,risk_evidence_insufficient,20260906
kivi_2bit_residual64,6.0,0.1,False,False,online_qwen,False,8.0,/DATACENTER3/zhenxiang.wang/work/TailGuardKV/.worktrees/baseline-smoke-final-aggregation/out/full_25session_baseline_9_14/full/policy_attempts/full40_20260916_h2o_static_safe/seed20260906/config.yaml,,,,,0.1,True,,0.1,,0,False,kivi_2bit_residual64,True,,balanced_two_gpu,1,persistent,27856.21940996498,20959,31820.911157876253,,80.0,11.5390625,1.6953125,1.6953125,1.6953125,1676.0590628255159,unknown,True,,True,,False,,15068.48681640625,True,utility_dynamic,False,0.0,0.0,kivi_2bit_residual64,0.0,,risk_evidence_insufficient,0.0,utility_dynamic,0.0,,,,hybrid-session-009-turn-0,1.6953125,0.0,1.6953125,0.0,0.0,/DATACENTER3/zhenxiang.wang/work/TailGuardKV/.worktrees/baseline-smoke-final-aggregation/out/full_25session_baseline_9_14/full/policy_attempts/full40_20260916_h2o_static_safe/seed20260906,True,,hybrid-session-009,chat,110.6020410079509,0,risk_evidence_insufficient,20260906
kivi_2bit_residual64,7.0,0.1,False,False,online_qwen,False,8.0,/DATACENTER3/zhenxiang.wang/work/TailGuardKV/.worktrees/baseline-smoke-final-aggregation/out/full_25session_baseline_9_14/full/policy_attempts/full40_20260916_h2o_static_safe/seed20260906/config.yaml,,,,,0.1,True,,0.1,,0,False,kivi_2bit_residual64,True,,balanced_two_gpu,1,persistent,27856.21940996498,20959,31820.911157876253,,80.0,13.0703125,1.53125,1.53125,1.53125,1700.9642419870943,unknown,True,,True,,False,,15065.87646484375,True,utility_dynamic,False,0.0,0.0,kivi_2bit_residual64,0.0,,risk_evidence_insufficient,0.0,utility_dynamic,0.0,,,,hybrid-session-010-turn-0,1.53125,0.0,1.53125,0.0,0.0,/DATACENTER3/zhenxiang.wang/work/TailGuardKV/.worktrees/baseline-smoke-final-aggregation/out/full_25session_baseline_9_14/full/policy_attempts/full40_20260916_h2o_static_safe/seed20260906,True,,hybrid-session-010,chat,107.27670695632696,0,risk_evidence_insufficient,20260906
kivi_2bit_residual64,8.0,0.1,False,False,online_qwen,False,8.0,/DATACENTER3/zhenxiang.wang/work/TailGuardKV/.worktrees/baseline-smoke-final-aggregation/out/full_25session_baseline_9_14/full/policy_attempts/full40_20260916_h2o_static_safe/seed20260906/config.yaml,,,,,0.1,True,,0.1,,0,False,kivi_2bit_residual64,True,,balanced_two_gpu,1,persistent,27856.21940996498,20959,31820.911157876253,,80.0,14.875,1.8046875,1.8046875,1.8046875,1677.139736013487,unknown,True,,True,,False,,15074.73681640625,True,utility_dynamic,False,0.0,0.0,kivi_2bit_residual64,0.0,,risk_evidence_insufficient,0.0,utility_dynamic,0.0,,,,hybrid-session-013-turn-0,1.8046875,0.0,1.8046875,0.0,0.0,/DATACENTER3/zhenxiang.wang/work/TailGuardKV/.worktrees/baseline-smoke-final-aggregation/out/full_25session_baseline_9_14/full/policy_attempts/full40_20260916_h2o_static_safe/seed20260906,True,,hybrid-session-013,chat,111.78169096820056,0,risk_evidence_insufficient,20260906
kivi_2bit_residual64,9.0,0.1,False,False,online_qwen,False,8.0,/DATACENTER3/zhenxiang.wang/work/TailGuardKV/.worktrees/baseline-smoke-final-aggregation/out/full_25session_baseline_9_14/full/policy_attempts/full40_20260916_h2o_static_safe/seed20260906/config.yaml,,,,,0.1,True,,0.1,,0,False,kivi_2bit_residual64,True,,balanced_two_gpu,1,persistent,27856.21940996498,20959,31820.911157876253,,80.0,17.5,2.625,2.625,2.625,1689.9891109205782,unknown,True,,True,,False,,15100.93212890625,True,utility_dynamic,False,0.0,0.0,kivi_2bit_residual64,0.0,,risk_evidence_insufficient,0.0,utility_dynamic,0.0,,,,hybrid-session-016-turn-0,2.625,0.0,2.625,0.0,0.0,/DATACENTER3/zhenxiang.wang/work/TailGuardKV/.worktrees/baseline-smoke-final-aggregation/out/full_25session_baseline_9_14/full/policy_attempts/full40_20260916_h2o_static_safe/seed20260906,True,,hybrid-session-016,chat,116.696986136958,0,risk_evidence_insufficient,20260906
kivi_2bit_residual64,10.0,0.1,False,False,online_qwen,False,7.0,/DATACENTER3/zhenxiang.wang/work/TailGuardKV/.worktrees/baseline-smoke-final-aggregation/out/full_25session_baseline_9_14/full/policy_attempts/full40_20260916_h2o_static_safe/seed20260906/config.yaml,,,,,0.1,True,,0.1,,0,False,kivi_2bit_residual64,True,,balanced_two_gpu,1,persistent,27856.21940996498,20959,31820.911157876253,,80.0,19.90625,2.40625,2.40625,2.40625,1493.1075838394463,unknown,True,,True,,False,,15095.79541015625,True,utility_dynamic,True,0.0,0.0,kivi_2bit_residual64,0.0,,risk_evidence_insufficient,0.0,utility_dynamic,0.0,,,,hybrid-session-020-turn-0,2.40625,0.0,2.40625,0.0,0.0,/DATACENTER3/zhenxiang.wang/work/TailGuardKV/.worktrees/baseline-smoke-final-aggregation/out/full_25session_baseline_9_14/full/policy_attempts/full40_20260916_h2o_static_safe/seed20260906,True,,hybrid-session-020,chat,128.25487996451557,0,risk_evidence_insufficient,20260906
kivi_2bit_residual64,11.0,0.1,False,False,online_qwen,False,7.0,/DATACENTER3/zhenxiang.wang/work/TailGuardKV/.worktrees/baseline-smoke-final-aggregation/out/full_25session_baseline_9_14/full/policy_attempts/full40_20260916_h2o_static_safe/seed20260906/config.yaml,,,,,0.1,True,,0.1,,0,False,kivi_2bit_residual64,True,,balanced_two_gpu,1,persistent,27856.21940996498,20959,31820.911157876253,,80.0,22.203125,2.296875,2.296875,2.296875,1702.3477260954678,unknown,True,,True,,False,,15095.17822265625,True,utility_dynamic,True,0.0,0.0,kivi_2bit_residual64,0.0,,risk_evidence_insufficient,0.0,utility_dynamic,0.0,,,,hybrid-session-021-turn-0,2.296875,0.0,2.296875,0.0,0.0,/DATACENTER3/zhenxiang.wang/work/TailGuardKV/.worktrees/baseline-smoke-final-aggregation/out/full_25session_baseline_9_14/full/policy_attempts/full40_20260916_h2o_static_safe/seed20260906,True,,hybrid-session-021,chat,118.01783205009997,0,risk_evidence_insufficient,20260906
kivi_2bit_residual64,12.0,0.1,False,False,online_qwen,False,7.0,/DATACENTER3/zhenxiang.wang/work/TailGuardKV/.worktrees/baseline-smoke-final-aggregation/out/full_25session_baseline_9_14/full/policy_attempts/full40_20260916_h2o_static_safe/seed20260906/config.yaml,,,,,0.1,True,,0.1,,0,False,kivi_2bit_residual64,True,,balanced_two_gpu,1,persistent,27856.21940996498,20959,31820.911157876253,,80.0,24.171875,1.96875,1.96875,1.96875,1691.0264908801764,unknown,True,,True,,False,,15088.40478515625,True,utility_dynamic,True,0.0,0.0,kivi_2bit_residual64,0.0,,risk_evidence_insufficient,0.0,utility_dynamic,0.0,,,,hybrid-session-025-turn-0,1.96875,0.0,1.96875,0.0,0.0,/DATACENTER3/zhenxiang.wang/work/TailGuardKV/.worktrees/baseline-smoke-final-aggregation/out/full_25session_baseline_9_14/full/policy_attempts/full40_20260916_h2o_static_safe/seed20260906,True,,hybrid-session-025,chat,112.57665697485209,0,risk_evidence_insufficient,20260906
kivi_2bit_residual64,13.0,0.1,False,False,online_qwen,False,7.0,/DATACENTER3/zhenxiang.wang/work/TailGuardKV/.worktrees/baseline-smoke-final-aggregation/out/full_25session_baseline_9_14/full/policy_attempts/full40_20260916_h2o_static_safe/seed20260906/config.yaml,,,,,0.1,True,,0.1,,0,False,kivi_2bit_residual64,True,,balanced_two_gpu,1,persistent,27856.21940996498,20959,31820.911157876253,,80.0,26.359375,2.1875,2.1875,2.1875,1704.8217330593616,unknown,True,,True,,False,,15096.42041015625,True,utility_dynamic,True,0.0,0.0,kivi_2bit_residual64,0.0,,risk_evidence_insufficient,0.0,utility_dynamic,0.0,,,,hybrid-session-026-turn-0,2.1875,0.0,2.1875,0.0,0.0,/DATACENTER3/zhenxiang.wang/work/TailGuardKV/.worktrees/baseline-smoke-final-aggregation/out/full_25session_baseline_9_14/full/policy_attempts/full40_20260916_h2o_static_safe/seed20260906,True,,hybrid-session-026,chat,124.46983996778727,0,risk_evidence_insufficient,20260906
kivi_2bit_residual64,13.0,0.1,False,False,online_qwen,False,8.0,/DATACENTER3/zhenxiang.wang/work/TailGuardKV/.worktrees/baseline-smoke-final-aggregation/out/full_25session_baseline_9_14/full/policy_attempts/full40_20260916_h2o_static_safe/seed20260906/config.yaml,,,,,0.1,True,,0.1,,0,False,kivi_2bit_residual64,True,,balanced_two_gpu,1,persistent,27856.21940996498,20959,31820.911157876253,,80.0,26.586669921875,2.305419921875,2.305419921875,0.227294921875,5101.12731019035,unknown,True,,True,,False,,15088.02685546875,True,utility_dynamic,False,0.0,0.0,kivi_2bit_residual64,0.0,,risk_evidence_insufficient,0.0,utility_dynamic,0.0,,,,hybrid-session-002-turn-1,2.305419921875,2.078125,2.305419921875,0.0,0.0,/DATACENTER3/zhenxiang.wang/work/TailGuardKV/.worktrees/baseline-smoke-final-aggregation/out/full_25session_baseline_9_14/full/policy_attempts/full40_20260916_h2o_static_safe/seed20260906,True,,hybrid-session-002,chat,112.84259520471096,1,risk_evidence_insufficient,20260906
kivi_2bit_residual64,13.0,0.1,True,False,online_qwen,False,8.0,/DATACENTER3/zhenxiang.wang/work/TailGuardKV/.worktrees/baseline-smoke-final-aggregation/out/full_25session_baseline_9_14/full/policy_attempts/full40_20260916_h2o_static_safe/seed20260906/config.yaml,,,,,0.1,True,,0.1,,0,False,kivi_2bit_residual64,True,,balanced_two_gpu,1,persistent,27856.21940996498,20959,31820.911157876253,,80.0,28.008544921875,2.8984375,2.8984375,1.421875,1497.7616521064192,unknown,True,,True,,False,,15078.50048828125,True,utility_dynamic,False,0.0,0.0,kivi_2bit_residual64,0.0,,risk_evidence_insufficient,0.0,utility_dynamic,0.0,,,,hybrid-session-003-turn-1,2.8984375,1.4765625,2.8984375,0.0,0.0,/DATACENTER3/zhenxiang.wang/work/TailGuardKV/.worktrees/baseline-smoke-final-aggregation/out/full_25session_baseline_9_14/full/policy_attempts/full40_20260916_h2o_static_safe/seed20260906,True,,hybrid-session-003,chat,110.73719803243876,1,risk_evidence_insufficient,20260906
kivi_2bit_residual64,13.0,0.1,False,False,online_qwen,False,8.0,/DATACENTER3/zhenxiang.wang/work/TailGuardKV/.worktrees/baseline-smoke-final-aggregation/out/full_25session_baseline_9_14/full/policy_attempts/full40_20260916_h2o_static_safe/seed20260906/config.yaml,,,,,0.1,True,,0.1,,0,False,kivi_2bit_residual64,True,,balanced_two_gpu,1,persistent,27856.21940996498,20959,31820.911157876253,,80.0,29.21337890625,2.954833984375,2.954833984375,1.204833984375,2574.767601909116,unknown,True,,True,,False,,15128.2666015625,True,utility_dynamic,False,0.0,0.0,kivi_2bit_residual64,0.0,,risk_evidence_insufficient,0.0,utility_dynamic,0.0,,,,hybrid-session-004-turn-1,2.954833984375,1.75,2.954833984375,0.0,0.0,/DATACENTER3/zhenxiang.wang/work/TailGuardKV/.worktrees/baseline-smoke-final-aggregation/out/full_25session_baseline_9_14/full/policy_attempts/full40_20260916_h2o_static_safe/seed20260906,True,,hybrid-session-004,chat,186.34059885516763,1,risk_evidence_insufficient,20260906
kivi_2bit_residual64,13.0,0.1,False,False,online_qwen,False,8.0,/DATACENTER3/zhenxiang.wang/work/TailGuardKV/.worktrees/baseline-smoke-final-aggregation/out/full_25session_baseline_9_14/full/policy_attempts/full40_20260916_h2o_static_safe/seed20260906/config.yaml,,,,,0.1,True,,0.1,,0,False,kivi_2bit_residual64,True,,balanced_two_gpu,1,persistent,27856.21940996498,20959,31820.911157876253,,80.0,29.83203125,2.53271484375,2.53271484375,0.61865234375,2362.936711870134,unknown,True,,True,,False,,15105.99853515625,True,utility_dynamic,False,0.0,0.0,kivi_2bit_residual64,0.0,,risk_evidence_insufficient,0.0,utility_dynamic,0.0,,,,hybrid-session-005-turn-1,2.53271484375,1.9140625,2.53271484375,0.0,0.0,/DATACENTER3/zhenxiang.wang/work/TailGuardKV/.worktrees/baseline-smoke-final-aggregation/out/full_25session_baseline_9_14/full/policy_attempts/full40_20260916_h2o_static_safe/seed20260906,True,,hybrid-session-005,chat,125.47697289846838,1,risk_evidence_insufficient,20260906
kivi_2bit_residual64,13.0,0.1,False,False,online_qwen,False,8.0,/DATACENTER3/zhenxiang.wang/work/TailGuardKV/.worktrees/baseline-smoke-final-aggregation/out/full_25session_baseline_9_14/full/policy_attempts/full40_20260916_h2o_static_safe/seed20260906/config.yaml,,,,,0.1,True,,0.1,,0,False,kivi_2bit_residual64,True,,balanced_two_gpu,1,persistent,27856.21940996498,20959,31820.911157876253,,80.0,30.32421875,3.1171875,3.1171875,0.4921875,2610.203279880807,unknown,True,,True,,False,,15113.2998046875,True,utility_dynamic,False,0.0,0.0,kivi_2bit_residual64,0.0,,risk_evidence_insufficient,0.0,utility_dynamic,0.0,,,,hybrid-session-006-turn-1,3.1171875,2.625,3.1171875,0.0,0.0,/DATACENTER3/zhenxiang.wang/work/TailGuardKV/.worktrees/baseline-smoke-final-aggregation/out/full_25session_baseline_9_14/full/policy_attempts/full40_20260916_h2o_static_safe/seed20260906,True,,hybrid-session-006,chat,196.1656839121133,1,risk_evidence_insufficient,20260906
kivi_2bit_residual64,13.0,0.1,False,False,online_qwen,False,8.0,/DATACENTER3/zhenxiang.wang/work/TailGuardKV/.worktrees/baseline-smoke-final-aggregation/out/full_25session_baseline_9_14/full/policy_attempts/full40_20260916_h2o_static_safe/seed20260906/config.yaml,,,,,0.1,True,,0.1,,0,False,kivi_2bit_residual64,True,,balanced_two_gpu,1,persistent,27856.21940996498,20959,31820.911157876253,,80.0,32.01953125,3.390625,3.390625,1.6953125,1705.8475909288973,unknown,True,,True,,False,,15089.00927734375,True,utility_dynamic,False,0.0,0.0,kivi_2bit_residual64,0.0,,risk_evidence_insufficient,0.0,utility_dynamic,0.0,,,,hybrid-session-009-turn-1,3.390625,1.6953125,3.390625,0.0,0.0,/DATACENTER3/zhenxiang.wang/work/TailGuardKV/.worktrees/baseline-smoke-final-aggregation/out/full_25session_baseline_9_14/full/policy_attempts/full40_20260916_h2o_static_safe/seed20260906,True,,hybrid-session-009,chat,98.08262786827981,1,risk_evidence_insufficient,20260906
kivi_2bit_residual64,13.0,0.1,False,False,online_qwen,False,8.0,/DATACENTER3/zhenxiang.wang/work/TailGuardKV/.worktrees/baseline-smoke-final-aggregation/out/full_25session_baseline_9_14/full/policy_attempts/full40_20260916_h2o_static_safe/seed20260906/config.yaml,,,,,0.1,True,,0.1,,0,False,kivi_2bit_residual64,True,,balanced_two_gpu,1,persistent,27856.21940996498,20959,31820.911157876253,,80.0,33.66015625,3.171875,3.171875,1.640625,1696.6352181043476,unknown,True,,True,,False,,15089.19287109375,True,utility_dynamic,False,0.0,0.0,kivi_2bit_residual64,0.0,,risk_evidence_insufficient,0.0,utility_dynamic,0.0,,,,hybrid-session-010-turn-1,3.171875,1.53125,3.171875,0.0,0.0,/DATACENTER3/zhenxiang.wang/work/TailGuardKV/.worktrees/baseline-smoke-final-aggregation/out/full_25session_baseline_9_14/full/policy_attempts/full40_20260916_h2o_static_safe/seed20260906,True,,hybrid-session-010,chat,119.54425601288676,1,risk_evidence_insufficient,20260906
kivi_2bit_residual64,13.0,0.1,False,False,online_qwen,False,8.0,/DATACENTER3/zhenxiang.wang/work/TailGuardKV/.worktrees/baseline-smoke-final-aggregation/out/full_25session_baseline_9_14/full/policy_attempts/full40_20260916_h2o_static_safe/seed20260906/config.yaml,,,,,0.1,True,,0.1,,0,False,kivi_2bit_residual64,True,,balanced_two_gpu,1,persistent,27856.21940996498,20959,31820.911157876253,,80.0,35.08203125,3.2265625,3.2265625,1.421875,1710.1016039960086,unknown,True,,True,,False,,15085.59619140625,True,utility_dynamic,False,0.0,0.0,kivi_2bit_residual64,0.0,,risk_evidence_insufficient,0.0,utility_dynamic,0.0,,,,hybrid-session-013-turn-1,3.2265625,1.8046875,3.2265625,0.0,0.0,/DATACENTER3/zhenxiang.wang/work/TailGuardKV/.worktrees/baseline-smoke-final-aggregation/out/full_25session_baseline_9_14/full/policy_attempts/full40_20260916_h2o_static_safe/seed20260906,True,,hybrid-session-013,chat,117.49171419069171,1,risk_evidence_insufficient,20260906
kivi_2bit_residual64,13.0,0.1,False,False,online_qwen,False,8.0,/DATACENTER3/zhenxiang.wang/work/TailGuardKV/.worktrees/baseline-smoke-final-aggregation/out/full_25session_baseline_9_14/full/policy_attempts/full40_20260916_h2o_static_safe/seed20260906/config.yaml,,,,,0.1,True,,0.1,,0,False,kivi_2bit_residual64,True,,balanced_two_gpu,1,persistent,27856.21940996498,20959,31820.911157876253,,80.0,35.08203125,2.625,2.625,0.0,2232.4006860144436,unknown,True,,True,,False,,15088.23974609375,True,utility_dynamic,False,0.0,0.0,kivi_2bit_residual64,0.0,,risk_evidence_insufficient,0.0,utility_dynamic,0.0,,,,hybrid-session-016-turn-1,2.625,2.625,2.625,0.0,0.0,/DATACENTER3/zhenxiang.wang/work/TailGuardKV/.worktrees/baseline-smoke-final-aggregation/out/full_25session_baseline_9_14/full/policy_attempts/full40_20260916_h2o_static_safe/seed20260906,True,,hybrid-session-016,chat,109.30744791403413,1,risk_evidence_insufficient,20260906
kivi_2bit_residual64,13.0,0.1,False,False,online_qwen,False,8.0,/DATACENTER3/zhenxiang.wang/work/TailGuardKV/.worktrees/baseline-smoke-final-aggregation/out/full_25session_baseline_9_14/full/policy_attempts/full40_20260916_h2o_static_safe/seed20260906/config.yaml,,,,,0.1,True,,0.1,,0,False,kivi_2bit_residual64,True,,balanced_two_gpu,1,persistent,27856.21940996498,20959,31820.911157876253,,80.0,35.20849609375,2.53271484375,2.53271484375,0.12646484375,1953.1064541079104,unknown,True,,True,,False,,15098.94775390625,True,utility_dynamic,False,0.0,0.0,kivi_2bit_residual64,0.0,,risk_evidence_insufficient,0.0,utility_dynamic,0.0,,,,hybrid-session-020-turn-1,2.53271484375,2.40625,2.53271484375,0.0,0.0,/DATACENTER3/zhenxiang.wang/work/TailGuardKV/.worktrees/baseline-smoke-final-aggregation/out/full_25session_baseline_9_14/full/policy_attempts/full40_20260916_h2o_static_safe/seed20260906,True,,hybrid-session-020,chat,103.73881901614368,1,risk_evidence_insufficient,20260906
kivi_2bit_residual64,13.0,0.1,False,False,online_qwen,False,8.0,/DATACENTER3/zhenxiang.wang/work/TailGuardKV/.worktrees/baseline-smoke-final-aggregation/out/full_25session_baseline_9_14/full/policy_attempts/full40_20260916_h2o_static_safe/seed20260906/config.yaml,,,,,0.1,True,,0.1,,0,False,kivi_2bit_residual64,True,,balanced_two_gpu,1,persistent,27856.21940996498,20959,31820.911157876253,,80.0,35.606689453125,2.695068359375,2.695068359375,0.398193359375,2603.693916928023,unknown,True,,True,,False,,15107.3486328125,True,utility_dynamic,False,0.0,0.0,kivi_2bit_residual64,0.0,,risk_evidence_insufficient,0.0,utility_dynamic,0.0,,,,hybrid-session-021-turn-1,2.695068359375,2.296875,2.695068359375,0.0,0.0,/DATACENTER3/zhenxiang.wang/work/TailGuardKV/.worktrees/baseline-smoke-final-aggregation/out/full_25session_baseline_9_14/full/policy_attempts/full40_20260916_h2o_static_safe/seed20260906,True,,hybrid-session-021,chat,189.93075098842382,1,risk_evidence_insufficient,20260906
kivi_2bit_residual64,13.0,0.1,False,False,online_qwen,False,8.0,/DATACENTER3/zhenxiang.wang/work/TailGuardKV/.worktrees/baseline-smoke-final-aggregation/out/full_25session_baseline_9_14/full/policy_attempts/full40_20260916_h2o_static_safe/seed20260906/config.yaml,,,,,0.1,True,,0.1,,0,False,kivi_2bit_residual64,True,,balanced_two_gpu,1,persistent,27856.21940996498,20959,31820.911157876253,,80.0,36.919189453125,3.28125,3.28125,1.3125,1705.1791038829833,unknown,True,,True,,False,,15083.56787109375,True,utility_dynamic,False,0.005128205128205128,0.005128205128205128,kivi_2bit_residual64,0.005128205128205128,,risk_evidence_insufficient,0.0,utility_dynamic,0.0,,,,hybrid-session-025-turn-1,3.28125,1.96875,3.28125,0.0,0.005128205128205128,/DATACENTER3/zhenxiang.wang/work/TailGuardKV/.worktrees/baseline-smoke-final-aggregation/out/full_25session_baseline_9_14/full/policy_attempts/full40_20260916_h2o_static_safe/seed20260906,True,,hybrid-session-025,chat,112.22821311093867,1,risk_evidence_insufficient,20260906
kivi_2bit_residual64,13.0,0.1,False,False,online_qwen,False,8.0,/DATACENTER3/zhenxiang.wang/work/TailGuardKV/.worktrees/baseline-smoke-final-aggregation/out/full_25session_baseline_9_14/full/policy_attempts/full40_20260916_h2o_static_safe/seed20260906/config.yaml,,,,,0.1,True,,0.1,,0,False,kivi_2bit_residual64,True,,balanced_two_gpu,1,persistent,27856.21940996498,20959,31820.911157876253,,80.0,37.49169921875,2.760009765625,2.760009765625,0.572509765625,2604.9395541194826,unknown,True,,True,,False,,15115.0849609375,True,utility_dynamic,False,0.0,0.0,kivi_2bit_residual64,0.0,,risk_evidence_insufficient,0.0,utility_dynamic,0.0,,,,hybrid-session-026-turn-1,2.760009765625,2.1875,2.760009765625,0.0,0.0,/DATACENTER3/zhenxiang.wang/work/TailGuardKV/.worktrees/baseline-smoke-final-aggregation/out/full_25session_baseline_9_14/full/policy_attempts/full40_20260916_h2o_static_safe/seed20260906,True,,hybrid-session-026,chat,200.78996615484357,1,risk_evidence_insufficient,20260906
kivi_2bit_residual64,13.0,0.1,True,False,online_qwen,False,8.0,/DATACENTER3/zhenxiang.wang/work/TailGuardKV/.worktrees/baseline-smoke-final-aggregation/out/full_25session_baseline_9_14/full/policy_attempts/full40_20260916_h2o_static_safe/seed20260906/config.yaml,,,,,0.1,True,,0.1,,0,False,kivi_2bit_residual64,True,,balanced_two_gpu,1,persistent,27856.21940996498,20959,31820.911157876253,,80.0,38.67431640625,3.488037109375,3.488037109375,1.1826171875,2702.6135709602386,unknown,True,,True,,False,,15234.7392578125,True,utility_dynamic,False,0.0,0.0,kivi_2bit_residual64,0.0,,risk_evidence_insufficient,0.0,utility_dynamic,0.0,,,,hybrid-session-002-turn-2,3.488037109375,2.305419921875,3.488037109375,0.0,0.0,/DATACENTER3/zhenxiang.wang/work/TailGuardKV/.worktrees/baseline-smoke-final-aggregation/out/full_25session_baseline_9_14/full/policy_attempts/full40_20260916_h2o_static_safe/seed20260906,True,,hybrid-session-002,qa,242.93715017847717,2,risk_evidence_insufficient,20260906
kivi_2bit_residual64,13.0,0.1,False,False,online_qwen,False,8.0,/DATACENTER3/zhenxiang.wang/work/TailGuardKV/.worktrees/baseline-smoke-final-aggregation/out/full_25session_baseline_9_14/full/policy_attempts/full40_20260916_h2o_static_safe/seed20260906/config.yaml,,,,,0.1,True,,0.1,,0,False,kivi_2bit_residual64,True,,balanced_two_gpu,1,persistent,27856.21940996498,20959,31820.911157876253,,80.0,40.101318359375,4.325439453125,4.325439453125,1.427001953125,2643.119349842891,unknown,True,,True,,False,,15234.7744140625,True,utility_dynamic,False,0.0,0.0,kivi_2bit_residual64,0.0,,risk_evidence_insufficient,0.0,utility_dynamic,0.0,,,,hybrid-session-003-turn-2,4.325439453125,2.8984375,4.325439453125,0.0,0.0,/DATACENTER3/zhenxiang.wang/work/TailGuardKV/.worktrees/baseline-smoke-final-aggregation/out/full_25session_baseline_9_14/full/policy_attempts/full40_20260916_h2o_static_safe/seed20260906,True,,hybrid-session-003,summary,233.43795887194574,2,risk_evidence_insufficient,20260906
kivi_2bit_residual64,13.0,0.1,False,False,online_qwen,False,1.0,/DATACENTER3/zhenxiang.wang/work/TailGuardKV/.worktrees/baseline-smoke-final-aggregation/out/full_25session_baseline_9_14/full/policy_attempts/full40_20260916_h2o_static_safe/seed20260906/config.yaml,,,,,0.1,True,,0.1,,0,False,kivi_2bit_residual64,True,,balanced_two_gpu,1,persistent,27856.21940996498,20959,31820.911157876253,,80.0,40.796875,3.650390625,3.650390625,0.695556640625,2127.6468748692423,unknown,True,,True,,False,,15213.123046875,True,utility_dynamic,False,0.03418803418803419,0.03418803418803419,kivi_2bit_residual64,0.03418803418803419,,risk_evidence_insufficient,0.0,utility_dynamic,0.0,,,,hybrid-session-004-turn-2,3.650390625,2.954833984375,3.650390625,0.0,0.3418803418803419,/DATACENTER3/zhenxiang.wang/work/TailGuardKV/.worktrees/baseline-smoke-final-aggregation/out/full_25session_baseline_9_14/full/policy_attempts/full40_20260916_h2o_static_safe/seed20260906,False,,hybrid-session-004,qa,206.6707769408822,2,risk_evidence_insufficient,20260906
kivi_2bit_residual64,13.0,0.1,False,False,online_qwen,False,8.0,/DATACENTER3/zhenxiang.wang/work/TailGuardKV/.worktrees/baseline-smoke-final-aggregation/out/full_25session_baseline_9_14/full/policy_attempts/full40_20260916_h2o_static_safe/seed20260906/config.yaml,,,,,0.1,True,,0.1,,0,False,kivi_2bit_residual64,True,,balanced_two_gpu,1,persistent,27856.21940996498,20959,31820.911157876253,,80.0,41.687255859375,3.423095703125,3.423095703125,0.890380859375,2568.7364579644054,unknown,True,,True,,False,,15222.767578125,True,utility_dynamic,False,0.0,0.0,kivi_2bit_residual64,0.0,,risk_evidence_insufficient,0.0,utility_dynamic,0.0,,,,hybrid-session-005-turn-2,3.423095703125,2.53271484375,3.423095703125,0.0,0.0,/DATACENTER3/zhenxiang.wang/work/TailGuardKV/.worktrees/baseline-smoke-final-aggregation/out/full_25session_baseline_9_14/full/policy_attempts/full40_20260916_h2o_static_safe/seed20260906,True,,hybrid-session-005,summary,237.3349170666188,2,risk_evidence_insufficient,20260906
kivi_2bit_residual64,13.0,0.1,False,False,online_qwen,False,1.0,/DATACENTER3/zhenxiang.wang/work/TailGuardKV/.worktrees/baseline-smoke-final-aggregation/out/full_25session_baseline_9_14/full/policy_attempts/full40_20260916_h2o_static_safe/seed20260906/config.yaml,,,,,0.1,True,,0.1,,0,False,kivi_2bit_residual64,True,,balanced_two_gpu,1,persistent,27856.21940996498,20959,31820.911157876253,,80.0,43.389404296875,4.8193359375,4.8193359375,1.7021484375,2321.7938889283687,unknown,True,,True,,False,,15259.49560546875,True,utility_dynamic,False,0.03418803418803419,0.03418803418803419,kivi_2bit_residual64,0.03418803418803419,,risk_evidence_insufficient,0.0,utility_dynamic,0.0,,,,hybrid-session-006-turn-2,4.8193359375,3.1171875,4.8193359375,0.0,0.3418803418803419,/DATACENTER3/zhenxiang.wang/work/TailGuardKV/.worktrees/baseline-smoke-final-aggregation/out/full_25session_baseline_9_14/full/policy_attempts/full40_20260916_h2o_static_safe/seed20260906,False,,hybrid-session-006,qa,240.13802711851895,2,risk_evidence_insufficient,20260906
kivi_2bit_residual64,13.0,0.1,False,False,online_qwen,False,8.0,/DATACENTER3/zhenxiang.wang/work/TailGuardKV/.worktrees/baseline-smoke-final-aggregation/out/full_25session_baseline_9_14/full/policy_attempts/full40_20260916_h2o_static_safe/seed20260906/config.yaml,,,,,0.1,True,,0.1,,0,False,kivi_2bit_residual64,True,,balanced_two_gpu,1,persistent,27856.21940996498,20959,31820.911157876253,,80.0,44.1943359375,4.195556640625,4.195556640625,0.804931640625,2641.996345948428,unknown,True,,True,,False,,15218.046875,True,utility_dynamic,False,0.0,0.0,kivi_2bit_residual64,0.0,,risk_evidence_insufficient,0.0,utility_dynamic,0.0,,,,hybrid-session-009-turn-2,4.195556640625,3.390625,4.195556640625,0.0,0.0,/DATACENTER3/zhenxiang.wang/work/TailGuardKV/.worktrees/baseline-smoke-final-aggregation/out/full_25session_baseline_9_14/full/policy_attempts/full40_20260916_h2o_static_safe/seed20260906,True,,hybrid-session-009,summary,203.21145211346447,2,risk_evidence_insufficient,20260906
kivi_2bit_residual64,13.0,0.1,False,False,online_qwen,False,8.0,/DATACENTER3/zhenxiang.wang/work/TailGuardKV/.worktrees/baseline-smoke-final-aggregation/out/full_25session_baseline_9_14/full/policy_attempts/full40_20260916_h2o_static_safe/seed20260906/config.yaml,,,,,0.1,True,,0.1,,0,False,kivi_2bit_residual64,True,,balanced_two_gpu,1,persistent,27856.21940996498,20959,31820.911157876253,,80.0,45.607666015625,4.585205078125,4.585205078125,1.413330078125,2637.506552040577,unknown,True,,True,,False,,15242.794921875,True,utility_dynamic,False,0.0,0.0,kivi_2bit_residual64,0.0,,risk_evidence_insufficient,0.0,utility_dynamic,0.0,,,,hybrid-session-010-turn-2,4.585205078125,3.171875,4.585205078125,0.0,0.0,/DATACENTER3/zhenxiang.wang/work/TailGuardKV/.worktrees/baseline-smoke-final-aggregation/out/full_25session_baseline_9_14/full/policy_attempts/full40_20260916_h2o_static_safe/seed20260906,True,,hybrid-session-010,qa,210.652177920565,2,risk_evidence_insufficient,20260906
kivi_2bit_residual64,13.0,0.1,True,False,online_qwen,False,8.0,/DATACENTER3/zhenxiang.wang/work/TailGuardKV/.worktrees/baseline-smoke-final-aggregation/out/full_25session_baseline_9_14/full/policy_attempts/full40_20260916_h2o_static_safe/seed20260906/config.yaml,,,,,0.1,True,,0.1,,0,False,kivi_2bit_residual64,True,,balanced_two_gpu,1,persistent,27856.21940996498,20959,31820.911157876253,,80.0,46.739013671875,4.35791015625,4.35791015625,1.13134765625,2563.839552225545,unknown,True,,True,,False,,15232.30078125,True,utility_dynamic,False,0.0,0.0,kivi_2bit_residual64,0.0,,risk_evidence_insufficient,0.0,utility_dynamic,0.0,,,,hybrid-session-013-turn-2,4.35791015625,3.2265625,4.35791015625,0.0,0.0,/DATACENTER3/zhenxiang.wang/work/TailGuardKV/.worktrees/baseline-smoke-final-aggregation/out/full_25session_baseline_9_14/full/policy_attempts/full40_20260916_h2o_static_safe/seed20260906,True,,hybrid-session-013,summary,209.104506066069,2,risk_evidence_insufficient,20260906
kivi_2bit_residual64,13.0,0.1,False,False,online_qwen,False,8.0,/DATACENTER3/zhenxiang.wang/work/TailGuardKV/.worktrees/baseline-smoke-final-aggregation/out/full_25session_baseline_9_14/full/policy_attempts/full40_20260916_h2o_static_safe/seed20260906/config.yaml,,,,,0.1,True,,0.1,,0,False,kivi_2bit_residual64,True,,balanced_two_gpu,1,persistent,27856.21940996498,20959,31820.911157876253,,80.0,47.569580078125,3.45556640625,3.45556640625,0.83056640625,2711.0110600478947,unknown,True,,True,,False,,15234.76171875,True,utility_dynamic,False,0.0,0.0,kivi_2bit_residual64,0.0,,risk_evidence_insufficient,0.0,utility_dynamic,0.0,,,,hybrid-session-016-turn-2,3.45556640625,2.625,3.45556640625,0.0,0.0,/DATACENTER3/zhenxiang.wang/work/TailGuardKV/.worktrees/baseline-smoke-final-aggregation/out/full_25session_baseline_9_14/full/policy_attempts/full40_20260916_h2o_static_safe/seed20260906,True,,hybrid-session-016,qa,237.67490009777248,2,risk_evidence_insufficient,20260906
kivi_2bit_residual64,13.0,0.1,True,False,online_qwen,False,1.0,/DATACENTER3/zhenxiang.wang/work/TailGuardKV/.worktrees/baseline-smoke-final-aggregation/out/full_25session_baseline_9_14/full/policy_attempts/full40_20260916_h2o_static_safe/seed20260906/config.yaml,,,,,0.1,True,,0.1,,0,False,kivi_2bit_residual64,True,,balanced_two_gpu,1,persistent,27856.21940996498,20959,31820.911157876253,,80.0,48.52490234375,3.488037109375,3.488037109375,0.955322265625,2698.399098124355,unknown,True,,True,,False,,15232.82421875,True,utility_dynamic,False,0.03418803418803419,0.03418803418803419,kivi_2bit_residual64,0.03418803418803419,,risk_evidence_insufficient,0.0,utility_dynamic,0.0,,,,hybrid-session-020-turn-2,3.488037109375,2.53271484375,3.488037109375,0.0,0.3418803418803419,/DATACENTER3/zhenxiang.wang/work/TailGuardKV/.worktrees/baseline-smoke-final-aggregation/out/full_25session_baseline_9_14/full/policy_attempts/full40_20260916_h2o_static_safe/seed20260906,False,,hybrid-session-020,qa,237.3794859740883,2,risk_evidence_insufficient,20260906
kivi_2bit_residual64,13.0,0.1,False,False,online_qwen,False,8.0,/DATACENTER3/zhenxiang.wang/work/TailGuardKV/.worktrees/baseline-smoke-final-aggregation/out/full_25session_baseline_9_14/full/policy_attempts/full40_20260916_h2o_static_safe/seed20260906/config.yaml,,,,,0.1,True,,0.1,,0,False,kivi_2bit_residual64,True,,balanced_two_gpu,1,persistent,27856.21940996498,20959,31820.911157876253,,80.0,49.642578125,3.812744140625,3.812744140625,1.11767578125,2695.576135069132,unknown,True,,True,,False,,15242.1767578125,True,utility_dynamic,False,0.0,0.0,kivi_2bit_residual64,0.0,,risk_evidence_insufficient,0.0,utility_dynamic,0.0,,,,hybrid-session-021-turn-2,3.812744140625,2.695068359375,3.812744140625,0.0,0.0,/DATACENTER3/zhenxiang.wang/work/TailGuardKV/.worktrees/baseline-smoke-final-aggregation/out/full_25session_baseline_9_14/full/policy_attempts/full40_20260916_h2o_static_safe/seed20260906,True,,hybrid-session-021,summary,249.53182297758758,2,risk_evidence_insufficient,20260906
kivi_2bit_residual64,13.0,0.1,False,False,online_qwen,False,8.0,/DATACENTER3/zhenxiang.wang/work/TailGuardKV/.worktrees/baseline-smoke-final-aggregation/out/full_25session_baseline_9_14/full/policy_attempts/full40_20260916_h2o_static_safe/seed20260906/config.yaml,,,,,0.1,True,,0.1,,0,False,kivi_2bit_residual64,True,,balanced_two_gpu,1,persistent,27856.21940996498,20959,31820.911157876253,,80.0,50.816650390625,4.455322265625,4.455322265625,1.174072265625,2651.255378033966,unknown,True,,True,,False,,15239.53515625,True,utility_dynamic,False,0.0,0.0,kivi_2bit_residual64,0.0,,risk_evidence_insufficient,0.0,utility_dynamic,0.0,,,,hybrid-session-025-turn-2,4.455322265625,3.28125,4.455322265625,0.0,0.0,/DATACENTER3/zhenxiang.wang/work/TailGuardKV/.worktrees/baseline-smoke-final-aggregation/out/full_25session_baseline_9_14/full/policy_attempts/full40_20260916_h2o_static_safe/seed20260906,True,,hybrid-session-025,summary,205.27455490082502,2,risk_evidence_insufficient,20260906
kivi_2bit_residual64,13.0,0.1,False,False,online_qwen,False,1.0,/DATACENTER3/zhenxiang.wang/work/TailGuardKV/.worktrees/baseline-smoke-final-aggregation/out/full_25session_baseline_9_14/full/policy_attempts/full40_20260916_h2o_static_safe/seed20260906/config.yaml,,,,,0.1,True,,0.1,,0,False,kivi_2bit_residual64,True,,balanced_two_gpu,1,persistent,27856.21940996498,20959,31820.911157876253,,80.0,51.999267578125,3.942626953125,3.942626953125,1.1826171875,2680.78386108391,unknown,True,,True,,False,,15247.02587890625,True,utility_dynamic,False,0.03418803418803419,0.03418803418803419,kivi_2bit_residual64,0.03418803418803419,,risk_evidence_insufficient,0.0,utility_dynamic,0.0,,,,hybrid-session-026-turn-2,3.942626953125,2.760009765625,3.942626953125,0.0,0.3418803418803419,/DATACENTER3/zhenxiang.wang/work/TailGuardKV/.worktrees/baseline-smoke-final-aggregation/out/full_25session_baseline_9_14/full/policy_attempts/full40_20260916_h2o_static_safe/seed20260906,False,,hybrid-session-026,qa,228.5151481628418,2,risk_evidence_insufficient,20260906
kivi_2bit_residual64,13.0,0.1,False,False,online_qwen,False,8.0,/DATACENTER3/zhenxiang.wang/work/TailGuardKV/.worktrees/baseline-smoke-final-aggregation/out/full_25session_baseline_9_14/full/policy_attempts/full40_20260916_h2o_static_safe/seed20260906/config.yaml,,,,,0.1,True,,0.1,,0,False,kivi_2bit_residual64,True,,balanced_two_gpu,1,persistent,27856.21940996498,20959,31820.911157876253,,80.0,53.46044921875,4.94921875,4.94921875,1.461181640625,2600.5363720469177,unknown,True,,True,,False,,15131.466796875,True,utility_dynamic,False,0.0,0.0,kivi_2bit_residual64,0.0,,risk_evidence_insufficient,0.0,utility_dynamic,0.0,,,,hybrid-session-002-turn-3,4.94921875,3.488037109375,4.94921875,0.0,0.0,/DATACENTER3/zhenxiang.wang/work/TailGuardKV/.worktrees/baseline-smoke-final-aggregation/out/full_25session_baseline_9_14/full/policy_attempts/full40_20260916_h2o_static_safe/seed20260906,True,,hybrid-session-002,qa,181.53491988778114,3,risk_evidence_insufficient,20260906
kivi_2bit_residual64,13.0,0.1,False,False,online_qwen,False,8.0,/DATACENTER3/zhenxiang.wang/work/TailGuardKV/.worktrees/baseline-smoke-final-aggregation/out/full_25session_baseline_9_14/full/policy_attempts/full40_20260916_h2o_static_safe/seed20260906/config.yaml,,,,,0.1,True,,0.1,,0,False,kivi_2bit_residual64,True,,balanced_two_gpu,1,persistent,27856.21940996498,20959,31820.911157876253,,80.0,53.46728515625,4.332275390625,4.332275390625,0.0068359375,2672.8330170735717,unknown,True,,True,,False,,15129.955078125,True,utility_dynamic,False,0.0,0.0,kivi_2bit_residual64,0.0,,risk_evidence_insufficient,0.0,utility_dynamic,0.0,,,,hybrid-session-003-turn-3,4.332275390625,4.325439453125,4.332275390625,0.0,0.0,/DATACENTER3/zhenxiang.wang/work/TailGuardKV/.worktrees/baseline-smoke-final-aggregation/out/full_25session_baseline_9_14/full/policy_attempts/full40_20260916_h2o_static_safe/seed20260906,True,,hybrid-session-003,summary,215.7021618913859,3,risk_evidence_insufficient,20260906
kivi_2bit_residual64,13.0,0.1,False,False,online_qwen,False,1.0,/DATACENTER3/zhenxiang.wang/work/TailGuardKV/.worktrees/baseline-smoke-final-aggregation/out/full_25session_baseline_9_14/full/policy_attempts/full40_20260916_h2o_static_safe/seed20260906/config.yaml,,,,,0.1,True,,0.1,,0,False,kivi_2bit_residual64,True,,balanced_two_gpu,1,persistent,27856.21940996498,20959,31820.911157876253,,80.0,54.928466796875,5.111572265625,5.111572265625,1.461181640625,2662.27325797081,unknown,True,,True,,False,,15132.888671875,True,utility_dynamic,False,0.03418803418803419,0.03418803418803419,kivi_2bit_residual64,0.03418803418803419,,risk_evidence_insufficient,0.0,utility_dynamic,0.0,,,,hybrid-session-004-turn-3,5.111572265625,3.650390625,5.111572265625,0.0,0.3418803418803419,/DATACENTER3/zhenxiang.wang/work/TailGuardKV/.worktrees/baseline-smoke-final-aggregation/out/full_25session_baseline_9_14/full/policy_attempts/full40_20260916_h2o_static_safe/seed20260906,False,,hybrid-session-004,qa,177.7462139725685,3,risk_evidence_insufficient,20260906
kivi_2bit_residual64,13.0,0.1,False,False,online_qwen,False,8.0,/DATACENTER3/zhenxiang.wang/work/TailGuardKV/.worktrees/baseline-smoke-final-aggregation/out/full_25session_baseline_9_14/full/policy_attempts/full40_20260916_h2o_static_safe/seed20260906/config.yaml,,,,,0.1,True,,0.1,,0,False,kivi_2bit_residual64,True,,balanced_two_gpu,1,persistent,27856.21940996498,20959,31820.911157876253,,80.0,56.357177734375,4.851806640625,4.851806640625,1.4287109375,2606.7284180317074,unknown,True,,True,,False,,15132.83984375,True,utility_dynamic,False,0.0,0.0,kivi_2bit_residual64,0.0,,risk_evidence_insufficient,0.0,utility_dynamic,0.0,,,,hybrid-session-005-turn-3,4.851806640625,3.423095703125,4.851806640625,0.0,0.0,/DATACENTER3/zhenxiang.wang/work/TailGuardKV/.worktrees/baseline-smoke-final-aggregation/out/full_25session_baseline_9_14/full/policy_attempts/full40_20260916_h2o_static_safe/seed20260906,True,,hybrid-session-005,summary,176.05364508926868,3,risk_evidence_insufficient,20260906
kivi_2bit_residual64,13.0,0.1,False,False,online_qwen,False,8.0,/DATACENTER3/zhenxiang.wang/work/TailGuardKV/.worktrees/baseline-smoke-final-aggregation/out/full_25session_baseline_9_14/full/policy_attempts/full40_20260916_h2o_static_safe/seed20260906/config.yaml,,,,,0.1,True,,0.1,,0,False,kivi_2bit_residual64,True,,balanced_two_gpu,1,persistent,27856.21940996498,20959,31820.911157876253,,80.0,56.396484375,4.858642578125,4.858642578125,0.039306640625,2249.6705390512943,unknown,True,,True,,False,,15134.353515625,True,utility_dynamic,False,0.0,0.0,kivi_2bit_residual64,0.0,,risk_evidence_insufficient,0.0,utility_dynamic,0.0,,,,hybrid-session-006-turn-3,4.858642578125,4.8193359375,4.858642578125,0.0,0.0,/DATACENTER3/zhenxiang.wang/work/TailGuardKV/.worktrees/baseline-smoke-final-aggregation/out/full_25session_baseline_9_14/full/policy_attempts/full40_20260916_h2o_static_safe/seed20260906,True,,hybrid-session-006,qa,209.0943050570786,3,risk_evidence_insufficient,20260906
kivi_2bit_residual64,13.0,0.1,False,False,online_qwen,False,8.0,/DATACENTER3/zhenxiang.wang/work/TailGuardKV/.worktrees/baseline-smoke-final-aggregation/out/full_25session_baseline_9_14/full/policy_attempts/full40_20260916_h2o_static_safe/seed20260906/config.yaml,,,,,0.1,True,,0.1,,0,False,kivi_2bit_residual64,True,,balanced_two_gpu,1,persistent,27856.21940996498,20959,31820.911157876253,,80.0,56.4033203125,4.202392578125,4.202392578125,0.0068359375,2690.995154902339,unknown,True,,True,,False,,15132.908203125,True,utility_dynamic,False,0.0,0.0,kivi_2bit_residual64,0.0,,risk_evidence_insufficient,0.0,utility_dynamic,0.0,,,,hybrid-session-009-turn-3,4.202392578125,4.195556640625,4.202392578125,0.0,0.0,/DATACENTER3/zhenxiang.wang/work/TailGuardKV/.worktrees/baseline-smoke-final-aggregation/out/full_25session_baseline_9_14/full/policy_attempts/full40_20260916_h2o_static_safe/seed20260906,True,,hybrid-session-009,summary,221.65419696830213,3,risk_evidence_insufficient,20260906
kivi_2bit_residual64,13.0,0.1,False,False,online_qwen,False,8.0,/DATACENTER3/zhenxiang.wang/work/TailGuardKV/.worktrees/baseline-smoke-final-aggregation/out/full_25session_baseline_9_14/full/policy_attempts/full40_20260916_h2o_static_safe/seed20260906/config.yaml,,,,,0.1,True,,0.1,,0,False,kivi_2bit_residual64,True,,balanced_two_gpu,1,persistent,27856.21940996498,20959,31820.911157876253,,80.0,56.442626953125,4.62451171875,4.62451171875,0.039306640625,2294.031694997102,unknown,True,,True,,False,,15134.40625,True,utility_dynamic,False,0.0,0.0,kivi_2bit_residual64,0.0,,risk_evidence_insufficient,0.0,utility_dynamic,0.0,,,,hybrid-session-010-turn-3,4.62451171875,4.585205078125,4.62451171875,0.0,0.0,/DATACENTER3/zhenxiang.wang/work/TailGuardKV/.worktrees/baseline-smoke-final-aggregation/out/full_25session_baseline_9_14/full/policy_attempts/full40_20260916_h2o_static_safe/seed20260906,True,,hybrid-session-010,qa,205.71782905608416,3,risk_evidence_insufficient,20260906
kivi_2bit_residual64,13.0,0.1,False,False,online_qwen,False,8.0,/DATACENTER3/zhenxiang.wang/work/TailGuardKV/.worktrees/baseline-smoke-final-aggregation/out/full_25session_baseline_9_14/full/policy_attempts/full40_20260916_h2o_static_safe/seed20260906/config.yaml,,,,,0.1,True,,0.1,,0,False,kivi_2bit_residual64,True,,balanced_two_gpu,1,persistent,27856.21940996498,20959,31820.911157876253,,80.0,56.449462890625,4.36474609375,4.36474609375,0.0068359375,2673.8460750784725,unknown,True,,True,,False,,15132.935546875,True,utility_dynamic,False,0.0,0.0,kivi_2bit_residual64,0.0,,risk_evidence_insufficient,0.0,utility_dynamic,0.0,,,,hybrid-session-013-turn-3,4.36474609375,4.35791015625,4.36474609375,0.0,0.0,/DATACENTER3/zhenxiang.wang/work/TailGuardKV/.worktrees/baseline-smoke-final-aggregation/out/full_25session_baseline_9_14/full/policy_attempts/full40_20260916_h2o_static_safe/seed20260906,True,,hybrid-session-013,summary,217.42330095730722,3,risk_evidence_insufficient,20260906
kivi_2bit_residual64,13.0,0.1,False,False,online_qwen,False,8.0,/DATACENTER3/zhenxiang.wang/work/TailGuardKV/.worktrees/baseline-smoke-final-aggregation/out/full_25session_baseline_9_14/full/policy_attempts/full40_20260916_h2o_static_safe/seed20260906/config.yaml,,,,,0.1,True,,0.1,,0,False,kivi_2bit_residual64,True,,balanced_two_gpu,1,persistent,27856.21940996498,20959,31820.911157876253,,80.0,57.91064453125,4.916748046875,4.916748046875,1.461181640625,2626.0870348196477,unknown,True,,True,,False,,15135.845703125,True,utility_dynamic,False,0.0,0.0,kivi_2bit_residual64,0.0,,risk_evidence_insufficient,0.0,utility_dynamic,0.0,,,,hybrid-session-016-turn-3,4.916748046875,3.45556640625,4.916748046875,0.0,0.0,/DATACENTER3/zhenxiang.wang/work/TailGuardKV/.worktrees/baseline-smoke-final-aggregation/out/full_25session_baseline_9_14/full/policy_attempts/full40_20260916_h2o_static_safe/seed20260906,True,,hybrid-session-016,qa,180.6141829583794,3,risk_evidence_insufficient,20260906
kivi_2bit_residual64,13.0,0.1,False,False,online_qwen,False,8.0,/DATACENTER3/zhenxiang.wang/work/TailGuardKV/.worktrees/baseline-smoke-final-aggregation/out/full_25session_baseline_9_14/full/policy_attempts/full40_20260916_h2o_static_safe/seed20260906/config.yaml,,,,,0.1,True,,0.1,,0,False,kivi_2bit_residual64,True,,balanced_two_gpu,1,persistent,27856.21940996498,20959,31820.911157876253,,80.0,59.371826171875,4.94921875,4.94921875,1.461181640625,2469.061923911795,unknown,True,,True,,False,,15137.3046875,True,utility_dynamic,False,0.0,0.0,kivi_2bit_residual64,0.0,,risk_evidence_insufficient,0.0,utility_dynamic,0.0,,,,hybrid-session-020-turn-3,4.94921875,3.488037109375,4.94921875,0.0,0.0,/DATACENTER3/zhenxiang.wang/work/TailGuardKV/.worktrees/baseline-smoke-final-aggregation/out/full_25session_baseline_9_14/full/policy_attempts/full40_20260916_h2o_static_safe/seed20260906,True,,hybrid-session-020,qa,194.00933501310647,3,risk_evidence_insufficient,20260906
kivi_2bit_residual64,13.0,0.1,False,False,online_qwen,False,8.0,/DATACENTER3/zhenxiang.wang/work/TailGuardKV/.worktrees/baseline-smoke-final-aggregation/out/full_25session_baseline_9_14/full/policy_attempts/full40_20260916_h2o_static_safe/seed20260906/config.yaml,,,,,0.1,True,,0.1,,0,False,kivi_2bit_residual64,True,,balanced_two_gpu,1,persistent,27856.21940996498,20959,31820.911157876253,,80.0,60.800537109375,5.241455078125,5.241455078125,1.4287109375,2635.672796983272,unknown,True,,True,,False,,15137.2421875,True,utility_dynamic,False,0.0,0.0,kivi_2bit_residual64,0.0,,risk_evidence_insufficient,0.0,utility_dynamic,0.0,,,,hybrid-session-021-turn-3,5.241455078125,3.812744140625,5.241455078125,0.0,0.0,/DATACENTER3/zhenxiang.wang/work/TailGuardKV/.worktrees/baseline-smoke-final-aggregation/out/full_25session_baseline_9_14/full/policy_attempts/full40_20260916_h2o_static_safe/seed20260906,True,,hybrid-session-021,summary,178.74537804163992,3,risk_evidence_insufficient,20260906
kivi_2bit_residual64,13.0,0.1,False,False,online_qwen,False,7.0,/DATACENTER3/zhenxiang.wang/work/TailGuardKV/.worktrees/baseline-smoke-final-aggregation/out/full_25session_baseline_9_14/full/policy_attempts/full40_20260916_h2o_static_safe/seed20260906/config.yaml,,,,,0.1,True,,0.1,,0,False,kivi_2bit_residual64,True,,balanced_two_gpu,1,persistent,27856.21940996498,20959,31820.911157876253,,80.0,60.807373046875,4.462158203125,4.462158203125,0.0068359375,2648.9980071783066,unknown,True,,True,,False,,15137.255859375,True,utility_dynamic,True,0.0,0.0,kivi_2bit_residual64,0.0,,risk_evidence_insufficient,0.0,utility_dynamic,0.0,,,,hybrid-session-025-turn-3,4.462158203125,4.455322265625,4.462158203125,0.0,0.0,/DATACENTER3/zhenxiang.wang/work/TailGuardKV/.worktrees/baseline-smoke-final-aggregation/out/full_25session_baseline_9_14/full/policy_attempts/full40_20260916_h2o_static_safe/seed20260906,True,,hybrid-session-025,summary,207.89414597675204,3,risk_evidence_insufficient,20260906
kivi_2bit_residual64,13.0,0.1,False,False,online_qwen,False,1.0,/DATACENTER3/zhenxiang.wang/work/TailGuardKV/.worktrees/baseline-smoke-final-aggregation/out/full_25session_baseline_9_14/full/policy_attempts/full40_20260916_h2o_static_safe/seed20260906/config.yaml,,,,,0.1,True,,0.1,,0,False,kivi_2bit_residual64,True,,balanced_two_gpu,1,persistent,27856.21940996498,20959,31820.911157876253,,80.0,62.2685546875,5.40380859375,5.40380859375,1.461181640625,2635.302152018994,unknown,True,,True,,False,,15140.1484375,True,utility_dynamic,True,0.03418803418803419,0.03418803418803419,kivi_2bit_residual64,0.03418803418803419,,risk_evidence_insufficient,0.0,utility_dynamic,0.0,,,,hybrid-session-026-turn-3,5.40380859375,3.942626953125,5.40380859375,0.0,0.3418803418803419,/DATACENTER3/zhenxiang.wang/work/TailGuardKV/.worktrees/baseline-smoke-final-aggregation/out/full_25session_baseline_9_14/full/policy_attempts/full40_20260916_h2o_static_safe/seed20260906,False,,hybrid-session-026,qa,195.6492888275534,3,risk_evidence_insufficient,20260906
kivi_2bit_residual64,13.0,0.1,False,False,online_qwen,False,7.0,/DATACENTER3/zhenxiang.wang/work/TailGuardKV/.worktrees/baseline-smoke-final-aggregation/out/full_25session_baseline_9_14/full/policy_attempts/full40_20260916_h2o_static_safe/seed20260906/config.yaml,,,,,0.1,True,,0.1,,0,False,kivi_2bit_residual64,True,,balanced_two_gpu,1,persistent,27856.21940996498,20959,31820.911157876253,,80.0,62.2685546875,4.94921875,4.94921875,0.0,2684.8704430740327,unknown,True,,True,,False,,15132.76953125,True,utility_dynamic,True,0.0,0.0,kivi_2bit_residual64,0.0,,risk_evidence_insufficient,0.0,utility_dynamic,0.0,,,,hybrid-session-002-turn-4,4.94921875,4.94921875,4.94921875,0.0,0.0,/DATACENTER3/zhenxiang.wang/work/TailGuardKV/.worktrees/baseline-smoke-final-aggregation/out/full_25session_baseline_9_14/full/policy_attempts/full40_20260916_h2o_static_safe/seed20260906,True,,hybrid-session-002,qa,219.7595010511577,4,risk_evidence_insufficient,20260906
kivi_2bit_residual64,13.0,0.1,False,False,online_qwen,False,7.0,/DATACENTER3/zhenxiang.wang/work/TailGuardKV/.worktrees/baseline-smoke-final-aggregation/out/full_25session_baseline_9_14/full/policy_attempts/full40_20260916_h2o_static_safe/seed20260906/config.yaml,,,,,0.1,True,,0.1,,0,False,kivi_2bit_residual64,True,,balanced_two_gpu,1,persistent,27856.21940996498,20959,31820.911157876253,,80.0,62.2685546875,4.332275390625,4.332275390625,0.0,2669.0126650501043,unknown,True,,True,,False,,15134.06640625,True,utility_dynamic,True,0.0,0.0,kivi_2bit_residual64,0.0,,risk_evidence_insufficient,0.0,utility_dynamic,0.0,,,,hybrid-session-003-turn-4,4.332275390625,4.332275390625,4.332275390625,0.0,0.0,/DATACENTER3/zhenxiang.wang/work/TailGuardKV/.worktrees/baseline-smoke-final-aggregation/out/full_25session_baseline_9_14/full/policy_attempts/full40_20260916_h2o_static_safe/seed20260906,True,,hybrid-session-003,summary,182.204115903005,4,risk_evidence_insufficient,20260906
kivi_2bit_residual64,13.0,0.1,False,False,online_qwen,False,7.0,/DATACENTER3/zhenxiang.wang/work/TailGuardKV/.worktrees/baseline-smoke-final-aggregation/out/full_25session_baseline_9_14/full/policy_attempts/full40_20260916_h2o_static_safe/seed20260906/config.yaml,,,,,0.1,True,,0.1,,0,False,kivi_2bit_residual64,True,,balanced_two_gpu,1,persistent,27856.21940996498,20959,31820.911157876253,,80.0,62.2685546875,5.111572265625,5.111572265625,0.0,2649.863295024261,unknown,True,,True,,False,,15132.509765625,True,utility_dynamic,True,0.0,0.0,kivi_2bit_residual64,0.0,,risk_evidence_insufficient,0.0,utility_dynamic,0.0,,,,hybrid-session-004-turn-4,5.111572265625,5.111572265625,5.111572265625,0.0,0.0,/DATACENTER3/zhenxiang.wang/work/TailGuardKV/.worktrees/baseline-smoke-final-aggregation/out/full_25session_baseline_9_14/full/policy_attempts/full40_20260916_h2o_static_safe/seed20260906,True,,hybrid-session-004,qa,203.94309191033244,4,risk_evidence_insufficient,20260906
kivi_2bit_residual64,13.0,0.1,False,False,online_qwen,False,7.0,/DATACENTER3/zhenxiang.wang/work/TailGuardKV/.worktrees/baseline-smoke-final-aggregation/out/full_25session_baseline_9_14/full/policy_attempts/full40_20260916_h2o_static_safe/seed20260906/config.yaml,,,,,0.1,True,,0.1,,0,False,kivi_2bit_residual64,True,,balanced_two_gpu,1,persistent,27856.21940996498,20959,31820.911157876253,,80.0,62.2685546875,4.851806640625,4.851806640625,0.0,2652.4811647832394,unknown,True,,True,,False,,15132.400390625,True,utility_dynamic,True,0.0,0.0,kivi_2bit_residual64,0.0,,risk_evidence_insufficient,0.0,utility_dynamic,0.0,,,,hybrid-session-005-turn-4,4.851806640625,4.851806640625,4.851806640625,0.0,0.0,/DATACENTER3/zhenxiang.wang/work/TailGuardKV/.worktrees/baseline-smoke-final-aggregation/out/full_25session_baseline_9_14/full/policy_attempts/full40_20260916_h2o_static_safe/seed20260906,True,,hybrid-session-005,summary,209.52135790139437,4,risk_evidence_insufficient,20260906
kivi_2bit_residual64,13.0,0.1,False,False,online_qwen,False,7.0,/DATACENTER3/zhenxiang.wang/work/TailGuardKV/.worktrees/baseline-smoke-final-aggregation/out/full_25session_baseline_9_14/full/policy_attempts/full40_20260916_h2o_static_safe/seed20260906/config.yaml,,,,,0.1,True,,0.1,,0,False,kivi_2bit_residual64,True,,balanced_two_gpu,1,persistent,27856.21940996498,20959,31820.911157876253,,80.0,62.2685546875,4.858642578125,4.858642578125,0.0,2660.047479905188,unknown,True,,True,,False,,15133.712890625,True,utility_dynamic,True,0.0,0.0,kivi_2bit_residual64,0.0,,risk_evidence_insufficient,0.0,utility_dynamic,0.0,,,,hybrid-session-006-turn-4,4.858642578125,4.858642578125,4.858642578125,0.0,0.0,/DATACENTER3/zhenxiang.wang/work/TailGuardKV/.worktrees/baseline-smoke-final-aggregation/out/full_25session_baseline_9_14/full/policy_attempts/full40_20260916_h2o_static_safe/seed20260906,True,,hybrid-session-006,qa,182.0687809959054,4,risk_evidence_insufficient,20260906
kivi_2bit_residual64,13.0,0.1,True,False,online_qwen,False,7.0,/DATACENTER3/zhenxiang.wang/work/TailGuardKV/.worktrees/baseline-smoke-final-aggregation/out/full_25session_baseline_9_14/full/policy_attempts/full40_20260916_h2o_static_safe/seed20260906/config.yaml,,,,,0.1,True,,0.1,,0,False,kivi_2bit_residual64,True,,balanced_two_gpu,1,persistent,27856.21940996498,20959,31820.911157876253,,80.0,62.2685546875,4.202392578125,4.202392578125,0.0,2176.153277978301,unknown,True,,True,,False,,15133.6015625,True,utility_dynamic,True,0.0,0.0,kivi_2bit_residual64,0.0,,risk_evidence_insufficient,0.0,utility_dynamic,0.0,,,,hybrid-session-009-turn-4,4.202392578125,4.202392578125,4.202392578125,0.0,0.0,/DATACENTER3/zhenxiang.wang/work/TailGuardKV/.worktrees/baseline-smoke-final-aggregation/out/full_25session_baseline_9_14/full/policy_attempts/full40_20260916_h2o_static_safe/seed20260906,True,,hybrid-session-009,summary,166.69264785014093,4,risk_evidence_insufficient,20260906
kivi_2bit_residual64,13.0,0.1,False,False,online_qwen,False,7.0,/DATACENTER3/zhenxiang.wang/work/TailGuardKV/.worktrees/baseline-smoke-final-aggregation/out/full_25session_baseline_9_14/full/policy_attempts/full40_20260916_h2o_static_safe/seed20260906/config.yaml,,,,,0.1,True,,0.1,,0,False,kivi_2bit_residual64,True,,balanced_two_gpu,1,persistent,27856.21940996498,20959,31820.911157876253,,80.0,62.2685546875,4.62451171875,4.62451171875,0.0,2664.4166079349816,unknown,True,,True,,False,,15133.4462890625,True,utility_dynamic,True,0.0,0.0,kivi_2bit_residual64,0.0,,risk_evidence_insufficient,0.0,utility_dynamic,0.0,,,,hybrid-session-010-turn-4,4.62451171875,4.62451171875,4.62451171875,0.0,0.0,/DATACENTER3/zhenxiang.wang/work/TailGuardKV/.worktrees/baseline-smoke-final-aggregation/out/full_25session_baseline_9_14/full/policy_attempts/full40_20260916_h2o_static_safe/seed20260906,True,,hybrid-session-010,qa,182.87130282260478,4,risk_evidence_insufficient,20260906
kivi_2bit_residual64,13.0,0.1,True,False,online_qwen,False,7.0,/DATACENTER3/zhenxiang.wang/work/TailGuardKV/.worktrees/baseline-smoke-final-aggregation/out/full_25session_baseline_9_14/full/policy_attempts/full40_20260916_h2o_static_safe/seed20260906/config.yaml,,,,,0.1,True,,0.1,,0,False,kivi_2bit_residual64,True,,balanced_two_gpu,1,persistent,27856.21940996498,20959,31820.911157876253,,80.0,62.2685546875,4.36474609375,4.36474609375,0.0,2650.421718135476,unknown,True,,True,,False,,15133.35546875,True,utility_dynamic,True,0.0,0.0,kivi_2bit_residual64,0.0,,risk_evidence_insufficient,0.0,utility_dynamic,0.0,,,,hybrid-session-013-turn-4,4.36474609375,4.36474609375,4.36474609375,0.0,0.0,/DATACENTER3/zhenxiang.wang/work/TailGuardKV/.worktrees/baseline-smoke-final-aggregation/out/full_25session_baseline_9_14/full/policy_attempts/full40_20260916_h2o_static_safe/seed20260906,True,,hybrid-session-013,summary,178.81208495236933,4,risk_evidence_insufficient,20260906
kivi_2bit_residual64,13.0,0.1,False,False,online_qwen,False,7.0,/DATACENTER3/zhenxiang.wang/work/TailGuardKV/.worktrees/baseline-smoke-final-aggregation/out/full_25session_baseline_9_14/full/policy_attempts/full40_20260916_h2o_static_safe/seed20260906/config.yaml,,,,,0.1,True,,0.1,,0,False,kivi_2bit_residual64,True,,balanced_two_gpu,1,persistent,27856.21940996498,20959,31820.911157876253,,80.0,62.2685546875,4.916748046875,4.916748046875,0.0,2662.5460968352854,unknown,True,,True,,False,,15131.83203125,True,utility_dynamic,True,0.0,0.0,kivi_2bit_residual64,0.0,,risk_evidence_insufficient,0.0,utility_dynamic,0.0,,,,hybrid-session-016-turn-4,4.916748046875,4.916748046875,4.916748046875,0.0,0.0,/DATACENTER3/zhenxiang.wang/work/TailGuardKV/.worktrees/baseline-smoke-final-aggregation/out/full_25session_baseline_9_14/full/policy_attempts/full40_20260916_h2o_static_safe/seed20260906,True,,hybrid-session-016,qa,228.4686998464167,4,risk_evidence_insufficient,20260906
kivi_2bit_residual64,13.0,0.1,False,False,online_qwen,False,7.0,/DATACENTER3/zhenxiang.wang/work/TailGuardKV/.worktrees/baseline-smoke-final-aggregation/out/full_25session_baseline_9_14/full/policy_attempts/full40_20260916_h2o_static_safe/seed20260906/config.yaml,,,,,0.1,True,,0.1,,0,False,kivi_2bit_residual64,True,,balanced_two_gpu,1,persistent,27856.21940996498,20959,31820.911157876253,,80.0,62.2685546875,4.94921875,4.94921875,0.0,2660.9419309534132,unknown,True,,True,,False,,15131.73046875,True,utility_dynamic,True,0.0,0.0,kivi_2bit_residual64,0.0,,risk_evidence_insufficient,0.0,utility_dynamic,0.0,,,,hybrid-session-020-turn-4,4.94921875,4.94921875,4.94921875,0.0,0.0,/DATACENTER3/zhenxiang.wang/work/TailGuardKV/.worktrees/baseline-smoke-final-aggregation/out/full_25session_baseline_9_14/full/policy_attempts/full40_20260916_h2o_static_safe/seed20260906,True,,hybrid-session-020,qa,213.8322989922017,4,risk_evidence_insufficient,20260906
kivi_2bit_residual64,13.0,0.1,False,False,online_qwen,False,7.0,/DATACENTER3/zhenxiang.wang/work/TailGuardKV/.worktrees/baseline-smoke-final-aggregation/out/full_25session_baseline_9_14/full/policy_attempts/full40_20260916_h2o_static_safe/seed20260906/config.yaml,,,,,0.1,True,,0.1,,0,False,kivi_2bit_residual64,True,,balanced_two_gpu,1,persistent,27856.21940996498,20959,31820.911157876253,,80.0,62.2685546875,5.241455078125,5.241455078125,0.0,1679.8174369614571,unknown,True,,True,,False,,15131.607421875,True,utility_dynamic,True,0.0,0.0,kivi_2bit_residual64,0.0,,risk_evidence_insufficient,0.0,utility_dynamic,0.0,,,,hybrid-session-021-turn-4,5.241455078125,5.241455078125,5.241455078125,0.0,0.0,/DATACENTER3/zhenxiang.wang/work/TailGuardKV/.worktrees/baseline-smoke-final-aggregation/out/full_25session_baseline_9_14/full/policy_attempts/full40_20260916_h2o_static_safe/seed20260906,True,,hybrid-session-021,summary,210.3351759724319,4,risk_evidence_insufficient,20260906
kivi_2bit_residual64,13.0,0.1,False,False,online_qwen,False,7.0,/DATACENTER3/zhenxiang.wang/work/TailGuardKV/.worktrees/baseline-smoke-final-aggregation/out/full_25session_baseline_9_14/full/policy_attempts/full40_20260916_h2o_static_safe/seed20260906/config.yaml,,,,,0.1,True,,0.1,,0,False,kivi_2bit_residual64,True,,balanced_two_gpu,1,persistent,27856.21940996498,20959,31820.911157876253,,80.0,62.2685546875,4.462158203125,4.462158203125,0.0,1312.9900570493191,unknown,True,,True,,False,,15132.890625,True,utility_dynamic,True,0.0,0.0,kivi_2bit_residual64,0.0,,risk_evidence_insufficient,0.0,utility_dynamic,0.0,,,,hybrid-session-025-turn-4,4.462158203125,4.462158203125,4.462158203125,0.0,0.0,/DATACENTER3/zhenxiang.wang/work/TailGuardKV/.worktrees/baseline-smoke-final-aggregation/out/full_25session_baseline_9_14/full/policy_attempts/full40_20260916_h2o_static_safe/seed20260906,True,,hybrid-session-025,summary,109.83778908848763,4,risk_evidence_insufficient,20260906
kivi_2bit_residual64,13.0,0.1,False,False,online_qwen,False,1.0,/DATACENTER3/zhenxiang.wang/work/TailGuardKV/.worktrees/baseline-smoke-final-aggregation/out/full_25session_baseline_9_14/full/policy_attempts/full40_20260916_h2o_static_safe/seed20260906/config.yaml,,,,,0.1,True,,0.1,,0,False,kivi_2bit_residual64,True,,balanced_two_gpu,1,persistent,27856.21940996498,20959,31820.911157876253,,80.0,62.2685546875,5.40380859375,5.40380859375,0.0,1319.867302896455,unknown,True,,True,,False,,15131.361328125,True,utility_dynamic,True,0.03418803418803419,0.03418803418803419,kivi_2bit_residual64,0.03418803418803419,,risk_evidence_insufficient,0.0,utility_dynamic,0.0,,,,hybrid-session-026-turn-4,5.40380859375,5.40380859375,5.40380859375,0.0,0.3418803418803419,/DATACENTER3/zhenxiang.wang/work/TailGuardKV/.worktrees/baseline-smoke-final-aggregation/out/full_25session_baseline_9_14/full/policy_attempts/full40_20260916_h2o_static_safe/seed20260906,False,,hybrid-session-026,qa,117.17838887125254,4,risk_evidence_insufficient,20260906
kivi_4bit_residual64,2.0,0.1,False,False,online_qwen,False,8.0,/DATACENTER3/zhenxiang.wang/work/TailGuardKV/.worktrees/baseline-smoke-final-aggregation/out/full_25session_baseline_9_14/full/policy_attempts/full40_20260916_h2o_static_safe/seed20260906/config.yaml,,,,,0.1,True,,0.1,,0,False,kivi_4bit_residual64,True,,balanced_two_gpu,1,persistent,28388.283667853102,25574,32592.94410282746,,80.0,3.5546875,1.4765625,1.4765625,1.4765625,1306.1801639851183,unknown,True,,True,,False,,15055.19384765625,True,uncalibrated_dynamic,False,0.0,0.0,kivi_4bit_residual64,0.0,,risk_evidence_insufficient,0.0,uncalibrated_dynamic,0.0,,,,hybrid-session-003-turn-0,1.4765625,0.0,1.4765625,0.0,0.0,/DATACENTER3/zhenxiang.wang/work/TailGuardKV/.worktrees/baseline-smoke-final-aggregation/out/full_25session_baseline_9_14/full/policy_attempts/full40_20260916_h2o_static_safe/seed20260906,True,point_prediction_eligible,hybrid-session-003,chat,86.82203898206353,0,risk_evidence_insufficient,20260906
kivi_4bit_residual64,3.0,0.1,False,False,online_qwen,False,8.0,/DATACENTER3/zhenxiang.wang/work/TailGuardKV/.worktrees/baseline-smoke-final-aggregation/out/full_25session_baseline_9_14/full/policy_attempts/full40_20260916_h2o_static_safe/seed20260906/config.yaml,,,,,0.1,True,,0.1,,0,False,kivi_4bit_residual64,True,,balanced_two_gpu,1,persistent,28388.283667853102,25574,32592.94410282746,,80.0,5.3046875,1.75,1.75,1.75,1329.1328640189022,unknown,True,,True,,False,,15063.70947265625,True,uncalibrated_dynamic,False,0.0,0.0,kivi_4bit_residual64,0.0,,risk_evidence_insufficient,0.0,uncalibrated_dynamic,0.0,,,,hybrid-session-004-turn-0,1.75,0.0,1.75,0.0,0.0,/DATACENTER3/zhenxiang.wang/work/TailGuardKV/.worktrees/baseline-smoke-final-aggregation/out/full_25session_baseline_9_14/full/policy_attempts/full40_20260916_h2o_static_safe/seed20260906,True,point_prediction_eligible,hybrid-session-004,chat,98.23279199190438,0,risk_evidence_insufficient,20260906
kivi_4bit_residual64,4.0,0.1,False,False,online_qwen,False,8.0,/DATACENTER3/zhenxiang.wang/work/TailGuardKV/.worktrees/baseline-smoke-final-aggregation/out/full_25session_baseline_9_14/full/policy_attempts/full40_20260916_h2o_static_safe/seed20260906/config.yaml,,,,,0.1,True,,0.1,,0,False,kivi_4bit_residual64,True,,balanced_two_gpu,1,persistent,28388.283667853102,25574,32592.94410282746,,80.0,7.21875,1.9140625,1.9140625,1.9140625,1324.3362340144813,unknown,True,,True,,False,,15070.26806640625,True,uncalibrated_dynamic,False,0.0,0.0,kivi_4bit_residual64,0.0,,risk_evidence_insufficient,0.0,uncalibrated_dynamic,0.0,,,,hybrid-session-005-turn-0,1.9140625,0.0,1.9140625,0.0,0.0,/DATACENTER3/zhenxiang.wang/work/TailGuardKV/.worktrees/baseline-smoke-final-aggregation/out/full_25session_baseline_9_14/full/policy_attempts/full40_20260916_h2o_static_safe/seed20260906,True,point_prediction_eligible,hybrid-session-005,chat,99.26302009262145,0,risk_evidence_insufficient,20260906
kivi_4bit_residual64,5.0,0.1,False,False,online_qwen,False,8.0,/DATACENTER3/zhenxiang.wang/work/TailGuardKV/.worktrees/baseline-smoke-final-aggregation/out/full_25session_baseline_9_14/full/policy_attempts/full40_20260916_h2o_static_safe/seed20260906/config.yaml,,,,,0.1,True,,0.1,,0,False,kivi_4bit_residual64,True,,balanced_two_gpu,1,persistent,28388.283667853102,25574,32592.94410282746,,80.0,9.84375,2.625,2.625,2.625,1318.5842831153423,unknown,True,,True,,False,,15093.27587890625,True,uncalibrated_dynamic,False,0.0,0.0,kivi_4bit_residual64,0.0,,risk_evidence_insufficient,0.0,uncalibrated_dynamic,0.0,,,,hybrid-session-006-turn-0,2.625,0.0,2.625,0.0,0.0,/DATACENTER3/zhenxiang.wang/work/TailGuardKV/.worktrees/baseline-smoke-final-aggregation/out/full_25session_baseline_9_14/full/policy_attempts/full40_20260916_h2o_static_safe/seed20260906,True,point_prediction_eligible,hybrid-session-006,chat,112.18907800503075,0,risk_evidence_insufficient,20260906
kivi_4bit_residual64,6.0,0.1,False,False,online_qwen,False,8.0,/DATACENTER3/zhenxiang.wang/work/TailGuardKV/.worktrees/baseline-smoke-final-aggregation/out/full_25session_baseline_9_14/full/policy_attempts/full40_20260916_h2o_static_safe/seed20260906/config.yaml,,,,,0.1,True,,0.1,,0,False,kivi_4bit_residual64,True,,balanced_two_gpu,1,persistent,28388.283667853102,25574,32592.94410282746,,80.0,11.5390625,1.6953125,1.6953125,1.6953125,1292.2517638653517,unknown,True,,True,,False,,15068.48681640625,True,uncalibrated_dynamic,False,0.0,0.0,kivi_4bit_residual64,0.0,,risk_evidence_insufficient,0.0,uncalibrated_dynamic,0.0,,,,hybrid-session-009-turn-0,1.6953125,0.0,1.6953125,0.0,0.0,/DATACENTER3/zhenxiang.wang/work/TailGuardKV/.worktrees/baseline-smoke-final-aggregation/out/full_25session_baseline_9_14/full/policy_attempts/full40_20260916_h2o_static_safe/seed20260906,True,point_prediction_eligible,hybrid-session-009,chat,88.15895486623049,0,risk_evidence_insufficient,20260906
kivi_4bit_residual64,7.0,0.1,False,False,online_qwen,False,8.0,/DATACENTER3/zhenxiang.wang/work/TailGuardKV/.worktrees/baseline-smoke-final-aggregation/out/full_25session_baseline_9_14/full/policy_attempts/full40_20260916_h2o_static_safe/seed20260906/config.yaml,,,,,0.1,True,,0.1,,0,False,kivi_4bit_residual64,True,,balanced_two_gpu,1,persistent,28388.283667853102,25574,32592.94410282746,,80.0,13.0703125,1.53125,1.53125,1.53125,1295.8589380141348,unknown,True,,True,,False,,15065.87646484375,True,uncalibrated_dynamic,False,0.0,0.0,kivi_4bit_residual64,0.0,,risk_evidence_insufficient,0.0,uncalibrated_dynamic,0.0,,,,hybrid-session-010-turn-0,1.53125,0.0,1.53125,0.0,0.0,/DATACENTER3/zhenxiang.wang/work/TailGuardKV/.worktrees/baseline-smoke-final-aggregation/out/full_25session_baseline_9_14/full/policy_attempts/full40_20260916_h2o_static_safe/seed20260906,True,point_prediction_eligible,hybrid-session-010,chat,81.45286818034947,0,risk_evidence_insufficient,20260906
kivi_4bit_residual64,8.0,0.1,False,False,online_qwen,False,8.0,/DATACENTER3/zhenxiang.wang/work/TailGuardKV/.worktrees/baseline-smoke-final-aggregation/out/full_25session_baseline_9_14/full/policy_attempts/full40_20260916_h2o_static_safe/seed20260906/config.yaml,,,,,0.1,True,,0.1,,0,False,kivi_4bit_residual64,True,,balanced_two_gpu,1,persistent,28388.283667853102,25574,32592.94410282746,,80.0,14.875,1.8046875,1.8046875,1.8046875,1315.1762189809233,unknown,True,,True,,False,,15074.73681640625,True,uncalibrated_dynamic,False,0.0,0.0,kivi_4bit_residual64,0.0,,risk_evidence_insufficient,0.0,uncalibrated_dynamic,0.0,,,,hybrid-session-013-turn-0,1.8046875,0.0,1.8046875,0.0,0.0,/DATACENTER3/zhenxiang.wang/work/TailGuardKV/.worktrees/baseline-smoke-final-aggregation/out/full_25session_baseline_9_14/full/policy_attempts/full40_20260916_h2o_static_safe/seed20260906,True,point_prediction_eligible,hybrid-session-013,chat,99.06334313564003,0,risk_evidence_insufficient,20260906
kivi_4bit_residual64,9.0,0.1,False,False,online_qwen,False,8.0,/DATACENTER3/zhenxiang.wang/work/TailGuardKV/.worktrees/baseline-smoke-final-aggregation/out/full_25session_baseline_9_14/full/policy_attempts/full40_20260916_h2o_static_safe/seed20260906/config.yaml,,,,,0.1,True,,0.1,,0,False,kivi_4bit_residual64,True,,balanced_two_gpu,1,persistent,28388.283667853102,25574,32592.94410282746,,80.0,17.5,2.625,2.625,2.625,1315.7427010592073,unknown,True,,True,,False,,15100.93212890625,True,uncalibrated_dynamic,False,0.0,0.0,kivi_4bit_residual64,0.0,,risk_evidence_insufficient,0.0,uncalibrated_dynamic,0.0,,,,hybrid-session-016-turn-0,2.625,0.0,2.625,0.0,0.0,/DATACENTER3/zhenxiang.wang/work/TailGuardKV/.worktrees/baseline-smoke-final-aggregation/out/full_25session_baseline_9_14/full/policy_attempts/full40_20260916_h2o_static_safe/seed20260906,True,point_prediction_eligible,hybrid-session-016,chat,101.25491512008011,0,risk_evidence_insufficient,20260906
kivi_4bit_residual64,10.0,0.1,False,False,online_qwen,False,7.0,/DATACENTER3/zhenxiang.wang/work/TailGuardKV/.worktrees/baseline-smoke-final-aggregation/out/full_25session_baseline_9_14/full/policy_attempts/full40_20260916_h2o_static_safe/seed20260906/config.yaml,,,,,0.1,True,,0.1,,0,False,kivi_4bit_residual64,True,,balanced_two_gpu,1,persistent,28388.283667853102,25574,32592.94410282746,,80.0,19.90625,2.40625,2.40625,2.40625,1307.3380440473557,unknown,True,,True,,False,,15095.79541015625,True,uncalibrated_dynamic,True,0.0,0.0,kivi_4bit_residual64,0.0,,risk_evidence_insufficient,0.0,uncalibrated_dynamic,0.0,,,,hybrid-session-020-turn-0,2.40625,0.0,2.40625,0.0,0.0,/DATACENTER3/zhenxiang.wang/work/TailGuardKV/.worktrees/baseline-smoke-final-aggregation/out/full_25session_baseline_9_14/full/policy_attempts/full40_20260916_h2o_static_safe/seed20260906,True,point_prediction_eligible,hybrid-session-020,chat,99.88199011422694,0,risk_evidence_insufficient,20260906
kivi_4bit_residual64,11.0,0.1,False,False,online_qwen,False,7.0,/DATACENTER3/zhenxiang.wang/work/TailGuardKV/.worktrees/baseline-smoke-final-aggregation/out/full_25session_baseline_9_14/full/policy_attempts/full40_20260916_h2o_static_safe/seed20260906/config.yaml,,,,,0.1,True,,0.1,,0,False,kivi_4bit_residual64,True,,balanced_two_gpu,1,persistent,28388.283667853102,25574,32592.94410282746,,80.0,22.203125,2.296875,2.296875,2.296875,1315.4282371979207,unknown,True,,True,,False,,15095.17822265625,True,uncalibrated_dynamic,True,0.0,0.0,kivi_4bit_residual64,0.0,,risk_evidence_insufficient,0.0,uncalibrated_dynamic,0.0,,,,hybrid-session-021-turn-0,2.296875,0.0,2.296875,0.0,0.0,/DATACENTER3/zhenxiang.wang/work/TailGuardKV/.worktrees/baseline-smoke-final-aggregation/out/full_25session_baseline_9_14/full/policy_attempts/full40_20260916_h2o_static_safe/seed20260906,True,point_prediction_eligible,hybrid-session-021,chat,100.40867305360734,0,risk_evidence_insufficient,20260906
kivi_4bit_residual64,12.0,0.1,False,False,online_qwen,False,7.0,/DATACENTER3/zhenxiang.wang/work/TailGuardKV/.worktrees/baseline-smoke-final-aggregation/out/full_25session_baseline_9_14/full/policy_attempts/full40_20260916_h2o_static_safe/seed20260906/config.yaml,,,,,0.1,True,,0.1,,0,False,kivi_4bit_residual64,True,,balanced_two_gpu,1,persistent,28388.283667853102,25574,32592.94410282746,,80.0,24.171875,1.96875,1.96875,1.96875,1294.5278719998896,unknown,True,,True,,False,,15088.40478515625,True,uncalibrated_dynamic,True,0.0,0.0,kivi_4bit_residual64,0.0,,risk_evidence_insufficient,0.0,uncalibrated_dynamic,0.0,,,,hybrid-session-025-turn-0,1.96875,0.0,1.96875,0.0,0.0,/DATACENTER3/zhenxiang.wang/work/TailGuardKV/.worktrees/baseline-smoke-final-aggregation/out/full_25session_baseline_9_14/full/policy_attempts/full40_20260916_h2o_static_safe/seed20260906,True,point_prediction_eligible,hybrid-session-025,chat,99.01863103732467,0,risk_evidence_insufficient,20260906
kivi_4bit_residual64,13.0,0.1,False,False,online_qwen,False,7.0,/DATACENTER3/zhenxiang.wang/work/TailGuardKV/.worktrees/baseline-smoke-final-aggregation/out/full_25session_baseline_9_14/full/policy_attempts/full40_20260916_h2o_static_safe/seed20260906/config.yaml,,,,,0.1,True,,0.1,,0,False,kivi_4bit_residual64,True,,balanced_two_gpu,1,persistent,28388.283667853102,25574,32592.94410282746,,80.0,26.359375,2.1875,2.1875,2.1875,1313.0915160290897,unknown,True,,True,,False,,15096.42041015625,True,uncalibrated_dynamic,True,0.0,0.0,kivi_4bit_residual64,0.0,,risk_evidence_insufficient,0.0,uncalibrated_dynamic,0.0,,,,hybrid-session-026-turn-0,2.1875,0.0,2.1875,0.0,0.0,/DATACENTER3/zhenxiang.wang/work/TailGuardKV/.worktrees/baseline-smoke-final-aggregation/out/full_25session_baseline_9_14/full/policy_attempts/full40_20260916_h2o_static_safe/seed20260906,True,point_prediction_eligible,hybrid-session-026,chat,98.73816603794694,0,risk_evidence_insufficient,20260906
kivi_4bit_residual64,13.0,0.1,False,False,online_qwen,False,8.0,/DATACENTER3/zhenxiang.wang/work/TailGuardKV/.worktrees/baseline-smoke-final-aggregation/out/full_25session_baseline_9_14/full/policy_attempts/full40_20260916_h2o_static_safe/seed20260906/config.yaml,,,,,0.1,True,,0.1,,0,False,kivi_4bit_residual64,True,,balanced_two_gpu,1,persistent,28388.283667853102,25574,32592.94410282746,,80.0,26.829345703125,2.548095703125,2.548095703125,0.469970703125,5022.136323153973,unknown,True,,True,,False,,15088.02685546875,True,uncalibrated_dynamic,False,0.0,0.0,kivi_4bit_residual64,0.0,,risk_evidence_insufficient,0.0,uncalibrated_dynamic,0.0,,,,hybrid-session-002-turn-1,2.548095703125,2.078125,2.548095703125,0.0,0.0,/DATACENTER3/zhenxiang.wang/work/TailGuardKV/.worktrees/baseline-smoke-final-aggregation/out/full_25session_baseline_9_14/full/policy_attempts/full40_20260916_h2o_static_safe/seed20260906,True,point_prediction_eligible,hybrid-session-002,chat,96.44210105761886,1,risk_evidence_insufficient,20260906
kivi_4bit_residual64,13.0,0.1,True,False,online_qwen,False,8.0,/DATACENTER3/zhenxiang.wang/work/TailGuardKV/.worktrees/baseline-smoke-final-aggregation/out/full_25session_baseline_9_14/full/policy_attempts/full40_20260916_h2o_static_safe/seed20260906/config.yaml,,,,,0.1,True,,0.1,,0,False,kivi_4bit_residual64,True,,balanced_two_gpu,1,persistent,28388.283667853102,25574,32592.94410282746,,80.0,28.251220703125,2.8984375,2.8984375,1.421875,1358.2993689924479,unknown,True,,True,,False,,15078.74658203125,True,uncalibrated_dynamic,False,0.0,0.0,kivi_4bit_residual64,0.0,,risk_evidence_insufficient,0.0,uncalibrated_dynamic,0.0,,,,hybrid-session-003-turn-1,2.8984375,1.4765625,2.8984375,0.0,0.0,/DATACENTER3/zhenxiang.wang/work/TailGuardKV/.worktrees/baseline-smoke-final-aggregation/out/full_25session_baseline_9_14/full/policy_attempts/full40_20260916_h2o_static_safe/seed20260906,True,point_prediction_eligible,hybrid-session-003,chat,98.48659485578537,1,risk_evidence_insufficient,20260906
kivi_4bit_residual64,13.0,0.1,False,False,online_qwen,False,8.0,/DATACENTER3/zhenxiang.wang/work/TailGuardKV/.worktrees/baseline-smoke-final-aggregation/out/full_25session_baseline_9_14/full/policy_attempts/full40_20260916_h2o_static_safe/seed20260906/config.yaml,,,,,0.1,True,,0.1,,0,False,kivi_4bit_residual64,True,,balanced_two_gpu,1,persistent,28388.283667853102,25574,32592.94410282746,,80.0,29.76708984375,3.265869140625,3.265869140625,1.515869140625,2053.6062920000404,unknown,True,,True,,False,,15128.7724609375,True,uncalibrated_dynamic,False,0.0,0.0,kivi_4bit_residual64,0.0,,risk_evidence_insufficient,0.0,uncalibrated_dynamic,0.0,,,,hybrid-session-004-turn-1,3.265869140625,1.75,3.265869140625,0.0,0.0,/DATACENTER3/zhenxiang.wang/work/TailGuardKV/.worktrees/baseline-smoke-final-aggregation/out/full_25session_baseline_9_14/full/policy_attempts/full40_20260916_h2o_static_safe/seed20260906,True,point_prediction_eligible,hybrid-session-004,chat,178.29109821468592,1,risk_evidence_insufficient,20260906
kivi_4bit_residual64,13.0,0.1,False,False,online_qwen,False,8.0,/DATACENTER3/zhenxiang.wang/work/TailGuardKV/.worktrees/baseline-smoke-final-aggregation/out/full_25session_baseline_9_14/full/policy_attempts/full40_20260916_h2o_static_safe/seed20260906/config.yaml,,,,,0.1,True,,0.1,,0,False,kivi_4bit_residual64,True,,balanced_two_gpu,1,persistent,28388.283667853102,25574,32592.94410282746,,80.0,30.65234375,2.79931640625,2.79931640625,0.88525390625,1931.4289048779756,unknown,True,,True,,False,,15106.55908203125,True,uncalibrated_dynamic,False,0.0,0.0,kivi_4bit_residual64,0.0,,risk_evidence_insufficient,0.0,uncalibrated_dynamic,0.0,,,,hybrid-session-005-turn-1,2.79931640625,1.9140625,2.79931640625,0.0,0.0,/DATACENTER3/zhenxiang.wang/work/TailGuardKV/.worktrees/baseline-smoke-final-aggregation/out/full_25session_baseline_9_14/full/policy_attempts/full40_20260916_h2o_static_safe/seed20260906,True,point_prediction_eligible,hybrid-session-005,chat,105.49946292303503,1,risk_evidence_insufficient,20260906
kivi_4bit_residual64,13.0,0.1,False,False,online_qwen,False,8.0,/DATACENTER3/zhenxiang.wang/work/TailGuardKV/.worktrees/baseline-smoke-final-aggregation/out/full_25session_baseline_9_14/full/policy_attempts/full40_20260916_h2o_static_safe/seed20260906/config.yaml,,,,,0.1,True,,0.1,,0,False,kivi_4bit_residual64,True,,balanced_two_gpu,1,persistent,28388.283667853102,25574,32592.94410282746,,80.0,31.47265625,3.4453125,3.4453125,0.8203125,2035.6244349386543,unknown,True,,True,,False,,15114.3935546875,True,uncalibrated_dynamic,False,0.0,0.0,kivi_4bit_residual64,0.0,,risk_evidence_insufficient,0.0,uncalibrated_dynamic,0.0,,,,hybrid-session-006-turn-1,3.4453125,2.625,3.4453125,0.0,0.0,/DATACENTER3/zhenxiang.wang/work/TailGuardKV/.worktrees/baseline-smoke-final-aggregation/out/full_25session_baseline_9_14/full/policy_attempts/full40_20260916_h2o_static_safe/seed20260906,True,point_prediction_eligible,hybrid-session-006,chat,154.5751120429486,1,risk_evidence_insufficient,20260906
kivi_4bit_residual64,13.0,0.1,False,False,online_qwen,False,8.0,/DATACENTER3/zhenxiang.wang/work/TailGuardKV/.worktrees/baseline-smoke-final-aggregation/out/full_25session_baseline_9_14/full/policy_attempts/full40_20260916_h2o_static_safe/seed20260906/config.yaml,,,,,0.1,True,,0.1,,0,False,kivi_4bit_residual64,True,,balanced_two_gpu,1,persistent,28388.283667853102,25574,32592.94410282746,,80.0,33.16796875,3.390625,3.390625,1.6953125,1319.4418619386852,unknown,True,,True,,False,,15090.15771484375,True,uncalibrated_dynamic,False,0.0,0.0,kivi_4bit_residual64,0.0,,risk_evidence_insufficient,0.0,uncalibrated_dynamic,0.0,,,,hybrid-session-009-turn-1,3.390625,1.6953125,3.390625,0.0,0.0,/DATACENTER3/zhenxiang.wang/work/TailGuardKV/.worktrees/baseline-smoke-final-aggregation/out/full_25session_baseline_9_14/full/policy_attempts/full40_20260916_h2o_static_safe/seed20260906,True,point_prediction_eligible,hybrid-session-009,chat,84.25804297439754,1,risk_evidence_insufficient,20260906
kivi_4bit_residual64,13.0,0.1,False,False,online_qwen,False,8.0,/DATACENTER3/zhenxiang.wang/work/TailGuardKV/.worktrees/baseline-smoke-final-aggregation/out/full_25session_baseline_9_14/full/policy_attempts/full40_20260916_h2o_static_safe/seed20260906/config.yaml,,,,,0.1,True,,0.1,,0,False,kivi_4bit_residual64,True,,balanced_two_gpu,1,persistent,28388.283667853102,25574,32592.94410282746,,80.0,34.80859375,3.171875,3.171875,1.640625,1315.4507870785892,unknown,True,,True,,False,,15090.34130859375,True,uncalibrated_dynamic,False,0.0,0.0,kivi_4bit_residual64,0.0,,risk_evidence_insufficient,0.0,uncalibrated_dynamic,0.0,,,,hybrid-session-010-turn-1,3.171875,1.53125,3.171875,0.0,0.0,/DATACENTER3/zhenxiang.wang/work/TailGuardKV/.worktrees/baseline-smoke-final-aggregation/out/full_25session_baseline_9_14/full/policy_attempts/full40_20260916_h2o_static_safe/seed20260906,True,point_prediction_eligible,hybrid-session-010,chat,92.67906309105456,1,risk_evidence_insufficient,20260906
kivi_4bit_residual64,13.0,0.1,False,False,online_qwen,False,8.0,/DATACENTER3/zhenxiang.wang/work/TailGuardKV/.worktrees/baseline-smoke-final-aggregation/out/full_25session_baseline_9_14/full/policy_attempts/full40_20260916_h2o_static_safe/seed20260906/config.yaml,,,,,0.1,True,,0.1,,0,False,kivi_4bit_residual64,True,,balanced_two_gpu,1,persistent,28388.283667853102,25574,32592.94410282746,,80.0,36.23046875,3.2265625,3.2265625,1.421875,1315.0738198310137,unknown,True,,True,,False,,15086.74462890625,True,uncalibrated_dynamic,False,0.0,0.0,kivi_4bit_residual64,0.0,,risk_evidence_insufficient,0.0,uncalibrated_dynamic,0.0,,,,hybrid-session-013-turn-1,3.2265625,1.8046875,3.2265625,0.0,0.0,/DATACENTER3/zhenxiang.wang/work/TailGuardKV/.worktrees/baseline-smoke-final-aggregation/out/full_25session_baseline_9_14/full/policy_attempts/full40_20260916_h2o_static_safe/seed20260906,True,point_prediction_eligible,hybrid-session-013,chat,92.23721292801201,1,risk_evidence_insufficient,20260906
kivi_4bit_residual64,13.0,0.1,False,False,online_qwen,False,8.0,/DATACENTER3/zhenxiang.wang/work/TailGuardKV/.worktrees/baseline-smoke-final-aggregation/out/full_25session_baseline_9_14/full/policy_attempts/full40_20260916_h2o_static_safe/seed20260906/config.yaml,,,,,0.1,True,,0.1,,0,False,kivi_4bit_residual64,True,,balanced_two_gpu,1,persistent,28388.283667853102,25574,32592.94410282746,,80.0,36.297119140625,2.691650390625,2.691650390625,0.066650390625,1798.0268010869622,unknown,True,,True,,False,,15089.38818359375,True,uncalibrated_dynamic,False,0.0,0.0,kivi_4bit_residual64,0.0,,risk_evidence_insufficient,0.0,uncalibrated_dynamic,0.0,,,,hybrid-session-016-turn-1,2.691650390625,2.625,2.691650390625,0.0,0.0,/DATACENTER3/zhenxiang.wang/work/TailGuardKV/.worktrees/baseline-smoke-final-aggregation/out/full_25session_baseline_9_14/full/policy_attempts/full40_20260916_h2o_static_safe/seed20260906,True,point_prediction_eligible,hybrid-session-016,chat,91.41438198275864,1,risk_evidence_insufficient,20260906
kivi_4bit_residual64,13.0,0.1,False,False,online_qwen,False,8.0,/DATACENTER3/zhenxiang.wang/work/TailGuardKV/.worktrees/baseline-smoke-final-aggregation/out/full_25session_baseline_9_14/full/policy_attempts/full40_20260916_h2o_static_safe/seed20260906/config.yaml,,,,,0.1,True,,0.1,,0,False,kivi_4bit_residual64,True,,balanced_two_gpu,1,persistent,28388.283667853102,25574,32592.94410282746,,80.0,36.690185546875,2.79931640625,2.79931640625,0.39306640625,1944.9074340518564,unknown,True,,True,,False,,15100.35595703125,True,uncalibrated_dynamic,False,0.0,0.0,kivi_4bit_residual64,0.0,,risk_evidence_insufficient,0.0,uncalibrated_dynamic,0.0,,,,hybrid-session-020-turn-1,2.79931640625,2.40625,2.79931640625,0.0,0.0,/DATACENTER3/zhenxiang.wang/work/TailGuardKV/.worktrees/baseline-smoke-final-aggregation/out/full_25session_baseline_9_14/full/policy_attempts/full40_20260916_h2o_static_safe/seed20260906,True,point_prediction_eligible,hybrid-session-020,chat,102.11384808644652,1,risk_evidence_insufficient,20260906
kivi_4bit_residual64,13.0,0.1,False,False,online_qwen,False,8.0,/DATACENTER3/zhenxiang.wang/work/TailGuardKV/.worktrees/baseline-smoke-final-aggregation/out/full_25session_baseline_9_14/full/policy_attempts/full40_20260916_h2o_static_safe/seed20260906/config.yaml,,,,,0.1,True,,0.1,,0,False,kivi_4bit_residual64,True,,balanced_two_gpu,1,persistent,28388.283667853102,25574,32592.94410282746,,80.0,37.3720703125,2.978759765625,2.978759765625,0.681884765625,2023.3577759936452,unknown,True,,True,,False,,15109.2490234375,True,uncalibrated_dynamic,False,0.0,0.0,kivi_4bit_residual64,0.0,,risk_evidence_insufficient,0.0,uncalibrated_dynamic,0.0,,,,hybrid-session-021-turn-1,2.978759765625,2.296875,2.978759765625,0.0,0.0,/DATACENTER3/zhenxiang.wang/work/TailGuardKV/.worktrees/baseline-smoke-final-aggregation/out/full_25session_baseline_9_14/full/policy_attempts/full40_20260916_h2o_static_safe/seed20260906,True,point_prediction_eligible,hybrid-session-021,chat,158.6041171103716,1,risk_evidence_insufficient,20260906
kivi_4bit_residual64,13.0,0.1,False,False,online_qwen,False,8.0,/DATACENTER3/zhenxiang.wang/work/TailGuardKV/.worktrees/baseline-smoke-final-aggregation/out/full_25session_baseline_9_14/full/policy_attempts/full40_20260916_h2o_static_safe/seed20260906/config.yaml,,,,,0.1,True,,0.1,,0,False,kivi_4bit_residual64,True,,balanced_two_gpu,1,persistent,28388.283667853102,25574,32592.94410282746,,80.0,38.6845703125,3.28125,3.28125,1.3125,1307.3990610428154,unknown,True,,True,,False,,15085.52294921875,True,uncalibrated_dynamic,False,0.005128205128205128,0.005128205128205128,kivi_4bit_residual64,0.005128205128205128,,risk_evidence_insufficient,0.0,uncalibrated_dynamic,0.0,,,,hybrid-session-025-turn-1,3.28125,1.96875,3.28125,0.0,0.005128205128205128,/DATACENTER3/zhenxiang.wang/work/TailGuardKV/.worktrees/baseline-smoke-final-aggregation/out/full_25session_baseline_9_14/full/policy_attempts/full40_20260916_h2o_static_safe/seed20260906,True,point_prediction_eligible,hybrid-session-025,chat,90.42892907746136,1,risk_evidence_insufficient,20260906
kivi_4bit_residual64,13.0,0.1,False,False,online_qwen,False,8.0,/DATACENTER3/zhenxiang.wang/work/TailGuardKV/.worktrees/baseline-smoke-final-aggregation/out/full_25session_baseline_9_14/full/policy_attempts/full40_20260916_h2o_static_safe/seed20260906/config.yaml,,,,,0.1,True,,0.1,,0,False,kivi_4bit_residual64,True,,balanced_two_gpu,1,persistent,28388.283667853102,25574,32592.94410282746,,80.0,39.547607421875,3.050537109375,3.050537109375,0.863037109375,2010.2262529544532,unknown,True,,True,,False,,15117.2783203125,True,uncalibrated_dynamic,False,0.0,0.0,kivi_4bit_residual64,0.0,,risk_evidence_insufficient,0.0,uncalibrated_dynamic,0.0,,,,hybrid-session-026-turn-1,3.050537109375,2.1875,3.050537109375,0.0,0.0,/DATACENTER3/zhenxiang.wang/work/TailGuardKV/.worktrees/baseline-smoke-final-aggregation/out/full_25session_baseline_9_14/full/policy_attempts/full40_20260916_h2o_static_safe/seed20260906,True,point_prediction_eligible,hybrid-session-026,chat,154.67747091315687,1,risk_evidence_insufficient,20260906
kivi_4bit_residual64,13.0,0.1,True,False,online_qwen,False,8.0,/DATACENTER3/zhenxiang.wang/work/TailGuardKV/.worktrees/baseline-smoke-final-aggregation/out/full_25session_baseline_9_14/full/policy_attempts/full40_20260916_h2o_static_safe/seed20260906/config.yaml,,,,,0.1,True,,0.1,,0,False,kivi_4bit_residual64,True,,balanced_two_gpu,1,persistent,28388.283667853102,25574,32592.94410282746,,80.0,41.591552734375,4.592041015625,4.592041015625,2.0439453125,2111.1709070391953,unknown,True,,True,,False,,15237.5693359375,True,uncalibrated_dynamic,False,0.0,0.0,kivi_4bit_residual64,0.0,,risk_evidence_insufficient,0.0,uncalibrated_dynamic,0.0,,,,hybrid-session-002-turn-2,4.592041015625,2.548095703125,4.592041015625,0.0,0.0,/DATACENTER3/zhenxiang.wang/work/TailGuardKV/.worktrees/baseline-smoke-final-aggregation/out/full_25session_baseline_9_14/full/policy_attempts/full40_20260916_h2o_static_safe/seed20260906,True,point_prediction_eligible,hybrid-session-002,qa,203.4309410955757,2,risk_evidence_insufficient,20260906
kivi_4bit_residual64,13.0,0.1,False,False,online_qwen,False,8.0,/DATACENTER3/zhenxiang.wang/work/TailGuardKV/.worktrees/baseline-smoke-final-aggregation/out/full_25session_baseline_9_14/full/policy_attempts/full40_20260916_h2o_static_safe/seed20260906/config.yaml,,,,,0.1,True,,0.1,,0,False,kivi_4bit_residual64,True,,balanced_two_gpu,1,persistent,28388.283667853102,25574,32592.94410282746,,80.0,43.84228515625,5.149169921875,5.149169921875,2.250732421875,2065.9683409612626,unknown,True,,True,,False,,15238.6494140625,True,uncalibrated_dynamic,False,0.0,0.0,kivi_4bit_residual64,0.0,,risk_evidence_insufficient,0.0,uncalibrated_dynamic,0.0,,,,hybrid-session-003-turn-2,5.149169921875,2.8984375,5.149169921875,0.0,0.0,/DATACENTER3/zhenxiang.wang/work/TailGuardKV/.worktrees/baseline-smoke-final-aggregation/out/full_25session_baseline_9_14/full/policy_attempts/full40_20260916_h2o_static_safe/seed20260906,True,point_prediction_eligible,hybrid-session-003,summary,193.00387077964842,2,risk_evidence_insufficient,20260906
kivi_4bit_residual64,13.0,0.1,False,False,online_qwen,False,1.0,/DATACENTER3/zhenxiang.wang/work/TailGuardKV/.worktrees/baseline-smoke-final-aggregation/out/full_25session_baseline_9_14/full/policy_attempts/full40_20260916_h2o_static_safe/seed20260906/config.yaml,,,,,0.1,True,,0.1,,0,False,kivi_4bit_residual64,True,,balanced_two_gpu,1,persistent,28388.283667853102,25574,32592.94410282746,,80.0,45.347900390625,4.771484375,4.771484375,1.505615234375,2093.8369720242918,unknown,True,,True,,False,,15217.580078125,True,uncalibrated_dynamic,False,0.03418803418803419,0.03418803418803419,kivi_4bit_residual64,0.03418803418803419,,risk_evidence_insufficient,0.0,uncalibrated_dynamic,0.0,,,,hybrid-session-004-turn-2,4.771484375,3.265869140625,4.771484375,0.0,0.3418803418803419,/DATACENTER3/zhenxiang.wang/work/TailGuardKV/.worktrees/baseline-smoke-final-aggregation/out/full_25session_baseline_9_14/full/policy_attempts/full40_20260916_h2o_static_safe/seed20260906,False,point_prediction_eligible,hybrid-session-004,qa,198.6769330687821,2,risk_evidence_insufficient,20260906
kivi_4bit_residual64,13.0,0.1,False,False,online_qwen,False,8.0,/DATACENTER3/zhenxiang.wang/work/TailGuardKV/.worktrees/baseline-smoke-final-aggregation/out/full_25session_baseline_9_14/full/policy_attempts/full40_20260916_h2o_static_safe/seed20260906/config.yaml,,,,,0.1,True,,0.1,,0,False,kivi_4bit_residual64,True,,balanced_two_gpu,1,persistent,28388.283667853102,25574,32592.94410282746,,80.0,47.06884765625,4.520263671875,4.520263671875,1.720947265625,2108.529726974666,unknown,True,,True,,False,,15228.064453125,True,uncalibrated_dynamic,False,0.0,0.0,kivi_4bit_residual64,0.0,,risk_evidence_insufficient,0.0,uncalibrated_dynamic,0.0,,,,hybrid-session-005-turn-2,4.520263671875,2.79931640625,4.520263671875,0.0,0.0,/DATACENTER3/zhenxiang.wang/work/TailGuardKV/.worktrees/baseline-smoke-final-aggregation/out/full_25session_baseline_9_14/full/policy_attempts/full40_20260916_h2o_static_safe/seed20260906,True,point_prediction_eligible,hybrid-session-005,summary,198.13190307468176,2,risk_evidence_insufficient,20260906
kivi_4bit_residual64,13.0,0.1,False,False,online_qwen,False,1.0,/DATACENTER3/zhenxiang.wang/work/TailGuardKV/.worktrees/baseline-smoke-final-aggregation/out/full_25session_baseline_9_14/full/policy_attempts/full40_20260916_h2o_static_safe/seed20260906/config.yaml,,,,,0.1,True,,0.1,,0,False,kivi_4bit_residual64,True,,balanced_two_gpu,1,persistent,28388.283667853102,25574,32592.94410282746,,80.0,49.68701171875,6.0634765625,6.0634765625,2.6181640625,2085.170448059216,unknown,True,,True,,False,,15265.92138671875,True,uncalibrated_dynamic,False,0.03418803418803419,0.03418803418803419,kivi_4bit_residual64,0.03418803418803419,,risk_evidence_insufficient,0.0,uncalibrated_dynamic,0.0,,,,hybrid-session-006-turn-2,6.0634765625,3.4453125,6.0634765625,0.0,0.3418803418803419,/DATACENTER3/zhenxiang.wang/work/TailGuardKV/.worktrees/baseline-smoke-final-aggregation/out/full_25session_baseline_9_14/full/policy_attempts/full40_20260916_h2o_static_safe/seed20260906,False,point_prediction_eligible,hybrid-session-006,qa,199.51408100314438,2,risk_evidence_insufficient,20260906
kivi_4bit_residual64,13.0,0.1,False,False,online_qwen,False,8.0,/DATACENTER3/zhenxiang.wang/work/TailGuardKV/.worktrees/baseline-smoke-final-aggregation/out/full_25session_baseline_9_14/full/policy_attempts/full40_20260916_h2o_static_safe/seed20260906/config.yaml,,,,,0.1,True,,0.1,,0,False,kivi_4bit_residual64,True,,balanced_two_gpu,1,persistent,28388.283667853102,25574,32592.94410282746,,80.0,51.302001953125,5.005615234375,5.005615234375,1.614990234375,2138.3853130973876,unknown,True,,True,,False,,15225.28515625,True,uncalibrated_dynamic,False,0.0,0.0,kivi_4bit_residual64,0.0,,risk_evidence_insufficient,0.0,uncalibrated_dynamic,0.0,,,,hybrid-session-009-turn-2,5.005615234375,3.390625,5.005615234375,0.0,0.0,/DATACENTER3/zhenxiang.wang/work/TailGuardKV/.worktrees/baseline-smoke-final-aggregation/out/full_25session_baseline_9_14/full/policy_attempts/full40_20260916_h2o_static_safe/seed20260906,True,point_prediction_eligible,hybrid-session-009,summary,171.27229808829725,2,risk_evidence_insufficient,20260906
kivi_4bit_residual64,13.0,0.1,False,False,online_qwen,False,8.0,/DATACENTER3/zhenxiang.wang/work/TailGuardKV/.worktrees/baseline-smoke-final-aggregation/out/full_25session_baseline_9_14/full/policy_attempts/full40_20260916_h2o_static_safe/seed20260906/config.yaml,,,,,0.1,True,,0.1,,0,False,kivi_4bit_residual64,True,,balanced_two_gpu,1,persistent,28388.283667853102,25574,32592.94410282746,,80.0,53.56640625,5.436279296875,5.436279296875,2.264404296875,2590.0927651673555,unknown,True,,True,,False,,15250.880859375,True,uncalibrated_dynamic,False,0.0,0.0,kivi_4bit_residual64,0.0,,risk_evidence_insufficient,0.0,uncalibrated_dynamic,0.0,,,,hybrid-session-010-turn-2,5.436279296875,3.171875,5.436279296875,0.0,0.0,/DATACENTER3/zhenxiang.wang/work/TailGuardKV/.worktrees/baseline-smoke-final-aggregation/out/full_25session_baseline_9_14/full/policy_attempts/full40_20260916_h2o_static_safe/seed20260906,True,point_prediction_eligible,hybrid-session-010,qa,204.73688002675772,2,risk_evidence_insufficient,20260906
kivi_4bit_residual64,13.0,0.1,True,False,online_qwen,False,8.0,/DATACENTER3/zhenxiang.wang/work/TailGuardKV/.worktrees/baseline-smoke-final-aggregation/out/full_25session_baseline_9_14/full/policy_attempts/full40_20260916_h2o_static_safe/seed20260906/config.yaml,,,,,0.1,True,,0.1,,0,False,kivi_4bit_residual64,True,,balanced_two_gpu,1,persistent,28388.283667853102,25574,32592.94410282746,,80.0,55.52490234375,5.18505859375,5.18505859375,1.95849609375,2317.455383017659,unknown,True,,True,,False,,15241.21484375,True,uncalibrated_dynamic,False,0.0,0.0,kivi_4bit_residual64,0.0,,risk_evidence_insufficient,0.0,uncalibrated_dynamic,0.0,,,,hybrid-session-013-turn-2,5.18505859375,3.2265625,5.18505859375,0.0,0.0,/DATACENTER3/zhenxiang.wang/work/TailGuardKV/.worktrees/baseline-smoke-final-aggregation/out/full_25session_baseline_9_14/full/policy_attempts/full40_20260916_h2o_static_safe/seed20260906,True,point_prediction_eligible,hybrid-session-013,summary,209.57573014311492,2,risk_evidence_insufficient,20260906
kivi_4bit_residual64,13.0,0.1,False,False,online_qwen,False,8.0,/DATACENTER3/zhenxiang.wang/work/TailGuardKV/.worktrees/baseline-smoke-final-aggregation/out/full_25session_baseline_9_14/full/policy_attempts/full40_20260916_h2o_static_safe/seed20260906/config.yaml,,,,,0.1,True,,0.1,,0,False,kivi_4bit_residual64,True,,balanced_two_gpu,1,persistent,28388.283667853102,25574,32592.94410282746,,80.0,57.389404296875,4.55615234375,4.55615234375,1.864501953125,2534.423528937623,unknown,True,,True,,False,,15244.291015625,True,uncalibrated_dynamic,False,0.0,0.0,kivi_4bit_residual64,0.0,,risk_evidence_insufficient,0.0,uncalibrated_dynamic,0.0,,,,hybrid-session-016-turn-2,4.55615234375,2.691650390625,4.55615234375,0.0,0.0,/DATACENTER3/zhenxiang.wang/work/TailGuardKV/.worktrees/baseline-smoke-final-aggregation/out/full_25session_baseline_9_14/full/policy_attempts/full40_20260916_h2o_static_safe/seed20260906,True,point_prediction_eligible,hybrid-session-016,qa,203.0742559581995,2,risk_evidence_insufficient,20260906
kivi_4bit_residual64,13.0,0.1,True,False,online_qwen,False,1.0,/DATACENTER3/zhenxiang.wang/work/TailGuardKV/.worktrees/baseline-smoke-final-aggregation/out/full_25session_baseline_9_14/full/policy_attempts/full40_20260916_h2o_static_safe/seed20260906/config.yaml,,,,,0.1,True,,0.1,,0,False,kivi_4bit_residual64,True,,balanced_two_gpu,1,persistent,28388.283667853102,25574,32592.94410282746,,80.0,59.18212890625,4.592041015625,4.592041015625,1.792724609375,2450.937825953588,unknown,True,,True,,False,,15243.1875,True,uncalibrated_dynamic,False,0.03418803418803419,0.03418803418803419,kivi_4bit_residual64,0.03418803418803419,,risk_evidence_insufficient,0.0,uncalibrated_dynamic,0.0,,,,hybrid-session-020-turn-2,4.592041015625,2.79931640625,4.592041015625,0.0,0.3418803418803419,/DATACENTER3/zhenxiang.wang/work/TailGuardKV/.worktrees/baseline-smoke-final-aggregation/out/full_25session_baseline_9_14/full/policy_attempts/full40_20260916_h2o_static_safe/seed20260906,False,point_prediction_eligible,hybrid-session-020,qa,235.94605387188494,2,risk_evidence_insufficient,20260906
kivi_4bit_residual64,13.0,0.1,False,False,online_qwen,False,8.0,/DATACENTER3/zhenxiang.wang/work/TailGuardKV/.worktrees/baseline-smoke-final-aggregation/out/full_25session_baseline_9_14/full/policy_attempts/full40_20260916_h2o_static_safe/seed20260906/config.yaml,,,,,0.1,True,,0.1,,0,False,kivi_4bit_residual64,True,,balanced_two_gpu,1,persistent,28388.283667853102,25574,32592.94410282746,,80.0,61.154296875,4.950927734375,4.950927734375,1.97216796875,2132.2770710103214,unknown,True,,True,,False,,15253.3935546875,True,uncalibrated_dynamic,False,0.0,0.0,kivi_4bit_residual64,0.0,,risk_evidence_insufficient,0.0,uncalibrated_dynamic,0.0,,,,hybrid-session-021-turn-2,4.950927734375,2.978759765625,4.950927734375,0.0,0.0,/DATACENTER3/zhenxiang.wang/work/TailGuardKV/.worktrees/baseline-smoke-final-aggregation/out/full_25session_baseline_9_14/full/policy_attempts/full40_20260916_h2o_static_safe/seed20260906,True,point_prediction_eligible,hybrid-session-021,summary,198.51274997927248,2,risk_evidence_insufficient,20260906
kivi_4bit_residual64,13.0,0.1,False,False,online_qwen,False,7.0,/DATACENTER3/zhenxiang.wang/work/TailGuardKV/.worktrees/baseline-smoke-final-aggregation/out/full_25session_baseline_9_14/full/policy_attempts/full40_20260916_h2o_static_safe/seed20260906/config.yaml,,,,,0.1,True,,0.1,,0,False,kivi_4bit_residual64,True,,balanced_two_gpu,1,persistent,28388.283667853102,25574,32592.94410282746,,80.0,63.165771484375,5.292724609375,5.292724609375,2.011474609375,2068.959444994107,unknown,True,,True,,False,,15251.8046875,True,uncalibrated_dynamic,True,0.0,0.0,kivi_4bit_residual64,0.0,,risk_evidence_insufficient,0.0,uncalibrated_dynamic,0.0,,,,hybrid-session-025-turn-2,5.292724609375,3.28125,5.292724609375,0.0,0.0,/DATACENTER3/zhenxiang.wang/work/TailGuardKV/.worktrees/baseline-smoke-final-aggregation/out/full_25session_baseline_9_14/full/policy_attempts/full40_20260916_h2o_static_safe/seed20260906,True,point_prediction_eligible,hybrid-session-025,summary,172.93692310340703,2,risk_evidence_insufficient,20260906
kivi_4bit_residual64,13.0,0.1,False,False,online_qwen,False,1.0,/DATACENTER3/zhenxiang.wang/work/TailGuardKV/.worktrees/baseline-smoke-final-aggregation/out/full_25session_baseline_9_14/full/policy_attempts/full40_20260916_h2o_static_safe/seed20260906/config.yaml,,,,,0.1,True,,0.1,,0,False,kivi_4bit_residual64,True,,balanced_two_gpu,1,persistent,28388.283667853102,25574,32592.94410282746,,80.0,65.209716796875,5.094482421875,5.094482421875,2.0439453125,2086.8331738747656,unknown,True,,True,,False,,15260.15673828125,True,uncalibrated_dynamic,True,0.03418803418803419,0.03418803418803419,kivi_4bit_residual64,0.03418803418803419,,risk_evidence_insufficient,0.0,uncalibrated_dynamic,0.0,,,,hybrid-session-026-turn-2,5.094482421875,3.050537109375,5.094482421875,0.0,0.3418803418803419,/DATACENTER3/zhenxiang.wang/work/TailGuardKV/.worktrees/baseline-smoke-final-aggregation/out/full_25session_baseline_9_14/full/policy_attempts/full40_20260916_h2o_static_safe/seed20260906,False,point_prediction_eligible,hybrid-session-026,qa,199.21205379068851,2,risk_evidence_insufficient,20260906
kivi_4bit_residual64,13.0,0.1,False,False,online_qwen,False,1.0,/DATACENTER3/zhenxiang.wang/work/TailGuardKV/.worktrees/baseline-smoke-final-aggregation/out/full_25session_baseline_9_14/full/policy_attempts/full40_20260916_h2o_static_safe/seed20260906/config.yaml,,,,,0.1,True,,0.1,,0,False,kivi_4bit_residual64,True,,balanced_two_gpu,1,persistent,28388.283667853102,25574,32592.94410282746,,80.0,11.83984375,6.099365234375,6.099365234375,6.099365234375,2405.070581007749,unknown,True,,True,,False,,15370.23291015625,True,uncalibrated_dynamic,False,0.03418803418803419,0.03418803418803419,kivi_4bit_residual64,0.03418803418803419,,risk_evidence_insufficient,0.0,uncalibrated_dynamic,266.5701350197196,,,,hybrid-session-004-turn-3,6.099365234375,0.0,6.099365234375,0.0,0.3418803418803419,/DATACENTER3/zhenxiang.wang/work/TailGuardKV/.worktrees/baseline-smoke-final-aggregation/out/full_25session_baseline_9_14/full/policy_attempts/full40_20260916_h2o_static_safe/seed20260906,False,point_prediction_eligible,hybrid-session-004,qa,267.2792370431125,3,risk_evidence_insufficient,20260906
kivi_4bit_residual64,13.0,0.1,False,False,online_qwen,False,8.0,/DATACENTER3/zhenxiang.wang/work/TailGuardKV/.worktrees/baseline-smoke-final-aggregation/out/full_25session_baseline_9_14/full/policy_attempts/full40_20260916_h2o_static_safe/seed20260906/config.yaml,,,,,0.1,True,,0.1,,0,False,kivi_4bit_residual64,True,,balanced_two_gpu,1,persistent,28388.283667853102,25574,32592.94410282746,,80.0,17.652099609375,5.812255859375,5.812255859375,5.812255859375,2110.226474935189,unknown,True,,True,,False,,15363.46923828125,True,uncalibrated_dynamic,False,0.0,0.0,kivi_4bit_residual64,0.0,,risk_evidence_insufficient,0.0,uncalibrated_dynamic,241.480209864676,,,,hybrid-session-005-turn-3,5.812255859375,0.0,5.812255859375,0.0,0.0,/DATACENTER3/zhenxiang.wang/work/TailGuardKV/.worktrees/baseline-smoke-final-aggregation/out/full_25session_baseline_9_14/full/policy_attempts/full40_20260916_h2o_static_safe/seed20260906,True,point_prediction_eligible,hybrid-session-005,summary,242.1831008978188,3,risk_evidence_insufficient,20260906
kivi_4bit_residual64,13.0,0.1,False,False,online_qwen,False,8.0,/DATACENTER3/zhenxiang.wang/work/TailGuardKV/.worktrees/baseline-smoke-final-aggregation/out/full_25session_baseline_9_14/full/policy_attempts/full40_20260916_h2o_static_safe/seed20260906/config.yaml,,,,,0.1,True,,0.1,,0,False,kivi_4bit_residual64,True,,balanced_two_gpu,1,persistent,28388.283667853102,25574,32592.94410282746,,80.0,23.84033203125,6.188232421875,6.188232421875,6.188232421875,2157.1643941570073,unknown,True,,True,,False,,15435.1806640625,True,uncalibrated_dynamic,False,0.0,0.0,kivi_4bit_residual64,0.0,,risk_evidence_insufficient,0.0,uncalibrated_dynamic,300.48747500404716,,,,hybrid-session-006-turn-3,6.188232421875,0.0,6.188232421875,0.0,0.0,/DATACENTER3/zhenxiang.wang/work/TailGuardKV/.worktrees/baseline-smoke-final-aggregation/out/full_25session_baseline_9_14/full/policy_attempts/full40_20260916_h2o_static_safe/seed20260906,True,point_prediction_eligible,hybrid-session-006,qa,301.1911411304027,3,risk_evidence_insufficient,20260906
kivi_4bit_residual64,13.0,0.1,False,False,online_qwen,False,8.0,/DATACENTER3/zhenxiang.wang/work/TailGuardKV/.worktrees/baseline-smoke-final-aggregation/out/full_25session_baseline_9_14/full/policy_attempts/full40_20260916_h2o_static_safe/seed20260906/config.yaml,,,,,0.1,True,,0.1,,0,False,kivi_4bit_residual64,True,,balanced_two_gpu,1,persistent,28388.283667853102,25574,32592.94410282746,,80.0,29.437255859375,5.596923828125,5.596923828125,5.596923828125,2087.8462300170213,unknown,True,,True,,False,,15366.60595703125,True,uncalibrated_dynamic,False,0.0,0.0,kivi_4bit_residual64,0.0,,risk_evidence_insufficient,0.0,uncalibrated_dynamic,228.73502084985375,,,,hybrid-session-009-turn-3,5.596923828125,0.0,5.596923828125,0.0,0.0,/DATACENTER3/zhenxiang.wang/work/TailGuardKV/.worktrees/baseline-smoke-final-aggregation/out/full_25session_baseline_9_14/full/policy_attempts/full40_20260916_h2o_static_safe/seed20260906,True,point_prediction_eligible,hybrid-session-009,summary,229.47900998406112,3,risk_evidence_insufficient,20260906
kivi_4bit_residual64,13.0,0.1,False,False,online_qwen,False,8.0,/DATACENTER3/zhenxiang.wang/work/TailGuardKV/.worktrees/baseline-smoke-final-aggregation/out/full_25session_baseline_9_14/full/policy_attempts/full40_20260916_h2o_static_safe/seed20260906/config.yaml,,,,,0.1,True,,0.1,,0,False,kivi_4bit_residual64,True,,balanced_two_gpu,1,persistent,28388.283667853102,25574,32592.94410282746,,80.0,35.500732421875,6.0634765625,6.0634765625,6.0634765625,2217.6404029596597,unknown,True,,True,,False,,15392.52490234375,True,uncalibrated_dynamic,False,0.0,0.0,kivi_4bit_residual64,0.0,,risk_evidence_insufficient,0.0,uncalibrated_dynamic,254.1688489727676,,,,hybrid-session-010-turn-3,6.0634765625,0.0,6.0634765625,0.0,0.0,/DATACENTER3/zhenxiang.wang/work/TailGuardKV/.worktrees/baseline-smoke-final-aggregation/out/full_25session_baseline_9_14/full/policy_attempts/full40_20260916_h2o_static_safe/seed20260906,True,point_prediction_eligible,hybrid-session-010,qa,254.7829980030656,3,risk_evidence_insufficient,20260906
kivi_4bit_residual64,13.0,0.1,False,False,online_qwen,False,8.0,/DATACENTER3/zhenxiang.wang/work/TailGuardKV/.worktrees/baseline-smoke-final-aggregation/out/full_25session_baseline_9_14/full/policy_attempts/full40_20260916_h2o_static_safe/seed20260906/config.yaml,,,,,0.1,True,,0.1,,0,False,kivi_4bit_residual64,True,,balanced_two_gpu,1,persistent,28388.283667853102,25574,32592.94410282746,,80.0,41.277099609375,5.7763671875,5.7763671875,5.7763671875,2333.270584931597,unknown,True,,True,,False,,15386.82861328125,True,uncalibrated_dynamic,False,0.0,0.0,kivi_4bit_residual64,0.0,,risk_evidence_insufficient,0.0,uncalibrated_dynamic,246.8033479526639,,,,hybrid-session-013-turn-3,5.7763671875,0.0,5.7763671875,0.0,0.0,/DATACENTER3/zhenxiang.wang/work/TailGuardKV/.worktrees/baseline-smoke-final-aggregation/out/full_25session_baseline_9_14/full/policy_attempts/full40_20260916_h2o_static_safe/seed20260906,True,point_prediction_eligible,hybrid-session-013,summary,247.53475794568658,3,risk_evidence_insufficient,20260906
kivi_4bit_residual64,13.0,0.1,False,False,online_qwen,False,8.0,/DATACENTER3/zhenxiang.wang/work/TailGuardKV/.worktrees/baseline-smoke-final-aggregation/out/full_25session_baseline_9_14/full/policy_attempts/full40_20260916_h2o_static_safe/seed20260906/config.yaml,,,,,0.1,True,,0.1,,0,False,kivi_4bit_residual64,True,,balanced_two_gpu,1,persistent,28388.283667853102,25574,32592.94410282746,,80.0,47.1611328125,5.884033203125,5.884033203125,5.884033203125,2115.6929510179907,unknown,True,,True,,False,,15395.96923828125,True,uncalibrated_dynamic,False,0.0,0.0,kivi_4bit_residual64,0.0,,risk_evidence_insufficient,0.0,uncalibrated_dynamic,242.83894198015332,,,,hybrid-session-016-turn-3,5.884033203125,0.0,5.884033203125,0.0,0.0,/DATACENTER3/zhenxiang.wang/work/TailGuardKV/.worktrees/baseline-smoke-final-aggregation/out/full_25session_baseline_9_14/full/policy_attempts/full40_20260916_h2o_static_safe/seed20260906,True,point_prediction_eligible,hybrid-session-016,qa,243.52724198251963,3,risk_evidence_insufficient,20260906
kivi_4bit_residual64,13.0,0.1,False,False,online_qwen,False,8.0,/DATACENTER3/zhenxiang.wang/work/TailGuardKV/.worktrees/baseline-smoke-final-aggregation/out/full_25session_baseline_9_14/full/policy_attempts/full40_20260916_h2o_static_safe/seed20260906/config.yaml,,,,,0.1,True,,0.1,,0,False,kivi_4bit_residual64,True,,balanced_two_gpu,1,persistent,28388.283667853102,25574,32592.94410282746,,80.0,53.58349609375,6.42236328125,6.42236328125,6.42236328125,2119.6217290125787,unknown,True,,True,,False,,15425.16943359375,True,uncalibrated_dynamic,False,0.0,0.0,kivi_4bit_residual64,0.0,,risk_evidence_insufficient,0.0,uncalibrated_dynamic,246.2967219762504,,,,hybrid-session-020-turn-3,6.42236328125,0.0,6.42236328125,0.0,0.0,/DATACENTER3/zhenxiang.wang/work/TailGuardKV/.worktrees/baseline-smoke-final-aggregation/out/full_25session_baseline_9_14/full/policy_attempts/full40_20260916_h2o_static_safe/seed20260906,True,point_prediction_eligible,hybrid-session-020,qa,246.96982698515058,3,risk_evidence_insufficient,20260906
kivi_4bit_residual64,13.0,0.1,False,False,online_qwen,False,8.0,/DATACENTER3/zhenxiang.wang/work/TailGuardKV/.worktrees/baseline-smoke-final-aggregation/out/full_25session_baseline_9_14/full/policy_attempts/full40_20260916_h2o_static_safe/seed20260906/config.yaml,,,,,0.1,True,,0.1,,0,False,kivi_4bit_residual64,True,,balanced_two_gpu,1,persistent,28388.283667853102,25574,32592.94410282746,,80.0,59.16162109375,5.578125,5.578125,5.578125,2140.291759977117,unknown,True,,True,,False,,15446.47998046875,True,uncalibrated_dynamic,False,0.0,0.0,kivi_4bit_residual64,0.0,,risk_evidence_insufficient,0.0,uncalibrated_dynamic,246.25567719340324,,,,hybrid-session-021-turn-3,5.578125,0.0,5.578125,0.0,0.0,/DATACENTER3/zhenxiang.wang/work/TailGuardKV/.worktrees/baseline-smoke-final-aggregation/out/full_25session_baseline_9_14/full/policy_attempts/full40_20260916_h2o_static_safe/seed20260906,True,point_prediction_eligible,hybrid-session-021,summary,246.9153089914471,3,risk_evidence_insufficient,20260906
kivi_4bit_residual64,13.0,0.1,False,False,online_qwen,False,7.0,/DATACENTER3/zhenxiang.wang/work/TailGuardKV/.worktrees/baseline-smoke-final-aggregation/out/full_25session_baseline_9_14/full/policy_attempts/full40_20260916_h2o_static_safe/seed20260906/config.yaml,,,,,0.1,True,,0.1,,0,False,kivi_4bit_residual64,True,,balanced_two_gpu,1,persistent,28388.283667853102,25574,32592.94410282746,,80.0,65.009765625,5.84814453125,5.84814453125,5.84814453125,2104.30591693148,unknown,True,,True,,False,,15412.40966796875,True,uncalibrated_dynamic,True,0.0,0.0,kivi_4bit_residual64,0.0,,risk_evidence_insufficient,0.0,uncalibrated_dynamic,242.16490099206567,,,,hybrid-session-025-turn-3,5.84814453125,0.0,5.84814453125,0.0,0.0,/DATACENTER3/zhenxiang.wang/work/TailGuardKV/.worktrees/baseline-smoke-final-aggregation/out/full_25session_baseline_9_14/full/policy_attempts/full40_20260916_h2o_static_safe/seed20260906,True,point_prediction_eligible,hybrid-session-025,summary,242.86006903275847,3,risk_evidence_insufficient,20260906
kivi_4bit_residual64,13.0,0.1,False,False,online_qwen,False,8.0,/DATACENTER3/zhenxiang.wang/work/TailGuardKV/.worktrees/baseline-smoke-final-aggregation/out/full_25session_baseline_9_14/full/policy_attempts/full40_20260916_h2o_static_safe/seed20260906/config.yaml,,,,,0.1,True,,0.1,,0,False,kivi_4bit_residual64,True,,balanced_two_gpu,1,persistent,28388.283667853102,25574,32592.94410282746,,80.0,12.771240234375,6.044677734375,6.044677734375,6.044677734375,2732.2566530201584,unknown,True,,True,,False,,15418.74462890625,True,uncalibrated_dynamic,False,0.0,0.0,kivi_4bit_residual64,0.0,,risk_evidence_insufficient,0.0,uncalibrated_dynamic,289.45779986679554,,,,hybrid-session-003-turn-4,6.044677734375,0.0,6.044677734375,0.0,0.0,/DATACENTER3/zhenxiang.wang/work/TailGuardKV/.worktrees/baseline-smoke-final-aggregation/out/full_25session_baseline_9_14/full/policy_attempts/full40_20260916_h2o_static_safe/seed20260906,True,point_prediction_eligible,hybrid-session-003,summary,290.29585397802293,4,risk_evidence_insufficient,20260906
kivi_4bit_residual64,13.0,0.1,False,False,online_qwen,False,8.0,/DATACENTER3/zhenxiang.wang/work/TailGuardKV/.worktrees/baseline-smoke-final-aggregation/out/full_25session_baseline_9_14/full/policy_attempts/full40_20260916_h2o_static_safe/seed20260906/config.yaml,,,,,0.1,True,,0.1,,0,False,kivi_4bit_residual64,True,,balanced_two_gpu,1,persistent,28388.283667853102,25574,32592.94410282746,,80.0,19.1748046875,6.403564453125,6.403564453125,6.403564453125,2502.7546959463507,unknown,True,,True,,False,,15438.4716796875,True,uncalibrated_dynamic,False,0.0,0.0,kivi_4bit_residual64,0.0,,risk_evidence_insufficient,0.0,uncalibrated_dynamic,323.22915690019727,,,,hybrid-session-004-turn-4,6.403564453125,0.0,6.403564453125,0.0,0.0,/DATACENTER3/zhenxiang.wang/work/TailGuardKV/.worktrees/baseline-smoke-final-aggregation/out/full_25session_baseline_9_14/full/policy_attempts/full40_20260916_h2o_static_safe/seed20260906,True,point_prediction_eligible,hybrid-session-004,qa,324.1723880637437,4,risk_evidence_insufficient,20260906
kivi_4bit_residual64,13.0,0.1,False,False,online_qwen,False,8.0,/DATACENTER3/zhenxiang.wang/work/TailGuardKV/.worktrees/baseline-smoke-final-aggregation/out/full_25session_baseline_9_14/full/policy_attempts/full40_20260916_h2o_static_safe/seed20260906/config.yaml,,,,,0.1,True,,0.1,,0,False,kivi_4bit_residual64,True,,balanced_two_gpu,1,persistent,28388.283667853102,25574,32592.94410282746,,80.0,25.25537109375,6.08056640625,6.08056640625,6.08056640625,2730.4734440986067,unknown,True,,True,,False,,15432.69384765625,True,uncalibrated_dynamic,False,0.0,0.0,kivi_4bit_residual64,0.0,,risk_evidence_insufficient,0.0,uncalibrated_dynamic,274.78602598421276,,,,hybrid-session-005-turn-4,6.08056640625,0.0,6.08056640625,0.0,0.0,/DATACENTER3/zhenxiang.wang/work/TailGuardKV/.worktrees/baseline-smoke-final-aggregation/out/full_25session_baseline_9_14/full/policy_attempts/full40_20260916_h2o_static_safe/seed20260906,True,point_prediction_eligible,hybrid-session-005,summary,275.76605998910964,4,risk_evidence_insufficient,20260906
kivi_4bit_residual64,13.0,0.1,False,False,online_qwen,False,8.0,/DATACENTER3/zhenxiang.wang/work/TailGuardKV/.worktrees/baseline-smoke-final-aggregation/out/full_25session_baseline_9_14/full/policy_attempts/full40_20260916_h2o_static_safe/seed20260906/config.yaml,,,,,0.1,True,,0.1,,0,False,kivi_4bit_residual64,True,,balanced_two_gpu,1,persistent,28388.283667853102,25574,32592.94410282746,,80.0,32.950927734375,7.695556640625,7.695556640625,7.695556640625,2742.2308130189776,unknown,True,,True,,False,,15504.4736328125,True,uncalibrated_dynamic,False,0.0,0.0,kivi_4bit_residual64,0.0,,risk_evidence_insufficient,0.0,uncalibrated_dynamic,323.84396786801517,,,,hybrid-session-006-turn-4,7.695556640625,0.0,7.695556640625,0.0,0.0,/DATACENTER3/zhenxiang.wang/work/TailGuardKV/.worktrees/baseline-smoke-final-aggregation/out/full_25session_baseline_9_14/full/policy_attempts/full40_20260916_h2o_static_safe/seed20260906,True,point_prediction_eligible,hybrid-session-006,qa,324.7059569694102,4,risk_evidence_insufficient,20260906
kivi_4bit_residual64,13.0,0.1,True,False,online_qwen,False,8.0,/DATACENTER3/zhenxiang.wang/work/TailGuardKV/.worktrees/baseline-smoke-final-aggregation/out/full_25session_baseline_9_14/full/policy_attempts/full40_20260916_h2o_static_safe/seed20260906/config.yaml,,,,,0.1,True,,0.1,,0,False,kivi_4bit_residual64,True,,balanced_two_gpu,1,persistent,28388.283667853102,25574,32592.94410282746,,80.0,38.85205078125,5.901123046875,5.901123046875,5.901123046875,2554.3053690344095,unknown,True,,True,,False,,15439.08447265625,True,uncalibrated_dynamic,False,0.0,0.0,kivi_4bit_residual64,0.0,,risk_evidence_insufficient,0.0,uncalibrated_dynamic,282.26071083918214,,,,hybrid-session-009-turn-4,5.901123046875,0.0,5.901123046875,0.0,0.0,/DATACENTER3/zhenxiang.wang/work/TailGuardKV/.worktrees/baseline-smoke-final-aggregation/out/full_25session_baseline_9_14/full/policy_attempts/full40_20260916_h2o_static_safe/seed20260906,True,point_prediction_eligible,hybrid-session-009,summary,283.2995520438999,4,risk_evidence_insufficient,20260906
kivi_4bit_residual64,13.0,0.1,False,False,online_qwen,False,8.0,/DATACENTER3/zhenxiang.wang/work/TailGuardKV/.worktrees/baseline-smoke-final-aggregation/out/full_25session_baseline_9_14/full/policy_attempts/full40_20260916_h2o_static_safe/seed20260906/config.yaml,,,,,0.1,True,,0.1,,0,False,kivi_4bit_residual64,True,,balanced_two_gpu,1,persistent,28388.283667853102,25574,32592.94410282746,,80.0,45.2197265625,6.36767578125,6.36767578125,6.36767578125,2752.6445870753378,unknown,True,,True,,False,,15463.12890625,True,uncalibrated_dynamic,False,0.0,0.0,kivi_4bit_residual64,0.0,,risk_evidence_insufficient,0.0,uncalibrated_dynamic,314.20461111702025,,,,hybrid-session-010-turn-4,6.36767578125,0.0,6.36767578125,0.0,0.0,/DATACENTER3/zhenxiang.wang/work/TailGuardKV/.worktrees/baseline-smoke-final-aggregation/out/full_25session_baseline_9_14/full/policy_attempts/full40_20260916_h2o_static_safe/seed20260906,True,point_prediction_eligible,hybrid-session-010,qa,315.06220903247595,4,risk_evidence_insufficient,20260906
kivi_4bit_residual64,13.0,0.1,True,False,online_qwen,False,8.0,/DATACENTER3/zhenxiang.wang/work/TailGuardKV/.worktrees/baseline-smoke-final-aggregation/out/full_25session_baseline_9_14/full/policy_attempts/full40_20260916_h2o_static_safe/seed20260906/config.yaml,,,,,0.1,True,,0.1,,0,False,kivi_4bit_residual64,True,,balanced_two_gpu,1,persistent,28388.283667853102,25574,32592.94410282746,,80.0,51.30029296875,6.08056640625,6.08056640625,6.08056640625,2707.0296527817845,unknown,True,,True,,False,,15458.79345703125,True,uncalibrated_dynamic,False,0.0,0.0,kivi_4bit_residual64,0.0,,risk_evidence_insufficient,0.0,uncalibrated_dynamic,260.8934680465609,,,,hybrid-session-013-turn-4,6.08056640625,0.0,6.08056640625,0.0,0.0,/DATACENTER3/zhenxiang.wang/work/TailGuardKV/.worktrees/baseline-smoke-final-aggregation/out/full_25session_baseline_9_14/full/policy_attempts/full40_20260916_h2o_static_safe/seed20260906,True,point_prediction_eligible,hybrid-session-013,summary,261.69732096605003,4,risk_evidence_insufficient,20260906
kivi_4bit_residual64,13.0,0.1,False,False,online_qwen,False,8.0,/DATACENTER3/zhenxiang.wang/work/TailGuardKV/.worktrees/baseline-smoke-final-aggregation/out/full_25session_baseline_9_14/full/policy_attempts/full40_20260916_h2o_static_safe/seed20260906/config.yaml,,,,,0.1,True,,0.1,,0,False,kivi_4bit_residual64,True,,balanced_two_gpu,1,persistent,28388.283667853102,25574,32592.94410282746,,80.0,57.45263671875,6.15234375,6.15234375,6.15234375,2193.815286969766,unknown,True,,True,,False,,15473.6728515625,True,uncalibrated_dynamic,False,0.0,0.0,kivi_4bit_residual64,0.0,,risk_evidence_insufficient,0.0,uncalibrated_dynamic,321.97201112285256,,,,hybrid-session-016-turn-4,6.15234375,0.0,6.15234375,0.0,0.0,/DATACENTER3/zhenxiang.wang/work/TailGuardKV/.worktrees/baseline-smoke-final-aggregation/out/full_25session_baseline_9_14/full/policy_attempts/full40_20260916_h2o_static_safe/seed20260906,True,point_prediction_eligible,hybrid-session-016,qa,322.7643109858036,4,risk_evidence_insufficient,20260906
kivi_4bit_residual64,13.0,0.1,False,False,online_qwen,False,7.0,/DATACENTER3/zhenxiang.wang/work/TailGuardKV/.worktrees/baseline-smoke-final-aggregation/out/full_25session_baseline_9_14/full/policy_attempts/full40_20260916_h2o_static_safe/seed20260906/config.yaml,,,,,0.1,True,,0.1,,0,False,kivi_4bit_residual64,True,,balanced_two_gpu,1,persistent,28388.283667853102,25574,32592.94410282746,,80.0,64.17919921875,6.7265625,6.7265625,6.7265625,2732.0021979976445,unknown,True,,True,,False,,15497.4404296875,True,uncalibrated_dynamic,True,0.0,0.0,kivi_4bit_residual64,0.0,,risk_evidence_insufficient,0.0,uncalibrated_dynamic,306.81479116901755,,,,hybrid-session-020-turn-4,6.7265625,0.0,6.7265625,0.0,0.0,/DATACENTER3/zhenxiang.wang/work/TailGuardKV/.worktrees/baseline-smoke-final-aggregation/out/full_25session_baseline_9_14/full/policy_attempts/full40_20260916_h2o_static_safe/seed20260906,True,point_prediction_eligible,hybrid-session-020,qa,307.6551950071007,4,risk_evidence_insufficient,20260906
kivi_4bit_residual64,13.0,0.1,False,False,online_qwen,False,5.0,/DATACENTER3/zhenxiang.wang/work/TailGuardKV/.worktrees/baseline-smoke-final-aggregation/out/full_25session_baseline_9_14/full/policy_attempts/full40_20260916_h2o_static_safe/seed20260906/config.yaml,,,,,0.1,True,,0.1,,0,False,kivi_4bit_residual64,True,,balanced_two_gpu,1,persistent,28388.283667853102,25574,32592.94410282746,,80.0,71.2646484375,7.08544921875,7.08544921875,7.08544921875,2630.0203090067953,unknown,True,,True,,False,,15518.19140625,True,uncalibrated_dynamic,True,0.0,0.0,kivi_4bit_residual64,0.0,,risk_evidence_insufficient,0.0,uncalibrated_dynamic,319.7785939555615,,,,hybrid-session-021-turn-4,7.08544921875,0.0,7.08544921875,0.0,0.0,/DATACENTER3/zhenxiang.wang/work/TailGuardKV/.worktrees/baseline-smoke-final-aggregation/out/full_25session_baseline_9_14/full/policy_attempts/full40_20260916_h2o_static_safe/seed20260906,True,point_prediction_eligible,hybrid-session-021,summary,320.59569493867457,4,risk_evidence_insufficient,20260906
