action_profile,active_session_count,audit_rate,audit_selected,backend_budget_hit,backend_name,budget_hit,candidate_safe_count,config,controller_cg_ms,controller_overhead_ms,controller_qrp_ms,controller_stc_ms,delta,diagnostic_only,drift_state,epsilon,error,evicted_kv_mib,exact,extra_warm_profile,extra_warm_profile_success,extra_worker_cuda_visible_devices,extra_worker_device_strategy,extra_worker_generation,extra_worker_mode,extra_worker_model_load_ms,extra_worker_pid,extra_worker_startup_ms,extra_worker_state_lost,fallback_reason,global_budget_mib,global_resident_kv_mib,kv_cache_memory_mib,kv_cumulative_mib,kv_incremental_mib,latency_ms,length_bucket,measured,observed_quality_loss,ok,optimality_gap,oracle,oracle_cost_ms,peak_memory_mib,placeholder,policy,policy_budget_filtered,pred_loss,predicted_quality_loss,primary_profile,quality_estimate,quality_loss,quality_status,queue_delay_ms,reason,recompute_ms,rejected_pred_loss,rejected_profile,rejected_risk_upper,request_id,resident_kv_mib_after,resident_kv_mib_before,resident_memory_mib,restore_ms,risk_upper,run_dir,safe,safety_reason,session_id,task,ttft_ms,turn_index,violation_status
full_gpu,2.0,0.1,False,False,online_qwen,False,,/DATACENTER3/zhenxiang.wang/work/TailGuardKV/.worktrees/baseline-smoke-final-aggregation/out/full_25session_baseline_9_14/full/policy_attempts/full40_20260916_h2o_static_safe/seed20260906/config.yaml,,,,,,True,,,,0,True,full_gpu,True,,balanced_two_gpu,1,persistent,27538.887507049367,52239,31511.620993958786,,,15.0,3.5546875,1.4765625,1.4765625,1.4765625,1526.0249469429255,unknown,True,,True,,False,,15055.19384765625,False,full_lru,False,,,full_gpu,,,risk_evidence_insufficient,0.0,full precision exact profile,0.0,,,,hybrid-session-003-turn-0,1.4765625,0.0,1.4765625,0.0,,/DATACENTER3/zhenxiang.wang/work/TailGuardKV/.worktrees/baseline-smoke-final-aggregation/out/full_25session_baseline_9_14/full/policy_attempts/full40_20260916_h2o_static_safe/seed20260906,,,hybrid-session-003,chat,99.16320093907416,0,risk_evidence_insufficient
full_gpu,3.0,0.1,False,False,online_qwen,False,,/DATACENTER3/zhenxiang.wang/work/TailGuardKV/.worktrees/baseline-smoke-final-aggregation/out/full_25session_baseline_9_14/full/policy_attempts/full40_20260916_h2o_static_safe/seed20260906/config.yaml,,,,,,True,,,,0,True,full_gpu,True,,balanced_two_gpu,1,persistent,27538.887507049367,52239,31511.620993958786,,,15.0,5.3046875,1.75,1.75,1.75,1524.2874620016664,unknown,True,,True,,False,,15063.70947265625,False,full_lru,False,,,full_gpu,,,risk_evidence_insufficient,0.0,full precision exact profile,0.0,,,,hybrid-session-004-turn-0,1.75,0.0,1.75,0.0,,/DATACENTER3/zhenxiang.wang/work/TailGuardKV/.worktrees/baseline-smoke-final-aggregation/out/full_25session_baseline_9_14/full/policy_attempts/full40_20260916_h2o_static_safe/seed20260906,,,hybrid-session-004,chat,99.08026992343366,0,risk_evidence_insufficient
full_gpu,4.0,0.1,False,False,online_qwen,False,,/DATACENTER3/zhenxiang.wang/work/TailGuardKV/.worktrees/baseline-smoke-final-aggregation/out/full_25session_baseline_9_14/full/policy_attempts/full40_20260916_h2o_static_safe/seed20260906/config.yaml,,,,,,True,,,,0,True,full_gpu,True,,balanced_two_gpu,1,persistent,27538.887507049367,52239,31511.620993958786,,,15.0,7.21875,1.9140625,1.9140625,1.9140625,1528.015153016895,unknown,True,,True,,False,,15070.26806640625,False,full_lru,False,,,full_gpu,,,risk_evidence_insufficient,0.0,full precision exact profile,0.0,,,,hybrid-session-005-turn-0,1.9140625,0.0,1.9140625,0.0,,/DATACENTER3/zhenxiang.wang/work/TailGuardKV/.worktrees/baseline-smoke-final-aggregation/out/full_25session_baseline_9_14/full/policy_attempts/full40_20260916_h2o_static_safe/seed20260906,,,hybrid-session-005,chat,104.96957413852215,0,risk_evidence_insufficient
full_gpu,5.0,0.1,False,False,online_qwen,False,,/DATACENTER3/zhenxiang.wang/work/TailGuardKV/.worktrees/baseline-smoke-final-aggregation/out/full_25session_baseline_9_14/full/policy_attempts/full40_20260916_h2o_static_safe/seed20260906/config.yaml,,,,,,True,,,,0,True,full_gpu,True,,balanced_two_gpu,1,persistent,27538.887507049367,52239,31511.620993958786,,,15.0,9.84375,2.625,2.625,2.625,1530.15877911821,unknown,True,,True,,False,,15093.27587890625,False,full_lru,False,,,full_gpu,,,risk_evidence_insufficient,0.0,full precision exact profile,0.0,,,,hybrid-session-006-turn-0,2.625,0.0,2.625,0.0,,/DATACENTER3/zhenxiang.wang/work/TailGuardKV/.worktrees/baseline-smoke-final-aggregation/out/full_25session_baseline_9_14/full/policy_attempts/full40_20260916_h2o_static_safe/seed20260906,,,hybrid-session-006,chat,118.83565504103899,0,risk_evidence_insufficient
full_gpu,6.0,0.1,False,False,online_qwen,False,,/DATACENTER3/zhenxiang.wang/work/TailGuardKV/.worktrees/baseline-smoke-final-aggregation/out/full_25session_baseline_9_14/full/policy_attempts/full40_20260916_h2o_static_safe/seed20260906/config.yaml,,,,,,True,,,,0,True,full_gpu,True,,balanced_two_gpu,1,persistent,27538.887507049367,52239,31511.620993958786,,,15.0,11.5390625,1.6953125,1.6953125,1.6953125,1540.6820049975067,unknown,True,,True,,False,,15068.48681640625,False,full_lru,False,,,full_gpu,,,risk_evidence_insufficient,0.0,full precision exact profile,0.0,,,,hybrid-session-009-turn-0,1.6953125,0.0,1.6953125,0.0,,/DATACENTER3/zhenxiang.wang/work/TailGuardKV/.worktrees/baseline-smoke-final-aggregation/out/full_25session_baseline_9_14/full/policy_attempts/full40_20260916_h2o_static_safe/seed20260906,,,hybrid-session-009,chat,95.91068583540618,0,risk_evidence_insufficient
full_gpu,7.0,0.1,False,False,online_qwen,False,,/DATACENTER3/zhenxiang.wang/work/TailGuardKV/.worktrees/baseline-smoke-final-aggregation/out/full_25session_baseline_9_14/full/policy_attempts/full40_20260916_h2o_static_safe/seed20260906/config.yaml,,,,,,True,,,,0,True,full_gpu,True,,balanced_two_gpu,1,persistent,27538.887507049367,52239,31511.620993958786,,,15.0,13.0703125,1.53125,1.53125,1.53125,1538.893197895959,unknown,True,,True,,False,,15065.87646484375,False,full_lru,False,,,full_gpu,,,risk_evidence_insufficient,0.0,full precision exact profile,0.0,,,,hybrid-session-010-turn-0,1.53125,0.0,1.53125,0.0,,/DATACENTER3/zhenxiang.wang/work/TailGuardKV/.worktrees/baseline-smoke-final-aggregation/out/full_25session_baseline_9_14/full/policy_attempts/full40_20260916_h2o_static_safe/seed20260906,,,hybrid-session-010,chat,104.77068298496306,0,risk_evidence_insufficient
full_gpu,8.0,0.1,False,False,online_qwen,False,,/DATACENTER3/zhenxiang.wang/work/TailGuardKV/.worktrees/baseline-smoke-final-aggregation/out/full_25session_baseline_9_14/full/policy_attempts/full40_20260916_h2o_static_safe/seed20260906/config.yaml,,,,,,True,,,,0,True,full_gpu,True,,balanced_two_gpu,1,persistent,27538.887507049367,52239,31511.620993958786,,,15.0,14.875,1.8046875,1.8046875,1.8046875,1533.0992371309549,unknown,True,,True,,False,,15074.73681640625,False,full_lru,False,,,full_gpu,,,risk_evidence_insufficient,0.0,full precision exact profile,0.0,,,,hybrid-session-013-turn-0,1.8046875,0.0,1.8046875,0.0,,/DATACENTER3/zhenxiang.wang/work/TailGuardKV/.worktrees/baseline-smoke-final-aggregation/out/full_25session_baseline_9_14/full/policy_attempts/full40_20260916_h2o_static_safe/seed20260906,,,hybrid-session-013,chat,112.5100520439446,0,risk_evidence_insufficient
full_gpu,9.0,0.1,False,True,online_qwen,True,,/DATACENTER3/zhenxiang.wang/work/TailGuardKV/.worktrees/baseline-smoke-final-aggregation/out/full_25session_baseline_9_14/full/policy_attempts/full40_20260916_h2o_static_safe/seed20260906/config.yaml,,,,,,True,,,,3.5546875,True,full_gpu,True,,balanced_two_gpu,1,persistent,27538.887507049367,52239,31511.620993958786,,,15.0,13.9453125,2.625,2.625,2.625,1541.855480056256,unknown,True,,True,,False,,15100.93212890625,False,full_lru,False,,,full_gpu,,,risk_evidence_insufficient,0.0,full precision exact profile,0.0,,,,hybrid-session-016-turn-0,2.625,0.0,2.625,0.0,,/DATACENTER3/zhenxiang.wang/work/TailGuardKV/.worktrees/baseline-smoke-final-aggregation/out/full_25session_baseline_9_14/full/policy_attempts/full40_20260916_h2o_static_safe/seed20260906,,,hybrid-session-016,chat,105.98070989362895,0,risk_evidence_insufficient
full_gpu,10.0,0.1,False,True,online_qwen,True,,/DATACENTER3/zhenxiang.wang/work/TailGuardKV/.worktrees/baseline-smoke-final-aggregation/out/full_25session_baseline_9_14/full/policy_attempts/full40_20260916_h2o_static_safe/seed20260906/config.yaml,,,,,,True,,,,1.75,True,full_gpu,True,,balanced_two_gpu,1,persistent,27538.887507049367,52239,31511.620993958786,,,15.0,14.6015625,2.40625,2.40625,2.40625,1532.1217011660337,unknown,True,,True,,False,,15092.24072265625,False,full_lru,False,,,full_gpu,,,risk_evidence_insufficient,0.0,full precision exact profile,0.0,,,,hybrid-session-020-turn-0,2.40625,0.0,2.40625,0.0,,/DATACENTER3/zhenxiang.wang/work/TailGuardKV/.worktrees/baseline-smoke-final-aggregation/out/full_25session_baseline_9_14/full/policy_attempts/full40_20260916_h2o_static_safe/seed20260906,,,hybrid-session-020,chat,106.12691822461784,0,risk_evidence_insufficient
full_gpu,11.0,0.1,False,True,online_qwen,True,,/DATACENTER3/zhenxiang.wang/work/TailGuardKV/.worktrees/baseline-smoke-final-aggregation/out/full_25session_baseline_9_14/full/policy_attempts/full40_20260916_h2o_static_safe/seed20260906/config.yaml,,,,,,True,,,,1.9140625,True,full_gpu,True,,balanced_two_gpu,1,persistent,27538.887507049367,52239,31511.620993958786,,,15.0,14.984375,2.296875,2.296875,2.296875,1539.682324975729,unknown,True,,True,,False,,15090.54931640625,False,full_lru,False,,,full_gpu,,,risk_evidence_insufficient,0.0,full precision exact profile,0.0,,,,hybrid-session-021-turn-0,2.296875,0.0,2.296875,0.0,,/DATACENTER3/zhenxiang.wang/work/TailGuardKV/.worktrees/baseline-smoke-final-aggregation/out/full_25session_baseline_9_14/full/policy_attempts/full40_20260916_h2o_static_safe/seed20260906,,,hybrid-session-021,chat,111.3846970256418,0,risk_evidence_insufficient
full_gpu,12.0,0.1,False,True,online_qwen,True,,/DATACENTER3/zhenxiang.wang/work/TailGuardKV/.worktrees/baseline-smoke-final-aggregation/out/full_25session_baseline_9_14/full/policy_attempts/full40_20260916_h2o_static_safe/seed20260906/config.yaml,,,,,,True,,,,2.625,True,full_gpu,True,,balanced_two_gpu,1,persistent,27538.887507049367,52239,31511.620993958786,,,15.0,14.328125,1.96875,1.96875,1.96875,1546.647921903059,unknown,True,,True,,False,,15081.18603515625,False,full_lru,False,,,full_gpu,,,risk_evidence_insufficient,0.0,full precision exact profile,0.0,,,,hybrid-session-025-turn-0,1.96875,0.0,1.96875,0.0,,/DATACENTER3/zhenxiang.wang/work/TailGuardKV/.worktrees/baseline-smoke-final-aggregation/out/full_25session_baseline_9_14/full/policy_attempts/full40_20260916_h2o_static_safe/seed20260906,,,hybrid-session-025,chat,107.39351692609489,0,risk_evidence_insufficient
full_gpu,13.0,0.1,False,True,online_qwen,True,,/DATACENTER3/zhenxiang.wang/work/TailGuardKV/.worktrees/baseline-smoke-final-aggregation/out/full_25session_baseline_9_14/full/policy_attempts/full40_20260916_h2o_static_safe/seed20260906/config.yaml,,,,,,True,,,,1.6953125,True,full_gpu,True,,balanced_two_gpu,1,persistent,27538.887507049367,52239,31511.620993958786,,,15.0,14.8203125,2.1875,2.1875,2.1875,1549.2351551074535,unknown,True,,True,,False,,15086.57666015625,False,full_lru,False,,,full_gpu,,,risk_evidence_insufficient,0.0,full precision exact profile,0.0,,,,hybrid-session-026-turn-0,2.1875,0.0,2.1875,0.0,,/DATACENTER3/zhenxiang.wang/work/TailGuardKV/.worktrees/baseline-smoke-final-aggregation/out/full_25session_baseline_9_14/full/policy_attempts/full40_20260916_h2o_static_safe/seed20260906,,,hybrid-session-026,chat,107.90759301744401,0,risk_evidence_insufficient
full_gpu,13.0,0.1,False,True,online_qwen,True,,/DATACENTER3/zhenxiang.wang/work/TailGuardKV/.worktrees/baseline-smoke-final-aggregation/out/full_25session_baseline_9_14/full/policy_attempts/full40_20260916_h2o_static_safe/seed20260906/config.yaml,,,,,,True,,,,3.3359375,True,full_gpu,True,,balanced_two_gpu,1,persistent,27538.887507049367,52239,31511.620993958786,,,15.0,14.9296875,3.4453125,3.4453125,3.4453125,1550.527426879853,unknown,True,,True,,False,,15122.22900390625,False,full_lru,False,,,full_gpu,,,risk_evidence_insufficient,0.0,full precision exact profile,115.59158004820347,,,,hybrid-session-002-turn-1,3.4453125,0.0,3.4453125,0.0,,/DATACENTER3/zhenxiang.wang/work/TailGuardKV/.worktrees/baseline-smoke-final-aggregation/out/full_25session_baseline_9_14/full/policy_attempts/full40_20260916_h2o_static_safe/seed20260906,,,hybrid-session-002,chat,116.4445630274713,1,risk_evidence_insufficient
full_gpu,13.0,0.1,True,True,online_qwen,True,,/DATACENTER3/zhenxiang.wang/work/TailGuardKV/.worktrees/baseline-smoke-final-aggregation/out/full_25session_baseline_9_14/full/policy_attempts/full40_20260916_h2o_static_safe/seed20260906/config.yaml,,,,,,True,,,,2.625,True,full_gpu,True,,balanced_two_gpu,1,persistent,27538.887507049367,52239,31511.620993958786,,,15.0,14.9296875,2.625,2.625,2.625,1545.5803340300918,unknown,True,0.0,True,,False,,15100.98681640625,False,full_lru,False,,,full_gpu,,,risk_evidence_insufficient,0.0,full precision exact profile,106.05671699158847,,,,hybrid-session-003-turn-1,2.625,0.0,2.625,0.0,,/DATACENTER3/zhenxiang.wang/work/TailGuardKV/.worktrees/baseline-smoke-final-aggregation/out/full_25session_baseline_9_14/full/policy_attempts/full40_20260916_h2o_static_safe/seed20260906,,,hybrid-session-003,chat,106.87642800621688,1,risk_evidence_insufficient
full_gpu,13.0,0.1,False,True,online_qwen,True,,/DATACENTER3/zhenxiang.wang/work/TailGuardKV/.worktrees/baseline-smoke-final-aggregation/out/full_25session_baseline_9_14/full/policy_attempts/full40_20260916_h2o_static_safe/seed20260906/config.yaml,,,,,,True,,,,6.671875,True,full_gpu,True,,balanced_two_gpu,1,persistent,27538.887507049367,52239,31511.620993958786,,,15.0,13.2890625,5.03125,5.03125,5.03125,1456.3153679482639,unknown,True,,True,,False,,15165.8740234375,False,full_lru,False,,,full_gpu,,,risk_evidence_insufficient,0.0,full precision exact profile,111.49876308627427,,,,hybrid-session-004-turn-1,5.03125,0.0,5.03125,0.0,,/DATACENTER3/zhenxiang.wang/work/TailGuardKV/.worktrees/baseline-smoke-final-aggregation/out/full_25session_baseline_9_14/full/policy_attempts/full40_20260916_h2o_static_safe/seed20260906,,,hybrid-session-004,chat,112.26606601849198,1,risk_evidence_insufficient
full_gpu,13.0,0.1,False,True,online_qwen,True,,/DATACENTER3/zhenxiang.wang/work/TailGuardKV/.worktrees/baseline-smoke-final-aggregation/out/full_25session_baseline_9_14/full/policy_attempts/full40_20260916_h2o_static_safe/seed20260906/config.yaml,,,,,,True,,,,5.6328125,True,full_gpu,True,,balanced_two_gpu,1,persistent,27538.887507049367,52239,31511.620993958786,,,15.0,11.59375,3.9375,3.9375,3.9375,1294.3904080893844,unknown,True,,True,,False,,15135.78369140625,False,full_lru,False,,,full_gpu,,,risk_evidence_insufficient,0.0,full precision exact profile,108.84105693548918,,,,hybrid-session-005-turn-1,3.9375,0.0,3.9375,0.0,,/DATACENTER3/zhenxiang.wang/work/TailGuardKV/.worktrees/baseline-smoke-final-aggregation/out/full_25session_baseline_9_14/full/policy_attempts/full40_20260916_h2o_static_safe/seed20260906,,,hybrid-session-005,chat,109.69006014056504,1,risk_evidence_insufficient
full_gpu,13.0,0.1,False,True,online_qwen,True,,/DATACENTER3/zhenxiang.wang/work/TailGuardKV/.worktrees/baseline-smoke-final-aggregation/out/full_25session_baseline_9_14/full/policy_attempts/full40_20260916_h2o_static_safe/seed20260906/config.yaml,,,,,,True,,,,2.625,True,full_gpu,True,,balanced_two_gpu,1,persistent,27538.887507049367,52239,31511.620993958786,,,15.0,14.2734375,5.3046875,5.3046875,5.3046875,1547.2156389150769,unknown,True,,True,,False,,15171.25,False,full_lru,False,,,full_gpu,,,risk_evidence_insufficient,0.0,full precision exact profile,119.90354303270578,,,,hybrid-session-006-turn-1,5.3046875,0.0,5.3046875,0.0,,/DATACENTER3/zhenxiang.wang/work/TailGuardKV/.worktrees/baseline-smoke-final-aggregation/out/full_25session_baseline_9_14/full/policy_attempts/full40_20260916_h2o_static_safe/seed20260906,,,hybrid-session-006,chat,120.61083782464266,1,risk_evidence_insufficient
full_gpu,13.0,0.1,False,True,online_qwen,True,,/DATACENTER3/zhenxiang.wang/work/TailGuardKV/.worktrees/baseline-smoke-final-aggregation/out/full_25session_baseline_9_14/full/policy_attempts/full40_20260916_h2o_static_safe/seed20260906/config.yaml,,,,,,True,,,,5.03125,True,full_gpu,True,,balanced_two_gpu,1,persistent,27538.887507049367,52239,31511.620993958786,,,15.0,12.359375,3.1171875,3.1171875,3.1171875,1547.3044060636312,unknown,True,,True,,False,,15112.22119140625,False,full_lru,False,,,full_gpu,,,risk_evidence_insufficient,0.0,full precision exact profile,100.57782288640738,,,,hybrid-session-009-turn-1,3.1171875,0.0,3.1171875,0.0,,/DATACENTER3/zhenxiang.wang/work/TailGuardKV/.worktrees/baseline-smoke-final-aggregation/out/full_25session_baseline_9_14/full/policy_attempts/full40_20260916_h2o_static_safe/seed20260906,,,hybrid-session-009,chat,101.3420931994915,1,risk_evidence_insufficient
full_gpu,13.0,0.1,False,True,online_qwen,True,,/DATACENTER3/zhenxiang.wang/work/TailGuardKV/.worktrees/baseline-smoke-final-aggregation/out/full_25session_baseline_9_14/full/policy_attempts/full40_20260916_h2o_static_safe/seed20260906/config.yaml,,,,,,True,,,,3.9375,True,full_gpu,True,,balanced_two_gpu,1,persistent,27538.887507049367,52239,31511.620993958786,,,15.0,11.3203125,2.8984375,2.8984375,2.8984375,1535.9730899799615,unknown,True,,True,,False,,15105.11376953125,False,full_lru,False,,,full_gpu,,,risk_evidence_insufficient,0.0,full precision exact profile,104.42256601527333,,,,hybrid-session-010-turn-1,2.8984375,0.0,2.8984375,0.0,,/DATACENTER3/zhenxiang.wang/work/TailGuardKV/.worktrees/baseline-smoke-final-aggregation/out/full_25session_baseline_9_14/full/policy_attempts/full40_20260916_h2o_static_safe/seed20260906,,,hybrid-session-010,chat,105.32005596905947,1,risk_evidence_insufficient
full_gpu,13.0,0.1,False,False,online_qwen,False,,/DATACENTER3/zhenxiang.wang/work/TailGuardKV/.worktrees/baseline-smoke-final-aggregation/out/full_25session_baseline_9_14/full/policy_attempts/full40_20260916_h2o_static_safe/seed20260906/config.yaml,,,,,,True,,,,0,True,full_gpu,True,,balanced_two_gpu,1,persistent,27538.887507049367,52239,31511.620993958786,,,15.0,14.4375,3.1171875,3.1171875,3.1171875,1529.7765219584107,unknown,True,,True,,False,,15109.26806640625,False,full_lru,False,,,full_gpu,,,risk_evidence_insufficient,0.0,full precision exact profile,103.86504512280226,,,,hybrid-session-013-turn-1,3.1171875,0.0,3.1171875,0.0,,/DATACENTER3/zhenxiang.wang/work/TailGuardKV/.worktrees/baseline-smoke-final-aggregation/out/full_25session_baseline_9_14/full/policy_attempts/full40_20260916_h2o_static_safe/seed20260906,,,hybrid-session-013,chat,104.78113987483084,1,risk_evidence_insufficient
full_gpu,13.0,0.1,False,True,online_qwen,True,,/DATACENTER3/zhenxiang.wang/work/TailGuardKV/.worktrees/baseline-smoke-final-aggregation/out/full_25session_baseline_9_14/full/policy_attempts/full40_20260916_h2o_static_safe/seed20260906/config.yaml,,,,,,True,,,,5.3046875,True,full_gpu,True,,balanced_two_gpu,1,persistent,27538.887507049367,52239,31511.620993958786,,,15.0,13.234375,4.1015625,4.1015625,4.1015625,1522.2398389596492,unknown,True,,True,,False,,15139.59619140625,False,full_lru,False,,,full_gpu,,,risk_evidence_insufficient,0.0,full precision exact profile,92.46890991926193,,,,hybrid-session-016-turn-1,4.1015625,0.0,4.1015625,0.0,,/DATACENTER3/zhenxiang.wang/work/TailGuardKV/.worktrees/baseline-smoke-final-aggregation/out/full_25session_baseline_9_14/full/policy_attempts/full40_20260916_h2o_static_safe/seed20260906,,,hybrid-session-016,chat,93.29601400531828,1,risk_evidence_insufficient
full_gpu,13.0,0.1,False,True,online_qwen,True,,/DATACENTER3/zhenxiang.wang/work/TailGuardKV/.worktrees/baseline-smoke-final-aggregation/out/full_25session_baseline_9_14/full/policy_attempts/full40_20260916_h2o_static_safe/seed20260906/config.yaml,,,,,,True,,,,3.1171875,True,full_gpu,True,,balanced_two_gpu,1,persistent,27538.887507049367,52239,31511.620993958786,,,15.0,14.0,3.8828125,3.8828125,3.8828125,1551.6337640583515,unknown,True,,True,,False,,15132.34619140625,False,full_lru,False,,,full_gpu,,,risk_evidence_insufficient,0.0,full precision exact profile,108.07039006613195,,,,hybrid-session-020-turn-1,3.8828125,0.0,3.8828125,0.0,,/DATACENTER3/zhenxiang.wang/work/TailGuardKV/.worktrees/baseline-smoke-final-aggregation/out/full_25session_baseline_9_14/full/policy_attempts/full40_20260916_h2o_static_safe/seed20260906,,,hybrid-session-020,chat,108.87700109742582,1,risk_evidence_insufficient
full_gpu,13.0,0.1,False,True,online_qwen,True,,/DATACENTER3/zhenxiang.wang/work/TailGuardKV/.worktrees/baseline-smoke-final-aggregation/out/full_25session_baseline_9_14/full/policy_attempts/full40_20260916_h2o_static_safe/seed20260906/config.yaml,,,,,,True,,,,6.015625,True,full_gpu,True,,balanced_two_gpu,1,persistent,27538.887507049367,52239,31511.620993958786,,,15.0,12.578125,4.59375,4.59375,4.59375,1537.4649609439075,unknown,True,,True,,False,,15152.76611328125,False,full_lru,False,,,full_gpu,,,risk_evidence_insufficient,0.0,full precision exact profile,113.55341412127018,,,,hybrid-session-021-turn-1,4.59375,0.0,4.59375,0.0,,/DATACENTER3/zhenxiang.wang/work/TailGuardKV/.worktrees/baseline-smoke-final-aggregation/out/full_25session_baseline_9_14/full/policy_attempts/full40_20260916_h2o_static_safe/seed20260906,,,hybrid-session-021,chat,114.30532904341817,1,risk_evidence_insufficient
full_gpu,13.0,0.1,False,True,online_qwen,True,,/DATACENTER3/zhenxiang.wang/work/TailGuardKV/.worktrees/baseline-smoke-final-aggregation/out/full_25session_baseline_9_14/full/policy_attempts/full40_20260916_h2o_static_safe/seed20260906/config.yaml,,,,,,True,,,,4.1015625,True,full_gpu,True,,balanced_two_gpu,1,persistent,27538.887507049367,52239,31511.620993958786,,,15.0,11.8125,3.3359375,3.3359375,3.3359375,1536.6474490147084,unknown,True,,True,,False,,15117.23095703125,False,full_lru,False,,,full_gpu,,,risk_evidence_insufficient,0.0,full precision exact profile,100.22471705451608,,,,hybrid-session-025-turn-1,3.3359375,0.0,3.3359375,0.0,,/DATACENTER3/zhenxiang.wang/work/TailGuardKV/.worktrees/baseline-smoke-final-aggregation/out/full_25session_baseline_9_14/full/policy_attempts/full40_20260916_h2o_static_safe/seed20260906,,,hybrid-session-025,chat,101.00970300845802,1,risk_evidence_insufficient
full_gpu,13.0,0.1,False,True,online_qwen,True,,/DATACENTER3/zhenxiang.wang/work/TailGuardKV/.worktrees/baseline-smoke-final-aggregation/out/full_25session_baseline_9_14/full/policy_attempts/full40_20260916_h2o_static_safe/seed20260906/config.yaml,,,,,,True,,,,3.8828125,True,full_gpu,True,,balanced_two_gpu,1,persistent,27538.887507049367,52239,31511.620993958786,,,15.0,12.6328125,4.703125,4.703125,4.703125,1359.1295201331377,unknown,True,,True,,False,,15155.23291015625,False,full_lru,False,,,full_gpu,,,risk_evidence_insufficient,0.0,full precision exact profile,118.64909715950489,,,,hybrid-session-026-turn-1,4.703125,0.0,4.703125,0.0,,/DATACENTER3/zhenxiang.wang/work/TailGuardKV/.worktrees/baseline-smoke-final-aggregation/out/full_25session_baseline_9_14/full/policy_attempts/full40_20260916_h2o_static_safe/seed20260906,,,hybrid-session-026,chat,119.44918218068779,1,risk_evidence_insufficient
full_gpu,13.0,0.1,True,True,online_qwen,True,,/DATACENTER3/zhenxiang.wang/work/TailGuardKV/.worktrees/baseline-smoke-final-aggregation/out/full_25session_baseline_9_14/full/policy_attempts/full40_20260916_h2o_static_safe/seed20260906/config.yaml,,,,,,True,,,,7.9296875,True,full_gpu,True,,balanced_two_gpu,1,persistent,27538.887507049367,52239,31511.620993958786,,,15.0,14.546875,9.84375,9.84375,9.84375,1574.18517395854,unknown,True,0.0,True,,False,,15299.65234375,False,full_lru,False,,,full_gpu,,,risk_evidence_insufficient,0.0,full precision exact profile,125.18277787603438,,,,hybrid-session-002-turn-2,9.84375,0.0,9.84375,0.0,,/DATACENTER3/zhenxiang.wang/work/TailGuardKV/.worktrees/baseline-smoke-final-aggregation/out/full_25session_baseline_9_14/full/policy_attempts/full40_20260916_h2o_static_safe/seed20260906,,,hybrid-session-002,qa,125.93835801817477,2,risk_evidence_insufficient
full_gpu,13.0,0.1,False,True,online_qwen,True,,/DATACENTER3/zhenxiang.wang/work/TailGuardKV/.worktrees/baseline-smoke-final-aggregation/out/full_25session_baseline_9_14/full/policy_attempts/full40_20260916_h2o_static_safe/seed20260906/config.yaml,,,,,,True,,,,14.546875,True,full_gpu,True,,balanced_two_gpu,1,persistent,27538.887507049367,52239,31511.620993958786,,,15.0,9.296875,9.296875,9.296875,9.296875,1565.0003540795296,unknown,True,,True,,False,,15285.9736328125,False,full_lru,False,,,full_gpu,,,risk_evidence_insufficient,0.0,full precision exact profile,121.06581102125347,,,,hybrid-session-003-turn-2,9.296875,0.0,9.296875,0.0,,/DATACENTER3/zhenxiang.wang/work/TailGuardKV/.worktrees/baseline-smoke-final-aggregation/out/full_25session_baseline_9_14/full/policy_attempts/full40_20260916_h2o_static_safe/seed20260906,,,hybrid-session-003,summary,121.88671808689833,2,risk_evidence_insufficient
full_gpu,13.0,0.1,False,True,online_qwen,True,,/DATACENTER3/zhenxiang.wang/work/TailGuardKV/.worktrees/baseline-smoke-final-aggregation/out/full_25session_baseline_9_14/full/policy_attempts/full40_20260916_h2o_static_safe/seed20260906/config.yaml,,,,,,True,,,,9.296875,True,full_gpu,True,,balanced_two_gpu,1,persistent,27538.887507049367,52239,31511.620993958786,,,15.0,10.71875,10.71875,10.71875,10.71875,1555.2987130358815,unknown,True,,True,,False,,15319.67919921875,False,full_lru,False,,,full_gpu,,,risk_evidence_insufficient,0.0,full precision exact profile,123.65084094926715,,,,hybrid-session-004-turn-2,10.71875,0.0,10.71875,0.0,,/DATACENTER3/zhenxiang.wang/work/TailGuardKV/.worktrees/baseline-smoke-final-aggregation/out/full_25session_baseline_9_14/full/policy_attempts/full40_20260916_h2o_static_safe/seed20260906,,,hybrid-session-004,qa,124.57634997554123,2,risk_evidence_insufficient
full_gpu,13.0,0.1,False,True,online_qwen,True,,/DATACENTER3/zhenxiang.wang/work/TailGuardKV/.worktrees/baseline-smoke-final-aggregation/out/full_25session_baseline_9_14/full/policy_attempts/full40_20260916_h2o_static_safe/seed20260906/config.yaml,,,,,,True,,,,10.71875,True,full_gpu,True,,balanced_two_gpu,1,persistent,27538.887507049367,52239,31511.620993958786,,,15.0,9.7890625,9.7890625,9.7890625,9.7890625,1552.2833929862827,unknown,True,,True,,False,,15297.68359375,False,full_lru,False,,,full_gpu,,,risk_evidence_insufficient,0.0,full precision exact profile,124.52599708922207,,,,hybrid-session-005-turn-2,9.7890625,0.0,9.7890625,0.0,,/DATACENTER3/zhenxiang.wang/work/TailGuardKV/.worktrees/baseline-smoke-final-aggregation/out/full_25session_baseline_9_14/full/policy_attempts/full40_20260916_h2o_static_safe/seed20260906,,,hybrid-session-005,summary,125.35509187728167,2,risk_evidence_insufficient
full_gpu,13.0,0.1,False,True,online_qwen,True,,/DATACENTER3/zhenxiang.wang/work/TailGuardKV/.worktrees/baseline-smoke-final-aggregation/out/full_25session_baseline_9_14/full/policy_attempts/full40_20260916_h2o_static_safe/seed20260906/config.yaml,,,,,,True,,,,9.7890625,True,full_gpu,True,,balanced_two_gpu,1,persistent,27538.887507049367,52239,31511.620993958786,,,15.0,12.796875,12.796875,12.796875,12.796875,1574.7083479072899,unknown,True,,True,,False,,15381.775390625,False,full_lru,False,,,full_gpu,,,risk_evidence_insufficient,0.0,full precision exact profile,148.01895199343562,,,,hybrid-session-006-turn-2,12.796875,0.0,12.796875,0.0,,/DATACENTER3/zhenxiang.wang/work/TailGuardKV/.worktrees/baseline-smoke-final-aggregation/out/full_25session_baseline_9_14/full/policy_attempts/full40_20260916_h2o_static_safe/seed20260906,,,hybrid-session-006,qa,148.78231193870306,2,risk_evidence_insufficient
full_gpu,13.0,0.1,False,True,online_qwen,True,,/DATACENTER3/zhenxiang.wang/work/TailGuardKV/.worktrees/baseline-smoke-final-aggregation/out/full_25session_baseline_9_14/full/policy_attempts/full40_20260916_h2o_static_safe/seed20260906/config.yaml,,,,,,True,,,,12.796875,True,full_gpu,True,,balanced_two_gpu,1,persistent,27538.887507049367,52239,31511.620993958786,,,15.0,8.9140625,8.9140625,8.9140625,8.9140625,1548.0635520070791,unknown,True,,True,,False,,15273.80859375,False,full_lru,False,,,full_gpu,,,risk_evidence_insufficient,0.0,full precision exact profile,120.32680795527995,,,,hybrid-session-009-turn-2,8.9140625,0.0,8.9140625,0.0,,/DATACENTER3/zhenxiang.wang/work/TailGuardKV/.worktrees/baseline-smoke-final-aggregation/out/full_25session_baseline_9_14/full/policy_attempts/full40_20260916_h2o_static_safe/seed20260906,,,hybrid-session-009,summary,121.14152498543262,2,risk_evidence_insufficient
full_gpu,13.0,0.1,False,True,online_qwen,True,,/DATACENTER3/zhenxiang.wang/work/TailGuardKV/.worktrees/baseline-smoke-final-aggregation/out/full_25session_baseline_9_14/full/policy_attempts/full40_20260916_h2o_static_safe/seed20260906/config.yaml,,,,,,True,,,,8.9140625,True,full_gpu,True,,balanced_two_gpu,1,persistent,27538.887507049367,52239,31511.620993958786,,,15.0,9.84375,9.84375,9.84375,9.84375,1218.5562390368432,unknown,True,,True,,False,,15295.93359375,False,full_lru,False,,,full_gpu,,,risk_evidence_insufficient,0.0,full precision exact profile,115.11909402906895,,,,hybrid-session-010-turn-2,9.84375,0.0,9.84375,0.0,,/DATACENTER3/zhenxiang.wang/work/TailGuardKV/.worktrees/baseline-smoke-final-aggregation/out/full_25session_baseline_9_14/full/policy_attempts/full40_20260916_h2o_static_safe/seed20260906,,,hybrid-session-010,qa,115.84323109127581,2,risk_evidence_insufficient
full_gpu,13.0,0.1,True,True,online_qwen,True,,/DATACENTER3/zhenxiang.wang/work/TailGuardKV/.worktrees/baseline-smoke-final-aggregation/out/full_25session_baseline_9_14/full/policy_attempts/full40_20260916_h2o_static_safe/seed20260906/config.yaml,,,,,,True,,,,9.84375,True,full_gpu,True,,balanced_two_gpu,1,persistent,27538.887507049367,52239,31511.620993958786,,,15.0,9.2421875,9.2421875,9.2421875,9.2421875,1547.516250051558,unknown,True,0.0,True,,False,,15280.92431640625,False,full_lru,False,,,full_gpu,,,risk_evidence_insufficient,0.0,full precision exact profile,124.77908399887383,,,,hybrid-session-013-turn-2,9.2421875,0.0,9.2421875,0.0,,/DATACENTER3/zhenxiang.wang/work/TailGuardKV/.worktrees/baseline-smoke-final-aggregation/out/full_25session_baseline_9_14/full/policy_attempts/full40_20260916_h2o_static_safe/seed20260906,,,hybrid-session-013,summary,125.63968799076974,2,risk_evidence_insufficient
full_gpu,13.0,0.1,False,True,online_qwen,True,,/DATACENTER3/zhenxiang.wang/work/TailGuardKV/.worktrees/baseline-smoke-final-aggregation/out/full_25session_baseline_9_14/full/policy_attempts/full40_20260916_h2o_static_safe/seed20260906/config.yaml,,,,,,True,,,,9.2421875,True,full_gpu,True,,balanced_two_gpu,1,persistent,27538.887507049367,52239,31511.620993958786,,,15.0,10.3359375,10.3359375,10.3359375,10.3359375,1558.2669018767774,unknown,True,,True,,False,,15309.08984375,False,full_lru,False,,,full_gpu,,,risk_evidence_insufficient,0.0,full precision exact profile,118.00413392484188,,,,hybrid-session-016-turn-2,10.3359375,0.0,10.3359375,0.0,,/DATACENTER3/zhenxiang.wang/work/TailGuardKV/.worktrees/baseline-smoke-final-aggregation/out/full_25session_baseline_9_14/full/policy_attempts/full40_20260916_h2o_static_safe/seed20260906,,,hybrid-session-016,qa,118.81047184579074,2,risk_evidence_insufficient
full_gpu,13.0,0.1,True,True,online_qwen,True,,/DATACENTER3/zhenxiang.wang/work/TailGuardKV/.worktrees/baseline-smoke-final-aggregation/out/full_25session_baseline_9_14/full/policy_attempts/full40_20260916_h2o_static_safe/seed20260906/config.yaml,,,,,,True,,,,10.3359375,True,full_gpu,True,,balanced_two_gpu,1,persistent,27538.887507049367,52239,31511.620993958786,,,15.0,9.84375,9.84375,9.84375,9.84375,1548.6680041067302,unknown,True,0.0,True,,False,,15297.35546875,False,full_lru,False,,,full_gpu,,,risk_evidence_insufficient,0.0,full precision exact profile,121.78338505327702,,,,hybrid-session-020-turn-2,9.84375,0.0,9.84375,0.0,,/DATACENTER3/zhenxiang.wang/work/TailGuardKV/.worktrees/baseline-smoke-final-aggregation/out/full_25session_baseline_9_14/full/policy_attempts/full40_20260916_h2o_static_safe/seed20260906,,,hybrid-session-020,qa,122.57609306834638,2,risk_evidence_insufficient
full_gpu,13.0,0.1,False,True,online_qwen,True,,/DATACENTER3/zhenxiang.wang/work/TailGuardKV/.worktrees/baseline-smoke-final-aggregation/out/full_25session_baseline_9_14/full/policy_attempts/full40_20260916_h2o_static_safe/seed20260906/config.yaml,,,,,,True,,,,9.84375,True,full_gpu,True,,balanced_two_gpu,1,persistent,27538.887507049367,52239,31511.620993958786,,,15.0,10.9921875,10.9921875,10.9921875,10.9921875,1557.5084928423166,unknown,True,,True,,False,,15328.015625,False,full_lru,False,,,full_gpu,,,risk_evidence_insufficient,0.0,full precision exact profile,124.98699594289064,,,,hybrid-session-021-turn-2,10.9921875,0.0,10.9921875,0.0,,/DATACENTER3/zhenxiang.wang/work/TailGuardKV/.worktrees/baseline-smoke-final-aggregation/out/full_25session_baseline_9_14/full/policy_attempts/full40_20260916_h2o_static_safe/seed20260906,,,hybrid-session-021,summary,125.74780592694879,2,risk_evidence_insufficient
full_gpu,13.0,0.1,False,True,online_qwen,True,,/DATACENTER3/zhenxiang.wang/work/TailGuardKV/.worktrees/baseline-smoke-final-aggregation/out/full_25session_baseline_9_14/full/policy_attempts/full40_20260916_h2o_static_safe/seed20260906/config.yaml,,,,,,True,,,,10.9921875,True,full_gpu,True,,balanced_two_gpu,1,persistent,27538.887507049367,52239,31511.620993958786,,,15.0,10.0078125,10.0078125,10.0078125,10.0078125,1412.0264500379562,unknown,True,,True,,False,,15302.90234375,False,full_lru,False,,,full_gpu,,,risk_evidence_insufficient,0.0,full precision exact profile,126.94922415539622,,,,hybrid-session-025-turn-2,10.0078125,0.0,10.0078125,0.0,,/DATACENTER3/zhenxiang.wang/work/TailGuardKV/.worktrees/baseline-smoke-final-aggregation/out/full_25session_baseline_9_14/full/policy_attempts/full40_20260916_h2o_static_safe/seed20260906,,,hybrid-session-025,summary,127.73416796699166,2,risk_evidence_insufficient
full_gpu,13.0,0.1,False,True,online_qwen,True,,/DATACENTER3/zhenxiang.wang/work/TailGuardKV/.worktrees/baseline-smoke-final-aggregation/out/full_25session_baseline_9_14/full/policy_attempts/full40_20260916_h2o_static_safe/seed20260906/config.yaml,,,,,,True,,,,10.0078125,True,full_gpu,True,,balanced_two_gpu,1,persistent,27538.887507049367,52239,31511.620993958786,,,15.0,11.5390625,11.5390625,11.5390625,11.5390625,1501.5841929707676,unknown,True,,True,,False,,15343.57861328125,False,full_lru,False,,,full_gpu,,,risk_evidence_insufficient,0.0,full precision exact profile,138.96692590788007,,,,hybrid-session-026-turn-2,11.5390625,0.0,11.5390625,0.0,,/DATACENTER3/zhenxiang.wang/work/TailGuardKV/.worktrees/baseline-smoke-final-aggregation/out/full_25session_baseline_9_14/full/policy_attempts/full40_20260916_h2o_static_safe/seed20260906,,,hybrid-session-026,qa,139.76560393348336,2,risk_evidence_insufficient
full_gpu,13.0,0.1,False,True,online_qwen,True,,/DATACENTER3/zhenxiang.wang/work/TailGuardKV/.worktrees/baseline-smoke-final-aggregation/out/full_25session_baseline_9_14/full/policy_attempts/full40_20260916_h2o_static_safe/seed20260906/config.yaml,,,,,,True,,,,11.5390625,True,full_gpu,True,,balanced_two_gpu,1,persistent,27538.887507049367,52239,31511.620993958786,,,15.0,11.9765625,11.9765625,11.9765625,11.9765625,1565.63405203633,unknown,True,,True,,False,,15357.373046875,False,full_lru,False,,,full_gpu,,,risk_evidence_insufficient,0.0,full precision exact profile,135.0966941099614,,,,hybrid-session-002-turn-3,11.9765625,0.0,11.9765625,0.0,,/DATACENTER3/zhenxiang.wang/work/TailGuardKV/.worktrees/baseline-smoke-final-aggregation/out/full_25session_baseline_9_14/full/policy_attempts/full40_20260916_h2o_static_safe/seed20260906,,,hybrid-session-002,qa,135.974032105878,3,risk_evidence_insufficient
full_gpu,13.0,0.1,False,True,online_qwen,True,,/DATACENTER3/zhenxiang.wang/work/TailGuardKV/.worktrees/baseline-smoke-final-aggregation/out/full_25session_baseline_9_14/full/policy_attempts/full40_20260916_h2o_static_safe/seed20260906/config.yaml,,,,,,True,,,,11.9765625,True,full_gpu,True,,balanced_two_gpu,1,persistent,27538.887507049367,52239,31511.620993958786,,,15.0,11.375,11.375,11.375,11.375,1572.508833836764,unknown,True,,True,,False,,15340.53515625,False,full_lru,False,,,full_gpu,,,risk_evidence_insufficient,0.0,full precision exact profile,133.52299598045647,,,,hybrid-session-003-turn-3,11.375,0.0,11.375,0.0,,/DATACENTER3/zhenxiang.wang/work/TailGuardKV/.worktrees/baseline-smoke-final-aggregation/out/full_25session_baseline_9_14/full/policy_attempts/full40_20260916_h2o_static_safe/seed20260906,,,hybrid-session-003,summary,134.2786808963865,3,risk_evidence_insufficient
full_gpu,13.0,0.1,False,True,online_qwen,True,,/DATACENTER3/zhenxiang.wang/work/TailGuardKV/.worktrees/baseline-smoke-final-aggregation/out/full_25session_baseline_9_14/full/policy_attempts/full40_20260916_h2o_static_safe/seed20260906/config.yaml,,,,,,True,,,,11.375,True,full_gpu,True,,balanced_two_gpu,1,persistent,27538.887507049367,52239,31511.620993958786,,,15.0,12.8515625,12.8515625,12.8515625,12.8515625,1583.0004250165075,unknown,True,,True,,False,,15384.416015625,False,full_lru,False,,,full_gpu,,,risk_evidence_insufficient,0.0,full precision exact profile,147.29183609597385,,,,hybrid-session-004-turn-3,12.8515625,0.0,12.8515625,0.0,,/DATACENTER3/zhenxiang.wang/work/TailGuardKV/.worktrees/baseline-smoke-final-aggregation/out/full_25session_baseline_9_14/full/policy_attempts/full40_20260916_h2o_static_safe/seed20260906,,,hybrid-session-004,qa,148.08897813782096,3,risk_evidence_insufficient
full_gpu,13.0,0.1,False,True,online_qwen,True,,/DATACENTER3/zhenxiang.wang/work/TailGuardKV/.worktrees/baseline-smoke-final-aggregation/out/full_25session_baseline_9_14/full/policy_attempts/full40_20260916_h2o_static_safe/seed20260906/config.yaml,,,,,,True,,,,12.8515625,True,full_gpu,True,,balanced_two_gpu,1,persistent,27538.887507049367,52239,31511.620993958786,,,15.0,11.6484375,11.6484375,11.6484375,11.6484375,1560.554662020877,unknown,True,,True,,False,,15349.39501953125,False,full_lru,False,,,full_gpu,,,risk_evidence_insufficient,0.0,full precision exact profile,124.54520701430738,,,,hybrid-session-005-turn-3,11.6484375,0.0,11.6484375,0.0,,/DATACENTER3/zhenxiang.wang/work/TailGuardKV/.worktrees/baseline-smoke-final-aggregation/out/full_25session_baseline_9_14/full/policy_attempts/full40_20260916_h2o_static_safe/seed20260906,,,hybrid-session-005,summary,125.31218002550304,3,risk_evidence_insufficient
full_gpu,13.0,0.1,False,True,online_qwen,True,,/DATACENTER3/zhenxiang.wang/work/TailGuardKV/.worktrees/baseline-smoke-final-aggregation/out/full_25session_baseline_9_14/full/policy_attempts/full40_20260916_h2o_static_safe/seed20260906/config.yaml,,,,,,True,,,,11.6484375,True,full_gpu,True,,balanced_two_gpu,1,persistent,27538.887507049367,52239,31511.620993958786,,,15.0,14.9296875,14.9296875,14.9296875,14.9296875,1646.9005490653217,unknown,True,,True,,False,,15441.60791015625,False,full_lru,False,,,full_gpu,,,risk_evidence_insufficient,0.0,full precision exact profile,192.46278586797416,,,,hybrid-session-006-turn-3,14.9296875,0.0,14.9296875,0.0,,/DATACENTER3/zhenxiang.wang/work/TailGuardKV/.worktrees/baseline-smoke-final-aggregation/out/full_25session_baseline_9_14/full/policy_attempts/full40_20260916_h2o_static_safe/seed20260906,,,hybrid-session-006,qa,193.27076594345272,3,risk_evidence_insufficient
full_gpu,13.0,0.1,False,True,online_qwen,True,,/DATACENTER3/zhenxiang.wang/work/TailGuardKV/.worktrees/baseline-smoke-final-aggregation/out/full_25session_baseline_9_14/full/policy_attempts/full40_20260916_h2o_static_safe/seed20260906/config.yaml,,,,,,True,,,,14.9296875,True,full_gpu,True,,balanced_two_gpu,1,persistent,27538.887507049367,52239,31511.620993958786,,,15.0,10.9375,10.9375,10.9375,10.9375,1363.2726010400802,unknown,True,,True,,False,,15333.046875,False,full_lru,False,,,full_gpu,,,risk_evidence_insufficient,0.0,full precision exact profile,122.95368616469204,,,,hybrid-session-009-turn-3,10.9375,0.0,10.9375,0.0,,/DATACENTER3/zhenxiang.wang/work/TailGuardKV/.worktrees/baseline-smoke-final-aggregation/out/full_25session_baseline_9_14/full/policy_attempts/full40_20260916_h2o_static_safe/seed20260906,,,hybrid-session-009,summary,123.93628805875778,3,risk_evidence_insufficient
full_gpu,13.0,0.1,False,True,online_qwen,True,,/DATACENTER3/zhenxiang.wang/work/TailGuardKV/.worktrees/baseline-smoke-final-aggregation/out/full_25session_baseline_9_14/full/policy_attempts/full40_20260916_h2o_static_safe/seed20260906/config.yaml,,,,,,True,,,,10.9375,True,full_gpu,True,,balanced_two_gpu,1,persistent,27538.887507049367,52239,31511.620993958786,,,15.0,11.9765625,11.9765625,11.9765625,11.9765625,1560.6224900111556,unknown,True,,True,,False,,15356.771484375,False,full_lru,False,,,full_gpu,,,risk_evidence_insufficient,0.0,full precision exact profile,133.58423998579383,,,,hybrid-session-010-turn-3,11.9765625,0.0,11.9765625,0.0,,/DATACENTER3/zhenxiang.wang/work/TailGuardKV/.worktrees/baseline-smoke-final-aggregation/out/full_25session_baseline_9_14/full/policy_attempts/full40_20260916_h2o_static_safe/seed20260906,,,hybrid-session-010,qa,134.52836289070547,3,risk_evidence_insufficient
full_gpu,13.0,0.1,False,True,online_qwen,True,,/DATACENTER3/zhenxiang.wang/work/TailGuardKV/.worktrees/baseline-smoke-final-aggregation/out/full_25session_baseline_9_14/full/policy_attempts/full40_20260916_h2o_static_safe/seed20260906/config.yaml,,,,,,True,,,,11.9765625,True,full_gpu,True,,balanced_two_gpu,1,persistent,27538.887507049367,52239,31511.620993958786,,,15.0,11.3203125,11.3203125,11.3203125,11.3203125,1576.575884129852,unknown,True,,True,,False,,15340.4794921875,False,full_lru,False,,,full_gpu,,,risk_evidence_insufficient,0.0,full precision exact profile,131.39043003320694,,,,hybrid-session-013-turn-3,11.3203125,0.0,11.3203125,0.0,,/DATACENTER3/zhenxiang.wang/work/TailGuardKV/.worktrees/baseline-smoke-final-aggregation/out/full_25session_baseline_9_14/full/policy_attempts/full40_20260916_h2o_static_safe/seed20260906,,,hybrid-session-013,summary,132.1937011089176,3,risk_evidence_insufficient
full_gpu,13.0,0.1,False,True,online_qwen,True,,/DATACENTER3/zhenxiang.wang/work/TailGuardKV/.worktrees/baseline-smoke-final-aggregation/out/full_25session_baseline_9_14/full/policy_attempts/full40_20260916_h2o_static_safe/seed20260906/config.yaml,,,,,,True,,,,11.3203125,True,full_gpu,True,,balanced_two_gpu,1,persistent,27538.887507049367,52239,31511.620993958786,,,15.0,12.5234375,12.5234375,12.5234375,12.5234375,1580.8032408822328,unknown,True,,True,,False,,15371.37353515625,False,full_lru,False,,,full_gpu,,,risk_evidence_insufficient,0.0,full precision exact profile,146.41710394062102,,,,hybrid-session-016-turn-3,12.5234375,0.0,12.5234375,0.0,,/DATACENTER3/zhenxiang.wang/work/TailGuardKV/.worktrees/baseline-smoke-final-aggregation/out/full_25session_baseline_9_14/full/policy_attempts/full40_20260916_h2o_static_safe/seed20260906,,,hybrid-session-016,qa,147.19819300808012,3,risk_evidence_insufficient
full_gpu,13.0,0.1,False,True,online_qwen,True,,/DATACENTER3/zhenxiang.wang/work/TailGuardKV/.worktrees/baseline-smoke-final-aggregation/out/full_25session_baseline_9_14/full/policy_attempts/full40_20260916_h2o_static_safe/seed20260906/config.yaml,,,,,,True,,,,12.5234375,True,full_gpu,True,,balanced_two_gpu,1,persistent,27538.887507049367,52239,31511.620993958786,,,15.0,12.03125,12.03125,12.03125,12.03125,1567.5614778883755,unknown,True,,True,,False,,15359.57275390625,False,full_lru,False,,,full_gpu,,,risk_evidence_insufficient,0.0,full precision exact profile,136.2894589547068,,,,hybrid-session-020-turn-3,12.03125,0.0,12.03125,0.0,,/DATACENTER3/zhenxiang.wang/work/TailGuardKV/.worktrees/baseline-smoke-final-aggregation/out/full_25session_baseline_9_14/full/policy_attempts/full40_20260916_h2o_static_safe/seed20260906,,,hybrid-session-020,qa,137.0734879747033,3,risk_evidence_insufficient
full_gpu,13.0,0.1,False,True,online_qwen,True,,/DATACENTER3/zhenxiang.wang/work/TailGuardKV/.worktrees/baseline-smoke-final-aggregation/out/full_25session_baseline_9_14/full/policy_attempts/full40_20260916_h2o_static_safe/seed20260906/config.yaml,,,,,,True,,,,12.03125,True,full_gpu,True,,balanced_two_gpu,1,persistent,27538.887507049367,52239,31511.620993958786,,,15.0,13.1796875,13.1796875,13.1796875,13.1796875,1582.7119159512222,unknown,True,,True,,False,,15395.40087890625,False,full_lru,False,,,full_gpu,,,risk_evidence_insufficient,0.0,full precision exact profile,148.00093998201191,,,,hybrid-session-021-turn-3,13.1796875,0.0,13.1796875,0.0,,/DATACENTER3/zhenxiang.wang/work/TailGuardKV/.worktrees/baseline-smoke-final-aggregation/out/full_25session_baseline_9_14/full/policy_attempts/full40_20260916_h2o_static_safe/seed20260906,,,hybrid-session-021,summary,148.76873302273452,3,risk_evidence_insufficient
full_gpu,13.0,0.1,False,True,online_qwen,True,,/DATACENTER3/zhenxiang.wang/work/TailGuardKV/.worktrees/baseline-smoke-final-aggregation/out/full_25session_baseline_9_14/full/policy_attempts/full40_20260916_h2o_static_safe/seed20260906/config.yaml,,,,,,True,,,,13.1796875,True,full_gpu,True,,balanced_two_gpu,1,persistent,27538.887507049367,52239,31511.620993958786,,,15.0,12.5234375,12.5234375,12.5234375,12.5234375,1248.7126949708909,unknown,True,,True,,False,,15373.23291015625,False,full_lru,False,,,full_gpu,,,risk_evidence_insufficient,0.0,full precision exact profile,136.7889770772308,,,,hybrid-session-025-turn-3,12.5234375,0.0,12.5234375,0.0,,/DATACENTER3/zhenxiang.wang/work/TailGuardKV/.worktrees/baseline-smoke-final-aggregation/out/full_25session_baseline_9_14/full/policy_attempts/full40_20260916_h2o_static_safe/seed20260906,,,hybrid-session-025,summary,137.76139495894313,3,risk_evidence_insufficient
full_gpu,13.0,0.1,False,True,online_qwen,True,,/DATACENTER3/zhenxiang.wang/work/TailGuardKV/.worktrees/baseline-smoke-final-aggregation/out/full_25session_baseline_9_14/full/policy_attempts/full40_20260916_h2o_static_safe/seed20260906/config.yaml,,,,,,True,,,,12.5234375,True,full_gpu,True,,balanced_two_gpu,1,persistent,27538.887507049367,52239,31511.620993958786,,,15.0,14.109375,14.109375,14.109375,14.109375,1584.4292000401765,unknown,True,,True,,False,,15419.22412109375,False,full_lru,False,,,full_gpu,,,risk_evidence_insufficient,0.0,full precision exact profile,153.04174995981157,,,,hybrid-session-026-turn-3,14.109375,0.0,14.109375,0.0,,/DATACENTER3/zhenxiang.wang/work/TailGuardKV/.worktrees/baseline-smoke-final-aggregation/out/full_25session_baseline_9_14/full/policy_attempts/full40_20260916_h2o_static_safe/seed20260906,,,hybrid-session-026,qa,153.88130792416632,3,risk_evidence_insufficient
full_gpu,13.0,0.1,False,True,online_qwen,True,,/DATACENTER3/zhenxiang.wang/work/TailGuardKV/.worktrees/baseline-smoke-final-aggregation/out/full_25session_baseline_9_14/full/policy_attempts/full40_20260916_h2o_static_safe/seed20260906/config.yaml,,,,,,True,,,,14.109375,True,full_gpu,True,,balanced_two_gpu,1,persistent,27538.887507049367,52239,31511.620993958786,,,15.0,13.7265625,13.7265625,13.7265625,13.7265625,1597.4457659758627,unknown,True,,True,,False,,15410.27392578125,False,full_lru,False,,,full_gpu,,,risk_evidence_insufficient,0.0,full precision exact profile,142.6579891704023,,,,hybrid-session-002-turn-4,13.7265625,0.0,13.7265625,0.0,,/DATACENTER3/zhenxiang.wang/work/TailGuardKV/.worktrees/baseline-smoke-final-aggregation/out/full_25session_baseline_9_14/full/policy_attempts/full40_20260916_h2o_static_safe/seed20260906,,,hybrid-session-002,qa,143.47623498179018,4,risk_evidence_insufficient
full_gpu,13.0,0.1,False,True,online_qwen,True,,/DATACENTER3/zhenxiang.wang/work/TailGuardKV/.worktrees/baseline-smoke-final-aggregation/out/full_25session_baseline_9_14/full/policy_attempts/full40_20260916_h2o_static_safe/seed20260906/config.yaml,,,,,,True,,,,13.7265625,True,full_gpu,True,,balanced_two_gpu,1,persistent,27538.887507049367,52239,31511.620993958786,,,15.0,13.125,13.125,13.125,13.125,1434.2288558837026,unknown,True,,True,,False,,15394.07666015625,False,full_lru,False,,,full_gpu,,,risk_evidence_insufficient,0.0,full precision exact profile,149.27519601769745,,,,hybrid-session-003-turn-4,13.125,0.0,13.125,0.0,,/DATACENTER3/zhenxiang.wang/work/TailGuardKV/.worktrees/baseline-smoke-final-aggregation/out/full_25session_baseline_9_14/full/policy_attempts/full40_20260916_h2o_static_safe/seed20260906,,,hybrid-session-003,summary,150.0935358926654,4,risk_evidence_insufficient
full_gpu,13.0,0.1,False,True,online_qwen,True,,/DATACENTER3/zhenxiang.wang/work/TailGuardKV/.worktrees/baseline-smoke-final-aggregation/out/full_25session_baseline_9_14/full/policy_attempts/full40_20260916_h2o_static_safe/seed20260906/config.yaml,,,,,,True,,,,13.125,True,full_gpu,True,,balanced_two_gpu,1,persistent,27538.887507049367,52239,31511.620993958786,,,15.0,14.546875,14.546875,14.546875,14.546875,1594.598360126838,unknown,True,,True,,False,,15432.66748046875,False,full_lru,False,,,full_gpu,,,risk_evidence_insufficient,0.0,full precision exact profile,156.16327594034374,,,,hybrid-session-004-turn-4,14.546875,0.0,14.546875,0.0,,/DATACENTER3/zhenxiang.wang/work/TailGuardKV/.worktrees/baseline-smoke-final-aggregation/out/full_25session_baseline_9_14/full/policy_attempts/full40_20260916_h2o_static_safe/seed20260906,,,hybrid-session-004,qa,156.94992407225072,4,risk_evidence_insufficient
full_gpu,13.0,0.1,False,True,online_qwen,True,,/DATACENTER3/zhenxiang.wang/work/TailGuardKV/.worktrees/baseline-smoke-final-aggregation/out/full_25session_baseline_9_14/full/policy_attempts/full40_20260916_h2o_static_safe/seed20260906/config.yaml,,,,,,True,,,,14.546875,True,full_gpu,True,,balanced_two_gpu,1,persistent,27538.887507049367,52239,31511.620993958786,,,15.0,13.2890625,13.2890625,13.2890625,13.2890625,1574.7120347805321,unknown,True,,True,,False,,15397.9140625,False,full_lru,False,,,full_gpu,,,risk_evidence_insufficient,0.0,full precision exact profile,143.88210396282375,,,,hybrid-session-005-turn-4,13.2890625,0.0,13.2890625,0.0,,/DATACENTER3/zhenxiang.wang/work/TailGuardKV/.worktrees/baseline-smoke-final-aggregation/out/full_25session_baseline_9_14/full/policy_attempts/full40_20260916_h2o_static_safe/seed20260906,,,hybrid-session-005,summary,144.83352797105908,4,risk_evidence_insufficient
full_gpu,13.0,0.1,False,True,online_qwen,True,,/DATACENTER3/zhenxiang.wang/work/TailGuardKV/.worktrees/baseline-smoke-final-aggregation/out/full_25session_baseline_9_14/full/policy_attempts/full40_20260916_h2o_static_safe/seed20260906/config.yaml,,,,,,True,,,,29.9140625,True,full_gpu,True,,balanced_two_gpu,1,persistent,27538.887507049367,52239,31511.620993958786,,,15.0,0.0,0.0,16.625,16.625,1639.9729230906814,unknown,True,,True,,False,,15490.1201171875,False,full_lru,False,,,full_gpu,,,risk_evidence_insufficient,0.0,full precision exact profile,200.93675097450614,,,,hybrid-session-006-turn-4,0.0,0.0,0.0,0.0,,/DATACENTER3/zhenxiang.wang/work/TailGuardKV/.worktrees/baseline-smoke-final-aggregation/out/full_25session_baseline_9_14/full/policy_attempts/full40_20260916_h2o_static_safe/seed20260906,,,hybrid-session-006,qa,201.72346709296107,4,risk_evidence_insufficient
full_gpu,13.0,0.1,True,False,online_qwen,False,,/DATACENTER3/zhenxiang.wang/work/TailGuardKV/.worktrees/baseline-smoke-final-aggregation/out/full_25session_baseline_9_14/full/policy_attempts/full40_20260916_h2o_static_safe/seed20260906/config.yaml,,,,,,True,,,,0,True,full_gpu,True,,balanced_two_gpu,1,persistent,27538.887507049367,52239,31511.620993958786,,,15.0,12.796875,12.796875,12.796875,12.796875,1472.5739180576056,unknown,True,0.0,True,,False,,15371.986328125,False,full_lru,False,,,full_gpu,,,risk_evidence_insufficient,0.0,full precision exact profile,147.21534587442875,,,,hybrid-session-009-turn-4,12.796875,0.0,12.796875,0.0,,/DATACENTER3/zhenxiang.wang/work/TailGuardKV/.worktrees/baseline-smoke-final-aggregation/out/full_25session_baseline_9_14/full/policy_attempts/full40_20260916_h2o_static_safe/seed20260906,,,hybrid-session-009,summary,148.0173710733652,4,risk_evidence_insufficient
full_gpu,13.0,0.1,False,True,online_qwen,True,,/DATACENTER3/zhenxiang.wang/work/TailGuardKV/.worktrees/baseline-smoke-final-aggregation/out/full_25session_baseline_9_14/full/policy_attempts/full40_20260916_h2o_static_safe/seed20260906/config.yaml,,,,,,True,,,,12.796875,True,full_gpu,True,,balanced_two_gpu,1,persistent,27538.887507049367,52239,31511.620993958786,,,15.0,14.0546875,14.0546875,14.0546875,14.0546875,1571.5843299403787,unknown,True,,True,,False,,15417.99267578125,False,full_lru,False,,,full_gpu,,,risk_evidence_insufficient,0.0,full precision exact profile,146.76862000487745,,,,hybrid-session-010-turn-4,14.0546875,0.0,14.0546875,0.0,,/DATACENTER3/zhenxiang.wang/work/TailGuardKV/.worktrees/baseline-smoke-final-aggregation/out/full_25session_baseline_9_14/full/policy_attempts/full40_20260916_h2o_static_safe/seed20260906,,,hybrid-session-010,qa,147.55567791871727,4,risk_evidence_insufficient
full_gpu,13.0,0.1,True,True,online_qwen,True,,/DATACENTER3/zhenxiang.wang/work/TailGuardKV/.worktrees/baseline-smoke-final-aggregation/out/full_25session_baseline_9_14/full/policy_attempts/full40_20260916_h2o_static_safe/seed20260906/config.yaml,,,,,,True,,,,14.0546875,True,full_gpu,True,,balanced_two_gpu,1,persistent,27538.887507049367,52239,31511.620993958786,,,15.0,13.234375,13.234375,13.234375,13.234375,1593.6406461987644,unknown,True,0.0,True,,False,,15397.47900390625,False,full_lru,False,,,full_gpu,,,risk_evidence_insufficient,0.0,full precision exact profile,149.54695897176862,,,,hybrid-session-013-turn-4,13.234375,0.0,13.234375,0.0,,/DATACENTER3/zhenxiang.wang/work/TailGuardKV/.worktrees/baseline-smoke-final-aggregation/out/full_25session_baseline_9_14/full/policy_attempts/full40_20260916_h2o_static_safe/seed20260906,,,hybrid-session-013,summary,150.37172310985625,4,risk_evidence_insufficient
full_gpu,13.0,0.1,False,True,online_qwen,True,,/DATACENTER3/zhenxiang.wang/work/TailGuardKV/.worktrees/baseline-smoke-final-aggregation/out/full_25session_baseline_9_14/full/policy_attempts/full40_20260916_h2o_static_safe/seed20260906/config.yaml,,,,,,True,,,,13.234375,True,full_gpu,True,,balanced_two_gpu,1,persistent,27538.887507049367,52239,31511.620993958786,,,15.0,14.6015625,14.6015625,14.6015625,14.6015625,1264.8628980387002,unknown,True,,True,,False,,15433.71142578125,False,full_lru,False,,,full_gpu,,,risk_evidence_insufficient,0.0,full precision exact profile,157.48679218813777,,,,hybrid-session-016-turn-4,14.6015625,0.0,14.6015625,0.0,,/DATACENTER3/zhenxiang.wang/work/TailGuardKV/.worktrees/baseline-smoke-final-aggregation/out/full_25session_baseline_9_14/full/policy_attempts/full40_20260916_h2o_static_safe/seed20260906,,,hybrid-session-016,qa,158.20459090173244,4,risk_evidence_insufficient
full_gpu,13.0,0.1,False,True,online_qwen,True,,/DATACENTER3/zhenxiang.wang/work/TailGuardKV/.worktrees/baseline-smoke-final-aggregation/out/full_25session_baseline_9_14/full/policy_attempts/full40_20260916_h2o_static_safe/seed20260906/config.yaml,,,,,,True,,,,14.6015625,True,full_gpu,True,,balanced_two_gpu,1,persistent,27538.887507049367,52239,31511.620993958786,,,15.0,13.9453125,13.9453125,13.9453125,13.9453125,1232.4524479918182,unknown,True,,True,,False,,15418.740234375,False,full_lru,False,,,full_gpu,,,risk_evidence_insufficient,0.0,full precision exact profile,137.43298989720643,,,,hybrid-session-020-turn-4,13.9453125,0.0,13.9453125,0.0,,/DATACENTER3/zhenxiang.wang/work/TailGuardKV/.worktrees/baseline-smoke-final-aggregation/out/full_25session_baseline_9_14/full/policy_attempts/full40_20260916_h2o_static_safe/seed20260906,,,hybrid-session-020,qa,138.08834715746343,4,risk_evidence_insufficient
full_gpu,13.0,0.1,False,True,online_qwen,True,,/DATACENTER3/zhenxiang.wang/work/TailGuardKV/.worktrees/baseline-smoke-final-aggregation/out/full_25session_baseline_9_14/full/policy_attempts/full40_20260916_h2o_static_safe/seed20260906/config.yaml,,,,,,True,,,,29.0390625,True,full_gpu,True,,balanced_two_gpu,1,persistent,27538.887507049367,52239,31511.620993958786,,,15.0,0.0,0.0,15.09375,15.09375,1646.0399741772562,unknown,True,,True,,False,,15449.2392578125,False,full_lru,False,,,full_gpu,,,risk_evidence_insufficient,0.0,full precision exact profile,195.16342994756997,,,,hybrid-session-021-turn-4,0.0,0.0,0.0,0.0,,/DATACENTER3/zhenxiang.wang/work/TailGuardKV/.worktrees/baseline-smoke-final-aggregation/out/full_25session_baseline_9_14/full/policy_attempts/full40_20260916_h2o_static_safe/seed20260906,,,hybrid-session-021,summary,195.9757129661739,4,risk_evidence_insufficient
full_gpu,13.0,0.1,False,False,online_qwen,False,,/DATACENTER3/zhenxiang.wang/work/TailGuardKV/.worktrees/baseline-smoke-final-aggregation/out/full_25session_baseline_9_14/full/policy_attempts/full40_20260916_h2o_static_safe/seed20260906/config.yaml,,,,,,True,,,,0,True,full_gpu,True,,balanced_two_gpu,1,persistent,27538.887507049367,52239,31511.620993958786,,,15.0,14.8203125,14.8203125,14.8203125,14.8203125,1457.8218730166554,unknown,True,,True,,False,,15426.26904296875,False,full_lru,False,,,full_gpu,,,risk_evidence_insufficient,0.0,full precision exact profile,153.81588088348508,,,,hybrid-session-025-turn-4,14.8203125,0.0,14.8203125,0.0,,/DATACENTER3/zhenxiang.wang/work/TailGuardKV/.worktrees/baseline-smoke-final-aggregation/out/full_25session_baseline_9_14/full/policy_attempts/full40_20260916_h2o_static_safe/seed20260906,,,hybrid-session-025,summary,154.70851212739944,4,risk_evidence_insufficient
full_gpu,13.0,0.1,False,True,online_qwen,True,,/DATACENTER3/zhenxiang.wang/work/TailGuardKV/.worktrees/baseline-smoke-final-aggregation/out/full_25session_baseline_9_14/full/policy_attempts/full40_20260916_h2o_static_safe/seed20260906/config.yaml,,,,,,True,,,,30.84375,True,full_gpu,True,,balanced_two_gpu,1,persistent,27538.887507049367,52239,31511.620993958786,,,15.0,0.0,0.0,16.0234375,16.0234375,1322.091710055247,unknown,True,,True,,False,,15475.6787109375,False,full_lru,False,,,full_gpu,,,risk_evidence_insufficient,0.0,full precision exact profile,195.74705814011395,,,,hybrid-session-026-turn-4,0.0,0.0,0.0,0.0,,/DATACENTER3/zhenxiang.wang/work/TailGuardKV/.worktrees/baseline-smoke-final-aggregation/out/full_25session_baseline_9_14/full/policy_attempts/full40_20260916_h2o_static_safe/seed20260906,,,hybrid-session-026,qa,196.58698700368404,4,risk_evidence_insufficient
kivi_4bit_residual64,2.0,0.1,False,False,online_qwen,False,,/DATACENTER3/zhenxiang.wang/work/TailGuardKV/.worktrees/baseline-smoke-final-aggregation/out/full_25session_baseline_9_14/full/policy_attempts/full40_20260916_h2o_static_safe/seed20260906/config.yaml,,,,,0.1,True,,0.05,,0,False,kivi_4bit_residual64,True,,balanced_two_gpu,1,persistent,28075.311719905585,54283,32243.244708981365,,,15.0,3.5546875,1.4765625,1.4765625,1.4765625,1330.9705927968025,unknown,True,,True,,False,,15055.19384765625,True,static_best,False,0.0,0.0,kivi_4bit_residual64,0.0,,risk_evidence_insufficient,0.0,static_best,0.0,,,,hybrid-session-003-turn-0,1.4765625,0.0,1.4765625,0.0,0.0,/DATACENTER3/zhenxiang.wang/work/TailGuardKV/.worktrees/baseline-smoke-final-aggregation/out/full_25session_baseline_9_14/full/policy_attempts/full40_20260916_h2o_static_safe/seed20260906,True,calibrated safe,hybrid-session-003,chat,97.52249391749501,0,risk_evidence_insufficient
kivi_4bit_residual64,3.0,0.1,False,False,online_qwen,False,,/DATACENTER3/zhenxiang.wang/work/TailGuardKV/.worktrees/baseline-smoke-final-aggregation/out/full_25session_baseline_9_14/full/policy_attempts/full40_20260916_h2o_static_safe/seed20260906/config.yaml,,,,,0.1,True,,0.05,,0,False,kivi_4bit_residual64,True,,balanced_two_gpu,1,persistent,28075.311719905585,54283,32243.244708981365,,,15.0,5.3046875,1.75,1.75,1.75,1705.7775089051574,unknown,True,,True,,False,,15063.70947265625,True,static_best,False,0.0,0.0,kivi_4bit_residual64,0.0,,risk_evidence_insufficient,0.0,static_best,0.0,,,,hybrid-session-004-turn-0,1.75,0.0,1.75,0.0,0.0,/DATACENTER3/zhenxiang.wang/work/TailGuardKV/.worktrees/baseline-smoke-final-aggregation/out/full_25session_baseline_9_14/full/policy_attempts/full40_20260916_h2o_static_safe/seed20260906,True,calibrated safe,hybrid-session-004,chat,113.999187014997,0,risk_evidence_insufficient
kivi_4bit_residual64,4.0,0.1,False,False,online_qwen,False,,/DATACENTER3/zhenxiang.wang/work/TailGuardKV/.worktrees/baseline-smoke-final-aggregation/out/full_25session_baseline_9_14/full/policy_attempts/full40_20260916_h2o_static_safe/seed20260906/config.yaml,,,,,0.1,True,,0.05,,0,False,kivi_4bit_residual64,True,,balanced_two_gpu,1,persistent,28075.311719905585,54283,32243.244708981365,,,15.0,7.21875,1.9140625,1.9140625,1.9140625,1703.6200289148837,unknown,True,,True,,False,,15070.26806640625,True,static_best,False,0.0,0.0,kivi_4bit_residual64,0.0,,risk_evidence_insufficient,0.0,static_best,0.0,,,,hybrid-session-005-turn-0,1.9140625,0.0,1.9140625,0.0,0.0,/DATACENTER3/zhenxiang.wang/work/TailGuardKV/.worktrees/baseline-smoke-final-aggregation/out/full_25session_baseline_9_14/full/policy_attempts/full40_20260916_h2o_static_safe/seed20260906,True,calibrated safe,hybrid-session-005,chat,122.02503299340606,0,risk_evidence_insufficient
kivi_4bit_residual64,5.0,0.1,False,False,online_qwen,False,,/DATACENTER3/zhenxiang.wang/work/TailGuardKV/.worktrees/baseline-smoke-final-aggregation/out/full_25session_baseline_9_14/full/policy_attempts/full40_20260916_h2o_static_safe/seed20260906/config.yaml,,,,,0.1,True,,0.05,,0,False,kivi_4bit_residual64,True,,balanced_two_gpu,1,persistent,28075.311719905585,54283,32243.244708981365,,,15.0,9.84375,2.625,2.625,2.625,1695.2988780103624,unknown,True,,True,,False,,15093.27587890625,True,static_best,False,0.0,0.0,kivi_4bit_residual64,0.0,,risk_evidence_insufficient,0.0,static_best,0.0,,,,hybrid-session-006-turn-0,2.625,0.0,2.625,0.0,0.0,/DATACENTER3/zhenxiang.wang/work/TailGuardKV/.worktrees/baseline-smoke-final-aggregation/out/full_25session_baseline_9_14/full/policy_attempts/full40_20260916_h2o_static_safe/seed20260906,True,calibrated safe,hybrid-session-006,chat,116.48244201205671,0,risk_evidence_insufficient
kivi_4bit_residual64,6.0,0.1,False,False,online_qwen,False,,/DATACENTER3/zhenxiang.wang/work/TailGuardKV/.worktrees/baseline-smoke-final-aggregation/out/full_25session_baseline_9_14/full/policy_attempts/full40_20260916_h2o_static_safe/seed20260906/config.yaml,,,,,0.1,True,,0.05,,0,False,kivi_4bit_residual64,True,,balanced_two_gpu,1,persistent,28075.311719905585,54283,32243.244708981365,,,15.0,11.5390625,1.6953125,1.6953125,1.6953125,1683.0073581077158,unknown,True,,True,,False,,15068.48681640625,True,static_best,False,0.0,0.0,kivi_4bit_residual64,0.0,,risk_evidence_insufficient,0.0,static_best,0.0,,,,hybrid-session-009-turn-0,1.6953125,0.0,1.6953125,0.0,0.0,/DATACENTER3/zhenxiang.wang/work/TailGuardKV/.worktrees/baseline-smoke-final-aggregation/out/full_25session_baseline_9_14/full/policy_attempts/full40_20260916_h2o_static_safe/seed20260906,True,calibrated safe,hybrid-session-009,chat,108.46901522018015,0,risk_evidence_insufficient
kivi_4bit_residual64,7.0,0.1,False,False,online_qwen,False,,/DATACENTER3/zhenxiang.wang/work/TailGuardKV/.worktrees/baseline-smoke-final-aggregation/out/full_25session_baseline_9_14/full/policy_attempts/full40_20260916_h2o_static_safe/seed20260906/config.yaml,,,,,0.1,True,,0.05,,0,False,kivi_4bit_residual64,True,,balanced_two_gpu,1,persistent,28075.311719905585,54283,32243.244708981365,,,15.0,13.0703125,1.53125,1.53125,1.53125,1659.8228861112148,unknown,True,,True,,False,,15065.87646484375,True,static_best,False,0.0,0.0,kivi_4bit_residual64,0.0,,risk_evidence_insufficient,0.0,static_best,0.0,,,,hybrid-session-010-turn-0,1.53125,0.0,1.53125,0.0,0.0,/DATACENTER3/zhenxiang.wang/work/TailGuardKV/.worktrees/baseline-smoke-final-aggregation/out/full_25session_baseline_9_14/full/policy_attempts/full40_20260916_h2o_static_safe/seed20260906,True,calibrated safe,hybrid-session-010,chat,118.54777508415282,0,risk_evidence_insufficient
kivi_4bit_residual64,8.0,0.1,False,False,online_qwen,False,,/DATACENTER3/zhenxiang.wang/work/TailGuardKV/.worktrees/baseline-smoke-final-aggregation/out/full_25session_baseline_9_14/full/policy_attempts/full40_20260916_h2o_static_safe/seed20260906/config.yaml,,,,,0.1,True,,0.05,,0,False,kivi_4bit_residual64,True,,balanced_two_gpu,1,persistent,28075.311719905585,54283,32243.244708981365,,,15.0,14.875,1.8046875,1.8046875,1.8046875,1690.1470189914107,unknown,True,,True,,False,,15074.73681640625,True,static_best,False,0.0,0.0,kivi_4bit_residual64,0.0,,risk_evidence_insufficient,0.0,static_best,0.0,,,,hybrid-session-013-turn-0,1.8046875,0.0,1.8046875,0.0,0.0,/DATACENTER3/zhenxiang.wang/work/TailGuardKV/.worktrees/baseline-smoke-final-aggregation/out/full_25session_baseline_9_14/full/policy_attempts/full40_20260916_h2o_static_safe/seed20260906,True,calibrated safe,hybrid-session-013,chat,116.77251593209803,0,risk_evidence_insufficient
kivi_4bit_residual64,9.0,0.1,False,True,online_qwen,True,,/DATACENTER3/zhenxiang.wang/work/TailGuardKV/.worktrees/baseline-smoke-final-aggregation/out/full_25session_baseline_9_14/full/policy_attempts/full40_20260916_h2o_static_safe/seed20260906/config.yaml,,,,,0.1,True,,0.05,,3.5546875,False,kivi_4bit_residual64,True,,balanced_two_gpu,1,persistent,28075.311719905585,54283,32243.244708981365,,,15.0,13.9453125,2.625,2.625,2.625,1337.416348978877,unknown,True,,True,,False,,15100.93212890625,True,static_best,False,0.0,0.0,kivi_4bit_residual64,0.0,,risk_evidence_insufficient,0.0,static_best,0.0,,,,hybrid-session-016-turn-0,2.625,0.0,2.625,0.0,0.0,/DATACENTER3/zhenxiang.wang/work/TailGuardKV/.worktrees/baseline-smoke-final-aggregation/out/full_25session_baseline_9_14/full/policy_attempts/full40_20260916_h2o_static_safe/seed20260906,True,calibrated safe,hybrid-session-016,chat,103.30472304485738,0,risk_evidence_insufficient
kivi_4bit_residual64,10.0,0.1,False,True,online_qwen,True,,/DATACENTER3/zhenxiang.wang/work/TailGuardKV/.worktrees/baseline-smoke-final-aggregation/out/full_25session_baseline_9_14/full/policy_attempts/full40_20260916_h2o_static_safe/seed20260906/config.yaml,,,,,0.1,True,,0.05,,1.75,False,kivi_4bit_residual64,True,,balanced_two_gpu,1,persistent,28075.311719905585,54283,32243.244708981365,,,15.0,14.6015625,2.40625,2.40625,2.40625,1366.0813530441374,unknown,True,,True,,False,,15092.24072265625,True,static_best,False,0.0,0.0,kivi_4bit_residual64,0.0,,risk_evidence_insufficient,0.0,static_best,0.0,,,,hybrid-session-020-turn-0,2.40625,0.0,2.40625,0.0,0.0,/DATACENTER3/zhenxiang.wang/work/TailGuardKV/.worktrees/baseline-smoke-final-aggregation/out/full_25session_baseline_9_14/full/policy_attempts/full40_20260916_h2o_static_safe/seed20260906,True,calibrated safe,hybrid-session-020,chat,117.6626409869641,0,risk_evidence_insufficient
kivi_4bit_residual64,11.0,0.1,False,True,online_qwen,True,,/DATACENTER3/zhenxiang.wang/work/TailGuardKV/.worktrees/baseline-smoke-final-aggregation/out/full_25session_baseline_9_14/full/policy_attempts/full40_20260916_h2o_static_safe/seed20260906/config.yaml,,,,,0.1,True,,0.05,,1.9140625,False,kivi_4bit_residual64,True,,balanced_two_gpu,1,persistent,28075.311719905585,54283,32243.244708981365,,,15.0,14.984375,2.296875,2.296875,2.296875,1718.7289060093462,unknown,True,,True,,False,,15090.54931640625,True,static_best,False,0.0,0.0,kivi_4bit_residual64,0.0,,risk_evidence_insufficient,0.0,static_best,0.0,,,,hybrid-session-021-turn-0,2.296875,0.0,2.296875,0.0,0.0,/DATACENTER3/zhenxiang.wang/work/TailGuardKV/.worktrees/baseline-smoke-final-aggregation/out/full_25session_baseline_9_14/full/policy_attempts/full40_20260916_h2o_static_safe/seed20260906,True,calibrated safe,hybrid-session-021,chat,123.47822799347341,0,risk_evidence_insufficient
kivi_4bit_residual64,12.0,0.1,False,True,online_qwen,True,,/DATACENTER3/zhenxiang.wang/work/TailGuardKV/.worktrees/baseline-smoke-final-aggregation/out/full_25session_baseline_9_14/full/policy_attempts/full40_20260916_h2o_static_safe/seed20260906/config.yaml,,,,,0.1,True,,0.05,,2.625,False,kivi_4bit_residual64,True,,balanced_two_gpu,1,persistent,28075.311719905585,54283,32243.244708981365,,,15.0,14.328125,1.96875,1.96875,1.96875,1710.9131631441414,unknown,True,,True,,False,,15081.18603515625,True,static_best,False,0.0,0.0,kivi_4bit_residual64,0.0,,risk_evidence_insufficient,0.0,static_best,0.0,,,,hybrid-session-025-turn-0,1.96875,0.0,1.96875,0.0,0.0,/DATACENTER3/zhenxiang.wang/work/TailGuardKV/.worktrees/baseline-smoke-final-aggregation/out/full_25session_baseline_9_14/full/policy_attempts/full40_20260916_h2o_static_safe/seed20260906,True,calibrated safe,hybrid-session-025,chat,126.48174702189863,0,risk_evidence_insufficient
kivi_4bit_residual64,13.0,0.1,False,True,online_qwen,True,,/DATACENTER3/zhenxiang.wang/work/TailGuardKV/.worktrees/baseline-smoke-final-aggregation/out/full_25session_baseline_9_14/full/policy_attempts/full40_20260916_h2o_static_safe/seed20260906/config.yaml,,,,,0.1,True,,0.05,,1.6953125,False,kivi_4bit_residual64,True,,balanced_two_gpu,1,persistent,28075.311719905585,54283,32243.244708981365,,,15.0,14.8203125,2.1875,2.1875,2.1875,1506.8114150781184,unknown,True,,True,,False,,15086.57666015625,True,static_best,False,0.0,0.0,kivi_4bit_residual64,0.0,,risk_evidence_insufficient,0.0,static_best,0.0,,,,hybrid-session-026-turn-0,2.1875,0.0,2.1875,0.0,0.0,/DATACENTER3/zhenxiang.wang/work/TailGuardKV/.worktrees/baseline-smoke-final-aggregation/out/full_25session_baseline_9_14/full/policy_attempts/full40_20260916_h2o_static_safe/seed20260906,True,calibrated safe,hybrid-session-026,chat,118.18388104438782,0,risk_evidence_insufficient
kivi_4bit_residual64,13.0,0.1,False,True,online_qwen,True,,/DATACENTER3/zhenxiang.wang/work/TailGuardKV/.worktrees/baseline-smoke-final-aggregation/out/full_25session_baseline_9_14/full/policy_attempts/full40_20260916_h2o_static_safe/seed20260906/config.yaml,,,,,0.1,True,,0.05,,3.3359375,False,kivi_4bit_residual64,True,,balanced_two_gpu,1,persistent,28075.311719905585,54283,32243.244708981365,,,15.0,14.104248046875,2.619873046875,2.619873046875,2.619873046875,5555.8187069837,unknown,True,,True,,False,,15137.66650390625,True,static_best,False,0.0,0.0,kivi_4bit_residual64,0.0,,risk_evidence_insufficient,0.0,static_best,131.48810295388103,,,,hybrid-session-002-turn-1,2.619873046875,0.0,2.619873046875,0.0,0.0,/DATACENTER3/zhenxiang.wang/work/TailGuardKV/.worktrees/baseline-smoke-final-aggregation/out/full_25session_baseline_9_14/full/policy_attempts/full40_20260916_h2o_static_safe/seed20260906,True,calibrated safe,hybrid-session-002,chat,132.168787997216,1,risk_evidence_insufficient
kivi_4bit_residual64,13.0,0.1,True,False,online_qwen,False,,/DATACENTER3/zhenxiang.wang/work/TailGuardKV/.worktrees/baseline-smoke-final-aggregation/out/full_25session_baseline_9_14/full/policy_attempts/full40_20260916_h2o_static_safe/seed20260906/config.yaml,,,,,0.1,True,,0.05,"OutOfMemoryError: CUDA out of memory. Tried to allocate 24.00 MiB. GPU 0 has a total capacity of 10.75 GiB of which 17.62 MiB is free. Including non-PyTorch memory, this process has 7.80 GiB memory in use. Process 55378 has 2.93 GiB memory in use. Of the allocated memory 6.90 GiB is allocated by PyTorch, and 113.50 MiB is reserved by PyTorch but unallocated. If reserved but unallocated memory is large try setting PYTORCH_CUDA_ALLOC_CONF=expandable_segments:True to avoid fragmentation.  See documentation for Memory Management  (https://pytorch.org/docs/stable/notes/cuda.html#environment-variables)",14.104248046875,False,kivi_4bit_residual64,True,,balanced_two_gpu,1,persistent,28075.311719905585,54283,32243.244708981365,true,,15.0,0.0,,,,,unknown,False,,False,,False,,,True,static_best,False,0.0,0.0,kivi_4bit_residual64,0.0,,risk_evidence_insufficient,0.0,static_best,0.0,,,,hybrid-session-003-turn-1,0.0,0.0,,0.0,0.0,/DATACENTER3/zhenxiang.wang/work/TailGuardKV/.worktrees/baseline-smoke-final-aggregation/out/full_25session_baseline_9_14/full/policy_attempts/full40_20260916_h2o_static_safe/seed20260906,True,calibrated safe,hybrid-session-003,chat,,1,risk_evidence_insufficient
kivi_4bit_residual64,13.0,0.1,False,False,online_qwen,False,,/DATACENTER3/zhenxiang.wang/work/TailGuardKV/.worktrees/baseline-smoke-final-aggregation/out/full_25session_baseline_9_14/full/policy_attempts/full40_20260916_h2o_static_safe/seed20260906/config.yaml,,,,,0.1,True,,0.05,,0,False,kivi_4bit_residual64,True,,balanced_two_gpu,1,persistent,28075.311719905585,54283,32243.244708981365,,,15.0,6.208740234375,2.87109375,2.87109375,2.87109375,2163.130850996822,unknown,True,,True,,False,,15136.59912109375,True,static_best,False,0.0,0.0,kivi_4bit_residual64,0.0,,risk_evidence_insufficient,0.0,static_best,197.59939005598426,,,,hybrid-session-005-turn-1,2.87109375,0.0,2.87109375,0.0,0.0,/DATACENTER3/zhenxiang.wang/work/TailGuardKV/.worktrees/baseline-smoke-final-aggregation/out/full_25session_baseline_9_14/full/policy_attempts/full40_20260916_h2o_static_safe/seed20260906,True,calibrated safe,hybrid-session-005,chat,198.67318496108055,1,risk_evidence_insufficient
kivi_4bit_residual64,13.0,0.1,False,False,online_qwen,False,,/DATACENTER3/zhenxiang.wang/work/TailGuardKV/.worktrees/baseline-smoke-final-aggregation/out/full_25session_baseline_9_14/full/policy_attempts/full40_20260916_h2o_static_safe/seed20260906/config.yaml,,,,,0.1,True,,0.05,,0,False,kivi_4bit_residual64,True,,balanced_two_gpu,1,persistent,28075.311719905585,54283,32243.244708981365,,,15.0,9.725830078125,3.51708984375,3.51708984375,3.51708984375,2614.95942203328,unknown,True,,True,,False,,15164.60791015625,True,static_best,False,0.0,0.0,kivi_4bit_residual64,0.0,,risk_evidence_insufficient,0.0,static_best,198.54197604581714,,,,hybrid-session-006-turn-1,3.51708984375,0.0,3.51708984375,0.0,0.0,/DATACENTER3/zhenxiang.wang/work/TailGuardKV/.worktrees/baseline-smoke-final-aggregation/out/full_25session_baseline_9_14/full/policy_attempts/full40_20260916_h2o_static_safe/seed20260906,True,calibrated safe,hybrid-session-006,chat,199.3729011155665,1,risk_evidence_insufficient
kivi_4bit_residual64,13.0,0.1,False,False,online_qwen,False,,/DATACENTER3/zhenxiang.wang/work/TailGuardKV/.worktrees/baseline-smoke-final-aggregation/out/full_25session_baseline_9_14/full/policy_attempts/full40_20260916_h2o_static_safe/seed20260906/config.yaml,,,,,0.1,True,,0.05,,0,False,kivi_4bit_residual64,True,,balanced_two_gpu,1,persistent,28075.311719905585,54283,32243.244708981365,,,15.0,12.022705078125,2.296875,2.296875,2.296875,1737.4435260426253,unknown,True,,True,,False,,15118.29150390625,True,static_best,False,0.0,0.0,kivi_4bit_residual64,0.0,,risk_evidence_insufficient,0.0,static_best,125.42731198482215,,,,hybrid-session-009-turn-1,2.296875,0.0,2.296875,0.0,0.0,/DATACENTER3/zhenxiang.wang/work/TailGuardKV/.worktrees/baseline-smoke-final-aggregation/out/full_25session_baseline_9_14/full/policy_attempts/full40_20260916_h2o_static_safe/seed20260906,True,calibrated safe,hybrid-session-009,chat,126.38694513589144,1,risk_evidence_insufficient
kivi_4bit_residual64,13.0,0.1,False,True,online_qwen,True,,/DATACENTER3/zhenxiang.wang/work/TailGuardKV/.worktrees/baseline-smoke-final-aggregation/out/full_25session_baseline_9_14/full/policy_attempts/full40_20260916_h2o_static_safe/seed20260906/config.yaml,,,,,0.1,True,,0.05,,3.337646484375,False,kivi_4bit_residual64,True,,balanced_two_gpu,1,persistent,28075.311719905585,54283,32243.244708981365,,,15.0,11.96630859375,3.28125,3.28125,3.28125,1696.9699379988015,unknown,True,,True,,False,,15114.54150390625,True,static_best,False,0.0,0.0,kivi_4bit_residual64,0.0,,risk_evidence_insufficient,0.0,static_best,119.32169389910996,,,,hybrid-session-010-turn-1,3.28125,0.0,3.28125,0.0,0.0,/DATACENTER3/zhenxiang.wang/work/TailGuardKV/.worktrees/baseline-smoke-final-aggregation/out/full_25session_baseline_9_14/full/policy_attempts/full40_20260916_h2o_static_safe/seed20260906,True,calibrated safe,hybrid-session-010,chat,120.16277201473713,1,risk_evidence_insufficient
kivi_4bit_residual64,13.0,0.1,False,True,online_qwen,True,,/DATACENTER3/zhenxiang.wang/work/TailGuardKV/.worktrees/baseline-smoke-final-aggregation/out/full_25session_baseline_9_14/full/policy_attempts/full40_20260916_h2o_static_safe/seed20260906/config.yaml,,,,,0.1,True,,0.05,,2.87109375,False,kivi_4bit_residual64,True,,balanced_two_gpu,1,persistent,28075.311719905585,54283,32243.244708981365,,,15.0,12.43115234375,3.3359375,3.3359375,3.3359375,1713.8079069554806,unknown,True,,True,,False,,15116.64306640625,True,static_best,False,0.0,0.0,kivi_4bit_residual64,0.0,,risk_evidence_insufficient,0.0,static_best,122.46002908796072,,,,hybrid-session-013-turn-1,3.3359375,0.0,3.3359375,0.0,0.0,/DATACENTER3/zhenxiang.wang/work/TailGuardKV/.worktrees/baseline-smoke-final-aggregation/out/full_25session_baseline_9_14/full/policy_attempts/full40_20260916_h2o_static_safe/seed20260906,True,calibrated safe,hybrid-session-013,chat,123.58321389183402,1,risk_evidence_insufficient
kivi_4bit_residual64,13.0,0.1,False,True,online_qwen,True,,/DATACENTER3/zhenxiang.wang/work/TailGuardKV/.worktrees/baseline-smoke-final-aggregation/out/full_25session_baseline_9_14/full/policy_attempts/full40_20260916_h2o_static_safe/seed20260906/config.yaml,,,,,0.1,True,,0.05,,3.51708984375,False,kivi_4bit_residual64,True,,balanced_two_gpu,1,persistent,28075.311719905585,54283,32243.244708981365,,,15.0,11.677490234375,2.763427734375,2.763427734375,2.763427734375,2435.269203968346,unknown,True,,True,,False,,15140.72509765625,True,static_best,False,0.0,0.0,kivi_4bit_residual64,0.0,,risk_evidence_insufficient,0.0,static_best,123.38697304949164,,,,hybrid-session-016-turn-1,2.763427734375,0.0,2.763427734375,0.0,0.0,/DATACENTER3/zhenxiang.wang/work/TailGuardKV/.worktrees/baseline-smoke-final-aggregation/out/full_25session_baseline_9_14/full/policy_attempts/full40_20260916_h2o_static_safe/seed20260906,True,calibrated safe,hybrid-session-016,chat,124.06325293704867,1,risk_evidence_insufficient
kivi_4bit_residual64,13.0,0.1,False,False,online_qwen,False,,/DATACENTER3/zhenxiang.wang/work/TailGuardKV/.worktrees/baseline-smoke-final-aggregation/out/full_25session_baseline_9_14/full/policy_attempts/full40_20260916_h2o_static_safe/seed20260906/config.yaml,,,,,0.1,True,,0.05,,0,False,kivi_4bit_residual64,True,,balanced_two_gpu,1,persistent,28075.311719905585,54283,32243.244708981365,,,15.0,14.548583984375,2.87109375,2.87109375,2.87109375,2581.406597048044,unknown,True,,True,,False,,15145.52880859375,True,static_best,False,0.0,0.0,kivi_4bit_residual64,0.0,,risk_evidence_insufficient,0.0,static_best,187.58015683852136,,,,hybrid-session-020-turn-1,2.87109375,0.0,2.87109375,0.0,0.0,/DATACENTER3/zhenxiang.wang/work/TailGuardKV/.worktrees/baseline-smoke-final-aggregation/out/full_25session_baseline_9_14/full/policy_attempts/full40_20260916_h2o_static_safe/seed20260906,True,calibrated safe,hybrid-session-020,chat,188.4077179711312,1,risk_evidence_insufficient
kivi_4bit_residual64,13.0,0.1,False,True,online_qwen,True,,/DATACENTER3/zhenxiang.wang/work/TailGuardKV/.worktrees/baseline-smoke-final-aggregation/out/full_25session_baseline_9_14/full/policy_attempts/full40_20260916_h2o_static_safe/seed20260906/config.yaml,,,,,0.1,True,,0.05,,5.578125,False,kivi_4bit_residual64,True,,balanced_two_gpu,1,persistent,28075.311719905585,54283,32243.244708981365,,,15.0,12.02099609375,3.050537109375,3.050537109375,3.050537109375,2605.3027119487524,unknown,True,,True,,False,,15153.53369140625,True,static_best,False,0.0,0.0,kivi_4bit_residual64,0.0,,risk_evidence_insufficient,0.0,static_best,193.78225784748793,,,,hybrid-session-021-turn-1,3.050537109375,0.0,3.050537109375,0.0,0.0,/DATACENTER3/zhenxiang.wang/work/TailGuardKV/.worktrees/baseline-smoke-final-aggregation/out/full_25session_baseline_9_14/full/policy_attempts/full40_20260916_h2o_static_safe/seed20260906,True,calibrated safe,hybrid-session-021,chat,194.67667094431818,1,risk_evidence_insufficient
kivi_4bit_residual64,13.0,0.1,False,True,online_qwen,True,,/DATACENTER3/zhenxiang.wang/work/TailGuardKV/.worktrees/baseline-smoke-final-aggregation/out/full_25session_baseline_9_14/full/policy_attempts/full40_20260916_h2o_static_safe/seed20260906/config.yaml,,,,,0.1,True,,0.05,,3.3359375,False,kivi_4bit_residual64,True,,balanced_two_gpu,1,persistent,28075.311719905585,54283,32243.244708981365,,,15.0,12.07568359375,3.390625,3.390625,3.390625,1704.3449108023196,unknown,True,,True,,False,,15119.40576171875,True,static_best,False,0.005128205128205128,0.005128205128205128,kivi_4bit_residual64,0.005128205128205128,,risk_evidence_insufficient,0.0,static_best,127.30178493075073,,,,hybrid-session-025-turn-1,3.390625,0.0,3.390625,0.0,0.005128205128205128,/DATACENTER3/zhenxiang.wang/work/TailGuardKV/.worktrees/baseline-smoke-final-aggregation/out/full_25session_baseline_9_14/full/policy_attempts/full40_20260916_h2o_static_safe/seed20260906,True,calibrated safe,hybrid-session-025,chat,128.1292208004743,1,risk_evidence_insufficient
kivi_4bit_residual64,13.0,0.1,False,True,online_qwen,True,,/DATACENTER3/zhenxiang.wang/work/TailGuardKV/.worktrees/baseline-smoke-final-aggregation/out/full_25session_baseline_9_14/full/policy_attempts/full40_20260916_h2o_static_safe/seed20260906/config.yaml,,,,,0.1,True,,0.05,,2.763427734375,False,kivi_4bit_residual64,True,,balanced_two_gpu,1,persistent,28075.311719905585,54283,32243.244708981365,,,15.0,12.398681640625,3.08642578125,3.08642578125,3.08642578125,2611.131955869496,unknown,True,,True,,False,,15154.20751953125,True,static_best,False,0.0,0.0,kivi_4bit_residual64,0.0,,risk_evidence_insufficient,0.0,static_best,200.06557693704963,,,,hybrid-session-026-turn-1,3.08642578125,0.0,3.08642578125,0.0,0.0,/DATACENTER3/zhenxiang.wang/work/TailGuardKV/.worktrees/baseline-smoke-final-aggregation/out/full_25session_baseline_9_14/full/policy_attempts/full40_20260916_h2o_static_safe/seed20260906,True,calibrated safe,hybrid-session-026,chat,200.7960348855704,1,risk_evidence_insufficient
kivi_4bit_residual64,13.0,0.1,True,False,online_qwen,False,,/DATACENTER3/zhenxiang.wang/work/TailGuardKV/.worktrees/baseline-smoke-final-aggregation/out/full_25session_baseline_9_14/full/policy_attempts/full40_20260916_h2o_static_safe/seed20260906/config.yaml,,,,,0.1,True,,0.05,"OutOfMemoryError: CUDA out of memory. Tried to allocate 20.00 MiB. GPU 0 has a total capacity of 10.75 GiB of which 15.62 MiB is free. Including non-PyTorch memory, this process has 7.80 GiB memory in use. Process 56920 has 2.93 GiB memory in use. Of the allocated memory 6.91 GiB is allocated by PyTorch, and 105.93 MiB is reserved by PyTorch but unallocated. If reserved but unallocated memory is large try setting PYTORCH_CUDA_ALLOC_CONF=expandable_segments:True to avoid fragmentation.  See documentation for Memory Management  (https://pytorch.org/docs/stable/notes/cuda.html#environment-variables)",12.398681640625,False,kivi_4bit_residual64,True,,balanced_two_gpu,1,persistent,28075.311719905585,54283,32243.244708981365,true,,15.0,0.0,,,,,unknown,False,,False,,False,,,True,static_best,False,0.0,0.0,kivi_4bit_residual64,0.0,,risk_evidence_insufficient,0.0,static_best,0.0,,,,hybrid-session-002-turn-2,0.0,0.0,,0.0,0.0,/DATACENTER3/zhenxiang.wang/work/TailGuardKV/.worktrees/baseline-smoke-final-aggregation/out/full_25session_baseline_9_14/full/policy_attempts/full40_20260916_h2o_static_safe/seed20260906,True,calibrated safe,hybrid-session-002,qa,,2,risk_evidence_insufficient
kivi_4bit_residual64,13.0,0.1,False,False,online_qwen,False,,/DATACENTER3/zhenxiang.wang/work/TailGuardKV/.worktrees/baseline-smoke-final-aggregation/out/full_25session_baseline_9_14/full/policy_attempts/full40_20260916_h2o_static_safe/seed20260906/config.yaml,,,,,0.1,True,,0.05,,0,False,kivi_4bit_residual64,True,,balanced_two_gpu,1,persistent,28075.311719905585,54283,32243.244708981365,,,15.0,9.202880859375,4.9150390625,4.9150390625,4.9150390625,2713.3369990624487,unknown,True,,True,,False,,15320.66357421875,True,static_best,False,0.03418803418803419,0.03418803418803419,kivi_4bit_residual64,0.03418803418803419,,risk_evidence_insufficient,0.0,static_best,242.4607709981501,,,,hybrid-session-004-turn-2,4.9150390625,0.0,4.9150390625,0.0,0.3418803418803419,/DATACENTER3/zhenxiang.wang/work/TailGuardKV/.worktrees/baseline-smoke-final-aggregation/out/full_25session_baseline_9_14/full/policy_attempts/full40_20260916_h2o_static_safe/seed20260906,False,calibrated unsafe,hybrid-session-004,qa,243.29579691402614,2,risk_evidence_insufficient
kivi_4bit_residual64,13.0,0.1,False,False,online_qwen,False,,/DATACENTER3/zhenxiang.wang/work/TailGuardKV/.worktrees/baseline-smoke-final-aggregation/out/full_25session_baseline_9_14/full/policy_attempts/full40_20260916_h2o_static_safe/seed20260906/config.yaml,,,,,0.1,True,,0.05,,0,False,kivi_4bit_residual64,True,,balanced_two_gpu,1,persistent,28075.311719905585,54283,32243.244708981365,,,15.0,13.86669921875,4.663818359375,4.663818359375,4.663818359375,2287.0461349375546,unknown,True,,True,,False,,15314.46337890625,True,static_best,False,0.0,0.0,kivi_4bit_residual64,0.0,,risk_evidence_insufficient,0.0,static_best,246.43042194657028,,,,hybrid-session-005-turn-2,4.663818359375,0.0,4.663818359375,0.0,0.0,/DATACENTER3/zhenxiang.wang/work/TailGuardKV/.worktrees/baseline-smoke-final-aggregation/out/full_25session_baseline_9_14/full/policy_attempts/full40_20260916_h2o_static_safe/seed20260906,True,calibrated safe,hybrid-session-005,summary,247.2497730050236,2,risk_evidence_insufficient
kivi_4bit_residual64,13.0,0.1,False,True,online_qwen,True,,/DATACENTER3/zhenxiang.wang/work/TailGuardKV/.worktrees/baseline-smoke-final-aggregation/out/full_25session_baseline_9_14/full/policy_attempts/full40_20260916_h2o_static_safe/seed20260906/config.yaml,,,,,0.1,True,,0.05,,9.202880859375,False,kivi_4bit_residual64,True,,balanced_two_gpu,1,persistent,28075.311719905585,54283,32243.244708981365,,,15.0,10.870849609375,6.20703125,6.20703125,6.20703125,2477.8122908901423,unknown,True,,True,,False,,15382.86279296875,True,static_best,False,0.03418803418803419,0.03418803418803419,kivi_4bit_residual64,0.03418803418803419,,risk_evidence_insufficient,0.0,static_best,281.6094867885113,,,,hybrid-session-006-turn-2,6.20703125,0.0,6.20703125,0.0,0.3418803418803419,/DATACENTER3/zhenxiang.wang/work/TailGuardKV/.worktrees/baseline-smoke-final-aggregation/out/full_25session_baseline_9_14/full/policy_attempts/full40_20260916_h2o_static_safe/seed20260906,False,calibrated unsafe,hybrid-session-006,qa,282.4080779682845,2,risk_evidence_insufficient
kivi_4bit_residual64,13.0,0.1,False,True,online_qwen,True,,/DATACENTER3/zhenxiang.wang/work/TailGuardKV/.worktrees/baseline-smoke-final-aggregation/out/full_25session_baseline_9_14/full/policy_attempts/full40_20260916_h2o_static_safe/seed20260906/config.yaml,,,,,0.1,True,,0.05,,4.663818359375,False,kivi_4bit_residual64,True,,balanced_two_gpu,1,persistent,28075.311719905585,54283,32243.244708981365,,,15.0,11.356201171875,5.149169921875,5.149169921875,5.149169921875,2682.5637409929186,unknown,True,,True,,False,,15286.47119140625,True,static_best,False,0.0,0.0,kivi_4bit_residual64,0.0,,risk_evidence_insufficient,0.0,static_best,239.49229693971574,,,,hybrid-session-009-turn-2,5.149169921875,0.0,5.149169921875,0.0,0.0,/DATACENTER3/zhenxiang.wang/work/TailGuardKV/.worktrees/baseline-smoke-final-aggregation/out/full_25session_baseline_9_14/full/policy_attempts/full40_20260916_h2o_static_safe/seed20260906,True,calibrated safe,hybrid-session-009,summary,240.56928092613816,2,risk_evidence_insufficient
kivi_4bit_residual64,13.0,0.1,False,True,online_qwen,True,,/DATACENTER3/zhenxiang.wang/work/TailGuardKV/.worktrees/baseline-smoke-final-aggregation/out/full_25session_baseline_9_14/full/policy_attempts/full40_20260916_h2o_static_safe/seed20260906/config.yaml,,,,,0.1,True,,0.05,,6.20703125,False,kivi_4bit_residual64,True,,balanced_two_gpu,1,persistent,28075.311719905585,54283,32243.244708981365,,,15.0,10.72900390625,5.579833984375,5.579833984375,5.579833984375,2707.187892170623,unknown,True,,True,,False,,15304.72119140625,True,static_best,False,0.0,0.0,kivi_4bit_residual64,0.0,,risk_evidence_insufficient,0.0,static_best,241.86439393088222,,,,hybrid-session-010-turn-2,5.579833984375,0.0,5.579833984375,0.0,0.0,/DATACENTER3/zhenxiang.wang/work/TailGuardKV/.worktrees/baseline-smoke-final-aggregation/out/full_25session_baseline_9_14/full/policy_attempts/full40_20260916_h2o_static_safe/seed20260906,True,calibrated safe,hybrid-session-010,qa,242.6065350882709,2,risk_evidence_insufficient
kivi_4bit_residual64,13.0,0.1,True,False,online_qwen,False,,/DATACENTER3/zhenxiang.wang/work/TailGuardKV/.worktrees/baseline-smoke-final-aggregation/out/full_25session_baseline_9_14/full/policy_attempts/full40_20260916_h2o_static_safe/seed20260906/config.yaml,,,,,0.1,True,,0.05,"OutOfMemoryError: CUDA out of memory. Tried to allocate 20.00 MiB. GPU 0 has a total capacity of 10.75 GiB of which 15.62 MiB is free. Including non-PyTorch memory, this process has 7.80 GiB memory in use. Process 58162 has 2.93 GiB memory in use. Of the allocated memory 6.90 GiB is allocated by PyTorch, and 107.31 MiB is reserved by PyTorch but unallocated. If reserved but unallocated memory is large try setting PYTORCH_CUDA_ALLOC_CONF=expandable_segments:True to avoid fragmentation.  See documentation for Memory Management  (https://pytorch.org/docs/stable/notes/cuda.html#environment-variables)",10.72900390625,False,kivi_4bit_residual64,True,,balanced_two_gpu,1,persistent,28075.311719905585,54283,32243.244708981365,true,,15.0,0.0,,,,,unknown,False,,False,,False,,,True,static_best,False,0.0,0.0,kivi_4bit_residual64,0.0,,risk_evidence_insufficient,0.0,static_best,0.0,,,,hybrid-session-013-turn-2,0.0,0.0,,0.0,0.0,/DATACENTER3/zhenxiang.wang/work/TailGuardKV/.worktrees/baseline-smoke-final-aggregation/out/full_25session_baseline_9_14/full/policy_attempts/full40_20260916_h2o_static_safe/seed20260906,True,calibrated safe,hybrid-session-013,summary,,2,risk_evidence_insufficient
kivi_4bit_residual64,13.0,0.1,True,False,online_qwen,False,,/DATACENTER3/zhenxiang.wang/work/TailGuardKV/.worktrees/baseline-smoke-final-aggregation/out/full_25session_baseline_9_14/full/policy_attempts/full40_20260916_h2o_static_safe/seed20260906/config.yaml,,,,,0.1,True,,0.05,,0,False,kivi_4bit_residual64,True,,balanced_two_gpu,1,persistent,28075.311719905585,54283,32243.244708981365,,,15.0,9.435302734375,4.735595703125,4.735595703125,4.735595703125,2197.153254877776,unknown,True,,True,,False,,15313.55322265625,True,static_best,False,0.03418803418803419,0.03418803418803419,kivi_4bit_residual64,0.03418803418803419,,risk_evidence_insufficient,0.0,static_best,230.29458010569215,,,,hybrid-session-020-turn-2,4.735595703125,0.0,4.735595703125,0.0,0.3418803418803419,/DATACENTER3/zhenxiang.wang/work/TailGuardKV/.worktrees/baseline-smoke-final-aggregation/out/full_25session_baseline_9_14/full/policy_attempts/full40_20260916_h2o_static_safe/seed20260906,False,calibrated unsafe,hybrid-session-020,qa,235.4842338245362,2,risk_evidence_insufficient
kivi_4bit_residual64,13.0,0.1,False,False,online_qwen,False,,/DATACENTER3/zhenxiang.wang/work/TailGuardKV/.worktrees/baseline-smoke-final-aggregation/out/full_25session_baseline_9_14/full/policy_attempts/full40_20260916_h2o_static_safe/seed20260906/config.yaml,,,,,0.1,True,,0.05,,0,False,kivi_4bit_residual64,True,,balanced_two_gpu,1,persistent,28075.311719905585,54283,32243.244708981365,,,15.0,14.52978515625,5.094482421875,5.094482421875,5.094482421875,2676.1749980505556,unknown,True,,True,,False,,15331.34814453125,True,static_best,False,0.0,0.0,kivi_4bit_residual64,0.0,,risk_evidence_insufficient,0.0,static_best,259.6764250192791,,,,hybrid-session-021-turn-2,5.094482421875,0.0,5.094482421875,0.0,0.0,/DATACENTER3/zhenxiang.wang/work/TailGuardKV/.worktrees/baseline-smoke-final-aggregation/out/full_25session_baseline_9_14/full/policy_attempts/full40_20260916_h2o_static_safe/seed20260906,True,calibrated safe,hybrid-session-021,summary,260.48819813877344,2,risk_evidence_insufficient
kivi_4bit_residual64,13.0,0.1,False,True,online_qwen,True,,/DATACENTER3/zhenxiang.wang/work/TailGuardKV/.worktrees/baseline-smoke-final-aggregation/out/full_25session_baseline_9_14/full/policy_attempts/full40_20260916_h2o_static_safe/seed20260906/config.yaml,,,,,0.1,True,,0.05,,9.435302734375,False,kivi_4bit_residual64,True,,balanced_two_gpu,1,persistent,28075.311719905585,54283,32243.244708981365,,,15.0,10.53076171875,5.436279296875,5.436279296875,5.436279296875,2632.6433659996837,unknown,True,,True,,False,,15301.99658203125,True,static_best,False,0.0,0.0,kivi_4bit_residual64,0.0,,risk_evidence_insufficient,0.0,static_best,241.11902411095798,,,,hybrid-session-025-turn-2,5.436279296875,0.0,5.436279296875,0.0,0.0,/DATACENTER3/zhenxiang.wang/work/TailGuardKV/.worktrees/baseline-smoke-final-aggregation/out/full_25session_baseline_9_14/full/policy_attempts/full40_20260916_h2o_static_safe/seed20260906,True,calibrated safe,hybrid-session-025,summary,241.9594859238714,2,risk_evidence_insufficient
kivi_4bit_residual64,13.0,0.1,False,True,online_qwen,True,,/DATACENTER3/zhenxiang.wang/work/TailGuardKV/.worktrees/baseline-smoke-final-aggregation/out/full_25session_baseline_9_14/full/policy_attempts/full40_20260916_h2o_static_safe/seed20260906/config.yaml,,,,,0.1,True,,0.05,,5.094482421875,False,kivi_4bit_residual64,True,,balanced_two_gpu,1,persistent,28075.311719905585,54283,32243.244708981365,,,15.0,10.638427734375,5.2021484375,5.2021484375,5.2021484375,2272.49389491044,unknown,True,,True,,False,,15337.77197265625,True,static_best,False,0.03418803418803419,0.03418803418803419,kivi_4bit_residual64,0.03418803418803419,,risk_evidence_insufficient,0.0,static_best,258.90474393963814,,,,hybrid-session-026-turn-2,5.2021484375,0.0,5.2021484375,0.0,0.3418803418803419,/DATACENTER3/zhenxiang.wang/work/TailGuardKV/.worktrees/baseline-smoke-final-aggregation/out/full_25session_baseline_9_14/full/policy_attempts/full40_20260916_h2o_static_safe/seed20260906,False,calibrated unsafe,hybrid-session-026,qa,259.8224610555917,2,risk_evidence_insufficient
kivi_4bit_residual64,13.0,0.1,False,False,online_qwen,False,,/DATACENTER3/zhenxiang.wang/work/TailGuardKV/.worktrees/baseline-smoke-final-aggregation/out/full_25session_baseline_9_14/full/policy_attempts/full40_20260916_h2o_static_safe/seed20260906/config.yaml,,,,,0.1,True,,0.05,,0,False,kivi_4bit_residual64,True,,balanced_two_gpu,1,persistent,28075.311719905585,54283,32243.244708981365,,,15.0,14.9091796875,4.270751953125,4.270751953125,4.270751953125,2578.962672036141,unknown,True,,True,,False,,15200.40673828125,True,static_best,False,0.0,0.0,kivi_4bit_residual64,0.0,,risk_evidence_insufficient,0.0,static_best,198.68433685041964,,,,hybrid-session-002-turn-3,4.270751953125,0.0,4.270751953125,0.0,0.0,/DATACENTER3/zhenxiang.wang/work/TailGuardKV/.worktrees/baseline-smoke-final-aggregation/out/full_25session_baseline_9_14/full/policy_attempts/full40_20260916_h2o_static_safe/seed20260906,True,calibrated safe,hybrid-session-002,qa,199.38088906928897,3,risk_evidence_insufficient
kivi_4bit_residual64,13.0,0.1,False,True,online_qwen,True,,/DATACENTER3/zhenxiang.wang/work/TailGuardKV/.worktrees/baseline-smoke-final-aggregation/out/full_25session_baseline_9_14/full/policy_attempts/full40_20260916_h2o_static_safe/seed20260906/config.yaml,,,,,0.1,True,,0.05,,5.436279296875,False,kivi_4bit_residual64,True,,balanced_two_gpu,1,persistent,28075.311719905585,54283,32243.244708981365,,,15.0,14.20849609375,4.735595703125,4.735595703125,4.735595703125,2681.3726499676704,unknown,True,,True,,False,,15323.17431640625,True,static_best,False,0.0,0.0,kivi_4bit_residual64,0.0,,risk_evidence_insufficient,0.0,static_best,236.88331292942166,,,,hybrid-session-003-turn-3,4.735595703125,0.0,4.735595703125,0.0,0.0,/DATACENTER3/zhenxiang.wang/work/TailGuardKV/.worktrees/baseline-smoke-final-aggregation/out/full_25session_baseline_9_14/full/policy_attempts/full40_20260916_h2o_static_safe/seed20260906,True,calibrated safe,hybrid-session-003,summary,237.76474385522306,3,risk_evidence_insufficient
kivi_4bit_residual64,13.0,0.1,False,True,online_qwen,True,,/DATACENTER3/zhenxiang.wang/work/TailGuardKV/.worktrees/baseline-smoke-final-aggregation/out/full_25session_baseline_9_14/full/policy_attempts/full40_20260916_h2o_static_safe/seed20260906/config.yaml,,,,,0.1,True,,0.05,,9.472900390625,False,kivi_4bit_residual64,True,,balanced_two_gpu,1,persistent,28075.311719905585,54283,32243.244708981365,,,15.0,11.33740234375,6.601806640625,6.601806640625,6.601806640625,2317.737288074568,unknown,True,,True,,False,,15399.54541015625,True,static_best,False,0.03418803418803419,0.03418803418803419,kivi_4bit_residual64,0.03418803418803419,,risk_evidence_insufficient,0.0,static_best,272.0538480207324,,,,hybrid-session-004-turn-3,6.601806640625,0.0,6.601806640625,0.0,0.3418803418803419,/DATACENTER3/zhenxiang.wang/work/TailGuardKV/.worktrees/baseline-smoke-final-aggregation/out/full_25session_baseline_9_14/full/policy_attempts/full40_20260916_h2o_static_safe/seed20260906,False,calibrated unsafe,hybrid-session-004,qa,272.7758421096951,3,risk_evidence_insufficient
kivi_4bit_residual64,13.0,0.1,False,True,online_qwen,True,,/DATACENTER3/zhenxiang.wang/work/TailGuardKV/.worktrees/baseline-smoke-final-aggregation/out/full_25session_baseline_9_14/full/policy_attempts/full40_20260916_h2o_static_safe/seed20260906/config.yaml,,,,,0.1,True,,0.05,,4.735595703125,False,kivi_4bit_residual64,True,,balanced_two_gpu,1,persistent,28075.311719905585,54283,32243.244708981365,,,15.0,12.91650390625,6.314697265625,6.314697265625,6.314697265625,2427.978642983362,unknown,True,,True,,False,,15384.77197265625,True,static_best,False,0.0,0.0,kivi_4bit_residual64,0.0,,risk_evidence_insufficient,0.0,static_best,265.96165797673166,,,,hybrid-session-005-turn-3,6.314697265625,0.0,6.314697265625,0.0,0.0,/DATACENTER3/zhenxiang.wang/work/TailGuardKV/.worktrees/baseline-smoke-final-aggregation/out/full_25session_baseline_9_14/full/policy_attempts/full40_20260916_h2o_static_safe/seed20260906,True,calibrated safe,hybrid-session-005,summary,266.7982028797269,3,risk_evidence_insufficient
kivi_4bit_residual64,13.0,0.1,False,True,online_qwen,True,,/DATACENTER3/zhenxiang.wang/work/TailGuardKV/.worktrees/baseline-smoke-final-aggregation/out/full_25session_baseline_9_14/full/policy_attempts/full40_20260916_h2o_static_safe/seed20260906/config.yaml,,,,,0.1,True,,0.05,,6.601806640625,False,kivi_4bit_residual64,True,,balanced_two_gpu,1,persistent,28075.311719905585,54283,32243.244708981365,,,15.0,13.00537109375,6.690673828125,6.690673828125,6.690673828125,2807.0456478744745,unknown,True,,True,,False,,15450.9736328125,True,static_best,False,0.0,0.0,kivi_4bit_residual64,0.0,,risk_evidence_insufficient,0.0,static_best,330.0314568914473,,,,hybrid-session-006-turn-3,6.690673828125,0.0,6.690673828125,0.0,0.0,/DATACENTER3/zhenxiang.wang/work/TailGuardKV/.worktrees/baseline-smoke-final-aggregation/out/full_25session_baseline_9_14/full/policy_attempts/full40_20260916_h2o_static_safe/seed20260906,True,calibrated safe,hybrid-session-006,qa,330.907145049423,3,risk_evidence_insufficient
kivi_4bit_residual64,13.0,0.1,False,True,online_qwen,True,,/DATACENTER3/zhenxiang.wang/work/TailGuardKV/.worktrees/baseline-smoke-final-aggregation/out/full_25session_baseline_9_14/full/policy_attempts/full40_20260916_h2o_static_safe/seed20260906/config.yaml,,,,,0.1,True,,0.05,,6.314697265625,False,kivi_4bit_residual64,True,,balanced_two_gpu,1,persistent,28075.311719905585,54283,32243.244708981365,,,15.0,12.28759765625,5.596923828125,5.596923828125,5.596923828125,2695.541193941608,unknown,True,,True,,False,,15355.70947265625,True,static_best,False,0.0,0.0,kivi_4bit_residual64,0.0,,risk_evidence_insufficient,0.0,static_best,257.22939195111394,,,,hybrid-session-009-turn-3,5.596923828125,0.0,5.596923828125,0.0,0.0,/DATACENTER3/zhenxiang.wang/work/TailGuardKV/.worktrees/baseline-smoke-final-aggregation/out/full_25session_baseline_9_14/full/policy_attempts/full40_20260916_h2o_static_safe/seed20260906,True,calibrated safe,hybrid-session-009,summary,258.0060278996825,3,risk_evidence_insufficient
kivi_4bit_residual64,13.0,0.1,False,True,online_qwen,True,,/DATACENTER3/zhenxiang.wang/work/TailGuardKV/.worktrees/baseline-smoke-final-aggregation/out/full_25session_baseline_9_14/full/policy_attempts/full40_20260916_h2o_static_safe/seed20260906/config.yaml,,,,,0.1,True,,0.05,,6.690673828125,False,kivi_4bit_residual64,True,,balanced_two_gpu,1,persistent,28075.311719905585,54283,32243.244708981365,,,15.0,11.660400390625,6.0634765625,6.0634765625,6.0634765625,2695.5513921566308,unknown,True,,True,,False,,15375.28466796875,True,static_best,False,0.0,0.0,kivi_4bit_residual64,0.0,,risk_evidence_insufficient,0.0,static_best,275.53540584631264,,,,hybrid-session-010-turn-3,6.0634765625,0.0,6.0634765625,0.0,0.0,/DATACENTER3/zhenxiang.wang/work/TailGuardKV/.worktrees/baseline-smoke-final-aggregation/out/full_25session_baseline_9_14/full/policy_attempts/full40_20260916_h2o_static_safe/seed20260906,True,calibrated safe,hybrid-session-010,qa,276.5443262178451,3,risk_evidence_insufficient
kivi_4bit_residual64,13.0,0.1,False,True,online_qwen,True,,/DATACENTER3/zhenxiang.wang/work/TailGuardKV/.worktrees/baseline-smoke-final-aggregation/out/full_25session_baseline_9_14/full/policy_attempts/full40_20260916_h2o_static_safe/seed20260906/config.yaml,,,,,0.1,True,,0.05,,5.596923828125,False,kivi_4bit_residual64,True,,balanced_two_gpu,1,persistent,28075.311719905585,54283,32243.244708981365,,,15.0,9.903564453125,3.840087890625,3.840087890625,3.840087890625,2567.611698061228,unknown,True,,True,,False,,15184.74853515625,True,static_best,False,0.0,0.0,kivi_4bit_residual64,0.0,,risk_evidence_insufficient,0.0,static_best,194.72296885214746,,,,hybrid-session-013-turn-3,3.840087890625,0.0,3.840087890625,0.0,0.0,/DATACENTER3/zhenxiang.wang/work/TailGuardKV/.worktrees/baseline-smoke-final-aggregation/out/full_25session_baseline_9_14/full/policy_attempts/full40_20260916_h2o_static_safe/seed20260906,True,calibrated safe,hybrid-session-013,summary,195.49936102703214,3,risk_evidence_insufficient
kivi_4bit_residual64,13.0,0.1,False,True,online_qwen,True,,/DATACENTER3/zhenxiang.wang/work/TailGuardKV/.worktrees/baseline-smoke-final-aggregation/out/full_25session_baseline_9_14/full/policy_attempts/full40_20260916_h2o_static_safe/seed20260906/config.yaml,,,,,0.1,True,,0.05,,6.0634765625,False,kivi_4bit_residual64,True,,balanced_two_gpu,1,persistent,28075.311719905585,54283,32243.244708981365,,,15.0,10.2265625,6.386474609375,6.386474609375,6.386474609375,2689.729932928458,unknown,True,,True,,False,,15387.45556640625,True,static_best,False,0.0,0.0,kivi_4bit_residual64,0.0,,risk_evidence_insufficient,0.0,static_best,267.7167810034007,,,,hybrid-session-016-turn-3,6.386474609375,0.0,6.386474609375,0.0,0.0,/DATACENTER3/zhenxiang.wang/work/TailGuardKV/.worktrees/baseline-smoke-final-aggregation/out/full_25session_baseline_9_14/full/policy_attempts/full40_20260916_h2o_static_safe/seed20260906,True,calibrated safe,hybrid-session-016,qa,268.4829731006175,3,risk_evidence_insufficient
kivi_4bit_residual64,13.0,0.1,False,True,online_qwen,True,,/DATACENTER3/zhenxiang.wang/work/TailGuardKV/.worktrees/baseline-smoke-final-aggregation/out/full_25session_baseline_9_14/full/policy_attempts/full40_20260916_h2o_static_safe/seed20260906/config.yaml,,,,,0.1,True,,0.05,,3.840087890625,False,kivi_4bit_residual64,True,,balanced_two_gpu,1,persistent,28075.311719905585,54283,32243.244708981365,,,15.0,12.77294921875,6.386474609375,6.386474609375,6.386474609375,2665.8548100385815,unknown,True,,True,,False,,15387.79736328125,True,static_best,False,0.0,0.0,kivi_4bit_residual64,0.0,,risk_evidence_insufficient,0.0,static_best,260.3076291270554,,,,hybrid-session-020-turn-3,6.386474609375,0.0,6.386474609375,0.0,0.0,/DATACENTER3/zhenxiang.wang/work/TailGuardKV/.worktrees/baseline-smoke-final-aggregation/out/full_25session_baseline_9_14/full/policy_attempts/full40_20260916_h2o_static_safe/seed20260906,True,calibrated safe,hybrid-session-020,qa,261.08465204015374,3,risk_evidence_insufficient
kivi_4bit_residual64,13.0,0.1,False,True,online_qwen,True,,/DATACENTER3/zhenxiang.wang/work/TailGuardKV/.worktrees/baseline-smoke-final-aggregation/out/full_25session_baseline_9_14/full/policy_attempts/full40_20260916_h2o_static_safe/seed20260906/config.yaml,,,,,0.1,True,,0.05,,6.386474609375,False,kivi_4bit_residual64,True,,balanced_two_gpu,1,persistent,28075.311719905585,54283,32243.244708981365,,,15.0,13.1318359375,6.745361328125,6.745361328125,6.745361328125,2608.9945030398667,unknown,True,,True,,False,,15405.99853515625,True,static_best,False,0.0,0.0,kivi_4bit_residual64,0.0,,risk_evidence_insufficient,0.0,static_best,265.22510102950037,,,,hybrid-session-021-turn-3,6.745361328125,0.0,6.745361328125,0.0,0.0,/DATACENTER3/zhenxiang.wang/work/TailGuardKV/.worktrees/baseline-smoke-final-aggregation/out/full_25session_baseline_9_14/full/policy_attempts/full40_20260916_h2o_static_safe/seed20260906,True,calibrated safe,hybrid-session-021,summary,265.9299641381949,3,risk_evidence_insufficient
kivi_4bit_residual64,13.0,0.1,False,True,online_qwen,True,,/DATACENTER3/zhenxiang.wang/work/TailGuardKV/.worktrees/baseline-smoke-final-aggregation/out/full_25session_baseline_9_14/full/policy_attempts/full40_20260916_h2o_static_safe/seed20260906/config.yaml,,,,,0.1,True,,0.05,,6.386474609375,False,kivi_4bit_residual64,True,,balanced_two_gpu,1,persistent,28075.311719905585,54283,32243.244708981365,,,15.0,12.593505859375,5.84814453125,5.84814453125,5.84814453125,2339.955901959911,unknown,True,,True,,False,,15366.23974609375,True,static_best,False,0.0,0.0,kivi_4bit_residual64,0.0,,risk_evidence_insufficient,0.0,static_best,269.3502679467201,,,,hybrid-session-025-turn-3,5.84814453125,0.0,5.84814453125,0.0,0.0,/DATACENTER3/zhenxiang.wang/work/TailGuardKV/.worktrees/baseline-smoke-final-aggregation/out/full_25session_baseline_9_14/full/policy_attempts/full40_20260916_h2o_static_safe/seed20260906,True,calibrated safe,hybrid-session-025,summary,270.16629511490464,3,risk_evidence_insufficient
kivi_4bit_residual64,13.0,0.1,False,True,online_qwen,True,,/DATACENTER3/zhenxiang.wang/work/TailGuardKV/.worktrees/baseline-smoke-final-aggregation/out/full_25session_baseline_9_14/full/policy_attempts/full40_20260916_h2o_static_safe/seed20260906/config.yaml,,,,,0.1,True,,0.05,,6.745361328125,False,kivi_4bit_residual64,True,,balanced_two_gpu,1,persistent,28075.311719905585,54283,32243.244708981365,,,15.0,11.533935546875,5.685791015625,5.685791015625,5.685791015625,2271.468930877745,unknown,True,,True,,False,,15410.71533203125,True,static_best,False,0.03418803418803419,0.03418803418803419,kivi_4bit_residual64,0.03418803418803419,,risk_evidence_insufficient,0.0,static_best,280.9960530139506,,,,hybrid-session-026-turn-3,5.685791015625,0.0,5.685791015625,0.0,0.3418803418803419,/DATACENTER3/zhenxiang.wang/work/TailGuardKV/.worktrees/baseline-smoke-final-aggregation/out/full_25session_baseline_9_14/full/policy_attempts/full40_20260916_h2o_static_safe/seed20260906,False,calibrated unsafe,hybrid-session-026,qa,281.812947941944,3,risk_evidence_insufficient
kivi_4bit_residual64,13.0,0.1,False,True,online_qwen,True,,/DATACENTER3/zhenxiang.wang/work/TailGuardKV/.worktrees/baseline-smoke-final-aggregation/out/full_25session_baseline_9_14/full/policy_attempts/full40_20260916_h2o_static_safe/seed20260906/config.yaml,,,,,0.1,True,,0.05,,5.84814453125,False,kivi_4bit_residual64,True,,balanced_two_gpu,1,persistent,28075.311719905585,54283,32243.244708981365,,,15.0,10.2607421875,4.574951171875,4.574951171875,4.574951171875,2576.0111168492585,unknown,True,,True,,False,,15262.82080078125,True,static_best,False,0.0,0.0,kivi_4bit_residual64,0.0,,risk_evidence_insufficient,0.0,static_best,233.4867981262505,,,,hybrid-session-002-turn-4,4.574951171875,0.0,4.574951171875,0.0,0.0,/DATACENTER3/zhenxiang.wang/work/TailGuardKV/.worktrees/baseline-smoke-final-aggregation/out/full_25session_baseline_9_14/full/policy_attempts/full40_20260916_h2o_static_safe/seed20260906,True,calibrated safe,hybrid-session-002,qa,234.27384695969522,4,risk_evidence_insufficient
kivi_4bit_residual64,13.0,0.1,False,True,online_qwen,True,,/DATACENTER3/zhenxiang.wang/work/TailGuardKV/.worktrees/baseline-smoke-final-aggregation/out/full_25session_baseline_9_14/full/policy_attempts/full40_20260916_h2o_static_safe/seed20260906/config.yaml,,,,,0.1,True,,0.05,,5.685791015625,False,kivi_4bit_residual64,True,,balanced_two_gpu,1,persistent,28075.311719905585,54283,32243.244708981365,,,15.0,10.81787109375,6.242919921875,6.242919921875,6.242919921875,2398.5118449199945,unknown,True,,True,,False,,15383.00634765625,True,static_best,False,0.0,0.0,kivi_4bit_residual64,0.0,,risk_evidence_insufficient,0.0,static_best,272.71889382973313,,,,hybrid-session-003-turn-4,6.242919921875,0.0,6.242919921875,0.0,0.0,/DATACENTER3/zhenxiang.wang/work/TailGuardKV/.worktrees/baseline-smoke-final-aggregation/out/full_25session_baseline_9_14/full/policy_attempts/full40_20260916_h2o_static_safe/seed20260906,True,calibrated safe,hybrid-session-003,summary,273.53924699127674,4,risk_evidence_insufficient
kivi_4bit_residual64,13.0,0.1,False,True,online_qwen,True,,/DATACENTER3/zhenxiang.wang/work/TailGuardKV/.worktrees/baseline-smoke-final-aggregation/out/full_25session_baseline_9_14/full/policy_attempts/full40_20260916_h2o_static_safe/seed20260906/config.yaml,,,,,0.1,True,,0.05,,4.574951171875,False,kivi_4bit_residual64,True,,balanced_two_gpu,1,persistent,28075.311719905585,54283,32243.244708981365,,,15.0,13.14892578125,6.906005859375,6.906005859375,6.906005859375,2184.323193039745,unknown,True,,True,,False,,15458.8564453125,True,static_best,False,0.0,0.0,kivi_4bit_residual64,0.0,,risk_evidence_insufficient,0.0,static_best,324.9481830280274,,,,hybrid-session-004-turn-4,6.906005859375,0.0,6.906005859375,0.0,0.0,/DATACENTER3/zhenxiang.wang/work/TailGuardKV/.worktrees/baseline-smoke-final-aggregation/out/full_25session_baseline_9_14/full/policy_attempts/full40_20260916_h2o_static_safe/seed20260906,True,calibrated safe,hybrid-session-004,qa,325.6956690456718,4,risk_evidence_insufficient
kivi_4bit_residual64,13.0,0.1,False,True,online_qwen,True,,/DATACENTER3/zhenxiang.wang/work/TailGuardKV/.worktrees/baseline-smoke-final-aggregation/out/full_25session_baseline_9_14/full/policy_attempts/full40_20260916_h2o_static_safe/seed20260906/config.yaml,,,,,0.1,True,,0.05,,6.242919921875,False,kivi_4bit_residual64,True,,balanced_two_gpu,1,persistent,28075.311719905585,54283,32243.244708981365,,,15.0,13.52490234375,6.618896484375,6.618896484375,6.618896484375,2683.5126490332186,unknown,True,,True,,False,,15447.8017578125,True,static_best,False,0.0,0.0,kivi_4bit_residual64,0.0,,risk_evidence_insufficient,0.0,static_best,312.3040481004864,,,,hybrid-session-005-turn-4,6.618896484375,0.0,6.618896484375,0.0,0.0,/DATACENTER3/zhenxiang.wang/work/TailGuardKV/.worktrees/baseline-smoke-final-aggregation/out/full_25session_baseline_9_14/full/policy_attempts/full40_20260916_h2o_static_safe/seed20260906,True,calibrated safe,hybrid-session-005,summary,313.03846719674766,4,risk_evidence_insufficient
kivi_4bit_residual64,13.0,0.1,False,True,online_qwen,True,,/DATACENTER3/zhenxiang.wang/work/TailGuardKV/.worktrees/baseline-smoke-final-aggregation/out/full_25session_baseline_9_14/full/policy_attempts/full40_20260916_h2o_static_safe/seed20260906/config.yaml,,,,,0.1,True,,0.05,,6.906005859375,False,kivi_4bit_residual64,True,,balanced_two_gpu,1,persistent,28075.311719905585,54283,32243.244708981365,,,15.0,13.61376953125,6.994873046875,6.994873046875,6.994873046875,2470.7235950045288,unknown,True,,True,,False,,15514.4794921875,True,static_best,False,0.0,0.0,kivi_4bit_residual64,0.0,,risk_evidence_insufficient,0.0,static_best,321.8563150148839,,,,hybrid-session-006-turn-4,6.994873046875,0.0,6.994873046875,0.0,0.0,/DATACENTER3/zhenxiang.wang/work/TailGuardKV/.worktrees/baseline-smoke-final-aggregation/out/full_25session_baseline_9_14/full/policy_attempts/full40_20260916_h2o_static_safe/seed20260906,True,calibrated safe,hybrid-session-006,qa,322.65316182747483,4,risk_evidence_insufficient
kivi_4bit_residual64,13.0,0.1,True,True,online_qwen,True,,/DATACENTER3/zhenxiang.wang/work/TailGuardKV/.worktrees/baseline-smoke-final-aggregation/out/full_25session_baseline_9_14/full/policy_attempts/full40_20260916_h2o_static_safe/seed20260906/config.yaml,,,,,0.1,True,,0.05,,6.618896484375,False,kivi_4bit_residual64,True,,balanced_two_gpu,1,persistent,28075.311719905585,54283,32243.244708981365,,,15.0,12.89599609375,5.901123046875,5.901123046875,5.901123046875,2201.6208339482546,unknown,True,,True,,False,,15421.68603515625,True,static_best,False,0.0,0.0,kivi_4bit_residual64,0.0,,risk_evidence_insufficient,0.0,static_best,266.72547799535096,,,,hybrid-session-009-turn-4,5.901123046875,0.0,5.901123046875,0.0,0.0,/DATACENTER3/zhenxiang.wang/work/TailGuardKV/.worktrees/baseline-smoke-final-aggregation/out/full_25session_baseline_9_14/full/policy_attempts/full40_20260916_h2o_static_safe/seed20260906,True,calibrated safe,hybrid-session-009,summary,267.5359689164907,4,risk_evidence_insufficient
kivi_4bit_residual64,13.0,0.1,False,True,online_qwen,True,,/DATACENTER3/zhenxiang.wang/work/TailGuardKV/.worktrees/baseline-smoke-final-aggregation/out/full_25session_baseline_9_14/full/policy_attempts/full40_20260916_h2o_static_safe/seed20260906/config.yaml,,,,,0.1,True,,0.05,,6.994873046875,False,kivi_4bit_residual64,True,,balanced_two_gpu,1,persistent,28075.311719905585,54283,32243.244708981365,,,15.0,12.268798828125,6.36767578125,6.36767578125,6.36767578125,2700.198631035164,unknown,True,,True,,False,,15437.138671875,True,static_best,False,0.0,0.0,kivi_4bit_residual64,0.0,,risk_evidence_insufficient,0.0,static_best,312.08571000024676,,,,hybrid-session-010-turn-4,6.36767578125,0.0,6.36767578125,0.0,0.0,/DATACENTER3/zhenxiang.wang/work/TailGuardKV/.worktrees/baseline-smoke-final-aggregation/out/full_25session_baseline_9_14/full/policy_attempts/full40_20260916_h2o_static_safe/seed20260906,True,calibrated safe,hybrid-session-010,qa,313.04494198411703,4,risk_evidence_insufficient
kivi_4bit_residual64,13.0,0.1,True,False,online_qwen,False,,/DATACENTER3/zhenxiang.wang/work/TailGuardKV/.worktrees/baseline-smoke-final-aggregation/out/full_25session_baseline_9_14/full/policy_attempts/full40_20260916_h2o_static_safe/seed20260906/config.yaml,,,,,0.1,True,,0.05,"OutOfMemoryError: CUDA out of memory. Tried to allocate 20.00 MiB. GPU 0 has a total capacity of 10.75 GiB of which 9.62 MiB is free. Including non-PyTorch memory, this process has 7.81 GiB memory in use. Process 60517 has 2.93 GiB memory in use. Of the allocated memory 6.91 GiB is allocated by PyTorch, and 110.76 MiB is reserved by PyTorch but unallocated. If reserved but unallocated memory is large try setting PYTORCH_CUDA_ALLOC_CONF=expandable_segments:True to avoid fragmentation.  See documentation for Memory Management  (https://pytorch.org/docs/stable/notes/cuda.html#environment-variables)",12.268798828125,False,kivi_4bit_residual64,True,,balanced_two_gpu,1,persistent,28075.311719905585,54283,32243.244708981365,true,,15.0,0.0,,,,,unknown,False,,False,,False,,,True,static_best,False,0.0,0.0,kivi_4bit_residual64,0.0,,risk_evidence_insufficient,0.0,static_best,0.0,,,,hybrid-session-013-turn-4,0.0,0.0,,0.0,0.0,/DATACENTER3/zhenxiang.wang/work/TailGuardKV/.worktrees/baseline-smoke-final-aggregation/out/full_25session_baseline_9_14/full/policy_attempts/full40_20260916_h2o_static_safe/seed20260906,True,calibrated safe,hybrid-session-013,summary,,4,risk_evidence_insufficient
kivi_4bit_residual64,13.0,0.1,False,False,online_qwen,False,,/DATACENTER3/zhenxiang.wang/work/TailGuardKV/.worktrees/baseline-smoke-final-aggregation/out/full_25session_baseline_9_14/full/policy_attempts/full40_20260916_h2o_static_safe/seed20260906/config.yaml,,,,,0.1,True,,0.05,,0,False,kivi_4bit_residual64,True,,balanced_two_gpu,1,persistent,28075.311719905585,54283,32243.244708981365,,,15.0,13.38134765625,6.690673828125,6.690673828125,6.690673828125,2157.2480238974094,unknown,True,,True,,False,,15444.7119140625,True,static_best,False,0.0,0.0,kivi_4bit_residual64,0.0,,risk_evidence_insufficient,0.0,static_best,294.6480440441519,,,,hybrid-session-020-turn-4,6.690673828125,0.0,6.690673828125,0.0,0.0,/DATACENTER3/zhenxiang.wang/work/TailGuardKV/.worktrees/baseline-smoke-final-aggregation/out/full_25session_baseline_9_14/full/policy_attempts/full40_20260916_h2o_static_safe/seed20260906,True,calibrated safe,hybrid-session-020,qa,295.4944409430027,4,risk_evidence_insufficient
kivi_4bit_residual64,13.0,0.1,False,True,online_qwen,True,,/DATACENTER3/zhenxiang.wang/work/TailGuardKV/.worktrees/baseline-smoke-final-aggregation/out/full_25session_baseline_9_14/full/policy_attempts/full40_20260916_h2o_static_safe/seed20260906/config.yaml,,,,,0.1,True,,0.05,,6.690673828125,False,kivi_4bit_residual64,True,,balanced_two_gpu,1,persistent,28075.311719905585,54283,32243.244708981365,,,15.0,13.740234375,7.049560546875,7.049560546875,7.049560546875,2540.3404880780727,unknown,True,,True,,False,,15466.6689453125,True,static_best,False,0.0,0.0,kivi_4bit_residual64,0.0,,risk_evidence_insufficient,0.0,static_best,322.9465880431235,,,,hybrid-session-021-turn-4,7.049560546875,0.0,7.049560546875,0.0,0.0,/DATACENTER3/zhenxiang.wang/work/TailGuardKV/.worktrees/baseline-smoke-final-aggregation/out/full_25session_baseline_9_14/full/policy_attempts/full40_20260916_h2o_static_safe/seed20260906,True,calibrated safe,hybrid-session-021,summary,323.77951103262603,4,risk_evidence_insufficient
kivi_4bit_residual64,13.0,0.1,False,True,online_qwen,True,,/DATACENTER3/zhenxiang.wang/work/TailGuardKV/.worktrees/baseline-smoke-final-aggregation/out/full_25session_baseline_9_14/full/policy_attempts/full40_20260916_h2o_static_safe/seed20260906/config.yaml,,,,,0.1,True,,0.05,,6.690673828125,False,kivi_4bit_residual64,True,,balanced_two_gpu,1,persistent,28075.311719905585,54283,32243.244708981365,,,15.0,13.201904296875,6.15234375,6.15234375,6.15234375,2569.3748940248042,unknown,True,,True,,False,,15437.8876953125,True,static_best,False,0.0,0.0,kivi_4bit_residual64,0.0,,risk_evidence_insufficient,0.0,static_best,310.07232097908854,,,,hybrid-session-025-turn-4,6.15234375,0.0,6.15234375,0.0,0.0,/DATACENTER3/zhenxiang.wang/work/TailGuardKV/.worktrees/baseline-smoke-final-aggregation/out/full_25session_baseline_9_14/full/policy_attempts/full40_20260916_h2o_static_safe/seed20260906,True,calibrated safe,hybrid-session-025,summary,310.87500788271427,4,risk_evidence_insufficient
kivi_4bit_residual64,13.0,0.1,False,True,online_qwen,True,,/DATACENTER3/zhenxiang.wang/work/TailGuardKV/.worktrees/baseline-smoke-final-aggregation/out/full_25session_baseline_9_14/full/policy_attempts/full40_20260916_h2o_static_safe/seed20260906/config.yaml,,,,,0.1,True,,0.05,,7.049560546875,False,kivi_4bit_residual64,True,,balanced_two_gpu,1,persistent,28075.311719905585,54283,32243.244708981365,,,15.0,13.345458984375,7.193115234375,7.193115234375,7.193115234375,2679.231540998444,unknown,True,,True,,False,,15471.7880859375,True,static_best,False,0.03418803418803419,0.03418803418803419,kivi_4bit_residual64,0.03418803418803419,,risk_evidence_insufficient,0.0,static_best,321.1684748530388,,,,hybrid-session-026-turn-4,7.193115234375,0.0,7.193115234375,0.0,0.3418803418803419,/DATACENTER3/zhenxiang.wang/work/TailGuardKV/.worktrees/baseline-smoke-final-aggregation/out/full_25session_baseline_9_14/full/policy_attempts/full40_20260916_h2o_static_safe/seed20260906,False,calibrated unsafe,hybrid-session-026,qa,321.8843010254204,4,risk_evidence_insufficient
kivi_4bit_residual64,2.0,0.1,False,False,online_qwen,False,,/DATACENTER3/zhenxiang.wang/work/TailGuardKV/.worktrees/baseline-smoke-final-aggregation/out/full_25session_baseline_9_14/full/policy_attempts/full40_20260916_h2o_static_safe/seed20260906/config.yaml,,,,,0.1,True,,0.05,,0,False,kivi_4bit_residual64,True,,balanced_two_gpu,1,persistent,28354.361202102154,61678,32364.570243051276,,,15.0,3.5546875,1.4765625,1.4765625,1.4765625,1687.1043220162392,unknown,True,,True,,False,,15055.19384765625,True,static_safe,False,0.0,0.0,kivi_4bit_residual64,0.0,,risk_evidence_insufficient,0.0,static_safe,0.0,,,,hybrid-session-003-turn-0,1.4765625,0.0,1.4765625,0.0,0.0,/DATACENTER3/zhenxiang.wang/work/TailGuardKV/.worktrees/baseline-smoke-final-aggregation/out/full_25session_baseline_9_14/full/policy_attempts/full40_20260916_h2o_static_safe/seed20260906,True,calibrated safe,hybrid-session-003,chat,106.18540993891656,0,risk_evidence_insufficient
kivi_4bit_residual64,3.0,0.1,False,False,online_qwen,False,,/DATACENTER3/zhenxiang.wang/work/TailGuardKV/.worktrees/baseline-smoke-final-aggregation/out/full_25session_baseline_9_14/full/policy_attempts/full40_20260916_h2o_static_safe/seed20260906/config.yaml,,,,,0.1,True,,0.05,,0,False,kivi_4bit_residual64,True,,balanced_two_gpu,1,persistent,28354.361202102154,61678,32364.570243051276,,,15.0,5.3046875,1.75,1.75,1.75,1478.7524500861764,unknown,True,,True,,False,,15063.70947265625,True,static_safe,False,0.0,0.0,kivi_4bit_residual64,0.0,,risk_evidence_insufficient,0.0,static_safe,0.0,,,,hybrid-session-004-turn-0,1.75,0.0,1.75,0.0,0.0,/DATACENTER3/zhenxiang.wang/work/TailGuardKV/.worktrees/baseline-smoke-final-aggregation/out/full_25session_baseline_9_14/full/policy_attempts/full40_20260916_h2o_static_safe/seed20260906,True,calibrated safe,hybrid-session-004,chat,120.1665261760354,0,risk_evidence_insufficient
kivi_4bit_residual64,4.0,0.1,False,False,online_qwen,False,,/DATACENTER3/zhenxiang.wang/work/TailGuardKV/.worktrees/baseline-smoke-final-aggregation/out/full_25session_baseline_9_14/full/policy_attempts/full40_20260916_h2o_static_safe/seed20260906/config.yaml,,,,,0.1,True,,0.05,,0,False,kivi_4bit_residual64,True,,balanced_two_gpu,1,persistent,28354.361202102154,61678,32364.570243051276,,,15.0,7.21875,1.9140625,1.9140625,1.9140625,1683.923528995365,unknown,True,,True,,False,,15070.26806640625,True,static_safe,False,0.0,0.0,kivi_4bit_residual64,0.0,,risk_evidence_insufficient,0.0,static_safe,0.0,,,,hybrid-session-005-turn-0,1.9140625,0.0,1.9140625,0.0,0.0,/DATACENTER3/zhenxiang.wang/work/TailGuardKV/.worktrees/baseline-smoke-final-aggregation/out/full_25session_baseline_9_14/full/policy_attempts/full40_20260916_h2o_static_safe/seed20260906,True,calibrated safe,hybrid-session-005,chat,118.22083895094693,0,risk_evidence_insufficient
kivi_4bit_residual64,5.0,0.1,False,False,online_qwen,False,,/DATACENTER3/zhenxiang.wang/work/TailGuardKV/.worktrees/baseline-smoke-final-aggregation/out/full_25session_baseline_9_14/full/policy_attempts/full40_20260916_h2o_static_safe/seed20260906/config.yaml,,,,,0.1,True,,0.05,,0,False,kivi_4bit_residual64,True,,balanced_two_gpu,1,persistent,28354.361202102154,61678,32364.570243051276,,,15.0,9.84375,2.625,2.625,2.625,1696.0504851303995,unknown,True,,True,,False,,15093.27587890625,True,static_safe,False,0.0,0.0,kivi_4bit_residual64,0.0,,risk_evidence_insufficient,0.0,static_safe,0.0,,,,hybrid-session-006-turn-0,2.625,0.0,2.625,0.0,0.0,/DATACENTER3/zhenxiang.wang/work/TailGuardKV/.worktrees/baseline-smoke-final-aggregation/out/full_25session_baseline_9_14/full/policy_attempts/full40_20260916_h2o_static_safe/seed20260906,True,calibrated safe,hybrid-session-006,chat,119.79960813187063,0,risk_evidence_insufficient
kivi_4bit_residual64,6.0,0.1,False,False,online_qwen,False,,/DATACENTER3/zhenxiang.wang/work/TailGuardKV/.worktrees/baseline-smoke-final-aggregation/out/full_25session_baseline_9_14/full/policy_attempts/full40_20260916_h2o_static_safe/seed20260906/config.yaml,,,,,0.1,True,,0.05,,0,False,kivi_4bit_residual64,True,,balanced_two_gpu,1,persistent,28354.361202102154,61678,32364.570243051276,,,15.0,11.5390625,1.6953125,1.6953125,1.6953125,1324.900781037286,unknown,True,,True,,False,,15068.48681640625,True,static_safe,False,0.0,0.0,kivi_4bit_residual64,0.0,,risk_evidence_insufficient,0.0,static_safe,0.0,,,,hybrid-session-009-turn-0,1.6953125,0.0,1.6953125,0.0,0.0,/DATACENTER3/zhenxiang.wang/work/TailGuardKV/.worktrees/baseline-smoke-final-aggregation/out/full_25session_baseline_9_14/full/policy_attempts/full40_20260916_h2o_static_safe/seed20260906,True,calibrated safe,hybrid-session-009,chat,108.94447099417448,0,risk_evidence_insufficient
kivi_4bit_residual64,7.0,0.1,False,False,online_qwen,False,,/DATACENTER3/zhenxiang.wang/work/TailGuardKV/.worktrees/baseline-smoke-final-aggregation/out/full_25session_baseline_9_14/full/policy_attempts/full40_20260916_h2o_static_safe/seed20260906/config.yaml,,,,,0.1,True,,0.05,,0,False,kivi_4bit_residual64,True,,balanced_two_gpu,1,persistent,28354.361202102154,61678,32364.570243051276,,,15.0,13.0703125,1.53125,1.53125,1.53125,1684.4458871055394,unknown,True,,True,,False,,15065.87646484375,True,static_safe,False,0.0,0.0,kivi_4bit_residual64,0.0,,risk_evidence_insufficient,0.0,static_safe,0.0,,,,hybrid-session-010-turn-0,1.53125,0.0,1.53125,0.0,0.0,/DATACENTER3/zhenxiang.wang/work/TailGuardKV/.worktrees/baseline-smoke-final-aggregation/out/full_25session_baseline_9_14/full/policy_attempts/full40_20260916_h2o_static_safe/seed20260906,True,calibrated safe,hybrid-session-010,chat,105.40808411315084,0,risk_evidence_insufficient
kivi_4bit_residual64,8.0,0.1,False,False,online_qwen,False,,/DATACENTER3/zhenxiang.wang/work/TailGuardKV/.worktrees/baseline-smoke-final-aggregation/out/full_25session_baseline_9_14/full/policy_attempts/full40_20260916_h2o_static_safe/seed20260906/config.yaml,,,,,0.1,True,,0.05,,0,False,kivi_4bit_residual64,True,,balanced_two_gpu,1,persistent,28354.361202102154,61678,32364.570243051276,,,15.0,14.875,1.8046875,1.8046875,1.8046875,1684.129074914381,unknown,True,,True,,False,,15074.73681640625,True,static_safe,False,0.0,0.0,kivi_4bit_residual64,0.0,,risk_evidence_insufficient,0.0,static_safe,0.0,,,,hybrid-session-013-turn-0,1.8046875,0.0,1.8046875,0.0,0.0,/DATACENTER3/zhenxiang.wang/work/TailGuardKV/.worktrees/baseline-smoke-final-aggregation/out/full_25session_baseline_9_14/full/policy_attempts/full40_20260916_h2o_static_safe/seed20260906,True,calibrated safe,hybrid-session-013,chat,110.96664099022746,0,risk_evidence_insufficient
kivi_4bit_residual64,9.0,0.1,False,True,online_qwen,True,,/DATACENTER3/zhenxiang.wang/work/TailGuardKV/.worktrees/baseline-smoke-final-aggregation/out/full_25session_baseline_9_14/full/policy_attempts/full40_20260916_h2o_static_safe/seed20260906/config.yaml,,,,,0.1,True,,0.05,,3.5546875,False,kivi_4bit_residual64,True,,balanced_two_gpu,1,persistent,28354.361202102154,61678,32364.570243051276,,,15.0,13.9453125,2.625,2.625,2.625,1713.9302340801805,unknown,True,,True,,False,,15100.93212890625,True,static_safe,False,0.0,0.0,kivi_4bit_residual64,0.0,,risk_evidence_insufficient,0.0,static_safe,0.0,,,,hybrid-session-016-turn-0,2.625,0.0,2.625,0.0,0.0,/DATACENTER3/zhenxiang.wang/work/TailGuardKV/.worktrees/baseline-smoke-final-aggregation/out/full_25session_baseline_9_14/full/policy_attempts/full40_20260916_h2o_static_safe/seed20260906,True,calibrated safe,hybrid-session-016,chat,118.05474688299,0,risk_evidence_insufficient
kivi_4bit_residual64,10.0,0.1,False,True,online_qwen,True,,/DATACENTER3/zhenxiang.wang/work/TailGuardKV/.worktrees/baseline-smoke-final-aggregation/out/full_25session_baseline_9_14/full/policy_attempts/full40_20260916_h2o_static_safe/seed20260906/config.yaml,,,,,0.1,True,,0.05,,1.75,False,kivi_4bit_residual64,True,,balanced_two_gpu,1,persistent,28354.361202102154,61678,32364.570243051276,,,15.0,14.6015625,2.40625,2.40625,2.40625,1687.9561271052808,unknown,True,,True,,False,,15092.24072265625,True,static_safe,False,0.0,0.0,kivi_4bit_residual64,0.0,,risk_evidence_insufficient,0.0,static_safe,0.0,,,,hybrid-session-020-turn-0,2.40625,0.0,2.40625,0.0,0.0,/DATACENTER3/zhenxiang.wang/work/TailGuardKV/.worktrees/baseline-smoke-final-aggregation/out/full_25session_baseline_9_14/full/policy_attempts/full40_20260916_h2o_static_safe/seed20260906,True,calibrated safe,hybrid-session-020,chat,106.53924406506121,0,risk_evidence_insufficient
kivi_4bit_residual64,11.0,0.1,False,True,online_qwen,True,,/DATACENTER3/zhenxiang.wang/work/TailGuardKV/.worktrees/baseline-smoke-final-aggregation/out/full_25session_baseline_9_14/full/policy_attempts/full40_20260916_h2o_static_safe/seed20260906/config.yaml,,,,,0.1,True,,0.05,,1.9140625,False,kivi_4bit_residual64,True,,balanced_two_gpu,1,persistent,28354.361202102154,61678,32364.570243051276,,,15.0,14.984375,2.296875,2.296875,2.296875,1487.6709911040962,unknown,True,,True,,False,,15090.54931640625,True,static_safe,False,0.0,0.0,kivi_4bit_residual64,0.0,,risk_evidence_insufficient,0.0,static_safe,0.0,,,,hybrid-session-021-turn-0,2.296875,0.0,2.296875,0.0,0.0,/DATACENTER3/zhenxiang.wang/work/TailGuardKV/.worktrees/baseline-smoke-final-aggregation/out/full_25session_baseline_9_14/full/policy_attempts/full40_20260916_h2o_static_safe/seed20260906,True,calibrated safe,hybrid-session-021,chat,116.49438994936645,0,risk_evidence_insufficient
kivi_4bit_residual64,12.0,0.1,False,True,online_qwen,True,,/DATACENTER3/zhenxiang.wang/work/TailGuardKV/.worktrees/baseline-smoke-final-aggregation/out/full_25session_baseline_9_14/full/policy_attempts/full40_20260916_h2o_static_safe/seed20260906/config.yaml,,,,,0.1,True,,0.05,,2.625,False,kivi_4bit_residual64,True,,balanced_two_gpu,1,persistent,28354.361202102154,61678,32364.570243051276,,,15.0,14.328125,1.96875,1.96875,1.96875,1694.8337140493095,unknown,True,,True,,False,,15081.18603515625,True,static_safe,False,0.0,0.0,kivi_4bit_residual64,0.0,,risk_evidence_insufficient,0.0,static_safe,0.0,,,,hybrid-session-025-turn-0,1.96875,0.0,1.96875,0.0,0.0,/DATACENTER3/zhenxiang.wang/work/TailGuardKV/.worktrees/baseline-smoke-final-aggregation/out/full_25session_baseline_9_14/full/policy_attempts/full40_20260916_h2o_static_safe/seed20260906,True,calibrated safe,hybrid-session-025,chat,121.95236491970718,0,risk_evidence_insufficient
kivi_4bit_residual64,13.0,0.1,False,True,online_qwen,True,,/DATACENTER3/zhenxiang.wang/work/TailGuardKV/.worktrees/baseline-smoke-final-aggregation/out/full_25session_baseline_9_14/full/policy_attempts/full40_20260916_h2o_static_safe/seed20260906/config.yaml,,,,,0.1,True,,0.05,,1.6953125,False,kivi_4bit_residual64,True,,balanced_two_gpu,1,persistent,28354.361202102154,61678,32364.570243051276,,,15.0,14.8203125,2.1875,2.1875,2.1875,1705.3630359005183,unknown,True,,True,,False,,15086.57666015625,True,static_safe,False,0.0,0.0,kivi_4bit_residual64,0.0,,risk_evidence_insufficient,0.0,static_safe,0.0,,,,hybrid-session-026-turn-0,2.1875,0.0,2.1875,0.0,0.0,/DATACENTER3/zhenxiang.wang/work/TailGuardKV/.worktrees/baseline-smoke-final-aggregation/out/full_25session_baseline_9_14/full/policy_attempts/full40_20260916_h2o_static_safe/seed20260906,True,calibrated safe,hybrid-session-026,chat,115.42881489731371,0,risk_evidence_insufficient
kivi_4bit_residual64,13.0,0.1,False,True,online_qwen,True,,/DATACENTER3/zhenxiang.wang/work/TailGuardKV/.worktrees/baseline-smoke-final-aggregation/out/full_25session_baseline_9_14/full/policy_attempts/full40_20260916_h2o_static_safe/seed20260906/config.yaml,,,,,0.1,True,,0.05,,3.3359375,False,kivi_4bit_residual64,True,,balanced_two_gpu,1,persistent,28354.361202102154,61678,32364.570243051276,,,15.0,14.104248046875,2.619873046875,2.619873046875,2.619873046875,5497.768776956946,unknown,True,,True,,False,,15137.66650390625,True,static_safe,False,0.0,0.0,kivi_4bit_residual64,0.0,,risk_evidence_insufficient,0.0,static_safe,120.68663816899061,,,,hybrid-session-002-turn-1,2.619873046875,0.0,2.619873046875,0.0,0.0,/DATACENTER3/zhenxiang.wang/work/TailGuardKV/.worktrees/baseline-smoke-final-aggregation/out/full_25session_baseline_9_14/full/policy_attempts/full40_20260916_h2o_static_safe/seed20260906,True,calibrated safe,hybrid-session-002,chat,121.45744287408888,1,risk_evidence_insufficient
kivi_4bit_residual64,13.0,0.1,True,False,online_qwen,False,,/DATACENTER3/zhenxiang.wang/work/TailGuardKV/.worktrees/baseline-smoke-final-aggregation/out/full_25session_baseline_9_14/full/policy_attempts/full40_20260916_h2o_static_safe/seed20260906/config.yaml,,,,,0.1,True,,0.05,"OutOfMemoryError: CUDA out of memory. Tried to allocate 24.00 MiB. GPU 0 has a total capacity of 10.75 GiB of which 17.62 MiB is free. Including non-PyTorch memory, this process has 7.80 GiB memory in use. Process 62776 has 2.93 GiB memory in use. Of the allocated memory 6.90 GiB is allocated by PyTorch, and 113.50 MiB is reserved by PyTorch but unallocated. If reserved but unallocated memory is large try setting PYTORCH_CUDA_ALLOC_CONF=expandable_segments:True to avoid fragmentation.  See documentation for Memory Management  (https://pytorch.org/docs/stable/notes/cuda.html#environment-variables)",14.104248046875,False,kivi_4bit_residual64,True,,balanced_two_gpu,1,persistent,28354.361202102154,61678,32364.570243051276,true,,15.0,0.0,,,,,unknown,False,,False,,False,,,True,static_safe,False,0.0,0.0,kivi_4bit_residual64,0.0,,risk_evidence_insufficient,0.0,static_safe,0.0,,,,hybrid-session-003-turn-1,0.0,0.0,,0.0,0.0,/DATACENTER3/zhenxiang.wang/work/TailGuardKV/.worktrees/baseline-smoke-final-aggregation/out/full_25session_baseline_9_14/full/policy_attempts/full40_20260916_h2o_static_safe/seed20260906,True,calibrated safe,hybrid-session-003,chat,,1,risk_evidence_insufficient
kivi_4bit_residual64,13.0,0.1,False,False,online_qwen,False,,/DATACENTER3/zhenxiang.wang/work/TailGuardKV/.worktrees/baseline-smoke-final-aggregation/out/full_25session_baseline_9_14/full/policy_attempts/full40_20260916_h2o_static_safe/seed20260906/config.yaml,,,,,0.1,True,,0.05,,0,False,kivi_4bit_residual64,True,,balanced_two_gpu,1,persistent,28354.361202102154,61678,32364.570243051276,,,15.0,6.208740234375,2.87109375,2.87109375,2.87109375,2534.480544971302,unknown,True,,True,,False,,15136.59912109375,True,static_safe,False,0.0,0.0,kivi_4bit_residual64,0.0,,risk_evidence_insufficient,0.0,static_safe,178.07116592302918,,,,hybrid-session-005-turn-1,2.87109375,0.0,2.87109375,0.0,0.0,/DATACENTER3/zhenxiang.wang/work/TailGuardKV/.worktrees/baseline-smoke-final-aggregation/out/full_25session_baseline_9_14/full/policy_attempts/full40_20260916_h2o_static_safe/seed20260906,True,calibrated safe,hybrid-session-005,chat,179.04752492904663,1,risk_evidence_insufficient
kivi_4bit_residual64,13.0,0.1,False,False,online_qwen,False,,/DATACENTER3/zhenxiang.wang/work/TailGuardKV/.worktrees/baseline-smoke-final-aggregation/out/full_25session_baseline_9_14/full/policy_attempts/full40_20260916_h2o_static_safe/seed20260906/config.yaml,,,,,0.1,True,,0.05,,0,False,kivi_4bit_residual64,True,,balanced_two_gpu,1,persistent,28354.361202102154,61678,32364.570243051276,,,15.0,9.725830078125,3.51708984375,3.51708984375,3.51708984375,2563.2727770134807,unknown,True,,True,,False,,15164.60791015625,True,static_safe,False,0.0,0.0,kivi_4bit_residual64,0.0,,risk_evidence_insufficient,0.0,static_safe,206.27754786983132,,,,hybrid-session-006-turn-1,3.51708984375,0.0,3.51708984375,0.0,0.0,/DATACENTER3/zhenxiang.wang/work/TailGuardKV/.worktrees/baseline-smoke-final-aggregation/out/full_25session_baseline_9_14/full/policy_attempts/full40_20260916_h2o_static_safe/seed20260906,True,calibrated safe,hybrid-session-006,chat,207.0719611365348,1,risk_evidence_insufficient
kivi_4bit_residual64,13.0,0.1,False,False,online_qwen,False,,/DATACENTER3/zhenxiang.wang/work/TailGuardKV/.worktrees/baseline-smoke-final-aggregation/out/full_25session_baseline_9_14/full/policy_attempts/full40_20260916_h2o_static_safe/seed20260906/config.yaml,,,,,0.1,True,,0.05,,0,False,kivi_4bit_residual64,True,,balanced_two_gpu,1,persistent,28354.361202102154,61678,32364.570243051276,,,15.0,12.022705078125,2.296875,2.296875,2.296875,1716.9221858493984,unknown,True,,True,,False,,15118.29150390625,True,static_safe,False,0.0,0.0,kivi_4bit_residual64,0.0,,risk_evidence_insufficient,0.0,static_safe,126.73119991086423,,,,hybrid-session-009-turn-1,2.296875,0.0,2.296875,0.0,0.0,/DATACENTER3/zhenxiang.wang/work/TailGuardKV/.worktrees/baseline-smoke-final-aggregation/out/full_25session_baseline_9_14/full/policy_attempts/full40_20260916_h2o_static_safe/seed20260906,True,calibrated safe,hybrid-session-009,chat,127.65889102593064,1,risk_evidence_insufficient
kivi_4bit_residual64,13.0,0.1,False,True,online_qwen,True,,/DATACENTER3/zhenxiang.wang/work/TailGuardKV/.worktrees/baseline-smoke-final-aggregation/out/full_25session_baseline_9_14/full/policy_attempts/full40_20260916_h2o_static_safe/seed20260906/config.yaml,,,,,0.1,True,,0.05,,3.337646484375,False,kivi_4bit_residual64,True,,balanced_two_gpu,1,persistent,28354.361202102154,61678,32364.570243051276,,,15.0,11.96630859375,3.28125,3.28125,3.28125,1650.6646489724517,unknown,True,,True,,False,,15114.54150390625,True,static_safe,False,0.0,0.0,kivi_4bit_residual64,0.0,,risk_evidence_insufficient,0.0,static_safe,123.09354799799621,,,,hybrid-session-010-turn-1,3.28125,0.0,3.28125,0.0,0.0,/DATACENTER3/zhenxiang.wang/work/TailGuardKV/.worktrees/baseline-smoke-final-aggregation/out/full_25session_baseline_9_14/full/policy_attempts/full40_20260916_h2o_static_safe/seed20260906,True,calibrated safe,hybrid-session-010,chat,123.80626890808344,1,risk_evidence_insufficient
kivi_4bit_residual64,13.0,0.1,False,True,online_qwen,True,,/DATACENTER3/zhenxiang.wang/work/TailGuardKV/.worktrees/baseline-smoke-final-aggregation/out/full_25session_baseline_9_14/full/policy_attempts/full40_20260916_h2o_static_safe/seed20260906/config.yaml,,,,,0.1,True,,0.05,,2.87109375,False,kivi_4bit_residual64,True,,balanced_two_gpu,1,persistent,28354.361202102154,61678,32364.570243051276,,,15.0,12.43115234375,3.3359375,3.3359375,3.3359375,1684.891798067838,unknown,True,,True,,False,,15116.64306640625,True,static_safe,False,0.0,0.0,kivi_4bit_residual64,0.0,,risk_evidence_insufficient,0.0,static_safe,119.9625690933317,,,,hybrid-session-013-turn-1,3.3359375,0.0,3.3359375,0.0,0.0,/DATACENTER3/zhenxiang.wang/work/TailGuardKV/.worktrees/baseline-smoke-final-aggregation/out/full_25session_baseline_9_14/full/policy_attempts/full40_20260916_h2o_static_safe/seed20260906,True,calibrated safe,hybrid-session-013,chat,120.87494903244078,1,risk_evidence_insufficient
kivi_4bit_residual64,13.0,0.1,False,True,online_qwen,True,,/DATACENTER3/zhenxiang.wang/work/TailGuardKV/.worktrees/baseline-smoke-final-aggregation/out/full_25session_baseline_9_14/full/policy_attempts/full40_20260916_h2o_static_safe/seed20260906/config.yaml,,,,,0.1,True,,0.05,,3.51708984375,False,kivi_4bit_residual64,True,,balanced_two_gpu,1,persistent,28354.361202102154,61678,32364.570243051276,,,15.0,11.677490234375,2.763427734375,2.763427734375,2.763427734375,2268.791832961142,unknown,True,,True,,False,,15140.72509765625,True,static_safe,False,0.0,0.0,kivi_4bit_residual64,0.0,,risk_evidence_insufficient,0.0,static_safe,118.38479503057897,,,,hybrid-session-016-turn-1,2.763427734375,0.0,2.763427734375,0.0,0.0,/DATACENTER3/zhenxiang.wang/work/TailGuardKV/.worktrees/baseline-smoke-final-aggregation/out/full_25session_baseline_9_14/full/policy_attempts/full40_20260916_h2o_static_safe/seed20260906,True,calibrated safe,hybrid-session-016,chat,119.09388890489936,1,risk_evidence_insufficient
kivi_4bit_residual64,13.0,0.1,False,False,online_qwen,False,,/DATACENTER3/zhenxiang.wang/work/TailGuardKV/.worktrees/baseline-smoke-final-aggregation/out/full_25session_baseline_9_14/full/policy_attempts/full40_20260916_h2o_static_safe/seed20260906/config.yaml,,,,,0.1,True,,0.05,,0,False,kivi_4bit_residual64,True,,balanced_two_gpu,1,persistent,28354.361202102154,61678,32364.570243051276,,,15.0,14.548583984375,2.87109375,2.87109375,2.87109375,2539.2695020418614,unknown,True,,True,,False,,15145.52880859375,True,static_safe,False,0.0,0.0,kivi_4bit_residual64,0.0,,risk_evidence_insufficient,0.0,static_safe,188.390543917194,,,,hybrid-session-020-turn-1,2.87109375,0.0,2.87109375,0.0,0.0,/DATACENTER3/zhenxiang.wang/work/TailGuardKV/.worktrees/baseline-smoke-final-aggregation/out/full_25session_baseline_9_14/full/policy_attempts/full40_20260916_h2o_static_safe/seed20260906,True,calibrated safe,hybrid-session-020,chat,189.11944702267647,1,risk_evidence_insufficient
kivi_4bit_residual64,13.0,0.1,False,True,online_qwen,True,,/DATACENTER3/zhenxiang.wang/work/TailGuardKV/.worktrees/baseline-smoke-final-aggregation/out/full_25session_baseline_9_14/full/policy_attempts/full40_20260916_h2o_static_safe/seed20260906/config.yaml,,,,,0.1,True,,0.05,,5.578125,False,kivi_4bit_residual64,True,,balanced_two_gpu,1,persistent,28354.361202102154,61678,32364.570243051276,,,15.0,12.02099609375,3.050537109375,3.050537109375,3.050537109375,2555.1653490401804,unknown,True,,True,,False,,15153.53369140625,True,static_safe,False,0.0,0.0,kivi_4bit_residual64,0.0,,risk_evidence_insufficient,0.0,static_safe,194.64860809966922,,,,hybrid-session-021-turn-1,3.050537109375,0.0,3.050537109375,0.0,0.0,/DATACENTER3/zhenxiang.wang/work/TailGuardKV/.worktrees/baseline-smoke-final-aggregation/out/full_25session_baseline_9_14/full/policy_attempts/full40_20260916_h2o_static_safe/seed20260906,True,calibrated safe,hybrid-session-021,chat,195.4759070649743,1,risk_evidence_insufficient
kivi_4bit_residual64,13.0,0.1,False,True,online_qwen,True,,/DATACENTER3/zhenxiang.wang/work/TailGuardKV/.worktrees/baseline-smoke-final-aggregation/out/full_25session_baseline_9_14/full/policy_attempts/full40_20260916_h2o_static_safe/seed20260906/config.yaml,,,,,0.1,True,,0.05,,3.3359375,False,kivi_4bit_residual64,True,,balanced_two_gpu,1,persistent,28354.361202102154,61678,32364.570243051276,,,15.0,12.07568359375,3.390625,3.390625,3.390625,1680.4606888908893,unknown,True,,True,,False,,15119.40576171875,True,static_safe,False,0.005128205128205128,0.005128205128205128,kivi_4bit_residual64,0.005128205128205128,,risk_evidence_insufficient,0.0,static_safe,121.10996688716114,,,,hybrid-session-025-turn-1,3.390625,0.0,3.390625,0.0,0.005128205128205128,/DATACENTER3/zhenxiang.wang/work/TailGuardKV/.worktrees/baseline-smoke-final-aggregation/out/full_25session_baseline_9_14/full/policy_attempts/full40_20260916_h2o_static_safe/seed20260906,True,calibrated safe,hybrid-session-025,chat,121.97341001592577,1,risk_evidence_insufficient
kivi_4bit_residual64,13.0,0.1,False,True,online_qwen,True,,/DATACENTER3/zhenxiang.wang/work/TailGuardKV/.worktrees/baseline-smoke-final-aggregation/out/full_25session_baseline_9_14/full/policy_attempts/full40_20260916_h2o_static_safe/seed20260906/config.yaml,,,,,0.1,True,,0.05,,2.763427734375,False,kivi_4bit_residual64,True,,balanced_two_gpu,1,persistent,28354.361202102154,61678,32364.570243051276,,,15.0,12.398681640625,3.08642578125,3.08642578125,3.08642578125,2546.098796883598,unknown,True,,True,,False,,15154.20751953125,True,static_safe,False,0.0,0.0,kivi_4bit_residual64,0.0,,risk_evidence_insufficient,0.0,static_safe,192.95928301289678,,,,hybrid-session-026-turn-1,3.08642578125,0.0,3.08642578125,0.0,0.0,/DATACENTER3/zhenxiang.wang/work/TailGuardKV/.worktrees/baseline-smoke-final-aggregation/out/full_25session_baseline_9_14/full/policy_attempts/full40_20260916_h2o_static_safe/seed20260906,True,calibrated safe,hybrid-session-026,chat,193.74345685355365,1,risk_evidence_insufficient
kivi_4bit_residual64,13.0,0.1,True,False,online_qwen,False,,/DATACENTER3/zhenxiang.wang/work/TailGuardKV/.worktrees/baseline-smoke-final-aggregation/out/full_25session_baseline_9_14/full/policy_attempts/full40_20260916_h2o_static_safe/seed20260906/config.yaml,,,,,0.1,True,,0.05,"OutOfMemoryError: CUDA out of memory. Tried to allocate 20.00 MiB. GPU 0 has a total capacity of 10.75 GiB of which 15.62 MiB is free. Including non-PyTorch memory, this process has 7.80 GiB memory in use. Process 64146 has 2.93 GiB memory in use. Of the allocated memory 6.91 GiB is allocated by PyTorch, and 105.93 MiB is reserved by PyTorch but unallocated. If reserved but unallocated memory is large try setting PYTORCH_CUDA_ALLOC_CONF=expandable_segments:True to avoid fragmentation.  See documentation for Memory Management  (https://pytorch.org/docs/stable/notes/cuda.html#environment-variables)",12.398681640625,False,kivi_4bit_residual64,True,,balanced_two_gpu,1,persistent,28354.361202102154,61678,32364.570243051276,true,,15.0,0.0,,,,,unknown,False,,False,,False,,,True,static_safe,False,0.0,0.0,kivi_4bit_residual64,0.0,,risk_evidence_insufficient,0.0,static_safe,0.0,,,,hybrid-session-002-turn-2,0.0,0.0,,0.0,0.0,/DATACENTER3/zhenxiang.wang/work/TailGuardKV/.worktrees/baseline-smoke-final-aggregation/out/full_25session_baseline_9_14/full/policy_attempts/full40_20260916_h2o_static_safe/seed20260906,True,calibrated safe,hybrid-session-002,qa,,2,risk_evidence_insufficient
kivi_4bit_residual64,13.0,0.1,False,False,online_qwen,False,,/DATACENTER3/zhenxiang.wang/work/TailGuardKV/.worktrees/baseline-smoke-final-aggregation/out/full_25session_baseline_9_14/full/policy_attempts/full40_20260916_h2o_static_safe/seed20260906/config.yaml,,,,,0.1,True,,0.05,,0,False,kivi_4bit_residual64,True,,balanced_two_gpu,1,persistent,28354.361202102154,61678,32364.570243051276,,,15.0,9.202880859375,4.9150390625,4.9150390625,4.9150390625,2698.664993979037,unknown,True,,True,,False,,15320.66357421875,True,static_safe,False,0.03418803418803419,0.03418803418803419,kivi_4bit_residual64,0.03418803418803419,,risk_evidence_insufficient,0.0,static_safe,242.9365001153201,,,,hybrid-session-004-turn-2,4.9150390625,0.0,4.9150390625,0.0,0.3418803418803419,/DATACENTER3/zhenxiang.wang/work/TailGuardKV/.worktrees/baseline-smoke-final-aggregation/out/full_25session_baseline_9_14/full/policy_attempts/full40_20260916_h2o_static_safe/seed20260906,False,calibrated unsafe,hybrid-session-004,qa,243.8092571683228,2,risk_evidence_insufficient
kivi_4bit_residual64,13.0,0.1,False,False,online_qwen,False,,/DATACENTER3/zhenxiang.wang/work/TailGuardKV/.worktrees/baseline-smoke-final-aggregation/out/full_25session_baseline_9_14/full/policy_attempts/full40_20260916_h2o_static_safe/seed20260906/config.yaml,,,,,0.1,True,,0.05,,0,False,kivi_4bit_residual64,True,,balanced_two_gpu,1,persistent,28354.361202102154,61678,32364.570243051276,,,15.0,13.86669921875,4.663818359375,4.663818359375,4.663818359375,2716.077514924109,unknown,True,,True,,False,,15314.46337890625,True,static_safe,False,0.0,0.0,kivi_4bit_residual64,0.0,,risk_evidence_insufficient,0.0,static_safe,255.4645522031933,,,,hybrid-session-005-turn-2,4.663818359375,0.0,4.663818359375,0.0,0.0,/DATACENTER3/zhenxiang.wang/work/TailGuardKV/.worktrees/baseline-smoke-final-aggregation/out/full_25session_baseline_9_14/full/policy_attempts/full40_20260916_h2o_static_safe/seed20260906,True,calibrated safe,hybrid-session-005,summary,256.2759919092059,2,risk_evidence_insufficient
kivi_4bit_residual64,13.0,0.1,False,True,online_qwen,True,,/DATACENTER3/zhenxiang.wang/work/TailGuardKV/.worktrees/baseline-smoke-final-aggregation/out/full_25session_baseline_9_14/full/policy_attempts/full40_20260916_h2o_static_safe/seed20260906/config.yaml,,,,,0.1,True,,0.05,,9.202880859375,False,kivi_4bit_residual64,True,,balanced_two_gpu,1,persistent,28354.361202102154,61678,32364.570243051276,,,15.0,10.870849609375,6.20703125,6.20703125,6.20703125,2731.0892560053617,unknown,True,,True,,False,,15382.86279296875,True,static_safe,False,0.03418803418803419,0.03418803418803419,kivi_4bit_residual64,0.03418803418803419,,risk_evidence_insufficient,0.0,static_safe,286.2110601272434,,,,hybrid-session-006-turn-2,6.20703125,0.0,6.20703125,0.0,0.3418803418803419,/DATACENTER3/zhenxiang.wang/work/TailGuardKV/.worktrees/baseline-smoke-final-aggregation/out/full_25session_baseline_9_14/full/policy_attempts/full40_20260916_h2o_static_safe/seed20260906,False,calibrated unsafe,hybrid-session-006,qa,287.02730289660394,2,risk_evidence_insufficient
kivi_4bit_residual64,13.0,0.1,False,True,online_qwen,True,,/DATACENTER3/zhenxiang.wang/work/TailGuardKV/.worktrees/baseline-smoke-final-aggregation/out/full_25session_baseline_9_14/full/policy_attempts/full40_20260916_h2o_static_safe/seed20260906/config.yaml,,,,,0.1,True,,0.05,,4.663818359375,False,kivi_4bit_residual64,True,,balanced_two_gpu,1,persistent,28354.361202102154,61678,32364.570243051276,,,15.0,11.356201171875,5.149169921875,5.149169921875,5.149169921875,2701.4485870022327,unknown,True,,True,,False,,15286.47119140625,True,static_safe,False,0.0,0.0,kivi_4bit_residual64,0.0,,risk_evidence_insufficient,0.0,static_safe,242.31817503459752,,,,hybrid-session-009-turn-2,5.149169921875,0.0,5.149169921875,0.0,0.0,/DATACENTER3/zhenxiang.wang/work/TailGuardKV/.worktrees/baseline-smoke-final-aggregation/out/full_25session_baseline_9_14/full/policy_attempts/full40_20260916_h2o_static_safe/seed20260906,True,calibrated safe,hybrid-session-009,summary,243.17278410308063,2,risk_evidence_insufficient
kivi_4bit_residual64,13.0,0.1,False,True,online_qwen,True,,/DATACENTER3/zhenxiang.wang/work/TailGuardKV/.worktrees/baseline-smoke-final-aggregation/out/full_25session_baseline_9_14/full/policy_attempts/full40_20260916_h2o_static_safe/seed20260906/config.yaml,,,,,0.1,True,,0.05,,6.20703125,False,kivi_4bit_residual64,True,,balanced_two_gpu,1,persistent,28354.361202102154,61678,32364.570243051276,,,15.0,10.72900390625,5.579833984375,5.579833984375,5.579833984375,2676.458196947351,unknown,True,,True,,False,,15304.72119140625,True,static_safe,False,0.0,0.0,kivi_4bit_residual64,0.0,,risk_evidence_insufficient,0.0,static_safe,242.16757016256452,,,,hybrid-session-010-turn-2,5.579833984375,0.0,5.579833984375,0.0,0.0,/DATACENTER3/zhenxiang.wang/work/TailGuardKV/.worktrees/baseline-smoke-final-aggregation/out/full_25session_baseline_9_14/full/policy_attempts/full40_20260916_h2o_static_safe/seed20260906,True,calibrated safe,hybrid-session-010,qa,243.087078910321,2,risk_evidence_insufficient
kivi_4bit_residual64,13.0,0.1,True,False,online_qwen,False,,/DATACENTER3/zhenxiang.wang/work/TailGuardKV/.worktrees/baseline-smoke-final-aggregation/out/full_25session_baseline_9_14/full/policy_attempts/full40_20260916_h2o_static_safe/seed20260906/config.yaml,,,,,0.1,True,,0.05,"OutOfMemoryError: CUDA out of memory. Tried to allocate 20.00 MiB. GPU 0 has a total capacity of 10.75 GiB of which 15.62 MiB is free. Including non-PyTorch memory, this process has 7.80 GiB memory in use. Process 65506 has 2.93 GiB memory in use. Of the allocated memory 6.90 GiB is allocated by PyTorch, and 107.31 MiB is reserved by PyTorch but unallocated. If reserved but unallocated memory is large try setting PYTORCH_CUDA_ALLOC_CONF=expandable_segments:True to avoid fragmentation.  See documentation for Memory Management  (https://pytorch.org/docs/stable/notes/cuda.html#environment-variables)",10.72900390625,False,kivi_4bit_residual64,True,,balanced_two_gpu,1,persistent,28354.361202102154,61678,32364.570243051276,true,,15.0,0.0,,,,,unknown,False,,False,,False,,,True,static_safe,False,0.0,0.0,kivi_4bit_residual64,0.0,,risk_evidence_insufficient,0.0,static_safe,0.0,,,,hybrid-session-013-turn-2,0.0,0.0,,0.0,0.0,/DATACENTER3/zhenxiang.wang/work/TailGuardKV/.worktrees/baseline-smoke-final-aggregation/out/full_25session_baseline_9_14/full/policy_attempts/full40_20260916_h2o_static_safe/seed20260906,True,calibrated safe,hybrid-session-013,summary,,2,risk_evidence_insufficient
kivi_4bit_residual64,13.0,0.1,True,False,online_qwen,False,,/DATACENTER3/zhenxiang.wang/work/TailGuardKV/.worktrees/baseline-smoke-final-aggregation/out/full_25session_baseline_9_14/full/policy_attempts/full40_20260916_h2o_static_safe/seed20260906/config.yaml,,,,,0.1,True,,0.05,,0,False,kivi_4bit_residual64,True,,balanced_two_gpu,1,persistent,28354.361202102154,61678,32364.570243051276,,,15.0,9.435302734375,4.735595703125,4.735595703125,4.735595703125,2717.0179809909314,unknown,True,,True,,False,,15313.55322265625,True,static_safe,False,0.03418803418803419,0.03418803418803419,kivi_4bit_residual64,0.03418803418803419,,risk_evidence_insufficient,0.0,static_safe,257.2865260299295,,,,hybrid-session-020-turn-2,4.735595703125,0.0,4.735595703125,0.0,0.3418803418803419,/DATACENTER3/zhenxiang.wang/work/TailGuardKV/.worktrees/baseline-smoke-final-aggregation/out/full_25session_baseline_9_14/full/policy_attempts/full40_20260916_h2o_static_safe/seed20260906,False,calibrated unsafe,hybrid-session-020,qa,264.24176897853613,2,risk_evidence_insufficient
kivi_4bit_residual64,13.0,0.1,False,False,online_qwen,False,,/DATACENTER3/zhenxiang.wang/work/TailGuardKV/.worktrees/baseline-smoke-final-aggregation/out/full_25session_baseline_9_14/full/policy_attempts/full40_20260916_h2o_static_safe/seed20260906/config.yaml,,,,,0.1,True,,0.05,,0,False,kivi_4bit_residual64,True,,balanced_two_gpu,1,persistent,28354.361202102154,61678,32364.570243051276,,,15.0,14.52978515625,5.094482421875,5.094482421875,5.094482421875,2163.390693953261,unknown,True,,True,,False,,15331.34814453125,True,static_safe,False,0.0,0.0,kivi_4bit_residual64,0.0,,risk_evidence_insufficient,0.0,static_safe,280.3746950812638,,,,hybrid-session-021-turn-2,5.094482421875,0.0,5.094482421875,0.0,0.0,/DATACENTER3/zhenxiang.wang/work/TailGuardKV/.worktrees/baseline-smoke-final-aggregation/out/full_25session_baseline_9_14/full/policy_attempts/full40_20260916_h2o_static_safe/seed20260906,True,calibrated safe,hybrid-session-021,summary,281.2490009237081,2,risk_evidence_insufficient
kivi_4bit_residual64,13.0,0.1,False,True,online_qwen,True,,/DATACENTER3/zhenxiang.wang/work/TailGuardKV/.worktrees/baseline-smoke-final-aggregation/out/full_25session_baseline_9_14/full/policy_attempts/full40_20260916_h2o_static_safe/seed20260906/config.yaml,,,,,0.1,True,,0.05,,9.435302734375,False,kivi_4bit_residual64,True,,balanced_two_gpu,1,persistent,28354.361202102154,61678,32364.570243051276,,,15.0,10.53076171875,5.436279296875,5.436279296875,5.436279296875,2622.2772328183055,unknown,True,,True,,False,,15301.99658203125,True,static_safe,False,0.0,0.0,kivi_4bit_residual64,0.0,,risk_evidence_insufficient,0.0,static_safe,237.44325782172382,,,,hybrid-session-025-turn-2,5.436279296875,0.0,5.436279296875,0.0,0.0,/DATACENTER3/zhenxiang.wang/work/TailGuardKV/.worktrees/baseline-smoke-final-aggregation/out/full_25session_baseline_9_14/full/policy_attempts/full40_20260916_h2o_static_safe/seed20260906,True,calibrated safe,hybrid-session-025,summary,238.3061028085649,2,risk_evidence_insufficient
kivi_4bit_residual64,13.0,0.1,False,True,online_qwen,True,,/DATACENTER3/zhenxiang.wang/work/TailGuardKV/.worktrees/baseline-smoke-final-aggregation/out/full_25session_baseline_9_14/full/policy_attempts/full40_20260916_h2o_static_safe/seed20260906/config.yaml,,,,,0.1,True,,0.05,,5.094482421875,False,kivi_4bit_residual64,True,,balanced_two_gpu,1,persistent,28354.361202102154,61678,32364.570243051276,,,15.0,10.638427734375,5.2021484375,5.2021484375,5.2021484375,2638.3930558804423,unknown,True,,True,,False,,15337.77197265625,True,static_safe,False,0.03418803418803419,0.03418803418803419,kivi_4bit_residual64,0.03418803418803419,,risk_evidence_insufficient,0.0,static_safe,251.8536529969424,,,,hybrid-session-026-turn-2,5.2021484375,0.0,5.2021484375,0.0,0.3418803418803419,/DATACENTER3/zhenxiang.wang/work/TailGuardKV/.worktrees/baseline-smoke-final-aggregation/out/full_25session_baseline_9_14/full/policy_attempts/full40_20260916_h2o_static_safe/seed20260906,False,calibrated unsafe,hybrid-session-026,qa,252.72613507695496,2,risk_evidence_insufficient
kivi_4bit_residual64,13.0,0.1,False,False,online_qwen,False,,/DATACENTER3/zhenxiang.wang/work/TailGuardKV/.worktrees/baseline-smoke-final-aggregation/out/full_25session_baseline_9_14/full/policy_attempts/full40_20260916_h2o_static_safe/seed20260906/config.yaml,,,,,0.1,True,,0.05,,0,False,kivi_4bit_residual64,True,,balanced_two_gpu,1,persistent,28354.361202102154,61678,32364.570243051276,,,15.0,14.9091796875,4.270751953125,4.270751953125,4.270751953125,2039.0122330281883,unknown,True,,True,,False,,15200.40673828125,True,static_safe,False,0.0,0.0,kivi_4bit_residual64,0.0,,risk_evidence_insufficient,0.0,static_safe,183.11937898397446,,,,hybrid-session-002-turn-3,4.270751953125,0.0,4.270751953125,0.0,0.0,/DATACENTER3/zhenxiang.wang/work/TailGuardKV/.worktrees/baseline-smoke-final-aggregation/out/full_25session_baseline_9_14/full/policy_attempts/full40_20260916_h2o_static_safe/seed20260906,True,calibrated safe,hybrid-session-002,qa,183.93032904714346,3,risk_evidence_insufficient
kivi_4bit_residual64,13.0,0.1,False,True,online_qwen,True,,/DATACENTER3/zhenxiang.wang/work/TailGuardKV/.worktrees/baseline-smoke-final-aggregation/out/full_25session_baseline_9_14/full/policy_attempts/full40_20260916_h2o_static_safe/seed20260906/config.yaml,,,,,0.1,True,,0.05,,5.436279296875,False,kivi_4bit_residual64,True,,balanced_two_gpu,1,persistent,28354.361202102154,61678,32364.570243051276,,,15.0,14.20849609375,4.735595703125,4.735595703125,4.735595703125,2539.4675261341035,unknown,True,,True,,False,,15323.17431640625,True,static_safe,False,0.0,0.0,kivi_4bit_residual64,0.0,,risk_evidence_insufficient,0.0,static_safe,224.97137589380145,,,,hybrid-session-003-turn-3,4.735595703125,0.0,4.735595703125,0.0,0.0,/DATACENTER3/zhenxiang.wang/work/TailGuardKV/.worktrees/baseline-smoke-final-aggregation/out/full_25session_baseline_9_14/full/policy_attempts/full40_20260916_h2o_static_safe/seed20260906,True,calibrated safe,hybrid-session-003,summary,225.7721801288426,3,risk_evidence_insufficient
kivi_4bit_residual64,13.0,0.1,False,True,online_qwen,True,,/DATACENTER3/zhenxiang.wang/work/TailGuardKV/.worktrees/baseline-smoke-final-aggregation/out/full_25session_baseline_9_14/full/policy_attempts/full40_20260916_h2o_static_safe/seed20260906/config.yaml,,,,,0.1,True,,0.05,,9.472900390625,False,kivi_4bit_residual64,True,,balanced_two_gpu,1,persistent,28354.361202102154,61678,32364.570243051276,,,15.0,11.33740234375,6.601806640625,6.601806640625,6.601806640625,2701.7347649671137,unknown,True,,True,,False,,15399.54541015625,True,static_safe,False,0.03418803418803419,0.03418803418803419,kivi_4bit_residual64,0.03418803418803419,,risk_evidence_insufficient,0.0,static_safe,274.63052212260664,,,,hybrid-session-004-turn-3,6.601806640625,0.0,6.601806640625,0.0,0.3418803418803419,/DATACENTER3/zhenxiang.wang/work/TailGuardKV/.worktrees/baseline-smoke-final-aggregation/out/full_25session_baseline_9_14/full/policy_attempts/full40_20260916_h2o_static_safe/seed20260906,False,calibrated unsafe,hybrid-session-004,qa,275.4966439679265,3,risk_evidence_insufficient
kivi_4bit_residual64,13.0,0.1,False,True,online_qwen,True,,/DATACENTER3/zhenxiang.wang/work/TailGuardKV/.worktrees/baseline-smoke-final-aggregation/out/full_25session_baseline_9_14/full/policy_attempts/full40_20260916_h2o_static_safe/seed20260906/config.yaml,,,,,0.1,True,,0.05,,4.735595703125,False,kivi_4bit_residual64,True,,balanced_two_gpu,1,persistent,28354.361202102154,61678,32364.570243051276,,,15.0,12.91650390625,6.314697265625,6.314697265625,6.314697265625,2634.9315750412643,unknown,True,,True,,False,,15384.77197265625,True,static_safe,False,0.0,0.0,kivi_4bit_residual64,0.0,,risk_evidence_insufficient,0.0,static_safe,273.7666480243206,,,,hybrid-session-005-turn-3,6.314697265625,0.0,6.314697265625,0.0,0.0,/DATACENTER3/zhenxiang.wang/work/TailGuardKV/.worktrees/baseline-smoke-final-aggregation/out/full_25session_baseline_9_14/full/policy_attempts/full40_20260916_h2o_static_safe/seed20260906,True,calibrated safe,hybrid-session-005,summary,274.5720779057592,3,risk_evidence_insufficient
kivi_4bit_residual64,13.0,0.1,False,True,online_qwen,True,,/DATACENTER3/zhenxiang.wang/work/TailGuardKV/.worktrees/baseline-smoke-final-aggregation/out/full_25session_baseline_9_14/full/policy_attempts/full40_20260916_h2o_static_safe/seed20260906/config.yaml,,,,,0.1,True,,0.05,,6.601806640625,False,kivi_4bit_residual64,True,,balanced_two_gpu,1,persistent,28354.361202102154,61678,32364.570243051276,,,15.0,13.00537109375,6.690673828125,6.690673828125,6.690673828125,2744.4856171496212,unknown,True,,True,,False,,15450.9736328125,True,static_safe,False,0.0,0.0,kivi_4bit_residual64,0.0,,risk_evidence_insufficient,0.0,static_safe,324.3336088489741,,,,hybrid-session-006-turn-3,6.690673828125,0.0,6.690673828125,0.0,0.0,/DATACENTER3/zhenxiang.wang/work/TailGuardKV/.worktrees/baseline-smoke-final-aggregation/out/full_25session_baseline_9_14/full/policy_attempts/full40_20260916_h2o_static_safe/seed20260906,True,calibrated safe,hybrid-session-006,qa,325.1428999938071,3,risk_evidence_insufficient
kivi_4bit_residual64,13.0,0.1,False,True,online_qwen,True,,/DATACENTER3/zhenxiang.wang/work/TailGuardKV/.worktrees/baseline-smoke-final-aggregation/out/full_25session_baseline_9_14/full/policy_attempts/full40_20260916_h2o_static_safe/seed20260906/config.yaml,,,,,0.1,True,,0.05,,6.314697265625,False,kivi_4bit_residual64,True,,balanced_two_gpu,1,persistent,28354.361202102154,61678,32364.570243051276,,,15.0,12.28759765625,5.596923828125,5.596923828125,5.596923828125,2609.0374391060323,unknown,True,,True,,False,,15355.70947265625,True,static_safe,False,0.0,0.0,kivi_4bit_residual64,0.0,,risk_evidence_insufficient,0.0,static_safe,244.80208195745945,,,,hybrid-session-009-turn-3,5.596923828125,0.0,5.596923828125,0.0,0.0,/DATACENTER3/zhenxiang.wang/work/TailGuardKV/.worktrees/baseline-smoke-final-aggregation/out/full_25session_baseline_9_14/full/policy_attempts/full40_20260916_h2o_static_safe/seed20260906,True,calibrated safe,hybrid-session-009,summary,245.60942593961954,3,risk_evidence_insufficient
kivi_4bit_residual64,13.0,0.1,False,True,online_qwen,True,,/DATACENTER3/zhenxiang.wang/work/TailGuardKV/.worktrees/baseline-smoke-final-aggregation/out/full_25session_baseline_9_14/full/policy_attempts/full40_20260916_h2o_static_safe/seed20260906/config.yaml,,,,,0.1,True,,0.05,,6.690673828125,False,kivi_4bit_residual64,True,,balanced_two_gpu,1,persistent,28354.361202102154,61678,32364.570243051276,,,15.0,11.660400390625,6.0634765625,6.0634765625,6.0634765625,2154.9900439567864,unknown,True,,True,,False,,15375.28466796875,True,static_safe,False,0.0,0.0,kivi_4bit_residual64,0.0,,risk_evidence_insufficient,0.0,static_safe,247.80602590180933,,,,hybrid-session-010-turn-3,6.0634765625,0.0,6.0634765625,0.0,0.0,/DATACENTER3/zhenxiang.wang/work/TailGuardKV/.worktrees/baseline-smoke-final-aggregation/out/full_25session_baseline_9_14/full/policy_attempts/full40_20260916_h2o_static_safe/seed20260906,True,calibrated safe,hybrid-session-010,qa,248.51574399508536,3,risk_evidence_insufficient
kivi_4bit_residual64,13.0,0.1,False,True,online_qwen,True,,/DATACENTER3/zhenxiang.wang/work/TailGuardKV/.worktrees/baseline-smoke-final-aggregation/out/full_25session_baseline_9_14/full/policy_attempts/full40_20260916_h2o_static_safe/seed20260906/config.yaml,,,,,0.1,True,,0.05,,5.596923828125,False,kivi_4bit_residual64,True,,balanced_two_gpu,1,persistent,28354.361202102154,61678,32364.570243051276,,,15.0,9.903564453125,3.840087890625,3.840087890625,3.840087890625,2177.648306125775,unknown,True,,True,,False,,15184.74853515625,True,static_safe,False,0.0,0.0,kivi_4bit_residual64,0.0,,risk_evidence_insufficient,0.0,static_safe,216.548222117126,,,,hybrid-session-013-turn-3,3.840087890625,0.0,3.840087890625,0.0,0.0,/DATACENTER3/zhenxiang.wang/work/TailGuardKV/.worktrees/baseline-smoke-final-aggregation/out/full_25session_baseline_9_14/full/policy_attempts/full40_20260916_h2o_static_safe/seed20260906,True,calibrated safe,hybrid-session-013,summary,217.21965912729502,3,risk_evidence_insufficient
kivi_4bit_residual64,13.0,0.1,False,True,online_qwen,True,,/DATACENTER3/zhenxiang.wang/work/TailGuardKV/.worktrees/baseline-smoke-final-aggregation/out/full_25session_baseline_9_14/full/policy_attempts/full40_20260916_h2o_static_safe/seed20260906/config.yaml,,,,,0.1,True,,0.05,,6.0634765625,False,kivi_4bit_residual64,True,,balanced_two_gpu,1,persistent,28354.361202102154,61678,32364.570243051276,,,15.0,10.2265625,6.386474609375,6.386474609375,6.386474609375,2629.144289996475,unknown,True,,True,,False,,15387.45556640625,True,static_safe,False,0.0,0.0,kivi_4bit_residual64,0.0,,risk_evidence_insufficient,0.0,static_safe,268.45274795778096,,,,hybrid-session-016-turn-3,6.386474609375,0.0,6.386474609375,0.0,0.0,/DATACENTER3/zhenxiang.wang/work/TailGuardKV/.worktrees/baseline-smoke-final-aggregation/out/full_25session_baseline_9_14/full/policy_attempts/full40_20260916_h2o_static_safe/seed20260906,True,calibrated safe,hybrid-session-016,qa,269.2048689350486,3,risk_evidence_insufficient
kivi_4bit_residual64,13.0,0.1,False,True,online_qwen,True,,/DATACENTER3/zhenxiang.wang/work/TailGuardKV/.worktrees/baseline-smoke-final-aggregation/out/full_25session_baseline_9_14/full/policy_attempts/full40_20260916_h2o_static_safe/seed20260906/config.yaml,,,,,0.1,True,,0.05,,3.840087890625,False,kivi_4bit_residual64,True,,balanced_two_gpu,1,persistent,28354.361202102154,61678,32364.570243051276,,,15.0,12.77294921875,6.386474609375,6.386474609375,6.386474609375,2436.2009440083057,unknown,True,,True,,False,,15387.79736328125,True,static_safe,False,0.0,0.0,kivi_4bit_residual64,0.0,,risk_evidence_insufficient,0.0,static_safe,256.04966888204217,,,,hybrid-session-020-turn-3,6.386474609375,0.0,6.386474609375,0.0,0.0,/DATACENTER3/zhenxiang.wang/work/TailGuardKV/.worktrees/baseline-smoke-final-aggregation/out/full_25session_baseline_9_14/full/policy_attempts/full40_20260916_h2o_static_safe/seed20260906,True,calibrated safe,hybrid-session-020,qa,256.84672105126083,3,risk_evidence_insufficient
kivi_4bit_residual64,13.0,0.1,False,True,online_qwen,True,,/DATACENTER3/zhenxiang.wang/work/TailGuardKV/.worktrees/baseline-smoke-final-aggregation/out/full_25session_baseline_9_14/full/policy_attempts/full40_20260916_h2o_static_safe/seed20260906/config.yaml,,,,,0.1,True,,0.05,,6.386474609375,False,kivi_4bit_residual64,True,,balanced_two_gpu,1,persistent,28354.361202102154,61678,32364.570243051276,,,15.0,13.1318359375,6.745361328125,6.745361328125,6.745361328125,2630.34421694465,unknown,True,,True,,False,,15405.99853515625,True,static_safe,False,0.0,0.0,kivi_4bit_residual64,0.0,,risk_evidence_insufficient,0.0,static_safe,266.06146013364196,,,,hybrid-session-021-turn-3,6.745361328125,0.0,6.745361328125,0.0,0.0,/DATACENTER3/zhenxiang.wang/work/TailGuardKV/.worktrees/baseline-smoke-final-aggregation/out/full_25session_baseline_9_14/full/policy_attempts/full40_20260916_h2o_static_safe/seed20260906,True,calibrated safe,hybrid-session-021,summary,266.8451319914311,3,risk_evidence_insufficient
kivi_4bit_residual64,13.0,0.1,False,True,online_qwen,True,,/DATACENTER3/zhenxiang.wang/work/TailGuardKV/.worktrees/baseline-smoke-final-aggregation/out/full_25session_baseline_9_14/full/policy_attempts/full40_20260916_h2o_static_safe/seed20260906/config.yaml,,,,,0.1,True,,0.05,,6.386474609375,False,kivi_4bit_residual64,True,,balanced_two_gpu,1,persistent,28354.361202102154,61678,32364.570243051276,,,15.0,12.593505859375,5.84814453125,5.84814453125,5.84814453125,2709.532951004803,unknown,True,,True,,False,,15366.23974609375,True,static_safe,False,0.0,0.0,kivi_4bit_residual64,0.0,,risk_evidence_insufficient,0.0,static_safe,272.0955600962043,,,,hybrid-session-025-turn-3,5.84814453125,0.0,5.84814453125,0.0,0.0,/DATACENTER3/zhenxiang.wang/work/TailGuardKV/.worktrees/baseline-smoke-final-aggregation/out/full_25session_baseline_9_14/full/policy_attempts/full40_20260916_h2o_static_safe/seed20260906,True,calibrated safe,hybrid-session-025,summary,272.8688661009073,3,risk_evidence_insufficient
kivi_4bit_residual64,13.0,0.1,False,True,online_qwen,True,,/DATACENTER3/zhenxiang.wang/work/TailGuardKV/.worktrees/baseline-smoke-final-aggregation/out/full_25session_baseline_9_14/full/policy_attempts/full40_20260916_h2o_static_safe/seed20260906/config.yaml,,,,,0.1,True,,0.05,,6.745361328125,False,kivi_4bit_residual64,True,,balanced_two_gpu,1,persistent,28354.361202102154,61678,32364.570243051276,,,15.0,11.533935546875,5.685791015625,5.685791015625,5.685791015625,2677.5322081521153,unknown,True,,True,,False,,15410.71533203125,True,static_safe,False,0.03418803418803419,0.03418803418803419,kivi_4bit_residual64,0.03418803418803419,,risk_evidence_insufficient,0.0,static_safe,276.83387510478497,,,,hybrid-session-026-turn-3,5.685791015625,0.0,5.685791015625,0.0,0.3418803418803419,/DATACENTER3/zhenxiang.wang/work/TailGuardKV/.worktrees/baseline-smoke-final-aggregation/out/full_25session_baseline_9_14/full/policy_attempts/full40_20260916_h2o_static_safe/seed20260906,False,calibrated unsafe,hybrid-session-026,qa,277.64081000350416,3,risk_evidence_insufficient
kivi_4bit_residual64,13.0,0.1,False,True,online_qwen,True,,/DATACENTER3/zhenxiang.wang/work/TailGuardKV/.worktrees/baseline-smoke-final-aggregation/out/full_25session_baseline_9_14/full/policy_attempts/full40_20260916_h2o_static_safe/seed20260906/config.yaml,,,,,0.1,True,,0.05,,5.84814453125,False,kivi_4bit_residual64,True,,balanced_two_gpu,1,persistent,28354.361202102154,61678,32364.570243051276,,,15.0,10.2607421875,4.574951171875,4.574951171875,4.574951171875,2620.8918900229037,unknown,True,,True,,False,,15262.82080078125,True,static_safe,False,0.0,0.0,kivi_4bit_residual64,0.0,,risk_evidence_insufficient,0.0,static_safe,236.39287217520177,,,,hybrid-session-002-turn-4,4.574951171875,0.0,4.574951171875,0.0,0.0,/DATACENTER3/zhenxiang.wang/work/TailGuardKV/.worktrees/baseline-smoke-final-aggregation/out/full_25session_baseline_9_14/full/policy_attempts/full40_20260916_h2o_static_safe/seed20260906,True,calibrated safe,hybrid-session-002,qa,237.11806000210345,4,risk_evidence_insufficient
kivi_4bit_residual64,13.0,0.1,False,True,online_qwen,True,,/DATACENTER3/zhenxiang.wang/work/TailGuardKV/.worktrees/baseline-smoke-final-aggregation/out/full_25session_baseline_9_14/full/policy_attempts/full40_20260916_h2o_static_safe/seed20260906/config.yaml,,,,,0.1,True,,0.05,,5.685791015625,False,kivi_4bit_residual64,True,,balanced_two_gpu,1,persistent,28354.361202102154,61678,32364.570243051276,,,15.0,10.81787109375,6.242919921875,6.242919921875,6.242919921875,2676.9887420814484,unknown,True,,True,,False,,15383.00634765625,True,static_safe,False,0.0,0.0,kivi_4bit_residual64,0.0,,risk_evidence_insufficient,0.0,static_safe,270.5200321506709,,,,hybrid-session-003-turn-4,6.242919921875,0.0,6.242919921875,0.0,0.0,/DATACENTER3/zhenxiang.wang/work/TailGuardKV/.worktrees/baseline-smoke-final-aggregation/out/full_25session_baseline_9_14/full/policy_attempts/full40_20260916_h2o_static_safe/seed20260906,True,calibrated safe,hybrid-session-003,summary,271.27868589013815,4,risk_evidence_insufficient
kivi_4bit_residual64,13.0,0.1,False,True,online_qwen,True,,/DATACENTER3/zhenxiang.wang/work/TailGuardKV/.worktrees/baseline-smoke-final-aggregation/out/full_25session_baseline_9_14/full/policy_attempts/full40_20260916_h2o_static_safe/seed20260906/config.yaml,,,,,0.1,True,,0.05,,4.574951171875,False,kivi_4bit_residual64,True,,balanced_two_gpu,1,persistent,28354.361202102154,61678,32364.570243051276,,,15.0,13.14892578125,6.906005859375,6.906005859375,6.906005859375,2700.0247719697654,unknown,True,,True,,False,,15458.8564453125,True,static_safe,False,0.0,0.0,kivi_4bit_residual64,0.0,,risk_evidence_insufficient,0.0,static_safe,314.2017759382725,,,,hybrid-session-004-turn-4,6.906005859375,0.0,6.906005859375,0.0,0.0,/DATACENTER3/zhenxiang.wang/work/TailGuardKV/.worktrees/baseline-smoke-final-aggregation/out/full_25session_baseline_9_14/full/policy_attempts/full40_20260916_h2o_static_safe/seed20260906,True,calibrated safe,hybrid-session-004,qa,314.939321950078,4,risk_evidence_insufficient
kivi_4bit_residual64,13.0,0.1,False,True,online_qwen,True,,/DATACENTER3/zhenxiang.wang/work/TailGuardKV/.worktrees/baseline-smoke-final-aggregation/out/full_25session_baseline_9_14/full/policy_attempts/full40_20260916_h2o_static_safe/seed20260906/config.yaml,,,,,0.1,True,,0.05,,6.242919921875,False,kivi_4bit_residual64,True,,balanced_two_gpu,1,persistent,28354.361202102154,61678,32364.570243051276,,,15.0,13.52490234375,6.618896484375,6.618896484375,6.618896484375,2752.904284046963,unknown,True,,True,,False,,15447.8017578125,True,static_safe,False,0.0,0.0,kivi_4bit_residual64,0.0,,risk_evidence_insufficient,0.0,static_safe,317.07458407618105,,,,hybrid-session-005-turn-4,6.618896484375,0.0,6.618896484375,0.0,0.0,/DATACENTER3/zhenxiang.wang/work/TailGuardKV/.worktrees/baseline-smoke-final-aggregation/out/full_25session_baseline_9_14/full/policy_attempts/full40_20260916_h2o_static_safe/seed20260906,True,calibrated safe,hybrid-session-005,summary,317.8961349185556,4,risk_evidence_insufficient
kivi_4bit_residual64,13.0,0.1,False,True,online_qwen,True,,/DATACENTER3/zhenxiang.wang/work/TailGuardKV/.worktrees/baseline-smoke-final-aggregation/out/full_25session_baseline_9_14/full/policy_attempts/full40_20260916_h2o_static_safe/seed20260906/config.yaml,,,,,0.1,True,,0.05,,6.906005859375,False,kivi_4bit_residual64,True,,balanced_two_gpu,1,persistent,28354.361202102154,61678,32364.570243051276,,,15.0,13.61376953125,6.994873046875,6.994873046875,6.994873046875,2257.2060071397573,unknown,True,,True,,False,,15514.4794921875,True,static_safe,False,0.0,0.0,kivi_4bit_residual64,0.0,,risk_evidence_insufficient,0.0,static_safe,319.9990449938923,,,,hybrid-session-006-turn-4,6.994873046875,0.0,6.994873046875,0.0,0.0,/DATACENTER3/zhenxiang.wang/work/TailGuardKV/.worktrees/baseline-smoke-final-aggregation/out/full_25session_baseline_9_14/full/policy_attempts/full40_20260916_h2o_static_safe/seed20260906,True,calibrated safe,hybrid-session-006,qa,320.77886792831123,4,risk_evidence_insufficient
kivi_4bit_residual64,13.0,0.1,True,True,online_qwen,True,,/DATACENTER3/zhenxiang.wang/work/TailGuardKV/.worktrees/baseline-smoke-final-aggregation/out/full_25session_baseline_9_14/full/policy_attempts/full40_20260916_h2o_static_safe/seed20260906/config.yaml,,,,,0.1,True,,0.05,,6.618896484375,False,kivi_4bit_residual64,True,,balanced_two_gpu,1,persistent,28354.361202102154,61678,32364.570243051276,,,15.0,12.89599609375,5.901123046875,5.901123046875,5.901123046875,2580.5139418225735,unknown,True,,True,,False,,15421.68603515625,True,static_safe,False,0.0,0.0,kivi_4bit_residual64,0.0,,risk_evidence_insufficient,0.0,static_safe,272.7207390125841,,,,hybrid-session-009-turn-4,5.901123046875,0.0,5.901123046875,0.0,0.0,/DATACENTER3/zhenxiang.wang/work/TailGuardKV/.worktrees/baseline-smoke-final-aggregation/out/full_25session_baseline_9_14/full/policy_attempts/full40_20260916_h2o_static_safe/seed20260906,True,calibrated safe,hybrid-session-009,summary,273.52792490273714,4,risk_evidence_insufficient
kivi_4bit_residual64,13.0,0.1,False,True,online_qwen,True,,/DATACENTER3/zhenxiang.wang/work/TailGuardKV/.worktrees/baseline-smoke-final-aggregation/out/full_25session_baseline_9_14/full/policy_attempts/full40_20260916_h2o_static_safe/seed20260906/config.yaml,,,,,0.1,True,,0.05,,6.994873046875,False,kivi_4bit_residual64,True,,balanced_two_gpu,1,persistent,28354.361202102154,61678,32364.570243051276,,,15.0,12.268798828125,6.36767578125,6.36767578125,6.36767578125,2299.286399036646,unknown,True,,True,,False,,15437.138671875,True,static_safe,False,0.0,0.0,kivi_4bit_residual64,0.0,,risk_evidence_insufficient,0.0,static_safe,314.5163170993328,,,,hybrid-session-010-turn-4,6.36767578125,0.0,6.36767578125,0.0,0.0,/DATACENTER3/zhenxiang.wang/work/TailGuardKV/.worktrees/baseline-smoke-final-aggregation/out/full_25session_baseline_9_14/full/policy_attempts/full40_20260916_h2o_static_safe/seed20260906,True,calibrated safe,hybrid-session-010,qa,315.3128339909017,4,risk_evidence_insufficient
kivi_4bit_residual64,13.0,0.1,True,False,online_qwen,False,,/DATACENTER3/zhenxiang.wang/work/TailGuardKV/.worktrees/baseline-smoke-final-aggregation/out/full_25session_baseline_9_14/full/policy_attempts/full40_20260916_h2o_static_safe/seed20260906/config.yaml,,,,,0.1,True,,0.05,"OutOfMemoryError: CUDA out of memory. Tried to allocate 20.00 MiB. GPU 0 has a total capacity of 10.75 GiB of which 9.62 MiB is free. Including non-PyTorch memory, this process has 7.81 GiB memory in use. Process 2923 has 2.93 GiB memory in use. Of the allocated memory 6.91 GiB is allocated by PyTorch, and 110.76 MiB is reserved by PyTorch but unallocated. If reserved but unallocated memory is large try setting PYTORCH_CUDA_ALLOC_CONF=expandable_segments:True to avoid fragmentation.  See documentation for Memory Management  (https://pytorch.org/docs/stable/notes/cuda.html#environment-variables)",12.268798828125,False,kivi_4bit_residual64,True,,balanced_two_gpu,1,persistent,28354.361202102154,61678,32364.570243051276,true,,15.0,0.0,,,,,unknown,False,,False,,False,,,True,static_safe,False,0.0,0.0,kivi_4bit_residual64,0.0,,risk_evidence_insufficient,0.0,static_safe,0.0,,,,hybrid-session-013-turn-4,0.0,0.0,,0.0,0.0,/DATACENTER3/zhenxiang.wang/work/TailGuardKV/.worktrees/baseline-smoke-final-aggregation/out/full_25session_baseline_9_14/full/policy_attempts/full40_20260916_h2o_static_safe/seed20260906,True,calibrated safe,hybrid-session-013,summary,,4,risk_evidence_insufficient
kivi_4bit_residual64,13.0,0.1,False,False,online_qwen,False,,/DATACENTER3/zhenxiang.wang/work/TailGuardKV/.worktrees/baseline-smoke-final-aggregation/out/full_25session_baseline_9_14/full/policy_attempts/full40_20260916_h2o_static_safe/seed20260906/config.yaml,,,,,0.1,True,,0.05,,0,False,kivi_4bit_residual64,True,,balanced_two_gpu,1,persistent,28354.361202102154,61678,32364.570243051276,,,15.0,13.38134765625,6.690673828125,6.690673828125,6.690673828125,2184.2411160469055,unknown,True,,True,,False,,15444.7119140625,True,static_safe,False,0.0,0.0,kivi_4bit_residual64,0.0,,risk_evidence_insufficient,0.0,static_safe,306.58737989142537,,,,hybrid-session-020-turn-4,6.690673828125,0.0,6.690673828125,0.0,0.0,/DATACENTER3/zhenxiang.wang/work/TailGuardKV/.worktrees/baseline-smoke-final-aggregation/out/full_25session_baseline_9_14/full/policy_attempts/full40_20260916_h2o_static_safe/seed20260906,True,calibrated safe,hybrid-session-020,qa,307.43128689937294,4,risk_evidence_insufficient
kivi_4bit_residual64,13.0,0.1,False,True,online_qwen,True,,/DATACENTER3/zhenxiang.wang/work/TailGuardKV/.worktrees/baseline-smoke-final-aggregation/out/full_25session_baseline_9_14/full/policy_attempts/full40_20260916_h2o_static_safe/seed20260906/config.yaml,,,,,0.1,True,,0.05,,6.690673828125,False,kivi_4bit_residual64,True,,balanced_two_gpu,1,persistent,28354.361202102154,61678,32364.570243051276,,,15.0,13.740234375,7.049560546875,7.049560546875,7.049560546875,2325.9317060001194,unknown,True,,True,,False,,15466.6689453125,True,static_safe,False,0.0,0.0,kivi_4bit_residual64,0.0,,risk_evidence_insufficient,0.0,static_safe,310.59835688211024,,,,hybrid-session-021-turn-4,7.049560546875,0.0,7.049560546875,0.0,0.0,/DATACENTER3/zhenxiang.wang/work/TailGuardKV/.worktrees/baseline-smoke-final-aggregation/out/full_25session_baseline_9_14/full/policy_attempts/full40_20260916_h2o_static_safe/seed20260906,True,calibrated safe,hybrid-session-021,summary,311.37256091460586,4,risk_evidence_insufficient
kivi_4bit_residual64,13.0,0.1,False,True,online_qwen,True,,/DATACENTER3/zhenxiang.wang/work/TailGuardKV/.worktrees/baseline-smoke-final-aggregation/out/full_25session_baseline_9_14/full/policy_attempts/full40_20260916_h2o_static_safe/seed20260906/config.yaml,,,,,0.1,True,,0.05,,6.690673828125,False,kivi_4bit_residual64,True,,balanced_two_gpu,1,persistent,28354.361202102154,61678,32364.570243051276,,,15.0,13.201904296875,6.15234375,6.15234375,6.15234375,2732.4552489444613,unknown,True,,True,,False,,15437.8876953125,True,static_safe,False,0.0,0.0,kivi_4bit_residual64,0.0,,risk_evidence_insufficient,0.0,static_safe,312.5911559909582,,,,hybrid-session-025-turn-4,6.15234375,0.0,6.15234375,0.0,0.0,/DATACENTER3/zhenxiang.wang/work/TailGuardKV/.worktrees/baseline-smoke-final-aggregation/out/full_25session_baseline_9_14/full/policy_attempts/full40_20260916_h2o_static_safe/seed20260906,True,calibrated safe,hybrid-session-025,summary,313.3735491428524,4,risk_evidence_insufficient
kivi_4bit_residual64,13.0,0.1,False,True,online_qwen,True,,/DATACENTER3/zhenxiang.wang/work/TailGuardKV/.worktrees/baseline-smoke-final-aggregation/out/full_25session_baseline_9_14/full/policy_attempts/full40_20260916_h2o_static_safe/seed20260906/config.yaml,,,,,0.1,True,,0.05,,7.049560546875,False,kivi_4bit_residual64,True,,balanced_two_gpu,1,persistent,28354.361202102154,61678,32364.570243051276,,,15.0,13.345458984375,7.193115234375,7.193115234375,7.193115234375,2438.7686559930444,unknown,True,,True,,False,,15471.7880859375,True,static_safe,False,0.03418803418803419,0.03418803418803419,kivi_4bit_residual64,0.03418803418803419,,risk_evidence_insufficient,0.0,static_safe,323.54493997991085,,,,hybrid-session-026-turn-4,7.193115234375,0.0,7.193115234375,0.0,0.3418803418803419,/DATACENTER3/zhenxiang.wang/work/TailGuardKV/.worktrees/baseline-smoke-final-aggregation/out/full_25session_baseline_9_14/full/policy_attempts/full40_20260916_h2o_static_safe/seed20260906,False,calibrated unsafe,hybrid-session-026,qa,324.4265718385577,4,risk_evidence_insufficient
full_gpu,2.0,0.1,False,False,online_qwen,False,1.0,/DATACENTER3/zhenxiang.wang/work/TailGuardKV/.worktrees/baseline-smoke-final-aggregation/out/full_25session_baseline_9_14/full/policy_attempts/full40_20260916_h2o_static_safe/seed20260906/config.yaml,,,,,0.1,True,,0.05,,0,True,full_gpu,True,,balanced_two_gpu,1,persistent,27823.053176049143,4234,31599.367142887786,,exact fallback,15.0,3.5546875,1.4765625,1.4765625,1.4765625,1364.74673403427,unknown,True,,True,,False,,15055.19384765625,True,utility_dynamic,True,0.0,0.0,full_gpu,0.0,,risk_evidence_insufficient,0.0,utility_dynamic,0.0,,,,hybrid-session-003-turn-0,1.4765625,0.0,1.4765625,0.0,0.0,/DATACENTER3/zhenxiang.wang/work/TailGuardKV/.worktrees/baseline-smoke-final-aggregation/out/full_25session_baseline_9_14/full/policy_attempts/full40_20260916_h2o_static_safe/seed20260906,True,,hybrid-session-003,chat,87.00287598185241,0,risk_evidence_insufficient
full_gpu,3.0,0.1,False,False,online_qwen,False,1.0,/DATACENTER3/zhenxiang.wang/work/TailGuardKV/.worktrees/baseline-smoke-final-aggregation/out/full_25session_baseline_9_14/full/policy_attempts/full40_20260916_h2o_static_safe/seed20260906/config.yaml,,,,,0.1,True,,0.05,,0,True,full_gpu,True,,balanced_two_gpu,1,persistent,27823.053176049143,4234,31599.367142887786,,exact fallback,15.0,5.3046875,1.75,1.75,1.75,1537.190604954958,unknown,True,,True,,False,,15063.70947265625,True,utility_dynamic,True,0.0,0.0,full_gpu,0.0,,risk_evidence_insufficient,0.0,utility_dynamic,0.0,,,,hybrid-session-004-turn-0,1.75,0.0,1.75,0.0,0.0,/DATACENTER3/zhenxiang.wang/work/TailGuardKV/.worktrees/baseline-smoke-final-aggregation/out/full_25session_baseline_9_14/full/policy_attempts/full40_20260916_h2o_static_safe/seed20260906,True,,hybrid-session-004,chat,98.89265382662416,0,risk_evidence_insufficient
full_gpu,4.0,0.1,False,False,online_qwen,False,1.0,/DATACENTER3/zhenxiang.wang/work/TailGuardKV/.worktrees/baseline-smoke-final-aggregation/out/full_25session_baseline_9_14/full/policy_attempts/full40_20260916_h2o_static_safe/seed20260906/config.yaml,,,,,0.1,True,,0.05,,0,True,full_gpu,True,,balanced_two_gpu,1,persistent,27823.053176049143,4234,31599.367142887786,,exact fallback,15.0,7.21875,1.9140625,1.9140625,1.9140625,1555.096625117585,unknown,True,,True,,False,,15070.26806640625,True,utility_dynamic,True,0.0,0.0,full_gpu,0.0,,risk_evidence_insufficient,0.0,utility_dynamic,0.0,,,,hybrid-session-005-turn-0,1.9140625,0.0,1.9140625,0.0,0.0,/DATACENTER3/zhenxiang.wang/work/TailGuardKV/.worktrees/baseline-smoke-final-aggregation/out/full_25session_baseline_9_14/full/policy_attempts/full40_20260916_h2o_static_safe/seed20260906,True,,hybrid-session-005,chat,112.68761614337564,0,risk_evidence_insufficient
full_gpu,5.0,0.1,False,False,online_qwen,False,1.0,/DATACENTER3/zhenxiang.wang/work/TailGuardKV/.worktrees/baseline-smoke-final-aggregation/out/full_25session_baseline_9_14/full/policy_attempts/full40_20260916_h2o_static_safe/seed20260906/config.yaml,,,,,0.1,True,,0.05,,0,True,full_gpu,True,,balanced_two_gpu,1,persistent,27823.053176049143,4234,31599.367142887786,,exact fallback,15.0,9.84375,2.625,2.625,2.625,1540.3527908492833,unknown,True,,True,,False,,15093.27587890625,True,utility_dynamic,True,0.0,0.0,full_gpu,0.0,,risk_evidence_insufficient,0.0,utility_dynamic,0.0,,,,hybrid-session-006-turn-0,2.625,0.0,2.625,0.0,0.0,/DATACENTER3/zhenxiang.wang/work/TailGuardKV/.worktrees/baseline-smoke-final-aggregation/out/full_25session_baseline_9_14/full/policy_attempts/full40_20260916_h2o_static_safe/seed20260906,True,,hybrid-session-006,chat,98.57041598297656,0,risk_evidence_insufficient
full_gpu,6.0,0.1,False,False,online_qwen,False,1.0,/DATACENTER3/zhenxiang.wang/work/TailGuardKV/.worktrees/baseline-smoke-final-aggregation/out/full_25session_baseline_9_14/full/policy_attempts/full40_20260916_h2o_static_safe/seed20260906/config.yaml,,,,,0.1,True,,0.05,,0,True,full_gpu,True,,balanced_two_gpu,1,persistent,27823.053176049143,4234,31599.367142887786,,exact fallback,15.0,11.5390625,1.6953125,1.6953125,1.6953125,1560.35598507151,unknown,True,,True,,False,,15068.48681640625,True,utility_dynamic,True,0.0,0.0,full_gpu,0.0,,risk_evidence_insufficient,0.0,utility_dynamic,0.0,,,,hybrid-session-009-turn-0,1.6953125,0.0,1.6953125,0.0,0.0,/DATACENTER3/zhenxiang.wang/work/TailGuardKV/.worktrees/baseline-smoke-final-aggregation/out/full_25session_baseline_9_14/full/policy_attempts/full40_20260916_h2o_static_safe/seed20260906,True,,hybrid-session-009,chat,95.971834147349,0,risk_evidence_insufficient
full_gpu,7.0,0.1,False,False,online_qwen,False,1.0,/DATACENTER3/zhenxiang.wang/work/TailGuardKV/.worktrees/baseline-smoke-final-aggregation/out/full_25session_baseline_9_14/full/policy_attempts/full40_20260916_h2o_static_safe/seed20260906/config.yaml,,,,,0.1,True,,0.05,,0,True,full_gpu,True,,balanced_two_gpu,1,persistent,27823.053176049143,4234,31599.367142887786,,exact fallback,15.0,13.0703125,1.53125,1.53125,1.53125,1516.251060878858,unknown,True,,True,,False,,15065.87646484375,True,utility_dynamic,True,0.0,0.0,full_gpu,0.0,,risk_evidence_insufficient,0.0,utility_dynamic,0.0,,,,hybrid-session-010-turn-0,1.53125,0.0,1.53125,0.0,0.0,/DATACENTER3/zhenxiang.wang/work/TailGuardKV/.worktrees/baseline-smoke-final-aggregation/out/full_25session_baseline_9_14/full/policy_attempts/full40_20260916_h2o_static_safe/seed20260906,True,,hybrid-session-010,chat,86.10584796406329,0,risk_evidence_insufficient
full_gpu,8.0,0.1,False,False,online_qwen,False,1.0,/DATACENTER3/zhenxiang.wang/work/TailGuardKV/.worktrees/baseline-smoke-final-aggregation/out/full_25session_baseline_9_14/full/policy_attempts/full40_20260916_h2o_static_safe/seed20260906/config.yaml,,,,,0.1,True,,0.05,,0,True,full_gpu,True,,balanced_two_gpu,1,persistent,27823.053176049143,4234,31599.367142887786,,exact fallback,15.0,14.875,1.8046875,1.8046875,1.8046875,1531.4860041253269,unknown,True,,True,,False,,15074.73681640625,True,utility_dynamic,True,0.0,0.0,full_gpu,0.0,,risk_evidence_insufficient,0.0,utility_dynamic,0.0,,,,hybrid-session-013-turn-0,1.8046875,0.0,1.8046875,0.0,0.0,/DATACENTER3/zhenxiang.wang/work/TailGuardKV/.worktrees/baseline-smoke-final-aggregation/out/full_25session_baseline_9_14/full/policy_attempts/full40_20260916_h2o_static_safe/seed20260906,True,,hybrid-session-013,chat,98.14859903417528,0,risk_evidence_insufficient
full_gpu,9.0,0.1,False,True,online_qwen,True,1.0,/DATACENTER3/zhenxiang.wang/work/TailGuardKV/.worktrees/baseline-smoke-final-aggregation/out/full_25session_baseline_9_14/full/policy_attempts/full40_20260916_h2o_static_safe/seed20260906/config.yaml,,,,,0.1,True,,0.05,,3.5546875,True,full_gpu,True,,balanced_two_gpu,1,persistent,27823.053176049143,4234,31599.367142887786,,exact fallback,15.0,13.9453125,2.625,2.625,2.625,1293.421938084066,unknown,True,,True,,False,,15100.93212890625,True,utility_dynamic,True,0.0,0.0,full_gpu,0.0,,risk_evidence_insufficient,0.0,utility_dynamic,0.0,,,,hybrid-session-016-turn-0,2.625,0.0,2.625,0.0,0.0,/DATACENTER3/zhenxiang.wang/work/TailGuardKV/.worktrees/baseline-smoke-final-aggregation/out/full_25session_baseline_9_14/full/policy_attempts/full40_20260916_h2o_static_safe/seed20260906,True,,hybrid-session-016,chat,105.9724900405854,0,risk_evidence_insufficient
full_gpu,10.0,0.1,False,True,online_qwen,True,1.0,/DATACENTER3/zhenxiang.wang/work/TailGuardKV/.worktrees/baseline-smoke-final-aggregation/out/full_25session_baseline_9_14/full/policy_attempts/full40_20260916_h2o_static_safe/seed20260906/config.yaml,,,,,0.1,True,,0.05,,1.75,True,full_gpu,True,,balanced_two_gpu,1,persistent,27823.053176049143,4234,31599.367142887786,,exact fallback,15.0,14.6015625,2.40625,2.40625,2.40625,1315.4371019918472,unknown,True,,True,,False,,15092.24072265625,True,utility_dynamic,True,0.0,0.0,full_gpu,0.0,,risk_evidence_insufficient,0.0,utility_dynamic,0.0,,,,hybrid-session-020-turn-0,2.40625,0.0,2.40625,0.0,0.0,/DATACENTER3/zhenxiang.wang/work/TailGuardKV/.worktrees/baseline-smoke-final-aggregation/out/full_25session_baseline_9_14/full/policy_attempts/full40_20260916_h2o_static_safe/seed20260906,True,,hybrid-session-020,chat,114.68891403637826,0,risk_evidence_insufficient
full_gpu,11.0,0.1,False,True,online_qwen,True,1.0,/DATACENTER3/zhenxiang.wang/work/TailGuardKV/.worktrees/baseline-smoke-final-aggregation/out/full_25session_baseline_9_14/full/policy_attempts/full40_20260916_h2o_static_safe/seed20260906/config.yaml,,,,,0.1,True,,0.05,,1.9140625,True,full_gpu,True,,balanced_two_gpu,1,persistent,27823.053176049143,4234,31599.367142887786,,exact fallback,15.0,14.984375,2.296875,2.296875,2.296875,1559.5463260542601,unknown,True,,True,,False,,15090.54931640625,True,utility_dynamic,True,0.0,0.0,full_gpu,0.0,,risk_evidence_insufficient,0.0,utility_dynamic,0.0,,,,hybrid-session-021-turn-0,2.296875,0.0,2.296875,0.0,0.0,/DATACENTER3/zhenxiang.wang/work/TailGuardKV/.worktrees/baseline-smoke-final-aggregation/out/full_25session_baseline_9_14/full/policy_attempts/full40_20260916_h2o_static_safe/seed20260906,True,,hybrid-session-021,chat,107.57769015617669,0,risk_evidence_insufficient
full_gpu,12.0,0.1,False,True,online_qwen,True,1.0,/DATACENTER3/zhenxiang.wang/work/TailGuardKV/.worktrees/baseline-smoke-final-aggregation/out/full_25session_baseline_9_14/full/policy_attempts/full40_20260916_h2o_static_safe/seed20260906/config.yaml,,,,,0.1,True,,0.05,,2.625,True,full_gpu,True,,balanced_two_gpu,1,persistent,27823.053176049143,4234,31599.367142887786,,exact fallback,15.0,14.328125,1.96875,1.96875,1.96875,1547.8375928942114,unknown,True,,True,,False,,15081.18603515625,True,utility_dynamic,True,0.0,0.0,full_gpu,0.0,,risk_evidence_insufficient,0.0,utility_dynamic,0.0,,,,hybrid-session-025-turn-0,1.96875,0.0,1.96875,0.0,0.0,/DATACENTER3/zhenxiang.wang/work/TailGuardKV/.worktrees/baseline-smoke-final-aggregation/out/full_25session_baseline_9_14/full/policy_attempts/full40_20260916_h2o_static_safe/seed20260906,True,,hybrid-session-025,chat,106.84891301207244,0,risk_evidence_insufficient
full_gpu,13.0,0.1,False,True,online_qwen,True,1.0,/DATACENTER3/zhenxiang.wang/work/TailGuardKV/.worktrees/baseline-smoke-final-aggregation/out/full_25session_baseline_9_14/full/policy_attempts/full40_20260916_h2o_static_safe/seed20260906/config.yaml,,,,,0.1,True,,0.05,,1.6953125,True,full_gpu,True,,balanced_two_gpu,1,persistent,27823.053176049143,4234,31599.367142887786,,exact fallback,15.0,14.8203125,2.1875,2.1875,2.1875,1551.2658841907978,unknown,True,,True,,False,,15086.57666015625,True,utility_dynamic,True,0.0,0.0,full_gpu,0.0,,risk_evidence_insufficient,0.0,utility_dynamic,0.0,,,,hybrid-session-026-turn-0,2.1875,0.0,2.1875,0.0,0.0,/DATACENTER3/zhenxiang.wang/work/TailGuardKV/.worktrees/baseline-smoke-final-aggregation/out/full_25session_baseline_9_14/full/policy_attempts/full40_20260916_h2o_static_safe/seed20260906,True,,hybrid-session-026,chat,91.92530112341046,0,risk_evidence_insufficient
full_gpu,13.0,0.1,False,True,online_qwen,True,1.0,/DATACENTER3/zhenxiang.wang/work/TailGuardKV/.worktrees/baseline-smoke-final-aggregation/out/full_25session_baseline_9_14/full/policy_attempts/full40_20260916_h2o_static_safe/seed20260906/config.yaml,,,,,0.1,True,,0.05,,3.3359375,True,full_gpu,True,,balanced_two_gpu,1,persistent,27823.053176049143,4234,31599.367142887786,,exact fallback,15.0,14.9296875,3.4453125,3.4453125,3.4453125,1216.1244871094823,unknown,True,,True,,False,,15122.22900390625,True,utility_dynamic,True,0.0,0.0,full_gpu,0.0,,risk_evidence_insufficient,0.0,utility_dynamic,93.495505861938,,,,hybrid-session-002-turn-1,3.4453125,0.0,3.4453125,0.0,0.0,/DATACENTER3/zhenxiang.wang/work/TailGuardKV/.worktrees/baseline-smoke-final-aggregation/out/full_25session_baseline_9_14/full/policy_attempts/full40_20260916_h2o_static_safe/seed20260906,True,,hybrid-session-002,chat,94.26132496446371,1,risk_evidence_insufficient
full_gpu,13.0,0.1,True,True,online_qwen,True,1.0,/DATACENTER3/zhenxiang.wang/work/TailGuardKV/.worktrees/baseline-smoke-final-aggregation/out/full_25session_baseline_9_14/full/policy_attempts/full40_20260916_h2o_static_safe/seed20260906/config.yaml,,,,,0.1,True,,0.05,,2.625,True,full_gpu,True,,balanced_two_gpu,1,persistent,27823.053176049143,4234,31599.367142887786,,exact fallback,15.0,14.9296875,2.625,2.625,2.625,1553.3804318401963,unknown,True,0.0,True,,False,,15100.98681640625,True,utility_dynamic,True,0.0,0.0,full_gpu,0.0,,risk_evidence_insufficient,0.0,utility_dynamic,107.18539007939398,,,,hybrid-session-003-turn-1,2.625,0.0,2.625,0.0,0.0,/DATACENTER3/zhenxiang.wang/work/TailGuardKV/.worktrees/baseline-smoke-final-aggregation/out/full_25session_baseline_9_14/full/policy_attempts/full40_20260916_h2o_static_safe/seed20260906,True,,hybrid-session-003,chat,108.0210548825562,1,risk_evidence_insufficient
full_gpu,13.0,0.1,False,True,online_qwen,True,1.0,/DATACENTER3/zhenxiang.wang/work/TailGuardKV/.worktrees/baseline-smoke-final-aggregation/out/full_25session_baseline_9_14/full/policy_attempts/full40_20260916_h2o_static_safe/seed20260906/config.yaml,,,,,0.1,True,,0.05,,6.671875,True,full_gpu,True,,balanced_two_gpu,1,persistent,27823.053176049143,4234,31599.367142887786,,exact fallback,15.0,13.2890625,5.03125,5.03125,5.03125,1572.1924458630383,unknown,True,,True,,False,,15165.8740234375,True,utility_dynamic,True,0.0,0.0,full_gpu,0.0,,risk_evidence_insufficient,0.0,utility_dynamic,123.12971497885883,,,,hybrid-session-004-turn-1,5.03125,0.0,5.03125,0.0,0.0,/DATACENTER3/zhenxiang.wang/work/TailGuardKV/.worktrees/baseline-smoke-final-aggregation/out/full_25session_baseline_9_14/full/policy_attempts/full40_20260916_h2o_static_safe/seed20260906,True,,hybrid-session-004,chat,123.98291192948818,1,risk_evidence_insufficient
full_gpu,13.0,0.1,False,True,online_qwen,True,1.0,/DATACENTER3/zhenxiang.wang/work/TailGuardKV/.worktrees/baseline-smoke-final-aggregation/out/full_25session_baseline_9_14/full/policy_attempts/full40_20260916_h2o_static_safe/seed20260906/config.yaml,,,,,0.1,True,,0.05,,5.6328125,True,full_gpu,True,,balanced_two_gpu,1,persistent,27823.053176049143,4234,31599.367142887786,,exact fallback,15.0,11.59375,3.9375,3.9375,3.9375,1574.0711018443108,unknown,True,,True,,False,,15135.78369140625,True,utility_dynamic,True,0.0,0.0,full_gpu,0.0,,risk_evidence_insufficient,0.0,utility_dynamic,133.6758630350232,,,,hybrid-session-005-turn-1,3.9375,0.0,3.9375,0.0,0.0,/DATACENTER3/zhenxiang.wang/work/TailGuardKV/.worktrees/baseline-smoke-final-aggregation/out/full_25session_baseline_9_14/full/policy_attempts/full40_20260916_h2o_static_safe/seed20260906,True,,hybrid-session-005,chat,134.63800284080207,1,risk_evidence_insufficient
full_gpu,13.0,0.1,False,True,online_qwen,True,1.0,/DATACENTER3/zhenxiang.wang/work/TailGuardKV/.worktrees/baseline-smoke-final-aggregation/out/full_25session_baseline_9_14/full/policy_attempts/full40_20260916_h2o_static_safe/seed20260906/config.yaml,,,,,0.1,True,,0.05,,2.625,True,full_gpu,True,,balanced_two_gpu,1,persistent,27823.053176049143,4234,31599.367142887786,,exact fallback,15.0,14.2734375,5.3046875,5.3046875,5.3046875,1553.9160990156233,unknown,True,,True,,False,,15171.25,True,utility_dynamic,True,0.0,0.0,full_gpu,0.0,,risk_evidence_insufficient,0.0,utility_dynamic,121.426188852638,,,,hybrid-session-006-turn-1,5.3046875,0.0,5.3046875,0.0,0.0,/DATACENTER3/zhenxiang.wang/work/TailGuardKV/.worktrees/baseline-smoke-final-aggregation/out/full_25session_baseline_9_14/full/policy_attempts/full40_20260916_h2o_static_safe/seed20260906,True,,hybrid-session-006,chat,122.28900194168091,1,risk_evidence_insufficient
full_gpu,13.0,0.1,False,True,online_qwen,True,1.0,/DATACENTER3/zhenxiang.wang/work/TailGuardKV/.worktrees/baseline-smoke-final-aggregation/out/full_25session_baseline_9_14/full/policy_attempts/full40_20260916_h2o_static_safe/seed20260906/config.yaml,,,,,0.1,True,,0.05,,5.03125,True,full_gpu,True,,balanced_two_gpu,1,persistent,27823.053176049143,4234,31599.367142887786,,exact fallback,15.0,12.359375,3.1171875,3.1171875,3.1171875,1558.1937900278717,unknown,True,,True,,False,,15112.22119140625,True,utility_dynamic,True,0.0,0.0,full_gpu,0.0,,risk_evidence_insufficient,0.0,utility_dynamic,130.18418988212943,,,,hybrid-session-009-turn-1,3.1171875,0.0,3.1171875,0.0,0.0,/DATACENTER3/zhenxiang.wang/work/TailGuardKV/.worktrees/baseline-smoke-final-aggregation/out/full_25session_baseline_9_14/full/policy_attempts/full40_20260916_h2o_static_safe/seed20260906,True,,hybrid-session-009,chat,130.98485209047794,1,risk_evidence_insufficient
full_gpu,13.0,0.1,False,True,online_qwen,True,1.0,/DATACENTER3/zhenxiang.wang/work/TailGuardKV/.worktrees/baseline-smoke-final-aggregation/out/full_25session_baseline_9_14/full/policy_attempts/full40_20260916_h2o_static_safe/seed20260906/config.yaml,,,,,0.1,True,,0.05,,3.9375,True,full_gpu,True,,balanced_two_gpu,1,persistent,27823.053176049143,4234,31599.367142887786,,exact fallback,15.0,11.3203125,2.8984375,2.8984375,2.8984375,1551.018158905208,unknown,True,,True,,False,,15105.11376953125,True,utility_dynamic,True,0.0,0.0,full_gpu,0.0,,risk_evidence_insufficient,0.0,utility_dynamic,115.19197910092771,,,,hybrid-session-010-turn-1,2.8984375,0.0,2.8984375,0.0,0.0,/DATACENTER3/zhenxiang.wang/work/TailGuardKV/.worktrees/baseline-smoke-final-aggregation/out/full_25session_baseline_9_14/full/policy_attempts/full40_20260916_h2o_static_safe/seed20260906,True,,hybrid-session-010,chat,116.00487190298736,1,risk_evidence_insufficient
full_gpu,13.0,0.1,False,False,online_qwen,False,1.0,/DATACENTER3/zhenxiang.wang/work/TailGuardKV/.worktrees/baseline-smoke-final-aggregation/out/full_25session_baseline_9_14/full/policy_attempts/full40_20260916_h2o_static_safe/seed20260906/config.yaml,,,,,0.1,True,,0.05,,0,True,full_gpu,True,,balanced_two_gpu,1,persistent,27823.053176049143,4234,31599.367142887786,,exact fallback,15.0,14.4375,3.1171875,3.1171875,3.1171875,1553.8206819910556,unknown,True,,True,,False,,15109.26806640625,True,utility_dynamic,True,0.0,0.0,full_gpu,0.0,,risk_evidence_insufficient,0.0,utility_dynamic,108.49806782789528,,,,hybrid-session-013-turn-1,3.1171875,0.0,3.1171875,0.0,0.0,/DATACENTER3/zhenxiang.wang/work/TailGuardKV/.worktrees/baseline-smoke-final-aggregation/out/full_25session_baseline_9_14/full/policy_attempts/full40_20260916_h2o_static_safe/seed20260906,True,,hybrid-session-013,chat,109.32674095965922,1,risk_evidence_insufficient
full_gpu,13.0,0.1,False,True,online_qwen,True,1.0,/DATACENTER3/zhenxiang.wang/work/TailGuardKV/.worktrees/baseline-smoke-final-aggregation/out/full_25session_baseline_9_14/full/policy_attempts/full40_20260916_h2o_static_safe/seed20260906/config.yaml,,,,,0.1,True,,0.05,,5.3046875,True,full_gpu,True,,balanced_two_gpu,1,persistent,27823.053176049143,4234,31599.367142887786,,exact fallback,15.0,13.234375,4.1015625,4.1015625,4.1015625,1548.9069251343608,unknown,True,,True,,False,,15139.59619140625,True,utility_dynamic,True,0.0,0.0,full_gpu,0.0,,risk_evidence_insufficient,0.0,utility_dynamic,111.23974598012865,,,,hybrid-session-016-turn-1,4.1015625,0.0,4.1015625,0.0,0.0,/DATACENTER3/zhenxiang.wang/work/TailGuardKV/.worktrees/baseline-smoke-final-aggregation/out/full_25session_baseline_9_14/full/policy_attempts/full40_20260916_h2o_static_safe/seed20260906,True,,hybrid-session-016,chat,112.14350606314838,1,risk_evidence_insufficient
full_gpu,13.0,0.1,False,True,online_qwen,True,1.0,/DATACENTER3/zhenxiang.wang/work/TailGuardKV/.worktrees/baseline-smoke-final-aggregation/out/full_25session_baseline_9_14/full/policy_attempts/full40_20260916_h2o_static_safe/seed20260906/config.yaml,,,,,0.1,True,,0.05,,3.1171875,True,full_gpu,True,,balanced_two_gpu,1,persistent,27823.053176049143,4234,31599.367142887786,,exact fallback,15.0,14.0,3.8828125,3.8828125,3.8828125,1566.26084796153,unknown,True,,True,,False,,15132.34619140625,True,utility_dynamic,True,0.0,0.0,full_gpu,0.0,,risk_evidence_insufficient,0.0,utility_dynamic,115.03822007216513,,,,hybrid-session-020-turn-1,3.8828125,0.0,3.8828125,0.0,0.0,/DATACENTER3/zhenxiang.wang/work/TailGuardKV/.worktrees/baseline-smoke-final-aggregation/out/full_25session_baseline_9_14/full/policy_attempts/full40_20260916_h2o_static_safe/seed20260906,True,,hybrid-session-020,chat,115.85855390876532,1,risk_evidence_insufficient
full_gpu,13.0,0.1,False,True,online_qwen,True,1.0,/DATACENTER3/zhenxiang.wang/work/TailGuardKV/.worktrees/baseline-smoke-final-aggregation/out/full_25session_baseline_9_14/full/policy_attempts/full40_20260916_h2o_static_safe/seed20260906/config.yaml,,,,,0.1,True,,0.05,,6.015625,True,full_gpu,True,,balanced_two_gpu,1,persistent,27823.053176049143,4234,31599.367142887786,,exact fallback,15.0,12.578125,4.59375,4.59375,4.59375,1553.0222009401768,unknown,True,,True,,False,,15152.76611328125,True,utility_dynamic,True,0.0,0.0,full_gpu,0.0,,risk_evidence_insufficient,0.0,utility_dynamic,113.04815602488816,,,,hybrid-session-021-turn-1,4.59375,0.0,4.59375,0.0,0.0,/DATACENTER3/zhenxiang.wang/work/TailGuardKV/.worktrees/baseline-smoke-final-aggregation/out/full_25session_baseline_9_14/full/policy_attempts/full40_20260916_h2o_static_safe/seed20260906,True,,hybrid-session-021,chat,113.88169811107218,1,risk_evidence_insufficient
full_gpu,13.0,0.1,False,True,online_qwen,True,1.0,/DATACENTER3/zhenxiang.wang/work/TailGuardKV/.worktrees/baseline-smoke-final-aggregation/out/full_25session_baseline_9_14/full/policy_attempts/full40_20260916_h2o_static_safe/seed20260906/config.yaml,,,,,0.1,True,,0.05,,4.1015625,True,full_gpu,True,,balanced_two_gpu,1,persistent,27823.053176049143,4234,31599.367142887786,,exact fallback,15.0,11.8125,3.3359375,3.3359375,3.3359375,1429.8267711419612,unknown,True,,True,,False,,15117.23095703125,True,utility_dynamic,True,0.0,0.0,full_gpu,0.0,,risk_evidence_insufficient,0.0,utility_dynamic,113.24714287184179,,,,hybrid-session-025-turn-1,3.3359375,0.0,3.3359375,0.0,0.0,/DATACENTER3/zhenxiang.wang/work/TailGuardKV/.worktrees/baseline-smoke-final-aggregation/out/full_25session_baseline_9_14/full/policy_attempts/full40_20260916_h2o_static_safe/seed20260906,True,,hybrid-session-025,chat,114.00210810825229,1,risk_evidence_insufficient
full_gpu,13.0,0.1,False,True,online_qwen,True,1.0,/DATACENTER3/zhenxiang.wang/work/TailGuardKV/.worktrees/baseline-smoke-final-aggregation/out/full_25session_baseline_9_14/full/policy_attempts/full40_20260916_h2o_static_safe/seed20260906/config.yaml,,,,,0.1,True,,0.05,,3.8828125,True,full_gpu,True,,balanced_two_gpu,1,persistent,27823.053176049143,4234,31599.367142887786,,exact fallback,15.0,12.6328125,4.703125,4.703125,4.703125,1328.3653040416539,unknown,True,,True,,False,,15155.23291015625,True,utility_dynamic,True,0.0,0.0,full_gpu,0.0,,risk_evidence_insufficient,0.0,utility_dynamic,107.03488485887647,,,,hybrid-session-026-turn-1,4.703125,0.0,4.703125,0.0,0.0,/DATACENTER3/zhenxiang.wang/work/TailGuardKV/.worktrees/baseline-smoke-final-aggregation/out/full_25session_baseline_9_14/full/policy_attempts/full40_20260916_h2o_static_safe/seed20260906,True,,hybrid-session-026,chat,107.88482008501887,1,risk_evidence_insufficient
full_gpu,13.0,0.1,True,True,online_qwen,True,1.0,/DATACENTER3/zhenxiang.wang/work/TailGuardKV/.worktrees/baseline-smoke-final-aggregation/out/full_25session_baseline_9_14/full/policy_attempts/full40_20260916_h2o_static_safe/seed20260906/config.yaml,,,,,0.1,True,,0.05,,7.9296875,True,full_gpu,True,,balanced_two_gpu,1,persistent,27823.053176049143,4234,31599.367142887786,,exact fallback,15.0,14.546875,9.84375,9.84375,9.84375,1400.6908789742738,unknown,True,0.0,True,,False,,15299.65234375,True,utility_dynamic,True,0.0,0.0,full_gpu,0.0,,risk_evidence_insufficient,0.0,utility_dynamic,128.42264585196972,,,,hybrid-session-002-turn-2,9.84375,0.0,9.84375,0.0,0.0,/DATACENTER3/zhenxiang.wang/work/TailGuardKV/.worktrees/baseline-smoke-final-aggregation/out/full_25session_baseline_9_14/full/policy_attempts/full40_20260916_h2o_static_safe/seed20260906,True,,hybrid-session-002,qa,129.25559002906084,2,risk_evidence_insufficient
full_gpu,13.0,0.1,False,True,online_qwen,True,1.0,/DATACENTER3/zhenxiang.wang/work/TailGuardKV/.worktrees/baseline-smoke-final-aggregation/out/full_25session_baseline_9_14/full/policy_attempts/full40_20260916_h2o_static_safe/seed20260906/config.yaml,,,,,0.1,True,,0.05,,14.546875,True,full_gpu,True,,balanced_two_gpu,1,persistent,27823.053176049143,4234,31599.367142887786,,exact fallback,15.0,9.296875,9.296875,9.296875,9.296875,1575.4536869935691,unknown,True,,True,,False,,15285.9736328125,True,utility_dynamic,True,0.0,0.0,full_gpu,0.0,,risk_evidence_insufficient,0.0,utility_dynamic,124.78747311979532,,,,hybrid-session-003-turn-2,9.296875,0.0,9.296875,0.0,0.0,/DATACENTER3/zhenxiang.wang/work/TailGuardKV/.worktrees/baseline-smoke-final-aggregation/out/full_25session_baseline_9_14/full/policy_attempts/full40_20260916_h2o_static_safe/seed20260906,True,,hybrid-session-003,summary,125.67895418033004,2,risk_evidence_insufficient
full_gpu,13.0,0.1,False,True,online_qwen,True,1.0,/DATACENTER3/zhenxiang.wang/work/TailGuardKV/.worktrees/baseline-smoke-final-aggregation/out/full_25session_baseline_9_14/full/policy_attempts/full40_20260916_h2o_static_safe/seed20260906/config.yaml,,,,,0.1,True,,0.05,,9.296875,True,full_gpu,True,,balanced_two_gpu,1,persistent,27823.053176049143,4234,31599.367142887786,,exact fallback,15.0,10.71875,10.71875,10.71875,10.71875,1585.0506310816854,unknown,True,,True,,False,,15319.67919921875,True,utility_dynamic,True,0.0,0.0,full_gpu,0.0,,risk_evidence_insufficient,0.0,utility_dynamic,126.71129498630762,,,,hybrid-session-004-turn-2,10.71875,0.0,10.71875,0.0,0.0,/DATACENTER3/zhenxiang.wang/work/TailGuardKV/.worktrees/baseline-smoke-final-aggregation/out/full_25session_baseline_9_14/full/policy_attempts/full40_20260916_h2o_static_safe/seed20260906,True,,hybrid-session-004,qa,127.55485810339451,2,risk_evidence_insufficient
full_gpu,13.0,0.1,False,True,online_qwen,True,1.0,/DATACENTER3/zhenxiang.wang/work/TailGuardKV/.worktrees/baseline-smoke-final-aggregation/out/full_25session_baseline_9_14/full/policy_attempts/full40_20260916_h2o_static_safe/seed20260906/config.yaml,,,,,0.1,True,,0.05,,10.71875,True,full_gpu,True,,balanced_two_gpu,1,persistent,27823.053176049143,4234,31599.367142887786,,exact fallback,15.0,9.7890625,9.7890625,9.7890625,9.7890625,1572.6423689629883,unknown,True,,True,,False,,15297.68359375,True,utility_dynamic,True,0.0,0.0,full_gpu,0.0,,risk_evidence_insufficient,0.0,utility_dynamic,128.91517486423254,,,,hybrid-session-005-turn-2,9.7890625,0.0,9.7890625,0.0,0.0,/DATACENTER3/zhenxiang.wang/work/TailGuardKV/.worktrees/baseline-smoke-final-aggregation/out/full_25session_baseline_9_14/full/policy_attempts/full40_20260916_h2o_static_safe/seed20260906,True,,hybrid-session-005,summary,129.71973489038646,2,risk_evidence_insufficient
full_gpu,13.0,0.1,False,True,online_qwen,True,1.0,/DATACENTER3/zhenxiang.wang/work/TailGuardKV/.worktrees/baseline-smoke-final-aggregation/out/full_25session_baseline_9_14/full/policy_attempts/full40_20260916_h2o_static_safe/seed20260906/config.yaml,,,,,0.1,True,,0.05,,9.7890625,True,full_gpu,True,,balanced_two_gpu,1,persistent,27823.053176049143,4234,31599.367142887786,,exact fallback,15.0,12.796875,12.796875,12.796875,12.796875,1594.009902793914,unknown,True,,True,,False,,15381.775390625,True,utility_dynamic,True,0.0,0.0,full_gpu,0.0,,risk_evidence_insufficient,0.0,utility_dynamic,148.0245681013912,,,,hybrid-session-006-turn-2,12.796875,0.0,12.796875,0.0,0.0,/DATACENTER3/zhenxiang.wang/work/TailGuardKV/.worktrees/baseline-smoke-final-aggregation/out/full_25session_baseline_9_14/full/policy_attempts/full40_20260916_h2o_static_safe/seed20260906,True,,hybrid-session-006,qa,148.83575588464737,2,risk_evidence_insufficient
full_gpu,13.0,0.1,False,True,online_qwen,True,1.0,/DATACENTER3/zhenxiang.wang/work/TailGuardKV/.worktrees/baseline-smoke-final-aggregation/out/full_25session_baseline_9_14/full/policy_attempts/full40_20260916_h2o_static_safe/seed20260906/config.yaml,,,,,0.1,True,,0.05,,12.796875,True,full_gpu,True,,balanced_two_gpu,1,persistent,27823.053176049143,4234,31599.367142887786,,exact fallback,15.0,8.9140625,8.9140625,8.9140625,8.9140625,1580.4677181877196,unknown,True,,True,,False,,15273.80859375,True,utility_dynamic,True,0.0,0.0,full_gpu,0.0,,risk_evidence_insufficient,0.0,utility_dynamic,128.46515700221062,,,,hybrid-session-009-turn-2,8.9140625,0.0,8.9140625,0.0,0.0,/DATACENTER3/zhenxiang.wang/work/TailGuardKV/.worktrees/baseline-smoke-final-aggregation/out/full_25session_baseline_9_14/full/policy_attempts/full40_20260916_h2o_static_safe/seed20260906,True,,hybrid-session-009,summary,129.3785481248051,2,risk_evidence_insufficient
full_gpu,13.0,0.1,False,True,online_qwen,True,1.0,/DATACENTER3/zhenxiang.wang/work/TailGuardKV/.worktrees/baseline-smoke-final-aggregation/out/full_25session_baseline_9_14/full/policy_attempts/full40_20260916_h2o_static_safe/seed20260906/config.yaml,,,,,0.1,True,,0.05,,8.9140625,True,full_gpu,True,,balanced_two_gpu,1,persistent,27823.053176049143,4234,31599.367142887786,,exact fallback,15.0,9.84375,9.84375,9.84375,9.84375,1565.4688698705286,unknown,True,,True,,False,,15295.93359375,True,utility_dynamic,True,0.0,0.0,full_gpu,0.0,,risk_evidence_insufficient,0.0,utility_dynamic,121.66026490740478,,,,hybrid-session-010-turn-2,9.84375,0.0,9.84375,0.0,0.0,/DATACENTER3/zhenxiang.wang/work/TailGuardKV/.worktrees/baseline-smoke-final-aggregation/out/full_25session_baseline_9_14/full/policy_attempts/full40_20260916_h2o_static_safe/seed20260906,True,,hybrid-session-010,qa,122.44051485322416,2,risk_evidence_insufficient
full_gpu,13.0,0.1,True,True,online_qwen,True,1.0,/DATACENTER3/zhenxiang.wang/work/TailGuardKV/.worktrees/baseline-smoke-final-aggregation/out/full_25session_baseline_9_14/full/policy_attempts/full40_20260916_h2o_static_safe/seed20260906/config.yaml,,,,,0.1,True,,0.05,,9.84375,True,full_gpu,True,,balanced_two_gpu,1,persistent,27823.053176049143,4234,31599.367142887786,,exact fallback,15.0,9.2421875,9.2421875,9.2421875,9.2421875,1558.7170098442584,unknown,True,0.0,True,,False,,15280.92431640625,True,utility_dynamic,True,0.0,0.0,full_gpu,0.0,,risk_evidence_insufficient,0.0,utility_dynamic,123.17013298161328,,,,hybrid-session-013-turn-2,9.2421875,0.0,9.2421875,0.0,0.0,/DATACENTER3/zhenxiang.wang/work/TailGuardKV/.worktrees/baseline-smoke-final-aggregation/out/full_25session_baseline_9_14/full/policy_attempts/full40_20260916_h2o_static_safe/seed20260906,True,,hybrid-session-013,summary,124.1216859780252,2,risk_evidence_insufficient
full_gpu,13.0,0.1,False,True,online_qwen,True,1.0,/DATACENTER3/zhenxiang.wang/work/TailGuardKV/.worktrees/baseline-smoke-final-aggregation/out/full_25session_baseline_9_14/full/policy_attempts/full40_20260916_h2o_static_safe/seed20260906/config.yaml,,,,,0.1,True,,0.05,,9.2421875,True,full_gpu,True,,balanced_two_gpu,1,persistent,27823.053176049143,4234,31599.367142887786,,exact fallback,15.0,10.3359375,10.3359375,10.3359375,10.3359375,1570.047285174951,unknown,True,,True,,False,,15309.08984375,True,utility_dynamic,True,0.0,0.0,full_gpu,0.0,,risk_evidence_insufficient,0.0,utility_dynamic,131.6750932019204,,,,hybrid-session-016-turn-2,10.3359375,0.0,10.3359375,0.0,0.0,/DATACENTER3/zhenxiang.wang/work/TailGuardKV/.worktrees/baseline-smoke-final-aggregation/out/full_25session_baseline_9_14/full/policy_attempts/full40_20260916_h2o_static_safe/seed20260906,True,,hybrid-session-016,qa,132.4442201294005,2,risk_evidence_insufficient
full_gpu,13.0,0.1,True,True,online_qwen,True,1.0,/DATACENTER3/zhenxiang.wang/work/TailGuardKV/.worktrees/baseline-smoke-final-aggregation/out/full_25session_baseline_9_14/full/policy_attempts/full40_20260916_h2o_static_safe/seed20260906/config.yaml,,,,,0.1,True,,0.05,,10.3359375,True,full_gpu,True,,balanced_two_gpu,1,persistent,27823.053176049143,4234,31599.367142887786,,exact fallback,15.0,9.84375,9.84375,9.84375,9.84375,1568.868478992954,unknown,True,0.0,True,,False,,15297.35546875,True,utility_dynamic,True,0.0,0.0,full_gpu,0.0,,risk_evidence_insufficient,0.0,utility_dynamic,126.53323914855719,,,,hybrid-session-020-turn-2,9.84375,0.0,9.84375,0.0,0.0,/DATACENTER3/zhenxiang.wang/work/TailGuardKV/.worktrees/baseline-smoke-final-aggregation/out/full_25session_baseline_9_14/full/policy_attempts/full40_20260916_h2o_static_safe/seed20260906,True,,hybrid-session-020,qa,127.37116101197898,2,risk_evidence_insufficient
full_gpu,13.0,0.1,False,True,online_qwen,True,1.0,/DATACENTER3/zhenxiang.wang/work/TailGuardKV/.worktrees/baseline-smoke-final-aggregation/out/full_25session_baseline_9_14/full/policy_attempts/full40_20260916_h2o_static_safe/seed20260906/config.yaml,,,,,0.1,True,,0.05,,9.84375,True,full_gpu,True,,balanced_two_gpu,1,persistent,27823.053176049143,4234,31599.367142887786,,exact fallback,15.0,10.9921875,10.9921875,10.9921875,10.9921875,1586.4957820158452,unknown,True,,True,,False,,15328.015625,True,utility_dynamic,True,0.0,0.0,full_gpu,0.0,,risk_evidence_insufficient,0.0,utility_dynamic,131.90605002455413,,,,hybrid-session-021-turn-2,10.9921875,0.0,10.9921875,0.0,0.0,/DATACENTER3/zhenxiang.wang/work/TailGuardKV/.worktrees/baseline-smoke-final-aggregation/out/full_25session_baseline_9_14/full/policy_attempts/full40_20260916_h2o_static_safe/seed20260906,True,,hybrid-session-021,summary,132.72570120170712,2,risk_evidence_insufficient
full_gpu,13.0,0.1,False,True,online_qwen,True,1.0,/DATACENTER3/zhenxiang.wang/work/TailGuardKV/.worktrees/baseline-smoke-final-aggregation/out/full_25session_baseline_9_14/full/policy_attempts/full40_20260916_h2o_static_safe/seed20260906/config.yaml,,,,,0.1,True,,0.05,,10.9921875,True,full_gpu,True,,balanced_two_gpu,1,persistent,27823.053176049143,4234,31599.367142887786,,exact fallback,15.0,10.0078125,10.0078125,10.0078125,10.0078125,923.2928829733282,unknown,True,,True,,False,,15302.90234375,True,utility_dynamic,True,0.0,0.0,full_gpu,0.0,,risk_evidence_insufficient,0.0,utility_dynamic,119.01736911386251,,,,hybrid-session-025-turn-2,10.0078125,0.0,10.0078125,0.0,0.0,/DATACENTER3/zhenxiang.wang/work/TailGuardKV/.worktrees/baseline-smoke-final-aggregation/out/full_25session_baseline_9_14/full/policy_attempts/full40_20260916_h2o_static_safe/seed20260906,True,,hybrid-session-025,summary,119.82889613136649,2,risk_evidence_insufficient
full_gpu,13.0,0.1,False,True,online_qwen,True,1.0,/DATACENTER3/zhenxiang.wang/work/TailGuardKV/.worktrees/baseline-smoke-final-aggregation/out/full_25session_baseline_9_14/full/policy_attempts/full40_20260916_h2o_static_safe/seed20260906/config.yaml,,,,,0.1,True,,0.05,,10.0078125,True,full_gpu,True,,balanced_two_gpu,1,persistent,27823.053176049143,4234,31599.367142887786,,exact fallback,15.0,11.5390625,11.5390625,11.5390625,11.5390625,834.1211921069771,unknown,True,,True,,False,,15343.57861328125,True,utility_dynamic,True,0.0,0.0,full_gpu,0.0,,risk_evidence_insufficient,0.0,utility_dynamic,128.71362804435194,,,,hybrid-session-026-turn-2,11.5390625,0.0,11.5390625,0.0,0.0,/DATACENTER3/zhenxiang.wang/work/TailGuardKV/.worktrees/baseline-smoke-final-aggregation/out/full_25session_baseline_9_14/full/policy_attempts/full40_20260916_h2o_static_safe/seed20260906,True,,hybrid-session-026,qa,129.06435714103281,2,risk_evidence_insufficient
full_gpu,13.0,0.1,False,True,online_qwen,True,1.0,/DATACENTER3/zhenxiang.wang/work/TailGuardKV/.worktrees/baseline-smoke-final-aggregation/out/full_25session_baseline_9_14/full/policy_attempts/full40_20260916_h2o_static_safe/seed20260906/config.yaml,,,,,0.1,True,,0.05,,11.5390625,True,full_gpu,True,,balanced_two_gpu,1,persistent,27823.053176049143,4234,31599.367142887786,,exact fallback,15.0,11.9765625,11.9765625,11.9765625,11.9765625,835.0429029669613,unknown,True,,True,,False,,15357.373046875,True,utility_dynamic,True,0.0,0.0,full_gpu,0.0,,risk_evidence_insufficient,0.0,utility_dynamic,125.8791689760983,,,,hybrid-session-002-turn-3,11.9765625,0.0,11.9765625,0.0,0.0,/DATACENTER3/zhenxiang.wang/work/TailGuardKV/.worktrees/baseline-smoke-final-aggregation/out/full_25session_baseline_9_14/full/policy_attempts/full40_20260916_h2o_static_safe/seed20260906,True,,hybrid-session-002,qa,126.14415492862463,3,risk_evidence_insufficient
full_gpu,13.0,0.1,False,True,online_qwen,True,1.0,/DATACENTER3/zhenxiang.wang/work/TailGuardKV/.worktrees/baseline-smoke-final-aggregation/out/full_25session_baseline_9_14/full/policy_attempts/full40_20260916_h2o_static_safe/seed20260906/config.yaml,,,,,0.1,True,,0.05,,11.9765625,True,full_gpu,True,,balanced_two_gpu,1,persistent,27823.053176049143,4234,31599.367142887786,,exact fallback,15.0,11.375,11.375,11.375,11.375,839.4833689089864,unknown,True,,True,,False,,15340.53515625,True,utility_dynamic,True,0.0,0.0,full_gpu,0.0,,risk_evidence_insufficient,0.0,utility_dynamic,128.99073003791273,,,,hybrid-session-003-turn-3,11.375,0.0,11.375,0.0,0.0,/DATACENTER3/zhenxiang.wang/work/TailGuardKV/.worktrees/baseline-smoke-final-aggregation/out/full_25session_baseline_9_14/full/policy_attempts/full40_20260916_h2o_static_safe/seed20260906,True,,hybrid-session-003,summary,129.2304708622396,3,risk_evidence_insufficient
full_gpu,13.0,0.1,False,True,online_qwen,True,1.0,/DATACENTER3/zhenxiang.wang/work/TailGuardKV/.worktrees/baseline-smoke-final-aggregation/out/full_25session_baseline_9_14/full/policy_attempts/full40_20260916_h2o_static_safe/seed20260906/config.yaml,,,,,0.1,True,,0.05,,11.375,True,full_gpu,True,,balanced_two_gpu,1,persistent,27823.053176049143,4234,31599.367142887786,,exact fallback,15.0,12.8515625,12.8515625,12.8515625,12.8515625,869.3302581086755,unknown,True,,True,,False,,15384.416015625,True,utility_dynamic,True,0.0,0.0,full_gpu,0.0,,risk_evidence_insufficient,0.0,utility_dynamic,134.37063386663795,,,,hybrid-session-004-turn-3,12.8515625,0.0,12.8515625,0.0,0.0,/DATACENTER3/zhenxiang.wang/work/TailGuardKV/.worktrees/baseline-smoke-final-aggregation/out/full_25session_baseline_9_14/full/policy_attempts/full40_20260916_h2o_static_safe/seed20260906,True,,hybrid-session-004,qa,134.73521103151143,3,risk_evidence_insufficient
full_gpu,13.0,0.1,False,True,online_qwen,True,1.0,/DATACENTER3/zhenxiang.wang/work/TailGuardKV/.worktrees/baseline-smoke-final-aggregation/out/full_25session_baseline_9_14/full/policy_attempts/full40_20260916_h2o_static_safe/seed20260906/config.yaml,,,,,0.1,True,,0.05,,12.8515625,True,full_gpu,True,,balanced_two_gpu,1,persistent,27823.053176049143,4234,31599.367142887786,,exact fallback,15.0,11.6484375,11.6484375,11.6484375,11.6484375,840.0305539835244,unknown,True,,True,,False,,15349.39501953125,True,utility_dynamic,True,0.0,0.0,full_gpu,0.0,,risk_evidence_insufficient,0.0,utility_dynamic,118.23515500873327,,,,hybrid-session-005-turn-3,11.6484375,0.0,11.6484375,0.0,0.0,/DATACENTER3/zhenxiang.wang/work/TailGuardKV/.worktrees/baseline-smoke-final-aggregation/out/full_25session_baseline_9_14/full/policy_attempts/full40_20260916_h2o_static_safe/seed20260906,True,,hybrid-session-005,summary,118.56641690246761,3,risk_evidence_insufficient
full_gpu,13.0,0.1,False,True,online_qwen,True,1.0,/DATACENTER3/zhenxiang.wang/work/TailGuardKV/.worktrees/baseline-smoke-final-aggregation/out/full_25session_baseline_9_14/full/policy_attempts/full40_20260916_h2o_static_safe/seed20260906/config.yaml,,,,,0.1,True,,0.05,,11.6484375,True,full_gpu,True,,balanced_two_gpu,1,persistent,27823.053176049143,4234,31599.367142887786,,exact fallback,15.0,14.9296875,14.9296875,14.9296875,14.9296875,1192.0652729459107,unknown,True,,True,,False,,15441.60791015625,True,utility_dynamic,True,0.0,0.0,full_gpu,0.0,,risk_evidence_insufficient,0.0,utility_dynamic,170.90544197708368,,,,hybrid-session-006-turn-3,14.9296875,0.0,14.9296875,0.0,0.0,/DATACENTER3/zhenxiang.wang/work/TailGuardKV/.worktrees/baseline-smoke-final-aggregation/out/full_25session_baseline_9_14/full/policy_attempts/full40_20260916_h2o_static_safe/seed20260906,True,,hybrid-session-006,qa,171.34439409710467,3,risk_evidence_insufficient
full_gpu,13.0,0.1,False,True,online_qwen,True,1.0,/DATACENTER3/zhenxiang.wang/work/TailGuardKV/.worktrees/baseline-smoke-final-aggregation/out/full_25session_baseline_9_14/full/policy_attempts/full40_20260916_h2o_static_safe/seed20260906/config.yaml,,,,,0.1,True,,0.05,,14.9296875,True,full_gpu,True,,balanced_two_gpu,1,persistent,27823.053176049143,4234,31599.367142887786,,exact fallback,15.0,10.9375,10.9375,10.9375,10.9375,1578.5613909829408,unknown,True,,True,,False,,15333.046875,True,utility_dynamic,True,0.0,0.0,full_gpu,0.0,,risk_evidence_insufficient,0.0,utility_dynamic,129.11725603044033,,,,hybrid-session-009-turn-3,10.9375,0.0,10.9375,0.0,0.0,/DATACENTER3/zhenxiang.wang/work/TailGuardKV/.worktrees/baseline-smoke-final-aggregation/out/full_25session_baseline_9_14/full/policy_attempts/full40_20260916_h2o_static_safe/seed20260906,True,,hybrid-session-009,summary,130.07632200606167,3,risk_evidence_insufficient
full_gpu,13.0,0.1,False,True,online_qwen,True,1.0,/DATACENTER3/zhenxiang.wang/work/TailGuardKV/.worktrees/baseline-smoke-final-aggregation/out/full_25session_baseline_9_14/full/policy_attempts/full40_20260916_h2o_static_safe/seed20260906/config.yaml,,,,,0.1,True,,0.05,,10.9375,True,full_gpu,True,,balanced_two_gpu,1,persistent,27823.053176049143,4234,31599.367142887786,,exact fallback,15.0,11.9765625,11.9765625,11.9765625,11.9765625,1591.157061047852,unknown,True,,True,,False,,15356.771484375,True,utility_dynamic,True,0.0,0.0,full_gpu,0.0,,risk_evidence_insufficient,0.0,utility_dynamic,133.90123890712857,,,,hybrid-session-010-turn-3,11.9765625,0.0,11.9765625,0.0,0.0,/DATACENTER3/zhenxiang.wang/work/TailGuardKV/.worktrees/baseline-smoke-final-aggregation/out/full_25session_baseline_9_14/full/policy_attempts/full40_20260916_h2o_static_safe/seed20260906,True,,hybrid-session-010,qa,134.71132307313383,3,risk_evidence_insufficient
full_gpu,13.0,0.1,False,True,online_qwen,True,1.0,/DATACENTER3/zhenxiang.wang/work/TailGuardKV/.worktrees/baseline-smoke-final-aggregation/out/full_25session_baseline_9_14/full/policy_attempts/full40_20260916_h2o_static_safe/seed20260906/config.yaml,,,,,0.1,True,,0.05,,11.9765625,True,full_gpu,True,,balanced_two_gpu,1,persistent,27823.053176049143,4234,31599.367142887786,,exact fallback,15.0,11.3203125,11.3203125,11.3203125,11.3203125,1583.5284409113228,unknown,True,,True,,False,,15340.4794921875,True,utility_dynamic,True,0.0,0.0,full_gpu,0.0,,risk_evidence_insufficient,0.0,utility_dynamic,120.75916700996459,,,,hybrid-session-013-turn-3,11.3203125,0.0,11.3203125,0.0,0.0,/DATACENTER3/zhenxiang.wang/work/TailGuardKV/.worktrees/baseline-smoke-final-aggregation/out/full_25session_baseline_9_14/full/policy_attempts/full40_20260916_h2o_static_safe/seed20260906,True,,hybrid-session-013,summary,121.62568187341094,3,risk_evidence_insufficient
full_gpu,13.0,0.1,False,True,online_qwen,True,1.0,/DATACENTER3/zhenxiang.wang/work/TailGuardKV/.worktrees/baseline-smoke-final-aggregation/out/full_25session_baseline_9_14/full/policy_attempts/full40_20260916_h2o_static_safe/seed20260906/config.yaml,,,,,0.1,True,,0.05,,11.3203125,True,full_gpu,True,,balanced_two_gpu,1,persistent,27823.053176049143,4234,31599.367142887786,,exact fallback,15.0,12.5234375,12.5234375,12.5234375,12.5234375,1376.4333431608975,unknown,True,,True,,False,,15371.37353515625,True,utility_dynamic,True,0.0,0.0,full_gpu,0.0,,risk_evidence_insufficient,0.0,utility_dynamic,145.15525195747614,,,,hybrid-session-016-turn-3,12.5234375,0.0,12.5234375,0.0,0.0,/DATACENTER3/zhenxiang.wang/work/TailGuardKV/.worktrees/baseline-smoke-final-aggregation/out/full_25session_baseline_9_14/full/policy_attempts/full40_20260916_h2o_static_safe/seed20260906,True,,hybrid-session-016,qa,145.9599221125245,3,risk_evidence_insufficient
full_gpu,13.0,0.1,False,True,online_qwen,True,1.0,/DATACENTER3/zhenxiang.wang/work/TailGuardKV/.worktrees/baseline-smoke-final-aggregation/out/full_25session_baseline_9_14/full/policy_attempts/full40_20260916_h2o_static_safe/seed20260906/config.yaml,,,,,0.1,True,,0.05,,12.5234375,True,full_gpu,True,,balanced_two_gpu,1,persistent,27823.053176049143,4234,31599.367142887786,,exact fallback,15.0,12.03125,12.03125,12.03125,12.03125,1388.6850639246404,unknown,True,,True,,False,,15359.57275390625,True,utility_dynamic,True,0.0,0.0,full_gpu,0.0,,risk_evidence_insufficient,0.0,utility_dynamic,136.90013205632567,,,,hybrid-session-020-turn-3,12.03125,0.0,12.03125,0.0,0.0,/DATACENTER3/zhenxiang.wang/work/TailGuardKV/.worktrees/baseline-smoke-final-aggregation/out/full_25session_baseline_9_14/full/policy_attempts/full40_20260916_h2o_static_safe/seed20260906,True,,hybrid-session-020,qa,137.83552800305188,3,risk_evidence_insufficient
full_gpu,13.0,0.1,False,True,online_qwen,True,1.0,/DATACENTER3/zhenxiang.wang/work/TailGuardKV/.worktrees/baseline-smoke-final-aggregation/out/full_25session_baseline_9_14/full/policy_attempts/full40_20260916_h2o_static_safe/seed20260906/config.yaml,,,,,0.1,True,,0.05,,12.03125,True,full_gpu,True,,balanced_two_gpu,1,persistent,27823.053176049143,4234,31599.367142887786,,exact fallback,15.0,13.1796875,13.1796875,13.1796875,13.1796875,1595.0634041801095,unknown,True,,True,,False,,15395.40087890625,True,utility_dynamic,True,0.0,0.0,full_gpu,0.0,,risk_evidence_insufficient,0.0,utility_dynamic,147.41533901542425,,,,hybrid-session-021-turn-3,13.1796875,0.0,13.1796875,0.0,0.0,/DATACENTER3/zhenxiang.wang/work/TailGuardKV/.worktrees/baseline-smoke-final-aggregation/out/full_25session_baseline_9_14/full/policy_attempts/full40_20260916_h2o_static_safe/seed20260906,True,,hybrid-session-021,summary,148.21959799155593,3,risk_evidence_insufficient
full_gpu,13.0,0.1,False,True,online_qwen,True,1.0,/DATACENTER3/zhenxiang.wang/work/TailGuardKV/.worktrees/baseline-smoke-final-aggregation/out/full_25session_baseline_9_14/full/policy_attempts/full40_20260916_h2o_static_safe/seed20260906/config.yaml,,,,,0.1,True,,0.05,,13.1796875,True,full_gpu,True,,balanced_two_gpu,1,persistent,27823.053176049143,4234,31599.367142887786,,exact fallback,15.0,12.5234375,12.5234375,12.5234375,12.5234375,1602.2595860995352,unknown,True,,True,,False,,15373.23291015625,True,utility_dynamic,True,0.0,0.0,full_gpu,0.0,,risk_evidence_insufficient,0.0,utility_dynamic,141.57747104763985,,,,hybrid-session-025-turn-3,12.5234375,0.0,12.5234375,0.0,0.0,/DATACENTER3/zhenxiang.wang/work/TailGuardKV/.worktrees/baseline-smoke-final-aggregation/out/full_25session_baseline_9_14/full/policy_attempts/full40_20260916_h2o_static_safe/seed20260906,True,,hybrid-session-025,summary,142.3975951038301,3,risk_evidence_insufficient
full_gpu,13.0,0.1,False,True,online_qwen,True,1.0,/DATACENTER3/zhenxiang.wang/work/TailGuardKV/.worktrees/baseline-smoke-final-aggregation/out/full_25session_baseline_9_14/full/policy_attempts/full40_20260916_h2o_static_safe/seed20260906/config.yaml,,,,,0.1,True,,0.05,,12.5234375,True,full_gpu,True,,balanced_two_gpu,1,persistent,27823.053176049143,4234,31599.367142887786,,exact fallback,15.0,14.109375,14.109375,14.109375,14.109375,1589.2557171173394,unknown,True,,True,,False,,15419.22412109375,True,utility_dynamic,True,0.0,0.0,full_gpu,0.0,,risk_evidence_insufficient,0.0,utility_dynamic,148.7637790851295,,,,hybrid-session-026-turn-3,14.109375,0.0,14.109375,0.0,0.0,/DATACENTER3/zhenxiang.wang/work/TailGuardKV/.worktrees/baseline-smoke-final-aggregation/out/full_25session_baseline_9_14/full/policy_attempts/full40_20260916_h2o_static_safe/seed20260906,True,,hybrid-session-026,qa,149.58186307922006,3,risk_evidence_insufficient
full_gpu,13.0,0.1,False,True,online_qwen,True,1.0,/DATACENTER3/zhenxiang.wang/work/TailGuardKV/.worktrees/baseline-smoke-final-aggregation/out/full_25session_baseline_9_14/full/policy_attempts/full40_20260916_h2o_static_safe/seed20260906/config.yaml,,,,,0.1,True,,0.05,,14.109375,True,full_gpu,True,,balanced_two_gpu,1,persistent,27823.053176049143,4234,31599.367142887786,,exact fallback,15.0,13.7265625,13.7265625,13.7265625,13.7265625,1595.9008999634534,unknown,True,,True,,False,,15410.27392578125,True,utility_dynamic,True,0.0,0.0,full_gpu,0.0,,risk_evidence_insufficient,0.0,utility_dynamic,149.3242068681866,,,,hybrid-session-002-turn-4,13.7265625,0.0,13.7265625,0.0,0.0,/DATACENTER3/zhenxiang.wang/work/TailGuardKV/.worktrees/baseline-smoke-final-aggregation/out/full_25session_baseline_9_14/full/policy_attempts/full40_20260916_h2o_static_safe/seed20260906,True,,hybrid-session-002,qa,150.22586099803448,4,risk_evidence_insufficient
full_gpu,13.0,0.1,False,True,online_qwen,True,1.0,/DATACENTER3/zhenxiang.wang/work/TailGuardKV/.worktrees/baseline-smoke-final-aggregation/out/full_25session_baseline_9_14/full/policy_attempts/full40_20260916_h2o_static_safe/seed20260906/config.yaml,,,,,0.1,True,,0.05,,13.7265625,True,full_gpu,True,,balanced_two_gpu,1,persistent,27823.053176049143,4234,31599.367142887786,,exact fallback,15.0,13.125,13.125,13.125,13.125,1576.7044068779796,unknown,True,,True,,False,,15394.07666015625,True,utility_dynamic,True,0.0,0.0,full_gpu,0.0,,risk_evidence_insufficient,0.0,utility_dynamic,141.08472014777362,,,,hybrid-session-003-turn-4,13.125,0.0,13.125,0.0,0.0,/DATACENTER3/zhenxiang.wang/work/TailGuardKV/.worktrees/baseline-smoke-final-aggregation/out/full_25session_baseline_9_14/full/policy_attempts/full40_20260916_h2o_static_safe/seed20260906,True,,hybrid-session-003,summary,141.9574769679457,4,risk_evidence_insufficient
full_gpu,13.0,0.1,False,True,online_qwen,True,1.0,/DATACENTER3/zhenxiang.wang/work/TailGuardKV/.worktrees/baseline-smoke-final-aggregation/out/full_25session_baseline_9_14/full/policy_attempts/full40_20260916_h2o_static_safe/seed20260906/config.yaml,,,,,0.1,True,,0.05,,13.125,True,full_gpu,True,,balanced_two_gpu,1,persistent,27823.053176049143,4234,31599.367142887786,,exact fallback,15.0,14.546875,14.546875,14.546875,14.546875,1604.6993869822472,unknown,True,,True,,False,,15432.66748046875,True,utility_dynamic,True,0.0,0.0,full_gpu,0.0,,risk_evidence_insufficient,0.0,utility_dynamic,153.86690013110638,,,,hybrid-session-004-turn-4,14.546875,0.0,14.546875,0.0,0.0,/DATACENTER3/zhenxiang.wang/work/TailGuardKV/.worktrees/baseline-smoke-final-aggregation/out/full_25session_baseline_9_14/full/policy_attempts/full40_20260916_h2o_static_safe/seed20260906,True,,hybrid-session-004,qa,154.73181707784534,4,risk_evidence_insufficient
full_gpu,13.0,0.1,False,True,online_qwen,True,1.0,/DATACENTER3/zhenxiang.wang/work/TailGuardKV/.worktrees/baseline-smoke-final-aggregation/out/full_25session_baseline_9_14/full/policy_attempts/full40_20260916_h2o_static_safe/seed20260906/config.yaml,,,,,0.1,True,,0.05,,14.546875,True,full_gpu,True,,balanced_two_gpu,1,persistent,27823.053176049143,4234,31599.367142887786,,exact fallback,15.0,13.2890625,13.2890625,13.2890625,13.2890625,1595.593640115112,unknown,True,,True,,False,,15397.9140625,True,utility_dynamic,True,0.0,0.0,full_gpu,0.0,,risk_evidence_insufficient,0.0,utility_dynamic,147.54326199181378,,,,hybrid-session-005-turn-4,13.2890625,0.0,13.2890625,0.0,0.0,/DATACENTER3/zhenxiang.wang/work/TailGuardKV/.worktrees/baseline-smoke-final-aggregation/out/full_25session_baseline_9_14/full/policy_attempts/full40_20260916_h2o_static_safe/seed20260906,True,,hybrid-session-005,summary,148.3991991262883,4,risk_evidence_insufficient
full_gpu,13.0,0.1,False,True,online_qwen,True,1.0,/DATACENTER3/zhenxiang.wang/work/TailGuardKV/.worktrees/baseline-smoke-final-aggregation/out/full_25session_baseline_9_14/full/policy_attempts/full40_20260916_h2o_static_safe/seed20260906/config.yaml,,,,,0.1,True,,0.05,,29.9140625,True,full_gpu,True,,balanced_two_gpu,1,persistent,27823.053176049143,4234,31599.367142887786,,exact fallback,15.0,0.0,0.0,16.625,16.625,1657.1846911683679,unknown,True,,True,,False,,15490.1201171875,True,utility_dynamic,True,0.0,0.0,full_gpu,0.0,,risk_evidence_insufficient,0.0,utility_dynamic,196.67528406716883,,,,hybrid-session-006-turn-4,0.0,0.0,0.0,0.0,0.0,/DATACENTER3/zhenxiang.wang/work/TailGuardKV/.worktrees/baseline-smoke-final-aggregation/out/full_25session_baseline_9_14/full/policy_attempts/full40_20260916_h2o_static_safe/seed20260906,True,,hybrid-session-006,qa,197.5771279539913,4,risk_evidence_insufficient
full_gpu,13.0,0.1,True,False,online_qwen,False,1.0,/DATACENTER3/zhenxiang.wang/work/TailGuardKV/.worktrees/baseline-smoke-final-aggregation/out/full_25session_baseline_9_14/full/policy_attempts/full40_20260916_h2o_static_safe/seed20260906/config.yaml,,,,,0.1,True,,0.05,,0,True,full_gpu,True,,balanced_two_gpu,1,persistent,27823.053176049143,4234,31599.367142887786,,exact fallback,15.0,12.796875,12.796875,12.796875,12.796875,1577.5753899943084,unknown,True,0.0,True,,False,,15371.986328125,True,utility_dynamic,True,0.0,0.0,full_gpu,0.0,,risk_evidence_insufficient,0.0,utility_dynamic,155.84848611615598,,,,hybrid-session-009-turn-4,12.796875,0.0,12.796875,0.0,0.0,/DATACENTER3/zhenxiang.wang/work/TailGuardKV/.worktrees/baseline-smoke-final-aggregation/out/full_25session_baseline_9_14/full/policy_attempts/full40_20260916_h2o_static_safe/seed20260906,True,,hybrid-session-009,summary,156.78357402794063,4,risk_evidence_insufficient
full_gpu,13.0,0.1,False,True,online_qwen,True,1.0,/DATACENTER3/zhenxiang.wang/work/TailGuardKV/.worktrees/baseline-smoke-final-aggregation/out/full_25session_baseline_9_14/full/policy_attempts/full40_20260916_h2o_static_safe/seed20260906/config.yaml,,,,,0.1,True,,0.05,,12.796875,True,full_gpu,True,,balanced_two_gpu,1,persistent,27823.053176049143,4234,31599.367142887786,,exact fallback,15.0,14.0546875,14.0546875,14.0546875,14.0546875,1444.3281460553408,unknown,True,,True,,False,,15417.99267578125,True,utility_dynamic,True,0.0,0.0,full_gpu,0.0,,risk_evidence_insufficient,0.0,utility_dynamic,152.90025109425187,,,,hybrid-session-010-turn-4,14.0546875,0.0,14.0546875,0.0,0.0,/DATACENTER3/zhenxiang.wang/work/TailGuardKV/.worktrees/baseline-smoke-final-aggregation/out/full_25session_baseline_9_14/full/policy_attempts/full40_20260916_h2o_static_safe/seed20260906,True,,hybrid-session-010,qa,153.75963412225246,4,risk_evidence_insufficient
full_gpu,13.0,0.1,True,True,online_qwen,True,1.0,/DATACENTER3/zhenxiang.wang/work/TailGuardKV/.worktrees/baseline-smoke-final-aggregation/out/full_25session_baseline_9_14/full/policy_attempts/full40_20260916_h2o_static_safe/seed20260906/config.yaml,,,,,0.1,True,,0.05,,14.0546875,True,full_gpu,True,,balanced_two_gpu,1,persistent,27823.053176049143,4234,31599.367142887786,,exact fallback,15.0,13.234375,13.234375,13.234375,13.234375,1594.6861261036247,unknown,True,0.0,True,,False,,15397.47900390625,True,utility_dynamic,True,0.0,0.0,full_gpu,0.0,,risk_evidence_insufficient,0.0,utility_dynamic,150.03543091006577,,,,hybrid-session-013-turn-4,13.234375,0.0,13.234375,0.0,0.0,/DATACENTER3/zhenxiang.wang/work/TailGuardKV/.worktrees/baseline-smoke-final-aggregation/out/full_25session_baseline_9_14/full/policy_attempts/full40_20260916_h2o_static_safe/seed20260906,True,,hybrid-session-013,summary,150.8552620653063,4,risk_evidence_insufficient
full_gpu,13.0,0.1,False,True,online_qwen,True,1.0,/DATACENTER3/zhenxiang.wang/work/TailGuardKV/.worktrees/baseline-smoke-final-aggregation/out/full_25session_baseline_9_14/full/policy_attempts/full40_20260916_h2o_static_safe/seed20260906/config.yaml,,,,,0.1,True,,0.05,,13.234375,True,full_gpu,True,,balanced_two_gpu,1,persistent,27823.053176049143,4234,31599.367142887786,,exact fallback,15.0,14.6015625,14.6015625,14.6015625,14.6015625,1608.6166920140386,unknown,True,,True,,False,,15433.71142578125,True,utility_dynamic,True,0.0,0.0,full_gpu,0.0,,risk_evidence_insufficient,0.0,utility_dynamic,153.3981990069151,,,,hybrid-session-016-turn-4,14.6015625,0.0,14.6015625,0.0,0.0,/DATACENTER3/zhenxiang.wang/work/TailGuardKV/.worktrees/baseline-smoke-final-aggregation/out/full_25session_baseline_9_14/full/policy_attempts/full40_20260916_h2o_static_safe/seed20260906,True,,hybrid-session-016,qa,154.2542139068246,4,risk_evidence_insufficient
full_gpu,13.0,0.1,False,True,online_qwen,True,1.0,/DATACENTER3/zhenxiang.wang/work/TailGuardKV/.worktrees/baseline-smoke-final-aggregation/out/full_25session_baseline_9_14/full/policy_attempts/full40_20260916_h2o_static_safe/seed20260906/config.yaml,,,,,0.1,True,,0.05,,14.6015625,True,full_gpu,True,,balanced_two_gpu,1,persistent,27823.053176049143,4234,31599.367142887786,,exact fallback,15.0,13.9453125,13.9453125,13.9453125,13.9453125,1584.7481479868293,unknown,True,,True,,False,,15418.740234375,True,utility_dynamic,True,0.0,0.0,full_gpu,0.0,,risk_evidence_insufficient,0.0,utility_dynamic,147.67167600803077,,,,hybrid-session-020-turn-4,13.9453125,0.0,13.9453125,0.0,0.0,/DATACENTER3/zhenxiang.wang/work/TailGuardKV/.worktrees/baseline-smoke-final-aggregation/out/full_25session_baseline_9_14/full/policy_attempts/full40_20260916_h2o_static_safe/seed20260906,True,,hybrid-session-020,qa,148.61441892571747,4,risk_evidence_insufficient
full_gpu,13.0,0.1,False,True,online_qwen,True,1.0,/DATACENTER3/zhenxiang.wang/work/TailGuardKV/.worktrees/baseline-smoke-final-aggregation/out/full_25session_baseline_9_14/full/policy_attempts/full40_20260916_h2o_static_safe/seed20260906/config.yaml,,,,,0.1,True,,0.05,,29.0390625,True,full_gpu,True,,balanced_two_gpu,1,persistent,27823.053176049143,4234,31599.367142887786,,exact fallback,15.0,0.0,0.0,15.09375,15.09375,1444.3458230234683,unknown,True,,True,,False,,15449.2392578125,True,utility_dynamic,True,0.0,0.0,full_gpu,0.0,,risk_evidence_insufficient,0.0,utility_dynamic,194.98022203333676,,,,hybrid-session-021-turn-4,0.0,0.0,0.0,0.0,0.0,/DATACENTER3/zhenxiang.wang/work/TailGuardKV/.worktrees/baseline-smoke-final-aggregation/out/full_25session_baseline_9_14/full/policy_attempts/full40_20260916_h2o_static_safe/seed20260906,True,,hybrid-session-021,summary,195.79764804802835,4,risk_evidence_insufficient
full_gpu,13.0,0.1,False,False,online_qwen,False,1.0,/DATACENTER3/zhenxiang.wang/work/TailGuardKV/.worktrees/baseline-smoke-final-aggregation/out/full_25session_baseline_9_14/full/policy_attempts/full40_20260916_h2o_static_safe/seed20260906/config.yaml,,,,,0.1,True,,0.05,,0,True,full_gpu,True,,balanced_two_gpu,1,persistent,27823.053176049143,4234,31599.367142887786,,exact fallback,15.0,14.8203125,14.8203125,14.8203125,14.8203125,1605.6014238856733,unknown,True,,True,,False,,15426.26904296875,True,utility_dynamic,True,0.0,0.0,full_gpu,0.0,,risk_evidence_insufficient,0.0,utility_dynamic,154.41873506642878,,,,hybrid-session-025-turn-4,14.8203125,0.0,14.8203125,0.0,0.0,/DATACENTER3/zhenxiang.wang/work/TailGuardKV/.worktrees/baseline-smoke-final-aggregation/out/full_25session_baseline_9_14/full/policy_attempts/full40_20260916_h2o_static_safe/seed20260906,True,,hybrid-session-025,summary,155.23579786531627,4,risk_evidence_insufficient
full_gpu,13.0,0.1,False,True,online_qwen,True,1.0,/DATACENTER3/zhenxiang.wang/work/TailGuardKV/.worktrees/baseline-smoke-final-aggregation/out/full_25session_baseline_9_14/full/policy_attempts/full40_20260916_h2o_static_safe/seed20260906/config.yaml,,,,,0.1,True,,0.05,,30.84375,True,full_gpu,True,,balanced_two_gpu,1,persistent,27823.053176049143,4234,31599.367142887786,,exact fallback,15.0,0.0,0.0,16.0234375,16.0234375,1576.6296819783747,unknown,True,,True,,False,,15475.6787109375,True,utility_dynamic,True,0.0,0.0,full_gpu,0.0,,risk_evidence_insufficient,0.0,utility_dynamic,190.26636495254934,,,,hybrid-session-026-turn-4,0.0,0.0,0.0,0.0,0.0,/DATACENTER3/zhenxiang.wang/work/TailGuardKV/.worktrees/baseline-smoke-final-aggregation/out/full_25session_baseline_9_14/full/policy_attempts/full40_20260916_h2o_static_safe/seed20260906,True,,hybrid-session-026,qa,191.5151800494641,4,risk_evidence_insufficient
full_gpu,2.0,0.1,False,False,online_qwen,False,1.0,/DATACENTER3/zhenxiang.wang/work/TailGuardKV/.worktrees/baseline-smoke-final-aggregation/out/full_25session_baseline_9_14/full/policy_attempts/full40_20260916_h2o_static_safe/seed20260906/config.yaml,,,,,0.1,True,,0.05,,0,True,full_gpu,True,,balanced_two_gpu,1,persistent,27304.090914083645,6435,31117.207824019715,,exact fallback,15.0,3.5546875,1.4765625,1.4765625,1.4765625,1550.5601540207863,unknown,True,,True,,False,,15055.19384765625,True,uncalibrated_dynamic,True,0.0,0.0,full_gpu,0.0,,risk_evidence_insufficient,0.0,uncalibrated_dynamic,0.0,,,,hybrid-session-003-turn-0,1.4765625,0.0,1.4765625,0.0,0.0,/DATACENTER3/zhenxiang.wang/work/TailGuardKV/.worktrees/baseline-smoke-final-aggregation/out/full_25session_baseline_9_14/full/policy_attempts/full40_20260916_h2o_static_safe/seed20260906,True,point_prediction_rejected,hybrid-session-003,chat,103.55968680232763,0,risk_evidence_insufficient
full_gpu,3.0,0.1,False,False,online_qwen,False,1.0,/DATACENTER3/zhenxiang.wang/work/TailGuardKV/.worktrees/baseline-smoke-final-aggregation/out/full_25session_baseline_9_14/full/policy_attempts/full40_20260916_h2o_static_safe/seed20260906/config.yaml,,,,,0.1,True,,0.05,,0,True,full_gpu,True,,balanced_two_gpu,1,persistent,27304.090914083645,6435,31117.207824019715,,exact fallback,15.0,5.3046875,1.75,1.75,1.75,1541.0084798932076,unknown,True,,True,,False,,15063.70947265625,True,uncalibrated_dynamic,True,0.0,0.0,full_gpu,0.0,,risk_evidence_insufficient,0.0,uncalibrated_dynamic,0.0,,,,hybrid-session-004-turn-0,1.75,0.0,1.75,0.0,0.0,/DATACENTER3/zhenxiang.wang/work/TailGuardKV/.worktrees/baseline-smoke-final-aggregation/out/full_25session_baseline_9_14/full/policy_attempts/full40_20260916_h2o_static_safe/seed20260906,True,point_prediction_rejected,hybrid-session-004,chat,99.10060395486653,0,risk_evidence_insufficient
full_gpu,4.0,0.1,False,False,online_qwen,False,1.0,/DATACENTER3/zhenxiang.wang/work/TailGuardKV/.worktrees/baseline-smoke-final-aggregation/out/full_25session_baseline_9_14/full/policy_attempts/full40_20260916_h2o_static_safe/seed20260906/config.yaml,,,,,0.1,True,,0.05,,0,True,full_gpu,True,,balanced_two_gpu,1,persistent,27304.090914083645,6435,31117.207824019715,,exact fallback,15.0,7.21875,1.9140625,1.9140625,1.9140625,1559.1231400612742,unknown,True,,True,,False,,15070.26806640625,True,uncalibrated_dynamic,True,0.0,0.0,full_gpu,0.0,,risk_evidence_insufficient,0.0,uncalibrated_dynamic,0.0,,,,hybrid-session-005-turn-0,1.9140625,0.0,1.9140625,0.0,0.0,/DATACENTER3/zhenxiang.wang/work/TailGuardKV/.worktrees/baseline-smoke-final-aggregation/out/full_25session_baseline_9_14/full/policy_attempts/full40_20260916_h2o_static_safe/seed20260906,True,point_prediction_rejected,hybrid-session-005,chat,109.86723005771637,0,risk_evidence_insufficient
full_gpu,5.0,0.1,False,False,online_qwen,False,1.0,/DATACENTER3/zhenxiang.wang/work/TailGuardKV/.worktrees/baseline-smoke-final-aggregation/out/full_25session_baseline_9_14/full/policy_attempts/full40_20260916_h2o_static_safe/seed20260906/config.yaml,,,,,0.1,True,,0.05,,0,True,full_gpu,True,,balanced_two_gpu,1,persistent,27304.090914083645,6435,31117.207824019715,,exact fallback,15.0,9.84375,2.625,2.625,2.625,1270.0517089106143,unknown,True,,True,,False,,15093.27587890625,True,uncalibrated_dynamic,True,0.0,0.0,full_gpu,0.0,,risk_evidence_insufficient,0.0,uncalibrated_dynamic,0.0,,,,hybrid-session-006-turn-0,2.625,0.0,2.625,0.0,0.0,/DATACENTER3/zhenxiang.wang/work/TailGuardKV/.worktrees/baseline-smoke-final-aggregation/out/full_25session_baseline_9_14/full/policy_attempts/full40_20260916_h2o_static_safe/seed20260906,True,point_prediction_rejected,hybrid-session-006,chat,105.89894698932767,0,risk_evidence_insufficient
full_gpu,6.0,0.1,False,False,online_qwen,False,1.0,/DATACENTER3/zhenxiang.wang/work/TailGuardKV/.worktrees/baseline-smoke-final-aggregation/out/full_25session_baseline_9_14/full/policy_attempts/full40_20260916_h2o_static_safe/seed20260906/config.yaml,,,,,0.1,True,,0.05,,0,True,full_gpu,True,,balanced_two_gpu,1,persistent,27304.090914083645,6435,31117.207824019715,,exact fallback,15.0,11.5390625,1.6953125,1.6953125,1.6953125,1444.7444488760084,unknown,True,,True,,False,,15068.48681640625,True,uncalibrated_dynamic,True,0.0,0.0,full_gpu,0.0,,risk_evidence_insufficient,0.0,uncalibrated_dynamic,0.0,,,,hybrid-session-009-turn-0,1.6953125,0.0,1.6953125,0.0,0.0,/DATACENTER3/zhenxiang.wang/work/TailGuardKV/.worktrees/baseline-smoke-final-aggregation/out/full_25session_baseline_9_14/full/policy_attempts/full40_20260916_h2o_static_safe/seed20260906,True,point_prediction_rejected,hybrid-session-009,chat,102.2182060405612,0,risk_evidence_insufficient
full_gpu,7.0,0.1,False,False,online_qwen,False,1.0,/DATACENTER3/zhenxiang.wang/work/TailGuardKV/.worktrees/baseline-smoke-final-aggregation/out/full_25session_baseline_9_14/full/policy_attempts/full40_20260916_h2o_static_safe/seed20260906/config.yaml,,,,,0.1,True,,0.05,,0,True,full_gpu,True,,balanced_two_gpu,1,persistent,27304.090914083645,6435,31117.207824019715,,exact fallback,15.0,13.0703125,1.53125,1.53125,1.53125,1542.4926280975342,unknown,True,,True,,False,,15065.87646484375,True,uncalibrated_dynamic,True,0.0,0.0,full_gpu,0.0,,risk_evidence_insufficient,0.0,uncalibrated_dynamic,0.0,,,,hybrid-session-010-turn-0,1.53125,0.0,1.53125,0.0,0.0,/DATACENTER3/zhenxiang.wang/work/TailGuardKV/.worktrees/baseline-smoke-final-aggregation/out/full_25session_baseline_9_14/full/policy_attempts/full40_20260916_h2o_static_safe/seed20260906,True,point_prediction_rejected,hybrid-session-010,chat,89.30287999100983,0,risk_evidence_insufficient
full_gpu,8.0,0.1,False,False,online_qwen,False,1.0,/DATACENTER3/zhenxiang.wang/work/TailGuardKV/.worktrees/baseline-smoke-final-aggregation/out/full_25session_baseline_9_14/full/policy_attempts/full40_20260916_h2o_static_safe/seed20260906/config.yaml,,,,,0.1,True,,0.05,,0,True,full_gpu,True,,balanced_two_gpu,1,persistent,27304.090914083645,6435,31117.207824019715,,exact fallback,15.0,14.875,1.8046875,1.8046875,1.8046875,1454.0834471117705,unknown,True,,True,,False,,15074.73681640625,True,uncalibrated_dynamic,True,0.0,0.0,full_gpu,0.0,,risk_evidence_insufficient,0.0,uncalibrated_dynamic,0.0,,,,hybrid-session-013-turn-0,1.8046875,0.0,1.8046875,0.0,0.0,/DATACENTER3/zhenxiang.wang/work/TailGuardKV/.worktrees/baseline-smoke-final-aggregation/out/full_25session_baseline_9_14/full/policy_attempts/full40_20260916_h2o_static_safe/seed20260906,True,point_prediction_rejected,hybrid-session-013,chat,105.01744411885738,0,risk_evidence_insufficient
full_gpu,9.0,0.1,False,True,online_qwen,True,1.0,/DATACENTER3/zhenxiang.wang/work/TailGuardKV/.worktrees/baseline-smoke-final-aggregation/out/full_25session_baseline_9_14/full/policy_attempts/full40_20260916_h2o_static_safe/seed20260906/config.yaml,,,,,0.1,True,,0.05,,3.5546875,True,full_gpu,True,,balanced_two_gpu,1,persistent,27304.090914083645,6435,31117.207824019715,,exact fallback,15.0,13.9453125,2.625,2.625,2.625,1203.7851549685001,unknown,True,,True,,False,,15100.93212890625,True,uncalibrated_dynamic,True,0.0,0.0,full_gpu,0.0,,risk_evidence_insufficient,0.0,uncalibrated_dynamic,0.0,,,,hybrid-session-016-turn-0,2.625,0.0,2.625,0.0,0.0,/DATACENTER3/zhenxiang.wang/work/TailGuardKV/.worktrees/baseline-smoke-final-aggregation/out/full_25session_baseline_9_14/full/policy_attempts/full40_20260916_h2o_static_safe/seed20260906,True,point_prediction_rejected,hybrid-session-016,chat,84.58896796219051,0,risk_evidence_insufficient
full_gpu,10.0,0.1,False,True,online_qwen,True,1.0,/DATACENTER3/zhenxiang.wang/work/TailGuardKV/.worktrees/baseline-smoke-final-aggregation/out/full_25session_baseline_9_14/full/policy_attempts/full40_20260916_h2o_static_safe/seed20260906/config.yaml,,,,,0.1,True,,0.05,,1.75,True,full_gpu,True,,balanced_two_gpu,1,persistent,27304.090914083645,6435,31117.207824019715,,exact fallback,15.0,14.6015625,2.40625,2.40625,2.40625,1554.9198840744793,unknown,True,,True,,False,,15092.24072265625,True,uncalibrated_dynamic,True,0.0,0.0,full_gpu,0.0,,risk_evidence_insufficient,0.0,uncalibrated_dynamic,0.0,,,,hybrid-session-020-turn-0,2.40625,0.0,2.40625,0.0,0.0,/DATACENTER3/zhenxiang.wang/work/TailGuardKV/.worktrees/baseline-smoke-final-aggregation/out/full_25session_baseline_9_14/full/policy_attempts/full40_20260916_h2o_static_safe/seed20260906,True,point_prediction_rejected,hybrid-session-020,chat,112.10064892657101,0,risk_evidence_insufficient
full_gpu,11.0,0.1,False,True,online_qwen,True,1.0,/DATACENTER3/zhenxiang.wang/work/TailGuardKV/.worktrees/baseline-smoke-final-aggregation/out/full_25session_baseline_9_14/full/policy_attempts/full40_20260916_h2o_static_safe/seed20260906/config.yaml,,,,,0.1,True,,0.05,,1.9140625,True,full_gpu,True,,balanced_two_gpu,1,persistent,27304.090914083645,6435,31117.207824019715,,exact fallback,15.0,14.984375,2.296875,2.296875,2.296875,1565.495803952217,unknown,True,,True,,False,,15090.54931640625,True,uncalibrated_dynamic,True,0.0,0.0,full_gpu,0.0,,risk_evidence_insufficient,0.0,uncalibrated_dynamic,0.0,,,,hybrid-session-021-turn-0,2.296875,0.0,2.296875,0.0,0.0,/DATACENTER3/zhenxiang.wang/work/TailGuardKV/.worktrees/baseline-smoke-final-aggregation/out/full_25session_baseline_9_14/full/policy_attempts/full40_20260916_h2o_static_safe/seed20260906,True,point_prediction_rejected,hybrid-session-021,chat,100.84698791615665,0,risk_evidence_insufficient
full_gpu,12.0,0.1,False,True,online_qwen,True,1.0,/DATACENTER3/zhenxiang.wang/work/TailGuardKV/.worktrees/baseline-smoke-final-aggregation/out/full_25session_baseline_9_14/full/policy_attempts/full40_20260916_h2o_static_safe/seed20260906/config.yaml,,,,,0.1,True,,0.05,,2.625,True,full_gpu,True,,balanced_two_gpu,1,persistent,27304.090914083645,6435,31117.207824019715,,exact fallback,15.0,14.328125,1.96875,1.96875,1.96875,1491.695323958993,unknown,True,,True,,False,,15081.18603515625,True,uncalibrated_dynamic,True,0.0,0.0,full_gpu,0.0,,risk_evidence_insufficient,0.0,uncalibrated_dynamic,0.0,,,,hybrid-session-025-turn-0,1.96875,0.0,1.96875,0.0,0.0,/DATACENTER3/zhenxiang.wang/work/TailGuardKV/.worktrees/baseline-smoke-final-aggregation/out/full_25session_baseline_9_14/full/policy_attempts/full40_20260916_h2o_static_safe/seed20260906,True,point_prediction_rejected,hybrid-session-025,chat,112.79648402705789,0,risk_evidence_insufficient
full_gpu,13.0,0.1,False,True,online_qwen,True,1.0,/DATACENTER3/zhenxiang.wang/work/TailGuardKV/.worktrees/baseline-smoke-final-aggregation/out/full_25session_baseline_9_14/full/policy_attempts/full40_20260916_h2o_static_safe/seed20260906/config.yaml,,,,,0.1,True,,0.05,,1.6953125,True,full_gpu,True,,balanced_two_gpu,1,persistent,27304.090914083645,6435,31117.207824019715,,exact fallback,15.0,14.8203125,2.1875,2.1875,2.1875,1554.3447490781546,unknown,True,,True,,False,,15086.57666015625,True,uncalibrated_dynamic,True,0.0,0.0,full_gpu,0.0,,risk_evidence_insufficient,0.0,uncalibrated_dynamic,0.0,,,,hybrid-session-026-turn-0,2.1875,0.0,2.1875,0.0,0.0,/DATACENTER3/zhenxiang.wang/work/TailGuardKV/.worktrees/baseline-smoke-final-aggregation/out/full_25session_baseline_9_14/full/policy_attempts/full40_20260916_h2o_static_safe/seed20260906,True,point_prediction_rejected,hybrid-session-026,chat,101.54340602457523,0,risk_evidence_insufficient
full_gpu,13.0,0.1,False,True,online_qwen,True,1.0,/DATACENTER3/zhenxiang.wang/work/TailGuardKV/.worktrees/baseline-smoke-final-aggregation/out/full_25session_baseline_9_14/full/policy_attempts/full40_20260916_h2o_static_safe/seed20260906/config.yaml,,,,,0.1,True,,0.05,,3.3359375,True,full_gpu,True,,balanced_two_gpu,1,persistent,27304.090914083645,6435,31117.207824019715,,exact fallback,15.0,14.9296875,3.4453125,3.4453125,3.4453125,1565.8832569606602,unknown,True,,True,,False,,15122.22900390625,True,uncalibrated_dynamic,True,0.0,0.0,full_gpu,0.0,,risk_evidence_insufficient,0.0,uncalibrated_dynamic,120.5860311165452,,,,hybrid-session-002-turn-1,3.4453125,0.0,3.4453125,0.0,0.0,/DATACENTER3/zhenxiang.wang/work/TailGuardKV/.worktrees/baseline-smoke-final-aggregation/out/full_25session_baseline_9_14/full/policy_attempts/full40_20260916_h2o_static_safe/seed20260906,True,point_prediction_rejected,hybrid-session-002,chat,121.35988287627697,1,risk_evidence_insufficient
full_gpu,13.0,0.1,True,True,online_qwen,True,1.0,/DATACENTER3/zhenxiang.wang/work/TailGuardKV/.worktrees/baseline-smoke-final-aggregation/out/full_25session_baseline_9_14/full/policy_attempts/full40_20260916_h2o_static_safe/seed20260906/config.yaml,,,,,0.1,True,,0.05,,2.625,True,full_gpu,True,,balanced_two_gpu,1,persistent,27304.090914083645,6435,31117.207824019715,,exact fallback,15.0,14.9296875,2.625,2.625,2.625,1575.8731639944017,unknown,True,0.0,True,,False,,15100.98681640625,True,uncalibrated_dynamic,True,0.0,0.0,full_gpu,0.0,,risk_evidence_insufficient,0.0,uncalibrated_dynamic,106.05744505301118,,,,hybrid-session-003-turn-1,2.625,0.0,2.625,0.0,0.0,/DATACENTER3/zhenxiang.wang/work/TailGuardKV/.worktrees/baseline-smoke-final-aggregation/out/full_25session_baseline_9_14/full/policy_attempts/full40_20260916_h2o_static_safe/seed20260906,True,point_prediction_rejected,hybrid-session-003,chat,106.86787497252226,1,risk_evidence_insufficient
full_gpu,13.0,0.1,False,True,online_qwen,True,1.0,/DATACENTER3/zhenxiang.wang/work/TailGuardKV/.worktrees/baseline-smoke-final-aggregation/out/full_25session_baseline_9_14/full/policy_attempts/full40_20260916_h2o_static_safe/seed20260906/config.yaml,,,,,0.1,True,,0.05,,6.671875,True,full_gpu,True,,balanced_two_gpu,1,persistent,27304.090914083645,6435,31117.207824019715,,exact fallback,15.0,13.2890625,5.03125,5.03125,5.03125,1553.2338980119675,unknown,True,,True,,False,,15165.8740234375,True,uncalibrated_dynamic,True,0.0,0.0,full_gpu,0.0,,risk_evidence_insufficient,0.0,uncalibrated_dynamic,116.83012405410409,,,,hybrid-session-004-turn-1,5.03125,0.0,5.03125,0.0,0.0,/DATACENTER3/zhenxiang.wang/work/TailGuardKV/.worktrees/baseline-smoke-final-aggregation/out/full_25session_baseline_9_14/full/policy_attempts/full40_20260916_h2o_static_safe/seed20260906,True,point_prediction_rejected,hybrid-session-004,chat,117.70028690807521,1,risk_evidence_insufficient
full_gpu,13.0,0.1,False,True,online_qwen,True,1.0,/DATACENTER3/zhenxiang.wang/work/TailGuardKV/.worktrees/baseline-smoke-final-aggregation/out/full_25session_baseline_9_14/full/policy_attempts/full40_20260916_h2o_static_safe/seed20260906/config.yaml,,,,,0.1,True,,0.05,,5.6328125,True,full_gpu,True,,balanced_two_gpu,1,persistent,27304.090914083645,6435,31117.207824019715,,exact fallback,15.0,11.59375,3.9375,3.9375,3.9375,1571.888318983838,unknown,True,,True,,False,,15135.78369140625,True,uncalibrated_dynamic,True,0.0,0.0,full_gpu,0.0,,risk_evidence_insufficient,0.0,uncalibrated_dynamic,116.75490206107497,,,,hybrid-session-005-turn-1,3.9375,0.0,3.9375,0.0,0.0,/DATACENTER3/zhenxiang.wang/work/TailGuardKV/.worktrees/baseline-smoke-final-aggregation/out/full_25session_baseline_9_14/full/policy_attempts/full40_20260916_h2o_static_safe/seed20260906,True,point_prediction_rejected,hybrid-session-005,chat,117.58374096825719,1,risk_evidence_insufficient
full_gpu,13.0,0.1,False,True,online_qwen,True,1.0,/DATACENTER3/zhenxiang.wang/work/TailGuardKV/.worktrees/baseline-smoke-final-aggregation/out/full_25session_baseline_9_14/full/policy_attempts/full40_20260916_h2o_static_safe/seed20260906/config.yaml,,,,,0.1,True,,0.05,,2.625,True,full_gpu,True,,balanced_two_gpu,1,persistent,27304.090914083645,6435,31117.207824019715,,exact fallback,15.0,14.2734375,5.3046875,5.3046875,5.3046875,1563.666027970612,unknown,True,,True,,False,,15171.25,True,uncalibrated_dynamic,True,0.0,0.0,full_gpu,0.0,,risk_evidence_insufficient,0.0,uncalibrated_dynamic,116.66251113638282,,,,hybrid-session-006-turn-1,5.3046875,0.0,5.3046875,0.0,0.0,/DATACENTER3/zhenxiang.wang/work/TailGuardKV/.worktrees/baseline-smoke-final-aggregation/out/full_25session_baseline_9_14/full/policy_attempts/full40_20260916_h2o_static_safe/seed20260906,True,point_prediction_rejected,hybrid-session-006,chat,117.59205907583237,1,risk_evidence_insufficient
full_gpu,13.0,0.1,False,True,online_qwen,True,1.0,/DATACENTER3/zhenxiang.wang/work/TailGuardKV/.worktrees/baseline-smoke-final-aggregation/out/full_25session_baseline_9_14/full/policy_attempts/full40_20260916_h2o_static_safe/seed20260906/config.yaml,,,,,0.1,True,,0.05,,5.03125,True,full_gpu,True,,balanced_two_gpu,1,persistent,27304.090914083645,6435,31117.207824019715,,exact fallback,15.0,12.359375,3.1171875,3.1171875,3.1171875,1568.581362022087,unknown,True,,True,,False,,15112.22119140625,True,uncalibrated_dynamic,True,0.0,0.0,full_gpu,0.0,,risk_evidence_insufficient,0.0,uncalibrated_dynamic,107.84122184850276,,,,hybrid-session-009-turn-1,3.1171875,0.0,3.1171875,0.0,0.0,/DATACENTER3/zhenxiang.wang/work/TailGuardKV/.worktrees/baseline-smoke-final-aggregation/out/full_25session_baseline_9_14/full/policy_attempts/full40_20260916_h2o_static_safe/seed20260906,True,point_prediction_rejected,hybrid-session-009,chat,108.62206108868122,1,risk_evidence_insufficient
full_gpu,13.0,0.1,False,True,online_qwen,True,1.0,/DATACENTER3/zhenxiang.wang/work/TailGuardKV/.worktrees/baseline-smoke-final-aggregation/out/full_25session_baseline_9_14/full/policy_attempts/full40_20260916_h2o_static_safe/seed20260906/config.yaml,,,,,0.1,True,,0.05,,3.9375,True,full_gpu,True,,balanced_two_gpu,1,persistent,27304.090914083645,6435,31117.207824019715,,exact fallback,15.0,11.3203125,2.8984375,2.8984375,2.8984375,1559.2823040205985,unknown,True,,True,,False,,15105.11376953125,True,uncalibrated_dynamic,True,0.0,0.0,full_gpu,0.0,,risk_evidence_insufficient,0.0,uncalibrated_dynamic,106.91820597276092,,,,hybrid-session-010-turn-1,2.8984375,0.0,2.8984375,0.0,0.0,/DATACENTER3/zhenxiang.wang/work/TailGuardKV/.worktrees/baseline-smoke-final-aggregation/out/full_25session_baseline_9_14/full/policy_attempts/full40_20260916_h2o_static_safe/seed20260906,True,point_prediction_rejected,hybrid-session-010,chat,107.74667491205037,1,risk_evidence_insufficient
full_gpu,13.0,0.1,False,False,online_qwen,False,1.0,/DATACENTER3/zhenxiang.wang/work/TailGuardKV/.worktrees/baseline-smoke-final-aggregation/out/full_25session_baseline_9_14/full/policy_attempts/full40_20260916_h2o_static_safe/seed20260906/config.yaml,,,,,0.1,True,,0.05,,0,True,full_gpu,True,,balanced_two_gpu,1,persistent,27304.090914083645,6435,31117.207824019715,,exact fallback,15.0,14.4375,3.1171875,3.1171875,3.1171875,1558.0938630737364,unknown,True,,True,,False,,15109.26806640625,True,uncalibrated_dynamic,True,0.0,0.0,full_gpu,0.0,,risk_evidence_insufficient,0.0,uncalibrated_dynamic,104.92875683121383,,,,hybrid-session-013-turn-1,3.1171875,0.0,3.1171875,0.0,0.0,/DATACENTER3/zhenxiang.wang/work/TailGuardKV/.worktrees/baseline-smoke-final-aggregation/out/full_25session_baseline_9_14/full/policy_attempts/full40_20260916_h2o_static_safe/seed20260906,True,point_prediction_rejected,hybrid-session-013,chat,105.96589604392648,1,risk_evidence_insufficient
full_gpu,13.0,0.1,False,True,online_qwen,True,1.0,/DATACENTER3/zhenxiang.wang/work/TailGuardKV/.worktrees/baseline-smoke-final-aggregation/out/full_25session_baseline_9_14/full/policy_attempts/full40_20260916_h2o_static_safe/seed20260906/config.yaml,,,,,0.1,True,,0.05,,5.3046875,True,full_gpu,True,,balanced_two_gpu,1,persistent,27304.090914083645,6435,31117.207824019715,,exact fallback,15.0,13.234375,4.1015625,4.1015625,4.1015625,1576.098748948425,unknown,True,,True,,False,,15139.59619140625,True,uncalibrated_dynamic,True,0.0,0.0,full_gpu,0.0,,risk_evidence_insufficient,0.0,uncalibrated_dynamic,118.91308589838445,,,,hybrid-session-016-turn-1,4.1015625,0.0,4.1015625,0.0,0.0,/DATACENTER3/zhenxiang.wang/work/TailGuardKV/.worktrees/baseline-smoke-final-aggregation/out/full_25session_baseline_9_14/full/policy_attempts/full40_20260916_h2o_static_safe/seed20260906,True,point_prediction_rejected,hybrid-session-016,chat,119.73270494490862,1,risk_evidence_insufficient
full_gpu,13.0,0.1,False,True,online_qwen,True,1.0,/DATACENTER3/zhenxiang.wang/work/TailGuardKV/.worktrees/baseline-smoke-final-aggregation/out/full_25session_baseline_9_14/full/policy_attempts/full40_20260916_h2o_static_safe/seed20260906/config.yaml,,,,,0.1,True,,0.05,,3.1171875,True,full_gpu,True,,balanced_two_gpu,1,persistent,27304.090914083645,6435,31117.207824019715,,exact fallback,15.0,14.0,3.8828125,3.8828125,3.8828125,1562.5349080655724,unknown,True,,True,,False,,15132.34619140625,True,uncalibrated_dynamic,True,0.0,0.0,full_gpu,0.0,,risk_evidence_insufficient,0.0,uncalibrated_dynamic,100.47579905949533,,,,hybrid-session-020-turn-1,3.8828125,0.0,3.8828125,0.0,0.0,/DATACENTER3/zhenxiang.wang/work/TailGuardKV/.worktrees/baseline-smoke-final-aggregation/out/full_25session_baseline_9_14/full/policy_attempts/full40_20260916_h2o_static_safe/seed20260906,True,point_prediction_rejected,hybrid-session-020,chat,101.2869740370661,1,risk_evidence_insufficient
full_gpu,13.0,0.1,False,True,online_qwen,True,1.0,/DATACENTER3/zhenxiang.wang/work/TailGuardKV/.worktrees/baseline-smoke-final-aggregation/out/full_25session_baseline_9_14/full/policy_attempts/full40_20260916_h2o_static_safe/seed20260906/config.yaml,,,,,0.1,True,,0.05,,6.015625,True,full_gpu,True,,balanced_two_gpu,1,persistent,27304.090914083645,6435,31117.207824019715,,exact fallback,15.0,12.578125,4.59375,4.59375,4.59375,1496.1977861821651,unknown,True,,True,,False,,15152.76611328125,True,uncalibrated_dynamic,True,0.0,0.0,full_gpu,0.0,,risk_evidence_insufficient,0.0,uncalibrated_dynamic,114.80200313962996,,,,hybrid-session-021-turn-1,4.59375,0.0,4.59375,0.0,0.0,/DATACENTER3/zhenxiang.wang/work/TailGuardKV/.worktrees/baseline-smoke-final-aggregation/out/full_25session_baseline_9_14/full/policy_attempts/full40_20260916_h2o_static_safe/seed20260906,True,point_prediction_rejected,hybrid-session-021,chat,115.63352914527059,1,risk_evidence_insufficient
full_gpu,13.0,0.1,False,True,online_qwen,True,1.0,/DATACENTER3/zhenxiang.wang/work/TailGuardKV/.worktrees/baseline-smoke-final-aggregation/out/full_25session_baseline_9_14/full/policy_attempts/full40_20260916_h2o_static_safe/seed20260906/config.yaml,,,,,0.1,True,,0.05,,4.1015625,True,full_gpu,True,,balanced_two_gpu,1,persistent,27304.090914083645,6435,31117.207824019715,,exact fallback,15.0,11.8125,3.3359375,3.3359375,3.3359375,1567.0592519454658,unknown,True,,True,,False,,15117.23095703125,True,uncalibrated_dynamic,True,0.0,0.0,full_gpu,0.0,,risk_evidence_insufficient,0.0,uncalibrated_dynamic,105.07568204775453,,,,hybrid-session-025-turn-1,3.3359375,0.0,3.3359375,0.0,0.0,/DATACENTER3/zhenxiang.wang/work/TailGuardKV/.worktrees/baseline-smoke-final-aggregation/out/full_25session_baseline_9_14/full/policy_attempts/full40_20260916_h2o_static_safe/seed20260906,True,point_prediction_rejected,hybrid-session-025,chat,105.90961505658925,1,risk_evidence_insufficient
full_gpu,13.0,0.1,False,True,online_qwen,True,1.0,/DATACENTER3/zhenxiang.wang/work/TailGuardKV/.worktrees/baseline-smoke-final-aggregation/out/full_25session_baseline_9_14/full/policy_attempts/full40_20260916_h2o_static_safe/seed20260906/config.yaml,,,,,0.1,True,,0.05,,3.8828125,True,full_gpu,True,,balanced_two_gpu,1,persistent,27304.090914083645,6435,31117.207824019715,,exact fallback,15.0,12.6328125,4.703125,4.703125,4.703125,1553.3797089010477,unknown,True,,True,,False,,15155.23291015625,True,uncalibrated_dynamic,True,0.0,0.0,full_gpu,0.0,,risk_evidence_insufficient,0.0,uncalibrated_dynamic,112.412165151909,,,,hybrid-session-026-turn-1,4.703125,0.0,4.703125,0.0,0.0,/DATACENTER3/zhenxiang.wang/work/TailGuardKV/.worktrees/baseline-smoke-final-aggregation/out/full_25session_baseline_9_14/full/policy_attempts/full40_20260916_h2o_static_safe/seed20260906,True,point_prediction_rejected,hybrid-session-026,chat,113.22087305597961,1,risk_evidence_insufficient
full_gpu,13.0,0.1,True,True,online_qwen,True,1.0,/DATACENTER3/zhenxiang.wang/work/TailGuardKV/.worktrees/baseline-smoke-final-aggregation/out/full_25session_baseline_9_14/full/policy_attempts/full40_20260916_h2o_static_safe/seed20260906/config.yaml,,,,,0.1,True,,0.05,,7.9296875,True,full_gpu,True,,balanced_two_gpu,1,persistent,27304.090914083645,6435,31117.207824019715,,exact fallback,15.0,14.546875,9.84375,9.84375,9.84375,1538.1489859428257,unknown,True,0.0,True,,False,,15299.65234375,True,uncalibrated_dynamic,True,0.0,0.0,full_gpu,0.0,,risk_evidence_insufficient,0.0,uncalibrated_dynamic,132.54637899808586,,,,hybrid-session-002-turn-2,9.84375,0.0,9.84375,0.0,0.0,/DATACENTER3/zhenxiang.wang/work/TailGuardKV/.worktrees/baseline-smoke-final-aggregation/out/full_25session_baseline_9_14/full/policy_attempts/full40_20260916_h2o_static_safe/seed20260906,True,point_prediction_rejected,hybrid-session-002,qa,133.34395294077694,2,risk_evidence_insufficient
full_gpu,13.0,0.1,False,True,online_qwen,True,1.0,/DATACENTER3/zhenxiang.wang/work/TailGuardKV/.worktrees/baseline-smoke-final-aggregation/out/full_25session_baseline_9_14/full/policy_attempts/full40_20260916_h2o_static_safe/seed20260906/config.yaml,,,,,0.1,True,,0.05,,14.546875,True,full_gpu,True,,balanced_two_gpu,1,persistent,27304.090914083645,6435,31117.207824019715,,exact fallback,15.0,9.296875,9.296875,9.296875,9.296875,1259.699820075184,unknown,True,,True,,False,,15285.9736328125,True,uncalibrated_dynamic,True,0.0,0.0,full_gpu,0.0,,risk_evidence_insufficient,0.0,uncalibrated_dynamic,130.42686018161476,,,,hybrid-session-003-turn-2,9.296875,0.0,9.296875,0.0,0.0,/DATACENTER3/zhenxiang.wang/work/TailGuardKV/.worktrees/baseline-smoke-final-aggregation/out/full_25session_baseline_9_14/full/policy_attempts/full40_20260916_h2o_static_safe/seed20260906,True,point_prediction_rejected,hybrid-session-003,summary,131.25882088206708,2,risk_evidence_insufficient
full_gpu,13.0,0.1,False,True,online_qwen,True,1.0,/DATACENTER3/zhenxiang.wang/work/TailGuardKV/.worktrees/baseline-smoke-final-aggregation/out/full_25session_baseline_9_14/full/policy_attempts/full40_20260916_h2o_static_safe/seed20260906/config.yaml,,,,,0.1,True,,0.05,,9.296875,True,full_gpu,True,,balanced_two_gpu,1,persistent,27304.090914083645,6435,31117.207824019715,,exact fallback,15.0,10.71875,10.71875,10.71875,10.71875,1504.0304011199623,unknown,True,,True,,False,,15319.67919921875,True,uncalibrated_dynamic,True,0.0,0.0,full_gpu,0.0,,risk_evidence_insufficient,0.0,uncalibrated_dynamic,125.19452697597444,,,,hybrid-session-004-turn-2,10.71875,0.0,10.71875,0.0,0.0,/DATACENTER3/zhenxiang.wang/work/TailGuardKV/.worktrees/baseline-smoke-final-aggregation/out/full_25session_baseline_9_14/full/policy_attempts/full40_20260916_h2o_static_safe/seed20260906,True,point_prediction_rejected,hybrid-session-004,qa,125.93623995780945,2,risk_evidence_insufficient
full_gpu,13.0,0.1,False,True,online_qwen,True,1.0,/DATACENTER3/zhenxiang.wang/work/TailGuardKV/.worktrees/baseline-smoke-final-aggregation/out/full_25session_baseline_9_14/full/policy_attempts/full40_20260916_h2o_static_safe/seed20260906/config.yaml,,,,,0.1,True,,0.05,,10.71875,True,full_gpu,True,,balanced_two_gpu,1,persistent,27304.090914083645,6435,31117.207824019715,,exact fallback,15.0,9.7890625,9.7890625,9.7890625,9.7890625,1563.2933520246297,unknown,True,,True,,False,,15297.68359375,True,uncalibrated_dynamic,True,0.0,0.0,full_gpu,0.0,,risk_evidence_insufficient,0.0,uncalibrated_dynamic,123.38615790940821,,,,hybrid-session-005-turn-2,9.7890625,0.0,9.7890625,0.0,0.0,/DATACENTER3/zhenxiang.wang/work/TailGuardKV/.worktrees/baseline-smoke-final-aggregation/out/full_25session_baseline_9_14/full/policy_attempts/full40_20260916_h2o_static_safe/seed20260906,True,point_prediction_rejected,hybrid-session-005,summary,124.21833700500429,2,risk_evidence_insufficient
full_gpu,13.0,0.1,False,True,online_qwen,True,1.0,/DATACENTER3/zhenxiang.wang/work/TailGuardKV/.worktrees/baseline-smoke-final-aggregation/out/full_25session_baseline_9_14/full/policy_attempts/full40_20260916_h2o_static_safe/seed20260906/config.yaml,,,,,0.1,True,,0.05,,9.7890625,True,full_gpu,True,,balanced_two_gpu,1,persistent,27304.090914083645,6435,31117.207824019715,,exact fallback,15.0,12.796875,12.796875,12.796875,12.796875,1611.5968488156796,unknown,True,,True,,False,,15381.775390625,True,uncalibrated_dynamic,True,0.0,0.0,full_gpu,0.0,,risk_evidence_insufficient,0.0,uncalibrated_dynamic,147.4829080980271,,,,hybrid-session-006-turn-2,12.796875,0.0,12.796875,0.0,0.0,/DATACENTER3/zhenxiang.wang/work/TailGuardKV/.worktrees/baseline-smoke-final-aggregation/out/full_25session_baseline_9_14/full/policy_attempts/full40_20260916_h2o_static_safe/seed20260906,True,point_prediction_rejected,hybrid-session-006,qa,148.324322886765,2,risk_evidence_insufficient
full_gpu,13.0,0.1,False,True,online_qwen,True,1.0,/DATACENTER3/zhenxiang.wang/work/TailGuardKV/.worktrees/baseline-smoke-final-aggregation/out/full_25session_baseline_9_14/full/policy_attempts/full40_20260916_h2o_static_safe/seed20260906/config.yaml,,,,,0.1,True,,0.05,,12.796875,True,full_gpu,True,,balanced_two_gpu,1,persistent,27304.090914083645,6435,31117.207824019715,,exact fallback,15.0,8.9140625,8.9140625,8.9140625,8.9140625,1234.9244060460478,unknown,True,,True,,False,,15273.80859375,True,uncalibrated_dynamic,True,0.0,0.0,full_gpu,0.0,,risk_evidence_insufficient,0.0,uncalibrated_dynamic,113.16910688765347,,,,hybrid-session-009-turn-2,8.9140625,0.0,8.9140625,0.0,0.0,/DATACENTER3/zhenxiang.wang/work/TailGuardKV/.worktrees/baseline-smoke-final-aggregation/out/full_25session_baseline_9_14/full/policy_attempts/full40_20260916_h2o_static_safe/seed20260906,True,point_prediction_rejected,hybrid-session-009,summary,113.93641796894372,2,risk_evidence_insufficient
full_gpu,13.0,0.1,False,True,online_qwen,True,1.0,/DATACENTER3/zhenxiang.wang/work/TailGuardKV/.worktrees/baseline-smoke-final-aggregation/out/full_25session_baseline_9_14/full/policy_attempts/full40_20260916_h2o_static_safe/seed20260906/config.yaml,,,,,0.1,True,,0.05,,8.9140625,True,full_gpu,True,,balanced_two_gpu,1,persistent,27304.090914083645,6435,31117.207824019715,,exact fallback,15.0,9.84375,9.84375,9.84375,9.84375,1578.031794168055,unknown,True,,True,,False,,15295.93359375,True,uncalibrated_dynamic,True,0.0,0.0,full_gpu,0.0,,risk_evidence_insufficient,0.0,uncalibrated_dynamic,122.65016790479422,,,,hybrid-session-010-turn-2,9.84375,0.0,9.84375,0.0,0.0,/DATACENTER3/zhenxiang.wang/work/TailGuardKV/.worktrees/baseline-smoke-final-aggregation/out/full_25session_baseline_9_14/full/policy_attempts/full40_20260916_h2o_static_safe/seed20260906,True,point_prediction_rejected,hybrid-session-010,qa,123.47760703414679,2,risk_evidence_insufficient
full_gpu,13.0,0.1,True,True,online_qwen,True,1.0,/DATACENTER3/zhenxiang.wang/work/TailGuardKV/.worktrees/baseline-smoke-final-aggregation/out/full_25session_baseline_9_14/full/policy_attempts/full40_20260916_h2o_static_safe/seed20260906/config.yaml,,,,,0.1,True,,0.05,,9.84375,True,full_gpu,True,,balanced_two_gpu,1,persistent,27304.090914083645,6435,31117.207824019715,,exact fallback,15.0,9.2421875,9.2421875,9.2421875,9.2421875,1569.2559289745986,unknown,True,0.0,True,,False,,15280.92431640625,True,uncalibrated_dynamic,True,0.0,0.0,full_gpu,0.0,,risk_evidence_insufficient,0.0,uncalibrated_dynamic,121.93855200894177,,,,hybrid-session-013-turn-2,9.2421875,0.0,9.2421875,0.0,0.0,/DATACENTER3/zhenxiang.wang/work/TailGuardKV/.worktrees/baseline-smoke-final-aggregation/out/full_25session_baseline_9_14/full/policy_attempts/full40_20260916_h2o_static_safe/seed20260906,True,point_prediction_rejected,hybrid-session-013,summary,122.75985302403569,2,risk_evidence_insufficient
full_gpu,13.0,0.1,False,True,online_qwen,True,1.0,/DATACENTER3/zhenxiang.wang/work/TailGuardKV/.worktrees/baseline-smoke-final-aggregation/out/full_25session_baseline_9_14/full/policy_attempts/full40_20260916_h2o_static_safe/seed20260906/config.yaml,,,,,0.1,True,,0.05,,9.2421875,True,full_gpu,True,,balanced_two_gpu,1,persistent,27304.090914083645,6435,31117.207824019715,,exact fallback,15.0,10.3359375,10.3359375,10.3359375,10.3359375,1246.0936571005732,unknown,True,,True,,False,,15309.08984375,True,uncalibrated_dynamic,True,0.0,0.0,full_gpu,0.0,,risk_evidence_insufficient,0.0,uncalibrated_dynamic,124.55213419161737,,,,hybrid-session-016-turn-2,10.3359375,0.0,10.3359375,0.0,0.0,/DATACENTER3/zhenxiang.wang/work/TailGuardKV/.worktrees/baseline-smoke-final-aggregation/out/full_25session_baseline_9_14/full/policy_attempts/full40_20260916_h2o_static_safe/seed20260906,True,point_prediction_rejected,hybrid-session-016,qa,125.32057194039226,2,risk_evidence_insufficient
full_gpu,13.0,0.1,True,True,online_qwen,True,1.0,/DATACENTER3/zhenxiang.wang/work/TailGuardKV/.worktrees/baseline-smoke-final-aggregation/out/full_25session_baseline_9_14/full/policy_attempts/full40_20260916_h2o_static_safe/seed20260906/config.yaml,,,,,0.1,True,,0.05,,10.3359375,True,full_gpu,True,,balanced_two_gpu,1,persistent,27304.090914083645,6435,31117.207824019715,,exact fallback,15.0,9.84375,9.84375,9.84375,9.84375,1568.0841677822173,unknown,True,0.0,True,,False,,15297.35546875,True,uncalibrated_dynamic,True,0.0,0.0,full_gpu,0.0,,risk_evidence_insufficient,0.0,uncalibrated_dynamic,121.97247007861733,,,,hybrid-session-020-turn-2,9.84375,0.0,9.84375,0.0,0.0,/DATACENTER3/zhenxiang.wang/work/TailGuardKV/.worktrees/baseline-smoke-final-aggregation/out/full_25session_baseline_9_14/full/policy_attempts/full40_20260916_h2o_static_safe/seed20260906,True,point_prediction_rejected,hybrid-session-020,qa,122.81232187524438,2,risk_evidence_insufficient
full_gpu,13.0,0.1,False,True,online_qwen,True,1.0,/DATACENTER3/zhenxiang.wang/work/TailGuardKV/.worktrees/baseline-smoke-final-aggregation/out/full_25session_baseline_9_14/full/policy_attempts/full40_20260916_h2o_static_safe/seed20260906/config.yaml,,,,,0.1,True,,0.05,,9.84375,True,full_gpu,True,,balanced_two_gpu,1,persistent,27304.090914083645,6435,31117.207824019715,,exact fallback,15.0,10.9921875,10.9921875,10.9921875,10.9921875,1577.9379359446466,unknown,True,,True,,False,,15328.015625,True,uncalibrated_dynamic,True,0.0,0.0,full_gpu,0.0,,risk_evidence_insufficient,0.0,uncalibrated_dynamic,124.08134900033474,,,,hybrid-session-021-turn-2,10.9921875,0.0,10.9921875,0.0,0.0,/DATACENTER3/zhenxiang.wang/work/TailGuardKV/.worktrees/baseline-smoke-final-aggregation/out/full_25session_baseline_9_14/full/policy_attempts/full40_20260916_h2o_static_safe/seed20260906,True,point_prediction_rejected,hybrid-session-021,summary,125.00264798291028,2,risk_evidence_insufficient
full_gpu,13.0,0.1,False,True,online_qwen,True,1.0,/DATACENTER3/zhenxiang.wang/work/TailGuardKV/.worktrees/baseline-smoke-final-aggregation/out/full_25session_baseline_9_14/full/policy_attempts/full40_20260916_h2o_static_safe/seed20260906/config.yaml,,,,,0.1,True,,0.05,,10.9921875,True,full_gpu,True,,balanced_two_gpu,1,persistent,27304.090914083645,6435,31117.207824019715,,exact fallback,15.0,10.0078125,10.0078125,10.0078125,10.0078125,1581.38319500722,unknown,True,,True,,False,,15302.90234375,True,uncalibrated_dynamic,True,0.0,0.0,full_gpu,0.0,,risk_evidence_insufficient,0.0,uncalibrated_dynamic,128.42248985543847,,,,hybrid-session-025-turn-2,10.0078125,0.0,10.0078125,0.0,0.0,/DATACENTER3/zhenxiang.wang/work/TailGuardKV/.worktrees/baseline-smoke-final-aggregation/out/full_25session_baseline_9_14/full/policy_attempts/full40_20260916_h2o_static_safe/seed20260906,True,point_prediction_rejected,hybrid-session-025,summary,129.24946704879403,2,risk_evidence_insufficient
full_gpu,13.0,0.1,False,True,online_qwen,True,1.0,/DATACENTER3/zhenxiang.wang/work/TailGuardKV/.worktrees/baseline-smoke-final-aggregation/out/full_25session_baseline_9_14/full/policy_attempts/full40_20260916_h2o_static_safe/seed20260906/config.yaml,,,,,0.1,True,,0.05,,10.0078125,True,full_gpu,True,,balanced_two_gpu,1,persistent,27304.090914083645,6435,31117.207824019715,,exact fallback,15.0,11.5390625,11.5390625,11.5390625,11.5390625,1591.233623912558,unknown,True,,True,,False,,15343.57861328125,True,uncalibrated_dynamic,True,0.0,0.0,full_gpu,0.0,,risk_evidence_insufficient,0.0,uncalibrated_dynamic,140.00438107177615,,,,hybrid-session-026-turn-2,11.5390625,0.0,11.5390625,0.0,0.0,/DATACENTER3/zhenxiang.wang/work/TailGuardKV/.worktrees/baseline-smoke-final-aggregation/out/full_25session_baseline_9_14/full/policy_attempts/full40_20260916_h2o_static_safe/seed20260906,True,point_prediction_rejected,hybrid-session-026,qa,140.80303092487156,2,risk_evidence_insufficient
full_gpu,13.0,0.1,False,True,online_qwen,True,1.0,/DATACENTER3/zhenxiang.wang/work/TailGuardKV/.worktrees/baseline-smoke-final-aggregation/out/full_25session_baseline_9_14/full/policy_attempts/full40_20260916_h2o_static_safe/seed20260906/config.yaml,,,,,0.1,True,,0.05,,11.5390625,True,full_gpu,True,,balanced_two_gpu,1,persistent,27304.090914083645,6435,31117.207824019715,,exact fallback,15.0,11.9765625,11.9765625,11.9765625,11.9765625,1557.370196795091,unknown,True,,True,,False,,15357.373046875,True,uncalibrated_dynamic,True,0.0,0.0,full_gpu,0.0,,risk_evidence_insufficient,0.0,uncalibrated_dynamic,134.69796697609127,,,,hybrid-session-002-turn-3,11.9765625,0.0,11.9765625,0.0,0.0,/DATACENTER3/zhenxiang.wang/work/TailGuardKV/.worktrees/baseline-smoke-final-aggregation/out/full_25session_baseline_9_14/full/policy_attempts/full40_20260916_h2o_static_safe/seed20260906,True,point_prediction_rejected,hybrid-session-002,qa,135.4858698323369,3,risk_evidence_insufficient
full_gpu,13.0,0.1,False,True,online_qwen,True,1.0,/DATACENTER3/zhenxiang.wang/work/TailGuardKV/.worktrees/baseline-smoke-final-aggregation/out/full_25session_baseline_9_14/full/policy_attempts/full40_20260916_h2o_static_safe/seed20260906/config.yaml,,,,,0.1,True,,0.05,,11.9765625,True,full_gpu,True,,balanced_two_gpu,1,persistent,27304.090914083645,6435,31117.207824019715,,exact fallback,15.0,11.375,11.375,11.375,11.375,1586.5298660937697,unknown,True,,True,,False,,15340.53515625,True,uncalibrated_dynamic,True,0.0,0.0,full_gpu,0.0,,risk_evidence_insufficient,0.0,uncalibrated_dynamic,132.861491991207,,,,hybrid-session-003-turn-3,11.375,0.0,11.375,0.0,0.0,/DATACENTER3/zhenxiang.wang/work/TailGuardKV/.worktrees/baseline-smoke-final-aggregation/out/full_25session_baseline_9_14/full/policy_attempts/full40_20260916_h2o_static_safe/seed20260906,True,point_prediction_rejected,hybrid-session-003,summary,133.68467520922422,3,risk_evidence_insufficient
full_gpu,13.0,0.1,False,True,online_qwen,True,1.0,/DATACENTER3/zhenxiang.wang/work/TailGuardKV/.worktrees/baseline-smoke-final-aggregation/out/full_25session_baseline_9_14/full/policy_attempts/full40_20260916_h2o_static_safe/seed20260906/config.yaml,,,,,0.1,True,,0.05,,11.375,True,full_gpu,True,,balanced_two_gpu,1,persistent,27304.090914083645,6435,31117.207824019715,,exact fallback,15.0,12.8515625,12.8515625,12.8515625,12.8515625,1590.897565940395,unknown,True,,True,,False,,15384.416015625,True,uncalibrated_dynamic,True,0.0,0.0,full_gpu,0.0,,risk_evidence_insufficient,0.0,uncalibrated_dynamic,143.3450640179217,,,,hybrid-session-004-turn-3,12.8515625,0.0,12.8515625,0.0,0.0,/DATACENTER3/zhenxiang.wang/work/TailGuardKV/.worktrees/baseline-smoke-final-aggregation/out/full_25session_baseline_9_14/full/policy_attempts/full40_20260916_h2o_static_safe/seed20260906,True,point_prediction_rejected,hybrid-session-004,qa,144.15441290475428,3,risk_evidence_insufficient
full_gpu,13.0,0.1,False,True,online_qwen,True,1.0,/DATACENTER3/zhenxiang.wang/work/TailGuardKV/.worktrees/baseline-smoke-final-aggregation/out/full_25session_baseline_9_14/full/policy_attempts/full40_20260916_h2o_static_safe/seed20260906/config.yaml,,,,,0.1,True,,0.05,,12.8515625,True,full_gpu,True,,balanced_two_gpu,1,persistent,27304.090914083645,6435,31117.207824019715,,exact fallback,15.0,11.6484375,11.6484375,11.6484375,11.6484375,1586.6534770466387,unknown,True,,True,,False,,15349.39501953125,True,uncalibrated_dynamic,True,0.0,0.0,full_gpu,0.0,,risk_evidence_insufficient,0.0,uncalibrated_dynamic,131.66931504383683,,,,hybrid-session-005-turn-3,11.6484375,0.0,11.6484375,0.0,0.0,/DATACENTER3/zhenxiang.wang/work/TailGuardKV/.worktrees/baseline-smoke-final-aggregation/out/full_25session_baseline_9_14/full/policy_attempts/full40_20260916_h2o_static_safe/seed20260906,True,point_prediction_rejected,hybrid-session-005,summary,132.45988497510552,3,risk_evidence_insufficient
full_gpu,13.0,0.1,False,True,online_qwen,True,1.0,/DATACENTER3/zhenxiang.wang/work/TailGuardKV/.worktrees/baseline-smoke-final-aggregation/out/full_25session_baseline_9_14/full/policy_attempts/full40_20260916_h2o_static_safe/seed20260906/config.yaml,,,,,0.1,True,,0.05,,11.6484375,True,full_gpu,True,,balanced_two_gpu,1,persistent,27304.090914083645,6435,31117.207824019715,,exact fallback,15.0,14.9296875,14.9296875,14.9296875,14.9296875,1542.848443845287,unknown,True,,True,,False,,15441.60791015625,True,uncalibrated_dynamic,True,0.0,0.0,full_gpu,0.0,,risk_evidence_insufficient,0.0,uncalibrated_dynamic,193.4519149363041,,,,hybrid-session-006-turn-3,14.9296875,0.0,14.9296875,0.0,0.0,/DATACENTER3/zhenxiang.wang/work/TailGuardKV/.worktrees/baseline-smoke-final-aggregation/out/full_25session_baseline_9_14/full/policy_attempts/full40_20260916_h2o_static_safe/seed20260906,True,point_prediction_rejected,hybrid-session-006,qa,194.28184698335826,3,risk_evidence_insufficient
full_gpu,13.0,0.1,False,True,online_qwen,True,1.0,/DATACENTER3/zhenxiang.wang/work/TailGuardKV/.worktrees/baseline-smoke-final-aggregation/out/full_25session_baseline_9_14/full/policy_attempts/full40_20260916_h2o_static_safe/seed20260906/config.yaml,,,,,0.1,True,,0.05,,14.9296875,True,full_gpu,True,,balanced_two_gpu,1,persistent,27304.090914083645,6435,31117.207824019715,,exact fallback,15.0,10.9375,10.9375,10.9375,10.9375,1586.1350859049708,unknown,True,,True,,False,,15333.046875,True,uncalibrated_dynamic,True,0.0,0.0,full_gpu,0.0,,risk_evidence_insufficient,0.0,uncalibrated_dynamic,133.12546582892537,,,,hybrid-session-009-turn-3,10.9375,0.0,10.9375,0.0,0.0,/DATACENTER3/zhenxiang.wang/work/TailGuardKV/.worktrees/baseline-smoke-final-aggregation/out/full_25session_baseline_9_14/full/policy_attempts/full40_20260916_h2o_static_safe/seed20260906,True,point_prediction_rejected,hybrid-session-009,summary,134.01088491082191,3,risk_evidence_insufficient
full_gpu,13.0,0.1,False,True,online_qwen,True,1.0,/DATACENTER3/zhenxiang.wang/work/TailGuardKV/.worktrees/baseline-smoke-final-aggregation/out/full_25session_baseline_9_14/full/policy_attempts/full40_20260916_h2o_static_safe/seed20260906/config.yaml,,,,,0.1,True,,0.05,,10.9375,True,full_gpu,True,,balanced_two_gpu,1,persistent,27304.090914083645,6435,31117.207824019715,,exact fallback,15.0,11.9765625,11.9765625,11.9765625,11.9765625,1578.4296521451324,unknown,True,,True,,False,,15356.771484375,True,uncalibrated_dynamic,True,0.0,0.0,full_gpu,0.0,,risk_evidence_insufficient,0.0,uncalibrated_dynamic,138.91348987817764,,,,hybrid-session-010-turn-3,11.9765625,0.0,11.9765625,0.0,0.0,/DATACENTER3/zhenxiang.wang/work/TailGuardKV/.worktrees/baseline-smoke-final-aggregation/out/full_25session_baseline_9_14/full/policy_attempts/full40_20260916_h2o_static_safe/seed20260906,True,point_prediction_rejected,hybrid-session-010,qa,139.87827906385064,3,risk_evidence_insufficient
full_gpu,13.0,0.1,False,True,online_qwen,True,1.0,/DATACENTER3/zhenxiang.wang/work/TailGuardKV/.worktrees/baseline-smoke-final-aggregation/out/full_25session_baseline_9_14/full/policy_attempts/full40_20260916_h2o_static_safe/seed20260906/config.yaml,,,,,0.1,True,,0.05,,11.9765625,True,full_gpu,True,,balanced_two_gpu,1,persistent,27304.090914083645,6435,31117.207824019715,,exact fallback,15.0,11.3203125,11.3203125,11.3203125,11.3203125,1577.898537972942,unknown,True,,True,,False,,15340.4794921875,True,uncalibrated_dynamic,True,0.0,0.0,full_gpu,0.0,,risk_evidence_insufficient,0.0,uncalibrated_dynamic,127.25655408576131,,,,hybrid-session-013-turn-3,11.3203125,0.0,11.3203125,0.0,0.0,/DATACENTER3/zhenxiang.wang/work/TailGuardKV/.worktrees/baseline-smoke-final-aggregation/out/full_25session_baseline_9_14/full/policy_attempts/full40_20260916_h2o_static_safe/seed20260906,True,point_prediction_rejected,hybrid-session-013,summary,128.06844781152904,3,risk_evidence_insufficient
full_gpu,13.0,0.1,False,True,online_qwen,True,1.0,/DATACENTER3/zhenxiang.wang/work/TailGuardKV/.worktrees/baseline-smoke-final-aggregation/out/full_25session_baseline_9_14/full/policy_attempts/full40_20260916_h2o_static_safe/seed20260906/config.yaml,,,,,0.1,True,,0.05,,11.3203125,True,full_gpu,True,,balanced_two_gpu,1,persistent,27304.090914083645,6435,31117.207824019715,,exact fallback,15.0,12.5234375,12.5234375,12.5234375,12.5234375,1329.7347261104733,unknown,True,,True,,False,,15371.37353515625,True,uncalibrated_dynamic,True,0.0,0.0,full_gpu,0.0,,risk_evidence_insufficient,0.0,uncalibrated_dynamic,146.5561231598258,,,,hybrid-session-016-turn-3,12.5234375,0.0,12.5234375,0.0,0.0,/DATACENTER3/zhenxiang.wang/work/TailGuardKV/.worktrees/baseline-smoke-final-aggregation/out/full_25session_baseline_9_14/full/policy_attempts/full40_20260916_h2o_static_safe/seed20260906,True,point_prediction_rejected,hybrid-session-016,qa,147.3763391841203,3,risk_evidence_insufficient
full_gpu,13.0,0.1,False,True,online_qwen,True,1.0,/DATACENTER3/zhenxiang.wang/work/TailGuardKV/.worktrees/baseline-smoke-final-aggregation/out/full_25session_baseline_9_14/full/policy_attempts/full40_20260916_h2o_static_safe/seed20260906/config.yaml,,,,,0.1,True,,0.05,,12.5234375,True,full_gpu,True,,balanced_two_gpu,1,persistent,27304.090914083645,6435,31117.207824019715,,exact fallback,15.0,12.03125,12.03125,12.03125,12.03125,1561.95382704027,unknown,True,,True,,False,,15359.57275390625,True,uncalibrated_dynamic,True,0.0,0.0,full_gpu,0.0,,risk_evidence_insufficient,0.0,uncalibrated_dynamic,135.6341689825058,,,,hybrid-session-020-turn-3,12.03125,0.0,12.03125,0.0,0.0,/DATACENTER3/zhenxiang.wang/work/TailGuardKV/.worktrees/baseline-smoke-final-aggregation/out/full_25session_baseline_9_14/full/policy_attempts/full40_20260916_h2o_static_safe/seed20260906,True,point_prediction_rejected,hybrid-session-020,qa,136.45471609197557,3,risk_evidence_insufficient
full_gpu,13.0,0.1,False,True,online_qwen,True,1.0,/DATACENTER3/zhenxiang.wang/work/TailGuardKV/.worktrees/baseline-smoke-final-aggregation/out/full_25session_baseline_9_14/full/policy_attempts/full40_20260916_h2o_static_safe/seed20260906/config.yaml,,,,,0.1,True,,0.05,,12.03125,True,full_gpu,True,,balanced_two_gpu,1,persistent,27304.090914083645,6435,31117.207824019715,,exact fallback,15.0,13.1796875,13.1796875,13.1796875,13.1796875,1618.6625501140952,unknown,True,,True,,False,,15395.40087890625,True,uncalibrated_dynamic,True,0.0,0.0,full_gpu,0.0,,risk_evidence_insufficient,0.0,uncalibrated_dynamic,147.59307214990258,,,,hybrid-session-021-turn-3,13.1796875,0.0,13.1796875,0.0,0.0,/DATACENTER3/zhenxiang.wang/work/TailGuardKV/.worktrees/baseline-smoke-final-aggregation/out/full_25session_baseline_9_14/full/policy_attempts/full40_20260916_h2o_static_safe/seed20260906,True,point_prediction_rejected,hybrid-session-021,summary,148.32678809762,3,risk_evidence_insufficient
full_gpu,13.0,0.1,False,True,online_qwen,True,1.0,/DATACENTER3/zhenxiang.wang/work/TailGuardKV/.worktrees/baseline-smoke-final-aggregation/out/full_25session_baseline_9_14/full/policy_attempts/full40_20260916_h2o_static_safe/seed20260906/config.yaml,,,,,0.1,True,,0.05,,13.1796875,True,full_gpu,True,,balanced_two_gpu,1,persistent,27304.090914083645,6435,31117.207824019715,,exact fallback,15.0,12.5234375,12.5234375,12.5234375,12.5234375,1595.9421200677752,unknown,True,,True,,False,,15373.23291015625,True,uncalibrated_dynamic,True,0.0,0.0,full_gpu,0.0,,risk_evidence_insufficient,0.0,uncalibrated_dynamic,144.09618498757482,,,,hybrid-session-025-turn-3,12.5234375,0.0,12.5234375,0.0,0.0,/DATACENTER3/zhenxiang.wang/work/TailGuardKV/.worktrees/baseline-smoke-final-aggregation/out/full_25session_baseline_9_14/full/policy_attempts/full40_20260916_h2o_static_safe/seed20260906,True,point_prediction_rejected,hybrid-session-025,summary,144.98983090743423,3,risk_evidence_insufficient
full_gpu,13.0,0.1,False,True,online_qwen,True,1.0,/DATACENTER3/zhenxiang.wang/work/TailGuardKV/.worktrees/baseline-smoke-final-aggregation/out/full_25session_baseline_9_14/full/policy_attempts/full40_20260916_h2o_static_safe/seed20260906/config.yaml,,,,,0.1,True,,0.05,,12.5234375,True,full_gpu,True,,balanced_two_gpu,1,persistent,27304.090914083645,6435,31117.207824019715,,exact fallback,15.0,14.109375,14.109375,14.109375,14.109375,1597.6299680769444,unknown,True,,True,,False,,15419.22412109375,True,uncalibrated_dynamic,True,0.0,0.0,full_gpu,0.0,,risk_evidence_insufficient,0.0,uncalibrated_dynamic,153.70110096409917,,,,hybrid-session-026-turn-3,14.109375,0.0,14.109375,0.0,0.0,/DATACENTER3/zhenxiang.wang/work/TailGuardKV/.worktrees/baseline-smoke-final-aggregation/out/full_25session_baseline_9_14/full/policy_attempts/full40_20260916_h2o_static_safe/seed20260906,True,point_prediction_rejected,hybrid-session-026,qa,154.5682749710977,3,risk_evidence_insufficient
full_gpu,13.0,0.1,False,True,online_qwen,True,1.0,/DATACENTER3/zhenxiang.wang/work/TailGuardKV/.worktrees/baseline-smoke-final-aggregation/out/full_25session_baseline_9_14/full/policy_attempts/full40_20260916_h2o_static_safe/seed20260906/config.yaml,,,,,0.1,True,,0.05,,14.109375,True,full_gpu,True,,balanced_two_gpu,1,persistent,27304.090914083645,6435,31117.207824019715,,exact fallback,15.0,13.7265625,13.7265625,13.7265625,13.7265625,1623.5570718999952,unknown,True,,True,,False,,15410.27392578125,True,uncalibrated_dynamic,True,0.0,0.0,full_gpu,0.0,,risk_evidence_insufficient,0.0,uncalibrated_dynamic,148.97653018124402,,,,hybrid-session-002-turn-4,13.7265625,0.0,13.7265625,0.0,0.0,/DATACENTER3/zhenxiang.wang/work/TailGuardKV/.worktrees/baseline-smoke-final-aggregation/out/full_25session_baseline_9_14/full/policy_attempts/full40_20260916_h2o_static_safe/seed20260906,True,point_prediction_rejected,hybrid-session-002,qa,149.71058489754796,4,risk_evidence_insufficient
full_gpu,13.0,0.1,False,True,online_qwen,True,1.0,/DATACENTER3/zhenxiang.wang/work/TailGuardKV/.worktrees/baseline-smoke-final-aggregation/out/full_25session_baseline_9_14/full/policy_attempts/full40_20260916_h2o_static_safe/seed20260906/config.yaml,,,,,0.1,True,,0.05,,13.7265625,True,full_gpu,True,,balanced_two_gpu,1,persistent,27304.090914083645,6435,31117.207824019715,,exact fallback,15.0,13.125,13.125,13.125,13.125,1595.4593089409173,unknown,True,,True,,False,,15394.07666015625,True,uncalibrated_dynamic,True,0.0,0.0,full_gpu,0.0,,risk_evidence_insufficient,0.0,uncalibrated_dynamic,148.68289697915316,,,,hybrid-session-003-turn-4,13.125,0.0,13.125,0.0,0.0,/DATACENTER3/zhenxiang.wang/work/TailGuardKV/.worktrees/baseline-smoke-final-aggregation/out/full_25session_baseline_9_14/full/policy_attempts/full40_20260916_h2o_static_safe/seed20260906,True,point_prediction_rejected,hybrid-session-003,summary,149.51301994733512,4,risk_evidence_insufficient
full_gpu,13.0,0.1,False,True,online_qwen,True,1.0,/DATACENTER3/zhenxiang.wang/work/TailGuardKV/.worktrees/baseline-smoke-final-aggregation/out/full_25session_baseline_9_14/full/policy_attempts/full40_20260916_h2o_static_safe/seed20260906/config.yaml,,,,,0.1,True,,0.05,,13.125,True,full_gpu,True,,balanced_two_gpu,1,persistent,27304.090914083645,6435,31117.207824019715,,exact fallback,15.0,14.546875,14.546875,14.546875,14.546875,1613.5316949803382,unknown,True,,True,,False,,15432.66748046875,True,uncalibrated_dynamic,True,0.0,0.0,full_gpu,0.0,,risk_evidence_insufficient,0.0,uncalibrated_dynamic,154.3281499762088,,,,hybrid-session-004-turn-4,14.546875,0.0,14.546875,0.0,0.0,/DATACENTER3/zhenxiang.wang/work/TailGuardKV/.worktrees/baseline-smoke-final-aggregation/out/full_25session_baseline_9_14/full/policy_attempts/full40_20260916_h2o_static_safe/seed20260906,True,point_prediction_rejected,hybrid-session-004,qa,155.16012790612876,4,risk_evidence_insufficient
full_gpu,13.0,0.1,False,True,online_qwen,True,1.0,/DATACENTER3/zhenxiang.wang/work/TailGuardKV/.worktrees/baseline-smoke-final-aggregation/out/full_25session_baseline_9_14/full/policy_attempts/full40_20260916_h2o_static_safe/seed20260906/config.yaml,,,,,0.1,True,,0.05,,14.546875,True,full_gpu,True,,balanced_two_gpu,1,persistent,27304.090914083645,6435,31117.207824019715,,exact fallback,15.0,13.2890625,13.2890625,13.2890625,13.2890625,1438.3055830840021,unknown,True,,True,,False,,15397.9140625,True,uncalibrated_dynamic,True,0.0,0.0,full_gpu,0.0,,risk_evidence_insufficient,0.0,uncalibrated_dynamic,146.2028028909117,,,,hybrid-session-005-turn-4,13.2890625,0.0,13.2890625,0.0,0.0,/DATACENTER3/zhenxiang.wang/work/TailGuardKV/.worktrees/baseline-smoke-final-aggregation/out/full_25session_baseline_9_14/full/policy_attempts/full40_20260916_h2o_static_safe/seed20260906,True,point_prediction_rejected,hybrid-session-005,summary,147.02588715590537,4,risk_evidence_insufficient
full_gpu,13.0,0.1,False,True,online_qwen,True,1.0,/DATACENTER3/zhenxiang.wang/work/TailGuardKV/.worktrees/baseline-smoke-final-aggregation/out/full_25session_baseline_9_14/full/policy_attempts/full40_20260916_h2o_static_safe/seed20260906/config.yaml,,,,,0.1,True,,0.05,,29.9140625,True,full_gpu,True,,balanced_two_gpu,1,persistent,27304.090914083645,6435,31117.207824019715,,exact fallback,15.0,0.0,0.0,16.625,16.625,1668.8144931104034,unknown,True,,True,,False,,15490.1201171875,True,uncalibrated_dynamic,True,0.0,0.0,full_gpu,0.0,,risk_evidence_insufficient,0.0,uncalibrated_dynamic,200.76057105325162,,,,hybrid-session-006-turn-4,0.0,0.0,0.0,0.0,0.0,/DATACENTER3/zhenxiang.wang/work/TailGuardKV/.worktrees/baseline-smoke-final-aggregation/out/full_25session_baseline_9_14/full/policy_attempts/full40_20260916_h2o_static_safe/seed20260906,True,point_prediction_rejected,hybrid-session-006,qa,201.60271995700896,4,risk_evidence_insufficient
full_gpu,13.0,0.1,True,False,online_qwen,False,1.0,/DATACENTER3/zhenxiang.wang/work/TailGuardKV/.worktrees/baseline-smoke-final-aggregation/out/full_25session_baseline_9_14/full/policy_attempts/full40_20260916_h2o_static_safe/seed20260906/config.yaml,,,,,0.1,True,,0.05,,0,True,full_gpu,True,,balanced_two_gpu,1,persistent,27304.090914083645,6435,31117.207824019715,,exact fallback,15.0,12.796875,12.796875,12.796875,12.796875,1317.713479977101,unknown,True,0.0,True,,False,,15371.986328125,True,uncalibrated_dynamic,True,0.0,0.0,full_gpu,0.0,,risk_evidence_insufficient,0.0,uncalibrated_dynamic,147.4499029573053,,,,hybrid-session-009-turn-4,12.796875,0.0,12.796875,0.0,0.0,/DATACENTER3/zhenxiang.wang/work/TailGuardKV/.worktrees/baseline-smoke-final-aggregation/out/full_25session_baseline_9_14/full/policy_attempts/full40_20260916_h2o_static_safe/seed20260906,True,point_prediction_rejected,hybrid-session-009,summary,148.26996298506856,4,risk_evidence_insufficient
full_gpu,13.0,0.1,False,True,online_qwen,True,1.0,/DATACENTER3/zhenxiang.wang/work/TailGuardKV/.worktrees/baseline-smoke-final-aggregation/out/full_25session_baseline_9_14/full/policy_attempts/full40_20260916_h2o_static_safe/seed20260906/config.yaml,,,,,0.1,True,,0.05,,12.796875,True,full_gpu,True,,balanced_two_gpu,1,persistent,27304.090914083645,6435,31117.207824019715,,exact fallback,15.0,14.0546875,14.0546875,14.0546875,14.0546875,1611.7702058982104,unknown,True,,True,,False,,15417.99267578125,True,uncalibrated_dynamic,True,0.0,0.0,full_gpu,0.0,,risk_evidence_insufficient,0.0,uncalibrated_dynamic,145.21704986691475,,,,hybrid-session-010-turn-4,14.0546875,0.0,14.0546875,0.0,0.0,/DATACENTER3/zhenxiang.wang/work/TailGuardKV/.worktrees/baseline-smoke-final-aggregation/out/full_25session_baseline_9_14/full/policy_attempts/full40_20260916_h2o_static_safe/seed20260906,True,point_prediction_rejected,hybrid-session-010,qa,145.96971683204174,4,risk_evidence_insufficient
full_gpu,13.0,0.1,True,True,online_qwen,True,1.0,/DATACENTER3/zhenxiang.wang/work/TailGuardKV/.worktrees/baseline-smoke-final-aggregation/out/full_25session_baseline_9_14/full/policy_attempts/full40_20260916_h2o_static_safe/seed20260906/config.yaml,,,,,0.1,True,,0.05,,14.0546875,True,full_gpu,True,,balanced_two_gpu,1,persistent,27304.090914083645,6435,31117.207824019715,,exact fallback,15.0,13.234375,13.234375,13.234375,13.234375,1604.0648501366377,unknown,True,0.0,True,,False,,15397.47900390625,True,uncalibrated_dynamic,True,0.0,0.0,full_gpu,0.0,,risk_evidence_insufficient,0.0,uncalibrated_dynamic,150.321007007733,,,,hybrid-session-013-turn-4,13.234375,0.0,13.234375,0.0,0.0,/DATACENTER3/zhenxiang.wang/work/TailGuardKV/.worktrees/baseline-smoke-final-aggregation/out/full_25session_baseline_9_14/full/policy_attempts/full40_20260916_h2o_static_safe/seed20260906,True,point_prediction_rejected,hybrid-session-013,summary,151.14593412727118,4,risk_evidence_insufficient
full_gpu,13.0,0.1,False,True,online_qwen,True,1.0,/DATACENTER3/zhenxiang.wang/work/TailGuardKV/.worktrees/baseline-smoke-final-aggregation/out/full_25session_baseline_9_14/full/policy_attempts/full40_20260916_h2o_static_safe/seed20260906/config.yaml,,,,,0.1,True,,0.05,,13.234375,True,full_gpu,True,,balanced_two_gpu,1,persistent,27304.090914083645,6435,31117.207824019715,,exact fallback,15.0,14.6015625,14.6015625,14.6015625,14.6015625,1592.395625077188,unknown,True,,True,,False,,15433.71142578125,True,uncalibrated_dynamic,True,0.0,0.0,full_gpu,0.0,,risk_evidence_insufficient,0.0,uncalibrated_dynamic,152.4826348759234,,,,hybrid-session-016-turn-4,14.6015625,0.0,14.6015625,0.0,0.0,/DATACENTER3/zhenxiang.wang/work/TailGuardKV/.worktrees/baseline-smoke-final-aggregation/out/full_25session_baseline_9_14/full/policy_attempts/full40_20260916_h2o_static_safe/seed20260906,True,point_prediction_rejected,hybrid-session-016,qa,153.26938312500715,4,risk_evidence_insufficient
full_gpu,13.0,0.1,False,True,online_qwen,True,1.0,/DATACENTER3/zhenxiang.wang/work/TailGuardKV/.worktrees/baseline-smoke-final-aggregation/out/full_25session_baseline_9_14/full/policy_attempts/full40_20260916_h2o_static_safe/seed20260906/config.yaml,,,,,0.1,True,,0.05,,14.6015625,True,full_gpu,True,,balanced_two_gpu,1,persistent,27304.090914083645,6435,31117.207824019715,,exact fallback,15.0,13.9453125,13.9453125,13.9453125,13.9453125,1513.54767405428,unknown,True,,True,,False,,15418.740234375,True,uncalibrated_dynamic,True,0.0,0.0,full_gpu,0.0,,risk_evidence_insufficient,0.0,uncalibrated_dynamic,150.68730688653886,,,,hybrid-session-020-turn-4,13.9453125,0.0,13.9453125,0.0,0.0,/DATACENTER3/zhenxiang.wang/work/TailGuardKV/.worktrees/baseline-smoke-final-aggregation/out/full_25session_baseline_9_14/full/policy_attempts/full40_20260916_h2o_static_safe/seed20260906,True,point_prediction_rejected,hybrid-session-020,qa,151.4881879556924,4,risk_evidence_insufficient
full_gpu,13.0,0.1,False,True,online_qwen,True,1.0,/DATACENTER3/zhenxiang.wang/work/TailGuardKV/.worktrees/baseline-smoke-final-aggregation/out/full_25session_baseline_9_14/full/policy_attempts/full40_20260916_h2o_static_safe/seed20260906/config.yaml,,,,,0.1,True,,0.05,,29.0390625,True,full_gpu,True,,balanced_two_gpu,1,persistent,27304.090914083645,6435,31117.207824019715,,exact fallback,15.0,0.0,0.0,15.09375,15.09375,1628.4494549036026,unknown,True,,True,,False,,15449.2392578125,True,uncalibrated_dynamic,True,0.0,0.0,full_gpu,0.0,,risk_evidence_insufficient,0.0,uncalibrated_dynamic,184.650219976902,,,,hybrid-session-021-turn-4,0.0,0.0,0.0,0.0,0.0,/DATACENTER3/zhenxiang.wang/work/TailGuardKV/.worktrees/baseline-smoke-final-aggregation/out/full_25session_baseline_9_14/full/policy_attempts/full40_20260916_h2o_static_safe/seed20260906,True,point_prediction_rejected,hybrid-session-021,summary,185.76073087751865,4,risk_evidence_insufficient
full_gpu,13.0,0.1,False,False,online_qwen,False,1.0,/DATACENTER3/zhenxiang.wang/work/TailGuardKV/.worktrees/baseline-smoke-final-aggregation/out/full_25session_baseline_9_14/full/policy_attempts/full40_20260916_h2o_static_safe/seed20260906/config.yaml,,,,,0.1,True,,0.05,,0,True,full_gpu,True,,balanced_two_gpu,1,persistent,27304.090914083645,6435,31117.207824019715,,exact fallback,15.0,14.8203125,14.8203125,14.8203125,14.8203125,1497.8582470212132,unknown,True,,True,,False,,15426.26904296875,True,uncalibrated_dynamic,True,0.0,0.0,full_gpu,0.0,,risk_evidence_insufficient,0.0,uncalibrated_dynamic,154.1415830142796,,,,hybrid-session-025-turn-4,14.8203125,0.0,14.8203125,0.0,0.0,/DATACENTER3/zhenxiang.wang/work/TailGuardKV/.worktrees/baseline-smoke-final-aggregation/out/full_25session_baseline_9_14/full/policy_attempts/full40_20260916_h2o_static_safe/seed20260906,True,point_prediction_rejected,hybrid-session-025,summary,154.9959450494498,4,risk_evidence_insufficient
full_gpu,13.0,0.1,False,True,online_qwen,True,1.0,/DATACENTER3/zhenxiang.wang/work/TailGuardKV/.worktrees/baseline-smoke-final-aggregation/out/full_25session_baseline_9_14/full/policy_attempts/full40_20260916_h2o_static_safe/seed20260906/config.yaml,,,,,0.1,True,,0.05,,30.84375,True,full_gpu,True,,balanced_two_gpu,1,persistent,27304.090914083645,6435,31117.207824019715,,exact fallback,15.0,0.0,0.0,16.0234375,16.0234375,1637.560037896037,unknown,True,,True,,False,,15475.6787109375,True,uncalibrated_dynamic,True,0.0,0.0,full_gpu,0.0,,risk_evidence_insufficient,0.0,uncalibrated_dynamic,194.84044681303203,,,,hybrid-session-026-turn-4,0.0,0.0,0.0,0.0,0.0,/DATACENTER3/zhenxiang.wang/work/TailGuardKV/.worktrees/baseline-smoke-final-aggregation/out/full_25session_baseline_9_14/full/policy_attempts/full40_20260916_h2o_static_safe/seed20260906,True,point_prediction_rejected,hybrid-session-026,qa,195.695532951504,4,risk_evidence_insufficient
