action_profile,active_session_count,audit_rate,audit_selected,backend_budget_hit,backend_name,budget_hit,candidate_safe_count,config,controller_cg_ms,controller_overhead_ms,controller_qrp_ms,controller_stc_ms,delta,diagnostic_only,drift_state,epsilon,error,evicted_kv_mib,exact,extra_warm_profile,extra_warm_profile_success,extra_worker_cuda_visible_devices,extra_worker_device_strategy,extra_worker_generation,extra_worker_mode,extra_worker_model_load_ms,extra_worker_pid,extra_worker_startup_ms,extra_worker_state_lost,fallback_reason,global_budget_mib,global_resident_kv_mib,kv_cache_memory_mib,kv_cumulative_mib,kv_incremental_mib,latency_ms,length_bucket,measured,observed_quality_loss,ok,optimality_gap,oracle,oracle_cost_ms,peak_memory_mib,placeholder,policy,policy_budget_filtered,pred_loss,predicted_quality_loss,primary_profile,quality_estimate,quality_loss,quality_status,queue_delay_ms,reason,recompute_ms,rejected_pred_loss,rejected_profile,rejected_risk_upper,request_id,resident_kv_mib_after,resident_kv_mib_before,resident_memory_mib,restore_ms,risk_upper,run_dir,safe,safety_reason,session_id,task,ttft_ms,turn_index,violation_status
full_gpu,1.0,0.1,False,False,online_qwen,False,,/DATACENTER3/zhenxiang.wang/work/TailGuardKV/.worktrees/baseline-smoke-final-aggregation/out/full_25session_baseline_9_14/full/policy_attempts/full40_20260916_h2o_static_safe/seed20260906/config.yaml,,,,,,True,,,,0,True,full_gpu,True,,balanced_two_gpu,1,persistent,26075.2698618453,10042,28130.363082978874,,,20.0,2.078125,2.078125,2.078125,2.078125,5105.430108960718,unknown,True,,True,,False,,15070.54150390625,False,full_lru,False,,,full_gpu,,,risk_evidence_insufficient,0.0,full precision exact profile,0.0,,,,hybrid-session-002-turn-0,2.078125,0.0,2.078125,0.0,,/DATACENTER3/zhenxiang.wang/work/TailGuardKV/.worktrees/baseline-smoke-final-aggregation/out/full_25session_baseline_9_14/full/policy_attempts/full40_20260916_h2o_static_safe/seed20260906,,,hybrid-session-002,chat,3998.564203036949,0,risk_evidence_insufficient
full_gpu,2.0,0.1,False,False,online_qwen,False,,/DATACENTER3/zhenxiang.wang/work/TailGuardKV/.worktrees/baseline-smoke-final-aggregation/out/full_25session_baseline_9_14/full/policy_attempts/full40_20260916_h2o_static_safe/seed20260906/config.yaml,,,,,,True,,,,0,True,full_gpu,True,,balanced_two_gpu,1,persistent,26075.2698618453,10042,28130.363082978874,,,20.0,3.5546875,1.4765625,1.4765625,1.4765625,1520.0093179009855,unknown,True,,True,,False,,15055.19384765625,False,full_lru,False,,,full_gpu,,,risk_evidence_insufficient,0.0,full precision exact profile,0.0,,,,hybrid-session-003-turn-0,1.4765625,0.0,1.4765625,0.0,,/DATACENTER3/zhenxiang.wang/work/TailGuardKV/.worktrees/baseline-smoke-final-aggregation/out/full_25session_baseline_9_14/full/policy_attempts/full40_20260916_h2o_static_safe/seed20260906,,,hybrid-session-003,chat,88.3517418988049,0,risk_evidence_insufficient
full_gpu,3.0,0.1,False,False,online_qwen,False,,/DATACENTER3/zhenxiang.wang/work/TailGuardKV/.worktrees/baseline-smoke-final-aggregation/out/full_25session_baseline_9_14/full/policy_attempts/full40_20260916_h2o_static_safe/seed20260906/config.yaml,,,,,,True,,,,0,True,full_gpu,True,,balanced_two_gpu,1,persistent,26075.2698618453,10042,28130.363082978874,,,20.0,5.3046875,1.75,1.75,1.75,1466.7456957977265,unknown,True,,True,,False,,15063.70947265625,False,full_lru,False,,,full_gpu,,,risk_evidence_insufficient,0.0,full precision exact profile,0.0,,,,hybrid-session-004-turn-0,1.75,0.0,1.75,0.0,,/DATACENTER3/zhenxiang.wang/work/TailGuardKV/.worktrees/baseline-smoke-final-aggregation/out/full_25session_baseline_9_14/full/policy_attempts/full40_20260916_h2o_static_safe/seed20260906,,,hybrid-session-004,chat,120.40550191886723,0,risk_evidence_insufficient
full_gpu,4.0,0.1,False,False,online_qwen,False,,/DATACENTER3/zhenxiang.wang/work/TailGuardKV/.worktrees/baseline-smoke-final-aggregation/out/full_25session_baseline_9_14/full/policy_attempts/full40_20260916_h2o_static_safe/seed20260906/config.yaml,,,,,,True,,,,0,True,full_gpu,True,,balanced_two_gpu,1,persistent,26075.2698618453,10042,28130.363082978874,,,20.0,7.21875,1.9140625,1.9140625,1.9140625,1547.9597880039364,unknown,True,,True,,False,,15070.26806640625,False,full_lru,False,,,full_gpu,,,risk_evidence_insufficient,0.0,full precision exact profile,0.0,,,,hybrid-session-005-turn-0,1.9140625,0.0,1.9140625,0.0,,/DATACENTER3/zhenxiang.wang/work/TailGuardKV/.worktrees/baseline-smoke-final-aggregation/out/full_25session_baseline_9_14/full/policy_attempts/full40_20260916_h2o_static_safe/seed20260906,,,hybrid-session-005,chat,112.84984601661563,0,risk_evidence_insufficient
full_gpu,5.0,0.1,False,False,online_qwen,False,,/DATACENTER3/zhenxiang.wang/work/TailGuardKV/.worktrees/baseline-smoke-final-aggregation/out/full_25session_baseline_9_14/full/policy_attempts/full40_20260916_h2o_static_safe/seed20260906/config.yaml,,,,,,True,,,,0,True,full_gpu,True,,balanced_two_gpu,1,persistent,26075.2698618453,10042,28130.363082978874,,,20.0,9.84375,2.625,2.625,2.625,1515.7416888978332,unknown,True,,True,,False,,15093.27587890625,False,full_lru,False,,,full_gpu,,,risk_evidence_insufficient,0.0,full precision exact profile,0.0,,,,hybrid-session-006-turn-0,2.625,0.0,2.625,0.0,,/DATACENTER3/zhenxiang.wang/work/TailGuardKV/.worktrees/baseline-smoke-final-aggregation/out/full_25session_baseline_9_14/full/policy_attempts/full40_20260916_h2o_static_safe/seed20260906,,,hybrid-session-006,chat,105.89613090269268,0,risk_evidence_insufficient
full_gpu,6.0,0.1,False,False,online_qwen,False,,/DATACENTER3/zhenxiang.wang/work/TailGuardKV/.worktrees/baseline-smoke-final-aggregation/out/full_25session_baseline_9_14/full/policy_attempts/full40_20260916_h2o_static_safe/seed20260906/config.yaml,,,,,,True,,,,0,True,full_gpu,True,,balanced_two_gpu,1,persistent,26075.2698618453,10042,28130.363082978874,,,20.0,11.5390625,1.6953125,1.6953125,1.6953125,1158.396549988538,unknown,True,,True,,False,,15068.48681640625,False,full_lru,False,,,full_gpu,,,risk_evidence_insufficient,0.0,full precision exact profile,0.0,,,,hybrid-session-009-turn-0,1.6953125,0.0,1.6953125,0.0,,/DATACENTER3/zhenxiang.wang/work/TailGuardKV/.worktrees/baseline-smoke-final-aggregation/out/full_25session_baseline_9_14/full/policy_attempts/full40_20260916_h2o_static_safe/seed20260906,,,hybrid-session-009,chat,78.4955678973347,0,risk_evidence_insufficient
full_gpu,7.0,0.1,False,False,online_qwen,False,,/DATACENTER3/zhenxiang.wang/work/TailGuardKV/.worktrees/baseline-smoke-final-aggregation/out/full_25session_baseline_9_14/full/policy_attempts/full40_20260916_h2o_static_safe/seed20260906/config.yaml,,,,,,True,,,,0,True,full_gpu,True,,balanced_two_gpu,1,persistent,26075.2698618453,10042,28130.363082978874,,,20.0,13.0703125,1.53125,1.53125,1.53125,1521.3851800654083,unknown,True,,True,,False,,15065.87646484375,False,full_lru,False,,,full_gpu,,,risk_evidence_insufficient,0.0,full precision exact profile,0.0,,,,hybrid-session-010-turn-0,1.53125,0.0,1.53125,0.0,,/DATACENTER3/zhenxiang.wang/work/TailGuardKV/.worktrees/baseline-smoke-final-aggregation/out/full_25session_baseline_9_14/full/policy_attempts/full40_20260916_h2o_static_safe/seed20260906,,,hybrid-session-010,chat,106.67723300866783,0,risk_evidence_insufficient
full_gpu,8.0,0.1,False,False,online_qwen,False,,/DATACENTER3/zhenxiang.wang/work/TailGuardKV/.worktrees/baseline-smoke-final-aggregation/out/full_25session_baseline_9_14/full/policy_attempts/full40_20260916_h2o_static_safe/seed20260906/config.yaml,,,,,,True,,,,0,True,full_gpu,True,,balanced_two_gpu,1,persistent,26075.2698618453,10042,28130.363082978874,,,20.0,14.875,1.8046875,1.8046875,1.8046875,1523.20316596888,unknown,True,,True,,False,,15074.73681640625,False,full_lru,False,,,full_gpu,,,risk_evidence_insufficient,0.0,full precision exact profile,0.0,,,,hybrid-session-013-turn-0,1.8046875,0.0,1.8046875,0.0,,/DATACENTER3/zhenxiang.wang/work/TailGuardKV/.worktrees/baseline-smoke-final-aggregation/out/full_25session_baseline_9_14/full/policy_attempts/full40_20260916_h2o_static_safe/seed20260906,,,hybrid-session-013,chat,104.09841686487198,0,risk_evidence_insufficient
full_gpu,9.0,0.1,False,False,online_qwen,False,,/DATACENTER3/zhenxiang.wang/work/TailGuardKV/.worktrees/baseline-smoke-final-aggregation/out/full_25session_baseline_9_14/full/policy_attempts/full40_20260916_h2o_static_safe/seed20260906/config.yaml,,,,,,True,,,,0,True,full_gpu,True,,balanced_two_gpu,1,persistent,26075.2698618453,10042,28130.363082978874,,,20.0,17.5,2.625,2.625,2.625,1529.8570760060102,unknown,True,,True,,False,,15100.93212890625,False,full_lru,False,,,full_gpu,,,risk_evidence_insufficient,0.0,full precision exact profile,0.0,,,,hybrid-session-016-turn-0,2.625,0.0,2.625,0.0,,/DATACENTER3/zhenxiang.wang/work/TailGuardKV/.worktrees/baseline-smoke-final-aggregation/out/full_25session_baseline_9_14/full/policy_attempts/full40_20260916_h2o_static_safe/seed20260906,,,hybrid-session-016,chat,105.69830588065088,0,risk_evidence_insufficient
full_gpu,10.0,0.1,False,False,online_qwen,False,,/DATACENTER3/zhenxiang.wang/work/TailGuardKV/.worktrees/baseline-smoke-final-aggregation/out/full_25session_baseline_9_14/full/policy_attempts/full40_20260916_h2o_static_safe/seed20260906/config.yaml,,,,,,True,,,,0,True,full_gpu,True,,balanced_two_gpu,1,persistent,26075.2698618453,10042,28130.363082978874,,,20.0,19.90625,2.40625,2.40625,2.40625,1471.0476552136242,unknown,True,,True,,False,,15095.79541015625,False,full_lru,False,,,full_gpu,,,risk_evidence_insufficient,0.0,full precision exact profile,0.0,,,,hybrid-session-020-turn-0,2.40625,0.0,2.40625,0.0,,/DATACENTER3/zhenxiang.wang/work/TailGuardKV/.worktrees/baseline-smoke-final-aggregation/out/full_25session_baseline_9_14/full/policy_attempts/full40_20260916_h2o_static_safe/seed20260906,,,hybrid-session-020,chat,104.28553307428956,0,risk_evidence_insufficient
full_gpu,11.0,0.1,False,True,online_qwen,True,,/DATACENTER3/zhenxiang.wang/work/TailGuardKV/.worktrees/baseline-smoke-final-aggregation/out/full_25session_baseline_9_14/full/policy_attempts/full40_20260916_h2o_static_safe/seed20260906/config.yaml,,,,,,True,,,,3.5546875,True,full_gpu,True,,balanced_two_gpu,1,persistent,26075.2698618453,10042,28130.363082978874,,,20.0,18.6484375,2.296875,2.296875,2.296875,1373.8140719942749,unknown,True,,True,,False,,15095.17822265625,False,full_lru,False,,,full_gpu,,,risk_evidence_insufficient,0.0,full precision exact profile,0.0,,,,hybrid-session-021-turn-0,2.296875,0.0,2.296875,0.0,,/DATACENTER3/zhenxiang.wang/work/TailGuardKV/.worktrees/baseline-smoke-final-aggregation/out/full_25session_baseline_9_14/full/policy_attempts/full40_20260916_h2o_static_safe/seed20260906,,,hybrid-session-021,chat,107.40895895287395,0,risk_evidence_insufficient
full_gpu,12.0,0.1,False,True,online_qwen,True,,/DATACENTER3/zhenxiang.wang/work/TailGuardKV/.worktrees/baseline-smoke-final-aggregation/out/full_25session_baseline_9_14/full/policy_attempts/full40_20260916_h2o_static_safe/seed20260906/config.yaml,,,,,,True,,,,1.75,True,full_gpu,True,,balanced_two_gpu,1,persistent,26075.2698618453,10042,28130.363082978874,,,20.0,18.8671875,1.96875,1.96875,1.96875,1535.1516718510538,unknown,True,,True,,False,,15084.85009765625,False,full_lru,False,,,full_gpu,,,risk_evidence_insufficient,0.0,full precision exact profile,0.0,,,,hybrid-session-025-turn-0,1.96875,0.0,1.96875,0.0,,/DATACENTER3/zhenxiang.wang/work/TailGuardKV/.worktrees/baseline-smoke-final-aggregation/out/full_25session_baseline_9_14/full/policy_attempts/full40_20260916_h2o_static_safe/seed20260906,,,hybrid-session-025,chat,99.34636484831572,0,risk_evidence_insufficient
full_gpu,13.0,0.1,False,True,online_qwen,True,,/DATACENTER3/zhenxiang.wang/work/TailGuardKV/.worktrees/baseline-smoke-final-aggregation/out/full_25session_baseline_9_14/full/policy_attempts/full40_20260916_h2o_static_safe/seed20260906/config.yaml,,,,,,True,,,,1.9140625,True,full_gpu,True,,balanced_two_gpu,1,persistent,26075.2698618453,10042,28130.363082978874,,,20.0,19.140625,2.1875,2.1875,2.1875,1526.7396019771695,unknown,True,,True,,False,,15091.11572265625,False,full_lru,False,,,full_gpu,,,risk_evidence_insufficient,0.0,full precision exact profile,0.0,,,,hybrid-session-026-turn-0,2.1875,0.0,2.1875,0.0,,/DATACENTER3/zhenxiang.wang/work/TailGuardKV/.worktrees/baseline-smoke-final-aggregation/out/full_25session_baseline_9_14/full/policy_attempts/full40_20260916_h2o_static_safe/seed20260906,,,hybrid-session-026,chat,105.78353307209909,0,risk_evidence_insufficient
full_gpu,13.0,0.1,False,True,online_qwen,True,,/DATACENTER3/zhenxiang.wang/work/TailGuardKV/.worktrees/baseline-smoke-final-aggregation/out/full_25session_baseline_9_14/full/policy_attempts/full40_20260916_h2o_static_safe/seed20260906/config.yaml,,,,,,True,,,,2.625,True,full_gpu,True,,balanced_two_gpu,1,persistent,26075.2698618453,10042,28130.363082978874,,,20.0,19.9609375,3.4453125,3.4453125,3.4453125,1541.1618000362068,unknown,True,,True,,False,,15126.54931640625,False,full_lru,False,,,full_gpu,,,risk_evidence_insufficient,0.0,full precision exact profile,101.93858109414577,,,,hybrid-session-002-turn-1,3.4453125,0.0,3.4453125,0.0,,/DATACENTER3/zhenxiang.wang/work/TailGuardKV/.worktrees/baseline-smoke-final-aggregation/out/full_25session_baseline_9_14/full/policy_attempts/full40_20260916_h2o_static_safe/seed20260906,,,hybrid-session-002,chat,102.72560687735677,1,risk_evidence_insufficient
full_gpu,13.0,0.1,True,True,online_qwen,True,,/DATACENTER3/zhenxiang.wang/work/TailGuardKV/.worktrees/baseline-smoke-final-aggregation/out/full_25session_baseline_9_14/full/policy_attempts/full40_20260916_h2o_static_safe/seed20260906/config.yaml,,,,,,True,,,,3.2265625,True,full_gpu,True,,balanced_two_gpu,1,persistent,26075.2698618453,10042,28130.363082978874,,,20.0,19.359375,2.625,2.625,2.625,1522.2953879274428,unknown,True,0.0,True,,False,,15106.01806640625,False,full_lru,False,,,full_gpu,,,risk_evidence_insufficient,0.0,full precision exact profile,99.79696804657578,,,,hybrid-session-003-turn-1,2.625,0.0,2.625,0.0,,/DATACENTER3/zhenxiang.wang/work/TailGuardKV/.worktrees/baseline-smoke-final-aggregation/out/full_25session_baseline_9_14/full/policy_attempts/full40_20260916_h2o_static_safe/seed20260906,,,hybrid-session-003,chat,100.55839596316218,1,risk_evidence_insufficient
full_gpu,13.0,0.1,False,True,online_qwen,True,,/DATACENTER3/zhenxiang.wang/work/TailGuardKV/.worktrees/baseline-smoke-final-aggregation/out/full_25session_baseline_9_14/full/policy_attempts/full40_20260916_h2o_static_safe/seed20260906/config.yaml,,,,,,True,,,,4.4296875,True,full_gpu,True,,balanced_two_gpu,1,persistent,26075.2698618453,10042,28130.363082978874,,,20.0,19.9609375,5.03125,5.03125,5.03125,1185.2217968553305,unknown,True,,True,,False,,15170.3037109375,False,full_lru,False,,,full_gpu,,,risk_evidence_insufficient,0.0,full precision exact profile,92.63518103398383,,,,hybrid-session-004-turn-1,5.03125,0.0,5.03125,0.0,,/DATACENTER3/zhenxiang.wang/work/TailGuardKV/.worktrees/baseline-smoke-final-aggregation/out/full_25session_baseline_9_14/full/policy_attempts/full40_20260916_h2o_static_safe/seed20260906,,,hybrid-session-004,chat,93.44829199835658,1,risk_evidence_insufficient
full_gpu,13.0,0.1,False,True,online_qwen,True,,/DATACENTER3/zhenxiang.wang/work/TailGuardKV/.worktrees/baseline-smoke-final-aggregation/out/full_25session_baseline_9_14/full/policy_attempts/full40_20260916_h2o_static_safe/seed20260906/config.yaml,,,,,,True,,,,4.703125,True,full_gpu,True,,balanced_two_gpu,1,persistent,26075.2698618453,10042,28130.363082978874,,,20.0,19.1953125,3.9375,3.9375,3.9375,1509.2423330061138,unknown,True,,True,,False,,15142.45556640625,False,full_lru,False,,,full_gpu,,,risk_evidence_insufficient,0.0,full precision exact profile,108.75523509457707,,,,hybrid-session-005-turn-1,3.9375,0.0,3.9375,0.0,,/DATACENTER3/zhenxiang.wang/work/TailGuardKV/.worktrees/baseline-smoke-final-aggregation/out/full_25session_baseline_9_14/full/policy_attempts/full40_20260916_h2o_static_safe/seed20260906,,,hybrid-session-005,chat,109.54420082271099,1,risk_evidence_insufficient
full_gpu,13.0,0.1,False,True,online_qwen,True,,/DATACENTER3/zhenxiang.wang/work/TailGuardKV/.worktrees/baseline-smoke-final-aggregation/out/full_25session_baseline_9_14/full/policy_attempts/full40_20260916_h2o_static_safe/seed20260906/config.yaml,,,,,,True,,,,7.6015625,True,full_gpu,True,,balanced_two_gpu,1,persistent,26075.2698618453,10042,28130.363082978874,,,20.0,16.8984375,5.3046875,5.3046875,5.3046875,1541.5163920260966,unknown,True,,True,,False,,15178.8515625,False,full_lru,False,,,full_gpu,,,risk_evidence_insufficient,0.0,full precision exact profile,113.53345192037523,,,,hybrid-session-006-turn-1,5.3046875,0.0,5.3046875,0.0,,/DATACENTER3/zhenxiang.wang/work/TailGuardKV/.worktrees/baseline-smoke-final-aggregation/out/full_25session_baseline_9_14/full/policy_attempts/full40_20260916_h2o_static_safe/seed20260906,,,hybrid-session-006,chat,114.30013901554048,1,risk_evidence_insufficient
full_gpu,13.0,0.1,False,True,online_qwen,True,,/DATACENTER3/zhenxiang.wang/work/TailGuardKV/.worktrees/baseline-smoke-final-aggregation/out/full_25session_baseline_9_14/full/policy_attempts/full40_20260916_h2o_static_safe/seed20260906/config.yaml,,,,,,True,,,,2.625,True,full_gpu,True,,balanced_two_gpu,1,persistent,26075.2698618453,10042,28130.363082978874,,,20.0,17.390625,3.1171875,3.1171875,3.1171875,1528.2373770605773,unknown,True,,True,,False,,15114.84619140625,False,full_lru,False,,,full_gpu,,,risk_evidence_insufficient,0.0,full precision exact profile,105.97987496294081,,,,hybrid-session-009-turn-1,3.1171875,0.0,3.1171875,0.0,,/DATACENTER3/zhenxiang.wang/work/TailGuardKV/.worktrees/baseline-smoke-final-aggregation/out/full_25session_baseline_9_14/full/policy_attempts/full40_20260916_h2o_static_safe/seed20260906,,,hybrid-session-009,chat,106.8342609796673,1,risk_evidence_insufficient
full_gpu,13.0,0.1,False,True,online_qwen,True,,/DATACENTER3/zhenxiang.wang/work/TailGuardKV/.worktrees/baseline-smoke-final-aggregation/out/full_25session_baseline_9_14/full/policy_attempts/full40_20260916_h2o_static_safe/seed20260906/config.yaml,,,,,,True,,,,5.03125,True,full_gpu,True,,balanced_two_gpu,1,persistent,26075.2698618453,10042,28130.363082978874,,,20.0,15.2578125,2.8984375,2.8984375,2.8984375,1531.963659916073,unknown,True,,True,,False,,15110.14501953125,False,full_lru,False,,,full_gpu,,,risk_evidence_insufficient,0.0,full precision exact profile,104.94479886256158,,,,hybrid-session-010-turn-1,2.8984375,0.0,2.8984375,0.0,,/DATACENTER3/zhenxiang.wang/work/TailGuardKV/.worktrees/baseline-smoke-final-aggregation/out/full_25session_baseline_9_14/full/policy_attempts/full40_20260916_h2o_static_safe/seed20260906,,,hybrid-session-010,chat,105.73444911278784,1,risk_evidence_insufficient
full_gpu,13.0,0.1,False,False,online_qwen,False,,/DATACENTER3/zhenxiang.wang/work/TailGuardKV/.worktrees/baseline-smoke-final-aggregation/out/full_25session_baseline_9_14/full/policy_attempts/full40_20260916_h2o_static_safe/seed20260906/config.yaml,,,,,,True,,,,0,True,full_gpu,True,,balanced_two_gpu,1,persistent,26075.2698618453,10042,28130.363082978874,,,20.0,18.375,3.1171875,3.1171875,3.1171875,1489.0021099708974,unknown,True,,True,,False,,15113.20556640625,False,full_lru,False,,,full_gpu,,,risk_evidence_insufficient,0.0,full precision exact profile,109.782624989748,,,,hybrid-session-013-turn-1,3.1171875,0.0,3.1171875,0.0,,/DATACENTER3/zhenxiang.wang/work/TailGuardKV/.worktrees/baseline-smoke-final-aggregation/out/full_25session_baseline_9_14/full/policy_attempts/full40_20260916_h2o_static_safe/seed20260906,,,hybrid-session-013,chat,110.5609149672091,1,risk_evidence_insufficient
full_gpu,13.0,0.1,False,True,online_qwen,True,,/DATACENTER3/zhenxiang.wang/work/TailGuardKV/.worktrees/baseline-smoke-final-aggregation/out/full_25session_baseline_9_14/full/policy_attempts/full40_20260916_h2o_static_safe/seed20260906/config.yaml,,,,,,True,,,,3.9375,True,full_gpu,True,,balanced_two_gpu,1,persistent,26075.2698618453,10042,28130.363082978874,,,20.0,18.5390625,4.1015625,4.1015625,4.1015625,1398.9563540089875,unknown,True,,True,,False,,15143.53369140625,False,full_lru,False,,,full_gpu,,,risk_evidence_insufficient,0.0,full precision exact profile,109.23824389465153,,,,hybrid-session-016-turn-1,4.1015625,0.0,4.1015625,0.0,,/DATACENTER3/zhenxiang.wang/work/TailGuardKV/.worktrees/baseline-smoke-final-aggregation/out/full_25session_baseline_9_14/full/policy_attempts/full40_20260916_h2o_static_safe/seed20260906,,,hybrid-session-016,chat,110.05973909050226,1,risk_evidence_insufficient
full_gpu,13.0,0.1,False,True,online_qwen,True,,/DATACENTER3/zhenxiang.wang/work/TailGuardKV/.worktrees/baseline-smoke-final-aggregation/out/full_25session_baseline_9_14/full/policy_attempts/full40_20260916_h2o_static_safe/seed20260906/config.yaml,,,,,,True,,,,5.3046875,True,full_gpu,True,,balanced_two_gpu,1,persistent,26075.2698618453,10042,28130.363082978874,,,20.0,17.1171875,3.8828125,3.8828125,3.8828125,1531.9815720431507,unknown,True,,True,,False,,15137.65087890625,False,full_lru,False,,,full_gpu,,,risk_evidence_insufficient,0.0,full precision exact profile,88.72087090276182,,,,hybrid-session-020-turn-1,3.8828125,0.0,3.8828125,0.0,,/DATACENTER3/zhenxiang.wang/work/TailGuardKV/.worktrees/baseline-smoke-final-aggregation/out/full_25session_baseline_9_14/full/policy_attempts/full40_20260916_h2o_static_safe/seed20260906,,,hybrid-session-020,chat,89.52832291834056,1,risk_evidence_insufficient
full_gpu,13.0,0.1,False,True,online_qwen,True,,/DATACENTER3/zhenxiang.wang/work/TailGuardKV/.worktrees/baseline-smoke-final-aggregation/out/full_25session_baseline_9_14/full/policy_attempts/full40_20260916_h2o_static_safe/seed20260906/config.yaml,,,,,,True,,,,3.1171875,True,full_gpu,True,,balanced_two_gpu,1,persistent,26075.2698618453,10042,28130.363082978874,,,20.0,18.59375,4.59375,4.59375,4.59375,1543.7442981638014,unknown,True,,True,,False,,15155.88330078125,False,full_lru,False,,,full_gpu,,,risk_evidence_insufficient,0.0,full precision exact profile,111.43939406611025,,,,hybrid-session-021-turn-1,4.59375,0.0,4.59375,0.0,,/DATACENTER3/zhenxiang.wang/work/TailGuardKV/.worktrees/baseline-smoke-final-aggregation/out/full_25session_baseline_9_14/full/policy_attempts/full40_20260916_h2o_static_safe/seed20260906,,,hybrid-session-021,chat,112.22543311305344,1,risk_evidence_insufficient
full_gpu,13.0,0.1,False,True,online_qwen,True,,/DATACENTER3/zhenxiang.wang/work/TailGuardKV/.worktrees/baseline-smoke-final-aggregation/out/full_25session_baseline_9_14/full/policy_attempts/full40_20260916_h2o_static_safe/seed20260906/config.yaml,,,,,,True,,,,2.8984375,True,full_gpu,True,,balanced_two_gpu,1,persistent,26075.2698618453,10042,28130.363082978874,,,20.0,19.03125,3.3359375,3.3359375,3.3359375,1535.626595839858,unknown,True,,True,,False,,15123.24658203125,False,full_lru,False,,,full_gpu,,,risk_evidence_insufficient,0.0,full precision exact profile,106.98923910968006,,,,hybrid-session-025-turn-1,3.3359375,0.0,3.3359375,0.0,,/DATACENTER3/zhenxiang.wang/work/TailGuardKV/.worktrees/baseline-smoke-final-aggregation/out/full_25session_baseline_9_14/full/policy_attempts/full40_20260916_h2o_static_safe/seed20260906,,,hybrid-session-025,chat,107.77035192586482,1,risk_evidence_insufficient
full_gpu,13.0,0.1,False,True,online_qwen,True,,/DATACENTER3/zhenxiang.wang/work/TailGuardKV/.worktrees/baseline-smoke-final-aggregation/out/full_25session_baseline_9_14/full/policy_attempts/full40_20260916_h2o_static_safe/seed20260906/config.yaml,,,,,,True,,,,7.21875,True,full_gpu,True,,balanced_two_gpu,1,persistent,26075.2698618453,10042,28130.363082978874,,,20.0,16.515625,4.703125,4.703125,4.703125,1563.188771950081,unknown,True,,True,,False,,15162.45166015625,False,full_lru,False,,,full_gpu,,,risk_evidence_insufficient,0.0,full precision exact profile,121.61835888400674,,,,hybrid-session-026-turn-1,4.703125,0.0,4.703125,0.0,,/DATACENTER3/zhenxiang.wang/work/TailGuardKV/.worktrees/baseline-smoke-final-aggregation/out/full_25session_baseline_9_14/full/policy_attempts/full40_20260916_h2o_static_safe/seed20260906,,,hybrid-session-026,chat,122.44662502780557,1,risk_evidence_insufficient
full_gpu,13.0,0.1,True,True,online_qwen,True,,/DATACENTER3/zhenxiang.wang/work/TailGuardKV/.worktrees/baseline-smoke-final-aggregation/out/full_25session_baseline_9_14/full/policy_attempts/full40_20260916_h2o_static_safe/seed20260906/config.yaml,,,,,,True,,,,8.4765625,True,full_gpu,True,,balanced_two_gpu,1,persistent,26075.2698618453,10042,28130.363082978874,,,20.0,17.8828125,9.84375,9.84375,9.84375,1566.5159081108868,unknown,True,0.0,True,,False,,15303.53515625,False,full_lru,False,,,full_gpu,,,risk_evidence_insufficient,0.0,full precision exact profile,128.79379093647003,,,,hybrid-session-002-turn-2,9.84375,0.0,9.84375,0.0,,/DATACENTER3/zhenxiang.wang/work/TailGuardKV/.worktrees/baseline-smoke-final-aggregation/out/full_25session_baseline_9_14/full/policy_attempts/full40_20260916_h2o_static_safe/seed20260906,,,hybrid-session-002,qa,129.69312095083296,2,risk_evidence_insufficient
full_gpu,13.0,0.1,False,True,online_qwen,True,,/DATACENTER3/zhenxiang.wang/work/TailGuardKV/.worktrees/baseline-smoke-final-aggregation/out/full_25session_baseline_9_14/full/policy_attempts/full40_20260916_h2o_static_safe/seed20260906/config.yaml,,,,,,True,,,,8.0390625,True,full_gpu,True,,balanced_two_gpu,1,persistent,26075.2698618453,10042,28130.363082978874,,,20.0,19.140625,9.296875,9.296875,9.296875,1301.9495541229844,unknown,True,,True,,False,,15289.3095703125,False,full_lru,False,,,full_gpu,,,risk_evidence_insufficient,0.0,full precision exact profile,130.08607691153884,,,,hybrid-session-003-turn-2,9.296875,0.0,9.296875,0.0,,/DATACENTER3/zhenxiang.wang/work/TailGuardKV/.worktrees/baseline-smoke-final-aggregation/out/full_25session_baseline_9_14/full/policy_attempts/full40_20260916_h2o_static_safe/seed20260906,,,hybrid-session-003,summary,130.94984996132553,2,risk_evidence_insufficient
full_gpu,13.0,0.1,False,True,online_qwen,True,,/DATACENTER3/zhenxiang.wang/work/TailGuardKV/.worktrees/baseline-smoke-final-aggregation/out/full_25session_baseline_9_14/full/policy_attempts/full40_20260916_h2o_static_safe/seed20260906/config.yaml,,,,,,True,,,,19.140625,True,full_gpu,True,,balanced_two_gpu,1,persistent,26075.2698618453,10042,28130.363082978874,,,20.0,10.71875,10.71875,10.71875,10.71875,1588.246722938493,unknown,True,,True,,False,,15329.52294921875,False,full_lru,False,,,full_gpu,,,risk_evidence_insufficient,0.0,full precision exact profile,129.51980717480183,,,,hybrid-session-004-turn-2,10.71875,0.0,10.71875,0.0,,/DATACENTER3/zhenxiang.wang/work/TailGuardKV/.worktrees/baseline-smoke-final-aggregation/out/full_25session_baseline_9_14/full/policy_attempts/full40_20260916_h2o_static_safe/seed20260906,,,hybrid-session-004,qa,130.335396155715,2,risk_evidence_insufficient
full_gpu,13.0,0.1,False,True,online_qwen,True,,/DATACENTER3/zhenxiang.wang/work/TailGuardKV/.worktrees/baseline-smoke-final-aggregation/out/full_25session_baseline_9_14/full/policy_attempts/full40_20260916_h2o_static_safe/seed20260906/config.yaml,,,,,,True,,,,10.71875,True,full_gpu,True,,balanced_two_gpu,1,persistent,26075.2698618453,10042,28130.363082978874,,,20.0,9.7890625,9.7890625,9.7890625,9.7890625,1356.976245995611,unknown,True,,True,,False,,15297.68359375,False,full_lru,False,,,full_gpu,,,risk_evidence_insufficient,0.0,full precision exact profile,122.28472693823278,,,,hybrid-session-005-turn-2,9.7890625,0.0,9.7890625,0.0,,/DATACENTER3/zhenxiang.wang/work/TailGuardKV/.worktrees/baseline-smoke-final-aggregation/out/full_25session_baseline_9_14/full/policy_attempts/full40_20260916_h2o_static_safe/seed20260906,,,hybrid-session-005,summary,123.09197895228863,2,risk_evidence_insufficient
full_gpu,13.0,0.1,False,True,online_qwen,True,,/DATACENTER3/zhenxiang.wang/work/TailGuardKV/.worktrees/baseline-smoke-final-aggregation/out/full_25session_baseline_9_14/full/policy_attempts/full40_20260916_h2o_static_safe/seed20260906/config.yaml,,,,,,True,,,,9.7890625,True,full_gpu,True,,balanced_two_gpu,1,persistent,26075.2698618453,10042,28130.363082978874,,,20.0,12.796875,12.796875,12.796875,12.796875,1568.9973719418049,unknown,True,,True,,False,,15381.775390625,False,full_lru,False,,,full_gpu,,,risk_evidence_insufficient,0.0,full precision exact profile,147.39342196844518,,,,hybrid-session-006-turn-2,12.796875,0.0,12.796875,0.0,,/DATACENTER3/zhenxiang.wang/work/TailGuardKV/.worktrees/baseline-smoke-final-aggregation/out/full_25session_baseline_9_14/full/policy_attempts/full40_20260916_h2o_static_safe/seed20260906,,,hybrid-session-006,qa,148.17651687189937,2,risk_evidence_insufficient
full_gpu,13.0,0.1,False,True,online_qwen,True,,/DATACENTER3/zhenxiang.wang/work/TailGuardKV/.worktrees/baseline-smoke-final-aggregation/out/full_25session_baseline_9_14/full/policy_attempts/full40_20260916_h2o_static_safe/seed20260906/config.yaml,,,,,,True,,,,12.796875,True,full_gpu,True,,balanced_two_gpu,1,persistent,26075.2698618453,10042,28130.363082978874,,,20.0,8.9140625,8.9140625,8.9140625,8.9140625,1402.012187987566,unknown,True,,True,,False,,15273.80859375,False,full_lru,False,,,full_gpu,,,risk_evidence_insufficient,0.0,full precision exact profile,120.48351694829762,,,,hybrid-session-009-turn-2,8.9140625,0.0,8.9140625,0.0,,/DATACENTER3/zhenxiang.wang/work/TailGuardKV/.worktrees/baseline-smoke-final-aggregation/out/full_25session_baseline_9_14/full/policy_attempts/full40_20260916_h2o_static_safe/seed20260906,,,hybrid-session-009,summary,121.28128786571324,2,risk_evidence_insufficient
full_gpu,13.0,0.1,False,False,online_qwen,False,,/DATACENTER3/zhenxiang.wang/work/TailGuardKV/.worktrees/baseline-smoke-final-aggregation/out/full_25session_baseline_9_14/full/policy_attempts/full40_20260916_h2o_static_safe/seed20260906/config.yaml,,,,,,True,,,,0,True,full_gpu,True,,balanced_two_gpu,1,persistent,26075.2698618453,10042,28130.363082978874,,,20.0,18.7578125,9.84375,9.84375,9.84375,1552.9547419864684,unknown,True,,True,,False,,15295.93359375,False,full_lru,False,,,full_gpu,,,risk_evidence_insufficient,0.0,full precision exact profile,128.1425440683961,,,,hybrid-session-010-turn-2,9.84375,0.0,9.84375,0.0,,/DATACENTER3/zhenxiang.wang/work/TailGuardKV/.worktrees/baseline-smoke-final-aggregation/out/full_25session_baseline_9_14/full/policy_attempts/full40_20260916_h2o_static_safe/seed20260906,,,hybrid-session-010,qa,129.0963359642774,2,risk_evidence_insufficient
full_gpu,13.0,0.1,True,True,online_qwen,True,,/DATACENTER3/zhenxiang.wang/work/TailGuardKV/.worktrees/baseline-smoke-final-aggregation/out/full_25session_baseline_9_14/full/policy_attempts/full40_20260916_h2o_static_safe/seed20260906/config.yaml,,,,,,True,,,,8.9140625,True,full_gpu,True,,balanced_two_gpu,1,persistent,26075.2698618453,10042,28130.363082978874,,,20.0,19.0859375,9.2421875,9.2421875,9.2421875,1547.8912389371544,unknown,True,0.0,True,,False,,15288.50244140625,False,full_lru,False,,,full_gpu,,,risk_evidence_insufficient,0.0,full precision exact profile,122.4538809619844,,,,hybrid-session-013-turn-2,9.2421875,0.0,9.2421875,0.0,,/DATACENTER3/zhenxiang.wang/work/TailGuardKV/.worktrees/baseline-smoke-final-aggregation/out/full_25session_baseline_9_14/full/policy_attempts/full40_20260916_h2o_static_safe/seed20260906,,,hybrid-session-013,summary,123.53778094984591,2,risk_evidence_insufficient
full_gpu,13.0,0.1,False,True,online_qwen,True,,/DATACENTER3/zhenxiang.wang/work/TailGuardKV/.worktrees/baseline-smoke-final-aggregation/out/full_25session_baseline_9_14/full/policy_attempts/full40_20260916_h2o_static_safe/seed20260906/config.yaml,,,,,,True,,,,9.84375,True,full_gpu,True,,balanced_two_gpu,1,persistent,26075.2698618453,10042,28130.363082978874,,,20.0,19.578125,10.3359375,10.3359375,10.3359375,1562.5540388282388,unknown,True,,True,,False,,15318.93359375,False,full_lru,False,,,full_gpu,,,risk_evidence_insufficient,0.0,full precision exact profile,121.84041179716587,,,,hybrid-session-016-turn-2,10.3359375,0.0,10.3359375,0.0,,/DATACENTER3/zhenxiang.wang/work/TailGuardKV/.worktrees/baseline-smoke-final-aggregation/out/full_25session_baseline_9_14/full/policy_attempts/full40_20260916_h2o_static_safe/seed20260906,,,hybrid-session-016,qa,122.63645604252815,2,risk_evidence_insufficient
full_gpu,13.0,0.1,True,True,online_qwen,True,,/DATACENTER3/zhenxiang.wang/work/TailGuardKV/.worktrees/baseline-smoke-final-aggregation/out/full_25session_baseline_9_14/full/policy_attempts/full40_20260916_h2o_static_safe/seed20260906/config.yaml,,,,,,True,,,,19.578125,True,full_gpu,True,,balanced_two_gpu,1,persistent,26075.2698618453,10042,28130.363082978874,,,20.0,9.84375,9.84375,9.84375,9.84375,1540.6445348635316,unknown,True,0.0,True,,False,,15306.59765625,False,full_lru,False,,,full_gpu,,,risk_evidence_insufficient,0.0,full precision exact profile,124.65094309300184,,,,hybrid-session-020-turn-2,9.84375,0.0,9.84375,0.0,,/DATACENTER3/zhenxiang.wang/work/TailGuardKV/.worktrees/baseline-smoke-final-aggregation/out/full_25session_baseline_9_14/full/policy_attempts/full40_20260916_h2o_static_safe/seed20260906,,,hybrid-session-020,qa,125.42413384653628,2,risk_evidence_insufficient
full_gpu,13.0,0.1,False,True,online_qwen,True,,/DATACENTER3/zhenxiang.wang/work/TailGuardKV/.worktrees/baseline-smoke-final-aggregation/out/full_25session_baseline_9_14/full/policy_attempts/full40_20260916_h2o_static_safe/seed20260906/config.yaml,,,,,,True,,,,9.84375,True,full_gpu,True,,balanced_two_gpu,1,persistent,26075.2698618453,10042,28130.363082978874,,,20.0,10.9921875,10.9921875,10.9921875,10.9921875,1564.5506069995463,unknown,True,,True,,False,,15328.015625,False,full_lru,False,,,full_gpu,,,risk_evidence_insufficient,0.0,full precision exact profile,123.79325507208705,,,,hybrid-session-021-turn-2,10.9921875,0.0,10.9921875,0.0,,/DATACENTER3/zhenxiang.wang/work/TailGuardKV/.worktrees/baseline-smoke-final-aggregation/out/full_25session_baseline_9_14/full/policy_attempts/full40_20260916_h2o_static_safe/seed20260906,,,hybrid-session-021,summary,124.58861200138927,2,risk_evidence_insufficient
full_gpu,13.0,0.1,False,True,online_qwen,True,,/DATACENTER3/zhenxiang.wang/work/TailGuardKV/.worktrees/baseline-smoke-final-aggregation/out/full_25session_baseline_9_14/full/policy_attempts/full40_20260916_h2o_static_safe/seed20260906/config.yaml,,,,,,True,,,,10.9921875,True,full_gpu,True,,balanced_two_gpu,1,persistent,26075.2698618453,10042,28130.363082978874,,,20.0,10.0078125,10.0078125,10.0078125,10.0078125,1494.4036130327731,unknown,True,,True,,False,,15302.90234375,False,full_lru,False,,,full_gpu,,,risk_evidence_insufficient,0.0,full precision exact profile,122.28450900875032,,,,hybrid-session-025-turn-2,10.0078125,0.0,10.0078125,0.0,,/DATACENTER3/zhenxiang.wang/work/TailGuardKV/.worktrees/baseline-smoke-final-aggregation/out/full_25session_baseline_9_14/full/policy_attempts/full40_20260916_h2o_static_safe/seed20260906,,,hybrid-session-025,summary,123.16882004961371,2,risk_evidence_insufficient
full_gpu,13.0,0.1,False,True,online_qwen,True,,/DATACENTER3/zhenxiang.wang/work/TailGuardKV/.worktrees/baseline-smoke-final-aggregation/out/full_25session_baseline_9_14/full/policy_attempts/full40_20260916_h2o_static_safe/seed20260906/config.yaml,,,,,,True,,,,10.0078125,True,full_gpu,True,,balanced_two_gpu,1,persistent,26075.2698618453,10042,28130.363082978874,,,20.0,11.5390625,11.5390625,11.5390625,11.5390625,1552.2863168735057,unknown,True,,True,,False,,15343.57861328125,False,full_lru,False,,,full_gpu,,,risk_evidence_insufficient,0.0,full precision exact profile,132.54127092659473,,,,hybrid-session-026-turn-2,11.5390625,0.0,11.5390625,0.0,,/DATACENTER3/zhenxiang.wang/work/TailGuardKV/.worktrees/baseline-smoke-final-aggregation/out/full_25session_baseline_9_14/full/policy_attempts/full40_20260916_h2o_static_safe/seed20260906,,,hybrid-session-026,qa,133.35755793377757,2,risk_evidence_insufficient
full_gpu,13.0,0.1,False,True,online_qwen,True,,/DATACENTER3/zhenxiang.wang/work/TailGuardKV/.worktrees/baseline-smoke-final-aggregation/out/full_25session_baseline_9_14/full/policy_attempts/full40_20260916_h2o_static_safe/seed20260906/config.yaml,,,,,,True,,,,11.5390625,True,full_gpu,True,,balanced_two_gpu,1,persistent,26075.2698618453,10042,28130.363082978874,,,20.0,11.9765625,11.9765625,11.9765625,11.9765625,1554.290533065796,unknown,True,,True,,False,,15357.373046875,False,full_lru,False,,,full_gpu,,,risk_evidence_insufficient,0.0,full precision exact profile,135.32022293657064,,,,hybrid-session-002-turn-3,11.9765625,0.0,11.9765625,0.0,,/DATACENTER3/zhenxiang.wang/work/TailGuardKV/.worktrees/baseline-smoke-final-aggregation/out/full_25session_baseline_9_14/full/policy_attempts/full40_20260916_h2o_static_safe/seed20260906,,,hybrid-session-002,qa,136.13364612683654,3,risk_evidence_insufficient
full_gpu,13.0,0.1,False,True,online_qwen,True,,/DATACENTER3/zhenxiang.wang/work/TailGuardKV/.worktrees/baseline-smoke-final-aggregation/out/full_25session_baseline_9_14/full/policy_attempts/full40_20260916_h2o_static_safe/seed20260906/config.yaml,,,,,,True,,,,11.9765625,True,full_gpu,True,,balanced_two_gpu,1,persistent,26075.2698618453,10042,28130.363082978874,,,20.0,11.375,11.375,11.375,11.375,1556.9331860169768,unknown,True,,True,,False,,15340.53515625,False,full_lru,False,,,full_gpu,,,risk_evidence_insufficient,0.0,full precision exact profile,135.53807488642633,,,,hybrid-session-003-turn-3,11.375,0.0,11.375,0.0,,/DATACENTER3/zhenxiang.wang/work/TailGuardKV/.worktrees/baseline-smoke-final-aggregation/out/full_25session_baseline_9_14/full/policy_attempts/full40_20260916_h2o_static_safe/seed20260906,,,hybrid-session-003,summary,136.3495730329305,3,risk_evidence_insufficient
full_gpu,13.0,0.1,False,True,online_qwen,True,,/DATACENTER3/zhenxiang.wang/work/TailGuardKV/.worktrees/baseline-smoke-final-aggregation/out/full_25session_baseline_9_14/full/policy_attempts/full40_20260916_h2o_static_safe/seed20260906/config.yaml,,,,,,True,,,,11.375,True,full_gpu,True,,balanced_two_gpu,1,persistent,26075.2698618453,10042,28130.363082978874,,,20.0,12.8515625,12.8515625,12.8515625,12.8515625,1551.7387739382684,unknown,True,,True,,False,,15384.416015625,False,full_lru,False,,,full_gpu,,,risk_evidence_insufficient,0.0,full precision exact profile,147.07669103518128,,,,hybrid-session-004-turn-3,12.8515625,0.0,12.8515625,0.0,,/DATACENTER3/zhenxiang.wang/work/TailGuardKV/.worktrees/baseline-smoke-final-aggregation/out/full_25session_baseline_9_14/full/policy_attempts/full40_20260916_h2o_static_safe/seed20260906,,,hybrid-session-004,qa,147.9367408901453,3,risk_evidence_insufficient
full_gpu,13.0,0.1,False,True,online_qwen,True,,/DATACENTER3/zhenxiang.wang/work/TailGuardKV/.worktrees/baseline-smoke-final-aggregation/out/full_25session_baseline_9_14/full/policy_attempts/full40_20260916_h2o_static_safe/seed20260906/config.yaml,,,,,,True,,,,12.8515625,True,full_gpu,True,,balanced_two_gpu,1,persistent,26075.2698618453,10042,28130.363082978874,,,20.0,11.6484375,11.6484375,11.6484375,11.6484375,1360.607597976923,unknown,True,,True,,False,,15349.39501953125,False,full_lru,False,,,full_gpu,,,risk_evidence_insufficient,0.0,full precision exact profile,131.5168458968401,,,,hybrid-session-005-turn-3,11.6484375,0.0,11.6484375,0.0,,/DATACENTER3/zhenxiang.wang/work/TailGuardKV/.worktrees/baseline-smoke-final-aggregation/out/full_25session_baseline_9_14/full/policy_attempts/full40_20260916_h2o_static_safe/seed20260906,,,hybrid-session-005,summary,132.38400081172585,3,risk_evidence_insufficient
full_gpu,13.0,0.1,False,True,online_qwen,True,,/DATACENTER3/zhenxiang.wang/work/TailGuardKV/.worktrees/baseline-smoke-final-aggregation/out/full_25session_baseline_9_14/full/policy_attempts/full40_20260916_h2o_static_safe/seed20260906/config.yaml,,,,,,True,,,,11.6484375,True,full_gpu,True,,balanced_two_gpu,1,persistent,26075.2698618453,10042,28130.363082978874,,,20.0,14.9296875,14.9296875,14.9296875,14.9296875,1327.1096420940012,unknown,True,,True,,False,,15441.60791015625,False,full_lru,False,,,full_gpu,,,risk_evidence_insufficient,0.0,full precision exact profile,185.7157398480922,,,,hybrid-session-006-turn-3,14.9296875,0.0,14.9296875,0.0,,/DATACENTER3/zhenxiang.wang/work/TailGuardKV/.worktrees/baseline-smoke-final-aggregation/out/full_25session_baseline_9_14/full/policy_attempts/full40_20260916_h2o_static_safe/seed20260906,,,hybrid-session-006,qa,186.58456509001553,3,risk_evidence_insufficient
full_gpu,13.0,0.1,False,True,online_qwen,True,,/DATACENTER3/zhenxiang.wang/work/TailGuardKV/.worktrees/baseline-smoke-final-aggregation/out/full_25session_baseline_9_14/full/policy_attempts/full40_20260916_h2o_static_safe/seed20260906/config.yaml,,,,,,True,,,,14.9296875,True,full_gpu,True,,balanced_two_gpu,1,persistent,26075.2698618453,10042,28130.363082978874,,,20.0,10.9375,10.9375,10.9375,10.9375,1539.833887014538,unknown,True,,True,,False,,15333.046875,False,full_lru,False,,,full_gpu,,,risk_evidence_insufficient,0.0,full precision exact profile,129.52867802232504,,,,hybrid-session-009-turn-3,10.9375,0.0,10.9375,0.0,,/DATACENTER3/zhenxiang.wang/work/TailGuardKV/.worktrees/baseline-smoke-final-aggregation/out/full_25session_baseline_9_14/full/policy_attempts/full40_20260916_h2o_static_safe/seed20260906,,,hybrid-session-009,summary,130.35133900120854,3,risk_evidence_insufficient
full_gpu,13.0,0.1,False,True,online_qwen,True,,/DATACENTER3/zhenxiang.wang/work/TailGuardKV/.worktrees/baseline-smoke-final-aggregation/out/full_25session_baseline_9_14/full/policy_attempts/full40_20260916_h2o_static_safe/seed20260906/config.yaml,,,,,,True,,,,10.9375,True,full_gpu,True,,balanced_two_gpu,1,persistent,26075.2698618453,10042,28130.363082978874,,,20.0,11.9765625,11.9765625,11.9765625,11.9765625,1559.4433820806444,unknown,True,,True,,False,,15356.771484375,False,full_lru,False,,,full_gpu,,,risk_evidence_insufficient,0.0,full precision exact profile,133.18961299955845,,,,hybrid-session-010-turn-3,11.9765625,0.0,11.9765625,0.0,,/DATACENTER3/zhenxiang.wang/work/TailGuardKV/.worktrees/baseline-smoke-final-aggregation/out/full_25session_baseline_9_14/full/policy_attempts/full40_20260916_h2o_static_safe/seed20260906,,,hybrid-session-010,qa,134.03107901103795,3,risk_evidence_insufficient
full_gpu,13.0,0.1,False,True,online_qwen,True,,/DATACENTER3/zhenxiang.wang/work/TailGuardKV/.worktrees/baseline-smoke-final-aggregation/out/full_25session_baseline_9_14/full/policy_attempts/full40_20260916_h2o_static_safe/seed20260906/config.yaml,,,,,,True,,,,11.9765625,True,full_gpu,True,,balanced_two_gpu,1,persistent,26075.2698618453,10042,28130.363082978874,,,20.0,11.3203125,11.3203125,11.3203125,11.3203125,1570.603083819151,unknown,True,,True,,False,,15340.4794921875,False,full_lru,False,,,full_gpu,,,risk_evidence_insufficient,0.0,full precision exact profile,132.42636201903224,,,,hybrid-session-013-turn-3,11.3203125,0.0,11.3203125,0.0,,/DATACENTER3/zhenxiang.wang/work/TailGuardKV/.worktrees/baseline-smoke-final-aggregation/out/full_25session_baseline_9_14/full/policy_attempts/full40_20260916_h2o_static_safe/seed20260906,,,hybrid-session-013,summary,133.22411687113345,3,risk_evidence_insufficient
full_gpu,13.0,0.1,False,True,online_qwen,True,,/DATACENTER3/zhenxiang.wang/work/TailGuardKV/.worktrees/baseline-smoke-final-aggregation/out/full_25session_baseline_9_14/full/policy_attempts/full40_20260916_h2o_static_safe/seed20260906/config.yaml,,,,,,True,,,,11.3203125,True,full_gpu,True,,balanced_two_gpu,1,persistent,26075.2698618453,10042,28130.363082978874,,,20.0,12.5234375,12.5234375,12.5234375,12.5234375,1250.285998918116,unknown,True,,True,,False,,15371.37353515625,False,full_lru,False,,,full_gpu,,,risk_evidence_insufficient,0.0,full precision exact profile,146.2034920696169,,,,hybrid-session-016-turn-3,12.5234375,0.0,12.5234375,0.0,,/DATACENTER3/zhenxiang.wang/work/TailGuardKV/.worktrees/baseline-smoke-final-aggregation/out/full_25session_baseline_9_14/full/policy_attempts/full40_20260916_h2o_static_safe/seed20260906,,,hybrid-session-016,qa,146.98955905623734,3,risk_evidence_insufficient
full_gpu,13.0,0.1,False,True,online_qwen,True,,/DATACENTER3/zhenxiang.wang/work/TailGuardKV/.worktrees/baseline-smoke-final-aggregation/out/full_25session_baseline_9_14/full/policy_attempts/full40_20260916_h2o_static_safe/seed20260906/config.yaml,,,,,,True,,,,12.5234375,True,full_gpu,True,,balanced_two_gpu,1,persistent,26075.2698618453,10042,28130.363082978874,,,20.0,12.03125,12.03125,12.03125,12.03125,1551.6859369818121,unknown,True,,True,,False,,15359.57275390625,False,full_lru,False,,,full_gpu,,,risk_evidence_insufficient,0.0,full precision exact profile,124.47046092711389,,,,hybrid-session-020-turn-3,12.03125,0.0,12.03125,0.0,,/DATACENTER3/zhenxiang.wang/work/TailGuardKV/.worktrees/baseline-smoke-final-aggregation/out/full_25session_baseline_9_14/full/policy_attempts/full40_20260916_h2o_static_safe/seed20260906,,,hybrid-session-020,qa,125.28865993954241,3,risk_evidence_insufficient
full_gpu,13.0,0.1,False,True,online_qwen,True,,/DATACENTER3/zhenxiang.wang/work/TailGuardKV/.worktrees/baseline-smoke-final-aggregation/out/full_25session_baseline_9_14/full/policy_attempts/full40_20260916_h2o_static_safe/seed20260906/config.yaml,,,,,,True,,,,12.03125,True,full_gpu,True,,balanced_two_gpu,1,persistent,26075.2698618453,10042,28130.363082978874,,,20.0,13.1796875,13.1796875,13.1796875,13.1796875,1581.636629998684,unknown,True,,True,,False,,15395.40087890625,False,full_lru,False,,,full_gpu,,,risk_evidence_insufficient,0.0,full precision exact profile,147.85610791295767,,,,hybrid-session-021-turn-3,13.1796875,0.0,13.1796875,0.0,,/DATACENTER3/zhenxiang.wang/work/TailGuardKV/.worktrees/baseline-smoke-final-aggregation/out/full_25session_baseline_9_14/full/policy_attempts/full40_20260916_h2o_static_safe/seed20260906,,,hybrid-session-021,summary,148.63963797688484,3,risk_evidence_insufficient
full_gpu,13.0,0.1,False,True,online_qwen,True,,/DATACENTER3/zhenxiang.wang/work/TailGuardKV/.worktrees/baseline-smoke-final-aggregation/out/full_25session_baseline_9_14/full/policy_attempts/full40_20260916_h2o_static_safe/seed20260906/config.yaml,,,,,,True,,,,13.1796875,True,full_gpu,True,,balanced_two_gpu,1,persistent,26075.2698618453,10042,28130.363082978874,,,20.0,12.5234375,12.5234375,12.5234375,12.5234375,1388.1576182320714,unknown,True,,True,,False,,15373.23291015625,False,full_lru,False,,,full_gpu,,,risk_evidence_insufficient,0.0,full precision exact profile,145.1631709933281,,,,hybrid-session-025-turn-3,12.5234375,0.0,12.5234375,0.0,,/DATACENTER3/zhenxiang.wang/work/TailGuardKV/.worktrees/baseline-smoke-final-aggregation/out/full_25session_baseline_9_14/full/policy_attempts/full40_20260916_h2o_static_safe/seed20260906,,,hybrid-session-025,summary,146.1711151059717,3,risk_evidence_insufficient
full_gpu,13.0,0.1,False,True,online_qwen,True,,/DATACENTER3/zhenxiang.wang/work/TailGuardKV/.worktrees/baseline-smoke-final-aggregation/out/full_25session_baseline_9_14/full/policy_attempts/full40_20260916_h2o_static_safe/seed20260906/config.yaml,,,,,,True,,,,12.5234375,True,full_gpu,True,,balanced_two_gpu,1,persistent,26075.2698618453,10042,28130.363082978874,,,20.0,14.109375,14.109375,14.109375,14.109375,1589.641885831952,unknown,True,,True,,False,,15419.22412109375,False,full_lru,False,,,full_gpu,,,risk_evidence_insufficient,0.0,full precision exact profile,149.58327915519476,,,,hybrid-session-026-turn-3,14.109375,0.0,14.109375,0.0,,/DATACENTER3/zhenxiang.wang/work/TailGuardKV/.worktrees/baseline-smoke-final-aggregation/out/full_25session_baseline_9_14/full/policy_attempts/full40_20260916_h2o_static_safe/seed20260906,,,hybrid-session-026,qa,150.42992983944714,3,risk_evidence_insufficient
full_gpu,13.0,0.1,False,True,online_qwen,True,,/DATACENTER3/zhenxiang.wang/work/TailGuardKV/.worktrees/baseline-smoke-final-aggregation/out/full_25session_baseline_9_14/full/policy_attempts/full40_20260916_h2o_static_safe/seed20260906/config.yaml,,,,,,True,,,,14.109375,True,full_gpu,True,,balanced_two_gpu,1,persistent,26075.2698618453,10042,28130.363082978874,,,20.0,13.7265625,13.7265625,13.7265625,13.7265625,1319.044928997755,unknown,True,,True,,False,,15410.27392578125,False,full_lru,False,,,full_gpu,,,risk_evidence_insufficient,0.0,full precision exact profile,156.71591204591095,,,,hybrid-session-002-turn-4,13.7265625,0.0,13.7265625,0.0,,/DATACENTER3/zhenxiang.wang/work/TailGuardKV/.worktrees/baseline-smoke-final-aggregation/out/full_25session_baseline_9_14/full/policy_attempts/full40_20260916_h2o_static_safe/seed20260906,,,hybrid-session-002,qa,157.55621599964797,4,risk_evidence_insufficient
full_gpu,13.0,0.1,False,True,online_qwen,True,,/DATACENTER3/zhenxiang.wang/work/TailGuardKV/.worktrees/baseline-smoke-final-aggregation/out/full_25session_baseline_9_14/full/policy_attempts/full40_20260916_h2o_static_safe/seed20260906/config.yaml,,,,,,True,,,,13.7265625,True,full_gpu,True,,balanced_two_gpu,1,persistent,26075.2698618453,10042,28130.363082978874,,,20.0,13.125,13.125,13.125,13.125,1572.8009829763323,unknown,True,,True,,False,,15394.07666015625,False,full_lru,False,,,full_gpu,,,risk_evidence_insufficient,0.0,full precision exact profile,139.37478000298142,,,,hybrid-session-003-turn-4,13.125,0.0,13.125,0.0,,/DATACENTER3/zhenxiang.wang/work/TailGuardKV/.worktrees/baseline-smoke-final-aggregation/out/full_25session_baseline_9_14/full/policy_attempts/full40_20260916_h2o_static_safe/seed20260906,,,hybrid-session-003,summary,140.1389038655907,4,risk_evidence_insufficient
full_gpu,13.0,0.1,False,True,online_qwen,True,,/DATACENTER3/zhenxiang.wang/work/TailGuardKV/.worktrees/baseline-smoke-final-aggregation/out/full_25session_baseline_9_14/full/policy_attempts/full40_20260916_h2o_static_safe/seed20260906/config.yaml,,,,,,True,,,,13.125,True,full_gpu,True,,balanced_two_gpu,1,persistent,26075.2698618453,10042,28130.363082978874,,,20.0,14.546875,14.546875,14.546875,14.546875,1597.948518814519,unknown,True,,True,,False,,15432.66748046875,False,full_lru,False,,,full_gpu,,,risk_evidence_insufficient,0.0,full precision exact profile,141.3761731237173,,,,hybrid-session-004-turn-4,14.546875,0.0,14.546875,0.0,,/DATACENTER3/zhenxiang.wang/work/TailGuardKV/.worktrees/baseline-smoke-final-aggregation/out/full_25session_baseline_9_14/full/policy_attempts/full40_20260916_h2o_static_safe/seed20260906,,,hybrid-session-004,qa,142.28008594363928,4,risk_evidence_insufficient
full_gpu,13.0,0.1,False,True,online_qwen,True,,/DATACENTER3/zhenxiang.wang/work/TailGuardKV/.worktrees/baseline-smoke-final-aggregation/out/full_25session_baseline_9_14/full/policy_attempts/full40_20260916_h2o_static_safe/seed20260906/config.yaml,,,,,,True,,,,14.546875,True,full_gpu,True,,balanced_two_gpu,1,persistent,26075.2698618453,10042,28130.363082978874,,,20.0,13.2890625,13.2890625,13.2890625,13.2890625,1518.4870820958167,unknown,True,,True,,False,,15397.9140625,False,full_lru,False,,,full_gpu,,,risk_evidence_insufficient,0.0,full precision exact profile,147.9125169571489,,,,hybrid-session-005-turn-4,13.2890625,0.0,13.2890625,0.0,,/DATACENTER3/zhenxiang.wang/work/TailGuardKV/.worktrees/baseline-smoke-final-aggregation/out/full_25session_baseline_9_14/full/policy_attempts/full40_20260916_h2o_static_safe/seed20260906,,,hybrid-session-005,summary,148.71404692530632,4,risk_evidence_insufficient
full_gpu,13.0,0.1,False,True,online_qwen,True,,/DATACENTER3/zhenxiang.wang/work/TailGuardKV/.worktrees/baseline-smoke-final-aggregation/out/full_25session_baseline_9_14/full/policy_attempts/full40_20260916_h2o_static_safe/seed20260906/config.yaml,,,,,,True,,,,13.2890625,True,full_gpu,True,,balanced_two_gpu,1,persistent,26075.2698618453,10042,28130.363082978874,,,20.0,16.625,16.625,16.625,16.625,1643.2946790009737,unknown,True,,True,,False,,15490.1201171875,False,full_lru,False,,,full_gpu,,,risk_evidence_insufficient,0.0,full precision exact profile,201.43205020576715,,,,hybrid-session-006-turn-4,16.625,0.0,16.625,0.0,,/DATACENTER3/zhenxiang.wang/work/TailGuardKV/.worktrees/baseline-smoke-final-aggregation/out/full_25session_baseline_9_14/full/policy_attempts/full40_20260916_h2o_static_safe/seed20260906,,,hybrid-session-006,qa,202.6442508213222,4,risk_evidence_insufficient
full_gpu,13.0,0.1,True,True,online_qwen,True,,/DATACENTER3/zhenxiang.wang/work/TailGuardKV/.worktrees/baseline-smoke-final-aggregation/out/full_25session_baseline_9_14/full/policy_attempts/full40_20260916_h2o_static_safe/seed20260906/config.yaml,,,,,,True,,,,16.625,True,full_gpu,True,,balanced_two_gpu,1,persistent,26075.2698618453,10042,28130.363082978874,,,20.0,12.796875,12.796875,12.796875,12.796875,1592.231553979218,unknown,True,0.0,True,,False,,15388.611328125,False,full_lru,False,,,full_gpu,,,risk_evidence_insufficient,0.0,full precision exact profile,145.2987731900066,,,,hybrid-session-009-turn-4,12.796875,0.0,12.796875,0.0,,/DATACENTER3/zhenxiang.wang/work/TailGuardKV/.worktrees/baseline-smoke-final-aggregation/out/full_25session_baseline_9_14/full/policy_attempts/full40_20260916_h2o_static_safe/seed20260906,,,hybrid-session-009,summary,146.09377784654498,4,risk_evidence_insufficient
full_gpu,13.0,0.1,False,True,online_qwen,True,,/DATACENTER3/zhenxiang.wang/work/TailGuardKV/.worktrees/baseline-smoke-final-aggregation/out/full_25session_baseline_9_14/full/policy_attempts/full40_20260916_h2o_static_safe/seed20260906/config.yaml,,,,,,True,,,,12.796875,True,full_gpu,True,,balanced_two_gpu,1,persistent,26075.2698618453,10042,28130.363082978874,,,20.0,14.0546875,14.0546875,14.0546875,14.0546875,1594.8673719540238,unknown,True,,True,,False,,15417.99267578125,False,full_lru,False,,,full_gpu,,,risk_evidence_insufficient,0.0,full precision exact profile,142.98647013492882,,,,hybrid-session-010-turn-4,14.0546875,0.0,14.0546875,0.0,,/DATACENTER3/zhenxiang.wang/work/TailGuardKV/.worktrees/baseline-smoke-final-aggregation/out/full_25session_baseline_9_14/full/policy_attempts/full40_20260916_h2o_static_safe/seed20260906,,,hybrid-session-010,qa,144.04537808150053,4,risk_evidence_insufficient
full_gpu,13.0,0.1,True,True,online_qwen,True,,/DATACENTER3/zhenxiang.wang/work/TailGuardKV/.worktrees/baseline-smoke-final-aggregation/out/full_25session_baseline_9_14/full/policy_attempts/full40_20260916_h2o_static_safe/seed20260906/config.yaml,,,,,,True,,,,14.0546875,True,full_gpu,True,,balanced_two_gpu,1,persistent,26075.2698618453,10042,28130.363082978874,,,20.0,13.234375,13.234375,13.234375,13.234375,1603.8983641192317,unknown,True,0.0,True,,False,,15397.47900390625,False,full_lru,False,,,full_gpu,,,risk_evidence_insufficient,0.0,full precision exact profile,149.72878992557526,,,,hybrid-session-013-turn-4,13.234375,0.0,13.234375,0.0,,/DATACENTER3/zhenxiang.wang/work/TailGuardKV/.worktrees/baseline-smoke-final-aggregation/out/full_25session_baseline_9_14/full/policy_attempts/full40_20260916_h2o_static_safe/seed20260906,,,hybrid-session-013,summary,150.50150803290308,4,risk_evidence_insufficient
full_gpu,13.0,0.1,False,True,online_qwen,True,,/DATACENTER3/zhenxiang.wang/work/TailGuardKV/.worktrees/baseline-smoke-final-aggregation/out/full_25session_baseline_9_14/full/policy_attempts/full40_20260916_h2o_static_safe/seed20260906/config.yaml,,,,,,True,,,,13.234375,True,full_gpu,True,,balanced_two_gpu,1,persistent,26075.2698618453,10042,28130.363082978874,,,20.0,14.6015625,14.6015625,14.6015625,14.6015625,1583.3728299476206,unknown,True,,True,,False,,15433.71142578125,False,full_lru,False,,,full_gpu,,,risk_evidence_insufficient,0.0,full precision exact profile,153.68180884979665,,,,hybrid-session-016-turn-4,14.6015625,0.0,14.6015625,0.0,,/DATACENTER3/zhenxiang.wang/work/TailGuardKV/.worktrees/baseline-smoke-final-aggregation/out/full_25session_baseline_9_14/full/policy_attempts/full40_20260916_h2o_static_safe/seed20260906,,,hybrid-session-016,qa,154.60954303853214,4,risk_evidence_insufficient
full_gpu,13.0,0.1,False,True,online_qwen,True,,/DATACENTER3/zhenxiang.wang/work/TailGuardKV/.worktrees/baseline-smoke-final-aggregation/out/full_25session_baseline_9_14/full/policy_attempts/full40_20260916_h2o_static_safe/seed20260906/config.yaml,,,,,,True,,,,14.6015625,True,full_gpu,True,,balanced_two_gpu,1,persistent,26075.2698618453,10042,28130.363082978874,,,20.0,13.9453125,13.9453125,13.9453125,13.9453125,1354.5448807999492,unknown,True,,True,,False,,15418.740234375,False,full_lru,False,,,full_gpu,,,risk_evidence_insufficient,0.0,full precision exact profile,141.211342997849,,,,hybrid-session-020-turn-4,13.9453125,0.0,13.9453125,0.0,,/DATACENTER3/zhenxiang.wang/work/TailGuardKV/.worktrees/baseline-smoke-final-aggregation/out/full_25session_baseline_9_14/full/policy_attempts/full40_20260916_h2o_static_safe/seed20260906,,,hybrid-session-020,qa,142.0420107897371,4,risk_evidence_insufficient
full_gpu,13.0,0.1,False,True,online_qwen,True,,/DATACENTER3/zhenxiang.wang/work/TailGuardKV/.worktrees/baseline-smoke-final-aggregation/out/full_25session_baseline_9_14/full/policy_attempts/full40_20260916_h2o_static_safe/seed20260906/config.yaml,,,,,,True,,,,13.9453125,True,full_gpu,True,,balanced_two_gpu,1,persistent,26075.2698618453,10042,28130.363082978874,,,20.0,15.09375,15.09375,15.09375,15.09375,1619.6683419402689,unknown,True,,True,,False,,15449.2392578125,False,full_lru,False,,,full_gpu,,,risk_evidence_insufficient,0.0,full precision exact profile,205.20590781234205,,,,hybrid-session-021-turn-4,15.09375,0.0,15.09375,0.0,,/DATACENTER3/zhenxiang.wang/work/TailGuardKV/.worktrees/baseline-smoke-final-aggregation/out/full_25session_baseline_9_14/full/policy_attempts/full40_20260916_h2o_static_safe/seed20260906,,,hybrid-session-021,summary,206.0811489354819,4,risk_evidence_insufficient
full_gpu,13.0,0.1,False,True,online_qwen,True,,/DATACENTER3/zhenxiang.wang/work/TailGuardKV/.worktrees/baseline-smoke-final-aggregation/out/full_25session_baseline_9_14/full/policy_attempts/full40_20260916_h2o_static_safe/seed20260906/config.yaml,,,,,,True,,,,15.09375,True,full_gpu,True,,balanced_two_gpu,1,persistent,26075.2698618453,10042,28130.363082978874,,,20.0,14.8203125,14.8203125,14.8203125,14.8203125,1436.6366490721703,unknown,True,,True,,False,,15441.36279296875,False,full_lru,False,,,full_gpu,,,risk_evidence_insufficient,0.0,full precision exact profile,152.64722192659974,,,,hybrid-session-025-turn-4,14.8203125,0.0,14.8203125,0.0,,/DATACENTER3/zhenxiang.wang/work/TailGuardKV/.worktrees/baseline-smoke-final-aggregation/out/full_25session_baseline_9_14/full/policy_attempts/full40_20260916_h2o_static_safe/seed20260906,,,hybrid-session-025,summary,153.57269486412406,4,risk_evidence_insufficient
full_gpu,13.0,0.1,False,True,online_qwen,True,,/DATACENTER3/zhenxiang.wang/work/TailGuardKV/.worktrees/baseline-smoke-final-aggregation/out/full_25session_baseline_9_14/full/policy_attempts/full40_20260916_h2o_static_safe/seed20260906/config.yaml,,,,,,True,,,,14.8203125,True,full_gpu,True,,balanced_two_gpu,1,persistent,26075.2698618453,10042,28130.363082978874,,,20.0,16.0234375,16.0234375,16.0234375,16.0234375,1621.1793120019138,unknown,True,,True,,False,,15475.6787109375,False,full_lru,False,,,full_gpu,,,risk_evidence_insufficient,0.0,full precision exact profile,184.25328680314124,,,,hybrid-session-026-turn-4,16.0234375,0.0,16.0234375,0.0,,/DATACENTER3/zhenxiang.wang/work/TailGuardKV/.worktrees/baseline-smoke-final-aggregation/out/full_25session_baseline_9_14/full/policy_attempts/full40_20260916_h2o_static_safe/seed20260906,,,hybrid-session-026,qa,185.08663610555232,4,risk_evidence_insufficient
kivi_4bit_residual64,1.0,0.1,False,False,online_qwen,False,,/DATACENTER3/zhenxiang.wang/work/TailGuardKV/.worktrees/baseline-smoke-final-aggregation/out/full_25session_baseline_9_14/full/policy_attempts/full40_20260916_h2o_static_safe/seed20260906/config.yaml,,,,,0.1,True,,0.05,,0,False,kivi_4bit_residual64,True,,balanced_two_gpu,1,persistent,28069.916886044666,12121,32051.38770886697,,,20.0,2.078125,2.078125,2.078125,2.078125,4954.595298971981,unknown,True,,True,,False,,15070.54150390625,True,static_best,False,0.0,0.0,kivi_4bit_residual64,0.0,,risk_evidence_insufficient,0.0,static_best,0.0,,,,hybrid-session-002-turn-0,2.078125,0.0,2.078125,0.0,0.0,/DATACENTER3/zhenxiang.wang/work/TailGuardKV/.worktrees/baseline-smoke-final-aggregation/out/full_25session_baseline_9_14/full/policy_attempts/full40_20260916_h2o_static_safe/seed20260906,True,calibrated safe,hybrid-session-002,chat,3727.692859945819,0,risk_evidence_insufficient
kivi_4bit_residual64,2.0,0.1,False,False,online_qwen,False,,/DATACENTER3/zhenxiang.wang/work/TailGuardKV/.worktrees/baseline-smoke-final-aggregation/out/full_25session_baseline_9_14/full/policy_attempts/full40_20260916_h2o_static_safe/seed20260906/config.yaml,,,,,0.1,True,,0.05,,0,False,kivi_4bit_residual64,True,,balanced_two_gpu,1,persistent,28069.916886044666,12121,32051.38770886697,,,20.0,3.5546875,1.4765625,1.4765625,1.4765625,1672.6026709657162,unknown,True,,True,,False,,15055.19384765625,True,static_best,False,0.0,0.0,kivi_4bit_residual64,0.0,,risk_evidence_insufficient,0.0,static_best,0.0,,,,hybrid-session-003-turn-0,1.4765625,0.0,1.4765625,0.0,0.0,/DATACENTER3/zhenxiang.wang/work/TailGuardKV/.worktrees/baseline-smoke-final-aggregation/out/full_25session_baseline_9_14/full/policy_attempts/full40_20260916_h2o_static_safe/seed20260906,True,calibrated safe,hybrid-session-003,chat,110.94982782378793,0,risk_evidence_insufficient
kivi_4bit_residual64,3.0,0.1,False,False,online_qwen,False,,/DATACENTER3/zhenxiang.wang/work/TailGuardKV/.worktrees/baseline-smoke-final-aggregation/out/full_25session_baseline_9_14/full/policy_attempts/full40_20260916_h2o_static_safe/seed20260906/config.yaml,,,,,0.1,True,,0.05,,0,False,kivi_4bit_residual64,True,,balanced_two_gpu,1,persistent,28069.916886044666,12121,32051.38770886697,,,20.0,5.3046875,1.75,1.75,1.75,1422.3384361248463,unknown,True,,True,,False,,15063.70947265625,True,static_best,False,0.0,0.0,kivi_4bit_residual64,0.0,,risk_evidence_insufficient,0.0,static_best,0.0,,,,hybrid-session-004-turn-0,1.75,0.0,1.75,0.0,0.0,/DATACENTER3/zhenxiang.wang/work/TailGuardKV/.worktrees/baseline-smoke-final-aggregation/out/full_25session_baseline_9_14/full/policy_attempts/full40_20260916_h2o_static_safe/seed20260906,True,calibrated safe,hybrid-session-004,chat,109.54925115220249,0,risk_evidence_insufficient
kivi_4bit_residual64,4.0,0.1,False,False,online_qwen,False,,/DATACENTER3/zhenxiang.wang/work/TailGuardKV/.worktrees/baseline-smoke-final-aggregation/out/full_25session_baseline_9_14/full/policy_attempts/full40_20260916_h2o_static_safe/seed20260906/config.yaml,,,,,0.1,True,,0.05,,0,False,kivi_4bit_residual64,True,,balanced_two_gpu,1,persistent,28069.916886044666,12121,32051.38770886697,,,20.0,7.21875,1.9140625,1.9140625,1.9140625,1451.4707140624523,unknown,True,,True,,False,,15070.26806640625,True,static_best,False,0.0,0.0,kivi_4bit_residual64,0.0,,risk_evidence_insufficient,0.0,static_best,0.0,,,,hybrid-session-005-turn-0,1.9140625,0.0,1.9140625,0.0,0.0,/DATACENTER3/zhenxiang.wang/work/TailGuardKV/.worktrees/baseline-smoke-final-aggregation/out/full_25session_baseline_9_14/full/policy_attempts/full40_20260916_h2o_static_safe/seed20260906,True,calibrated safe,hybrid-session-005,chat,122.92384705506265,0,risk_evidence_insufficient
kivi_4bit_residual64,5.0,0.1,False,False,online_qwen,False,,/DATACENTER3/zhenxiang.wang/work/TailGuardKV/.worktrees/baseline-smoke-final-aggregation/out/full_25session_baseline_9_14/full/policy_attempts/full40_20260916_h2o_static_safe/seed20260906/config.yaml,,,,,0.1,True,,0.05,,0,False,kivi_4bit_residual64,True,,balanced_two_gpu,1,persistent,28069.916886044666,12121,32051.38770886697,,,20.0,9.84375,2.625,2.625,2.625,1669.9695128481835,unknown,True,,True,,False,,15093.27587890625,True,static_best,False,0.0,0.0,kivi_4bit_residual64,0.0,,risk_evidence_insufficient,0.0,static_best,0.0,,,,hybrid-session-006-turn-0,2.625,0.0,2.625,0.0,0.0,/DATACENTER3/zhenxiang.wang/work/TailGuardKV/.worktrees/baseline-smoke-final-aggregation/out/full_25session_baseline_9_14/full/policy_attempts/full40_20260916_h2o_static_safe/seed20260906,True,calibrated safe,hybrid-session-006,chat,113.92818298190832,0,risk_evidence_insufficient
kivi_4bit_residual64,6.0,0.1,False,False,online_qwen,False,,/DATACENTER3/zhenxiang.wang/work/TailGuardKV/.worktrees/baseline-smoke-final-aggregation/out/full_25session_baseline_9_14/full/policy_attempts/full40_20260916_h2o_static_safe/seed20260906/config.yaml,,,,,0.1,True,,0.05,,0,False,kivi_4bit_residual64,True,,balanced_two_gpu,1,persistent,28069.916886044666,12121,32051.38770886697,,,20.0,11.5390625,1.6953125,1.6953125,1.6953125,1663.5419251397252,unknown,True,,True,,False,,15068.48681640625,True,static_best,False,0.0,0.0,kivi_4bit_residual64,0.0,,risk_evidence_insufficient,0.0,static_best,0.0,,,,hybrid-session-009-turn-0,1.6953125,0.0,1.6953125,0.0,0.0,/DATACENTER3/zhenxiang.wang/work/TailGuardKV/.worktrees/baseline-smoke-final-aggregation/out/full_25session_baseline_9_14/full/policy_attempts/full40_20260916_h2o_static_safe/seed20260906,True,calibrated safe,hybrid-session-009,chat,102.70416713319719,0,risk_evidence_insufficient
kivi_4bit_residual64,7.0,0.1,False,False,online_qwen,False,,/DATACENTER3/zhenxiang.wang/work/TailGuardKV/.worktrees/baseline-smoke-final-aggregation/out/full_25session_baseline_9_14/full/policy_attempts/full40_20260916_h2o_static_safe/seed20260906/config.yaml,,,,,0.1,True,,0.05,,0,False,kivi_4bit_residual64,True,,balanced_two_gpu,1,persistent,28069.916886044666,12121,32051.38770886697,,,20.0,13.0703125,1.53125,1.53125,1.53125,1331.41132700257,unknown,True,,True,,False,,15065.87646484375,True,static_best,False,0.0,0.0,kivi_4bit_residual64,0.0,,risk_evidence_insufficient,0.0,static_best,0.0,,,,hybrid-session-010-turn-0,1.53125,0.0,1.53125,0.0,0.0,/DATACENTER3/zhenxiang.wang/work/TailGuardKV/.worktrees/baseline-smoke-final-aggregation/out/full_25session_baseline_9_14/full/policy_attempts/full40_20260916_h2o_static_safe/seed20260906,True,calibrated safe,hybrid-session-010,chat,110.25289399549365,0,risk_evidence_insufficient
kivi_4bit_residual64,8.0,0.1,False,False,online_qwen,False,,/DATACENTER3/zhenxiang.wang/work/TailGuardKV/.worktrees/baseline-smoke-final-aggregation/out/full_25session_baseline_9_14/full/policy_attempts/full40_20260916_h2o_static_safe/seed20260906/config.yaml,,,,,0.1,True,,0.05,,0,False,kivi_4bit_residual64,True,,balanced_two_gpu,1,persistent,28069.916886044666,12121,32051.38770886697,,,20.0,14.875,1.8046875,1.8046875,1.8046875,1310.8383128419518,unknown,True,,True,,False,,15074.73681640625,True,static_best,False,0.0,0.0,kivi_4bit_residual64,0.0,,risk_evidence_insufficient,0.0,static_best,0.0,,,,hybrid-session-013-turn-0,1.8046875,0.0,1.8046875,0.0,0.0,/DATACENTER3/zhenxiang.wang/work/TailGuardKV/.worktrees/baseline-smoke-final-aggregation/out/full_25session_baseline_9_14/full/policy_attempts/full40_20260916_h2o_static_safe/seed20260906,True,calibrated safe,hybrid-session-013,chat,105.49821681343019,0,risk_evidence_insufficient
kivi_4bit_residual64,9.0,0.1,False,False,online_qwen,False,,/DATACENTER3/zhenxiang.wang/work/TailGuardKV/.worktrees/baseline-smoke-final-aggregation/out/full_25session_baseline_9_14/full/policy_attempts/full40_20260916_h2o_static_safe/seed20260906/config.yaml,,,,,0.1,True,,0.05,,0,False,kivi_4bit_residual64,True,,balanced_two_gpu,1,persistent,28069.916886044666,12121,32051.38770886697,,,20.0,17.5,2.625,2.625,2.625,1455.1947060972452,unknown,True,,True,,False,,15100.93212890625,True,static_best,False,0.0,0.0,kivi_4bit_residual64,0.0,,risk_evidence_insufficient,0.0,static_best,0.0,,,,hybrid-session-016-turn-0,2.625,0.0,2.625,0.0,0.0,/DATACENTER3/zhenxiang.wang/work/TailGuardKV/.worktrees/baseline-smoke-final-aggregation/out/full_25session_baseline_9_14/full/policy_attempts/full40_20260916_h2o_static_safe/seed20260906,True,calibrated safe,hybrid-session-016,chat,115.23306788876653,0,risk_evidence_insufficient
kivi_4bit_residual64,10.0,0.1,False,False,online_qwen,False,,/DATACENTER3/zhenxiang.wang/work/TailGuardKV/.worktrees/baseline-smoke-final-aggregation/out/full_25session_baseline_9_14/full/policy_attempts/full40_20260916_h2o_static_safe/seed20260906/config.yaml,,,,,0.1,True,,0.05,,0,False,kivi_4bit_residual64,True,,balanced_two_gpu,1,persistent,28069.916886044666,12121,32051.38770886697,,,20.0,19.90625,2.40625,2.40625,2.40625,1672.969756880775,unknown,True,,True,,False,,15095.79541015625,True,static_best,False,0.0,0.0,kivi_4bit_residual64,0.0,,risk_evidence_insufficient,0.0,static_best,0.0,,,,hybrid-session-020-turn-0,2.40625,0.0,2.40625,0.0,0.0,/DATACENTER3/zhenxiang.wang/work/TailGuardKV/.worktrees/baseline-smoke-final-aggregation/out/full_25session_baseline_9_14/full/policy_attempts/full40_20260916_h2o_static_safe/seed20260906,True,calibrated safe,hybrid-session-020,chat,114.43922389298677,0,risk_evidence_insufficient
kivi_4bit_residual64,11.0,0.1,False,True,online_qwen,True,,/DATACENTER3/zhenxiang.wang/work/TailGuardKV/.worktrees/baseline-smoke-final-aggregation/out/full_25session_baseline_9_14/full/policy_attempts/full40_20260916_h2o_static_safe/seed20260906/config.yaml,,,,,0.1,True,,0.05,,3.5546875,False,kivi_4bit_residual64,True,,balanced_two_gpu,1,persistent,28069.916886044666,12121,32051.38770886697,,,20.0,18.6484375,2.296875,2.296875,2.296875,1670.7592071034014,unknown,True,,True,,False,,15095.17822265625,True,static_best,False,0.0,0.0,kivi_4bit_residual64,0.0,,risk_evidence_insufficient,0.0,static_best,0.0,,,,hybrid-session-021-turn-0,2.296875,0.0,2.296875,0.0,0.0,/DATACENTER3/zhenxiang.wang/work/TailGuardKV/.worktrees/baseline-smoke-final-aggregation/out/full_25session_baseline_9_14/full/policy_attempts/full40_20260916_h2o_static_safe/seed20260906,True,calibrated safe,hybrid-session-021,chat,118.2329561561346,0,risk_evidence_insufficient
kivi_4bit_residual64,12.0,0.1,False,True,online_qwen,True,,/DATACENTER3/zhenxiang.wang/work/TailGuardKV/.worktrees/baseline-smoke-final-aggregation/out/full_25session_baseline_9_14/full/policy_attempts/full40_20260916_h2o_static_safe/seed20260906/config.yaml,,,,,0.1,True,,0.05,,1.75,False,kivi_4bit_residual64,True,,balanced_two_gpu,1,persistent,28069.916886044666,12121,32051.38770886697,,,20.0,18.8671875,1.96875,1.96875,1.96875,1679.331457009539,unknown,True,,True,,False,,15084.85009765625,True,static_best,False,0.0,0.0,kivi_4bit_residual64,0.0,,risk_evidence_insufficient,0.0,static_best,0.0,,,,hybrid-session-025-turn-0,1.96875,0.0,1.96875,0.0,0.0,/DATACENTER3/zhenxiang.wang/work/TailGuardKV/.worktrees/baseline-smoke-final-aggregation/out/full_25session_baseline_9_14/full/policy_attempts/full40_20260916_h2o_static_safe/seed20260906,True,calibrated safe,hybrid-session-025,chat,114.8000389803201,0,risk_evidence_insufficient
kivi_4bit_residual64,13.0,0.1,False,True,online_qwen,True,,/DATACENTER3/zhenxiang.wang/work/TailGuardKV/.worktrees/baseline-smoke-final-aggregation/out/full_25session_baseline_9_14/full/policy_attempts/full40_20260916_h2o_static_safe/seed20260906/config.yaml,,,,,0.1,True,,0.05,,1.9140625,False,kivi_4bit_residual64,True,,balanced_two_gpu,1,persistent,28069.916886044666,12121,32051.38770886697,,,20.0,19.140625,2.1875,2.1875,2.1875,1389.3134640529752,unknown,True,,True,,False,,15091.11572265625,True,static_best,False,0.0,0.0,kivi_4bit_residual64,0.0,,risk_evidence_insufficient,0.0,static_best,0.0,,,,hybrid-session-026-turn-0,2.1875,0.0,2.1875,0.0,0.0,/DATACENTER3/zhenxiang.wang/work/TailGuardKV/.worktrees/baseline-smoke-final-aggregation/out/full_25session_baseline_9_14/full/policy_attempts/full40_20260916_h2o_static_safe/seed20260906,True,calibrated safe,hybrid-session-026,chat,121.85825710184872,0,risk_evidence_insufficient
kivi_4bit_residual64,13.0,0.1,False,True,online_qwen,True,,/DATACENTER3/zhenxiang.wang/work/TailGuardKV/.worktrees/baseline-smoke-final-aggregation/out/full_25session_baseline_9_14/full/policy_attempts/full40_20260916_h2o_static_safe/seed20260906/config.yaml,,,,,0.1,True,,0.05,,2.625,False,kivi_4bit_residual64,True,,balanced_two_gpu,1,persistent,28069.916886044666,12121,32051.38770886697,,,20.0,19.135498046875,2.619873046875,2.619873046875,2.619873046875,5084.590198006481,unknown,True,,True,,False,,15141.98681640625,True,static_best,False,0.0,0.0,kivi_4bit_residual64,0.0,,risk_evidence_insufficient,0.0,static_best,126.3267679605633,,,,hybrid-session-002-turn-1,2.619873046875,0.0,2.619873046875,0.0,0.0,/DATACENTER3/zhenxiang.wang/work/TailGuardKV/.worktrees/baseline-smoke-final-aggregation/out/full_25session_baseline_9_14/full/policy_attempts/full40_20260916_h2o_static_safe/seed20260906,True,calibrated safe,hybrid-session-002,chat,127.14827503077686,1,risk_evidence_insufficient
kivi_4bit_residual64,13.0,0.1,True,False,online_qwen,False,,/DATACENTER3/zhenxiang.wang/work/TailGuardKV/.worktrees/baseline-smoke-final-aggregation/out/full_25session_baseline_9_14/full/policy_attempts/full40_20260916_h2o_static_safe/seed20260906/config.yaml,,,,,0.1,True,,0.05,"OutOfMemoryError: CUDA out of memory. Tried to allocate 24.00 MiB. GPU 0 has a total capacity of 10.75 GiB of which 13.62 MiB is free. Including non-PyTorch memory, this process has 7.81 GiB memory in use. Process 13006 has 2.93 GiB memory in use. Of the allocated memory 6.90 GiB is allocated by PyTorch, and 115.17 MiB is reserved by PyTorch but unallocated. If reserved but unallocated memory is large try setting PYTORCH_CUDA_ALLOC_CONF=expandable_segments:True to avoid fragmentation.  See documentation for Memory Management  (https://pytorch.org/docs/stable/notes/cuda.html#environment-variables)",19.135498046875,False,kivi_4bit_residual64,True,,balanced_two_gpu,1,persistent,28069.916886044666,12121,32051.38770886697,true,,20.0,0.0,,,,,unknown,False,,False,,False,,,True,static_best,False,0.0,0.0,kivi_4bit_residual64,0.0,,risk_evidence_insufficient,0.0,static_best,0.0,,,,hybrid-session-003-turn-1,0.0,0.0,,0.0,0.0,/DATACENTER3/zhenxiang.wang/work/TailGuardKV/.worktrees/baseline-smoke-final-aggregation/out/full_25session_baseline_9_14/full/policy_attempts/full40_20260916_h2o_static_safe/seed20260906,True,calibrated safe,hybrid-session-003,chat,,1,risk_evidence_insufficient
kivi_4bit_residual64,13.0,0.1,False,False,online_qwen,False,,/DATACENTER3/zhenxiang.wang/work/TailGuardKV/.worktrees/baseline-smoke-final-aggregation/out/full_25session_baseline_9_14/full/policy_attempts/full40_20260916_h2o_static_safe/seed20260906/config.yaml,,,,,0.1,True,,0.05,,0,False,kivi_4bit_residual64,True,,balanced_two_gpu,1,persistent,28069.916886044666,12121,32051.38770886697,,,20.0,3.337646484375,3.337646484375,3.337646484375,3.337646484375,45076.89110708237,unknown,True,,True,,False,,15152.41064453125,True,static_best,False,0.0,0.0,kivi_4bit_residual64,0.0,,risk_evidence_insufficient,0.0,static_best,43233.157580083236,,,,hybrid-session-004-turn-1,3.337646484375,0.0,3.337646484375,0.0,0.0,/DATACENTER3/zhenxiang.wang/work/TailGuardKV/.worktrees/baseline-smoke-final-aggregation/out/full_25session_baseline_9_14/full/policy_attempts/full40_20260916_h2o_static_safe/seed20260906,True,calibrated safe,hybrid-session-004,chat,43234.10727113299,1,risk_evidence_insufficient
kivi_4bit_residual64,13.0,0.1,False,False,online_qwen,False,,/DATACENTER3/zhenxiang.wang/work/TailGuardKV/.worktrees/baseline-smoke-final-aggregation/out/full_25session_baseline_9_14/full/policy_attempts/full40_20260916_h2o_static_safe/seed20260906/config.yaml,,,,,0.1,True,,0.05,,0,False,kivi_4bit_residual64,True,,balanced_two_gpu,1,persistent,28069.916886044666,12121,32051.38770886697,,,20.0,6.208740234375,2.87109375,2.87109375,2.87109375,2200.3326918929815,unknown,True,,True,,False,,15136.59912109375,True,static_best,False,0.0,0.0,kivi_4bit_residual64,0.0,,risk_evidence_insufficient,0.0,static_best,177.5953690521419,,,,hybrid-session-005-turn-1,2.87109375,0.0,2.87109375,0.0,0.0,/DATACENTER3/zhenxiang.wang/work/TailGuardKV/.worktrees/baseline-smoke-final-aggregation/out/full_25session_baseline_9_14/full/policy_attempts/full40_20260916_h2o_static_safe/seed20260906,True,calibrated safe,hybrid-session-005,chat,178.48357697948813,1,risk_evidence_insufficient
kivi_4bit_residual64,13.0,0.1,False,False,online_qwen,False,,/DATACENTER3/zhenxiang.wang/work/TailGuardKV/.worktrees/baseline-smoke-final-aggregation/out/full_25session_baseline_9_14/full/policy_attempts/full40_20260916_h2o_static_safe/seed20260906/config.yaml,,,,,0.1,True,,0.05,,0,False,kivi_4bit_residual64,True,,balanced_two_gpu,1,persistent,28069.916886044666,12121,32051.38770886697,,,20.0,9.725830078125,3.51708984375,3.51708984375,3.51708984375,2378.009838052094,unknown,True,,True,,False,,15164.60791015625,True,static_best,False,0.0,0.0,kivi_4bit_residual64,0.0,,risk_evidence_insufficient,0.0,static_best,202.34133303165436,,,,hybrid-session-006-turn-1,3.51708984375,0.0,3.51708984375,0.0,0.0,/DATACENTER3/zhenxiang.wang/work/TailGuardKV/.worktrees/baseline-smoke-final-aggregation/out/full_25session_baseline_9_14/full/policy_attempts/full40_20260916_h2o_static_safe/seed20260906,True,calibrated safe,hybrid-session-006,chat,203.31209595315158,1,risk_evidence_insufficient
kivi_4bit_residual64,13.0,0.1,False,False,online_qwen,False,,/DATACENTER3/zhenxiang.wang/work/TailGuardKV/.worktrees/baseline-smoke-final-aggregation/out/full_25session_baseline_9_14/full/policy_attempts/full40_20260916_h2o_static_safe/seed20260906/config.yaml,,,,,0.1,True,,0.05,,0,False,kivi_4bit_residual64,True,,balanced_two_gpu,1,persistent,28069.916886044666,12121,32051.38770886697,,,20.0,12.022705078125,2.296875,2.296875,2.296875,1722.8549451101571,unknown,True,,True,,False,,15118.29150390625,True,static_best,False,0.0,0.0,kivi_4bit_residual64,0.0,,risk_evidence_insufficient,0.0,static_best,126.61652290262282,,,,hybrid-session-009-turn-1,2.296875,0.0,2.296875,0.0,0.0,/DATACENTER3/zhenxiang.wang/work/TailGuardKV/.worktrees/baseline-smoke-final-aggregation/out/full_25session_baseline_9_14/full/policy_attempts/full40_20260916_h2o_static_safe/seed20260906,True,calibrated safe,hybrid-session-009,chat,127.51974607817829,1,risk_evidence_insufficient
kivi_4bit_residual64,13.0,0.1,False,False,online_qwen,False,,/DATACENTER3/zhenxiang.wang/work/TailGuardKV/.worktrees/baseline-smoke-final-aggregation/out/full_25session_baseline_9_14/full/policy_attempts/full40_20260916_h2o_static_safe/seed20260906/config.yaml,,,,,0.1,True,,0.05,,0,False,kivi_4bit_residual64,True,,balanced_two_gpu,1,persistent,28069.916886044666,12121,32051.38770886697,,,20.0,15.303955078125,3.28125,3.28125,3.28125,1655.9296210762113,unknown,True,,True,,False,,15114.54150390625,True,static_best,False,0.0,0.0,kivi_4bit_residual64,0.0,,risk_evidence_insufficient,0.0,static_best,114.032814046368,,,,hybrid-session-010-turn-1,3.28125,0.0,3.28125,0.0,0.0,/DATACENTER3/zhenxiang.wang/work/TailGuardKV/.worktrees/baseline-smoke-final-aggregation/out/full_25session_baseline_9_14/full/policy_attempts/full40_20260916_h2o_static_safe/seed20260906,True,calibrated safe,hybrid-session-010,chat,114.90946589037776,1,risk_evidence_insufficient
kivi_4bit_residual64,13.0,0.1,False,False,online_qwen,False,,/DATACENTER3/zhenxiang.wang/work/TailGuardKV/.worktrees/baseline-smoke-final-aggregation/out/full_25session_baseline_9_14/full/policy_attempts/full40_20260916_h2o_static_safe/seed20260906/config.yaml,,,,,0.1,True,,0.05,,0,False,kivi_4bit_residual64,True,,balanced_two_gpu,1,persistent,28069.916886044666,12121,32051.38770886697,,,20.0,18.639892578125,3.3359375,3.3359375,3.3359375,1678.4085389226675,unknown,True,,True,,False,,15119.33447265625,True,static_best,False,0.0,0.0,kivi_4bit_residual64,0.0,,risk_evidence_insufficient,0.0,static_best,118.19095513783395,,,,hybrid-session-013-turn-1,3.3359375,0.0,3.3359375,0.0,0.0,/DATACENTER3/zhenxiang.wang/work/TailGuardKV/.worktrees/baseline-smoke-final-aggregation/out/full_25session_baseline_9_14/full/policy_attempts/full40_20260916_h2o_static_safe/seed20260906,True,calibrated safe,hybrid-session-013,chat,118.97068400867283,1,risk_evidence_insufficient
kivi_4bit_residual64,13.0,0.1,False,True,online_qwen,True,,/DATACENTER3/zhenxiang.wang/work/TailGuardKV/.worktrees/baseline-smoke-final-aggregation/out/full_25session_baseline_9_14/full/policy_attempts/full40_20260916_h2o_static_safe/seed20260906/config.yaml,,,,,0.1,True,,0.05,,3.337646484375,False,kivi_4bit_residual64,True,,balanced_two_gpu,1,persistent,28069.916886044666,12121,32051.38770886697,,,20.0,18.065673828125,2.763427734375,2.763427734375,2.763427734375,2110.5492010246962,unknown,True,,True,,False,,15146.85791015625,True,static_best,False,0.0,0.0,kivi_4bit_residual64,0.0,,risk_evidence_insufficient,0.0,static_best,128.1691479962319,,,,hybrid-session-016-turn-1,2.763427734375,0.0,2.763427734375,0.0,0.0,/DATACENTER3/zhenxiang.wang/work/TailGuardKV/.worktrees/baseline-smoke-final-aggregation/out/full_25session_baseline_9_14/full/policy_attempts/full40_20260916_h2o_static_safe/seed20260906,True,calibrated safe,hybrid-session-016,chat,128.93845001235604,1,risk_evidence_insufficient
kivi_4bit_residual64,13.0,0.1,False,True,online_qwen,True,,/DATACENTER3/zhenxiang.wang/work/TailGuardKV/.worktrees/baseline-smoke-final-aggregation/out/full_25session_baseline_9_14/full/policy_attempts/full40_20260916_h2o_static_safe/seed20260906/config.yaml,,,,,0.1,True,,0.05,,2.87109375,False,kivi_4bit_residual64,True,,balanced_two_gpu,1,persistent,28069.916886044666,12121,32051.38770886697,,,20.0,18.065673828125,2.87109375,2.87109375,2.87109375,2535.2100480813533,unknown,True,,True,,False,,15151.94091796875,True,static_best,False,0.0,0.0,kivi_4bit_residual64,0.0,,risk_evidence_insufficient,0.0,static_best,181.30475701764226,,,,hybrid-session-020-turn-1,2.87109375,0.0,2.87109375,0.0,0.0,/DATACENTER3/zhenxiang.wang/work/TailGuardKV/.worktrees/baseline-smoke-final-aggregation/out/full_25session_baseline_9_14/full/policy_attempts/full40_20260916_h2o_static_safe/seed20260906,True,calibrated safe,hybrid-session-020,chat,182.13555100373924,1,risk_evidence_insufficient
kivi_4bit_residual64,13.0,0.1,False,True,online_qwen,True,,/DATACENTER3/zhenxiang.wang/work/TailGuardKV/.worktrees/baseline-smoke-final-aggregation/out/full_25session_baseline_9_14/full/policy_attempts/full40_20260916_h2o_static_safe/seed20260906/config.yaml,,,,,0.1,True,,0.05,,3.51708984375,False,kivi_4bit_residual64,True,,balanced_two_gpu,1,persistent,28069.916886044666,12121,32051.38770886697,,,20.0,17.59912109375,3.050537109375,3.050537109375,3.050537109375,2585.3710318915546,unknown,True,,True,,False,,15157.07470703125,True,static_best,False,0.0,0.0,kivi_4bit_residual64,0.0,,risk_evidence_insufficient,0.0,static_best,196.97716692462564,,,,hybrid-session-021-turn-1,3.050537109375,0.0,3.050537109375,0.0,0.0,/DATACENTER3/zhenxiang.wang/work/TailGuardKV/.worktrees/baseline-smoke-final-aggregation/out/full_25session_baseline_9_14/full/policy_attempts/full40_20260916_h2o_static_safe/seed20260906,True,calibrated safe,hybrid-session-021,chat,197.7758549619466,1,risk_evidence_insufficient
kivi_4bit_residual64,13.0,0.1,False,True,online_qwen,True,,/DATACENTER3/zhenxiang.wang/work/TailGuardKV/.worktrees/baseline-smoke-final-aggregation/out/full_25session_baseline_9_14/full/policy_attempts/full40_20260916_h2o_static_safe/seed20260906/config.yaml,,,,,0.1,True,,0.05,,2.296875,False,kivi_4bit_residual64,True,,balanced_two_gpu,1,persistent,28069.916886044666,12121,32051.38770886697,,,20.0,18.69287109375,3.390625,3.390625,3.390625,1558.2983868662268,unknown,True,,True,,False,,15124.98388671875,True,static_best,False,0.005128205128205128,0.005128205128205128,kivi_4bit_residual64,0.005128205128205128,,risk_evidence_insufficient,0.0,static_best,113.80124092102051,,,,hybrid-session-025-turn-1,3.390625,0.0,3.390625,0.0,0.005128205128205128,/DATACENTER3/zhenxiang.wang/work/TailGuardKV/.worktrees/baseline-smoke-final-aggregation/out/full_25session_baseline_9_14/full/policy_attempts/full40_20260916_h2o_static_safe/seed20260906,True,calibrated safe,hybrid-session-025,chat,114.55889884382486,1,risk_evidence_insufficient
kivi_4bit_residual64,13.0,0.1,False,True,online_qwen,True,,/DATACENTER3/zhenxiang.wang/work/TailGuardKV/.worktrees/baseline-smoke-final-aggregation/out/full_25session_baseline_9_14/full/policy_attempts/full40_20260916_h2o_static_safe/seed20260906/config.yaml,,,,,0.1,True,,0.05,,3.28125,False,kivi_4bit_residual64,True,,balanced_two_gpu,1,persistent,28069.916886044666,12121,32051.38770886697,,,20.0,18.498046875,3.08642578125,3.08642578125,3.08642578125,2584.292304003611,unknown,True,,True,,False,,15160.82470703125,True,static_best,False,0.0,0.0,kivi_4bit_residual64,0.0,,risk_evidence_insufficient,0.0,static_best,190.3510440606624,,,,hybrid-session-026-turn-1,3.08642578125,0.0,3.08642578125,0.0,0.0,/DATACENTER3/zhenxiang.wang/work/TailGuardKV/.worktrees/baseline-smoke-final-aggregation/out/full_25session_baseline_9_14/full/policy_attempts/full40_20260916_h2o_static_safe/seed20260906,True,calibrated safe,hybrid-session-026,chat,191.1136929411441,1,risk_evidence_insufficient
kivi_4bit_residual64,13.0,0.1,True,False,online_qwen,False,,/DATACENTER3/zhenxiang.wang/work/TailGuardKV/.worktrees/baseline-smoke-final-aggregation/out/full_25session_baseline_9_14/full/policy_attempts/full40_20260916_h2o_static_safe/seed20260906/config.yaml,,,,,0.1,True,,0.05,"OutOfMemoryError: CUDA out of memory. Tried to allocate 20.00 MiB. GPU 0 has a total capacity of 10.75 GiB of which 11.62 MiB is free. Including non-PyTorch memory, this process has 7.81 GiB memory in use. Process 14365 has 2.93 GiB memory in use. Of the allocated memory 6.91 GiB is allocated by PyTorch, and 107.09 MiB is reserved by PyTorch but unallocated. If reserved but unallocated memory is large try setting PYTORCH_CUDA_ALLOC_CONF=expandable_segments:True to avoid fragmentation.  See documentation for Memory Management  (https://pytorch.org/docs/stable/notes/cuda.html#environment-variables)",18.498046875,False,kivi_4bit_residual64,True,,balanced_two_gpu,1,persistent,28069.916886044666,12121,32051.38770886697,true,,20.0,0.0,,,,,unknown,False,,False,,False,,,True,static_best,False,0.0,0.0,kivi_4bit_residual64,0.0,,risk_evidence_insufficient,0.0,static_best,0.0,,,,hybrid-session-002-turn-2,0.0,0.0,,0.0,0.0,/DATACENTER3/zhenxiang.wang/work/TailGuardKV/.worktrees/baseline-smoke-final-aggregation/out/full_25session_baseline_9_14/full/policy_attempts/full40_20260916_h2o_static_safe/seed20260906,True,calibrated safe,hybrid-session-002,qa,,2,risk_evidence_insufficient
kivi_4bit_residual64,13.0,0.1,False,False,online_qwen,False,,/DATACENTER3/zhenxiang.wang/work/TailGuardKV/.worktrees/baseline-smoke-final-aggregation/out/full_25session_baseline_9_14/full/policy_attempts/full40_20260916_h2o_static_safe/seed20260906/config.yaml,,,,,0.1,True,,0.05,,0,False,kivi_4bit_residual64,True,,balanced_two_gpu,1,persistent,28069.916886044666,12121,32051.38770886697,,,20.0,4.287841796875,4.287841796875,4.287841796875,4.287841796875,44498.688488960266,unknown,True,,True,,False,,15239.28369140625,True,static_best,False,0.0,0.0,kivi_4bit_residual64,0.0,,risk_evidence_insufficient,0.0,static_best,42647.600317833945,,,,hybrid-session-003-turn-2,4.287841796875,0.0,4.287841796875,0.0,0.0,/DATACENTER3/zhenxiang.wang/work/TailGuardKV/.worktrees/baseline-smoke-final-aggregation/out/full_25session_baseline_9_14/full/policy_attempts/full40_20260916_h2o_static_safe/seed20260906,True,calibrated safe,hybrid-session-003,summary,42648.431200062856,2,risk_evidence_insufficient
kivi_4bit_residual64,13.0,0.1,False,False,online_qwen,False,,/DATACENTER3/zhenxiang.wang/work/TailGuardKV/.worktrees/baseline-smoke-final-aggregation/out/full_25session_baseline_9_14/full/policy_attempts/full40_20260916_h2o_static_safe/seed20260906/config.yaml,,,,,0.1,True,,0.05,,0,False,kivi_4bit_residual64,True,,balanced_two_gpu,1,persistent,28069.916886044666,12121,32051.38770886697,,,20.0,9.202880859375,4.9150390625,4.9150390625,4.9150390625,2174.4520131032914,unknown,True,,True,,False,,15320.66357421875,True,static_best,False,0.03418803418803419,0.03418803418803419,kivi_4bit_residual64,0.03418803418803419,,risk_evidence_insufficient,0.0,static_best,238.67629002779722,,,,hybrid-session-004-turn-2,4.9150390625,0.0,4.9150390625,0.0,0.3418803418803419,/DATACENTER3/zhenxiang.wang/work/TailGuardKV/.worktrees/baseline-smoke-final-aggregation/out/full_25session_baseline_9_14/full/policy_attempts/full40_20260916_h2o_static_safe/seed20260906,False,calibrated unsafe,hybrid-session-004,qa,239.57855603657663,2,risk_evidence_insufficient
kivi_4bit_residual64,13.0,0.1,False,False,online_qwen,False,,/DATACENTER3/zhenxiang.wang/work/TailGuardKV/.worktrees/baseline-smoke-final-aggregation/out/full_25session_baseline_9_14/full/policy_attempts/full40_20260916_h2o_static_safe/seed20260906/config.yaml,,,,,0.1,True,,0.05,,0,False,kivi_4bit_residual64,True,,balanced_two_gpu,1,persistent,28069.916886044666,12121,32051.38770886697,,,20.0,13.86669921875,4.663818359375,4.663818359375,4.663818359375,2630.531982984394,unknown,True,,True,,False,,15314.46337890625,True,static_best,False,0.0,0.0,kivi_4bit_residual64,0.0,,risk_evidence_insufficient,0.0,static_best,246.77655892446637,,,,hybrid-session-005-turn-2,4.663818359375,0.0,4.663818359375,0.0,0.0,/DATACENTER3/zhenxiang.wang/work/TailGuardKV/.worktrees/baseline-smoke-final-aggregation/out/full_25session_baseline_9_14/full/policy_attempts/full40_20260916_h2o_static_safe/seed20260906,True,calibrated safe,hybrid-session-005,summary,247.51443602144718,2,risk_evidence_insufficient
kivi_4bit_residual64,13.0,0.1,False,True,online_qwen,True,,/DATACENTER3/zhenxiang.wang/work/TailGuardKV/.worktrees/baseline-smoke-final-aggregation/out/full_25session_baseline_9_14/full/policy_attempts/full40_20260916_h2o_static_safe/seed20260906/config.yaml,,,,,0.1,True,,0.05,,4.287841796875,False,kivi_4bit_residual64,True,,balanced_two_gpu,1,persistent,28069.916886044666,12121,32051.38770886697,,,20.0,15.785888671875,6.20703125,6.20703125,6.20703125,2119.7410761378706,unknown,True,,True,,False,,15382.86279296875,True,static_best,False,0.03418803418803419,0.03418803418803419,kivi_4bit_residual64,0.03418803418803419,,risk_evidence_insufficient,0.0,static_best,256.3812311273068,,,,hybrid-session-006-turn-2,6.20703125,0.0,6.20703125,0.0,0.3418803418803419,/DATACENTER3/zhenxiang.wang/work/TailGuardKV/.worktrees/baseline-smoke-final-aggregation/out/full_25session_baseline_9_14/full/policy_attempts/full40_20260916_h2o_static_safe/seed20260906,False,calibrated unsafe,hybrid-session-006,qa,257.1430311072618,2,risk_evidence_insufficient
kivi_4bit_residual64,13.0,0.1,False,True,online_qwen,True,,/DATACENTER3/zhenxiang.wang/work/TailGuardKV/.worktrees/baseline-smoke-final-aggregation/out/full_25session_baseline_9_14/full/policy_attempts/full40_20260916_h2o_static_safe/seed20260906/config.yaml,,,,,0.1,True,,0.05,,4.9150390625,False,kivi_4bit_residual64,True,,balanced_two_gpu,1,persistent,28069.916886044666,12121,32051.38770886697,,,20.0,16.02001953125,5.149169921875,5.149169921875,5.149169921875,2632.0163561031222,unknown,True,,True,,False,,15291.39306640625,True,static_best,False,0.0,0.0,kivi_4bit_residual64,0.0,,risk_evidence_insufficient,0.0,static_best,235.9715171623975,,,,hybrid-session-009-turn-2,5.149169921875,0.0,5.149169921875,0.0,0.0,/DATACENTER3/zhenxiang.wang/work/TailGuardKV/.worktrees/baseline-smoke-final-aggregation/out/full_25session_baseline_9_14/full/policy_attempts/full40_20260916_h2o_static_safe/seed20260906,True,calibrated safe,hybrid-session-009,summary,236.71704693697393,2,risk_evidence_insufficient
kivi_4bit_residual64,13.0,0.1,False,True,online_qwen,True,,/DATACENTER3/zhenxiang.wang/work/TailGuardKV/.worktrees/baseline-smoke-final-aggregation/out/full_25session_baseline_9_14/full/policy_attempts/full40_20260916_h2o_static_safe/seed20260906/config.yaml,,,,,0.1,True,,0.05,,4.663818359375,False,kivi_4bit_residual64,True,,balanced_two_gpu,1,persistent,28069.916886044666,12121,32051.38770886697,,,20.0,16.93603515625,5.579833984375,5.579833984375,5.579833984375,2603.0094851739705,unknown,True,,True,,False,,15309.41064453125,True,static_best,False,0.0,0.0,kivi_4bit_residual64,0.0,,risk_evidence_insufficient,0.0,static_best,234.14384992793202,,,,hybrid-session-010-turn-2,5.579833984375,0.0,5.579833984375,0.0,0.0,/DATACENTER3/zhenxiang.wang/work/TailGuardKV/.worktrees/baseline-smoke-final-aggregation/out/full_25session_baseline_9_14/full/policy_attempts/full40_20260916_h2o_static_safe/seed20260906,True,calibrated safe,hybrid-session-010,qa,234.9032291676849,2,risk_evidence_insufficient
kivi_4bit_residual64,13.0,0.1,True,False,online_qwen,False,,/DATACENTER3/zhenxiang.wang/work/TailGuardKV/.worktrees/baseline-smoke-final-aggregation/out/full_25session_baseline_9_14/full/policy_attempts/full40_20260916_h2o_static_safe/seed20260906/config.yaml,,,,,0.1,True,,0.05,"OutOfMemoryError: CUDA out of memory. Tried to allocate 20.00 MiB. GPU 0 has a total capacity of 10.75 GiB of which 13.62 MiB is free. Including non-PyTorch memory, this process has 7.81 GiB memory in use. Process 15731 has 2.93 GiB memory in use. Of the allocated memory 6.91 GiB is allocated by PyTorch, and 106.43 MiB is reserved by PyTorch but unallocated. If reserved but unallocated memory is large try setting PYTORCH_CUDA_ALLOC_CONF=expandable_segments:True to avoid fragmentation.  See documentation for Memory Management  (https://pytorch.org/docs/stable/notes/cuda.html#environment-variables)",16.93603515625,False,kivi_4bit_residual64,True,,balanced_two_gpu,1,persistent,28069.916886044666,12121,32051.38770886697,true,,20.0,0.0,,,,,unknown,False,,False,,False,,,True,static_best,False,0.0,0.0,kivi_4bit_residual64,0.0,,risk_evidence_insufficient,0.0,static_best,0.0,,,,hybrid-session-013-turn-2,0.0,0.0,,0.0,0.0,/DATACENTER3/zhenxiang.wang/work/TailGuardKV/.worktrees/baseline-smoke-final-aggregation/out/full_25session_baseline_9_14/full/policy_attempts/full40_20260916_h2o_static_safe/seed20260906,True,calibrated safe,hybrid-session-013,summary,,2,risk_evidence_insufficient
kivi_4bit_residual64,13.0,0.1,False,False,online_qwen,False,,/DATACENTER3/zhenxiang.wang/work/TailGuardKV/.worktrees/baseline-smoke-final-aggregation/out/full_25session_baseline_9_14/full/policy_attempts/full40_20260916_h2o_static_safe/seed20260906/config.yaml,,,,,0.1,True,,0.05,,0,False,kivi_4bit_residual64,True,,balanced_two_gpu,1,persistent,28069.916886044666,12121,32051.38770886697,,,20.0,4.69970703125,4.69970703125,4.69970703125,4.69970703125,45003.27200508118,unknown,True,,True,,False,,15307.64306640625,True,static_best,False,0.0,0.0,kivi_4bit_residual64,0.0,,risk_evidence_insufficient,0.0,static_best,43067.64706196636,,,,hybrid-session-016-turn-2,4.69970703125,0.0,4.69970703125,0.0,0.0,/DATACENTER3/zhenxiang.wang/work/TailGuardKV/.worktrees/baseline-smoke-final-aggregation/out/full_25session_baseline_9_14/full/policy_attempts/full40_20260916_h2o_static_safe/seed20260906,True,calibrated safe,hybrid-session-016,qa,43068.637824108824,2,risk_evidence_insufficient
kivi_4bit_residual64,13.0,0.1,True,False,online_qwen,False,,/DATACENTER3/zhenxiang.wang/work/TailGuardKV/.worktrees/baseline-smoke-final-aggregation/out/full_25session_baseline_9_14/full/policy_attempts/full40_20260916_h2o_static_safe/seed20260906/config.yaml,,,,,0.1,True,,0.05,,0,False,kivi_4bit_residual64,True,,balanced_two_gpu,1,persistent,28069.916886044666,12121,32051.38770886697,,,20.0,9.435302734375,4.735595703125,4.735595703125,4.735595703125,2237.293743994087,unknown,True,,True,,False,,15313.55322265625,True,static_best,False,0.03418803418803419,0.03418803418803419,kivi_4bit_residual64,0.03418803418803419,,risk_evidence_insufficient,0.0,static_best,234.2702830210328,,,,hybrid-session-020-turn-2,4.735595703125,0.0,4.735595703125,0.0,0.3418803418803419,/DATACENTER3/zhenxiang.wang/work/TailGuardKV/.worktrees/baseline-smoke-final-aggregation/out/full_25session_baseline_9_14/full/policy_attempts/full40_20260916_h2o_static_safe/seed20260906,False,calibrated unsafe,hybrid-session-020,qa,235.3010131046176,2,risk_evidence_insufficient
kivi_4bit_residual64,13.0,0.1,False,False,online_qwen,False,,/DATACENTER3/zhenxiang.wang/work/TailGuardKV/.worktrees/baseline-smoke-final-aggregation/out/full_25session_baseline_9_14/full/policy_attempts/full40_20260916_h2o_static_safe/seed20260906/config.yaml,,,,,0.1,True,,0.05,,0,False,kivi_4bit_residual64,True,,balanced_two_gpu,1,persistent,28069.916886044666,12121,32051.38770886697,,,20.0,14.52978515625,5.094482421875,5.094482421875,5.094482421875,2716.363385086879,unknown,True,,True,,False,,15331.34814453125,True,static_best,False,0.0,0.0,kivi_4bit_residual64,0.0,,risk_evidence_insufficient,0.0,static_best,270.42053802870214,,,,hybrid-session-021-turn-2,5.094482421875,0.0,5.094482421875,0.0,0.0,/DATACENTER3/zhenxiang.wang/work/TailGuardKV/.worktrees/baseline-smoke-final-aggregation/out/full_25session_baseline_9_14/full/policy_attempts/full40_20260916_h2o_static_safe/seed20260906,True,calibrated safe,hybrid-session-021,summary,271.27769007347524,2,risk_evidence_insufficient
kivi_4bit_residual64,13.0,0.1,False,False,online_qwen,False,,/DATACENTER3/zhenxiang.wang/work/TailGuardKV/.worktrees/baseline-smoke-final-aggregation/out/full_25session_baseline_9_14/full/policy_attempts/full40_20260916_h2o_static_safe/seed20260906/config.yaml,,,,,0.1,True,,0.05,,0,False,kivi_4bit_residual64,True,,balanced_two_gpu,1,persistent,28069.916886044666,12121,32051.38770886697,,,20.0,19.966064453125,5.436279296875,5.436279296875,5.436279296875,2655.620372854173,unknown,True,,True,,False,,15301.99658203125,True,static_best,False,0.0,0.0,kivi_4bit_residual64,0.0,,risk_evidence_insufficient,0.0,static_best,236.21865804307163,,,,hybrid-session-025-turn-2,5.436279296875,0.0,5.436279296875,0.0,0.0,/DATACENTER3/zhenxiang.wang/work/TailGuardKV/.worktrees/baseline-smoke-final-aggregation/out/full_25session_baseline_9_14/full/policy_attempts/full40_20260916_h2o_static_safe/seed20260906,True,calibrated safe,hybrid-session-025,summary,237.12289705872536,2,risk_evidence_insufficient
kivi_4bit_residual64,13.0,0.1,False,True,online_qwen,True,,/DATACENTER3/zhenxiang.wang/work/TailGuardKV/.worktrees/baseline-smoke-final-aggregation/out/full_25session_baseline_9_14/full/policy_attempts/full40_20260916_h2o_static_safe/seed20260906/config.yaml,,,,,0.1,True,,0.05,,9.435302734375,False,kivi_4bit_residual64,True,,balanced_two_gpu,1,persistent,28069.916886044666,12121,32051.38770886697,,,20.0,15.73291015625,5.2021484375,5.2021484375,5.2021484375,2358.2891039550304,unknown,True,,True,,False,,15346.38427734375,True,static_best,False,0.03418803418803419,0.03418803418803419,kivi_4bit_residual64,0.03418803418803419,,risk_evidence_insufficient,0.0,static_best,264.72058589570224,,,,hybrid-session-026-turn-2,5.2021484375,0.0,5.2021484375,0.0,0.3418803418803419,/DATACENTER3/zhenxiang.wang/work/TailGuardKV/.worktrees/baseline-smoke-final-aggregation/out/full_25session_baseline_9_14/full/policy_attempts/full40_20260916_h2o_static_safe/seed20260906,False,calibrated unsafe,hybrid-session-026,qa,265.6336869113147,2,risk_evidence_insufficient
kivi_4bit_residual64,13.0,0.1,False,True,online_qwen,True,,/DATACENTER3/zhenxiang.wang/work/TailGuardKV/.worktrees/baseline-smoke-final-aggregation/out/full_25session_baseline_9_14/full/policy_attempts/full40_20260916_h2o_static_safe/seed20260906/config.yaml,,,,,0.1,True,,0.05,,5.094482421875,False,kivi_4bit_residual64,True,,balanced_two_gpu,1,persistent,28069.916886044666,12121,32051.38770886697,,,20.0,14.9091796875,4.270751953125,4.270751953125,4.270751953125,2656.453608069569,unknown,True,,True,,False,,15205.53369140625,True,static_best,False,0.0,0.0,kivi_4bit_residual64,0.0,,risk_evidence_insufficient,0.0,static_best,203.18604283966124,,,,hybrid-session-002-turn-3,4.270751953125,0.0,4.270751953125,0.0,0.0,/DATACENTER3/zhenxiang.wang/work/TailGuardKV/.worktrees/baseline-smoke-final-aggregation/out/full_25session_baseline_9_14/full/policy_attempts/full40_20260916_h2o_static_safe/seed20260906,True,calibrated safe,hybrid-session-002,qa,204.00777691975236,3,risk_evidence_insufficient
kivi_4bit_residual64,13.0,0.1,False,False,online_qwen,False,,/DATACENTER3/zhenxiang.wang/work/TailGuardKV/.worktrees/baseline-smoke-final-aggregation/out/full_25session_baseline_9_14/full/policy_attempts/full40_20260916_h2o_static_safe/seed20260906/config.yaml,,,,,0.1,True,,0.05,,0,False,kivi_4bit_residual64,True,,balanced_two_gpu,1,persistent,28069.916886044666,12121,32051.38770886697,,,20.0,19.644775390625,4.735595703125,4.735595703125,4.735595703125,2681.3462988939136,unknown,True,,True,,False,,15323.80712890625,True,static_best,False,0.0,0.0,kivi_4bit_residual64,0.0,,risk_evidence_insufficient,0.0,static_best,240.3108598664403,,,,hybrid-session-003-turn-3,4.735595703125,0.0,4.735595703125,0.0,0.0,/DATACENTER3/zhenxiang.wang/work/TailGuardKV/.worktrees/baseline-smoke-final-aggregation/out/full_25session_baseline_9_14/full/policy_attempts/full40_20260916_h2o_static_safe/seed20260906,True,calibrated safe,hybrid-session-003,summary,241.11660500057042,3,risk_evidence_insufficient
kivi_4bit_residual64,13.0,0.1,False,True,online_qwen,True,,/DATACENTER3/zhenxiang.wang/work/TailGuardKV/.worktrees/baseline-smoke-final-aggregation/out/full_25session_baseline_9_14/full/policy_attempts/full40_20260916_h2o_static_safe/seed20260906/config.yaml,,,,,0.1,True,,0.05,,10.638427734375,False,kivi_4bit_residual64,True,,balanced_two_gpu,1,persistent,28069.916886044666,12121,32051.38770886697,,,20.0,15.608154296875,6.601806640625,6.601806640625,6.601806640625,2235.047332942486,unknown,True,,True,,False,,15405.00048828125,True,static_best,False,0.03418803418803419,0.03418803418803419,kivi_4bit_residual64,0.03418803418803419,,risk_evidence_insufficient,0.0,static_best,269.07972409389913,,,,hybrid-session-004-turn-3,6.601806640625,0.0,6.601806640625,0.0,0.3418803418803419,/DATACENTER3/zhenxiang.wang/work/TailGuardKV/.worktrees/baseline-smoke-final-aggregation/out/full_25session_baseline_9_14/full/policy_attempts/full40_20260916_h2o_static_safe/seed20260906,False,calibrated unsafe,hybrid-session-004,qa,269.8843739926815,3,risk_evidence_insufficient
kivi_4bit_residual64,13.0,0.1,False,True,online_qwen,True,,/DATACENTER3/zhenxiang.wang/work/TailGuardKV/.worktrees/baseline-smoke-final-aggregation/out/full_25session_baseline_9_14/full/policy_attempts/full40_20260916_h2o_static_safe/seed20260906/config.yaml,,,,,0.1,True,,0.05,,4.270751953125,False,kivi_4bit_residual64,True,,balanced_two_gpu,1,persistent,28069.916886044666,12121,32051.38770886697,,,20.0,17.652099609375,6.314697265625,6.314697265625,6.314697265625,2305.3182209841907,unknown,True,,True,,False,,15389.06494140625,True,static_best,False,0.0,0.0,kivi_4bit_residual64,0.0,,risk_evidence_insufficient,0.0,static_best,279.07506306655705,,,,hybrid-session-005-turn-3,6.314697265625,0.0,6.314697265625,0.0,0.0,/DATACENTER3/zhenxiang.wang/work/TailGuardKV/.worktrees/baseline-smoke-final-aggregation/out/full_25session_baseline_9_14/full/policy_attempts/full40_20260916_h2o_static_safe/seed20260906,True,calibrated safe,hybrid-session-005,summary,279.8777751158923,3,risk_evidence_insufficient
kivi_4bit_residual64,13.0,0.1,False,True,online_qwen,True,,/DATACENTER3/zhenxiang.wang/work/TailGuardKV/.worktrees/baseline-smoke-final-aggregation/out/full_25session_baseline_9_14/full/policy_attempts/full40_20260916_h2o_static_safe/seed20260906/config.yaml,,,,,0.1,True,,0.05,,4.735595703125,False,kivi_4bit_residual64,True,,balanced_two_gpu,1,persistent,28069.916886044666,12121,32051.38770886697,,,20.0,19.607177734375,6.690673828125,6.690673828125,6.690673828125,2790.0711088441312,unknown,True,,True,,False,,15455.7314453125,True,static_best,False,0.0,0.0,kivi_4bit_residual64,0.0,,risk_evidence_insufficient,0.0,static_best,338.12413713894784,,,,hybrid-session-006-turn-3,6.690673828125,0.0,6.690673828125,0.0,0.0,/DATACENTER3/zhenxiang.wang/work/TailGuardKV/.worktrees/baseline-smoke-final-aggregation/out/full_25session_baseline_9_14/full/policy_attempts/full40_20260916_h2o_static_safe/seed20260906,True,calibrated safe,hybrid-session-006,qa,338.9476470183581,3,risk_evidence_insufficient
kivi_4bit_residual64,13.0,0.1,False,True,online_qwen,True,,/DATACENTER3/zhenxiang.wang/work/TailGuardKV/.worktrees/baseline-smoke-final-aggregation/out/full_25session_baseline_9_14/full/policy_attempts/full40_20260916_h2o_static_safe/seed20260906/config.yaml,,,,,0.1,True,,0.05,,6.601806640625,False,kivi_4bit_residual64,True,,balanced_two_gpu,1,persistent,28069.916886044666,12121,32051.38770886697,,,20.0,18.602294921875,5.596923828125,5.596923828125,5.596923828125,2282.3899819049984,unknown,True,,True,,False,,15362.32666015625,True,static_best,False,0.0,0.0,kivi_4bit_residual64,0.0,,risk_evidence_insufficient,0.0,static_best,261.1178010702133,,,,hybrid-session-009-turn-3,5.596923828125,0.0,5.596923828125,0.0,0.0,/DATACENTER3/zhenxiang.wang/work/TailGuardKV/.worktrees/baseline-smoke-final-aggregation/out/full_25session_baseline_9_14/full/policy_attempts/full40_20260916_h2o_static_safe/seed20260906,True,calibrated safe,hybrid-session-009,summary,261.99891488067806,3,risk_evidence_insufficient
kivi_4bit_residual64,13.0,0.1,False,True,online_qwen,True,,/DATACENTER3/zhenxiang.wang/work/TailGuardKV/.worktrees/baseline-smoke-final-aggregation/out/full_25session_baseline_9_14/full/policy_attempts/full40_20260916_h2o_static_safe/seed20260906/config.yaml,,,,,0.1,True,,0.05,,6.314697265625,False,kivi_4bit_residual64,True,,balanced_two_gpu,1,persistent,28069.916886044666,12121,32051.38770886697,,,20.0,18.35107421875,6.0634765625,6.0634765625,6.0634765625,2713.388737058267,unknown,True,,True,,False,,15381.62841796875,True,static_best,False,0.0,0.0,kivi_4bit_residual64,0.0,,risk_evidence_insufficient,0.0,static_best,281.0465160291642,,,,hybrid-session-010-turn-3,6.0634765625,0.0,6.0634765625,0.0,0.0,/DATACENTER3/zhenxiang.wang/work/TailGuardKV/.worktrees/baseline-smoke-final-aggregation/out/full_25session_baseline_9_14/full/policy_attempts/full40_20260916_h2o_static_safe/seed20260906,True,calibrated safe,hybrid-session-010,qa,281.9915250875056,3,risk_evidence_insufficient
kivi_4bit_residual64,13.0,0.1,False,True,online_qwen,True,,/DATACENTER3/zhenxiang.wang/work/TailGuardKV/.worktrees/baseline-smoke-final-aggregation/out/full_25session_baseline_9_14/full/policy_attempts/full40_20260916_h2o_static_safe/seed20260906/config.yaml,,,,,0.1,True,,0.05,,6.690673828125,False,kivi_4bit_residual64,True,,balanced_two_gpu,1,persistent,28069.916886044666,12121,32051.38770886697,,,20.0,15.50048828125,3.840087890625,3.840087890625,3.840087890625,2644.729766063392,unknown,True,,True,,False,,15191.44775390625,True,static_best,False,0.0,0.0,kivi_4bit_residual64,0.0,,risk_evidence_insufficient,0.0,static_best,207.89890899322927,,,,hybrid-session-013-turn-3,3.840087890625,0.0,3.840087890625,0.0,0.0,/DATACENTER3/zhenxiang.wang/work/TailGuardKV/.worktrees/baseline-smoke-final-aggregation/out/full_25session_baseline_9_14/full/policy_attempts/full40_20260916_h2o_static_safe/seed20260906,True,calibrated safe,hybrid-session-013,summary,208.74571101740003,3,risk_evidence_insufficient
kivi_4bit_residual64,13.0,0.1,False,True,online_qwen,True,,/DATACENTER3/zhenxiang.wang/work/TailGuardKV/.worktrees/baseline-smoke-final-aggregation/out/full_25session_baseline_9_14/full/policy_attempts/full40_20260916_h2o_static_safe/seed20260906/config.yaml,,,,,0.1,True,,0.05,,5.596923828125,False,kivi_4bit_residual64,True,,balanced_two_gpu,1,persistent,28069.916886044666,12121,32051.38770886697,,,20.0,16.2900390625,6.386474609375,6.386474609375,6.386474609375,2718.1399317923933,unknown,True,,True,,False,,15393.06103515625,True,static_best,False,0.0,0.0,kivi_4bit_residual64,0.0,,risk_evidence_insufficient,0.0,static_best,271.3038600049913,,,,hybrid-session-016-turn-3,6.386474609375,0.0,6.386474609375,0.0,0.0,/DATACENTER3/zhenxiang.wang/work/TailGuardKV/.worktrees/baseline-smoke-final-aggregation/out/full_25session_baseline_9_14/full/policy_attempts/full40_20260916_h2o_static_safe/seed20260906,True,calibrated safe,hybrid-session-016,qa,272.17992884106934,3,risk_evidence_insufficient
kivi_4bit_residual64,13.0,0.1,False,True,online_qwen,True,,/DATACENTER3/zhenxiang.wang/work/TailGuardKV/.worktrees/baseline-smoke-final-aggregation/out/full_25session_baseline_9_14/full/policy_attempts/full40_20260916_h2o_static_safe/seed20260906/config.yaml,,,,,0.1,True,,0.05,,6.0634765625,False,kivi_4bit_residual64,True,,balanced_two_gpu,1,persistent,28069.916886044666,12121,32051.38770886697,,,20.0,16.613037109375,6.386474609375,6.386474609375,6.386474609375,2424.352078931406,unknown,True,,True,,False,,15393.86767578125,True,static_best,False,0.0,0.0,kivi_4bit_residual64,0.0,,risk_evidence_insufficient,0.0,static_best,265.0500831659883,,,,hybrid-session-020-turn-3,6.386474609375,0.0,6.386474609375,0.0,0.0,/DATACENTER3/zhenxiang.wang/work/TailGuardKV/.worktrees/baseline-smoke-final-aggregation/out/full_25session_baseline_9_14/full/policy_attempts/full40_20260916_h2o_static_safe/seed20260906,True,calibrated safe,hybrid-session-020,qa,265.7860571052879,3,risk_evidence_insufficient
kivi_4bit_residual64,13.0,0.1,False,True,online_qwen,True,,/DATACENTER3/zhenxiang.wang/work/TailGuardKV/.worktrees/baseline-smoke-final-aggregation/out/full_25session_baseline_9_14/full/policy_attempts/full40_20260916_h2o_static_safe/seed20260906/config.yaml,,,,,0.1,True,,0.05,,3.840087890625,False,kivi_4bit_residual64,True,,balanced_two_gpu,1,persistent,28069.916886044666,12121,32051.38770886697,,,20.0,19.518310546875,6.745361328125,6.745361328125,6.745361328125,2674.638334894553,unknown,True,,True,,False,,15409.85400390625,True,static_best,False,0.0,0.0,kivi_4bit_residual64,0.0,,risk_evidence_insufficient,0.0,static_best,270.0339329894632,,,,hybrid-session-021-turn-3,6.745361328125,0.0,6.745361328125,0.0,0.0,/DATACENTER3/zhenxiang.wang/work/TailGuardKV/.worktrees/baseline-smoke-final-aggregation/out/full_25session_baseline_9_14/full/policy_attempts/full40_20260916_h2o_static_safe/seed20260906,True,calibrated safe,hybrid-session-021,summary,271.02880203165114,3,risk_evidence_insufficient
kivi_4bit_residual64,13.0,0.1,False,True,online_qwen,True,,/DATACENTER3/zhenxiang.wang/work/TailGuardKV/.worktrees/baseline-smoke-final-aggregation/out/full_25session_baseline_9_14/full/policy_attempts/full40_20260916_h2o_static_safe/seed20260906/config.yaml,,,,,0.1,True,,0.05,,6.386474609375,False,kivi_4bit_residual64,True,,balanced_two_gpu,1,persistent,28069.916886044666,12121,32051.38770886697,,,20.0,18.97998046875,5.84814453125,5.84814453125,5.84814453125,2190.2263078372926,unknown,True,,True,,False,,15372.65185546875,True,static_best,False,0.0,0.0,kivi_4bit_residual64,0.0,,risk_evidence_insufficient,0.0,static_best,253.2384570222348,,,,hybrid-session-025-turn-3,5.84814453125,0.0,5.84814453125,0.0,0.0,/DATACENTER3/zhenxiang.wang/work/TailGuardKV/.worktrees/baseline-smoke-final-aggregation/out/full_25session_baseline_9_14/full/policy_attempts/full40_20260916_h2o_static_safe/seed20260906,True,calibrated safe,hybrid-session-025,summary,253.9894029032439,3,risk_evidence_insufficient
kivi_4bit_residual64,13.0,0.1,False,True,online_qwen,True,,/DATACENTER3/zhenxiang.wang/work/TailGuardKV/.worktrees/baseline-smoke-final-aggregation/out/full_25session_baseline_9_14/full/policy_attempts/full40_20260916_h2o_static_safe/seed20260906/config.yaml,,,,,0.1,True,,0.05,,6.386474609375,False,kivi_4bit_residual64,True,,balanced_two_gpu,1,persistent,28069.916886044666,12121,32051.38770886697,,,20.0,18.279296875,5.685791015625,5.685791015625,5.685791015625,2224.48959085159,unknown,True,,True,,False,,15417.12744140625,True,static_best,False,0.03418803418803419,0.03418803418803419,kivi_4bit_residual64,0.03418803418803419,,risk_evidence_insufficient,0.0,static_best,275.0898050144315,,,,hybrid-session-026-turn-3,5.685791015625,0.0,5.685791015625,0.0,0.3418803418803419,/DATACENTER3/zhenxiang.wang/work/TailGuardKV/.worktrees/baseline-smoke-final-aggregation/out/full_25session_baseline_9_14/full/policy_attempts/full40_20260916_h2o_static_safe/seed20260906,False,calibrated unsafe,hybrid-session-026,qa,276.06333303265274,3,risk_evidence_insufficient
kivi_4bit_residual64,13.0,0.1,False,True,online_qwen,True,,/DATACENTER3/zhenxiang.wang/work/TailGuardKV/.worktrees/baseline-smoke-final-aggregation/out/full_25session_baseline_9_14/full/policy_attempts/full40_20260916_h2o_static_safe/seed20260906/config.yaml,,,,,0.1,True,,0.05,,6.745361328125,False,kivi_4bit_residual64,True,,balanced_two_gpu,1,persistent,28069.916886044666,12121,32051.38770886697,,,20.0,16.10888671875,4.574951171875,4.574951171875,4.574951171875,2653.5419058054686,unknown,True,,True,,False,,15269.57470703125,True,static_best,False,0.0,0.0,kivi_4bit_residual64,0.0,,risk_evidence_insufficient,0.0,static_best,237.13416000828147,,,,hybrid-session-002-turn-4,4.574951171875,0.0,4.574951171875,0.0,0.0,/DATACENTER3/zhenxiang.wang/work/TailGuardKV/.worktrees/baseline-smoke-final-aggregation/out/full_25session_baseline_9_14/full/policy_attempts/full40_20260916_h2o_static_safe/seed20260906,True,calibrated safe,hybrid-session-002,qa,237.96173185110092,4,risk_evidence_insufficient
kivi_4bit_residual64,13.0,0.1,False,True,online_qwen,True,,/DATACENTER3/zhenxiang.wang/work/TailGuardKV/.worktrees/baseline-smoke-final-aggregation/out/full_25session_baseline_9_14/full/policy_attempts/full40_20260916_h2o_static_safe/seed20260906/config.yaml,,,,,0.1,True,,0.05,,5.84814453125,False,kivi_4bit_residual64,True,,balanced_two_gpu,1,persistent,28069.916886044666,12121,32051.38770886697,,,20.0,16.503662109375,6.242919921875,6.242919921875,6.242919921875,2748.337649041787,unknown,True,,True,,False,,15388.87158203125,True,static_best,False,0.0,0.0,kivi_4bit_residual64,0.0,,risk_evidence_insufficient,0.0,static_best,277.3352439980954,,,,hybrid-session-003-turn-4,6.242919921875,0.0,6.242919921875,0.0,0.0,/DATACENTER3/zhenxiang.wang/work/TailGuardKV/.worktrees/baseline-smoke-final-aggregation/out/full_25session_baseline_9_14/full/policy_attempts/full40_20260916_h2o_static_safe/seed20260906,True,calibrated safe,hybrid-session-003,summary,278.1937080435455,4,risk_evidence_insufficient
kivi_4bit_residual64,13.0,0.1,False,True,online_qwen,True,,/DATACENTER3/zhenxiang.wang/work/TailGuardKV/.worktrees/baseline-smoke-final-aggregation/out/full_25session_baseline_9_14/full/policy_attempts/full40_20260916_h2o_static_safe/seed20260906/config.yaml,,,,,0.1,True,,0.05,,5.685791015625,False,kivi_4bit_residual64,True,,balanced_two_gpu,1,persistent,28069.916886044666,12121,32051.38770886697,,,20.0,17.723876953125,6.906005859375,6.906005859375,6.906005859375,2642.4102098681033,unknown,True,,True,,False,,15464.5712890625,True,static_best,False,0.0,0.0,kivi_4bit_residual64,0.0,,risk_evidence_insufficient,0.0,static_best,327.1758300252259,,,,hybrid-session-004-turn-4,6.906005859375,0.0,6.906005859375,0.0,0.0,/DATACENTER3/zhenxiang.wang/work/TailGuardKV/.worktrees/baseline-smoke-final-aggregation/out/full_25session_baseline_9_14/full/policy_attempts/full40_20260916_h2o_static_safe/seed20260906,True,calibrated safe,hybrid-session-004,qa,328.10962083749473,4,risk_evidence_insufficient
kivi_4bit_residual64,13.0,0.1,False,True,online_qwen,True,,/DATACENTER3/zhenxiang.wang/work/TailGuardKV/.worktrees/baseline-smoke-final-aggregation/out/full_25session_baseline_9_14/full/policy_attempts/full40_20260916_h2o_static_safe/seed20260906/config.yaml,,,,,0.1,True,,0.05,,4.574951171875,False,kivi_4bit_residual64,True,,balanced_two_gpu,1,persistent,28069.916886044666,12121,32051.38770886697,,,20.0,19.767822265625,6.618896484375,6.618896484375,6.618896484375,2777.547250967473,unknown,True,,True,,False,,15452.4091796875,True,static_best,False,0.0,0.0,kivi_4bit_residual64,0.0,,risk_evidence_insufficient,0.0,static_best,318.73075594194233,,,,hybrid-session-005-turn-4,6.618896484375,0.0,6.618896484375,0.0,0.0,/DATACENTER3/zhenxiang.wang/work/TailGuardKV/.worktrees/baseline-smoke-final-aggregation/out/full_25session_baseline_9_14/full/policy_attempts/full40_20260916_h2o_static_safe/seed20260906,True,calibrated safe,hybrid-session-005,summary,319.67858993448317,4,risk_evidence_insufficient
kivi_4bit_residual64,13.0,0.1,False,True,online_qwen,True,,/DATACENTER3/zhenxiang.wang/work/TailGuardKV/.worktrees/baseline-smoke-final-aggregation/out/full_25session_baseline_9_14/full/policy_attempts/full40_20260916_h2o_static_safe/seed20260906/config.yaml,,,,,0.1,True,,0.05,,13.14892578125,False,kivi_4bit_residual64,True,,balanced_two_gpu,1,persistent,28069.916886044666,12121,32051.38770886697,,,20.0,13.61376953125,6.994873046875,6.994873046875,6.994873046875,2778.9977949578315,unknown,True,,True,,False,,15520.7548828125,True,static_best,False,0.0,0.0,kivi_4bit_residual64,0.0,,risk_evidence_insufficient,0.0,static_best,325.7640160154551,,,,hybrid-session-006-turn-4,6.994873046875,0.0,6.994873046875,0.0,0.0,/DATACENTER3/zhenxiang.wang/work/TailGuardKV/.worktrees/baseline-smoke-final-aggregation/out/full_25session_baseline_9_14/full/policy_attempts/full40_20260916_h2o_static_safe/seed20260906,True,calibrated safe,hybrid-session-006,qa,326.5231850091368,4,risk_evidence_insufficient
kivi_4bit_residual64,13.0,0.1,True,False,online_qwen,False,,/DATACENTER3/zhenxiang.wang/work/TailGuardKV/.worktrees/baseline-smoke-final-aggregation/out/full_25session_baseline_9_14/full/policy_attempts/full40_20260916_h2o_static_safe/seed20260906/config.yaml,,,,,0.1,True,,0.05,,0,False,kivi_4bit_residual64,True,,balanced_two_gpu,1,persistent,28069.916886044666,12121,32051.38770886697,,,20.0,19.514892578125,5.901123046875,5.901123046875,5.901123046875,2538.9227480627596,unknown,True,,True,,False,,15421.68603515625,True,static_best,False,0.0,0.0,kivi_4bit_residual64,0.0,,risk_evidence_insufficient,0.0,static_best,279.35438603162766,,,,hybrid-session-009-turn-4,5.901123046875,0.0,5.901123046875,0.0,0.0,/DATACENTER3/zhenxiang.wang/work/TailGuardKV/.worktrees/baseline-smoke-final-aggregation/out/full_25session_baseline_9_14/full/policy_attempts/full40_20260916_h2o_static_safe/seed20260906,True,calibrated safe,hybrid-session-009,summary,280.12829506769776,4,risk_evidence_insufficient
kivi_4bit_residual64,13.0,0.1,False,True,online_qwen,True,,/DATACENTER3/zhenxiang.wang/work/TailGuardKV/.worktrees/baseline-smoke-final-aggregation/out/full_25session_baseline_9_14/full/policy_attempts/full40_20260916_h2o_static_safe/seed20260906/config.yaml,,,,,0.1,True,,0.05,,6.618896484375,False,kivi_4bit_residual64,True,,balanced_two_gpu,1,persistent,28069.916886044666,12121,32051.38770886697,,,20.0,19.263671875,6.36767578125,6.36767578125,6.36767578125,2394.245812902227,unknown,True,,True,,False,,15443.76953125,True,static_best,False,0.0,0.0,kivi_4bit_residual64,0.0,,risk_evidence_insufficient,0.0,static_best,317.1879139263183,,,,hybrid-session-010-turn-4,6.36767578125,0.0,6.36767578125,0.0,0.0,/DATACENTER3/zhenxiang.wang/work/TailGuardKV/.worktrees/baseline-smoke-final-aggregation/out/full_25session_baseline_9_14/full/policy_attempts/full40_20260916_h2o_static_safe/seed20260906,True,calibrated safe,hybrid-session-010,qa,318.07059003040195,4,risk_evidence_insufficient
kivi_4bit_residual64,13.0,0.1,True,False,online_qwen,False,,/DATACENTER3/zhenxiang.wang/work/TailGuardKV/.worktrees/baseline-smoke-final-aggregation/out/full_25session_baseline_9_14/full/policy_attempts/full40_20260916_h2o_static_safe/seed20260906/config.yaml,,,,,0.1,True,,0.05,"OutOfMemoryError: CUDA out of memory. Tried to allocate 2.00 MiB. GPU 0 has a total capacity of 10.75 GiB of which 3.62 MiB is free. Including non-PyTorch memory, this process has 7.82 GiB memory in use. Process 17848 has 2.93 GiB memory in use. Of the allocated memory 6.90 GiB is allocated by PyTorch, and 121.01 MiB is reserved by PyTorch but unallocated. If reserved but unallocated memory is large try setting PYTORCH_CUDA_ALLOC_CONF=expandable_segments:True to avoid fragmentation.  See documentation for Memory Management  (https://pytorch.org/docs/stable/notes/cuda.html#environment-variables)",19.263671875,False,kivi_4bit_residual64,True,,balanced_two_gpu,1,persistent,28069.916886044666,12121,32051.38770886697,true,,20.0,0.0,,,,,unknown,False,,False,,False,,,True,static_best,False,0.0,0.0,kivi_4bit_residual64,0.0,,risk_evidence_insufficient,0.0,static_best,0.0,,,,hybrid-session-013-turn-4,0.0,0.0,,0.0,0.0,/DATACENTER3/zhenxiang.wang/work/TailGuardKV/.worktrees/baseline-smoke-final-aggregation/out/full_25session_baseline_9_14/full/policy_attempts/full40_20260916_h2o_static_safe/seed20260906,True,calibrated safe,hybrid-session-013,summary,,4,risk_evidence_insufficient
kivi_4bit_residual64,13.0,0.1,False,False,online_qwen,False,,/DATACENTER3/zhenxiang.wang/work/TailGuardKV/.worktrees/baseline-smoke-final-aggregation/out/full_25session_baseline_9_14/full/policy_attempts/full40_20260916_h2o_static_safe/seed20260906/config.yaml,,,,,0.1,True,,0.05,,0,False,kivi_4bit_residual64,True,,balanced_two_gpu,1,persistent,28069.916886044666,12121,32051.38770886697,,,20.0,6.690673828125,6.690673828125,6.690673828125,6.690673828125,45054.70951604843,unknown,True,,True,,False,,15438.0126953125,True,static_best,False,0.0,0.0,kivi_4bit_residual64,0.0,,risk_evidence_insufficient,0.0,static_best,43186.10104224831,,,,hybrid-session-016-turn-4,6.690673828125,0.0,6.690673828125,0.0,0.0,/DATACENTER3/zhenxiang.wang/work/TailGuardKV/.worktrees/baseline-smoke-final-aggregation/out/full_25session_baseline_9_14/full/policy_attempts/full40_20260916_h2o_static_safe/seed20260906,True,calibrated safe,hybrid-session-016,qa,43187.00086306967,4,risk_evidence_insufficient
kivi_4bit_residual64,13.0,0.1,False,False,online_qwen,False,,/DATACENTER3/zhenxiang.wang/work/TailGuardKV/.worktrees/baseline-smoke-final-aggregation/out/full_25session_baseline_9_14/full/policy_attempts/full40_20260916_h2o_static_safe/seed20260906/config.yaml,,,,,0.1,True,,0.05,,0,False,kivi_4bit_residual64,True,,balanced_two_gpu,1,persistent,28069.916886044666,12121,32051.38770886697,,,20.0,13.38134765625,6.690673828125,6.690673828125,6.690673828125,2402.837025001645,unknown,True,,True,,False,,15444.7119140625,True,static_best,False,0.0,0.0,kivi_4bit_residual64,0.0,,risk_evidence_insufficient,0.0,static_best,291.8425539974123,,,,hybrid-session-020-turn-4,6.690673828125,0.0,6.690673828125,0.0,0.0,/DATACENTER3/zhenxiang.wang/work/TailGuardKV/.worktrees/baseline-smoke-final-aggregation/out/full_25session_baseline_9_14/full/policy_attempts/full40_20260916_h2o_static_safe/seed20260906,True,calibrated safe,hybrid-session-020,qa,292.717328062281,4,risk_evidence_insufficient
kivi_4bit_residual64,13.0,0.1,False,True,online_qwen,True,,/DATACENTER3/zhenxiang.wang/work/TailGuardKV/.worktrees/baseline-smoke-final-aggregation/out/full_25session_baseline_9_14/full/policy_attempts/full40_20260916_h2o_static_safe/seed20260906/config.yaml,,,,,0.1,True,,0.05,,6.690673828125,False,kivi_4bit_residual64,True,,balanced_two_gpu,1,persistent,28069.916886044666,12121,32051.38770886697,,,20.0,13.740234375,7.049560546875,7.049560546875,7.049560546875,2158.7419910356402,unknown,True,,True,,False,,15466.6689453125,True,static_best,False,0.0,0.0,kivi_4bit_residual64,0.0,,risk_evidence_insufficient,0.0,static_best,291.92733811214566,,,,hybrid-session-021-turn-4,7.049560546875,0.0,7.049560546875,0.0,0.0,/DATACENTER3/zhenxiang.wang/work/TailGuardKV/.worktrees/baseline-smoke-final-aggregation/out/full_25session_baseline_9_14/full/policy_attempts/full40_20260916_h2o_static_safe/seed20260906,True,calibrated safe,hybrid-session-021,summary,292.62759000994265,4,risk_evidence_insufficient
kivi_4bit_residual64,13.0,0.1,False,False,online_qwen,False,,/DATACENTER3/zhenxiang.wang/work/TailGuardKV/.worktrees/baseline-smoke-final-aggregation/out/full_25session_baseline_9_14/full/policy_attempts/full40_20260916_h2o_static_safe/seed20260906/config.yaml,,,,,0.1,True,,0.05,,0,False,kivi_4bit_residual64,True,,balanced_two_gpu,1,persistent,28069.916886044666,12121,32051.38770886697,,,20.0,19.892578125,6.15234375,6.15234375,6.15234375,2699.047547997907,unknown,True,,True,,False,,15437.8876953125,True,static_best,False,0.0,0.0,kivi_4bit_residual64,0.0,,risk_evidence_insufficient,0.0,static_best,307.5986511539668,,,,hybrid-session-025-turn-4,6.15234375,0.0,6.15234375,0.0,0.0,/DATACENTER3/zhenxiang.wang/work/TailGuardKV/.worktrees/baseline-smoke-final-aggregation/out/full_25session_baseline_9_14/full/policy_attempts/full40_20260916_h2o_static_safe/seed20260906,True,calibrated safe,hybrid-session-025,summary,308.3819579333067,4,risk_evidence_insufficient
kivi_4bit_residual64,13.0,0.1,False,True,online_qwen,True,,/DATACENTER3/zhenxiang.wang/work/TailGuardKV/.worktrees/baseline-smoke-final-aggregation/out/full_25session_baseline_9_14/full/policy_attempts/full40_20260916_h2o_static_safe/seed20260906/config.yaml,,,,,0.1,True,,0.05,,13.740234375,False,kivi_4bit_residual64,True,,balanced_two_gpu,1,persistent,28069.916886044666,12121,32051.38770886697,,,20.0,13.345458984375,7.193115234375,7.193115234375,7.193115234375,2723.0040261056274,unknown,True,,True,,False,,15478.4873046875,True,static_best,False,0.03418803418803419,0.03418803418803419,kivi_4bit_residual64,0.03418803418803419,,risk_evidence_insufficient,0.0,static_best,326.2368510477245,,,,hybrid-session-026-turn-4,7.193115234375,0.0,7.193115234375,0.0,0.3418803418803419,/DATACENTER3/zhenxiang.wang/work/TailGuardKV/.worktrees/baseline-smoke-final-aggregation/out/full_25session_baseline_9_14/full/policy_attempts/full40_20260916_h2o_static_safe/seed20260906,False,calibrated unsafe,hybrid-session-026,qa,327.34165200963616,4,risk_evidence_insufficient
kivi_4bit_residual64,1.0,0.1,False,False,online_qwen,False,,/DATACENTER3/zhenxiang.wang/work/TailGuardKV/.worktrees/baseline-smoke-final-aggregation/out/full_25session_baseline_9_14/full/policy_attempts/full40_20260916_h2o_static_safe/seed20260906/config.yaml,,,,,0.1,True,,0.05,,0,False,kivi_4bit_residual64,True,,balanced_two_gpu,1,persistent,27822.88090395741,19108,31777.41133980453,,,20.0,2.078125,2.078125,2.078125,2.078125,5332.82406302169,unknown,True,,True,,False,,15070.54150390625,True,static_safe,False,0.0,0.0,kivi_4bit_residual64,0.0,,risk_evidence_insufficient,0.0,static_safe,0.0,,,,hybrid-session-002-turn-0,2.078125,0.0,2.078125,0.0,0.0,/DATACENTER3/zhenxiang.wang/work/TailGuardKV/.worktrees/baseline-smoke-final-aggregation/out/full_25session_baseline_9_14/full/policy_attempts/full40_20260916_h2o_static_safe/seed20260906,True,calibrated safe,hybrid-session-002,chat,3804.8108329530805,0,risk_evidence_insufficient
kivi_4bit_residual64,2.0,0.1,False,False,online_qwen,False,,/DATACENTER3/zhenxiang.wang/work/TailGuardKV/.worktrees/baseline-smoke-final-aggregation/out/full_25session_baseline_9_14/full/policy_attempts/full40_20260916_h2o_static_safe/seed20260906/config.yaml,,,,,0.1,True,,0.05,,0,False,kivi_4bit_residual64,True,,balanced_two_gpu,1,persistent,27822.88090395741,19108,31777.41133980453,,,20.0,3.5546875,1.4765625,1.4765625,1.4765625,1654.0405799169093,unknown,True,,True,,False,,15055.19384765625,True,static_safe,False,0.0,0.0,kivi_4bit_residual64,0.0,,risk_evidence_insufficient,0.0,static_safe,0.0,,,,hybrid-session-003-turn-0,1.4765625,0.0,1.4765625,0.0,0.0,/DATACENTER3/zhenxiang.wang/work/TailGuardKV/.worktrees/baseline-smoke-final-aggregation/out/full_25session_baseline_9_14/full/policy_attempts/full40_20260916_h2o_static_safe/seed20260906,True,calibrated safe,hybrid-session-003,chat,93.36226107552648,0,risk_evidence_insufficient
kivi_4bit_residual64,3.0,0.1,False,False,online_qwen,False,,/DATACENTER3/zhenxiang.wang/work/TailGuardKV/.worktrees/baseline-smoke-final-aggregation/out/full_25session_baseline_9_14/full/policy_attempts/full40_20260916_h2o_static_safe/seed20260906/config.yaml,,,,,0.1,True,,0.05,,0,False,kivi_4bit_residual64,True,,balanced_two_gpu,1,persistent,27822.88090395741,19108,31777.41133980453,,,20.0,5.3046875,1.75,1.75,1.75,1698.1716940645128,unknown,True,,True,,False,,15063.70947265625,True,static_safe,False,0.0,0.0,kivi_4bit_residual64,0.0,,risk_evidence_insufficient,0.0,static_safe,0.0,,,,hybrid-session-004-turn-0,1.75,0.0,1.75,0.0,0.0,/DATACENTER3/zhenxiang.wang/work/TailGuardKV/.worktrees/baseline-smoke-final-aggregation/out/full_25session_baseline_9_14/full/policy_attempts/full40_20260916_h2o_static_safe/seed20260906,True,calibrated safe,hybrid-session-004,chat,121.95492000319064,0,risk_evidence_insufficient
kivi_4bit_residual64,4.0,0.1,False,False,online_qwen,False,,/DATACENTER3/zhenxiang.wang/work/TailGuardKV/.worktrees/baseline-smoke-final-aggregation/out/full_25session_baseline_9_14/full/policy_attempts/full40_20260916_h2o_static_safe/seed20260906/config.yaml,,,,,0.1,True,,0.05,,0,False,kivi_4bit_residual64,True,,balanced_two_gpu,1,persistent,27822.88090395741,19108,31777.41133980453,,,20.0,7.21875,1.9140625,1.9140625,1.9140625,1684.7094509284943,unknown,True,,True,,False,,15070.26806640625,True,static_safe,False,0.0,0.0,kivi_4bit_residual64,0.0,,risk_evidence_insufficient,0.0,static_safe,0.0,,,,hybrid-session-005-turn-0,1.9140625,0.0,1.9140625,0.0,0.0,/DATACENTER3/zhenxiang.wang/work/TailGuardKV/.worktrees/baseline-smoke-final-aggregation/out/full_25session_baseline_9_14/full/policy_attempts/full40_20260916_h2o_static_safe/seed20260906,True,calibrated safe,hybrid-session-005,chat,120.37073890678585,0,risk_evidence_insufficient
kivi_4bit_residual64,5.0,0.1,False,False,online_qwen,False,,/DATACENTER3/zhenxiang.wang/work/TailGuardKV/.worktrees/baseline-smoke-final-aggregation/out/full_25session_baseline_9_14/full/policy_attempts/full40_20260916_h2o_static_safe/seed20260906/config.yaml,,,,,0.1,True,,0.05,,0,False,kivi_4bit_residual64,True,,balanced_two_gpu,1,persistent,27822.88090395741,19108,31777.41133980453,,,20.0,9.84375,2.625,2.625,2.625,1542.137532029301,unknown,True,,True,,False,,15093.27587890625,True,static_safe,False,0.0,0.0,kivi_4bit_residual64,0.0,,risk_evidence_insufficient,0.0,static_safe,0.0,,,,hybrid-session-006-turn-0,2.625,0.0,2.625,0.0,0.0,/DATACENTER3/zhenxiang.wang/work/TailGuardKV/.worktrees/baseline-smoke-final-aggregation/out/full_25session_baseline_9_14/full/policy_attempts/full40_20260916_h2o_static_safe/seed20260906,True,calibrated safe,hybrid-session-006,chat,116.55076802708209,0,risk_evidence_insufficient
kivi_4bit_residual64,6.0,0.1,False,False,online_qwen,False,,/DATACENTER3/zhenxiang.wang/work/TailGuardKV/.worktrees/baseline-smoke-final-aggregation/out/full_25session_baseline_9_14/full/policy_attempts/full40_20260916_h2o_static_safe/seed20260906/config.yaml,,,,,0.1,True,,0.05,,0,False,kivi_4bit_residual64,True,,balanced_two_gpu,1,persistent,27822.88090395741,19108,31777.41133980453,,,20.0,11.5390625,1.6953125,1.6953125,1.6953125,1686.3300998229533,unknown,True,,True,,False,,15068.48681640625,True,static_safe,False,0.0,0.0,kivi_4bit_residual64,0.0,,risk_evidence_insufficient,0.0,static_safe,0.0,,,,hybrid-session-009-turn-0,1.6953125,0.0,1.6953125,0.0,0.0,/DATACENTER3/zhenxiang.wang/work/TailGuardKV/.worktrees/baseline-smoke-final-aggregation/out/full_25session_baseline_9_14/full/policy_attempts/full40_20260916_h2o_static_safe/seed20260906,True,calibrated safe,hybrid-session-009,chat,118.08523489162326,0,risk_evidence_insufficient
kivi_4bit_residual64,7.0,0.1,False,False,online_qwen,False,,/DATACENTER3/zhenxiang.wang/work/TailGuardKV/.worktrees/baseline-smoke-final-aggregation/out/full_25session_baseline_9_14/full/policy_attempts/full40_20260916_h2o_static_safe/seed20260906/config.yaml,,,,,0.1,True,,0.05,,0,False,kivi_4bit_residual64,True,,balanced_two_gpu,1,persistent,27822.88090395741,19108,31777.41133980453,,,20.0,13.0703125,1.53125,1.53125,1.53125,1442.6000090315938,unknown,True,,True,,False,,15065.87646484375,True,static_safe,False,0.0,0.0,kivi_4bit_residual64,0.0,,risk_evidence_insufficient,0.0,static_safe,0.0,,,,hybrid-session-010-turn-0,1.53125,0.0,1.53125,0.0,0.0,/DATACENTER3/zhenxiang.wang/work/TailGuardKV/.worktrees/baseline-smoke-final-aggregation/out/full_25session_baseline_9_14/full/policy_attempts/full40_20260916_h2o_static_safe/seed20260906,True,calibrated safe,hybrid-session-010,chat,103.86291099712253,0,risk_evidence_insufficient
kivi_4bit_residual64,8.0,0.1,False,False,online_qwen,False,,/DATACENTER3/zhenxiang.wang/work/TailGuardKV/.worktrees/baseline-smoke-final-aggregation/out/full_25session_baseline_9_14/full/policy_attempts/full40_20260916_h2o_static_safe/seed20260906/config.yaml,,,,,0.1,True,,0.05,,0,False,kivi_4bit_residual64,True,,balanced_two_gpu,1,persistent,27822.88090395741,19108,31777.41133980453,,,20.0,14.875,1.8046875,1.8046875,1.8046875,1686.1196218524128,unknown,True,,True,,False,,15074.73681640625,True,static_safe,False,0.0,0.0,kivi_4bit_residual64,0.0,,risk_evidence_insufficient,0.0,static_safe,0.0,,,,hybrid-session-013-turn-0,1.8046875,0.0,1.8046875,0.0,0.0,/DATACENTER3/zhenxiang.wang/work/TailGuardKV/.worktrees/baseline-smoke-final-aggregation/out/full_25session_baseline_9_14/full/policy_attempts/full40_20260916_h2o_static_safe/seed20260906,True,calibrated safe,hybrid-session-013,chat,120.29410200193524,0,risk_evidence_insufficient
kivi_4bit_residual64,9.0,0.1,False,False,online_qwen,False,,/DATACENTER3/zhenxiang.wang/work/TailGuardKV/.worktrees/baseline-smoke-final-aggregation/out/full_25session_baseline_9_14/full/policy_attempts/full40_20260916_h2o_static_safe/seed20260906/config.yaml,,,,,0.1,True,,0.05,,0,False,kivi_4bit_residual64,True,,balanced_two_gpu,1,persistent,27822.88090395741,19108,31777.41133980453,,,20.0,17.5,2.625,2.625,2.625,1686.7945010308176,unknown,True,,True,,False,,15100.93212890625,True,static_safe,False,0.0,0.0,kivi_4bit_residual64,0.0,,risk_evidence_insufficient,0.0,static_safe,0.0,,,,hybrid-session-016-turn-0,2.625,0.0,2.625,0.0,0.0,/DATACENTER3/zhenxiang.wang/work/TailGuardKV/.worktrees/baseline-smoke-final-aggregation/out/full_25session_baseline_9_14/full/policy_attempts/full40_20260916_h2o_static_safe/seed20260906,True,calibrated safe,hybrid-session-016,chat,119.7562669403851,0,risk_evidence_insufficient
kivi_4bit_residual64,10.0,0.1,False,False,online_qwen,False,,/DATACENTER3/zhenxiang.wang/work/TailGuardKV/.worktrees/baseline-smoke-final-aggregation/out/full_25session_baseline_9_14/full/policy_attempts/full40_20260916_h2o_static_safe/seed20260906/config.yaml,,,,,0.1,True,,0.05,,0,False,kivi_4bit_residual64,True,,balanced_two_gpu,1,persistent,27822.88090395741,19108,31777.41133980453,,,20.0,19.90625,2.40625,2.40625,2.40625,1697.2994001116604,unknown,True,,True,,False,,15095.79541015625,True,static_safe,False,0.0,0.0,kivi_4bit_residual64,0.0,,risk_evidence_insufficient,0.0,static_safe,0.0,,,,hybrid-session-020-turn-0,2.40625,0.0,2.40625,0.0,0.0,/DATACENTER3/zhenxiang.wang/work/TailGuardKV/.worktrees/baseline-smoke-final-aggregation/out/full_25session_baseline_9_14/full/policy_attempts/full40_20260916_h2o_static_safe/seed20260906,True,calibrated safe,hybrid-session-020,chat,116.56698514707386,0,risk_evidence_insufficient
kivi_4bit_residual64,11.0,0.1,False,True,online_qwen,True,,/DATACENTER3/zhenxiang.wang/work/TailGuardKV/.worktrees/baseline-smoke-final-aggregation/out/full_25session_baseline_9_14/full/policy_attempts/full40_20260916_h2o_static_safe/seed20260906/config.yaml,,,,,0.1,True,,0.05,,3.5546875,False,kivi_4bit_residual64,True,,balanced_two_gpu,1,persistent,27822.88090395741,19108,31777.41133980453,,,20.0,18.6484375,2.296875,2.296875,2.296875,1689.7375511471182,unknown,True,,True,,False,,15095.17822265625,True,static_safe,False,0.0,0.0,kivi_4bit_residual64,0.0,,risk_evidence_insufficient,0.0,static_safe,0.0,,,,hybrid-session-021-turn-0,2.296875,0.0,2.296875,0.0,0.0,/DATACENTER3/zhenxiang.wang/work/TailGuardKV/.worktrees/baseline-smoke-final-aggregation/out/full_25session_baseline_9_14/full/policy_attempts/full40_20260916_h2o_static_safe/seed20260906,True,calibrated safe,hybrid-session-021,chat,123.06152610108256,0,risk_evidence_insufficient
kivi_4bit_residual64,12.0,0.1,False,True,online_qwen,True,,/DATACENTER3/zhenxiang.wang/work/TailGuardKV/.worktrees/baseline-smoke-final-aggregation/out/full_25session_baseline_9_14/full/policy_attempts/full40_20260916_h2o_static_safe/seed20260906/config.yaml,,,,,0.1,True,,0.05,,1.75,False,kivi_4bit_residual64,True,,balanced_two_gpu,1,persistent,27822.88090395741,19108,31777.41133980453,,,20.0,18.8671875,1.96875,1.96875,1.96875,1705.949460156262,unknown,True,,True,,False,,15084.85009765625,True,static_safe,False,0.0,0.0,kivi_4bit_residual64,0.0,,risk_evidence_insufficient,0.0,static_safe,0.0,,,,hybrid-session-025-turn-0,1.96875,0.0,1.96875,0.0,0.0,/DATACENTER3/zhenxiang.wang/work/TailGuardKV/.worktrees/baseline-smoke-final-aggregation/out/full_25session_baseline_9_14/full/policy_attempts/full40_20260916_h2o_static_safe/seed20260906,True,calibrated safe,hybrid-session-025,chat,125.07991003803909,0,risk_evidence_insufficient
kivi_4bit_residual64,13.0,0.1,False,True,online_qwen,True,,/DATACENTER3/zhenxiang.wang/work/TailGuardKV/.worktrees/baseline-smoke-final-aggregation/out/full_25session_baseline_9_14/full/policy_attempts/full40_20260916_h2o_static_safe/seed20260906/config.yaml,,,,,0.1,True,,0.05,,1.9140625,False,kivi_4bit_residual64,True,,balanced_two_gpu,1,persistent,27822.88090395741,19108,31777.41133980453,,,20.0,19.140625,2.1875,2.1875,2.1875,1710.8874458353966,unknown,True,,True,,False,,15091.11572265625,True,static_safe,False,0.0,0.0,kivi_4bit_residual64,0.0,,risk_evidence_insufficient,0.0,static_safe,0.0,,,,hybrid-session-026-turn-0,2.1875,0.0,2.1875,0.0,0.0,/DATACENTER3/zhenxiang.wang/work/TailGuardKV/.worktrees/baseline-smoke-final-aggregation/out/full_25session_baseline_9_14/full/policy_attempts/full40_20260916_h2o_static_safe/seed20260906,True,calibrated safe,hybrid-session-026,chat,118.5151229146868,0,risk_evidence_insufficient
kivi_4bit_residual64,13.0,0.1,False,True,online_qwen,True,,/DATACENTER3/zhenxiang.wang/work/TailGuardKV/.worktrees/baseline-smoke-final-aggregation/out/full_25session_baseline_9_14/full/policy_attempts/full40_20260916_h2o_static_safe/seed20260906/config.yaml,,,,,0.1,True,,0.05,,2.625,False,kivi_4bit_residual64,True,,balanced_two_gpu,1,persistent,27822.88090395741,19108,31777.41133980453,,,20.0,19.135498046875,2.619873046875,2.619873046875,2.619873046875,5129.582027904689,unknown,True,,True,,False,,15141.98681640625,True,static_safe,False,0.0,0.0,kivi_4bit_residual64,0.0,,risk_evidence_insufficient,0.0,static_safe,124.86004596576095,,,,hybrid-session-002-turn-1,2.619873046875,0.0,2.619873046875,0.0,0.0,/DATACENTER3/zhenxiang.wang/work/TailGuardKV/.worktrees/baseline-smoke-final-aggregation/out/full_25session_baseline_9_14/full/policy_attempts/full40_20260916_h2o_static_safe/seed20260906,True,calibrated safe,hybrid-session-002,chat,125.6098470184952,1,risk_evidence_insufficient
kivi_4bit_residual64,13.0,0.1,True,False,online_qwen,False,,/DATACENTER3/zhenxiang.wang/work/TailGuardKV/.worktrees/baseline-smoke-final-aggregation/out/full_25session_baseline_9_14/full/policy_attempts/full40_20260916_h2o_static_safe/seed20260906/config.yaml,,,,,0.1,True,,0.05,"OutOfMemoryError: CUDA out of memory. Tried to allocate 24.00 MiB. GPU 0 has a total capacity of 10.75 GiB of which 15.62 MiB is free. Including non-PyTorch memory, this process has 7.80 GiB memory in use. Process 20253 has 2.93 GiB memory in use. Of the allocated memory 6.90 GiB is allocated by PyTorch, and 113.17 MiB is reserved by PyTorch but unallocated. If reserved but unallocated memory is large try setting PYTORCH_CUDA_ALLOC_CONF=expandable_segments:True to avoid fragmentation.  See documentation for Memory Management  (https://pytorch.org/docs/stable/notes/cuda.html#environment-variables)",19.135498046875,False,kivi_4bit_residual64,True,,balanced_two_gpu,1,persistent,27822.88090395741,19108,31777.41133980453,true,,20.0,0.0,,,,,unknown,False,,False,,False,,,True,static_safe,False,0.0,0.0,kivi_4bit_residual64,0.0,,risk_evidence_insufficient,0.0,static_safe,0.0,,,,hybrid-session-003-turn-1,0.0,0.0,,0.0,0.0,/DATACENTER3/zhenxiang.wang/work/TailGuardKV/.worktrees/baseline-smoke-final-aggregation/out/full_25session_baseline_9_14/full/policy_attempts/full40_20260916_h2o_static_safe/seed20260906,True,calibrated safe,hybrid-session-003,chat,,1,risk_evidence_insufficient
kivi_4bit_residual64,13.0,0.1,False,False,online_qwen,False,,/DATACENTER3/zhenxiang.wang/work/TailGuardKV/.worktrees/baseline-smoke-final-aggregation/out/full_25session_baseline_9_14/full/policy_attempts/full40_20260916_h2o_static_safe/seed20260906/config.yaml,,,,,0.1,True,,0.05,,0,False,kivi_4bit_residual64,True,,balanced_two_gpu,1,persistent,27822.88090395741,19108,31777.41133980453,,,20.0,3.337646484375,3.337646484375,3.337646484375,3.337646484375,48892.838574171066,unknown,True,,True,,False,,15152.41064453125,True,static_safe,False,0.0,0.0,kivi_4bit_residual64,0.0,,risk_evidence_insufficient,0.0,static_safe,46881.24160717055,,,,hybrid-session-004-turn-1,3.337646484375,0.0,3.337646484375,0.0,0.0,/DATACENTER3/zhenxiang.wang/work/TailGuardKV/.worktrees/baseline-smoke-final-aggregation/out/full_25session_baseline_9_14/full/policy_attempts/full40_20260916_h2o_static_safe/seed20260906,True,calibrated safe,hybrid-session-004,chat,46882.07423912175,1,risk_evidence_insufficient
kivi_4bit_residual64,13.0,0.1,False,False,online_qwen,False,,/DATACENTER3/zhenxiang.wang/work/TailGuardKV/.worktrees/baseline-smoke-final-aggregation/out/full_25session_baseline_9_14/full/policy_attempts/full40_20260916_h2o_static_safe/seed20260906/config.yaml,,,,,0.1,True,,0.05,,0,False,kivi_4bit_residual64,True,,balanced_two_gpu,1,persistent,27822.88090395741,19108,31777.41133980453,,,20.0,6.208740234375,2.87109375,2.87109375,2.87109375,2295.1621140819043,unknown,True,,True,,False,,15136.59912109375,True,static_safe,False,0.0,0.0,kivi_4bit_residual64,0.0,,risk_evidence_insufficient,0.0,static_safe,182.53093701787293,,,,hybrid-session-005-turn-1,2.87109375,0.0,2.87109375,0.0,0.0,/DATACENTER3/zhenxiang.wang/work/TailGuardKV/.worktrees/baseline-smoke-final-aggregation/out/full_25session_baseline_9_14/full/policy_attempts/full40_20260916_h2o_static_safe/seed20260906,True,calibrated safe,hybrid-session-005,chat,183.3815691061318,1,risk_evidence_insufficient
kivi_4bit_residual64,13.0,0.1,False,False,online_qwen,False,,/DATACENTER3/zhenxiang.wang/work/TailGuardKV/.worktrees/baseline-smoke-final-aggregation/out/full_25session_baseline_9_14/full/policy_attempts/full40_20260916_h2o_static_safe/seed20260906/config.yaml,,,,,0.1,True,,0.05,,0,False,kivi_4bit_residual64,True,,balanced_two_gpu,1,persistent,27822.88090395741,19108,31777.41133980453,,,20.0,9.725830078125,3.51708984375,3.51708984375,3.51708984375,2034.3943028710783,unknown,True,,True,,False,,15164.60791015625,True,static_safe,False,0.0,0.0,kivi_4bit_residual64,0.0,,risk_evidence_insufficient,0.0,static_safe,177.66271601431072,,,,hybrid-session-006-turn-1,3.51708984375,0.0,3.51708984375,0.0,0.0,/DATACENTER3/zhenxiang.wang/work/TailGuardKV/.worktrees/baseline-smoke-final-aggregation/out/full_25session_baseline_9_14/full/policy_attempts/full40_20260916_h2o_static_safe/seed20260906,True,calibrated safe,hybrid-session-006,chat,178.36302891373634,1,risk_evidence_insufficient
kivi_4bit_residual64,13.0,0.1,False,False,online_qwen,False,,/DATACENTER3/zhenxiang.wang/work/TailGuardKV/.worktrees/baseline-smoke-final-aggregation/out/full_25session_baseline_9_14/full/policy_attempts/full40_20260916_h2o_static_safe/seed20260906/config.yaml,,,,,0.1,True,,0.05,,0,False,kivi_4bit_residual64,True,,balanced_two_gpu,1,persistent,27822.88090395741,19108,31777.41133980453,,,20.0,12.022705078125,2.296875,2.296875,2.296875,1306.8814070429653,unknown,True,,True,,False,,15118.29150390625,True,static_safe,False,0.0,0.0,kivi_4bit_residual64,0.0,,risk_evidence_insufficient,0.0,static_safe,103.72923803515732,,,,hybrid-session-009-turn-1,2.296875,0.0,2.296875,0.0,0.0,/DATACENTER3/zhenxiang.wang/work/TailGuardKV/.worktrees/baseline-smoke-final-aggregation/out/full_25session_baseline_9_14/full/policy_attempts/full40_20260916_h2o_static_safe/seed20260906,True,calibrated safe,hybrid-session-009,chat,104.38378597609699,1,risk_evidence_insufficient
kivi_4bit_residual64,13.0,0.1,False,False,online_qwen,False,,/DATACENTER3/zhenxiang.wang/work/TailGuardKV/.worktrees/baseline-smoke-final-aggregation/out/full_25session_baseline_9_14/full/policy_attempts/full40_20260916_h2o_static_safe/seed20260906/config.yaml,,,,,0.1,True,,0.05,,0,False,kivi_4bit_residual64,True,,balanced_two_gpu,1,persistent,27822.88090395741,19108,31777.41133980453,,,20.0,15.303955078125,3.28125,3.28125,3.28125,1278.572536073625,unknown,True,,True,,False,,15114.54150390625,True,static_safe,False,0.0,0.0,kivi_4bit_residual64,0.0,,risk_evidence_insufficient,0.0,static_safe,101.22894099913538,,,,hybrid-session-010-turn-1,3.28125,0.0,3.28125,0.0,0.0,/DATACENTER3/zhenxiang.wang/work/TailGuardKV/.worktrees/baseline-smoke-final-aggregation/out/full_25session_baseline_9_14/full/policy_attempts/full40_20260916_h2o_static_safe/seed20260906,True,calibrated safe,hybrid-session-010,chat,101.85585799627006,1,risk_evidence_insufficient
kivi_4bit_residual64,13.0,0.1,False,False,online_qwen,False,,/DATACENTER3/zhenxiang.wang/work/TailGuardKV/.worktrees/baseline-smoke-final-aggregation/out/full_25session_baseline_9_14/full/policy_attempts/full40_20260916_h2o_static_safe/seed20260906/config.yaml,,,,,0.1,True,,0.05,,0,False,kivi_4bit_residual64,True,,balanced_two_gpu,1,persistent,27822.88090395741,19108,31777.41133980453,,,20.0,18.639892578125,3.3359375,3.3359375,3.3359375,1321.6539090499282,unknown,True,,True,,False,,15119.33447265625,True,static_safe,False,0.0,0.0,kivi_4bit_residual64,0.0,,risk_evidence_insufficient,0.0,static_safe,103.78620098344982,,,,hybrid-session-013-turn-1,3.3359375,0.0,3.3359375,0.0,0.0,/DATACENTER3/zhenxiang.wang/work/TailGuardKV/.worktrees/baseline-smoke-final-aggregation/out/full_25session_baseline_9_14/full/policy_attempts/full40_20260916_h2o_static_safe/seed20260906,True,calibrated safe,hybrid-session-013,chat,104.39060698263347,1,risk_evidence_insufficient
kivi_4bit_residual64,13.0,0.1,False,True,online_qwen,True,,/DATACENTER3/zhenxiang.wang/work/TailGuardKV/.worktrees/baseline-smoke-final-aggregation/out/full_25session_baseline_9_14/full/policy_attempts/full40_20260916_h2o_static_safe/seed20260906/config.yaml,,,,,0.1,True,,0.05,,3.337646484375,False,kivi_4bit_residual64,True,,balanced_two_gpu,1,persistent,27822.88090395741,19108,31777.41133980453,,,20.0,18.065673828125,2.763427734375,2.763427734375,2.763427734375,1878.2062390819192,unknown,True,,True,,False,,15146.85791015625,True,static_safe,False,0.0,0.0,kivi_4bit_residual64,0.0,,risk_evidence_insufficient,0.0,static_safe,104.70071504823864,,,,hybrid-session-016-turn-1,2.763427734375,0.0,2.763427734375,0.0,0.0,/DATACENTER3/zhenxiang.wang/work/TailGuardKV/.worktrees/baseline-smoke-final-aggregation/out/full_25session_baseline_9_14/full/policy_attempts/full40_20260916_h2o_static_safe/seed20260906,True,calibrated safe,hybrid-session-016,chat,105.39620113559067,1,risk_evidence_insufficient
kivi_4bit_residual64,13.0,0.1,False,True,online_qwen,True,,/DATACENTER3/zhenxiang.wang/work/TailGuardKV/.worktrees/baseline-smoke-final-aggregation/out/full_25session_baseline_9_14/full/policy_attempts/full40_20260916_h2o_static_safe/seed20260906/config.yaml,,,,,0.1,True,,0.05,,2.87109375,False,kivi_4bit_residual64,True,,balanced_two_gpu,1,persistent,27822.88090395741,19108,31777.41133980453,,,20.0,18.065673828125,2.87109375,2.87109375,2.87109375,2006.0056468937546,unknown,True,,True,,False,,15151.94091796875,True,static_safe,False,0.0,0.0,kivi_4bit_residual64,0.0,,risk_evidence_insufficient,0.0,static_safe,152.21174200996757,,,,hybrid-session-020-turn-1,2.87109375,0.0,2.87109375,0.0,0.0,/DATACENTER3/zhenxiang.wang/work/TailGuardKV/.worktrees/baseline-smoke-final-aggregation/out/full_25session_baseline_9_14/full/policy_attempts/full40_20260916_h2o_static_safe/seed20260906,True,calibrated safe,hybrid-session-020,chat,152.84103294834495,1,risk_evidence_insufficient
kivi_4bit_residual64,13.0,0.1,False,True,online_qwen,True,,/DATACENTER3/zhenxiang.wang/work/TailGuardKV/.worktrees/baseline-smoke-final-aggregation/out/full_25session_baseline_9_14/full/policy_attempts/full40_20260916_h2o_static_safe/seed20260906/config.yaml,,,,,0.1,True,,0.05,,3.51708984375,False,kivi_4bit_residual64,True,,balanced_two_gpu,1,persistent,27822.88090395741,19108,31777.41133980453,,,20.0,17.59912109375,3.050537109375,3.050537109375,3.050537109375,1978.9802629966289,unknown,True,,True,,False,,15157.07470703125,True,static_safe,False,0.0,0.0,kivi_4bit_residual64,0.0,,risk_evidence_insufficient,0.0,static_safe,162.7781051211059,,,,hybrid-session-021-turn-1,3.050537109375,0.0,3.050537109375,0.0,0.0,/DATACENTER3/zhenxiang.wang/work/TailGuardKV/.worktrees/baseline-smoke-final-aggregation/out/full_25session_baseline_9_14/full/policy_attempts/full40_20260916_h2o_static_safe/seed20260906,True,calibrated safe,hybrid-session-021,chat,163.3563491050154,1,risk_evidence_insufficient
kivi_4bit_residual64,13.0,0.1,False,True,online_qwen,True,,/DATACENTER3/zhenxiang.wang/work/TailGuardKV/.worktrees/baseline-smoke-final-aggregation/out/full_25session_baseline_9_14/full/policy_attempts/full40_20260916_h2o_static_safe/seed20260906/config.yaml,,,,,0.1,True,,0.05,,2.296875,False,kivi_4bit_residual64,True,,balanced_two_gpu,1,persistent,27822.88090395741,19108,31777.41133980453,,,20.0,18.69287109375,3.390625,3.390625,3.390625,1298.8000509794801,unknown,True,,True,,False,,15124.98388671875,True,static_safe,False,0.005128205128205128,0.005128205128205128,kivi_4bit_residual64,0.005128205128205128,,risk_evidence_insufficient,0.0,static_safe,102.61126491241157,,,,hybrid-session-025-turn-1,3.390625,0.0,3.390625,0.0,0.005128205128205128,/DATACENTER3/zhenxiang.wang/work/TailGuardKV/.worktrees/baseline-smoke-final-aggregation/out/full_25session_baseline_9_14/full/policy_attempts/full40_20260916_h2o_static_safe/seed20260906,True,calibrated safe,hybrid-session-025,chat,103.28362113796175,1,risk_evidence_insufficient
kivi_4bit_residual64,13.0,0.1,False,True,online_qwen,True,,/DATACENTER3/zhenxiang.wang/work/TailGuardKV/.worktrees/baseline-smoke-final-aggregation/out/full_25session_baseline_9_14/full/policy_attempts/full40_20260916_h2o_static_safe/seed20260906/config.yaml,,,,,0.1,True,,0.05,,3.28125,False,kivi_4bit_residual64,True,,balanced_two_gpu,1,persistent,27822.88090395741,19108,31777.41133980453,,,20.0,18.498046875,3.08642578125,3.08642578125,3.08642578125,2554.574345005676,unknown,True,,True,,False,,15160.82470703125,True,static_safe,False,0.0,0.0,kivi_4bit_residual64,0.0,,risk_evidence_insufficient,0.0,static_safe,169.79093500413,,,,hybrid-session-026-turn-1,3.08642578125,0.0,3.08642578125,0.0,0.0,/DATACENTER3/zhenxiang.wang/work/TailGuardKV/.worktrees/baseline-smoke-final-aggregation/out/full_25session_baseline_9_14/full/policy_attempts/full40_20260916_h2o_static_safe/seed20260906,True,calibrated safe,hybrid-session-026,chat,170.51621712744236,1,risk_evidence_insufficient
kivi_4bit_residual64,13.0,0.1,True,False,online_qwen,False,,/DATACENTER3/zhenxiang.wang/work/TailGuardKV/.worktrees/baseline-smoke-final-aggregation/out/full_25session_baseline_9_14/full/policy_attempts/full40_20260916_h2o_static_safe/seed20260906/config.yaml,,,,,0.1,True,,0.05,"OutOfMemoryError: CUDA out of memory. Tried to allocate 20.00 MiB. GPU 0 has a total capacity of 10.75 GiB of which 13.62 MiB is free. Including non-PyTorch memory, this process has 7.81 GiB memory in use. Process 23090 has 2.93 GiB memory in use. Of the allocated memory 6.91 GiB is allocated by PyTorch, and 105.09 MiB is reserved by PyTorch but unallocated. If reserved but unallocated memory is large try setting PYTORCH_CUDA_ALLOC_CONF=expandable_segments:True to avoid fragmentation.  See documentation for Memory Management  (https://pytorch.org/docs/stable/notes/cuda.html#environment-variables)",18.498046875,False,kivi_4bit_residual64,True,,balanced_two_gpu,1,persistent,27822.88090395741,19108,31777.41133980453,true,,20.0,0.0,,,,,unknown,False,,False,,False,,,True,static_safe,False,0.0,0.0,kivi_4bit_residual64,0.0,,risk_evidence_insufficient,0.0,static_safe,0.0,,,,hybrid-session-002-turn-2,0.0,0.0,,0.0,0.0,/DATACENTER3/zhenxiang.wang/work/TailGuardKV/.worktrees/baseline-smoke-final-aggregation/out/full_25session_baseline_9_14/full/policy_attempts/full40_20260916_h2o_static_safe/seed20260906,True,calibrated safe,hybrid-session-002,qa,,2,risk_evidence_insufficient
kivi_4bit_residual64,13.0,0.1,False,False,online_qwen,False,,/DATACENTER3/zhenxiang.wang/work/TailGuardKV/.worktrees/baseline-smoke-final-aggregation/out/full_25session_baseline_9_14/full/policy_attempts/full40_20260916_h2o_static_safe/seed20260906/config.yaml,,,,,0.1,True,,0.05,,0,False,kivi_4bit_residual64,True,,balanced_two_gpu,1,persistent,27822.88090395741,19108,31777.41133980453,,,20.0,4.287841796875,4.287841796875,4.287841796875,4.287841796875,44429.459760427475,unknown,True,,True,,False,,15239.28369140625,True,static_safe,False,0.0,0.0,kivi_4bit_residual64,0.0,,risk_evidence_insufficient,0.0,static_safe,42571.142629483715,,,,hybrid-session-003-turn-2,4.287841796875,0.0,4.287841796875,0.0,0.0,/DATACENTER3/zhenxiang.wang/work/TailGuardKV/.worktrees/baseline-smoke-final-aggregation/out/full_25session_baseline_9_14/full/policy_attempts/full40_20260916_h2o_static_safe/seed20260906,True,calibrated safe,hybrid-session-003,summary,42572.06810544804,2,risk_evidence_insufficient
kivi_4bit_residual64,13.0,0.1,False,False,online_qwen,False,,/DATACENTER3/zhenxiang.wang/work/TailGuardKV/.worktrees/baseline-smoke-final-aggregation/out/full_25session_baseline_9_14/full/policy_attempts/full40_20260916_h2o_static_safe/seed20260906/config.yaml,,,,,0.1,True,,0.05,,0,False,kivi_4bit_residual64,True,,balanced_two_gpu,1,persistent,27822.88090395741,19108,31777.41133980453,,,20.0,9.202880859375,4.9150390625,4.9150390625,4.9150390625,2077.610095962882,unknown,True,,True,,False,,15320.66357421875,True,static_safe,False,0.03418803418803419,0.03418803418803419,kivi_4bit_residual64,0.03418803418803419,,risk_evidence_insufficient,0.0,static_safe,208.87666917406023,,,,hybrid-session-004-turn-2,4.9150390625,0.0,4.9150390625,0.0,0.3418803418803419,/DATACENTER3/zhenxiang.wang/work/TailGuardKV/.worktrees/baseline-smoke-final-aggregation/out/full_25session_baseline_9_14/full/policy_attempts/full40_20260916_h2o_static_safe/seed20260906,False,calibrated unsafe,hybrid-session-004,qa,209.5759049989283,2,risk_evidence_insufficient
kivi_4bit_residual64,13.0,0.1,False,False,online_qwen,False,,/DATACENTER3/zhenxiang.wang/work/TailGuardKV/.worktrees/baseline-smoke-final-aggregation/out/full_25session_baseline_9_14/full/policy_attempts/full40_20260916_h2o_static_safe/seed20260906/config.yaml,,,,,0.1,True,,0.05,,0,False,kivi_4bit_residual64,True,,balanced_two_gpu,1,persistent,27822.88090395741,19108,31777.41133980453,,,20.0,13.86669921875,4.663818359375,4.663818359375,4.663818359375,2068.4946400579065,unknown,True,,True,,False,,15314.46337890625,True,static_safe,False,0.0,0.0,kivi_4bit_residual64,0.0,,risk_evidence_insufficient,0.0,static_safe,213.62873492762446,,,,hybrid-session-005-turn-2,4.663818359375,0.0,4.663818359375,0.0,0.0,/DATACENTER3/zhenxiang.wang/work/TailGuardKV/.worktrees/baseline-smoke-final-aggregation/out/full_25session_baseline_9_14/full/policy_attempts/full40_20260916_h2o_static_safe/seed20260906,True,calibrated safe,hybrid-session-005,summary,214.3080069217831,2,risk_evidence_insufficient
kivi_4bit_residual64,13.0,0.1,False,True,online_qwen,True,,/DATACENTER3/zhenxiang.wang/work/TailGuardKV/.worktrees/baseline-smoke-final-aggregation/out/full_25session_baseline_9_14/full/policy_attempts/full40_20260916_h2o_static_safe/seed20260906/config.yaml,,,,,0.1,True,,0.05,,4.287841796875,False,kivi_4bit_residual64,True,,balanced_two_gpu,1,persistent,27822.88090395741,19108,31777.41133980453,,,20.0,15.785888671875,6.20703125,6.20703125,6.20703125,2100.973400985822,unknown,True,,True,,False,,15382.86279296875,True,static_safe,False,0.03418803418803419,0.03418803418803419,kivi_4bit_residual64,0.03418803418803419,,risk_evidence_insufficient,0.0,static_safe,256.6083900164813,,,,hybrid-session-006-turn-2,6.20703125,0.0,6.20703125,0.0,0.3418803418803419,/DATACENTER3/zhenxiang.wang/work/TailGuardKV/.worktrees/baseline-smoke-final-aggregation/out/full_25session_baseline_9_14/full/policy_attempts/full40_20260916_h2o_static_safe/seed20260906,False,calibrated unsafe,hybrid-session-006,qa,257.2887968271971,2,risk_evidence_insufficient
kivi_4bit_residual64,13.0,0.1,False,True,online_qwen,True,,/DATACENTER3/zhenxiang.wang/work/TailGuardKV/.worktrees/baseline-smoke-final-aggregation/out/full_25session_baseline_9_14/full/policy_attempts/full40_20260916_h2o_static_safe/seed20260906/config.yaml,,,,,0.1,True,,0.05,,4.9150390625,False,kivi_4bit_residual64,True,,balanced_two_gpu,1,persistent,27822.88090395741,19108,31777.41133980453,,,20.0,16.02001953125,5.149169921875,5.149169921875,5.149169921875,2039.9096151813865,unknown,True,,True,,False,,15291.39306640625,True,static_safe,False,0.0,0.0,kivi_4bit_residual64,0.0,,risk_evidence_insufficient,0.0,static_safe,208.3461000584066,,,,hybrid-session-009-turn-2,5.149169921875,0.0,5.149169921875,0.0,0.0,/DATACENTER3/zhenxiang.wang/work/TailGuardKV/.worktrees/baseline-smoke-final-aggregation/out/full_25session_baseline_9_14/full/policy_attempts/full40_20260916_h2o_static_safe/seed20260906,True,calibrated safe,hybrid-session-009,summary,209.09882616251707,2,risk_evidence_insufficient
kivi_4bit_residual64,13.0,0.1,False,True,online_qwen,True,,/DATACENTER3/zhenxiang.wang/work/TailGuardKV/.worktrees/baseline-smoke-final-aggregation/out/full_25session_baseline_9_14/full/policy_attempts/full40_20260916_h2o_static_safe/seed20260906/config.yaml,,,,,0.1,True,,0.05,,4.663818359375,False,kivi_4bit_residual64,True,,balanced_two_gpu,1,persistent,27822.88090395741,19108,31777.41133980453,,,20.0,16.93603515625,5.579833984375,5.579833984375,5.579833984375,2031.2099510338157,unknown,True,,True,,False,,15309.41064453125,True,static_safe,False,0.0,0.0,kivi_4bit_residual64,0.0,,risk_evidence_insufficient,0.0,static_safe,207.51003199256957,,,,hybrid-session-010-turn-2,5.579833984375,0.0,5.579833984375,0.0,0.0,/DATACENTER3/zhenxiang.wang/work/TailGuardKV/.worktrees/baseline-smoke-final-aggregation/out/full_25session_baseline_9_14/full/policy_attempts/full40_20260916_h2o_static_safe/seed20260906,True,calibrated safe,hybrid-session-010,qa,208.2569319754839,2,risk_evidence_insufficient
kivi_4bit_residual64,13.0,0.1,True,False,online_qwen,False,,/DATACENTER3/zhenxiang.wang/work/TailGuardKV/.worktrees/baseline-smoke-final-aggregation/out/full_25session_baseline_9_14/full/policy_attempts/full40_20260916_h2o_static_safe/seed20260906/config.yaml,,,,,0.1,True,,0.05,"OutOfMemoryError: CUDA out of memory. Tried to allocate 20.00 MiB. GPU 0 has a total capacity of 10.75 GiB of which 15.62 MiB is free. Including non-PyTorch memory, this process has 7.80 GiB memory in use. Process 24631 has 2.93 GiB memory in use. Of the allocated memory 6.91 GiB is allocated by PyTorch, and 104.43 MiB is reserved by PyTorch but unallocated. If reserved but unallocated memory is large try setting PYTORCH_CUDA_ALLOC_CONF=expandable_segments:True to avoid fragmentation.  See documentation for Memory Management  (https://pytorch.org/docs/stable/notes/cuda.html#environment-variables)",16.93603515625,False,kivi_4bit_residual64,True,,balanced_two_gpu,1,persistent,27822.88090395741,19108,31777.41133980453,true,,20.0,0.0,,,,,unknown,False,,False,,False,,,True,static_safe,False,0.0,0.0,kivi_4bit_residual64,0.0,,risk_evidence_insufficient,0.0,static_safe,0.0,,,,hybrid-session-013-turn-2,0.0,0.0,,0.0,0.0,/DATACENTER3/zhenxiang.wang/work/TailGuardKV/.worktrees/baseline-smoke-final-aggregation/out/full_25session_baseline_9_14/full/policy_attempts/full40_20260916_h2o_static_safe/seed20260906,True,calibrated safe,hybrid-session-013,summary,,2,risk_evidence_insufficient
kivi_4bit_residual64,13.0,0.1,False,False,online_qwen,False,,/DATACENTER3/zhenxiang.wang/work/TailGuardKV/.worktrees/baseline-smoke-final-aggregation/out/full_25session_baseline_9_14/full/policy_attempts/full40_20260916_h2o_static_safe/seed20260906/config.yaml,,,,,0.1,True,,0.05,,0,False,kivi_4bit_residual64,True,,balanced_two_gpu,1,persistent,27822.88090395741,19108,31777.41133980453,,,20.0,4.69970703125,4.69970703125,4.69970703125,4.69970703125,44089.51342391968,unknown,True,,True,,False,,15307.64306640625,True,static_safe,False,0.0,0.0,kivi_4bit_residual64,0.0,,risk_evidence_insufficient,0.0,static_safe,42214.856874031946,,,,hybrid-session-016-turn-2,4.69970703125,0.0,4.69970703125,0.0,0.0,/DATACENTER3/zhenxiang.wang/work/TailGuardKV/.worktrees/baseline-smoke-final-aggregation/out/full_25session_baseline_9_14/full/policy_attempts/full40_20260916_h2o_static_safe/seed20260906,True,calibrated safe,hybrid-session-016,qa,42215.819726765156,2,risk_evidence_insufficient
kivi_4bit_residual64,13.0,0.1,True,False,online_qwen,False,,/DATACENTER3/zhenxiang.wang/work/TailGuardKV/.worktrees/baseline-smoke-final-aggregation/out/full_25session_baseline_9_14/full/policy_attempts/full40_20260916_h2o_static_safe/seed20260906/config.yaml,,,,,0.1,True,,0.05,,0,False,kivi_4bit_residual64,True,,balanced_two_gpu,1,persistent,27822.88090395741,19108,31777.41133980453,,,20.0,9.435302734375,4.735595703125,4.735595703125,4.735595703125,2351.6977468971163,unknown,True,,True,,False,,15313.55322265625,True,static_safe,False,0.03418803418803419,0.03418803418803419,kivi_4bit_residual64,0.03418803418803419,,risk_evidence_insufficient,0.0,static_safe,225.85882502608,,,,hybrid-session-020-turn-2,4.735595703125,0.0,4.735595703125,0.0,0.3418803418803419,/DATACENTER3/zhenxiang.wang/work/TailGuardKV/.worktrees/baseline-smoke-final-aggregation/out/full_25session_baseline_9_14/full/policy_attempts/full40_20260916_h2o_static_safe/seed20260906,False,calibrated unsafe,hybrid-session-020,qa,230.9433468617499,2,risk_evidence_insufficient
kivi_4bit_residual64,13.0,0.1,False,False,online_qwen,False,,/DATACENTER3/zhenxiang.wang/work/TailGuardKV/.worktrees/baseline-smoke-final-aggregation/out/full_25session_baseline_9_14/full/policy_attempts/full40_20260916_h2o_static_safe/seed20260906/config.yaml,,,,,0.1,True,,0.05,,0,False,kivi_4bit_residual64,True,,balanced_two_gpu,1,persistent,27822.88090395741,19108,31777.41133980453,,,20.0,14.52978515625,5.094482421875,5.094482421875,5.094482421875,2121.9460531137884,unknown,True,,True,,False,,15331.34814453125,True,static_safe,False,0.0,0.0,kivi_4bit_residual64,0.0,,risk_evidence_insufficient,0.0,static_safe,244.05164597555995,,,,hybrid-session-021-turn-2,5.094482421875,0.0,5.094482421875,0.0,0.0,/DATACENTER3/zhenxiang.wang/work/TailGuardKV/.worktrees/baseline-smoke-final-aggregation/out/full_25session_baseline_9_14/full/policy_attempts/full40_20260916_h2o_static_safe/seed20260906,True,calibrated safe,hybrid-session-021,summary,244.83516300097108,2,risk_evidence_insufficient
kivi_4bit_residual64,13.0,0.1,False,False,online_qwen,False,,/DATACENTER3/zhenxiang.wang/work/TailGuardKV/.worktrees/baseline-smoke-final-aggregation/out/full_25session_baseline_9_14/full/policy_attempts/full40_20260916_h2o_static_safe/seed20260906/config.yaml,,,,,0.1,True,,0.05,,0,False,kivi_4bit_residual64,True,,balanced_two_gpu,1,persistent,27822.88090395741,19108,31777.41133980453,,,20.0,19.966064453125,5.436279296875,5.436279296875,5.436279296875,2062.501368112862,unknown,True,,True,,False,,15301.99658203125,True,static_safe,False,0.0,0.0,kivi_4bit_residual64,0.0,,risk_evidence_insufficient,0.0,static_safe,212.96037314459682,,,,hybrid-session-025-turn-2,5.436279296875,0.0,5.436279296875,0.0,0.0,/DATACENTER3/zhenxiang.wang/work/TailGuardKV/.worktrees/baseline-smoke-final-aggregation/out/full_25session_baseline_9_14/full/policy_attempts/full40_20260916_h2o_static_safe/seed20260906,True,calibrated safe,hybrid-session-025,summary,213.70803704485297,2,risk_evidence_insufficient
kivi_4bit_residual64,13.0,0.1,False,True,online_qwen,True,,/DATACENTER3/zhenxiang.wang/work/TailGuardKV/.worktrees/baseline-smoke-final-aggregation/out/full_25session_baseline_9_14/full/policy_attempts/full40_20260916_h2o_static_safe/seed20260906/config.yaml,,,,,0.1,True,,0.05,,9.435302734375,False,kivi_4bit_residual64,True,,balanced_two_gpu,1,persistent,27822.88090395741,19108,31777.41133980453,,,20.0,15.73291015625,5.2021484375,5.2021484375,5.2021484375,2057.1070129517466,unknown,True,,True,,False,,15346.38427734375,True,static_safe,False,0.03418803418803419,0.03418803418803419,kivi_4bit_residual64,0.03418803418803419,,risk_evidence_insufficient,0.0,static_safe,229.03132298961282,,,,hybrid-session-026-turn-2,5.2021484375,0.0,5.2021484375,0.0,0.3418803418803419,/DATACENTER3/zhenxiang.wang/work/TailGuardKV/.worktrees/baseline-smoke-final-aggregation/out/full_25session_baseline_9_14/full/policy_attempts/full40_20260916_h2o_static_safe/seed20260906,False,calibrated unsafe,hybrid-session-026,qa,229.7085199970752,2,risk_evidence_insufficient
kivi_4bit_residual64,13.0,0.1,False,True,online_qwen,True,,/DATACENTER3/zhenxiang.wang/work/TailGuardKV/.worktrees/baseline-smoke-final-aggregation/out/full_25session_baseline_9_14/full/policy_attempts/full40_20260916_h2o_static_safe/seed20260906/config.yaml,,,,,0.1,True,,0.05,,5.094482421875,False,kivi_4bit_residual64,True,,balanced_two_gpu,1,persistent,27822.88090395741,19108,31777.41133980453,,,20.0,14.9091796875,4.270751953125,4.270751953125,4.270751953125,2023.7986429128796,unknown,True,,True,,False,,15205.53369140625,True,static_safe,False,0.0,0.0,kivi_4bit_residual64,0.0,,risk_evidence_insufficient,0.0,static_safe,179.7299599274993,,,,hybrid-session-002-turn-3,4.270751953125,0.0,4.270751953125,0.0,0.0,/DATACENTER3/zhenxiang.wang/work/TailGuardKV/.worktrees/baseline-smoke-final-aggregation/out/full_25session_baseline_9_14/full/policy_attempts/full40_20260916_h2o_static_safe/seed20260906,True,calibrated safe,hybrid-session-002,qa,180.3986388258636,3,risk_evidence_insufficient
kivi_4bit_residual64,13.0,0.1,False,False,online_qwen,False,,/DATACENTER3/zhenxiang.wang/work/TailGuardKV/.worktrees/baseline-smoke-final-aggregation/out/full_25session_baseline_9_14/full/policy_attempts/full40_20260916_h2o_static_safe/seed20260906/config.yaml,,,,,0.1,True,,0.05,,0,False,kivi_4bit_residual64,True,,balanced_two_gpu,1,persistent,27822.88090395741,19108,31777.41133980453,,,20.0,19.644775390625,4.735595703125,4.735595703125,4.735595703125,2044.5444830693305,unknown,True,,True,,False,,15323.80712890625,True,static_safe,False,0.0,0.0,kivi_4bit_residual64,0.0,,risk_evidence_insufficient,0.0,static_safe,203.14764697104692,,,,hybrid-session-003-turn-3,4.735595703125,0.0,4.735595703125,0.0,0.0,/DATACENTER3/zhenxiang.wang/work/TailGuardKV/.worktrees/baseline-smoke-final-aggregation/out/full_25session_baseline_9_14/full/policy_attempts/full40_20260916_h2o_static_safe/seed20260906,True,calibrated safe,hybrid-session-003,summary,203.87985999695957,3,risk_evidence_insufficient
kivi_4bit_residual64,13.0,0.1,False,True,online_qwen,True,,/DATACENTER3/zhenxiang.wang/work/TailGuardKV/.worktrees/baseline-smoke-final-aggregation/out/full_25session_baseline_9_14/full/policy_attempts/full40_20260916_h2o_static_safe/seed20260906/config.yaml,,,,,0.1,True,,0.05,,10.638427734375,False,kivi_4bit_residual64,True,,balanced_two_gpu,1,persistent,27822.88090395741,19108,31777.41133980453,,,20.0,15.608154296875,6.601806640625,6.601806640625,6.601806640625,2084.37372604385,unknown,True,,True,,False,,15405.00048828125,True,static_safe,False,0.03418803418803419,0.03418803418803419,kivi_4bit_residual64,0.03418803418803419,,risk_evidence_insufficient,0.0,static_safe,239.85491297207773,,,,hybrid-session-004-turn-3,6.601806640625,0.0,6.601806640625,0.0,0.3418803418803419,/DATACENTER3/zhenxiang.wang/work/TailGuardKV/.worktrees/baseline-smoke-final-aggregation/out/full_25session_baseline_9_14/full/policy_attempts/full40_20260916_h2o_static_safe/seed20260906,False,calibrated unsafe,hybrid-session-004,qa,240.5142041388899,3,risk_evidence_insufficient
kivi_4bit_residual64,13.0,0.1,False,True,online_qwen,True,,/DATACENTER3/zhenxiang.wang/work/TailGuardKV/.worktrees/baseline-smoke-final-aggregation/out/full_25session_baseline_9_14/full/policy_attempts/full40_20260916_h2o_static_safe/seed20260906/config.yaml,,,,,0.1,True,,0.05,,4.270751953125,False,kivi_4bit_residual64,True,,balanced_two_gpu,1,persistent,27822.88090395741,19108,31777.41133980453,,,20.0,17.652099609375,6.314697265625,6.314697265625,6.314697265625,2092.6452269777656,unknown,True,,True,,False,,15389.06494140625,True,static_safe,False,0.0,0.0,kivi_4bit_residual64,0.0,,risk_evidence_insufficient,0.0,static_safe,238.41928411275148,,,,hybrid-session-005-turn-3,6.314697265625,0.0,6.314697265625,0.0,0.0,/DATACENTER3/zhenxiang.wang/work/TailGuardKV/.worktrees/baseline-smoke-final-aggregation/out/full_25session_baseline_9_14/full/policy_attempts/full40_20260916_h2o_static_safe/seed20260906,True,calibrated safe,hybrid-session-005,summary,239.05310383997858,3,risk_evidence_insufficient
kivi_4bit_residual64,13.0,0.1,False,True,online_qwen,True,,/DATACENTER3/zhenxiang.wang/work/TailGuardKV/.worktrees/baseline-smoke-final-aggregation/out/full_25session_baseline_9_14/full/policy_attempts/full40_20260916_h2o_static_safe/seed20260906/config.yaml,,,,,0.1,True,,0.05,,4.735595703125,False,kivi_4bit_residual64,True,,balanced_two_gpu,1,persistent,27822.88090395741,19108,31777.41133980453,,,20.0,19.607177734375,6.690673828125,6.690673828125,6.690673828125,2139.269575010985,unknown,True,,True,,False,,15455.7314453125,True,static_safe,False,0.0,0.0,kivi_4bit_residual64,0.0,,risk_evidence_insufficient,0.0,static_safe,301.1740108486265,,,,hybrid-session-006-turn-3,6.690673828125,0.0,6.690673828125,0.0,0.0,/DATACENTER3/zhenxiang.wang/work/TailGuardKV/.worktrees/baseline-smoke-final-aggregation/out/full_25session_baseline_9_14/full/policy_attempts/full40_20260916_h2o_static_safe/seed20260906,True,calibrated safe,hybrid-session-006,qa,301.87175306491554,3,risk_evidence_insufficient
kivi_4bit_residual64,13.0,0.1,False,True,online_qwen,True,,/DATACENTER3/zhenxiang.wang/work/TailGuardKV/.worktrees/baseline-smoke-final-aggregation/out/full_25session_baseline_9_14/full/policy_attempts/full40_20260916_h2o_static_safe/seed20260906/config.yaml,,,,,0.1,True,,0.05,,6.601806640625,False,kivi_4bit_residual64,True,,balanced_two_gpu,1,persistent,27822.88090395741,19108,31777.41133980453,,,20.0,18.602294921875,5.596923828125,5.596923828125,5.596923828125,2073.6872451379895,unknown,True,,True,,False,,15362.32666015625,True,static_safe,False,0.0,0.0,kivi_4bit_residual64,0.0,,risk_evidence_insufficient,0.0,static_safe,226.23407281935215,,,,hybrid-session-009-turn-3,5.596923828125,0.0,5.596923828125,0.0,0.0,/DATACENTER3/zhenxiang.wang/work/TailGuardKV/.worktrees/baseline-smoke-final-aggregation/out/full_25session_baseline_9_14/full/policy_attempts/full40_20260916_h2o_static_safe/seed20260906,True,calibrated safe,hybrid-session-009,summary,226.8674150109291,3,risk_evidence_insufficient
kivi_4bit_residual64,13.0,0.1,False,True,online_qwen,True,,/DATACENTER3/zhenxiang.wang/work/TailGuardKV/.worktrees/baseline-smoke-final-aggregation/out/full_25session_baseline_9_14/full/policy_attempts/full40_20260916_h2o_static_safe/seed20260906/config.yaml,,,,,0.1,True,,0.05,,6.314697265625,False,kivi_4bit_residual64,True,,balanced_two_gpu,1,persistent,27822.88090395741,19108,31777.41133980453,,,20.0,18.35107421875,6.0634765625,6.0634765625,6.0634765625,2077.2627519909292,unknown,True,,True,,False,,15381.62841796875,True,static_safe,False,0.0,0.0,kivi_4bit_residual64,0.0,,risk_evidence_insufficient,0.0,static_safe,238.08288807049394,,,,hybrid-session-010-turn-3,6.0634765625,0.0,6.0634765625,0.0,0.0,/DATACENTER3/zhenxiang.wang/work/TailGuardKV/.worktrees/baseline-smoke-final-aggregation/out/full_25session_baseline_9_14/full/policy_attempts/full40_20260916_h2o_static_safe/seed20260906,True,calibrated safe,hybrid-session-010,qa,238.76020987518132,3,risk_evidence_insufficient
kivi_4bit_residual64,13.0,0.1,False,True,online_qwen,True,,/DATACENTER3/zhenxiang.wang/work/TailGuardKV/.worktrees/baseline-smoke-final-aggregation/out/full_25session_baseline_9_14/full/policy_attempts/full40_20260916_h2o_static_safe/seed20260906/config.yaml,,,,,0.1,True,,0.05,,6.690673828125,False,kivi_4bit_residual64,True,,balanced_two_gpu,1,persistent,27822.88090395741,19108,31777.41133980453,,,20.0,15.50048828125,3.840087890625,3.840087890625,3.840087890625,2014.9567651096731,unknown,True,,True,,False,,15191.44775390625,True,static_safe,False,0.0,0.0,kivi_4bit_residual64,0.0,,risk_evidence_insufficient,0.0,static_safe,169.45076384581625,,,,hybrid-session-013-turn-3,3.840087890625,0.0,3.840087890625,0.0,0.0,/DATACENTER3/zhenxiang.wang/work/TailGuardKV/.worktrees/baseline-smoke-final-aggregation/out/full_25session_baseline_9_14/full/policy_attempts/full40_20260916_h2o_static_safe/seed20260906,True,calibrated safe,hybrid-session-013,summary,170.09278805926442,3,risk_evidence_insufficient
kivi_4bit_residual64,13.0,0.1,False,True,online_qwen,True,,/DATACENTER3/zhenxiang.wang/work/TailGuardKV/.worktrees/baseline-smoke-final-aggregation/out/full_25session_baseline_9_14/full/policy_attempts/full40_20260916_h2o_static_safe/seed20260906/config.yaml,,,,,0.1,True,,0.05,,5.596923828125,False,kivi_4bit_residual64,True,,balanced_two_gpu,1,persistent,27822.88090395741,19108,31777.41133980453,,,20.0,16.2900390625,6.386474609375,6.386474609375,6.386474609375,2079.3240962084383,unknown,True,,True,,False,,15393.06103515625,True,static_safe,False,0.0,0.0,kivi_4bit_residual64,0.0,,risk_evidence_insufficient,0.0,static_safe,245.95336895436049,,,,hybrid-session-016-turn-3,6.386474609375,0.0,6.386474609375,0.0,0.0,/DATACENTER3/zhenxiang.wang/work/TailGuardKV/.worktrees/baseline-smoke-final-aggregation/out/full_25session_baseline_9_14/full/policy_attempts/full40_20260916_h2o_static_safe/seed20260906,True,calibrated safe,hybrid-session-016,qa,246.61773210391402,3,risk_evidence_insufficient
kivi_4bit_residual64,13.0,0.1,False,True,online_qwen,True,,/DATACENTER3/zhenxiang.wang/work/TailGuardKV/.worktrees/baseline-smoke-final-aggregation/out/full_25session_baseline_9_14/full/policy_attempts/full40_20260916_h2o_static_safe/seed20260906/config.yaml,,,,,0.1,True,,0.05,,6.0634765625,False,kivi_4bit_residual64,True,,balanced_two_gpu,1,persistent,27822.88090395741,19108,31777.41133980453,,,20.0,16.613037109375,6.386474609375,6.386474609375,6.386474609375,2069.3028362002224,unknown,True,,True,,False,,15393.86767578125,True,static_safe,False,0.0,0.0,kivi_4bit_residual64,0.0,,risk_evidence_insufficient,0.0,static_safe,230.83989298902452,,,,hybrid-session-020-turn-3,6.386474609375,0.0,6.386474609375,0.0,0.0,/DATACENTER3/zhenxiang.wang/work/TailGuardKV/.worktrees/baseline-smoke-final-aggregation/out/full_25session_baseline_9_14/full/policy_attempts/full40_20260916_h2o_static_safe/seed20260906,True,calibrated safe,hybrid-session-020,qa,231.49490309879184,3,risk_evidence_insufficient
kivi_4bit_residual64,13.0,0.1,False,True,online_qwen,True,,/DATACENTER3/zhenxiang.wang/work/TailGuardKV/.worktrees/baseline-smoke-final-aggregation/out/full_25session_baseline_9_14/full/policy_attempts/full40_20260916_h2o_static_safe/seed20260906/config.yaml,,,,,0.1,True,,0.05,,3.840087890625,False,kivi_4bit_residual64,True,,balanced_two_gpu,1,persistent,27822.88090395741,19108,31777.41133980453,,,20.0,19.518310546875,6.745361328125,6.745361328125,6.745361328125,2063.7718921061605,unknown,True,,True,,False,,15409.85400390625,True,static_safe,False,0.0,0.0,kivi_4bit_residual64,0.0,,risk_evidence_insufficient,0.0,static_safe,247.33302602544427,,,,hybrid-session-021-turn-3,6.745361328125,0.0,6.745361328125,0.0,0.0,/DATACENTER3/zhenxiang.wang/work/TailGuardKV/.worktrees/baseline-smoke-final-aggregation/out/full_25session_baseline_9_14/full/policy_attempts/full40_20260916_h2o_static_safe/seed20260906,True,calibrated safe,hybrid-session-021,summary,247.99464596435428,3,risk_evidence_insufficient
kivi_4bit_residual64,13.0,0.1,False,True,online_qwen,True,,/DATACENTER3/zhenxiang.wang/work/TailGuardKV/.worktrees/baseline-smoke-final-aggregation/out/full_25session_baseline_9_14/full/policy_attempts/full40_20260916_h2o_static_safe/seed20260906/config.yaml,,,,,0.1,True,,0.05,,6.386474609375,False,kivi_4bit_residual64,True,,balanced_two_gpu,1,persistent,27822.88090395741,19108,31777.41133980453,,,20.0,18.97998046875,5.84814453125,5.84814453125,5.84814453125,2061.7662011645734,unknown,True,,True,,False,,15372.65185546875,True,static_safe,False,0.0,0.0,kivi_4bit_residual64,0.0,,risk_evidence_insufficient,0.0,static_safe,238.1277580279857,,,,hybrid-session-025-turn-3,5.84814453125,0.0,5.84814453125,0.0,0.0,/DATACENTER3/zhenxiang.wang/work/TailGuardKV/.worktrees/baseline-smoke-final-aggregation/out/full_25session_baseline_9_14/full/policy_attempts/full40_20260916_h2o_static_safe/seed20260906,True,calibrated safe,hybrid-session-025,summary,238.7570401187986,3,risk_evidence_insufficient
kivi_4bit_residual64,13.0,0.1,False,True,online_qwen,True,,/DATACENTER3/zhenxiang.wang/work/TailGuardKV/.worktrees/baseline-smoke-final-aggregation/out/full_25session_baseline_9_14/full/policy_attempts/full40_20260916_h2o_static_safe/seed20260906/config.yaml,,,,,0.1,True,,0.05,,6.386474609375,False,kivi_4bit_residual64,True,,balanced_two_gpu,1,persistent,27822.88090395741,19108,31777.41133980453,,,20.0,18.279296875,5.685791015625,5.685791015625,5.685791015625,2091.8136439286172,unknown,True,,True,,False,,15417.12744140625,True,static_safe,False,0.03418803418803419,0.03418803418803419,kivi_4bit_residual64,0.03418803418803419,,risk_evidence_insufficient,0.0,static_safe,246.6139600146562,,,,hybrid-session-026-turn-3,5.685791015625,0.0,5.685791015625,0.0,0.3418803418803419,/DATACENTER3/zhenxiang.wang/work/TailGuardKV/.worktrees/baseline-smoke-final-aggregation/out/full_25session_baseline_9_14/full/policy_attempts/full40_20260916_h2o_static_safe/seed20260906,False,calibrated unsafe,hybrid-session-026,qa,247.24213290028274,3,risk_evidence_insufficient
kivi_4bit_residual64,13.0,0.1,False,True,online_qwen,True,,/DATACENTER3/zhenxiang.wang/work/TailGuardKV/.worktrees/baseline-smoke-final-aggregation/out/full_25session_baseline_9_14/full/policy_attempts/full40_20260916_h2o_static_safe/seed20260906/config.yaml,,,,,0.1,True,,0.05,,6.745361328125,False,kivi_4bit_residual64,True,,balanced_two_gpu,1,persistent,27822.88090395741,19108,31777.41133980453,,,20.0,16.10888671875,4.574951171875,4.574951171875,4.574951171875,2027.5376830250025,unknown,True,,True,,False,,15269.57470703125,True,static_safe,False,0.0,0.0,kivi_4bit_residual64,0.0,,risk_evidence_insufficient,0.0,static_safe,210.81961900927126,,,,hybrid-session-002-turn-4,4.574951171875,0.0,4.574951171875,0.0,0.0,/DATACENTER3/zhenxiang.wang/work/TailGuardKV/.worktrees/baseline-smoke-final-aggregation/out/full_25session_baseline_9_14/full/policy_attempts/full40_20260916_h2o_static_safe/seed20260906,True,calibrated safe,hybrid-session-002,qa,211.48091298528016,4,risk_evidence_insufficient
kivi_4bit_residual64,13.0,0.1,False,True,online_qwen,True,,/DATACENTER3/zhenxiang.wang/work/TailGuardKV/.worktrees/baseline-smoke-final-aggregation/out/full_25session_baseline_9_14/full/policy_attempts/full40_20260916_h2o_static_safe/seed20260906/config.yaml,,,,,0.1,True,,0.05,,5.84814453125,False,kivi_4bit_residual64,True,,balanced_two_gpu,1,persistent,27822.88090395741,19108,31777.41133980453,,,20.0,16.503662109375,6.242919921875,6.242919921875,6.242919921875,2057.748859981075,unknown,True,,True,,False,,15388.87158203125,True,static_safe,False,0.0,0.0,kivi_4bit_residual64,0.0,,risk_evidence_insufficient,0.0,static_safe,237.7189858816564,,,,hybrid-session-003-turn-4,6.242919921875,0.0,6.242919921875,0.0,0.0,/DATACENTER3/zhenxiang.wang/work/TailGuardKV/.worktrees/baseline-smoke-final-aggregation/out/full_25session_baseline_9_14/full/policy_attempts/full40_20260916_h2o_static_safe/seed20260906,True,calibrated safe,hybrid-session-003,summary,238.34629310294986,4,risk_evidence_insufficient
kivi_4bit_residual64,13.0,0.1,False,True,online_qwen,True,,/DATACENTER3/zhenxiang.wang/work/TailGuardKV/.worktrees/baseline-smoke-final-aggregation/out/full_25session_baseline_9_14/full/policy_attempts/full40_20260916_h2o_static_safe/seed20260906/config.yaml,,,,,0.1,True,,0.05,,5.685791015625,False,kivi_4bit_residual64,True,,balanced_two_gpu,1,persistent,27822.88090395741,19108,31777.41133980453,,,20.0,17.723876953125,6.906005859375,6.906005859375,6.906005859375,2096.4303899090737,unknown,True,,True,,False,,15464.5712890625,True,static_safe,False,0.0,0.0,kivi_4bit_residual64,0.0,,risk_evidence_insufficient,0.0,static_safe,285.8353708870709,,,,hybrid-session-004-turn-4,6.906005859375,0.0,6.906005859375,0.0,0.0,/DATACENTER3/zhenxiang.wang/work/TailGuardKV/.worktrees/baseline-smoke-final-aggregation/out/full_25session_baseline_9_14/full/policy_attempts/full40_20260916_h2o_static_safe/seed20260906,True,calibrated safe,hybrid-session-004,qa,286.4919928833842,4,risk_evidence_insufficient
kivi_4bit_residual64,13.0,0.1,False,True,online_qwen,True,,/DATACENTER3/zhenxiang.wang/work/TailGuardKV/.worktrees/baseline-smoke-final-aggregation/out/full_25session_baseline_9_14/full/policy_attempts/full40_20260916_h2o_static_safe/seed20260906/config.yaml,,,,,0.1,True,,0.05,,4.574951171875,False,kivi_4bit_residual64,True,,balanced_two_gpu,1,persistent,27822.88090395741,19108,31777.41133980453,,,20.0,19.767822265625,6.618896484375,6.618896484375,6.618896484375,2120.651012053713,unknown,True,,True,,False,,15452.4091796875,True,static_safe,False,0.0,0.0,kivi_4bit_residual64,0.0,,risk_evidence_insufficient,0.0,static_safe,288.22767292149365,,,,hybrid-session-005-turn-4,6.618896484375,0.0,6.618896484375,0.0,0.0,/DATACENTER3/zhenxiang.wang/work/TailGuardKV/.worktrees/baseline-smoke-final-aggregation/out/full_25session_baseline_9_14/full/policy_attempts/full40_20260916_h2o_static_safe/seed20260906,True,calibrated safe,hybrid-session-005,summary,288.8915240764618,4,risk_evidence_insufficient
kivi_4bit_residual64,13.0,0.1,False,True,online_qwen,True,,/DATACENTER3/zhenxiang.wang/work/TailGuardKV/.worktrees/baseline-smoke-final-aggregation/out/full_25session_baseline_9_14/full/policy_attempts/full40_20260916_h2o_static_safe/seed20260906/config.yaml,,,,,0.1,True,,0.05,,13.14892578125,False,kivi_4bit_residual64,True,,balanced_two_gpu,1,persistent,27822.88090395741,19108,31777.41133980453,,,20.0,13.61376953125,6.994873046875,6.994873046875,6.994873046875,2133.71422002092,unknown,True,,True,,False,,15520.7548828125,True,static_safe,False,0.0,0.0,kivi_4bit_residual64,0.0,,risk_evidence_insufficient,0.0,static_safe,291.12740815617144,,,,hybrid-session-006-turn-4,6.994873046875,0.0,6.994873046875,0.0,0.0,/DATACENTER3/zhenxiang.wang/work/TailGuardKV/.worktrees/baseline-smoke-final-aggregation/out/full_25session_baseline_9_14/full/policy_attempts/full40_20260916_h2o_static_safe/seed20260906,True,calibrated safe,hybrid-session-006,qa,291.7601598892361,4,risk_evidence_insufficient
kivi_4bit_residual64,13.0,0.1,True,False,online_qwen,False,,/DATACENTER3/zhenxiang.wang/work/TailGuardKV/.worktrees/baseline-smoke-final-aggregation/out/full_25session_baseline_9_14/full/policy_attempts/full40_20260916_h2o_static_safe/seed20260906/config.yaml,,,,,0.1,True,,0.05,,0,False,kivi_4bit_residual64,True,,balanced_two_gpu,1,persistent,27822.88090395741,19108,31777.41133980453,,,20.0,19.514892578125,5.901123046875,5.901123046875,5.901123046875,2494.204099988565,unknown,True,,True,,False,,15421.68603515625,True,static_safe,False,0.0,0.0,kivi_4bit_residual64,0.0,,risk_evidence_insufficient,0.0,static_safe,245.2251308131963,,,,hybrid-session-009-turn-4,5.901123046875,0.0,5.901123046875,0.0,0.0,/DATACENTER3/zhenxiang.wang/work/TailGuardKV/.worktrees/baseline-smoke-final-aggregation/out/full_25session_baseline_9_14/full/policy_attempts/full40_20260916_h2o_static_safe/seed20260906,True,calibrated safe,hybrid-session-009,summary,245.9144771564752,4,risk_evidence_insufficient
kivi_4bit_residual64,13.0,0.1,False,True,online_qwen,True,,/DATACENTER3/zhenxiang.wang/work/TailGuardKV/.worktrees/baseline-smoke-final-aggregation/out/full_25session_baseline_9_14/full/policy_attempts/full40_20260916_h2o_static_safe/seed20260906/config.yaml,,,,,0.1,True,,0.05,,6.618896484375,False,kivi_4bit_residual64,True,,balanced_two_gpu,1,persistent,27822.88090395741,19108,31777.41133980453,,,20.0,19.263671875,6.36767578125,6.36767578125,6.36767578125,2435.2045990526676,unknown,True,,True,,False,,15443.76953125,True,static_safe,False,0.0,0.0,kivi_4bit_residual64,0.0,,risk_evidence_insufficient,0.0,static_safe,307.88029986433685,,,,hybrid-session-010-turn-4,6.36767578125,0.0,6.36767578125,0.0,0.0,/DATACENTER3/zhenxiang.wang/work/TailGuardKV/.worktrees/baseline-smoke-final-aggregation/out/full_25session_baseline_9_14/full/policy_attempts/full40_20260916_h2o_static_safe/seed20260906,True,calibrated safe,hybrid-session-010,qa,308.6071650031954,4,risk_evidence_insufficient
kivi_4bit_residual64,13.0,0.1,True,False,online_qwen,False,,/DATACENTER3/zhenxiang.wang/work/TailGuardKV/.worktrees/baseline-smoke-final-aggregation/out/full_25session_baseline_9_14/full/policy_attempts/full40_20260916_h2o_static_safe/seed20260906/config.yaml,,,,,0.1,True,,0.05,"OutOfMemoryError: CUDA out of memory. Tried to allocate 2.00 MiB. GPU 0 has a total capacity of 10.75 GiB of which 3.62 MiB is free. Including non-PyTorch memory, this process has 7.82 GiB memory in use. Process 27026 has 2.93 GiB memory in use. Of the allocated memory 6.90 GiB is allocated by PyTorch, and 121.01 MiB is reserved by PyTorch but unallocated. If reserved but unallocated memory is large try setting PYTORCH_CUDA_ALLOC_CONF=expandable_segments:True to avoid fragmentation.  See documentation for Memory Management  (https://pytorch.org/docs/stable/notes/cuda.html#environment-variables)",19.263671875,False,kivi_4bit_residual64,True,,balanced_two_gpu,1,persistent,27822.88090395741,19108,31777.41133980453,true,,20.0,0.0,,,,,unknown,False,,False,,False,,,True,static_safe,False,0.0,0.0,kivi_4bit_residual64,0.0,,risk_evidence_insufficient,0.0,static_safe,0.0,,,,hybrid-session-013-turn-4,0.0,0.0,,0.0,0.0,/DATACENTER3/zhenxiang.wang/work/TailGuardKV/.worktrees/baseline-smoke-final-aggregation/out/full_25session_baseline_9_14/full/policy_attempts/full40_20260916_h2o_static_safe/seed20260906,True,calibrated safe,hybrid-session-013,summary,,4,risk_evidence_insufficient
kivi_4bit_residual64,13.0,0.1,False,False,online_qwen,False,,/DATACENTER3/zhenxiang.wang/work/TailGuardKV/.worktrees/baseline-smoke-final-aggregation/out/full_25session_baseline_9_14/full/policy_attempts/full40_20260916_h2o_static_safe/seed20260906/config.yaml,,,,,0.1,True,,0.05,,0,False,kivi_4bit_residual64,True,,balanced_two_gpu,1,persistent,27822.88090395741,19108,31777.41133980453,,,20.0,6.690673828125,6.690673828125,6.690673828125,6.690673828125,45387.321945905685,unknown,True,,True,,False,,15438.0126953125,True,static_safe,False,0.0,0.0,kivi_4bit_residual64,0.0,,risk_evidence_insufficient,0.0,static_safe,43482.361580871046,,,,hybrid-session-016-turn-4,6.690673828125,0.0,6.690673828125,0.0,0.0,/DATACENTER3/zhenxiang.wang/work/TailGuardKV/.worktrees/baseline-smoke-final-aggregation/out/full_25session_baseline_9_14/full/policy_attempts/full40_20260916_h2o_static_safe/seed20260906,True,calibrated safe,hybrid-session-016,qa,43483.28733483516,4,risk_evidence_insufficient
kivi_4bit_residual64,13.0,0.1,False,False,online_qwen,False,,/DATACENTER3/zhenxiang.wang/work/TailGuardKV/.worktrees/baseline-smoke-final-aggregation/out/full_25session_baseline_9_14/full/policy_attempts/full40_20260916_h2o_static_safe/seed20260906/config.yaml,,,,,0.1,True,,0.05,,0,False,kivi_4bit_residual64,True,,balanced_two_gpu,1,persistent,27822.88090395741,19108,31777.41133980453,,,20.0,13.38134765625,6.690673828125,6.690673828125,6.690673828125,2481.7315840628,unknown,True,,True,,False,,15444.7119140625,True,static_safe,False,0.0,0.0,kivi_4bit_residual64,0.0,,risk_evidence_insufficient,0.0,static_safe,278.04498211480677,,,,hybrid-session-020-turn-4,6.690673828125,0.0,6.690673828125,0.0,0.0,/DATACENTER3/zhenxiang.wang/work/TailGuardKV/.worktrees/baseline-smoke-final-aggregation/out/full_25session_baseline_9_14/full/policy_attempts/full40_20260916_h2o_static_safe/seed20260906,True,calibrated safe,hybrid-session-020,qa,278.74653204344213,4,risk_evidence_insufficient
kivi_4bit_residual64,13.0,0.1,False,True,online_qwen,True,,/DATACENTER3/zhenxiang.wang/work/TailGuardKV/.worktrees/baseline-smoke-final-aggregation/out/full_25session_baseline_9_14/full/policy_attempts/full40_20260916_h2o_static_safe/seed20260906/config.yaml,,,,,0.1,True,,0.05,,6.690673828125,False,kivi_4bit_residual64,True,,balanced_two_gpu,1,persistent,27822.88090395741,19108,31777.41133980453,,,20.0,13.740234375,7.049560546875,7.049560546875,7.049560546875,2355.6144058238715,unknown,True,,True,,False,,15466.6689453125,True,static_safe,False,0.0,0.0,kivi_4bit_residual64,0.0,,risk_evidence_insufficient,0.0,static_safe,287.91251382790506,,,,hybrid-session-021-turn-4,7.049560546875,0.0,7.049560546875,0.0,0.0,/DATACENTER3/zhenxiang.wang/work/TailGuardKV/.worktrees/baseline-smoke-final-aggregation/out/full_25session_baseline_9_14/full/policy_attempts/full40_20260916_h2o_static_safe/seed20260906,True,calibrated safe,hybrid-session-021,summary,288.59995398670435,4,risk_evidence_insufficient
kivi_4bit_residual64,13.0,0.1,False,False,online_qwen,False,,/DATACENTER3/zhenxiang.wang/work/TailGuardKV/.worktrees/baseline-smoke-final-aggregation/out/full_25session_baseline_9_14/full/policy_attempts/full40_20260916_h2o_static_safe/seed20260906/config.yaml,,,,,0.1,True,,0.05,,0,False,kivi_4bit_residual64,True,,balanced_two_gpu,1,persistent,27822.88090395741,19108,31777.41133980453,,,20.0,19.892578125,6.15234375,6.15234375,6.15234375,2175.636034924537,unknown,True,,True,,False,,15437.8876953125,True,static_safe,False,0.0,0.0,kivi_4bit_residual64,0.0,,risk_evidence_insufficient,0.0,static_safe,288.2226980291307,,,,hybrid-session-025-turn-4,6.15234375,0.0,6.15234375,0.0,0.0,/DATACENTER3/zhenxiang.wang/work/TailGuardKV/.worktrees/baseline-smoke-final-aggregation/out/full_25session_baseline_9_14/full/policy_attempts/full40_20260916_h2o_static_safe/seed20260906,True,calibrated safe,hybrid-session-025,summary,288.83722494356334,4,risk_evidence_insufficient
kivi_4bit_residual64,13.0,0.1,False,True,online_qwen,True,,/DATACENTER3/zhenxiang.wang/work/TailGuardKV/.worktrees/baseline-smoke-final-aggregation/out/full_25session_baseline_9_14/full/policy_attempts/full40_20260916_h2o_static_safe/seed20260906/config.yaml,,,,,0.1,True,,0.05,,13.740234375,False,kivi_4bit_residual64,True,,balanced_two_gpu,1,persistent,27822.88090395741,19108,31777.41133980453,,,20.0,13.345458984375,7.193115234375,7.193115234375,7.193115234375,2156.7028239369392,unknown,True,,True,,False,,15478.4873046875,True,static_safe,False,0.03418803418803419,0.03418803418803419,kivi_4bit_residual64,0.03418803418803419,,risk_evidence_insufficient,0.0,static_safe,289.53407797962427,,,,hybrid-session-026-turn-4,7.193115234375,0.0,7.193115234375,0.0,0.3418803418803419,/DATACENTER3/zhenxiang.wang/work/TailGuardKV/.worktrees/baseline-smoke-final-aggregation/out/full_25session_baseline_9_14/full/policy_attempts/full40_20260916_h2o_static_safe/seed20260906,False,calibrated unsafe,hybrid-session-026,qa,290.2429171372205,4,risk_evidence_insufficient
full_gpu,1.0,0.1,False,False,online_qwen,False,1.0,/DATACENTER3/zhenxiang.wang/work/TailGuardKV/.worktrees/baseline-smoke-final-aggregation/out/full_25session_baseline_9_14/full/policy_attempts/full40_20260916_h2o_static_safe/seed20260906/config.yaml,,,,,0.1,True,,0.05,,0,True,full_gpu,True,,balanced_two_gpu,1,persistent,28140.588724054396,28394,31976.45541303791,,exact fallback,20.0,2.078125,2.078125,2.078125,2.078125,5273.98938103579,unknown,True,,True,,False,,15070.54150390625,True,utility_dynamic,True,0.0,0.0,full_gpu,0.0,,risk_evidence_insufficient,0.0,utility_dynamic,0.0,,,,hybrid-session-002-turn-0,2.078125,0.0,2.078125,0.0,0.0,/DATACENTER3/zhenxiang.wang/work/TailGuardKV/.worktrees/baseline-smoke-final-aggregation/out/full_25session_baseline_9_14/full/policy_attempts/full40_20260916_h2o_static_safe/seed20260906,True,,hybrid-session-002,chat,4001.3187520671636,0,risk_evidence_insufficient
full_gpu,2.0,0.1,False,False,online_qwen,False,1.0,/DATACENTER3/zhenxiang.wang/work/TailGuardKV/.worktrees/baseline-smoke-final-aggregation/out/full_25session_baseline_9_14/full/policy_attempts/full40_20260916_h2o_static_safe/seed20260906/config.yaml,,,,,0.1,True,,0.05,,0,True,full_gpu,True,,balanced_two_gpu,1,persistent,28140.588724054396,28394,31976.45541303791,,exact fallback,20.0,3.5546875,1.4765625,1.4765625,1.4765625,1330.7643299922347,unknown,True,,True,,False,,15055.19384765625,True,utility_dynamic,True,0.0,0.0,full_gpu,0.0,,risk_evidence_insufficient,0.0,utility_dynamic,0.0,,,,hybrid-session-003-turn-0,1.4765625,0.0,1.4765625,0.0,0.0,/DATACENTER3/zhenxiang.wang/work/TailGuardKV/.worktrees/baseline-smoke-final-aggregation/out/full_25session_baseline_9_14/full/policy_attempts/full40_20260916_h2o_static_safe/seed20260906,True,,hybrid-session-003,chat,97.48238092288375,0,risk_evidence_insufficient
full_gpu,3.0,0.1,False,False,online_qwen,False,1.0,/DATACENTER3/zhenxiang.wang/work/TailGuardKV/.worktrees/baseline-smoke-final-aggregation/out/full_25session_baseline_9_14/full/policy_attempts/full40_20260916_h2o_static_safe/seed20260906/config.yaml,,,,,0.1,True,,0.05,,0,True,full_gpu,True,,balanced_two_gpu,1,persistent,28140.588724054396,28394,31976.45541303791,,exact fallback,20.0,5.3046875,1.75,1.75,1.75,1336.783138802275,unknown,True,,True,,False,,15063.70947265625,True,utility_dynamic,True,0.0,0.0,full_gpu,0.0,,risk_evidence_insufficient,0.0,utility_dynamic,0.0,,,,hybrid-session-004-turn-0,1.75,0.0,1.75,0.0,0.0,/DATACENTER3/zhenxiang.wang/work/TailGuardKV/.worktrees/baseline-smoke-final-aggregation/out/full_25session_baseline_9_14/full/policy_attempts/full40_20260916_h2o_static_safe/seed20260906,True,,hybrid-session-004,chat,93.36770186200738,0,risk_evidence_insufficient
full_gpu,4.0,0.1,False,False,online_qwen,False,1.0,/DATACENTER3/zhenxiang.wang/work/TailGuardKV/.worktrees/baseline-smoke-final-aggregation/out/full_25session_baseline_9_14/full/policy_attempts/full40_20260916_h2o_static_safe/seed20260906/config.yaml,,,,,0.1,True,,0.05,,0,True,full_gpu,True,,balanced_two_gpu,1,persistent,28140.588724054396,28394,31976.45541303791,,exact fallback,20.0,7.21875,1.9140625,1.9140625,1.9140625,1503.2166030723602,unknown,True,,True,,False,,15070.26806640625,True,utility_dynamic,True,0.0,0.0,full_gpu,0.0,,risk_evidence_insufficient,0.0,utility_dynamic,0.0,,,,hybrid-session-005-turn-0,1.9140625,0.0,1.9140625,0.0,0.0,/DATACENTER3/zhenxiang.wang/work/TailGuardKV/.worktrees/baseline-smoke-final-aggregation/out/full_25session_baseline_9_14/full/policy_attempts/full40_20260916_h2o_static_safe/seed20260906,True,,hybrid-session-005,chat,89.16694112122059,0,risk_evidence_insufficient
full_gpu,5.0,0.1,False,False,online_qwen,False,1.0,/DATACENTER3/zhenxiang.wang/work/TailGuardKV/.worktrees/baseline-smoke-final-aggregation/out/full_25session_baseline_9_14/full/policy_attempts/full40_20260916_h2o_static_safe/seed20260906/config.yaml,,,,,0.1,True,,0.05,,0,True,full_gpu,True,,balanced_two_gpu,1,persistent,28140.588724054396,28394,31976.45541303791,,exact fallback,20.0,9.84375,2.625,2.625,2.625,1488.288109190762,unknown,True,,True,,False,,15093.27587890625,True,utility_dynamic,True,0.0,0.0,full_gpu,0.0,,risk_evidence_insufficient,0.0,utility_dynamic,0.0,,,,hybrid-session-006-turn-0,2.625,0.0,2.625,0.0,0.0,/DATACENTER3/zhenxiang.wang/work/TailGuardKV/.worktrees/baseline-smoke-final-aggregation/out/full_25session_baseline_9_14/full/policy_attempts/full40_20260916_h2o_static_safe/seed20260906,True,,hybrid-session-006,chat,98.73438603244722,0,risk_evidence_insufficient
full_gpu,6.0,0.1,False,False,online_qwen,False,1.0,/DATACENTER3/zhenxiang.wang/work/TailGuardKV/.worktrees/baseline-smoke-final-aggregation/out/full_25session_baseline_9_14/full/policy_attempts/full40_20260916_h2o_static_safe/seed20260906/config.yaml,,,,,0.1,True,,0.05,,0,True,full_gpu,True,,balanced_two_gpu,1,persistent,28140.588724054396,28394,31976.45541303791,,exact fallback,20.0,11.5390625,1.6953125,1.6953125,1.6953125,1507.1362028829753,unknown,True,,True,,False,,15068.48681640625,True,utility_dynamic,True,0.0,0.0,full_gpu,0.0,,risk_evidence_insufficient,0.0,utility_dynamic,0.0,,,,hybrid-session-009-turn-0,1.6953125,0.0,1.6953125,0.0,0.0,/DATACENTER3/zhenxiang.wang/work/TailGuardKV/.worktrees/baseline-smoke-final-aggregation/out/full_25session_baseline_9_14/full/policy_attempts/full40_20260916_h2o_static_safe/seed20260906,True,,hybrid-session-009,chat,84.68418708071113,0,risk_evidence_insufficient
full_gpu,7.0,0.1,False,False,online_qwen,False,1.0,/DATACENTER3/zhenxiang.wang/work/TailGuardKV/.worktrees/baseline-smoke-final-aggregation/out/full_25session_baseline_9_14/full/policy_attempts/full40_20260916_h2o_static_safe/seed20260906/config.yaml,,,,,0.1,True,,0.05,,0,True,full_gpu,True,,balanced_two_gpu,1,persistent,28140.588724054396,28394,31976.45541303791,,exact fallback,20.0,13.0703125,1.53125,1.53125,1.53125,1535.2251632139087,unknown,True,,True,,False,,15065.87646484375,True,utility_dynamic,True,0.0,0.0,full_gpu,0.0,,risk_evidence_insufficient,0.0,utility_dynamic,0.0,,,,hybrid-session-010-turn-0,1.53125,0.0,1.53125,0.0,0.0,/DATACENTER3/zhenxiang.wang/work/TailGuardKV/.worktrees/baseline-smoke-final-aggregation/out/full_25session_baseline_9_14/full/policy_attempts/full40_20260916_h2o_static_safe/seed20260906,True,,hybrid-session-010,chat,102.8038370423019,0,risk_evidence_insufficient
full_gpu,8.0,0.1,False,False,online_qwen,False,1.0,/DATACENTER3/zhenxiang.wang/work/TailGuardKV/.worktrees/baseline-smoke-final-aggregation/out/full_25session_baseline_9_14/full/policy_attempts/full40_20260916_h2o_static_safe/seed20260906/config.yaml,,,,,0.1,True,,0.05,,0,True,full_gpu,True,,balanced_two_gpu,1,persistent,28140.588724054396,28394,31976.45541303791,,exact fallback,20.0,14.875,1.8046875,1.8046875,1.8046875,1195.9775059949607,unknown,True,,True,,False,,15074.73681640625,True,utility_dynamic,True,0.0,0.0,full_gpu,0.0,,risk_evidence_insufficient,0.0,utility_dynamic,0.0,,,,hybrid-session-013-turn-0,1.8046875,0.0,1.8046875,0.0,0.0,/DATACENTER3/zhenxiang.wang/work/TailGuardKV/.worktrees/baseline-smoke-final-aggregation/out/full_25session_baseline_9_14/full/policy_attempts/full40_20260916_h2o_static_safe/seed20260906,True,,hybrid-session-013,chat,81.39944495633245,0,risk_evidence_insufficient
full_gpu,9.0,0.1,False,False,online_qwen,False,1.0,/DATACENTER3/zhenxiang.wang/work/TailGuardKV/.worktrees/baseline-smoke-final-aggregation/out/full_25session_baseline_9_14/full/policy_attempts/full40_20260916_h2o_static_safe/seed20260906/config.yaml,,,,,0.1,True,,0.05,,0,True,full_gpu,True,,balanced_two_gpu,1,persistent,28140.588724054396,28394,31976.45541303791,,exact fallback,20.0,17.5,2.625,2.625,2.625,1532.0795511361212,unknown,True,,True,,False,,15100.93212890625,True,utility_dynamic,True,0.0,0.0,full_gpu,0.0,,risk_evidence_insufficient,0.0,utility_dynamic,0.0,,,,hybrid-session-016-turn-0,2.625,0.0,2.625,0.0,0.0,/DATACENTER3/zhenxiang.wang/work/TailGuardKV/.worktrees/baseline-smoke-final-aggregation/out/full_25session_baseline_9_14/full/policy_attempts/full40_20260916_h2o_static_safe/seed20260906,True,,hybrid-session-016,chat,102.05831821076572,0,risk_evidence_insufficient
full_gpu,10.0,0.1,False,False,online_qwen,False,1.0,/DATACENTER3/zhenxiang.wang/work/TailGuardKV/.worktrees/baseline-smoke-final-aggregation/out/full_25session_baseline_9_14/full/policy_attempts/full40_20260916_h2o_static_safe/seed20260906/config.yaml,,,,,0.1,True,,0.05,,0,True,full_gpu,True,,balanced_two_gpu,1,persistent,28140.588724054396,28394,31976.45541303791,,exact fallback,20.0,19.90625,2.40625,2.40625,2.40625,1401.3238491024822,unknown,True,,True,,False,,15095.79541015625,True,utility_dynamic,True,0.0,0.0,full_gpu,0.0,,risk_evidence_insufficient,0.0,utility_dynamic,0.0,,,,hybrid-session-020-turn-0,2.40625,0.0,2.40625,0.0,0.0,/DATACENTER3/zhenxiang.wang/work/TailGuardKV/.worktrees/baseline-smoke-final-aggregation/out/full_25session_baseline_9_14/full/policy_attempts/full40_20260916_h2o_static_safe/seed20260906,True,,hybrid-session-020,chat,88.31242215819657,0,risk_evidence_insufficient
full_gpu,11.0,0.1,False,True,online_qwen,True,1.0,/DATACENTER3/zhenxiang.wang/work/TailGuardKV/.worktrees/baseline-smoke-final-aggregation/out/full_25session_baseline_9_14/full/policy_attempts/full40_20260916_h2o_static_safe/seed20260906/config.yaml,,,,,0.1,True,,0.05,,3.5546875,True,full_gpu,True,,balanced_two_gpu,1,persistent,28140.588724054396,28394,31976.45541303791,,exact fallback,20.0,18.6484375,2.296875,2.296875,2.296875,1535.5422249995172,unknown,True,,True,,False,,15095.17822265625,True,utility_dynamic,True,0.0,0.0,full_gpu,0.0,,risk_evidence_insufficient,0.0,utility_dynamic,0.0,,,,hybrid-session-021-turn-0,2.296875,0.0,2.296875,0.0,0.0,/DATACENTER3/zhenxiang.wang/work/TailGuardKV/.worktrees/baseline-smoke-final-aggregation/out/full_25session_baseline_9_14/full/policy_attempts/full40_20260916_h2o_static_safe/seed20260906,True,,hybrid-session-021,chat,114.47468586266041,0,risk_evidence_insufficient
full_gpu,12.0,0.1,False,True,online_qwen,True,1.0,/DATACENTER3/zhenxiang.wang/work/TailGuardKV/.worktrees/baseline-smoke-final-aggregation/out/full_25session_baseline_9_14/full/policy_attempts/full40_20260916_h2o_static_safe/seed20260906/config.yaml,,,,,0.1,True,,0.05,,1.75,True,full_gpu,True,,balanced_two_gpu,1,persistent,28140.588724054396,28394,31976.45541303791,,exact fallback,20.0,18.8671875,1.96875,1.96875,1.96875,1546.4757608715445,unknown,True,,True,,False,,15084.85009765625,True,utility_dynamic,True,0.0,0.0,full_gpu,0.0,,risk_evidence_insufficient,0.0,utility_dynamic,0.0,,,,hybrid-session-025-turn-0,1.96875,0.0,1.96875,0.0,0.0,/DATACENTER3/zhenxiang.wang/work/TailGuardKV/.worktrees/baseline-smoke-final-aggregation/out/full_25session_baseline_9_14/full/policy_attempts/full40_20260916_h2o_static_safe/seed20260906,True,,hybrid-session-025,chat,113.82862203754485,0,risk_evidence_insufficient
full_gpu,13.0,0.1,False,True,online_qwen,True,1.0,/DATACENTER3/zhenxiang.wang/work/TailGuardKV/.worktrees/baseline-smoke-final-aggregation/out/full_25session_baseline_9_14/full/policy_attempts/full40_20260916_h2o_static_safe/seed20260906/config.yaml,,,,,0.1,True,,0.05,,1.9140625,True,full_gpu,True,,balanced_two_gpu,1,persistent,28140.588724054396,28394,31976.45541303791,,exact fallback,20.0,19.140625,2.1875,2.1875,2.1875,1543.400017078966,unknown,True,,True,,False,,15091.11572265625,True,utility_dynamic,True,0.0,0.0,full_gpu,0.0,,risk_evidence_insufficient,0.0,utility_dynamic,0.0,,,,hybrid-session-026-turn-0,2.1875,0.0,2.1875,0.0,0.0,/DATACENTER3/zhenxiang.wang/work/TailGuardKV/.worktrees/baseline-smoke-final-aggregation/out/full_25session_baseline_9_14/full/policy_attempts/full40_20260916_h2o_static_safe/seed20260906,True,,hybrid-session-026,chat,100.33317795023322,0,risk_evidence_insufficient
full_gpu,13.0,0.1,False,True,online_qwen,True,1.0,/DATACENTER3/zhenxiang.wang/work/TailGuardKV/.worktrees/baseline-smoke-final-aggregation/out/full_25session_baseline_9_14/full/policy_attempts/full40_20260916_h2o_static_safe/seed20260906/config.yaml,,,,,0.1,True,,0.05,,2.625,True,full_gpu,True,,balanced_two_gpu,1,persistent,28140.588724054396,28394,31976.45541303791,,exact fallback,20.0,19.9609375,3.4453125,3.4453125,3.4453125,1543.5068528167903,unknown,True,,True,,False,,15126.54931640625,True,utility_dynamic,True,0.0,0.0,full_gpu,0.0,,risk_evidence_insufficient,0.0,utility_dynamic,108.56890887953341,,,,hybrid-session-002-turn-1,3.4453125,0.0,3.4453125,0.0,0.0,/DATACENTER3/zhenxiang.wang/work/TailGuardKV/.worktrees/baseline-smoke-final-aggregation/out/full_25session_baseline_9_14/full/policy_attempts/full40_20260916_h2o_static_safe/seed20260906,True,,hybrid-session-002,chat,109.52466982416809,1,risk_evidence_insufficient
full_gpu,13.0,0.1,True,True,online_qwen,True,1.0,/DATACENTER3/zhenxiang.wang/work/TailGuardKV/.worktrees/baseline-smoke-final-aggregation/out/full_25session_baseline_9_14/full/policy_attempts/full40_20260916_h2o_static_safe/seed20260906/config.yaml,,,,,0.1,True,,0.05,,3.2265625,True,full_gpu,True,,balanced_two_gpu,1,persistent,28140.588724054396,28394,31976.45541303791,,exact fallback,20.0,19.359375,2.625,2.625,2.625,1456.5807718317956,unknown,True,0.0,True,,False,,15106.01806640625,True,utility_dynamic,True,0.0,0.0,full_gpu,0.0,,risk_evidence_insufficient,0.0,utility_dynamic,104.76726503111422,,,,hybrid-session-003-turn-1,2.625,0.0,2.625,0.0,0.0,/DATACENTER3/zhenxiang.wang/work/TailGuardKV/.worktrees/baseline-smoke-final-aggregation/out/full_25session_baseline_9_14/full/policy_attempts/full40_20260916_h2o_static_safe/seed20260906,True,,hybrid-session-003,chat,105.54476990364492,1,risk_evidence_insufficient
full_gpu,13.0,0.1,False,True,online_qwen,True,1.0,/DATACENTER3/zhenxiang.wang/work/TailGuardKV/.worktrees/baseline-smoke-final-aggregation/out/full_25session_baseline_9_14/full/policy_attempts/full40_20260916_h2o_static_safe/seed20260906/config.yaml,,,,,0.1,True,,0.05,,4.4296875,True,full_gpu,True,,balanced_two_gpu,1,persistent,28140.588724054396,28394,31976.45541303791,,exact fallback,20.0,19.9609375,5.03125,5.03125,5.03125,1561.3049799576402,unknown,True,,True,,False,,15170.3037109375,True,utility_dynamic,True,0.0,0.0,full_gpu,0.0,,risk_evidence_insufficient,0.0,utility_dynamic,117.66719189472497,,,,hybrid-session-004-turn-1,5.03125,0.0,5.03125,0.0,0.0,/DATACENTER3/zhenxiang.wang/work/TailGuardKV/.worktrees/baseline-smoke-final-aggregation/out/full_25session_baseline_9_14/full/policy_attempts/full40_20260916_h2o_static_safe/seed20260906,True,,hybrid-session-004,chat,118.50351700559258,1,risk_evidence_insufficient
full_gpu,13.0,0.1,False,True,online_qwen,True,1.0,/DATACENTER3/zhenxiang.wang/work/TailGuardKV/.worktrees/baseline-smoke-final-aggregation/out/full_25session_baseline_9_14/full/policy_attempts/full40_20260916_h2o_static_safe/seed20260906/config.yaml,,,,,0.1,True,,0.05,,4.703125,True,full_gpu,True,,balanced_two_gpu,1,persistent,28140.588724054396,28394,31976.45541303791,,exact fallback,20.0,19.1953125,3.9375,3.9375,3.9375,1549.277073936537,unknown,True,,True,,False,,15142.45556640625,True,utility_dynamic,True,0.0,0.0,full_gpu,0.0,,risk_evidence_insufficient,0.0,utility_dynamic,107.61876194737852,,,,hybrid-session-005-turn-1,3.9375,0.0,3.9375,0.0,0.0,/DATACENTER3/zhenxiang.wang/work/TailGuardKV/.worktrees/baseline-smoke-final-aggregation/out/full_25session_baseline_9_14/full/policy_attempts/full40_20260916_h2o_static_safe/seed20260906,True,,hybrid-session-005,chat,108.40806900523603,1,risk_evidence_insufficient
full_gpu,13.0,0.1,False,True,online_qwen,True,1.0,/DATACENTER3/zhenxiang.wang/work/TailGuardKV/.worktrees/baseline-smoke-final-aggregation/out/full_25session_baseline_9_14/full/policy_attempts/full40_20260916_h2o_static_safe/seed20260906/config.yaml,,,,,0.1,True,,0.05,,7.6015625,True,full_gpu,True,,balanced_two_gpu,1,persistent,28140.588724054396,28394,31976.45541303791,,exact fallback,20.0,16.8984375,5.3046875,5.3046875,5.3046875,1296.8661929480731,unknown,True,,True,,False,,15178.8515625,True,utility_dynamic,True,0.0,0.0,full_gpu,0.0,,risk_evidence_insufficient,0.0,utility_dynamic,116.98804795742035,,,,hybrid-session-006-turn-1,5.3046875,0.0,5.3046875,0.0,0.0,/DATACENTER3/zhenxiang.wang/work/TailGuardKV/.worktrees/baseline-smoke-final-aggregation/out/full_25session_baseline_9_14/full/policy_attempts/full40_20260916_h2o_static_safe/seed20260906,True,,hybrid-session-006,chat,117.81215597875416,1,risk_evidence_insufficient
full_gpu,13.0,0.1,False,True,online_qwen,True,1.0,/DATACENTER3/zhenxiang.wang/work/TailGuardKV/.worktrees/baseline-smoke-final-aggregation/out/full_25session_baseline_9_14/full/policy_attempts/full40_20260916_h2o_static_safe/seed20260906/config.yaml,,,,,0.1,True,,0.05,,2.625,True,full_gpu,True,,balanced_two_gpu,1,persistent,28140.588724054396,28394,31976.45541303791,,exact fallback,20.0,17.390625,3.1171875,3.1171875,3.1171875,1181.221482111141,unknown,True,,True,,False,,15114.84619140625,True,utility_dynamic,True,0.0,0.0,full_gpu,0.0,,risk_evidence_insufficient,0.0,utility_dynamic,79.90204496309161,,,,hybrid-session-009-turn-1,3.1171875,0.0,3.1171875,0.0,0.0,/DATACENTER3/zhenxiang.wang/work/TailGuardKV/.worktrees/baseline-smoke-final-aggregation/out/full_25session_baseline_9_14/full/policy_attempts/full40_20260916_h2o_static_safe/seed20260906,True,,hybrid-session-009,chat,80.55411116220057,1,risk_evidence_insufficient
full_gpu,13.0,0.1,False,True,online_qwen,True,1.0,/DATACENTER3/zhenxiang.wang/work/TailGuardKV/.worktrees/baseline-smoke-final-aggregation/out/full_25session_baseline_9_14/full/policy_attempts/full40_20260916_h2o_static_safe/seed20260906/config.yaml,,,,,0.1,True,,0.05,,5.03125,True,full_gpu,True,,balanced_two_gpu,1,persistent,28140.588724054396,28394,31976.45541303791,,exact fallback,20.0,15.2578125,2.8984375,2.8984375,2.8984375,1321.2645968887955,unknown,True,,True,,False,,15110.14501953125,True,utility_dynamic,True,0.0,0.0,full_gpu,0.0,,risk_evidence_insufficient,0.0,utility_dynamic,81.0503049287945,,,,hybrid-session-010-turn-1,2.8984375,0.0,2.8984375,0.0,0.0,/DATACENTER3/zhenxiang.wang/work/TailGuardKV/.worktrees/baseline-smoke-final-aggregation/out/full_25session_baseline_9_14/full/policy_attempts/full40_20260916_h2o_static_safe/seed20260906,True,,hybrid-session-010,chat,81.74068806692958,1,risk_evidence_insufficient
full_gpu,13.0,0.1,False,False,online_qwen,False,1.0,/DATACENTER3/zhenxiang.wang/work/TailGuardKV/.worktrees/baseline-smoke-final-aggregation/out/full_25session_baseline_9_14/full/policy_attempts/full40_20260916_h2o_static_safe/seed20260906/config.yaml,,,,,0.1,True,,0.05,,0,True,full_gpu,True,,balanced_two_gpu,1,persistent,28140.588724054396,28394,31976.45541303791,,exact fallback,20.0,18.375,3.1171875,3.1171875,3.1171875,1171.0684990976006,unknown,True,,True,,False,,15113.20556640625,True,utility_dynamic,True,0.0,0.0,full_gpu,0.0,,risk_evidence_insufficient,0.06941699981689453,utility_dynamic,80.914560938254,,,,hybrid-session-013-turn-1,3.1171875,0.0,3.1171875,0.0,0.0,/DATACENTER3/zhenxiang.wang/work/TailGuardKV/.worktrees/baseline-smoke-final-aggregation/out/full_25session_baseline_9_14/full/policy_attempts/full40_20260916_h2o_static_safe/seed20260906,True,,hybrid-session-013,chat,81.64602005854249,1,risk_evidence_insufficient
full_gpu,13.0,0.1,False,True,online_qwen,True,1.0,/DATACENTER3/zhenxiang.wang/work/TailGuardKV/.worktrees/baseline-smoke-final-aggregation/out/full_25session_baseline_9_14/full/policy_attempts/full40_20260916_h2o_static_safe/seed20260906/config.yaml,,,,,0.1,True,,0.05,,3.9375,True,full_gpu,True,,balanced_two_gpu,1,persistent,28140.588724054396,28394,31976.45541303791,,exact fallback,20.0,18.5390625,4.1015625,4.1015625,4.1015625,1169.4082010071725,unknown,True,,True,,False,,15143.53369140625,True,utility_dynamic,True,0.0,0.0,full_gpu,0.0,,risk_evidence_insufficient,0.0,utility_dynamic,78.85308982804418,,,,hybrid-session-016-turn-1,4.1015625,0.0,4.1015625,0.0,0.0,/DATACENTER3/zhenxiang.wang/work/TailGuardKV/.worktrees/baseline-smoke-final-aggregation/out/full_25session_baseline_9_14/full/policy_attempts/full40_20260916_h2o_static_safe/seed20260906,True,,hybrid-session-016,chat,79.5975080691278,1,risk_evidence_insufficient
full_gpu,13.0,0.1,False,True,online_qwen,True,1.0,/DATACENTER3/zhenxiang.wang/work/TailGuardKV/.worktrees/baseline-smoke-final-aggregation/out/full_25session_baseline_9_14/full/policy_attempts/full40_20260916_h2o_static_safe/seed20260906/config.yaml,,,,,0.1,True,,0.05,,5.3046875,True,full_gpu,True,,balanced_two_gpu,1,persistent,28140.588724054396,28394,31976.45541303791,,exact fallback,20.0,17.1171875,3.8828125,3.8828125,3.8828125,1172.430835198611,unknown,True,,True,,False,,15137.65087890625,True,utility_dynamic,True,0.0,0.0,full_gpu,0.0,,risk_evidence_insufficient,0.0,utility_dynamic,91.13241289742291,,,,hybrid-session-020-turn-1,3.8828125,0.0,3.8828125,0.0,0.0,/DATACENTER3/zhenxiang.wang/work/TailGuardKV/.worktrees/baseline-smoke-final-aggregation/out/full_25session_baseline_9_14/full/policy_attempts/full40_20260916_h2o_static_safe/seed20260906,True,,hybrid-session-020,chat,91.79436415433884,1,risk_evidence_insufficient
full_gpu,13.0,0.1,False,True,online_qwen,True,1.0,/DATACENTER3/zhenxiang.wang/work/TailGuardKV/.worktrees/baseline-smoke-final-aggregation/out/full_25session_baseline_9_14/full/policy_attempts/full40_20260916_h2o_static_safe/seed20260906/config.yaml,,,,,0.1,True,,0.05,,3.1171875,True,full_gpu,True,,balanced_two_gpu,1,persistent,28140.588724054396,28394,31976.45541303791,,exact fallback,20.0,18.59375,4.59375,4.59375,4.59375,1175.8039791602641,unknown,True,,True,,False,,15155.88330078125,True,utility_dynamic,True,0.0,0.0,full_gpu,0.0,,risk_evidence_insufficient,0.0,utility_dynamic,83.07469799183309,,,,hybrid-session-021-turn-1,4.59375,0.0,4.59375,0.0,0.0,/DATACENTER3/zhenxiang.wang/work/TailGuardKV/.worktrees/baseline-smoke-final-aggregation/out/full_25session_baseline_9_14/full/policy_attempts/full40_20260916_h2o_static_safe/seed20260906,True,,hybrid-session-021,chat,83.69188103824854,1,risk_evidence_insufficient
full_gpu,13.0,0.1,False,True,online_qwen,True,1.0,/DATACENTER3/zhenxiang.wang/work/TailGuardKV/.worktrees/baseline-smoke-final-aggregation/out/full_25session_baseline_9_14/full/policy_attempts/full40_20260916_h2o_static_safe/seed20260906/config.yaml,,,,,0.1,True,,0.05,,2.8984375,True,full_gpu,True,,balanced_two_gpu,1,persistent,28140.588724054396,28394,31976.45541303791,,exact fallback,20.0,19.03125,3.3359375,3.3359375,3.3359375,1158.714897930622,unknown,True,,True,,False,,15123.24658203125,True,utility_dynamic,True,0.0,0.0,full_gpu,0.0,,risk_evidence_insufficient,0.0,utility_dynamic,84.56147508695722,,,,hybrid-session-025-turn-1,3.3359375,0.0,3.3359375,0.0,0.0,/DATACENTER3/zhenxiang.wang/work/TailGuardKV/.worktrees/baseline-smoke-final-aggregation/out/full_25session_baseline_9_14/full/policy_attempts/full40_20260916_h2o_static_safe/seed20260906,True,,hybrid-session-025,chat,85.27067396789789,1,risk_evidence_insufficient
full_gpu,13.0,0.1,False,True,online_qwen,True,1.0,/DATACENTER3/zhenxiang.wang/work/TailGuardKV/.worktrees/baseline-smoke-final-aggregation/out/full_25session_baseline_9_14/full/policy_attempts/full40_20260916_h2o_static_safe/seed20260906/config.yaml,,,,,0.1,True,,0.05,,7.21875,True,full_gpu,True,,balanced_two_gpu,1,persistent,28140.588724054396,28394,31976.45541303791,,exact fallback,20.0,16.515625,4.703125,4.703125,4.703125,1316.59504189156,unknown,True,,True,,False,,15162.45166015625,True,utility_dynamic,True,0.0,0.0,full_gpu,0.0,,risk_evidence_insufficient,0.0,utility_dynamic,91.95078304037452,,,,hybrid-session-026-turn-1,4.703125,0.0,4.703125,0.0,0.0,/DATACENTER3/zhenxiang.wang/work/TailGuardKV/.worktrees/baseline-smoke-final-aggregation/out/full_25session_baseline_9_14/full/policy_attempts/full40_20260916_h2o_static_safe/seed20260906,True,,hybrid-session-026,chat,92.73267188109457,1,risk_evidence_insufficient
full_gpu,13.0,0.1,True,True,online_qwen,True,1.0,/DATACENTER3/zhenxiang.wang/work/TailGuardKV/.worktrees/baseline-smoke-final-aggregation/out/full_25session_baseline_9_14/full/policy_attempts/full40_20260916_h2o_static_safe/seed20260906/config.yaml,,,,,0.1,True,,0.05,,8.4765625,True,full_gpu,True,,balanced_two_gpu,1,persistent,28140.588724054396,28394,31976.45541303791,,exact fallback,20.0,17.8828125,9.84375,9.84375,9.84375,1199.140777112916,unknown,True,0.0,True,,False,,15303.53515625,True,utility_dynamic,True,0.0,0.0,full_gpu,0.0,,risk_evidence_insufficient,0.0,utility_dynamic,116.59805290400982,,,,hybrid-session-002-turn-2,9.84375,0.0,9.84375,0.0,0.0,/DATACENTER3/zhenxiang.wang/work/TailGuardKV/.worktrees/baseline-smoke-final-aggregation/out/full_25session_baseline_9_14/full/policy_attempts/full40_20260916_h2o_static_safe/seed20260906,True,,hybrid-session-002,qa,117.29517509229481,2,risk_evidence_insufficient
full_gpu,13.0,0.1,False,True,online_qwen,True,1.0,/DATACENTER3/zhenxiang.wang/work/TailGuardKV/.worktrees/baseline-smoke-final-aggregation/out/full_25session_baseline_9_14/full/policy_attempts/full40_20260916_h2o_static_safe/seed20260906/config.yaml,,,,,0.1,True,,0.05,,8.0390625,True,full_gpu,True,,balanced_two_gpu,1,persistent,28140.588724054396,28394,31976.45541303791,,exact fallback,20.0,19.140625,9.296875,9.296875,9.296875,1190.4753409326077,unknown,True,,True,,False,,15289.3095703125,True,utility_dynamic,True,0.0,0.0,full_gpu,0.0,,risk_evidence_insufficient,0.0,utility_dynamic,115.06283492781222,,,,hybrid-session-003-turn-2,9.296875,0.0,9.296875,0.0,0.0,/DATACENTER3/zhenxiang.wang/work/TailGuardKV/.worktrees/baseline-smoke-final-aggregation/out/full_25session_baseline_9_14/full/policy_attempts/full40_20260916_h2o_static_safe/seed20260906,True,,hybrid-session-003,summary,115.87661691009998,2,risk_evidence_insufficient
full_gpu,13.0,0.1,False,True,online_qwen,True,1.0,/DATACENTER3/zhenxiang.wang/work/TailGuardKV/.worktrees/baseline-smoke-final-aggregation/out/full_25session_baseline_9_14/full/policy_attempts/full40_20260916_h2o_static_safe/seed20260906/config.yaml,,,,,0.1,True,,0.05,,19.140625,True,full_gpu,True,,balanced_two_gpu,1,persistent,28140.588724054396,28394,31976.45541303791,,exact fallback,20.0,10.71875,10.71875,10.71875,10.71875,1181.3689509872347,unknown,True,,True,,False,,15329.52294921875,True,utility_dynamic,True,0.0,0.0,full_gpu,0.0,,risk_evidence_insufficient,0.0,utility_dynamic,115.4946240130812,,,,hybrid-session-004-turn-2,10.71875,0.0,10.71875,0.0,0.0,/DATACENTER3/zhenxiang.wang/work/TailGuardKV/.worktrees/baseline-smoke-final-aggregation/out/full_25session_baseline_9_14/full/policy_attempts/full40_20260916_h2o_static_safe/seed20260906,True,,hybrid-session-004,qa,116.19971902109683,2,risk_evidence_insufficient
full_gpu,13.0,0.1,False,True,online_qwen,True,1.0,/DATACENTER3/zhenxiang.wang/work/TailGuardKV/.worktrees/baseline-smoke-final-aggregation/out/full_25session_baseline_9_14/full/policy_attempts/full40_20260916_h2o_static_safe/seed20260906/config.yaml,,,,,0.1,True,,0.05,,10.71875,True,full_gpu,True,,balanced_two_gpu,1,persistent,28140.588724054396,28394,31976.45541303791,,exact fallback,20.0,9.7890625,9.7890625,9.7890625,9.7890625,1195.113280089572,unknown,True,,True,,False,,15297.68359375,True,utility_dynamic,True,0.0,0.0,full_gpu,0.0,,risk_evidence_insufficient,0.0,utility_dynamic,117.56451008841395,,,,hybrid-session-005-turn-2,9.7890625,0.0,9.7890625,0.0,0.0,/DATACENTER3/zhenxiang.wang/work/TailGuardKV/.worktrees/baseline-smoke-final-aggregation/out/full_25session_baseline_9_14/full/policy_attempts/full40_20260916_h2o_static_safe/seed20260906,True,,hybrid-session-005,summary,118.33051103167236,2,risk_evidence_insufficient
full_gpu,13.0,0.1,False,True,online_qwen,True,1.0,/DATACENTER3/zhenxiang.wang/work/TailGuardKV/.worktrees/baseline-smoke-final-aggregation/out/full_25session_baseline_9_14/full/policy_attempts/full40_20260916_h2o_static_safe/seed20260906/config.yaml,,,,,0.1,True,,0.05,,9.7890625,True,full_gpu,True,,balanced_two_gpu,1,persistent,28140.588724054396,28394,31976.45541303791,,exact fallback,20.0,12.796875,12.796875,12.796875,12.796875,1225.2370789647102,unknown,True,,True,,False,,15381.775390625,True,utility_dynamic,True,0.0,0.0,full_gpu,0.0,,risk_evidence_insufficient,0.0,utility_dynamic,146.37014595791698,,,,hybrid-session-006-turn-2,12.796875,0.0,12.796875,0.0,0.0,/DATACENTER3/zhenxiang.wang/work/TailGuardKV/.worktrees/baseline-smoke-final-aggregation/out/full_25session_baseline_9_14/full/policy_attempts/full40_20260916_h2o_static_safe/seed20260906,True,,hybrid-session-006,qa,147.05494395457208,2,risk_evidence_insufficient
full_gpu,13.0,0.1,False,True,online_qwen,True,1.0,/DATACENTER3/zhenxiang.wang/work/TailGuardKV/.worktrees/baseline-smoke-final-aggregation/out/full_25session_baseline_9_14/full/policy_attempts/full40_20260916_h2o_static_safe/seed20260906/config.yaml,,,,,0.1,True,,0.05,,12.796875,True,full_gpu,True,,balanced_two_gpu,1,persistent,28140.588724054396,28394,31976.45541303791,,exact fallback,20.0,8.9140625,8.9140625,8.9140625,8.9140625,1194.1272460389882,unknown,True,,True,,False,,15273.80859375,True,utility_dynamic,True,0.0,0.0,full_gpu,0.0,,risk_evidence_insufficient,0.0,utility_dynamic,114.77751308120787,,,,hybrid-session-009-turn-2,8.9140625,0.0,8.9140625,0.0,0.0,/DATACENTER3/zhenxiang.wang/work/TailGuardKV/.worktrees/baseline-smoke-final-aggregation/out/full_25session_baseline_9_14/full/policy_attempts/full40_20260916_h2o_static_safe/seed20260906,True,,hybrid-session-009,summary,115.47549907118082,2,risk_evidence_insufficient
full_gpu,13.0,0.1,False,False,online_qwen,False,1.0,/DATACENTER3/zhenxiang.wang/work/TailGuardKV/.worktrees/baseline-smoke-final-aggregation/out/full_25session_baseline_9_14/full/policy_attempts/full40_20260916_h2o_static_safe/seed20260906/config.yaml,,,,,0.1,True,,0.05,,0,True,full_gpu,True,,balanced_two_gpu,1,persistent,28140.588724054396,28394,31976.45541303791,,exact fallback,20.0,18.7578125,9.84375,9.84375,9.84375,1269.3377980031073,unknown,True,,True,,False,,15295.93359375,True,utility_dynamic,True,0.0,0.0,full_gpu,0.0,,risk_evidence_insufficient,0.0,utility_dynamic,111.99486698023975,,,,hybrid-session-010-turn-2,9.84375,0.0,9.84375,0.0,0.0,/DATACENTER3/zhenxiang.wang/work/TailGuardKV/.worktrees/baseline-smoke-final-aggregation/out/full_25session_baseline_9_14/full/policy_attempts/full40_20260916_h2o_static_safe/seed20260906,True,,hybrid-session-010,qa,112.67964891158044,2,risk_evidence_insufficient
full_gpu,13.0,0.1,True,True,online_qwen,True,1.0,/DATACENTER3/zhenxiang.wang/work/TailGuardKV/.worktrees/baseline-smoke-final-aggregation/out/full_25session_baseline_9_14/full/policy_attempts/full40_20260916_h2o_static_safe/seed20260906/config.yaml,,,,,0.1,True,,0.05,,8.9140625,True,full_gpu,True,,balanced_two_gpu,1,persistent,28140.588724054396,28394,31976.45541303791,,exact fallback,20.0,19.0859375,9.2421875,9.2421875,9.2421875,1526.0171289555728,unknown,True,0.0,True,,False,,15288.50244140625,True,utility_dynamic,True,0.0,0.0,full_gpu,0.0,,risk_evidence_insufficient,0.0,utility_dynamic,123.26156697236001,,,,hybrid-session-013-turn-2,9.2421875,0.0,9.2421875,0.0,0.0,/DATACENTER3/zhenxiang.wang/work/TailGuardKV/.worktrees/baseline-smoke-final-aggregation/out/full_25session_baseline_9_14/full/policy_attempts/full40_20260916_h2o_static_safe/seed20260906,True,,hybrid-session-013,summary,124.02511783875525,2,risk_evidence_insufficient
full_gpu,13.0,0.1,False,True,online_qwen,True,1.0,/DATACENTER3/zhenxiang.wang/work/TailGuardKV/.worktrees/baseline-smoke-final-aggregation/out/full_25session_baseline_9_14/full/policy_attempts/full40_20260916_h2o_static_safe/seed20260906/config.yaml,,,,,0.1,True,,0.05,,9.84375,True,full_gpu,True,,balanced_two_gpu,1,persistent,28140.588724054396,28394,31976.45541303791,,exact fallback,20.0,19.578125,10.3359375,10.3359375,10.3359375,1534.3071941751987,unknown,True,,True,,False,,15318.93359375,True,utility_dynamic,True,0.0,0.0,full_gpu,0.0,,risk_evidence_insufficient,0.0,utility_dynamic,129.1736690327525,,,,hybrid-session-016-turn-2,10.3359375,0.0,10.3359375,0.0,0.0,/DATACENTER3/zhenxiang.wang/work/TailGuardKV/.worktrees/baseline-smoke-final-aggregation/out/full_25session_baseline_9_14/full/policy_attempts/full40_20260916_h2o_static_safe/seed20260906,True,,hybrid-session-016,qa,129.9502190668136,2,risk_evidence_insufficient
full_gpu,13.0,0.1,True,True,online_qwen,True,1.0,/DATACENTER3/zhenxiang.wang/work/TailGuardKV/.worktrees/baseline-smoke-final-aggregation/out/full_25session_baseline_9_14/full/policy_attempts/full40_20260916_h2o_static_safe/seed20260906/config.yaml,,,,,0.1,True,,0.05,,19.578125,True,full_gpu,True,,balanced_two_gpu,1,persistent,28140.588724054396,28394,31976.45541303791,,exact fallback,20.0,9.84375,9.84375,9.84375,9.84375,1543.1788470596075,unknown,True,0.0,True,,False,,15306.59765625,True,utility_dynamic,True,0.0,0.0,full_gpu,0.0,,risk_evidence_insufficient,0.0,utility_dynamic,121.35243695229292,,,,hybrid-session-020-turn-2,9.84375,0.0,9.84375,0.0,0.0,/DATACENTER3/zhenxiang.wang/work/TailGuardKV/.worktrees/baseline-smoke-final-aggregation/out/full_25session_baseline_9_14/full/policy_attempts/full40_20260916_h2o_static_safe/seed20260906,True,,hybrid-session-020,qa,122.21363512799144,2,risk_evidence_insufficient
full_gpu,13.0,0.1,False,True,online_qwen,True,1.0,/DATACENTER3/zhenxiang.wang/work/TailGuardKV/.worktrees/baseline-smoke-final-aggregation/out/full_25session_baseline_9_14/full/policy_attempts/full40_20260916_h2o_static_safe/seed20260906/config.yaml,,,,,0.1,True,,0.05,,9.84375,True,full_gpu,True,,balanced_two_gpu,1,persistent,28140.588724054396,28394,31976.45541303791,,exact fallback,20.0,10.9921875,10.9921875,10.9921875,10.9921875,1529.6405809931457,unknown,True,,True,,False,,15328.015625,True,utility_dynamic,True,0.0,0.0,full_gpu,0.0,,risk_evidence_insufficient,0.0,utility_dynamic,124.21371787786484,,,,hybrid-session-021-turn-2,10.9921875,0.0,10.9921875,0.0,0.0,/DATACENTER3/zhenxiang.wang/work/TailGuardKV/.worktrees/baseline-smoke-final-aggregation/out/full_25session_baseline_9_14/full/policy_attempts/full40_20260916_h2o_static_safe/seed20260906,True,,hybrid-session-021,summary,124.96423488482833,2,risk_evidence_insufficient
full_gpu,13.0,0.1,False,True,online_qwen,True,1.0,/DATACENTER3/zhenxiang.wang/work/TailGuardKV/.worktrees/baseline-smoke-final-aggregation/out/full_25session_baseline_9_14/full/policy_attempts/full40_20260916_h2o_static_safe/seed20260906/config.yaml,,,,,0.1,True,,0.05,,10.9921875,True,full_gpu,True,,balanced_two_gpu,1,persistent,28140.588724054396,28394,31976.45541303791,,exact fallback,20.0,10.0078125,10.0078125,10.0078125,10.0078125,1519.4702898152173,unknown,True,,True,,False,,15302.90234375,True,utility_dynamic,True,0.0,0.0,full_gpu,0.0,,risk_evidence_insufficient,0.0,utility_dynamic,121.03458005003631,,,,hybrid-session-025-turn-2,10.0078125,0.0,10.0078125,0.0,0.0,/DATACENTER3/zhenxiang.wang/work/TailGuardKV/.worktrees/baseline-smoke-final-aggregation/out/full_25session_baseline_9_14/full/policy_attempts/full40_20260916_h2o_static_safe/seed20260906,True,,hybrid-session-025,summary,121.80713494308293,2,risk_evidence_insufficient
full_gpu,13.0,0.1,False,True,online_qwen,True,1.0,/DATACENTER3/zhenxiang.wang/work/TailGuardKV/.worktrees/baseline-smoke-final-aggregation/out/full_25session_baseline_9_14/full/policy_attempts/full40_20260916_h2o_static_safe/seed20260906/config.yaml,,,,,0.1,True,,0.05,,10.0078125,True,full_gpu,True,,balanced_two_gpu,1,persistent,28140.588724054396,28394,31976.45541303791,,exact fallback,20.0,11.5390625,11.5390625,11.5390625,11.5390625,1546.3286419399083,unknown,True,,True,,False,,15343.57861328125,True,utility_dynamic,True,0.0,0.0,full_gpu,0.0,,risk_evidence_insufficient,0.0,utility_dynamic,133.06498201563954,,,,hybrid-session-026-turn-2,11.5390625,0.0,11.5390625,0.0,0.0,/DATACENTER3/zhenxiang.wang/work/TailGuardKV/.worktrees/baseline-smoke-final-aggregation/out/full_25session_baseline_9_14/full/policy_attempts/full40_20260916_h2o_static_safe/seed20260906,True,,hybrid-session-026,qa,133.8709199335426,2,risk_evidence_insufficient
full_gpu,13.0,0.1,False,True,online_qwen,True,1.0,/DATACENTER3/zhenxiang.wang/work/TailGuardKV/.worktrees/baseline-smoke-final-aggregation/out/full_25session_baseline_9_14/full/policy_attempts/full40_20260916_h2o_static_safe/seed20260906/config.yaml,,,,,0.1,True,,0.05,,11.5390625,True,full_gpu,True,,balanced_two_gpu,1,persistent,28140.588724054396,28394,31976.45541303791,,exact fallback,20.0,11.9765625,11.9765625,11.9765625,11.9765625,1531.372623052448,unknown,True,,True,,False,,15357.373046875,True,utility_dynamic,True,0.0,0.0,full_gpu,0.0,,risk_evidence_insufficient,0.0,utility_dynamic,129.10817307420075,,,,hybrid-session-002-turn-3,11.9765625,0.0,11.9765625,0.0,0.0,/DATACENTER3/zhenxiang.wang/work/TailGuardKV/.worktrees/baseline-smoke-final-aggregation/out/full_25session_baseline_9_14/full/policy_attempts/full40_20260916_h2o_static_safe/seed20260906,True,,hybrid-session-002,qa,129.85163903795183,3,risk_evidence_insufficient
full_gpu,13.0,0.1,False,True,online_qwen,True,1.0,/DATACENTER3/zhenxiang.wang/work/TailGuardKV/.worktrees/baseline-smoke-final-aggregation/out/full_25session_baseline_9_14/full/policy_attempts/full40_20260916_h2o_static_safe/seed20260906/config.yaml,,,,,0.1,True,,0.05,,11.9765625,True,full_gpu,True,,balanced_two_gpu,1,persistent,28140.588724054396,28394,31976.45541303791,,exact fallback,20.0,11.375,11.375,11.375,11.375,1546.0196670610458,unknown,True,,True,,False,,15340.53515625,True,utility_dynamic,True,0.0,0.0,full_gpu,0.0,,risk_evidence_insufficient,0.0,utility_dynamic,127.4319461081177,,,,hybrid-session-003-turn-3,11.375,0.0,11.375,0.0,0.0,/DATACENTER3/zhenxiang.wang/work/TailGuardKV/.worktrees/baseline-smoke-final-aggregation/out/full_25session_baseline_9_14/full/policy_attempts/full40_20260916_h2o_static_safe/seed20260906,True,,hybrid-session-003,summary,128.18238395266235,3,risk_evidence_insufficient
full_gpu,13.0,0.1,False,True,online_qwen,True,1.0,/DATACENTER3/zhenxiang.wang/work/TailGuardKV/.worktrees/baseline-smoke-final-aggregation/out/full_25session_baseline_9_14/full/policy_attempts/full40_20260916_h2o_static_safe/seed20260906/config.yaml,,,,,0.1,True,,0.05,,11.375,True,full_gpu,True,,balanced_two_gpu,1,persistent,28140.588724054396,28394,31976.45541303791,,exact fallback,20.0,12.8515625,12.8515625,12.8515625,12.8515625,1548.6519308760762,unknown,True,,True,,False,,15384.416015625,True,utility_dynamic,True,0.0,0.0,full_gpu,0.0,,risk_evidence_insufficient,0.0,utility_dynamic,146.65696094743907,,,,hybrid-session-004-turn-3,12.8515625,0.0,12.8515625,0.0,0.0,/DATACENTER3/zhenxiang.wang/work/TailGuardKV/.worktrees/baseline-smoke-final-aggregation/out/full_25session_baseline_9_14/full/policy_attempts/full40_20260916_h2o_static_safe/seed20260906,True,,hybrid-session-004,qa,147.4056150764227,3,risk_evidence_insufficient
full_gpu,13.0,0.1,False,True,online_qwen,True,1.0,/DATACENTER3/zhenxiang.wang/work/TailGuardKV/.worktrees/baseline-smoke-final-aggregation/out/full_25session_baseline_9_14/full/policy_attempts/full40_20260916_h2o_static_safe/seed20260906/config.yaml,,,,,0.1,True,,0.05,,12.8515625,True,full_gpu,True,,balanced_two_gpu,1,persistent,28140.588724054396,28394,31976.45541303791,,exact fallback,20.0,11.6484375,11.6484375,11.6484375,11.6484375,1529.4114989228547,unknown,True,,True,,False,,15349.39501953125,True,utility_dynamic,True,0.0,0.0,full_gpu,0.0,,risk_evidence_insufficient,0.0,utility_dynamic,133.4154480136931,,,,hybrid-session-005-turn-3,11.6484375,0.0,11.6484375,0.0,0.0,/DATACENTER3/zhenxiang.wang/work/TailGuardKV/.worktrees/baseline-smoke-final-aggregation/out/full_25session_baseline_9_14/full/policy_attempts/full40_20260916_h2o_static_safe/seed20260906,True,,hybrid-session-005,summary,134.17372689582407,3,risk_evidence_insufficient
full_gpu,13.0,0.1,False,True,online_qwen,True,1.0,/DATACENTER3/zhenxiang.wang/work/TailGuardKV/.worktrees/baseline-smoke-final-aggregation/out/full_25session_baseline_9_14/full/policy_attempts/full40_20260916_h2o_static_safe/seed20260906/config.yaml,,,,,0.1,True,,0.05,,11.6484375,True,full_gpu,True,,balanced_two_gpu,1,persistent,28140.588724054396,28394,31976.45541303791,,exact fallback,20.0,14.9296875,14.9296875,14.9296875,14.9296875,1595.1225368771702,unknown,True,,True,,False,,15441.60791015625,True,utility_dynamic,True,0.0,0.0,full_gpu,0.0,,risk_evidence_insufficient,0.0,utility_dynamic,192.23004998639226,,,,hybrid-session-006-turn-3,14.9296875,0.0,14.9296875,0.0,0.0,/DATACENTER3/zhenxiang.wang/work/TailGuardKV/.worktrees/baseline-smoke-final-aggregation/out/full_25session_baseline_9_14/full/policy_attempts/full40_20260916_h2o_static_safe/seed20260906,True,,hybrid-session-006,qa,193.00263188779354,3,risk_evidence_insufficient
full_gpu,13.0,0.1,False,True,online_qwen,True,1.0,/DATACENTER3/zhenxiang.wang/work/TailGuardKV/.worktrees/baseline-smoke-final-aggregation/out/full_25session_baseline_9_14/full/policy_attempts/full40_20260916_h2o_static_safe/seed20260906/config.yaml,,,,,0.1,True,,0.05,,14.9296875,True,full_gpu,True,,balanced_two_gpu,1,persistent,28140.588724054396,28394,31976.45541303791,,exact fallback,20.0,10.9375,10.9375,10.9375,10.9375,1511.159272165969,unknown,True,,True,,False,,15333.046875,True,utility_dynamic,True,0.0,0.0,full_gpu,0.0,,risk_evidence_insufficient,0.0,utility_dynamic,125.19068806432188,,,,hybrid-session-009-turn-3,10.9375,0.0,10.9375,0.0,0.0,/DATACENTER3/zhenxiang.wang/work/TailGuardKV/.worktrees/baseline-smoke-final-aggregation/out/full_25session_baseline_9_14/full/policy_attempts/full40_20260916_h2o_static_safe/seed20260906,True,,hybrid-session-009,summary,125.9881891310215,3,risk_evidence_insufficient
full_gpu,13.0,0.1,False,True,online_qwen,True,1.0,/DATACENTER3/zhenxiang.wang/work/TailGuardKV/.worktrees/baseline-smoke-final-aggregation/out/full_25session_baseline_9_14/full/policy_attempts/full40_20260916_h2o_static_safe/seed20260906/config.yaml,,,,,0.1,True,,0.05,,10.9375,True,full_gpu,True,,balanced_two_gpu,1,persistent,28140.588724054396,28394,31976.45541303791,,exact fallback,20.0,11.9765625,11.9765625,11.9765625,11.9765625,1211.480134865269,unknown,True,,True,,False,,15356.771484375,True,utility_dynamic,True,0.0,0.0,full_gpu,0.0,,risk_evidence_insufficient,0.0,utility_dynamic,132.0480448193848,,,,hybrid-session-010-turn-3,11.9765625,0.0,11.9765625,0.0,0.0,/DATACENTER3/zhenxiang.wang/work/TailGuardKV/.worktrees/baseline-smoke-final-aggregation/out/full_25session_baseline_9_14/full/policy_attempts/full40_20260916_h2o_static_safe/seed20260906,True,,hybrid-session-010,qa,132.75215309113264,3,risk_evidence_insufficient
full_gpu,13.0,0.1,False,True,online_qwen,True,1.0,/DATACENTER3/zhenxiang.wang/work/TailGuardKV/.worktrees/baseline-smoke-final-aggregation/out/full_25session_baseline_9_14/full/policy_attempts/full40_20260916_h2o_static_safe/seed20260906/config.yaml,,,,,0.1,True,,0.05,,11.9765625,True,full_gpu,True,,balanced_two_gpu,1,persistent,28140.588724054396,28394,31976.45541303791,,exact fallback,20.0,11.3203125,11.3203125,11.3203125,11.3203125,1214.5329839549959,unknown,True,,True,,False,,15340.4794921875,True,utility_dynamic,True,0.0,0.0,full_gpu,0.0,,risk_evidence_insufficient,0.0,utility_dynamic,119.74977911449969,,,,hybrid-session-013-turn-3,11.3203125,0.0,11.3203125,0.0,0.0,/DATACENTER3/zhenxiang.wang/work/TailGuardKV/.worktrees/baseline-smoke-final-aggregation/out/full_25session_baseline_9_14/full/policy_attempts/full40_20260916_h2o_static_safe/seed20260906,True,,hybrid-session-013,summary,120.48194091767073,3,risk_evidence_insufficient
full_gpu,13.0,0.1,False,True,online_qwen,True,1.0,/DATACENTER3/zhenxiang.wang/work/TailGuardKV/.worktrees/baseline-smoke-final-aggregation/out/full_25session_baseline_9_14/full/policy_attempts/full40_20260916_h2o_static_safe/seed20260906/config.yaml,,,,,0.1,True,,0.05,,11.3203125,True,full_gpu,True,,balanced_two_gpu,1,persistent,28140.588724054396,28394,31976.45541303791,,exact fallback,20.0,12.5234375,12.5234375,12.5234375,12.5234375,1216.792426072061,unknown,True,,True,,False,,15371.37353515625,True,utility_dynamic,True,0.0,0.0,full_gpu,0.0,,risk_evidence_insufficient,0.0,utility_dynamic,144.4137031212449,,,,hybrid-session-016-turn-3,12.5234375,0.0,12.5234375,0.0,0.0,/DATACENTER3/zhenxiang.wang/work/TailGuardKV/.worktrees/baseline-smoke-final-aggregation/out/full_25session_baseline_9_14/full/policy_attempts/full40_20260916_h2o_static_safe/seed20260906,True,,hybrid-session-016,qa,145.1293930877,3,risk_evidence_insufficient
full_gpu,13.0,0.1,False,True,online_qwen,True,1.0,/DATACENTER3/zhenxiang.wang/work/TailGuardKV/.worktrees/baseline-smoke-final-aggregation/out/full_25session_baseline_9_14/full/policy_attempts/full40_20260916_h2o_static_safe/seed20260906/config.yaml,,,,,0.1,True,,0.05,,12.5234375,True,full_gpu,True,,balanced_two_gpu,1,persistent,28140.588724054396,28394,31976.45541303791,,exact fallback,20.0,12.03125,12.03125,12.03125,12.03125,1183.4594949614257,unknown,True,,True,,False,,15359.57275390625,True,utility_dynamic,True,0.0,0.0,full_gpu,0.0,,risk_evidence_insufficient,0.0,utility_dynamic,125.35983207635581,,,,hybrid-session-020-turn-3,12.03125,0.0,12.03125,0.0,0.0,/DATACENTER3/zhenxiang.wang/work/TailGuardKV/.worktrees/baseline-smoke-final-aggregation/out/full_25session_baseline_9_14/full/policy_attempts/full40_20260916_h2o_static_safe/seed20260906,True,,hybrid-session-020,qa,126.06721092015505,3,risk_evidence_insufficient
full_gpu,13.0,0.1,False,True,online_qwen,True,1.0,/DATACENTER3/zhenxiang.wang/work/TailGuardKV/.worktrees/baseline-smoke-final-aggregation/out/full_25session_baseline_9_14/full/policy_attempts/full40_20260916_h2o_static_safe/seed20260906/config.yaml,,,,,0.1,True,,0.05,,12.03125,True,full_gpu,True,,balanced_two_gpu,1,persistent,28140.588724054396,28394,31976.45541303791,,exact fallback,20.0,13.1796875,13.1796875,13.1796875,13.1796875,1203.5238889511675,unknown,True,,True,,False,,15395.40087890625,True,utility_dynamic,True,0.0,0.0,full_gpu,0.0,,risk_evidence_insufficient,0.0,utility_dynamic,146.52067911811173,,,,hybrid-session-021-turn-3,13.1796875,0.0,13.1796875,0.0,0.0,/DATACENTER3/zhenxiang.wang/work/TailGuardKV/.worktrees/baseline-smoke-final-aggregation/out/full_25session_baseline_9_14/full/policy_attempts/full40_20260916_h2o_static_safe/seed20260906,True,,hybrid-session-021,summary,147.2425409592688,3,risk_evidence_insufficient
full_gpu,13.0,0.1,False,True,online_qwen,True,1.0,/DATACENTER3/zhenxiang.wang/work/TailGuardKV/.worktrees/baseline-smoke-final-aggregation/out/full_25session_baseline_9_14/full/policy_attempts/full40_20260916_h2o_static_safe/seed20260906/config.yaml,,,,,0.1,True,,0.05,,13.1796875,True,full_gpu,True,,balanced_two_gpu,1,persistent,28140.588724054396,28394,31976.45541303791,,exact fallback,20.0,12.5234375,12.5234375,12.5234375,12.5234375,1206.9715489633381,unknown,True,,True,,False,,15373.23291015625,True,utility_dynamic,True,0.0,0.0,full_gpu,0.0,,risk_evidence_insufficient,0.0,utility_dynamic,140.95193101093173,,,,hybrid-session-025-turn-3,12.5234375,0.0,12.5234375,0.0,0.0,/DATACENTER3/zhenxiang.wang/work/TailGuardKV/.worktrees/baseline-smoke-final-aggregation/out/full_25session_baseline_9_14/full/policy_attempts/full40_20260916_h2o_static_safe/seed20260906,True,,hybrid-session-025,summary,141.65025297552347,3,risk_evidence_insufficient
full_gpu,13.0,0.1,False,True,online_qwen,True,1.0,/DATACENTER3/zhenxiang.wang/work/TailGuardKV/.worktrees/baseline-smoke-final-aggregation/out/full_25session_baseline_9_14/full/policy_attempts/full40_20260916_h2o_static_safe/seed20260906/config.yaml,,,,,0.1,True,,0.05,,12.5234375,True,full_gpu,True,,balanced_two_gpu,1,persistent,28140.588724054396,28394,31976.45541303791,,exact fallback,20.0,14.109375,14.109375,14.109375,14.109375,1249.8327500652522,unknown,True,,True,,False,,15419.22412109375,True,utility_dynamic,True,0.0,0.0,full_gpu,0.0,,risk_evidence_insufficient,0.0,utility_dynamic,150.6218039430678,,,,hybrid-session-026-turn-3,14.109375,0.0,14.109375,0.0,0.0,/DATACENTER3/zhenxiang.wang/work/TailGuardKV/.worktrees/baseline-smoke-final-aggregation/out/full_25session_baseline_9_14/full/policy_attempts/full40_20260916_h2o_static_safe/seed20260906,True,,hybrid-session-026,qa,151.3157170265913,3,risk_evidence_insufficient
full_gpu,13.0,0.1,False,True,online_qwen,True,1.0,/DATACENTER3/zhenxiang.wang/work/TailGuardKV/.worktrees/baseline-smoke-final-aggregation/out/full_25session_baseline_9_14/full/policy_attempts/full40_20260916_h2o_static_safe/seed20260906/config.yaml,,,,,0.1,True,,0.05,,14.109375,True,full_gpu,True,,balanced_two_gpu,1,persistent,28140.588724054396,28394,31976.45541303791,,exact fallback,20.0,13.7265625,13.7265625,13.7265625,13.7265625,1214.363442035392,unknown,True,,True,,False,,15410.27392578125,True,utility_dynamic,True,0.0,0.0,full_gpu,0.0,,risk_evidence_insufficient,0.0,utility_dynamic,139.95411503128707,,,,hybrid-session-002-turn-4,13.7265625,0.0,13.7265625,0.0,0.0,/DATACENTER3/zhenxiang.wang/work/TailGuardKV/.worktrees/baseline-smoke-final-aggregation/out/full_25session_baseline_9_14/full/policy_attempts/full40_20260916_h2o_static_safe/seed20260906,True,,hybrid-session-002,qa,140.62630105763674,4,risk_evidence_insufficient
full_gpu,13.0,0.1,False,True,online_qwen,True,1.0,/DATACENTER3/zhenxiang.wang/work/TailGuardKV/.worktrees/baseline-smoke-final-aggregation/out/full_25session_baseline_9_14/full/policy_attempts/full40_20260916_h2o_static_safe/seed20260906/config.yaml,,,,,0.1,True,,0.05,,13.7265625,True,full_gpu,True,,balanced_two_gpu,1,persistent,28140.588724054396,28394,31976.45541303791,,exact fallback,20.0,13.125,13.125,13.125,13.125,1237.6412919256836,unknown,True,,True,,False,,15394.07666015625,True,utility_dynamic,True,0.0,0.0,full_gpu,0.0,,risk_evidence_insufficient,0.0,utility_dynamic,147.38898002542555,,,,hybrid-session-003-turn-4,13.125,0.0,13.125,0.0,0.0,/DATACENTER3/zhenxiang.wang/work/TailGuardKV/.worktrees/baseline-smoke-final-aggregation/out/full_25session_baseline_9_14/full/policy_attempts/full40_20260916_h2o_static_safe/seed20260906,True,,hybrid-session-003,summary,148.1039470527321,4,risk_evidence_insufficient
full_gpu,13.0,0.1,False,True,online_qwen,True,1.0,/DATACENTER3/zhenxiang.wang/work/TailGuardKV/.worktrees/baseline-smoke-final-aggregation/out/full_25session_baseline_9_14/full/policy_attempts/full40_20260916_h2o_static_safe/seed20260906/config.yaml,,,,,0.1,True,,0.05,,13.125,True,full_gpu,True,,balanced_two_gpu,1,persistent,28140.588724054396,28394,31976.45541303791,,exact fallback,20.0,14.546875,14.546875,14.546875,14.546875,1220.583182061091,unknown,True,,True,,False,,15432.66748046875,True,utility_dynamic,True,0.0,0.0,full_gpu,0.0,,risk_evidence_insufficient,0.0,utility_dynamic,152.22799102775753,,,,hybrid-session-004-turn-4,14.546875,0.0,14.546875,0.0,0.0,/DATACENTER3/zhenxiang.wang/work/TailGuardKV/.worktrees/baseline-smoke-final-aggregation/out/full_25session_baseline_9_14/full/policy_attempts/full40_20260916_h2o_static_safe/seed20260906,True,,hybrid-session-004,qa,152.90096122771502,4,risk_evidence_insufficient
full_gpu,13.0,0.1,False,True,online_qwen,True,1.0,/DATACENTER3/zhenxiang.wang/work/TailGuardKV/.worktrees/baseline-smoke-final-aggregation/out/full_25session_baseline_9_14/full/policy_attempts/full40_20260916_h2o_static_safe/seed20260906/config.yaml,,,,,0.1,True,,0.05,,14.546875,True,full_gpu,True,,balanced_two_gpu,1,persistent,28140.588724054396,28394,31976.45541303791,,exact fallback,20.0,13.2890625,13.2890625,13.2890625,13.2890625,1223.377777962014,unknown,True,,True,,False,,15397.9140625,True,utility_dynamic,True,0.0,0.0,full_gpu,0.0,,risk_evidence_insufficient,0.0,utility_dynamic,139.71342402510345,,,,hybrid-session-005-turn-4,13.2890625,0.0,13.2890625,0.0,0.0,/DATACENTER3/zhenxiang.wang/work/TailGuardKV/.worktrees/baseline-smoke-final-aggregation/out/full_25session_baseline_9_14/full/policy_attempts/full40_20260916_h2o_static_safe/seed20260906,True,,hybrid-session-005,summary,140.3964520432055,4,risk_evidence_insufficient
full_gpu,13.0,0.1,False,True,online_qwen,True,1.0,/DATACENTER3/zhenxiang.wang/work/TailGuardKV/.worktrees/baseline-smoke-final-aggregation/out/full_25session_baseline_9_14/full/policy_attempts/full40_20260916_h2o_static_safe/seed20260906/config.yaml,,,,,0.1,True,,0.05,,13.2890625,True,full_gpu,True,,balanced_two_gpu,1,persistent,28140.588724054396,28394,31976.45541303791,,exact fallback,20.0,16.625,16.625,16.625,16.625,1271.2872221600264,unknown,True,,True,,False,,15490.1201171875,True,utility_dynamic,True,0.0,0.0,full_gpu,0.0,,risk_evidence_insufficient,0.0,utility_dynamic,199.87128605134785,,,,hybrid-session-006-turn-4,16.625,0.0,16.625,0.0,0.0,/DATACENTER3/zhenxiang.wang/work/TailGuardKV/.worktrees/baseline-smoke-final-aggregation/out/full_25session_baseline_9_14/full/policy_attempts/full40_20260916_h2o_static_safe/seed20260906,True,,hybrid-session-006,qa,200.55598206818104,4,risk_evidence_insufficient
full_gpu,13.0,0.1,True,True,online_qwen,True,1.0,/DATACENTER3/zhenxiang.wang/work/TailGuardKV/.worktrees/baseline-smoke-final-aggregation/out/full_25session_baseline_9_14/full/policy_attempts/full40_20260916_h2o_static_safe/seed20260906/config.yaml,,,,,0.1,True,,0.05,,16.625,True,full_gpu,True,,balanced_two_gpu,1,persistent,28140.588724054396,28394,31976.45541303791,,exact fallback,20.0,12.796875,12.796875,12.796875,12.796875,1191.2918100133538,unknown,True,0.0,True,,False,,15388.611328125,True,utility_dynamic,True,0.0,0.0,full_gpu,0.0,,risk_evidence_insufficient,0.0,utility_dynamic,129.88566211424768,,,,hybrid-session-009-turn-4,12.796875,0.0,12.796875,0.0,0.0,/DATACENTER3/zhenxiang.wang/work/TailGuardKV/.worktrees/baseline-smoke-final-aggregation/out/full_25session_baseline_9_14/full/policy_attempts/full40_20260916_h2o_static_safe/seed20260906,True,,hybrid-session-009,summary,130.58836804702878,4,risk_evidence_insufficient
full_gpu,13.0,0.1,False,True,online_qwen,True,1.0,/DATACENTER3/zhenxiang.wang/work/TailGuardKV/.worktrees/baseline-smoke-final-aggregation/out/full_25session_baseline_9_14/full/policy_attempts/full40_20260916_h2o_static_safe/seed20260906/config.yaml,,,,,0.1,True,,0.05,,12.796875,True,full_gpu,True,,balanced_two_gpu,1,persistent,28140.588724054396,28394,31976.45541303791,,exact fallback,20.0,14.0546875,14.0546875,14.0546875,14.0546875,1223.4634610358626,unknown,True,,True,,False,,15417.99267578125,True,utility_dynamic,True,0.0,0.0,full_gpu,0.0,,risk_evidence_insufficient,0.0,utility_dynamic,153.172146063298,,,,hybrid-session-010-turn-4,14.0546875,0.0,14.0546875,0.0,0.0,/DATACENTER3/zhenxiang.wang/work/TailGuardKV/.worktrees/baseline-smoke-final-aggregation/out/full_25session_baseline_9_14/full/policy_attempts/full40_20260916_h2o_static_safe/seed20260906,True,,hybrid-session-010,qa,153.88698712922633,4,risk_evidence_insufficient
full_gpu,13.0,0.1,True,True,online_qwen,True,1.0,/DATACENTER3/zhenxiang.wang/work/TailGuardKV/.worktrees/baseline-smoke-final-aggregation/out/full_25session_baseline_9_14/full/policy_attempts/full40_20260916_h2o_static_safe/seed20260906/config.yaml,,,,,0.1,True,,0.05,,14.0546875,True,full_gpu,True,,balanced_two_gpu,1,persistent,28140.588724054396,28394,31976.45541303791,,exact fallback,20.0,13.234375,13.234375,13.234375,13.234375,1298.0901920236647,unknown,True,0.0,True,,False,,15397.47900390625,True,utility_dynamic,True,0.0,0.0,full_gpu,0.0,,risk_evidence_insufficient,0.0,utility_dynamic,148.00294395536184,,,,hybrid-session-013-turn-4,13.234375,0.0,13.234375,0.0,0.0,/DATACENTER3/zhenxiang.wang/work/TailGuardKV/.worktrees/baseline-smoke-final-aggregation/out/full_25session_baseline_9_14/full/policy_attempts/full40_20260916_h2o_static_safe/seed20260906,True,,hybrid-session-013,summary,148.91930599696934,4,risk_evidence_insufficient
full_gpu,13.0,0.1,False,True,online_qwen,True,1.0,/DATACENTER3/zhenxiang.wang/work/TailGuardKV/.worktrees/baseline-smoke-final-aggregation/out/full_25session_baseline_9_14/full/policy_attempts/full40_20260916_h2o_static_safe/seed20260906/config.yaml,,,,,0.1,True,,0.05,,13.234375,True,full_gpu,True,,balanced_two_gpu,1,persistent,28140.588724054396,28394,31976.45541303791,,exact fallback,20.0,14.6015625,14.6015625,14.6015625,14.6015625,1547.9273169767112,unknown,True,,True,,False,,15433.71142578125,True,utility_dynamic,True,0.0,0.0,full_gpu,0.0,,risk_evidence_insufficient,0.0,utility_dynamic,143.0989729706198,,,,hybrid-session-016-turn-4,14.6015625,0.0,14.6015625,0.0,0.0,/DATACENTER3/zhenxiang.wang/work/TailGuardKV/.worktrees/baseline-smoke-final-aggregation/out/full_25session_baseline_9_14/full/policy_attempts/full40_20260916_h2o_static_safe/seed20260906,True,,hybrid-session-016,qa,143.84535094723105,4,risk_evidence_insufficient
full_gpu,13.0,0.1,False,True,online_qwen,True,1.0,/DATACENTER3/zhenxiang.wang/work/TailGuardKV/.worktrees/baseline-smoke-final-aggregation/out/full_25session_baseline_9_14/full/policy_attempts/full40_20260916_h2o_static_safe/seed20260906/config.yaml,,,,,0.1,True,,0.05,,14.6015625,True,full_gpu,True,,balanced_two_gpu,1,persistent,28140.588724054396,28394,31976.45541303791,,exact fallback,20.0,13.9453125,13.9453125,13.9453125,13.9453125,1539.8458130657673,unknown,True,,True,,False,,15418.740234375,True,utility_dynamic,True,0.0,0.0,full_gpu,0.0,,risk_evidence_insufficient,0.0,utility_dynamic,149.9115361366421,,,,hybrid-session-020-turn-4,13.9453125,0.0,13.9453125,0.0,0.0,/DATACENTER3/zhenxiang.wang/work/TailGuardKV/.worktrees/baseline-smoke-final-aggregation/out/full_25session_baseline_9_14/full/policy_attempts/full40_20260916_h2o_static_safe/seed20260906,True,,hybrid-session-020,qa,150.6538069806993,4,risk_evidence_insufficient
full_gpu,13.0,0.1,False,True,online_qwen,True,1.0,/DATACENTER3/zhenxiang.wang/work/TailGuardKV/.worktrees/baseline-smoke-final-aggregation/out/full_25session_baseline_9_14/full/policy_attempts/full40_20260916_h2o_static_safe/seed20260906/config.yaml,,,,,0.1,True,,0.05,,13.9453125,True,full_gpu,True,,balanced_two_gpu,1,persistent,28140.588724054396,28394,31976.45541303791,,exact fallback,20.0,15.09375,15.09375,15.09375,15.09375,1599.0933941211551,unknown,True,,True,,False,,15449.2392578125,True,utility_dynamic,True,0.0,0.0,full_gpu,0.0,,risk_evidence_insufficient,0.0,utility_dynamic,194.20687295496464,,,,hybrid-session-021-turn-4,15.09375,0.0,15.09375,0.0,0.0,/DATACENTER3/zhenxiang.wang/work/TailGuardKV/.worktrees/baseline-smoke-final-aggregation/out/full_25session_baseline_9_14/full/policy_attempts/full40_20260916_h2o_static_safe/seed20260906,True,,hybrid-session-021,summary,194.94278798811138,4,risk_evidence_insufficient
full_gpu,13.0,0.1,False,True,online_qwen,True,1.0,/DATACENTER3/zhenxiang.wang/work/TailGuardKV/.worktrees/baseline-smoke-final-aggregation/out/full_25session_baseline_9_14/full/policy_attempts/full40_20260916_h2o_static_safe/seed20260906/config.yaml,,,,,0.1,True,,0.05,,15.09375,True,full_gpu,True,,balanced_two_gpu,1,persistent,28140.588724054396,28394,31976.45541303791,,exact fallback,20.0,14.8203125,14.8203125,14.8203125,14.8203125,1559.4384400174022,unknown,True,,True,,False,,15441.36279296875,True,utility_dynamic,True,0.0,0.0,full_gpu,0.0,,risk_evidence_insufficient,0.0,utility_dynamic,152.4803990032524,,,,hybrid-session-025-turn-4,14.8203125,0.0,14.8203125,0.0,0.0,/DATACENTER3/zhenxiang.wang/work/TailGuardKV/.worktrees/baseline-smoke-final-aggregation/out/full_25session_baseline_9_14/full/policy_attempts/full40_20260916_h2o_static_safe/seed20260906,True,,hybrid-session-025,summary,153.21063995361328,4,risk_evidence_insufficient
full_gpu,13.0,0.1,False,True,online_qwen,True,1.0,/DATACENTER3/zhenxiang.wang/work/TailGuardKV/.worktrees/baseline-smoke-final-aggregation/out/full_25session_baseline_9_14/full/policy_attempts/full40_20260916_h2o_static_safe/seed20260906/config.yaml,,,,,0.1,True,,0.05,,14.8203125,True,full_gpu,True,,balanced_two_gpu,1,persistent,28140.588724054396,28394,31976.45541303791,,exact fallback,20.0,16.0234375,16.0234375,16.0234375,16.0234375,1602.2445899434388,unknown,True,,True,,False,,15475.6787109375,True,utility_dynamic,True,0.0,0.0,full_gpu,0.0,,risk_evidence_insufficient,0.0,utility_dynamic,196.73552084714174,,,,hybrid-session-026-turn-4,16.0234375,0.0,16.0234375,0.0,0.0,/DATACENTER3/zhenxiang.wang/work/TailGuardKV/.worktrees/baseline-smoke-final-aggregation/out/full_25session_baseline_9_14/full/policy_attempts/full40_20260916_h2o_static_safe/seed20260906,True,,hybrid-session-026,qa,197.50727410428226,4,risk_evidence_insufficient
full_gpu,1.0,0.1,False,False,online_qwen,False,1.0,/DATACENTER3/zhenxiang.wang/work/TailGuardKV/.worktrees/baseline-smoke-final-aggregation/out/full_25session_baseline_9_14/full/policy_attempts/full40_20260916_h2o_static_safe/seed20260906/config.yaml,,,,,0.1,True,,0.05,,0,True,full_gpu,True,,balanced_two_gpu,1,persistent,27855.879247188568,30643,31420.247490983456,,exact fallback,20.0,2.078125,2.078125,2.078125,2.078125,4947.501929011196,unknown,True,,True,,False,,15070.54150390625,True,uncalibrated_dynamic,True,0.0,0.0,full_gpu,0.0,,risk_evidence_insufficient,0.0,uncalibrated_dynamic,0.0,,,,hybrid-session-002-turn-0,2.078125,0.0,2.078125,0.0,0.0,/DATACENTER3/zhenxiang.wang/work/TailGuardKV/.worktrees/baseline-smoke-final-aggregation/out/full_25session_baseline_9_14/full/policy_attempts/full40_20260916_h2o_static_safe/seed20260906,True,point_prediction_rejected,hybrid-session-002,chat,3869.233191013336,0,risk_evidence_insufficient
full_gpu,2.0,0.1,False,False,online_qwen,False,1.0,/DATACENTER3/zhenxiang.wang/work/TailGuardKV/.worktrees/baseline-smoke-final-aggregation/out/full_25session_baseline_9_14/full/policy_attempts/full40_20260916_h2o_static_safe/seed20260906/config.yaml,,,,,0.1,True,,0.05,,0,True,full_gpu,True,,balanced_two_gpu,1,persistent,27855.879247188568,30643,31420.247490983456,,exact fallback,20.0,3.5546875,1.4765625,1.4765625,1.4765625,1131.8354371469468,unknown,True,,True,,False,,15055.19384765625,True,uncalibrated_dynamic,True,0.0,0.0,full_gpu,0.0,,risk_evidence_insufficient,0.0,uncalibrated_dynamic,0.0,,,,hybrid-session-003-turn-0,1.4765625,0.0,1.4765625,0.0,0.0,/DATACENTER3/zhenxiang.wang/work/TailGuardKV/.worktrees/baseline-smoke-final-aggregation/out/full_25session_baseline_9_14/full/policy_attempts/full40_20260916_h2o_static_safe/seed20260906,True,point_prediction_rejected,hybrid-session-003,chat,77.87990802899003,0,risk_evidence_insufficient
full_gpu,3.0,0.1,False,False,online_qwen,False,1.0,/DATACENTER3/zhenxiang.wang/work/TailGuardKV/.worktrees/baseline-smoke-final-aggregation/out/full_25session_baseline_9_14/full/policy_attempts/full40_20260916_h2o_static_safe/seed20260906/config.yaml,,,,,0.1,True,,0.05,,0,True,full_gpu,True,,balanced_two_gpu,1,persistent,27855.879247188568,30643,31420.247490983456,,exact fallback,20.0,5.3046875,1.75,1.75,1.75,1343.0069740861654,unknown,True,,True,,False,,15063.70947265625,True,uncalibrated_dynamic,True,0.0,0.0,full_gpu,0.0,,risk_evidence_insufficient,0.0,uncalibrated_dynamic,0.0,,,,hybrid-session-004-turn-0,1.75,0.0,1.75,0.0,0.0,/DATACENTER3/zhenxiang.wang/work/TailGuardKV/.worktrees/baseline-smoke-final-aggregation/out/full_25session_baseline_9_14/full/policy_attempts/full40_20260916_h2o_static_safe/seed20260906,True,point_prediction_rejected,hybrid-session-004,chat,72.75412906892598,0,risk_evidence_insufficient
full_gpu,4.0,0.1,False,False,online_qwen,False,1.0,/DATACENTER3/zhenxiang.wang/work/TailGuardKV/.worktrees/baseline-smoke-final-aggregation/out/full_25session_baseline_9_14/full/policy_attempts/full40_20260916_h2o_static_safe/seed20260906/config.yaml,,,,,0.1,True,,0.05,,0,True,full_gpu,True,,balanced_two_gpu,1,persistent,27855.879247188568,30643,31420.247490983456,,exact fallback,20.0,7.21875,1.9140625,1.9140625,1.9140625,1502.3570931516588,unknown,True,,True,,False,,15070.26806640625,True,uncalibrated_dynamic,True,0.0,0.0,full_gpu,0.0,,risk_evidence_insufficient,0.0,uncalibrated_dynamic,0.0,,,,hybrid-session-005-turn-0,1.9140625,0.0,1.9140625,0.0,0.0,/DATACENTER3/zhenxiang.wang/work/TailGuardKV/.worktrees/baseline-smoke-final-aggregation/out/full_25session_baseline_9_14/full/policy_attempts/full40_20260916_h2o_static_safe/seed20260906,True,point_prediction_rejected,hybrid-session-005,chat,105.49697699025273,0,risk_evidence_insufficient
full_gpu,5.0,0.1,False,False,online_qwen,False,1.0,/DATACENTER3/zhenxiang.wang/work/TailGuardKV/.worktrees/baseline-smoke-final-aggregation/out/full_25session_baseline_9_14/full/policy_attempts/full40_20260916_h2o_static_safe/seed20260906/config.yaml,,,,,0.1,True,,0.05,,0,True,full_gpu,True,,balanced_two_gpu,1,persistent,27855.879247188568,30643,31420.247490983456,,exact fallback,20.0,9.84375,2.625,2.625,2.625,1529.7491429373622,unknown,True,,True,,False,,15093.27587890625,True,uncalibrated_dynamic,True,0.0,0.0,full_gpu,0.0,,risk_evidence_insufficient,0.0,uncalibrated_dynamic,0.0,,,,hybrid-session-006-turn-0,2.625,0.0,2.625,0.0,0.0,/DATACENTER3/zhenxiang.wang/work/TailGuardKV/.worktrees/baseline-smoke-final-aggregation/out/full_25session_baseline_9_14/full/policy_attempts/full40_20260916_h2o_static_safe/seed20260906,True,point_prediction_rejected,hybrid-session-006,chat,116.6164770256728,0,risk_evidence_insufficient
full_gpu,6.0,0.1,False,False,online_qwen,False,1.0,/DATACENTER3/zhenxiang.wang/work/TailGuardKV/.worktrees/baseline-smoke-final-aggregation/out/full_25session_baseline_9_14/full/policy_attempts/full40_20260916_h2o_static_safe/seed20260906/config.yaml,,,,,0.1,True,,0.05,,0,True,full_gpu,True,,balanced_two_gpu,1,persistent,27855.879247188568,30643,31420.247490983456,,exact fallback,20.0,11.5390625,1.6953125,1.6953125,1.6953125,1511.4544269163162,unknown,True,,True,,False,,15068.48681640625,True,uncalibrated_dynamic,True,0.0,0.0,full_gpu,0.0,,risk_evidence_insufficient,0.0,uncalibrated_dynamic,0.0,,,,hybrid-session-009-turn-0,1.6953125,0.0,1.6953125,0.0,0.0,/DATACENTER3/zhenxiang.wang/work/TailGuardKV/.worktrees/baseline-smoke-final-aggregation/out/full_25session_baseline_9_14/full/policy_attempts/full40_20260916_h2o_static_safe/seed20260906,True,point_prediction_rejected,hybrid-session-009,chat,103.30257192254066,0,risk_evidence_insufficient
full_gpu,7.0,0.1,False,False,online_qwen,False,1.0,/DATACENTER3/zhenxiang.wang/work/TailGuardKV/.worktrees/baseline-smoke-final-aggregation/out/full_25session_baseline_9_14/full/policy_attempts/full40_20260916_h2o_static_safe/seed20260906/config.yaml,,,,,0.1,True,,0.05,,0,True,full_gpu,True,,balanced_two_gpu,1,persistent,27855.879247188568,30643,31420.247490983456,,exact fallback,20.0,13.0703125,1.53125,1.53125,1.53125,1494.5284188725054,unknown,True,,True,,False,,15065.87646484375,True,uncalibrated_dynamic,True,0.0,0.0,full_gpu,0.0,,risk_evidence_insufficient,0.0,uncalibrated_dynamic,0.0,,,,hybrid-session-010-turn-0,1.53125,0.0,1.53125,0.0,0.0,/DATACENTER3/zhenxiang.wang/work/TailGuardKV/.worktrees/baseline-smoke-final-aggregation/out/full_25session_baseline_9_14/full/policy_attempts/full40_20260916_h2o_static_safe/seed20260906,True,point_prediction_rejected,hybrid-session-010,chat,101.54268005862832,0,risk_evidence_insufficient
full_gpu,8.0,0.1,False,False,online_qwen,False,1.0,/DATACENTER3/zhenxiang.wang/work/TailGuardKV/.worktrees/baseline-smoke-final-aggregation/out/full_25session_baseline_9_14/full/policy_attempts/full40_20260916_h2o_static_safe/seed20260906/config.yaml,,,,,0.1,True,,0.05,,0,True,full_gpu,True,,balanced_two_gpu,1,persistent,27855.879247188568,30643,31420.247490983456,,exact fallback,20.0,14.875,1.8046875,1.8046875,1.8046875,1180.9683369938284,unknown,True,,True,,False,,15074.73681640625,True,uncalibrated_dynamic,True,0.0,0.0,full_gpu,0.0,,risk_evidence_insufficient,0.0,uncalibrated_dynamic,0.0,,,,hybrid-session-013-turn-0,1.8046875,0.0,1.8046875,0.0,0.0,/DATACENTER3/zhenxiang.wang/work/TailGuardKV/.worktrees/baseline-smoke-final-aggregation/out/full_25session_baseline_9_14/full/policy_attempts/full40_20260916_h2o_static_safe/seed20260906,True,point_prediction_rejected,hybrid-session-013,chat,104.78242812678218,0,risk_evidence_insufficient
full_gpu,9.0,0.1,False,False,online_qwen,False,1.0,/DATACENTER3/zhenxiang.wang/work/TailGuardKV/.worktrees/baseline-smoke-final-aggregation/out/full_25session_baseline_9_14/full/policy_attempts/full40_20260916_h2o_static_safe/seed20260906/config.yaml,,,,,0.1,True,,0.05,,0,True,full_gpu,True,,balanced_two_gpu,1,persistent,27855.879247188568,30643,31420.247490983456,,exact fallback,20.0,17.5,2.625,2.625,2.625,1159.1214810032398,unknown,True,,True,,False,,15100.93212890625,True,uncalibrated_dynamic,True,0.0,0.0,full_gpu,0.0,,risk_evidence_insufficient,0.0,uncalibrated_dynamic,0.0,,,,hybrid-session-016-turn-0,2.625,0.0,2.625,0.0,0.0,/DATACENTER3/zhenxiang.wang/work/TailGuardKV/.worktrees/baseline-smoke-final-aggregation/out/full_25session_baseline_9_14/full/policy_attempts/full40_20260916_h2o_static_safe/seed20260906,True,point_prediction_rejected,hybrid-session-016,chat,82.18525908887386,0,risk_evidence_insufficient
full_gpu,10.0,0.1,False,False,online_qwen,False,1.0,/DATACENTER3/zhenxiang.wang/work/TailGuardKV/.worktrees/baseline-smoke-final-aggregation/out/full_25session_baseline_9_14/full/policy_attempts/full40_20260916_h2o_static_safe/seed20260906/config.yaml,,,,,0.1,True,,0.05,,0,True,full_gpu,True,,balanced_two_gpu,1,persistent,27855.879247188568,30643,31420.247490983456,,exact fallback,20.0,19.90625,2.40625,2.40625,2.40625,1160.8086889609694,unknown,True,,True,,False,,15095.79541015625,True,uncalibrated_dynamic,True,0.0,0.0,full_gpu,0.0,,risk_evidence_insufficient,0.0,uncalibrated_dynamic,0.0,,,,hybrid-session-020-turn-0,2.40625,0.0,2.40625,0.0,0.0,/DATACENTER3/zhenxiang.wang/work/TailGuardKV/.worktrees/baseline-smoke-final-aggregation/out/full_25session_baseline_9_14/full/policy_attempts/full40_20260916_h2o_static_safe/seed20260906,True,point_prediction_rejected,hybrid-session-020,chat,81.6810098476708,0,risk_evidence_insufficient
full_gpu,11.0,0.1,False,True,online_qwen,True,1.0,/DATACENTER3/zhenxiang.wang/work/TailGuardKV/.worktrees/baseline-smoke-final-aggregation/out/full_25session_baseline_9_14/full/policy_attempts/full40_20260916_h2o_static_safe/seed20260906/config.yaml,,,,,0.1,True,,0.05,,3.5546875,True,full_gpu,True,,balanced_two_gpu,1,persistent,27855.879247188568,30643,31420.247490983456,,exact fallback,20.0,18.6484375,2.296875,2.296875,2.296875,1139.0177139546722,unknown,True,,True,,False,,15095.17822265625,True,uncalibrated_dynamic,True,0.0,0.0,full_gpu,0.0,,risk_evidence_insufficient,0.0,uncalibrated_dynamic,0.0,,,,hybrid-session-021-turn-0,2.296875,0.0,2.296875,0.0,0.0,/DATACENTER3/zhenxiang.wang/work/TailGuardKV/.worktrees/baseline-smoke-final-aggregation/out/full_25session_baseline_9_14/full/policy_attempts/full40_20260916_h2o_static_safe/seed20260906,True,point_prediction_rejected,hybrid-session-021,chat,82.24600786343217,0,risk_evidence_insufficient
full_gpu,12.0,0.1,False,True,online_qwen,True,1.0,/DATACENTER3/zhenxiang.wang/work/TailGuardKV/.worktrees/baseline-smoke-final-aggregation/out/full_25session_baseline_9_14/full/policy_attempts/full40_20260916_h2o_static_safe/seed20260906/config.yaml,,,,,0.1,True,,0.05,,1.75,True,full_gpu,True,,balanced_two_gpu,1,persistent,27855.879247188568,30643,31420.247490983456,,exact fallback,20.0,18.8671875,1.96875,1.96875,1.96875,1169.9956918600947,unknown,True,,True,,False,,15084.85009765625,True,uncalibrated_dynamic,True,0.0,0.0,full_gpu,0.0,,risk_evidence_insufficient,0.0,uncalibrated_dynamic,0.0,,,,hybrid-session-025-turn-0,1.96875,0.0,1.96875,0.0,0.0,/DATACENTER3/zhenxiang.wang/work/TailGuardKV/.worktrees/baseline-smoke-final-aggregation/out/full_25session_baseline_9_14/full/policy_attempts/full40_20260916_h2o_static_safe/seed20260906,True,point_prediction_rejected,hybrid-session-025,chat,84.18766991235316,0,risk_evidence_insufficient
full_gpu,13.0,0.1,False,True,online_qwen,True,1.0,/DATACENTER3/zhenxiang.wang/work/TailGuardKV/.worktrees/baseline-smoke-final-aggregation/out/full_25session_baseline_9_14/full/policy_attempts/full40_20260916_h2o_static_safe/seed20260906/config.yaml,,,,,0.1,True,,0.05,,1.9140625,True,full_gpu,True,,balanced_two_gpu,1,persistent,27855.879247188568,30643,31420.247490983456,,exact fallback,20.0,19.140625,2.1875,2.1875,2.1875,1163.4568008594215,unknown,True,,True,,False,,15091.11572265625,True,uncalibrated_dynamic,True,0.0,0.0,full_gpu,0.0,,risk_evidence_insufficient,0.0,uncalibrated_dynamic,0.0,,,,hybrid-session-026-turn-0,2.1875,0.0,2.1875,0.0,0.0,/DATACENTER3/zhenxiang.wang/work/TailGuardKV/.worktrees/baseline-smoke-final-aggregation/out/full_25session_baseline_9_14/full/policy_attempts/full40_20260916_h2o_static_safe/seed20260906,True,point_prediction_rejected,hybrid-session-026,chat,84.46069387719035,0,risk_evidence_insufficient
full_gpu,13.0,0.1,False,True,online_qwen,True,1.0,/DATACENTER3/zhenxiang.wang/work/TailGuardKV/.worktrees/baseline-smoke-final-aggregation/out/full_25session_baseline_9_14/full/policy_attempts/full40_20260916_h2o_static_safe/seed20260906/config.yaml,,,,,0.1,True,,0.05,,2.625,True,full_gpu,True,,balanced_two_gpu,1,persistent,27855.879247188568,30643,31420.247490983456,,exact fallback,20.0,19.9609375,3.4453125,3.4453125,3.4453125,1166.7793078813702,unknown,True,,True,,False,,15126.54931640625,True,uncalibrated_dynamic,True,0.0,0.0,full_gpu,0.0,,risk_evidence_insufficient,0.0,uncalibrated_dynamic,88.02215289324522,,,,hybrid-session-002-turn-1,3.4453125,0.0,3.4453125,0.0,0.0,/DATACENTER3/zhenxiang.wang/work/TailGuardKV/.worktrees/baseline-smoke-final-aggregation/out/full_25session_baseline_9_14/full/policy_attempts/full40_20260916_h2o_static_safe/seed20260906,True,point_prediction_rejected,hybrid-session-002,chat,88.76075898297131,1,risk_evidence_insufficient
full_gpu,13.0,0.1,True,True,online_qwen,True,1.0,/DATACENTER3/zhenxiang.wang/work/TailGuardKV/.worktrees/baseline-smoke-final-aggregation/out/full_25session_baseline_9_14/full/policy_attempts/full40_20260916_h2o_static_safe/seed20260906/config.yaml,,,,,0.1,True,,0.05,,3.2265625,True,full_gpu,True,,balanced_two_gpu,1,persistent,27855.879247188568,30643,31420.247490983456,,exact fallback,20.0,19.359375,2.625,2.625,2.625,1159.7596420906484,unknown,True,0.0,True,,False,,15106.01806640625,True,uncalibrated_dynamic,True,0.0,0.0,full_gpu,0.0,,risk_evidence_insufficient,0.0,uncalibrated_dynamic,81.20426116511226,,,,hybrid-session-003-turn-1,2.625,0.0,2.625,0.0,0.0,/DATACENTER3/zhenxiang.wang/work/TailGuardKV/.worktrees/baseline-smoke-final-aggregation/out/full_25session_baseline_9_14/full/policy_attempts/full40_20260916_h2o_static_safe/seed20260906,True,point_prediction_rejected,hybrid-session-003,chat,81.88683190383017,1,risk_evidence_insufficient
full_gpu,13.0,0.1,False,True,online_qwen,True,1.0,/DATACENTER3/zhenxiang.wang/work/TailGuardKV/.worktrees/baseline-smoke-final-aggregation/out/full_25session_baseline_9_14/full/policy_attempts/full40_20260916_h2o_static_safe/seed20260906/config.yaml,,,,,0.1,True,,0.05,,4.4296875,True,full_gpu,True,,balanced_two_gpu,1,persistent,27855.879247188568,30643,31420.247490983456,,exact fallback,20.0,19.9609375,5.03125,5.03125,5.03125,1151.8668830394745,unknown,True,,True,,False,,15170.3037109375,True,uncalibrated_dynamic,True,0.0,0.0,full_gpu,0.0,,risk_evidence_insufficient,0.0,uncalibrated_dynamic,85.49517299979925,,,,hybrid-session-004-turn-1,5.03125,0.0,5.03125,0.0,0.0,/DATACENTER3/zhenxiang.wang/work/TailGuardKV/.worktrees/baseline-smoke-final-aggregation/out/full_25session_baseline_9_14/full/policy_attempts/full40_20260916_h2o_static_safe/seed20260906,True,point_prediction_rejected,hybrid-session-004,chat,86.18726511485875,1,risk_evidence_insufficient
full_gpu,13.0,0.1,False,True,online_qwen,True,1.0,/DATACENTER3/zhenxiang.wang/work/TailGuardKV/.worktrees/baseline-smoke-final-aggregation/out/full_25session_baseline_9_14/full/policy_attempts/full40_20260916_h2o_static_safe/seed20260906/config.yaml,,,,,0.1,True,,0.05,,4.703125,True,full_gpu,True,,balanced_two_gpu,1,persistent,27855.879247188568,30643,31420.247490983456,,exact fallback,20.0,19.1953125,3.9375,3.9375,3.9375,1173.8278679549694,unknown,True,,True,,False,,15142.45556640625,True,uncalibrated_dynamic,True,0.0,0.0,full_gpu,0.0,,risk_evidence_insufficient,0.0,uncalibrated_dynamic,85.10896703228354,,,,hybrid-session-005-turn-1,3.9375,0.0,3.9375,0.0,0.0,/DATACENTER3/zhenxiang.wang/work/TailGuardKV/.worktrees/baseline-smoke-final-aggregation/out/full_25session_baseline_9_14/full/policy_attempts/full40_20260916_h2o_static_safe/seed20260906,True,point_prediction_rejected,hybrid-session-005,chat,85.8169209677726,1,risk_evidence_insufficient
full_gpu,13.0,0.1,False,True,online_qwen,True,1.0,/DATACENTER3/zhenxiang.wang/work/TailGuardKV/.worktrees/baseline-smoke-final-aggregation/out/full_25session_baseline_9_14/full/policy_attempts/full40_20260916_h2o_static_safe/seed20260906/config.yaml,,,,,0.1,True,,0.05,,7.6015625,True,full_gpu,True,,balanced_two_gpu,1,persistent,27855.879247188568,30643,31420.247490983456,,exact fallback,20.0,16.8984375,5.3046875,5.3046875,5.3046875,1157.2876409627497,unknown,True,,True,,False,,15178.8515625,True,uncalibrated_dynamic,True,0.0,0.0,full_gpu,0.0,,risk_evidence_insufficient,0.0,uncalibrated_dynamic,91.20427491143346,,,,hybrid-session-006-turn-1,5.3046875,0.0,5.3046875,0.0,0.0,/DATACENTER3/zhenxiang.wang/work/TailGuardKV/.worktrees/baseline-smoke-final-aggregation/out/full_25session_baseline_9_14/full/policy_attempts/full40_20260916_h2o_static_safe/seed20260906,True,point_prediction_rejected,hybrid-session-006,chat,91.9016869738698,1,risk_evidence_insufficient
full_gpu,13.0,0.1,False,True,online_qwen,True,1.0,/DATACENTER3/zhenxiang.wang/work/TailGuardKV/.worktrees/baseline-smoke-final-aggregation/out/full_25session_baseline_9_14/full/policy_attempts/full40_20260916_h2o_static_safe/seed20260906/config.yaml,,,,,0.1,True,,0.05,,2.625,True,full_gpu,True,,balanced_two_gpu,1,persistent,27855.879247188568,30643,31420.247490983456,,exact fallback,20.0,17.390625,3.1171875,3.1171875,3.1171875,1147.8307559154928,unknown,True,,True,,False,,15114.84619140625,True,uncalibrated_dynamic,True,0.0,0.0,full_gpu,0.0,,risk_evidence_insufficient,0.0,uncalibrated_dynamic,82.66579103656113,,,,hybrid-session-009-turn-1,3.1171875,0.0,3.1171875,0.0,0.0,/DATACENTER3/zhenxiang.wang/work/TailGuardKV/.worktrees/baseline-smoke-final-aggregation/out/full_25session_baseline_9_14/full/policy_attempts/full40_20260916_h2o_static_safe/seed20260906,True,point_prediction_rejected,hybrid-session-009,chat,83.411973901093,1,risk_evidence_insufficient
full_gpu,13.0,0.1,False,True,online_qwen,True,1.0,/DATACENTER3/zhenxiang.wang/work/TailGuardKV/.worktrees/baseline-smoke-final-aggregation/out/full_25session_baseline_9_14/full/policy_attempts/full40_20260916_h2o_static_safe/seed20260906/config.yaml,,,,,0.1,True,,0.05,,5.03125,True,full_gpu,True,,balanced_two_gpu,1,persistent,27855.879247188568,30643,31420.247490983456,,exact fallback,20.0,15.2578125,2.8984375,2.8984375,2.8984375,1152.1831508725882,unknown,True,,True,,False,,15110.14501953125,True,uncalibrated_dynamic,True,0.0,0.0,full_gpu,0.0,,risk_evidence_insufficient,0.0,uncalibrated_dynamic,76.44341909326613,,,,hybrid-session-010-turn-1,2.8984375,0.0,2.8984375,0.0,0.0,/DATACENTER3/zhenxiang.wang/work/TailGuardKV/.worktrees/baseline-smoke-final-aggregation/out/full_25session_baseline_9_14/full/policy_attempts/full40_20260916_h2o_static_safe/seed20260906,True,point_prediction_rejected,hybrid-session-010,chat,77.13322504423559,1,risk_evidence_insufficient
full_gpu,13.0,0.1,False,False,online_qwen,False,1.0,/DATACENTER3/zhenxiang.wang/work/TailGuardKV/.worktrees/baseline-smoke-final-aggregation/out/full_25session_baseline_9_14/full/policy_attempts/full40_20260916_h2o_static_safe/seed20260906/config.yaml,,,,,0.1,True,,0.05,,0,True,full_gpu,True,,balanced_two_gpu,1,persistent,27855.879247188568,30643,31420.247490983456,,exact fallback,20.0,18.375,3.1171875,3.1171875,3.1171875,1156.3948879484087,unknown,True,,True,,False,,15113.20556640625,True,uncalibrated_dynamic,True,0.0,0.0,full_gpu,0.0,,risk_evidence_insufficient,0.0,uncalibrated_dynamic,83.35823216475546,,,,hybrid-session-013-turn-1,3.1171875,0.0,3.1171875,0.0,0.0,/DATACENTER3/zhenxiang.wang/work/TailGuardKV/.worktrees/baseline-smoke-final-aggregation/out/full_25session_baseline_9_14/full/policy_attempts/full40_20260916_h2o_static_safe/seed20260906,True,point_prediction_rejected,hybrid-session-013,chat,84.09499004483223,1,risk_evidence_insufficient
full_gpu,13.0,0.1,False,True,online_qwen,True,1.0,/DATACENTER3/zhenxiang.wang/work/TailGuardKV/.worktrees/baseline-smoke-final-aggregation/out/full_25session_baseline_9_14/full/policy_attempts/full40_20260916_h2o_static_safe/seed20260906/config.yaml,,,,,0.1,True,,0.05,,3.9375,True,full_gpu,True,,balanced_two_gpu,1,persistent,27855.879247188568,30643,31420.247490983456,,exact fallback,20.0,18.5390625,4.1015625,4.1015625,4.1015625,1160.8478231355548,unknown,True,,True,,False,,15143.53369140625,True,uncalibrated_dynamic,True,0.0,0.0,full_gpu,0.0,,risk_evidence_insufficient,0.0,uncalibrated_dynamic,78.45449587330222,,,,hybrid-session-016-turn-1,4.1015625,0.0,4.1015625,0.0,0.0,/DATACENTER3/zhenxiang.wang/work/TailGuardKV/.worktrees/baseline-smoke-final-aggregation/out/full_25session_baseline_9_14/full/policy_attempts/full40_20260916_h2o_static_safe/seed20260906,True,point_prediction_rejected,hybrid-session-016,chat,79.16054897941649,1,risk_evidence_insufficient
full_gpu,13.0,0.1,False,True,online_qwen,True,1.0,/DATACENTER3/zhenxiang.wang/work/TailGuardKV/.worktrees/baseline-smoke-final-aggregation/out/full_25session_baseline_9_14/full/policy_attempts/full40_20260916_h2o_static_safe/seed20260906/config.yaml,,,,,0.1,True,,0.05,,5.3046875,True,full_gpu,True,,balanced_two_gpu,1,persistent,27855.879247188568,30643,31420.247490983456,,exact fallback,20.0,17.1171875,3.8828125,3.8828125,3.8828125,1174.2890290915966,unknown,True,,True,,False,,15137.65087890625,True,uncalibrated_dynamic,True,0.0,0.0,full_gpu,0.0,,risk_evidence_insufficient,0.0,uncalibrated_dynamic,85.67675692029297,,,,hybrid-session-020-turn-1,3.8828125,0.0,3.8828125,0.0,0.0,/DATACENTER3/zhenxiang.wang/work/TailGuardKV/.worktrees/baseline-smoke-final-aggregation/out/full_25session_baseline_9_14/full/policy_attempts/full40_20260916_h2o_static_safe/seed20260906,True,point_prediction_rejected,hybrid-session-020,chat,86.42474305815995,1,risk_evidence_insufficient
full_gpu,13.0,0.1,False,True,online_qwen,True,1.0,/DATACENTER3/zhenxiang.wang/work/TailGuardKV/.worktrees/baseline-smoke-final-aggregation/out/full_25session_baseline_9_14/full/policy_attempts/full40_20260916_h2o_static_safe/seed20260906/config.yaml,,,,,0.1,True,,0.05,,3.1171875,True,full_gpu,True,,balanced_two_gpu,1,persistent,27855.879247188568,30643,31420.247490983456,,exact fallback,20.0,18.59375,4.59375,4.59375,4.59375,1170.812909025699,unknown,True,,True,,False,,15155.88330078125,True,uncalibrated_dynamic,True,0.0,0.0,full_gpu,0.0,,risk_evidence_insufficient,0.0,uncalibrated_dynamic,89.71975999884307,,,,hybrid-session-021-turn-1,4.59375,0.0,4.59375,0.0,0.0,/DATACENTER3/zhenxiang.wang/work/TailGuardKV/.worktrees/baseline-smoke-final-aggregation/out/full_25session_baseline_9_14/full/policy_attempts/full40_20260916_h2o_static_safe/seed20260906,True,point_prediction_rejected,hybrid-session-021,chat,90.45664314180613,1,risk_evidence_insufficient
full_gpu,13.0,0.1,False,True,online_qwen,True,1.0,/DATACENTER3/zhenxiang.wang/work/TailGuardKV/.worktrees/baseline-smoke-final-aggregation/out/full_25session_baseline_9_14/full/policy_attempts/full40_20260916_h2o_static_safe/seed20260906/config.yaml,,,,,0.1,True,,0.05,,2.8984375,True,full_gpu,True,,balanced_two_gpu,1,persistent,27855.879247188568,30643,31420.247490983456,,exact fallback,20.0,19.03125,3.3359375,3.3359375,3.3359375,1173.0552010703832,unknown,True,,True,,False,,15123.24658203125,True,uncalibrated_dynamic,True,0.0,0.0,full_gpu,0.0,,risk_evidence_insufficient,0.0,uncalibrated_dynamic,81.86070597730577,,,,hybrid-session-025-turn-1,3.3359375,0.0,3.3359375,0.0,0.0,/DATACENTER3/zhenxiang.wang/work/TailGuardKV/.worktrees/baseline-smoke-final-aggregation/out/full_25session_baseline_9_14/full/policy_attempts/full40_20260916_h2o_static_safe/seed20260906,True,point_prediction_rejected,hybrid-session-025,chat,82.4666500557214,1,risk_evidence_insufficient
full_gpu,13.0,0.1,False,True,online_qwen,True,1.0,/DATACENTER3/zhenxiang.wang/work/TailGuardKV/.worktrees/baseline-smoke-final-aggregation/out/full_25session_baseline_9_14/full/policy_attempts/full40_20260916_h2o_static_safe/seed20260906/config.yaml,,,,,0.1,True,,0.05,,7.21875,True,full_gpu,True,,balanced_two_gpu,1,persistent,27855.879247188568,30643,31420.247490983456,,exact fallback,20.0,16.515625,4.703125,4.703125,4.703125,1158.1705419812351,unknown,True,,True,,False,,15162.45166015625,True,uncalibrated_dynamic,True,0.0,0.0,full_gpu,0.0,,risk_evidence_insufficient,0.0,uncalibrated_dynamic,91.75194008275867,,,,hybrid-session-026-turn-1,4.703125,0.0,4.703125,0.0,0.0,/DATACENTER3/zhenxiang.wang/work/TailGuardKV/.worktrees/baseline-smoke-final-aggregation/out/full_25session_baseline_9_14/full/policy_attempts/full40_20260916_h2o_static_safe/seed20260906,True,point_prediction_rejected,hybrid-session-026,chat,92.50924387015402,1,risk_evidence_insufficient
full_gpu,13.0,0.1,True,True,online_qwen,True,1.0,/DATACENTER3/zhenxiang.wang/work/TailGuardKV/.worktrees/baseline-smoke-final-aggregation/out/full_25session_baseline_9_14/full/policy_attempts/full40_20260916_h2o_static_safe/seed20260906/config.yaml,,,,,0.1,True,,0.05,,8.4765625,True,full_gpu,True,,balanced_two_gpu,1,persistent,27855.879247188568,30643,31420.247490983456,,exact fallback,20.0,17.8828125,9.84375,9.84375,9.84375,1468.5674679931253,unknown,True,0.0,True,,False,,15303.53515625,True,uncalibrated_dynamic,True,0.0,0.0,full_gpu,0.0,,risk_evidence_insufficient,0.0,uncalibrated_dynamic,116.03217991068959,,,,hybrid-session-002-turn-2,9.84375,0.0,9.84375,0.0,0.0,/DATACENTER3/zhenxiang.wang/work/TailGuardKV/.worktrees/baseline-smoke-final-aggregation/out/full_25session_baseline_9_14/full/policy_attempts/full40_20260916_h2o_static_safe/seed20260906,True,point_prediction_rejected,hybrid-session-002,qa,116.77685799077153,2,risk_evidence_insufficient
full_gpu,13.0,0.1,False,True,online_qwen,True,1.0,/DATACENTER3/zhenxiang.wang/work/TailGuardKV/.worktrees/baseline-smoke-final-aggregation/out/full_25session_baseline_9_14/full/policy_attempts/full40_20260916_h2o_static_safe/seed20260906/config.yaml,,,,,0.1,True,,0.05,,8.0390625,True,full_gpu,True,,balanced_two_gpu,1,persistent,27855.879247188568,30643,31420.247490983456,,exact fallback,20.0,19.140625,9.296875,9.296875,9.296875,1542.881062021479,unknown,True,,True,,False,,15289.3095703125,True,uncalibrated_dynamic,True,0.0,0.0,full_gpu,0.0,,risk_evidence_insufficient,0.0,uncalibrated_dynamic,122.70946684293449,,,,hybrid-session-003-turn-2,9.296875,0.0,9.296875,0.0,0.0,/DATACENTER3/zhenxiang.wang/work/TailGuardKV/.worktrees/baseline-smoke-final-aggregation/out/full_25session_baseline_9_14/full/policy_attempts/full40_20260916_h2o_static_safe/seed20260906,True,point_prediction_rejected,hybrid-session-003,summary,123.54734796099365,2,risk_evidence_insufficient
full_gpu,13.0,0.1,False,True,online_qwen,True,1.0,/DATACENTER3/zhenxiang.wang/work/TailGuardKV/.worktrees/baseline-smoke-final-aggregation/out/full_25session_baseline_9_14/full/policy_attempts/full40_20260916_h2o_static_safe/seed20260906/config.yaml,,,,,0.1,True,,0.05,,19.140625,True,full_gpu,True,,balanced_two_gpu,1,persistent,27855.879247188568,30643,31420.247490983456,,exact fallback,20.0,10.71875,10.71875,10.71875,10.71875,1543.9322290476412,unknown,True,,True,,False,,15329.52294921875,True,uncalibrated_dynamic,True,0.0,0.0,full_gpu,0.0,,risk_evidence_insufficient,0.0,uncalibrated_dynamic,132.41089414805174,,,,hybrid-session-004-turn-2,10.71875,0.0,10.71875,0.0,0.0,/DATACENTER3/zhenxiang.wang/work/TailGuardKV/.worktrees/baseline-smoke-final-aggregation/out/full_25session_baseline_9_14/full/policy_attempts/full40_20260916_h2o_static_safe/seed20260906,True,point_prediction_rejected,hybrid-session-004,qa,133.2851960323751,2,risk_evidence_insufficient
full_gpu,13.0,0.1,False,True,online_qwen,True,1.0,/DATACENTER3/zhenxiang.wang/work/TailGuardKV/.worktrees/baseline-smoke-final-aggregation/out/full_25session_baseline_9_14/full/policy_attempts/full40_20260916_h2o_static_safe/seed20260906/config.yaml,,,,,0.1,True,,0.05,,10.71875,True,full_gpu,True,,balanced_two_gpu,1,persistent,27855.879247188568,30643,31420.247490983456,,exact fallback,20.0,9.7890625,9.7890625,9.7890625,9.7890625,1230.989201925695,unknown,True,,True,,False,,15297.68359375,True,uncalibrated_dynamic,True,0.0,0.0,full_gpu,0.0,,risk_evidence_insufficient,0.0,uncalibrated_dynamic,122.36246303655207,,,,hybrid-session-005-turn-2,9.7890625,0.0,9.7890625,0.0,0.0,/DATACENTER3/zhenxiang.wang/work/TailGuardKV/.worktrees/baseline-smoke-final-aggregation/out/full_25session_baseline_9_14/full/policy_attempts/full40_20260916_h2o_static_safe/seed20260906,True,point_prediction_rejected,hybrid-session-005,summary,123.19163582287729,2,risk_evidence_insufficient
full_gpu,13.0,0.1,False,True,online_qwen,True,1.0,/DATACENTER3/zhenxiang.wang/work/TailGuardKV/.worktrees/baseline-smoke-final-aggregation/out/full_25session_baseline_9_14/full/policy_attempts/full40_20260916_h2o_static_safe/seed20260906/config.yaml,,,,,0.1,True,,0.05,,9.7890625,True,full_gpu,True,,balanced_two_gpu,1,persistent,27855.879247188568,30643,31420.247490983456,,exact fallback,20.0,12.796875,12.796875,12.796875,12.796875,1557.1445161476731,unknown,True,,True,,False,,15381.775390625,True,uncalibrated_dynamic,True,0.0,0.0,full_gpu,0.0,,risk_evidence_insufficient,0.0,uncalibrated_dynamic,147.34202111139894,,,,hybrid-session-006-turn-2,12.796875,0.0,12.796875,0.0,0.0,/DATACENTER3/zhenxiang.wang/work/TailGuardKV/.worktrees/baseline-smoke-final-aggregation/out/full_25session_baseline_9_14/full/policy_attempts/full40_20260916_h2o_static_safe/seed20260906,True,point_prediction_rejected,hybrid-session-006,qa,148.18361611105502,2,risk_evidence_insufficient
full_gpu,13.0,0.1,False,True,online_qwen,True,1.0,/DATACENTER3/zhenxiang.wang/work/TailGuardKV/.worktrees/baseline-smoke-final-aggregation/out/full_25session_baseline_9_14/full/policy_attempts/full40_20260916_h2o_static_safe/seed20260906/config.yaml,,,,,0.1,True,,0.05,,12.796875,True,full_gpu,True,,balanced_two_gpu,1,persistent,27855.879247188568,30643,31420.247490983456,,exact fallback,20.0,8.9140625,8.9140625,8.9140625,8.9140625,1515.906222164631,unknown,True,,True,,False,,15273.80859375,True,uncalibrated_dynamic,True,0.0,0.0,full_gpu,0.0,,risk_evidence_insufficient,0.0,uncalibrated_dynamic,119.4730771239847,,,,hybrid-session-009-turn-2,8.9140625,0.0,8.9140625,0.0,0.0,/DATACENTER3/zhenxiang.wang/work/TailGuardKV/.worktrees/baseline-smoke-final-aggregation/out/full_25session_baseline_9_14/full/policy_attempts/full40_20260916_h2o_static_safe/seed20260906,True,point_prediction_rejected,hybrid-session-009,summary,120.2602710109204,2,risk_evidence_insufficient
full_gpu,13.0,0.1,False,False,online_qwen,False,1.0,/DATACENTER3/zhenxiang.wang/work/TailGuardKV/.worktrees/baseline-smoke-final-aggregation/out/full_25session_baseline_9_14/full/policy_attempts/full40_20260916_h2o_static_safe/seed20260906/config.yaml,,,,,0.1,True,,0.05,,0,True,full_gpu,True,,balanced_two_gpu,1,persistent,27855.879247188568,30643,31420.247490983456,,exact fallback,20.0,18.7578125,9.84375,9.84375,9.84375,1544.140495127067,unknown,True,,True,,False,,15295.93359375,True,uncalibrated_dynamic,True,0.0,0.0,full_gpu,0.0,,risk_evidence_insufficient,0.0,uncalibrated_dynamic,122.8968019131571,,,,hybrid-session-010-turn-2,9.84375,0.0,9.84375,0.0,0.0,/DATACENTER3/zhenxiang.wang/work/TailGuardKV/.worktrees/baseline-smoke-final-aggregation/out/full_25session_baseline_9_14/full/policy_attempts/full40_20260916_h2o_static_safe/seed20260906,True,point_prediction_rejected,hybrid-session-010,qa,123.75165615230799,2,risk_evidence_insufficient
full_gpu,13.0,0.1,True,True,online_qwen,True,1.0,/DATACENTER3/zhenxiang.wang/work/TailGuardKV/.worktrees/baseline-smoke-final-aggregation/out/full_25session_baseline_9_14/full/policy_attempts/full40_20260916_h2o_static_safe/seed20260906/config.yaml,,,,,0.1,True,,0.05,,8.9140625,True,full_gpu,True,,balanced_two_gpu,1,persistent,27855.879247188568,30643,31420.247490983456,,exact fallback,20.0,19.0859375,9.2421875,9.2421875,9.2421875,1500.0597138423473,unknown,True,0.0,True,,False,,15288.50244140625,True,uncalibrated_dynamic,True,0.0,0.0,full_gpu,0.0,,risk_evidence_insufficient,0.0,uncalibrated_dynamic,121.44567188806832,,,,hybrid-session-013-turn-2,9.2421875,0.0,9.2421875,0.0,0.0,/DATACENTER3/zhenxiang.wang/work/TailGuardKV/.worktrees/baseline-smoke-final-aggregation/out/full_25session_baseline_9_14/full/policy_attempts/full40_20260916_h2o_static_safe/seed20260906,True,point_prediction_rejected,hybrid-session-013,summary,122.22342798486352,2,risk_evidence_insufficient
full_gpu,13.0,0.1,False,True,online_qwen,True,1.0,/DATACENTER3/zhenxiang.wang/work/TailGuardKV/.worktrees/baseline-smoke-final-aggregation/out/full_25session_baseline_9_14/full/policy_attempts/full40_20260916_h2o_static_safe/seed20260906/config.yaml,,,,,0.1,True,,0.05,,9.84375,True,full_gpu,True,,balanced_two_gpu,1,persistent,27855.879247188568,30643,31420.247490983456,,exact fallback,20.0,19.578125,10.3359375,10.3359375,10.3359375,1198.8155159633607,unknown,True,,True,,False,,15318.93359375,True,uncalibrated_dynamic,True,0.0,0.0,full_gpu,0.0,,risk_evidence_insufficient,0.0,uncalibrated_dynamic,117.13268607854843,,,,hybrid-session-016-turn-2,10.3359375,0.0,10.3359375,0.0,0.0,/DATACENTER3/zhenxiang.wang/work/TailGuardKV/.worktrees/baseline-smoke-final-aggregation/out/full_25session_baseline_9_14/full/policy_attempts/full40_20260916_h2o_static_safe/seed20260906,True,point_prediction_rejected,hybrid-session-016,qa,117.86734615452588,2,risk_evidence_insufficient
full_gpu,13.0,0.1,True,True,online_qwen,True,1.0,/DATACENTER3/zhenxiang.wang/work/TailGuardKV/.worktrees/baseline-smoke-final-aggregation/out/full_25session_baseline_9_14/full/policy_attempts/full40_20260916_h2o_static_safe/seed20260906/config.yaml,,,,,0.1,True,,0.05,,19.578125,True,full_gpu,True,,balanced_two_gpu,1,persistent,27855.879247188568,30643,31420.247490983456,,exact fallback,20.0,9.84375,9.84375,9.84375,9.84375,1200.5574370268732,unknown,True,0.0,True,,False,,15306.59765625,True,uncalibrated_dynamic,True,0.0,0.0,full_gpu,0.0,,risk_evidence_insufficient,0.0,uncalibrated_dynamic,114.96458109468222,,,,hybrid-session-020-turn-2,9.84375,0.0,9.84375,0.0,0.0,/DATACENTER3/zhenxiang.wang/work/TailGuardKV/.worktrees/baseline-smoke-final-aggregation/out/full_25session_baseline_9_14/full/policy_attempts/full40_20260916_h2o_static_safe/seed20260906,True,point_prediction_rejected,hybrid-session-020,qa,115.73272314853966,2,risk_evidence_insufficient
full_gpu,13.0,0.1,False,True,online_qwen,True,1.0,/DATACENTER3/zhenxiang.wang/work/TailGuardKV/.worktrees/baseline-smoke-final-aggregation/out/full_25session_baseline_9_14/full/policy_attempts/full40_20260916_h2o_static_safe/seed20260906/config.yaml,,,,,0.1,True,,0.05,,9.84375,True,full_gpu,True,,balanced_two_gpu,1,persistent,27855.879247188568,30643,31420.247490983456,,exact fallback,20.0,10.9921875,10.9921875,10.9921875,10.9921875,1208.4551430307329,unknown,True,,True,,False,,15328.015625,True,uncalibrated_dynamic,True,0.0,0.0,full_gpu,0.0,,risk_evidence_insufficient,0.0,uncalibrated_dynamic,116.62295111455023,,,,hybrid-session-021-turn-2,10.9921875,0.0,10.9921875,0.0,0.0,/DATACENTER3/zhenxiang.wang/work/TailGuardKV/.worktrees/baseline-smoke-final-aggregation/out/full_25session_baseline_9_14/full/policy_attempts/full40_20260916_h2o_static_safe/seed20260906,True,point_prediction_rejected,hybrid-session-021,summary,117.33548808842897,2,risk_evidence_insufficient
full_gpu,13.0,0.1,False,True,online_qwen,True,1.0,/DATACENTER3/zhenxiang.wang/work/TailGuardKV/.worktrees/baseline-smoke-final-aggregation/out/full_25session_baseline_9_14/full/policy_attempts/full40_20260916_h2o_static_safe/seed20260906/config.yaml,,,,,0.1,True,,0.05,,10.9921875,True,full_gpu,True,,balanced_two_gpu,1,persistent,27855.879247188568,30643,31420.247490983456,,exact fallback,20.0,10.0078125,10.0078125,10.0078125,10.0078125,1205.3414238616824,unknown,True,,True,,False,,15302.90234375,True,uncalibrated_dynamic,True,0.0,0.0,full_gpu,0.0,,risk_evidence_insufficient,0.0,uncalibrated_dynamic,115.82203209400177,,,,hybrid-session-025-turn-2,10.0078125,0.0,10.0078125,0.0,0.0,/DATACENTER3/zhenxiang.wang/work/TailGuardKV/.worktrees/baseline-smoke-final-aggregation/out/full_25session_baseline_9_14/full/policy_attempts/full40_20260916_h2o_static_safe/seed20260906,True,point_prediction_rejected,hybrid-session-025,summary,116.51960294693708,2,risk_evidence_insufficient
full_gpu,13.0,0.1,False,True,online_qwen,True,1.0,/DATACENTER3/zhenxiang.wang/work/TailGuardKV/.worktrees/baseline-smoke-final-aggregation/out/full_25session_baseline_9_14/full/policy_attempts/full40_20260916_h2o_static_safe/seed20260906/config.yaml,,,,,0.1,True,,0.05,,10.0078125,True,full_gpu,True,,balanced_two_gpu,1,persistent,27855.879247188568,30643,31420.247490983456,,exact fallback,20.0,11.5390625,11.5390625,11.5390625,11.5390625,1271.773813990876,unknown,True,,True,,False,,15343.57861328125,True,uncalibrated_dynamic,True,0.0,0.0,full_gpu,0.0,,risk_evidence_insufficient,0.0,uncalibrated_dynamic,131.9272080436349,,,,hybrid-session-026-turn-2,11.5390625,0.0,11.5390625,0.0,0.0,/DATACENTER3/zhenxiang.wang/work/TailGuardKV/.worktrees/baseline-smoke-final-aggregation/out/full_25session_baseline_9_14/full/policy_attempts/full40_20260916_h2o_static_safe/seed20260906,True,point_prediction_rejected,hybrid-session-026,qa,132.6476689428091,2,risk_evidence_insufficient
full_gpu,13.0,0.1,False,True,online_qwen,True,1.0,/DATACENTER3/zhenxiang.wang/work/TailGuardKV/.worktrees/baseline-smoke-final-aggregation/out/full_25session_baseline_9_14/full/policy_attempts/full40_20260916_h2o_static_safe/seed20260906/config.yaml,,,,,0.1,True,,0.05,,11.5390625,True,full_gpu,True,,balanced_two_gpu,1,persistent,27855.879247188568,30643,31420.247490983456,,exact fallback,20.0,11.9765625,11.9765625,11.9765625,11.9765625,1264.27505700849,unknown,True,,True,,False,,15357.373046875,True,uncalibrated_dynamic,True,0.0,0.0,full_gpu,0.0,,risk_evidence_insufficient,0.0,uncalibrated_dynamic,132.62213207781315,,,,hybrid-session-002-turn-3,11.9765625,0.0,11.9765625,0.0,0.0,/DATACENTER3/zhenxiang.wang/work/TailGuardKV/.worktrees/baseline-smoke-final-aggregation/out/full_25session_baseline_9_14/full/policy_attempts/full40_20260916_h2o_static_safe/seed20260906,True,point_prediction_rejected,hybrid-session-002,qa,133.32305196672678,3,risk_evidence_insufficient
full_gpu,13.0,0.1,False,True,online_qwen,True,1.0,/DATACENTER3/zhenxiang.wang/work/TailGuardKV/.worktrees/baseline-smoke-final-aggregation/out/full_25session_baseline_9_14/full/policy_attempts/full40_20260916_h2o_static_safe/seed20260906/config.yaml,,,,,0.1,True,,0.05,,11.9765625,True,full_gpu,True,,balanced_two_gpu,1,persistent,27855.879247188568,30643,31420.247490983456,,exact fallback,20.0,11.375,11.375,11.375,11.375,1195.4893639776856,unknown,True,,True,,False,,15340.53515625,True,uncalibrated_dynamic,True,0.0,0.0,full_gpu,0.0,,risk_evidence_insufficient,0.0,uncalibrated_dynamic,132.2181799914688,,,,hybrid-session-003-turn-3,11.375,0.0,11.375,0.0,0.0,/DATACENTER3/zhenxiang.wang/work/TailGuardKV/.worktrees/baseline-smoke-final-aggregation/out/full_25session_baseline_9_14/full/policy_attempts/full40_20260916_h2o_static_safe/seed20260906,True,point_prediction_rejected,hybrid-session-003,summary,132.84508395008743,3,risk_evidence_insufficient
full_gpu,13.0,0.1,False,True,online_qwen,True,1.0,/DATACENTER3/zhenxiang.wang/work/TailGuardKV/.worktrees/baseline-smoke-final-aggregation/out/full_25session_baseline_9_14/full/policy_attempts/full40_20260916_h2o_static_safe/seed20260906/config.yaml,,,,,0.1,True,,0.05,,11.375,True,full_gpu,True,,balanced_two_gpu,1,persistent,27855.879247188568,30643,31420.247490983456,,exact fallback,20.0,12.8515625,12.8515625,12.8515625,12.8515625,1437.8962928894907,unknown,True,,True,,False,,15384.416015625,True,uncalibrated_dynamic,True,0.0,0.0,full_gpu,0.0,,risk_evidence_insufficient,0.0,uncalibrated_dynamic,142.21844379790127,,,,hybrid-session-004-turn-3,12.8515625,0.0,12.8515625,0.0,0.0,/DATACENTER3/zhenxiang.wang/work/TailGuardKV/.worktrees/baseline-smoke-final-aggregation/out/full_25session_baseline_9_14/full/policy_attempts/full40_20260916_h2o_static_safe/seed20260906,True,point_prediction_rejected,hybrid-session-004,qa,142.9581439588219,3,risk_evidence_insufficient
full_gpu,13.0,0.1,False,True,online_qwen,True,1.0,/DATACENTER3/zhenxiang.wang/work/TailGuardKV/.worktrees/baseline-smoke-final-aggregation/out/full_25session_baseline_9_14/full/policy_attempts/full40_20260916_h2o_static_safe/seed20260906/config.yaml,,,,,0.1,True,,0.05,,12.8515625,True,full_gpu,True,,balanced_two_gpu,1,persistent,27855.879247188568,30643,31420.247490983456,,exact fallback,20.0,11.6484375,11.6484375,11.6484375,11.6484375,1459.7218250855803,unknown,True,,True,,False,,15349.39501953125,True,uncalibrated_dynamic,True,0.0,0.0,full_gpu,0.0,,risk_evidence_insufficient,0.0,uncalibrated_dynamic,127.3266770876944,,,,hybrid-session-005-turn-3,11.6484375,0.0,11.6484375,0.0,0.0,/DATACENTER3/zhenxiang.wang/work/TailGuardKV/.worktrees/baseline-smoke-final-aggregation/out/full_25session_baseline_9_14/full/policy_attempts/full40_20260916_h2o_static_safe/seed20260906,True,point_prediction_rejected,hybrid-session-005,summary,128.14470008015633,3,risk_evidence_insufficient
full_gpu,13.0,0.1,False,True,online_qwen,True,1.0,/DATACENTER3/zhenxiang.wang/work/TailGuardKV/.worktrees/baseline-smoke-final-aggregation/out/full_25session_baseline_9_14/full/policy_attempts/full40_20260916_h2o_static_safe/seed20260906/config.yaml,,,,,0.1,True,,0.05,,11.6484375,True,full_gpu,True,,balanced_two_gpu,1,persistent,27855.879247188568,30643,31420.247490983456,,exact fallback,20.0,14.9296875,14.9296875,14.9296875,14.9296875,1259.0168549213558,unknown,True,,True,,False,,15441.60791015625,True,uncalibrated_dynamic,True,0.0,0.0,full_gpu,0.0,,risk_evidence_insufficient,0.0,uncalibrated_dynamic,191.42272998578846,,,,hybrid-session-006-turn-3,14.9296875,0.0,14.9296875,0.0,0.0,/DATACENTER3/zhenxiang.wang/work/TailGuardKV/.worktrees/baseline-smoke-final-aggregation/out/full_25session_baseline_9_14/full/policy_attempts/full40_20260916_h2o_static_safe/seed20260906,True,point_prediction_rejected,hybrid-session-006,qa,192.10216379724443,3,risk_evidence_insufficient
full_gpu,13.0,0.1,False,True,online_qwen,True,1.0,/DATACENTER3/zhenxiang.wang/work/TailGuardKV/.worktrees/baseline-smoke-final-aggregation/out/full_25session_baseline_9_14/full/policy_attempts/full40_20260916_h2o_static_safe/seed20260906/config.yaml,,,,,0.1,True,,0.05,,14.9296875,True,full_gpu,True,,balanced_two_gpu,1,persistent,27855.879247188568,30643,31420.247490983456,,exact fallback,20.0,10.9375,10.9375,10.9375,10.9375,1177.9095309320837,unknown,True,,True,,False,,15333.046875,True,uncalibrated_dynamic,True,0.0,0.0,full_gpu,0.0,,risk_evidence_insufficient,0.0,uncalibrated_dynamic,107.58703597821295,,,,hybrid-session-009-turn-3,10.9375,0.0,10.9375,0.0,0.0,/DATACENTER3/zhenxiang.wang/work/TailGuardKV/.worktrees/baseline-smoke-final-aggregation/out/full_25session_baseline_9_14/full/policy_attempts/full40_20260916_h2o_static_safe/seed20260906,True,point_prediction_rejected,hybrid-session-009,summary,108.33562491461635,3,risk_evidence_insufficient
full_gpu,13.0,0.1,False,True,online_qwen,True,1.0,/DATACENTER3/zhenxiang.wang/work/TailGuardKV/.worktrees/baseline-smoke-final-aggregation/out/full_25session_baseline_9_14/full/policy_attempts/full40_20260916_h2o_static_safe/seed20260906/config.yaml,,,,,0.1,True,,0.05,,10.9375,True,full_gpu,True,,balanced_two_gpu,1,persistent,27855.879247188568,30643,31420.247490983456,,exact fallback,20.0,11.9765625,11.9765625,11.9765625,11.9765625,1202.472893986851,unknown,True,,True,,False,,15356.771484375,True,uncalibrated_dynamic,True,0.0,0.0,full_gpu,0.0,,risk_evidence_insufficient,0.0,uncalibrated_dynamic,132.11916689760983,,,,hybrid-session-010-turn-3,11.9765625,0.0,11.9765625,0.0,0.0,/DATACENTER3/zhenxiang.wang/work/TailGuardKV/.worktrees/baseline-smoke-final-aggregation/out/full_25session_baseline_9_14/full/policy_attempts/full40_20260916_h2o_static_safe/seed20260906,True,point_prediction_rejected,hybrid-session-010,qa,132.83159281127155,3,risk_evidence_insufficient
full_gpu,13.0,0.1,False,True,online_qwen,True,1.0,/DATACENTER3/zhenxiang.wang/work/TailGuardKV/.worktrees/baseline-smoke-final-aggregation/out/full_25session_baseline_9_14/full/policy_attempts/full40_20260916_h2o_static_safe/seed20260906/config.yaml,,,,,0.1,True,,0.05,,11.9765625,True,full_gpu,True,,balanced_two_gpu,1,persistent,27855.879247188568,30643,31420.247490983456,,exact fallback,20.0,11.3203125,11.3203125,11.3203125,11.3203125,1193.6472018714994,unknown,True,,True,,False,,15340.4794921875,True,uncalibrated_dynamic,True,0.0,0.0,full_gpu,0.0,,risk_evidence_insufficient,0.0,uncalibrated_dynamic,119.70134102739394,,,,hybrid-session-013-turn-3,11.3203125,0.0,11.3203125,0.0,0.0,/DATACENTER3/zhenxiang.wang/work/TailGuardKV/.worktrees/baseline-smoke-final-aggregation/out/full_25session_baseline_9_14/full/policy_attempts/full40_20260916_h2o_static_safe/seed20260906,True,point_prediction_rejected,hybrid-session-013,summary,120.38977607153356,3,risk_evidence_insufficient
full_gpu,13.0,0.1,False,True,online_qwen,True,1.0,/DATACENTER3/zhenxiang.wang/work/TailGuardKV/.worktrees/baseline-smoke-final-aggregation/out/full_25session_baseline_9_14/full/policy_attempts/full40_20260916_h2o_static_safe/seed20260906/config.yaml,,,,,0.1,True,,0.05,,11.3203125,True,full_gpu,True,,balanced_two_gpu,1,persistent,27855.879247188568,30643,31420.247490983456,,exact fallback,20.0,12.5234375,12.5234375,12.5234375,12.5234375,1222.3826879635453,unknown,True,,True,,False,,15371.37353515625,True,uncalibrated_dynamic,True,0.0,0.0,full_gpu,0.0,,risk_evidence_insufficient,0.0,uncalibrated_dynamic,144.40653403289616,,,,hybrid-session-016-turn-3,12.5234375,0.0,12.5234375,0.0,0.0,/DATACENTER3/zhenxiang.wang/work/TailGuardKV/.worktrees/baseline-smoke-final-aggregation/out/full_25session_baseline_9_14/full/policy_attempts/full40_20260916_h2o_static_safe/seed20260906,True,point_prediction_rejected,hybrid-session-016,qa,145.04898502491415,3,risk_evidence_insufficient
full_gpu,13.0,0.1,False,True,online_qwen,True,1.0,/DATACENTER3/zhenxiang.wang/work/TailGuardKV/.worktrees/baseline-smoke-final-aggregation/out/full_25session_baseline_9_14/full/policy_attempts/full40_20260916_h2o_static_safe/seed20260906/config.yaml,,,,,0.1,True,,0.05,,12.5234375,True,full_gpu,True,,balanced_two_gpu,1,persistent,27855.879247188568,30643,31420.247490983456,,exact fallback,20.0,12.03125,12.03125,12.03125,12.03125,1204.3315700720996,unknown,True,,True,,False,,15359.57275390625,True,uncalibrated_dynamic,True,0.0,0.0,full_gpu,0.0,,risk_evidence_insufficient,0.0,uncalibrated_dynamic,129.35613305307925,,,,hybrid-session-020-turn-3,12.03125,0.0,12.03125,0.0,0.0,/DATACENTER3/zhenxiang.wang/work/TailGuardKV/.worktrees/baseline-smoke-final-aggregation/out/full_25session_baseline_9_14/full/policy_attempts/full40_20260916_h2o_static_safe/seed20260906,True,point_prediction_rejected,hybrid-session-020,qa,130.0466109532863,3,risk_evidence_insufficient
full_gpu,13.0,0.1,False,True,online_qwen,True,1.0,/DATACENTER3/zhenxiang.wang/work/TailGuardKV/.worktrees/baseline-smoke-final-aggregation/out/full_25session_baseline_9_14/full/policy_attempts/full40_20260916_h2o_static_safe/seed20260906/config.yaml,,,,,0.1,True,,0.05,,12.03125,True,full_gpu,True,,balanced_two_gpu,1,persistent,27855.879247188568,30643,31420.247490983456,,exact fallback,20.0,13.1796875,13.1796875,13.1796875,13.1796875,1209.905066061765,unknown,True,,True,,False,,15395.40087890625,True,uncalibrated_dynamic,True,0.0,0.0,full_gpu,0.0,,risk_evidence_insufficient,0.0,uncalibrated_dynamic,138.213356025517,,,,hybrid-session-021-turn-3,13.1796875,0.0,13.1796875,0.0,0.0,/DATACENTER3/zhenxiang.wang/work/TailGuardKV/.worktrees/baseline-smoke-final-aggregation/out/full_25session_baseline_9_14/full/policy_attempts/full40_20260916_h2o_static_safe/seed20260906,True,point_prediction_rejected,hybrid-session-021,summary,138.92929209396243,3,risk_evidence_insufficient
full_gpu,13.0,0.1,False,True,online_qwen,True,1.0,/DATACENTER3/zhenxiang.wang/work/TailGuardKV/.worktrees/baseline-smoke-final-aggregation/out/full_25session_baseline_9_14/full/policy_attempts/full40_20260916_h2o_static_safe/seed20260906/config.yaml,,,,,0.1,True,,0.05,,13.1796875,True,full_gpu,True,,balanced_two_gpu,1,persistent,27855.879247188568,30643,31420.247490983456,,exact fallback,20.0,12.5234375,12.5234375,12.5234375,12.5234375,1222.8363659232855,unknown,True,,True,,False,,15373.23291015625,True,uncalibrated_dynamic,True,0.0,0.0,full_gpu,0.0,,risk_evidence_insufficient,0.0,uncalibrated_dynamic,142.62271486222744,,,,hybrid-session-025-turn-3,12.5234375,0.0,12.5234375,0.0,0.0,/DATACENTER3/zhenxiang.wang/work/TailGuardKV/.worktrees/baseline-smoke-final-aggregation/out/full_25session_baseline_9_14/full/policy_attempts/full40_20260916_h2o_static_safe/seed20260906,True,point_prediction_rejected,hybrid-session-025,summary,143.33813288249075,3,risk_evidence_insufficient
full_gpu,13.0,0.1,False,True,online_qwen,True,1.0,/DATACENTER3/zhenxiang.wang/work/TailGuardKV/.worktrees/baseline-smoke-final-aggregation/out/full_25session_baseline_9_14/full/policy_attempts/full40_20260916_h2o_static_safe/seed20260906/config.yaml,,,,,0.1,True,,0.05,,12.5234375,True,full_gpu,True,,balanced_two_gpu,1,persistent,27855.879247188568,30643,31420.247490983456,,exact fallback,20.0,14.109375,14.109375,14.109375,14.109375,1213.7932439800352,unknown,True,,True,,False,,15419.22412109375,True,uncalibrated_dynamic,True,0.0,0.0,full_gpu,0.0,,risk_evidence_insufficient,0.0,uncalibrated_dynamic,150.89523210190237,,,,hybrid-session-026-turn-3,14.109375,0.0,14.109375,0.0,0.0,/DATACENTER3/zhenxiang.wang/work/TailGuardKV/.worktrees/baseline-smoke-final-aggregation/out/full_25session_baseline_9_14/full/policy_attempts/full40_20260916_h2o_static_safe/seed20260906,True,point_prediction_rejected,hybrid-session-026,qa,151.6557310242206,3,risk_evidence_insufficient
full_gpu,13.0,0.1,False,True,online_qwen,True,1.0,/DATACENTER3/zhenxiang.wang/work/TailGuardKV/.worktrees/baseline-smoke-final-aggregation/out/full_25session_baseline_9_14/full/policy_attempts/full40_20260916_h2o_static_safe/seed20260906/config.yaml,,,,,0.1,True,,0.05,,14.109375,True,full_gpu,True,,balanced_two_gpu,1,persistent,27855.879247188568,30643,31420.247490983456,,exact fallback,20.0,13.7265625,13.7265625,13.7265625,13.7265625,1211.4609249401838,unknown,True,,True,,False,,15410.27392578125,True,uncalibrated_dynamic,True,0.0,0.0,full_gpu,0.0,,risk_evidence_insufficient,0.0,uncalibrated_dynamic,140.11134719476104,,,,hybrid-session-002-turn-4,13.7265625,0.0,13.7265625,0.0,0.0,/DATACENTER3/zhenxiang.wang/work/TailGuardKV/.worktrees/baseline-smoke-final-aggregation/out/full_25session_baseline_9_14/full/policy_attempts/full40_20260916_h2o_static_safe/seed20260906,True,point_prediction_rejected,hybrid-session-002,qa,140.75188292190433,4,risk_evidence_insufficient
full_gpu,13.0,0.1,False,True,online_qwen,True,1.0,/DATACENTER3/zhenxiang.wang/work/TailGuardKV/.worktrees/baseline-smoke-final-aggregation/out/full_25session_baseline_9_14/full/policy_attempts/full40_20260916_h2o_static_safe/seed20260906/config.yaml,,,,,0.1,True,,0.05,,13.7265625,True,full_gpu,True,,balanced_two_gpu,1,persistent,27855.879247188568,30643,31420.247490983456,,exact fallback,20.0,13.125,13.125,13.125,13.125,1204.1639080271125,unknown,True,,True,,False,,15394.07666015625,True,uncalibrated_dynamic,True,0.0,0.0,full_gpu,0.0,,risk_evidence_insufficient,0.0,uncalibrated_dynamic,137.56159390322864,,,,hybrid-session-003-turn-4,13.125,0.0,13.125,0.0,0.0,/DATACENTER3/zhenxiang.wang/work/TailGuardKV/.worktrees/baseline-smoke-final-aggregation/out/full_25session_baseline_9_14/full/policy_attempts/full40_20260916_h2o_static_safe/seed20260906,True,point_prediction_rejected,hybrid-session-003,summary,138.26656411401927,4,risk_evidence_insufficient
full_gpu,13.0,0.1,False,True,online_qwen,True,1.0,/DATACENTER3/zhenxiang.wang/work/TailGuardKV/.worktrees/baseline-smoke-final-aggregation/out/full_25session_baseline_9_14/full/policy_attempts/full40_20260916_h2o_static_safe/seed20260906/config.yaml,,,,,0.1,True,,0.05,,13.125,True,full_gpu,True,,balanced_two_gpu,1,persistent,27855.879247188568,30643,31420.247490983456,,exact fallback,20.0,14.546875,14.546875,14.546875,14.546875,1235.6904328335077,unknown,True,,True,,False,,15432.66748046875,True,uncalibrated_dynamic,True,0.0,0.0,full_gpu,0.0,,risk_evidence_insufficient,0.0,uncalibrated_dynamic,152.36686985008419,,,,hybrid-session-004-turn-4,14.546875,0.0,14.546875,0.0,0.0,/DATACENTER3/zhenxiang.wang/work/TailGuardKV/.worktrees/baseline-smoke-final-aggregation/out/full_25session_baseline_9_14/full/policy_attempts/full40_20260916_h2o_static_safe/seed20260906,True,point_prediction_rejected,hybrid-session-004,qa,153.061268851161,4,risk_evidence_insufficient
full_gpu,13.0,0.1,False,True,online_qwen,True,1.0,/DATACENTER3/zhenxiang.wang/work/TailGuardKV/.worktrees/baseline-smoke-final-aggregation/out/full_25session_baseline_9_14/full/policy_attempts/full40_20260916_h2o_static_safe/seed20260906/config.yaml,,,,,0.1,True,,0.05,,14.546875,True,full_gpu,True,,balanced_two_gpu,1,persistent,27855.879247188568,30643,31420.247490983456,,exact fallback,20.0,13.2890625,13.2890625,13.2890625,13.2890625,1215.9703189972788,unknown,True,,True,,False,,15397.9140625,True,uncalibrated_dynamic,True,0.0,0.0,full_gpu,0.0,,risk_evidence_insufficient,0.0,uncalibrated_dynamic,146.9637560658157,,,,hybrid-session-005-turn-4,13.2890625,0.0,13.2890625,0.0,0.0,/DATACENTER3/zhenxiang.wang/work/TailGuardKV/.worktrees/baseline-smoke-final-aggregation/out/full_25session_baseline_9_14/full/policy_attempts/full40_20260916_h2o_static_safe/seed20260906,True,point_prediction_rejected,hybrid-session-005,summary,147.68544910475612,4,risk_evidence_insufficient
full_gpu,13.0,0.1,False,True,online_qwen,True,1.0,/DATACENTER3/zhenxiang.wang/work/TailGuardKV/.worktrees/baseline-smoke-final-aggregation/out/full_25session_baseline_9_14/full/policy_attempts/full40_20260916_h2o_static_safe/seed20260906/config.yaml,,,,,0.1,True,,0.05,,13.2890625,True,full_gpu,True,,balanced_two_gpu,1,persistent,27855.879247188568,30643,31420.247490983456,,exact fallback,20.0,16.625,16.625,16.625,16.625,1247.5759459193796,unknown,True,,True,,False,,15490.1201171875,True,uncalibrated_dynamic,True,0.0,0.0,full_gpu,0.0,,risk_evidence_insufficient,0.0,uncalibrated_dynamic,186.47150485776365,,,,hybrid-session-006-turn-4,16.625,0.0,16.625,0.0,0.0,/DATACENTER3/zhenxiang.wang/work/TailGuardKV/.worktrees/baseline-smoke-final-aggregation/out/full_25session_baseline_9_14/full/policy_attempts/full40_20260916_h2o_static_safe/seed20260906,True,point_prediction_rejected,hybrid-session-006,qa,187.1681979391724,4,risk_evidence_insufficient
full_gpu,13.0,0.1,True,True,online_qwen,True,1.0,/DATACENTER3/zhenxiang.wang/work/TailGuardKV/.worktrees/baseline-smoke-final-aggregation/out/full_25session_baseline_9_14/full/policy_attempts/full40_20260916_h2o_static_safe/seed20260906/config.yaml,,,,,0.1,True,,0.05,,16.625,True,full_gpu,True,,balanced_two_gpu,1,persistent,27855.879247188568,30643,31420.247490983456,,exact fallback,20.0,12.796875,12.796875,12.796875,12.796875,1201.5574530232698,unknown,True,0.0,True,,False,,15388.611328125,True,uncalibrated_dynamic,True,0.0,0.0,full_gpu,0.0,,risk_evidence_insufficient,0.0,uncalibrated_dynamic,127.10990011692047,,,,hybrid-session-009-turn-4,12.796875,0.0,12.796875,0.0,0.0,/DATACENTER3/zhenxiang.wang/work/TailGuardKV/.worktrees/baseline-smoke-final-aggregation/out/full_25session_baseline_9_14/full/policy_attempts/full40_20260916_h2o_static_safe/seed20260906,True,point_prediction_rejected,hybrid-session-009,summary,127.8385971672833,4,risk_evidence_insufficient
full_gpu,13.0,0.1,False,True,online_qwen,True,1.0,/DATACENTER3/zhenxiang.wang/work/TailGuardKV/.worktrees/baseline-smoke-final-aggregation/out/full_25session_baseline_9_14/full/policy_attempts/full40_20260916_h2o_static_safe/seed20260906/config.yaml,,,,,0.1,True,,0.05,,12.796875,True,full_gpu,True,,balanced_two_gpu,1,persistent,27855.879247188568,30643,31420.247490983456,,exact fallback,20.0,14.0546875,14.0546875,14.0546875,14.0546875,1202.5155909359455,unknown,True,,True,,False,,15417.99267578125,True,uncalibrated_dynamic,True,0.0,0.0,full_gpu,0.0,,risk_evidence_insufficient,0.0,uncalibrated_dynamic,135.20973990671337,,,,hybrid-session-010-turn-4,14.0546875,0.0,14.0546875,0.0,0.0,/DATACENTER3/zhenxiang.wang/work/TailGuardKV/.worktrees/baseline-smoke-final-aggregation/out/full_25session_baseline_9_14/full/policy_attempts/full40_20260916_h2o_static_safe/seed20260906,True,point_prediction_rejected,hybrid-session-010,qa,135.98620099946856,4,risk_evidence_insufficient
full_gpu,13.0,0.1,True,True,online_qwen,True,1.0,/DATACENTER3/zhenxiang.wang/work/TailGuardKV/.worktrees/baseline-smoke-final-aggregation/out/full_25session_baseline_9_14/full/policy_attempts/full40_20260916_h2o_static_safe/seed20260906/config.yaml,,,,,0.1,True,,0.05,,14.0546875,True,full_gpu,True,,balanced_two_gpu,1,persistent,27855.879247188568,30643,31420.247490983456,,exact fallback,20.0,13.234375,13.234375,13.234375,13.234375,1257.6501171570271,unknown,True,0.0,True,,False,,15397.47900390625,True,uncalibrated_dynamic,True,0.0,0.0,full_gpu,0.0,,risk_evidence_insufficient,0.0,uncalibrated_dynamic,132.8059050720185,,,,hybrid-session-013-turn-4,13.234375,0.0,13.234375,0.0,0.0,/DATACENTER3/zhenxiang.wang/work/TailGuardKV/.worktrees/baseline-smoke-final-aggregation/out/full_25session_baseline_9_14/full/policy_attempts/full40_20260916_h2o_static_safe/seed20260906,True,point_prediction_rejected,hybrid-session-013,summary,133.50959098897874,4,risk_evidence_insufficient
full_gpu,13.0,0.1,False,True,online_qwen,True,1.0,/DATACENTER3/zhenxiang.wang/work/TailGuardKV/.worktrees/baseline-smoke-final-aggregation/out/full_25session_baseline_9_14/full/policy_attempts/full40_20260916_h2o_static_safe/seed20260906/config.yaml,,,,,0.1,True,,0.05,,13.234375,True,full_gpu,True,,balanced_two_gpu,1,persistent,27855.879247188568,30643,31420.247490983456,,exact fallback,20.0,14.6015625,14.6015625,14.6015625,14.6015625,1548.0332509614527,unknown,True,,True,,False,,15433.71142578125,True,uncalibrated_dynamic,True,0.0,0.0,full_gpu,0.0,,risk_evidence_insufficient,0.0,uncalibrated_dynamic,152.7290060184896,,,,hybrid-session-016-turn-4,14.6015625,0.0,14.6015625,0.0,0.0,/DATACENTER3/zhenxiang.wang/work/TailGuardKV/.worktrees/baseline-smoke-final-aggregation/out/full_25session_baseline_9_14/full/policy_attempts/full40_20260916_h2o_static_safe/seed20260906,True,point_prediction_rejected,hybrid-session-016,qa,153.52520206943154,4,risk_evidence_insufficient
full_gpu,13.0,0.1,False,True,online_qwen,True,1.0,/DATACENTER3/zhenxiang.wang/work/TailGuardKV/.worktrees/baseline-smoke-final-aggregation/out/full_25session_baseline_9_14/full/policy_attempts/full40_20260916_h2o_static_safe/seed20260906/config.yaml,,,,,0.1,True,,0.05,,14.6015625,True,full_gpu,True,,balanced_two_gpu,1,persistent,27855.879247188568,30643,31420.247490983456,,exact fallback,20.0,13.9453125,13.9453125,13.9453125,13.9453125,1564.2440321389586,unknown,True,,True,,False,,15418.740234375,True,uncalibrated_dynamic,True,0.0,0.0,full_gpu,0.0,,risk_evidence_insufficient,0.031223773956298828,uncalibrated_dynamic,139.74935002624989,,,,hybrid-session-020-turn-4,13.9453125,0.0,13.9453125,0.0,0.0,/DATACENTER3/zhenxiang.wang/work/TailGuardKV/.worktrees/baseline-smoke-final-aggregation/out/full_25session_baseline_9_14/full/policy_attempts/full40_20260916_h2o_static_safe/seed20260906,True,point_prediction_rejected,hybrid-session-020,qa,140.50883403979242,4,risk_evidence_insufficient
full_gpu,13.0,0.1,False,True,online_qwen,True,1.0,/DATACENTER3/zhenxiang.wang/work/TailGuardKV/.worktrees/baseline-smoke-final-aggregation/out/full_25session_baseline_9_14/full/policy_attempts/full40_20260916_h2o_static_safe/seed20260906/config.yaml,,,,,0.1,True,,0.05,,13.9453125,True,full_gpu,True,,balanced_two_gpu,1,persistent,27855.879247188568,30643,31420.247490983456,,exact fallback,20.0,15.09375,15.09375,15.09375,15.09375,1620.6704990472645,unknown,True,,True,,False,,15449.2392578125,True,uncalibrated_dynamic,True,0.0,0.0,full_gpu,0.0,,risk_evidence_insufficient,0.0,uncalibrated_dynamic,175.50107021816075,,,,hybrid-session-021-turn-4,15.09375,0.0,15.09375,0.0,0.0,/DATACENTER3/zhenxiang.wang/work/TailGuardKV/.worktrees/baseline-smoke-final-aggregation/out/full_25session_baseline_9_14/full/policy_attempts/full40_20260916_h2o_static_safe/seed20260906,True,point_prediction_rejected,hybrid-session-021,summary,176.41476402059197,4,risk_evidence_insufficient
full_gpu,13.0,0.1,False,True,online_qwen,True,1.0,/DATACENTER3/zhenxiang.wang/work/TailGuardKV/.worktrees/baseline-smoke-final-aggregation/out/full_25session_baseline_9_14/full/policy_attempts/full40_20260916_h2o_static_safe/seed20260906/config.yaml,,,,,0.1,True,,0.05,,15.09375,True,full_gpu,True,,balanced_two_gpu,1,persistent,27855.879247188568,30643,31420.247490983456,,exact fallback,20.0,14.8203125,14.8203125,14.8203125,14.8203125,1589.1468659974635,unknown,True,,True,,False,,15441.36279296875,True,uncalibrated_dynamic,True,0.0,0.0,full_gpu,0.0,,risk_evidence_insufficient,0.0,uncalibrated_dynamic,137.7360988408327,,,,hybrid-session-025-turn-4,14.8203125,0.0,14.8203125,0.0,0.0,/DATACENTER3/zhenxiang.wang/work/TailGuardKV/.worktrees/baseline-smoke-final-aggregation/out/full_25session_baseline_9_14/full/policy_attempts/full40_20260916_h2o_static_safe/seed20260906,True,point_prediction_rejected,hybrid-session-025,summary,138.56723997741938,4,risk_evidence_insufficient
full_gpu,13.0,0.1,False,True,online_qwen,True,1.0,/DATACENTER3/zhenxiang.wang/work/TailGuardKV/.worktrees/baseline-smoke-final-aggregation/out/full_25session_baseline_9_14/full/policy_attempts/full40_20260916_h2o_static_safe/seed20260906/config.yaml,,,,,0.1,True,,0.05,,14.8203125,True,full_gpu,True,,balanced_two_gpu,1,persistent,27855.879247188568,30643,31420.247490983456,,exact fallback,20.0,16.0234375,16.0234375,16.0234375,16.0234375,1275.5161009263247,unknown,True,,True,,False,,15475.6787109375,True,uncalibrated_dynamic,True,0.0,0.0,full_gpu,0.0,,risk_evidence_insufficient,0.0,uncalibrated_dynamic,196.39946892857552,,,,hybrid-session-026-turn-4,16.0234375,0.0,16.0234375,0.0,0.0,/DATACENTER3/zhenxiang.wang/work/TailGuardKV/.worktrees/baseline-smoke-final-aggregation/out/full_25session_baseline_9_14/full/policy_attempts/full40_20260916_h2o_static_safe/seed20260906,True,point_prediction_rejected,hybrid-session-026,qa,197.0942539628595,4,risk_evidence_insufficient
