policy,memory_budget_mib,epsilon,delta,session_id,count,p95_ttft_ms,mean_ttft_ms,p95_quality_loss,mean_quality_loss,mean_kv_cache_memory_mib,violation_rate
full_lru,15.0,0.05,0.05,hybrid-session-002,5.0,3982.065209886059,896.7359035275877,,,8.2140625,
full_lru,15.0,0.05,0.05,hybrid-session-003,5.0,148.4872482251376,119.33646304532886,,,7.5796875,
full_lru,15.0,0.05,0.05,hybrid-session-004,5.0,149.8693369794637,125.67359362728894,,,8.9796875,
full_lru,15.0,0.05,0.05,hybrid-session-005,5.0,149.70283093862236,124.81134715490043,,,8.115625,
full_lru,15.0,0.05,0.05,hybrid-session-006,5.0,202.11190707050264,153.52248260751367,,,7.13125,
full_lru,15.0,0.05,0.05,hybrid-session-009,5.0,147.74975716136396,117.6075657363981,,,7.4921875,
full_lru,15.0,0.05,0.05,hybrid-session-010,5.0,147.94214093126357,124.03006018139422,,,8.0609375,
full_lru,15.0,0.05,0.05,hybrid-session-013,5.0,138.49136512726545,115.97691578790545,,,7.74375,
full_lru,15.0,0.05,0.05,hybrid-session-016,5.0,151.7066729720682,129.038299433887,,,8.8375,
full_lru,15.0,0.05,0.05,hybrid-session-020,5.0,151.81782888248563,123.61173639073968,,,8.421875,
full_lru,15.0,0.05,0.05,hybrid-session-021,5.0,192.243211902678,125.72872056625783,,,6.2125,
full_lru,15.0,0.05,0.05,hybrid-session-025,5.0,153.5590598359704,120.6138173583895,,,8.53125,
full_lru,15.0,0.05,0.05,hybrid-session-026,5.0,196.67135295458138,133.78871637396514,,,6.5078125,
static_best,15.0,0.05,0.05,hybrid-session-002,5.0,3674.4156999047846,1066.4148612413555,,,3.38592529296875,
static_best,15.0,0.05,0.05,hybrid-session-003,5.0,42884.06444811635,10866.383532423992,,,4.18572998046875,
static_best,15.0,0.05,0.05,hybrid-session-004,5.0,43358.32076817006,8862.261255819723,,,4.702099609375,
static_best,15.0,0.05,0.05,hybrid-session-005,5.0,317.5473241135478,225.869395211339,,,4.476513671875,
static_best,15.0,0.05,0.05,hybrid-session-006,5.0,333.93449196591973,251.4651421457529,,,5.20693359375,
static_best,15.0,0.05,0.05,hybrid-session-009,5.0,255.18831913359463,197.4868874065578,,,4.127880859375,
static_best,15.0,0.05,0.05,hybrid-session-010,5.0,320.2050318941474,215.02968412823975,,,4.564697265625,
static_best,15.0,0.05,0.05,hybrid-session-013,5.0,198.40970681980252,146.61610017841062,,,2.9935709635416665,
static_best,15.0,0.05,0.05,hybrid-session-016,5.0,43341.055597014725,17200.350606888533,,,4.633056640625,
static_best,15.0,0.05,0.05,hybrid-session-020,5.0,292.1310351230204,217.80766546726227,,,4.618017578125,
static_best,15.0,0.05,0.05,hybrid-session-021,5.0,316.556183854118,232.3042405769229,,,4.84736328125,
static_best,15.0,0.05,0.05,hybrid-session-025,5.0,309.86792920157313,210.58750730007887,,,4.559228515625,
static_best,15.0,0.05,0.05,hybrid-session-026,5.0,319.4024420809001,234.150965558365,,,4.67099609375,
static_safe,15.0,0.05,0.05,hybrid-session-002,5.0,3810.756132937968,1098.9547709468752,,,3.38592529296875,
static_safe,15.0,0.05,0.05,hybrid-session-003,5.0,43459.59238089435,11019.513467468321,,,4.18572998046875,
static_safe,15.0,0.05,0.05,hybrid-session-004,5.0,42044.8097528778,8597.867640161514,,,4.702099609375,
static_safe,15.0,0.05,0.05,hybrid-session-005,5.0,320.45769202522933,231.3860138412565,,,4.476513671875,
static_safe,15.0,0.05,0.05,hybrid-session-006,5.0,331.9433839060366,248.29720677807927,,,5.20693359375,
static_safe,15.0,0.05,0.05,hybrid-session-009,5.0,274.98388895764947,195.5827493686229,,,4.127880859375,
static_safe,15.0,0.05,0.05,hybrid-session-010,5.0,315.7667741179466,210.4309869930148,,,4.564697265625,
static_safe,15.0,0.05,0.05,hybrid-session-013,5.0,213.8264048844576,152.9496993559102,,,2.9935709635416665,
static_safe,15.0,0.05,0.05,hybrid-session-016,5.0,43319.00829296559,17266.085925780608,,,4.633056640625,
static_safe,15.0,0.05,0.05,hybrid-session-020,5.0,292.97829791903496,218.11144738458097,,,4.618017578125,
static_safe,15.0,0.05,0.05,hybrid-session-021,5.0,318.3058421127498,234.4973816536367,,,4.84736328125,
static_safe,15.0,0.05,0.05,hybrid-session-025,5.0,316.15996989421546,212.85255537368357,,,4.559228515625,
static_safe,15.0,0.05,0.05,hybrid-session-026,5.0,329.8294919077307,235.28037955984473,,,4.67099609375,
uncalibrated_dynamic,15.0,0.05,0.05,hybrid-session-002,5.0,3777.26906305179,849.2896119132638,,,8.2140625,
uncalibrated_dynamic,15.0,0.05,0.05,hybrid-session-003,5.0,149.6117850765586,110.30011158436537,,,7.5796875,
uncalibrated_dynamic,15.0,0.05,0.05,hybrid-session-004,5.0,153.45072583295405,118.86483654379845,,,8.9796875,
uncalibrated_dynamic,15.0,0.05,0.05,hybrid-session-005,5.0,143.85244506411254,108.30732281319797,,,8.115625,
uncalibrated_dynamic,15.0,0.05,0.05,hybrid-session-006,5.0,199.69769893214107,141.4070104714483,,,7.13125,
uncalibrated_dynamic,15.0,0.05,0.05,hybrid-session-009,5.0,148.86922016739845,106.2637978233397,,,7.4921875,
uncalibrated_dynamic,15.0,0.05,0.05,hybrid-session-010,5.0,141.32651081308722,106.94267256185412,,,8.0609375,
uncalibrated_dynamic,15.0,0.05,0.05,hybrid-session-013,5.0,138.62189487554133,107.33625660650432,,,7.74375,
uncalibrated_dynamic,15.0,0.05,0.05,hybrid-session-016,5.0,137.95394892804325,109.42203821614385,,,8.8375,
uncalibrated_dynamic,15.0,0.05,0.05,hybrid-session-020,5.0,134.11369011737406,106.79936013184488,,,8.421875,
uncalibrated_dynamic,15.0,0.05,0.05,hybrid-session-021,5.0,194.81813884340227,124.88113180734217,,,6.2125,
uncalibrated_dynamic,15.0,0.05,0.05,hybrid-session-025,5.0,154.10643094219267,116.25550938770175,,,8.53125,
uncalibrated_dynamic,15.0,0.05,0.05,hybrid-session-026,5.0,196.777654113248,131.1515850480646,,,6.5078125,
utility_dynamic,15.0,0.05,0.05,hybrid-session-002,5.0,4134.852642891929,924.3407493457198,,,8.2140625,
utility_dynamic,15.0,0.05,0.05,hybrid-session-003,5.0,139.2206489108503,109.15830759331584,,,7.5796875,
utility_dynamic,15.0,0.05,0.05,hybrid-session-004,5.0,143.10554694384336,115.83840339444578,,,8.9796875,
utility_dynamic,15.0,0.05,0.05,hybrid-session-005,5.0,147.62591384351254,113.87094389647245,,,8.115625,
utility_dynamic,15.0,0.05,0.05,hybrid-session-006,5.0,192.22855288535357,140.7319155987352,,,7.13125,
utility_dynamic,15.0,0.05,0.05,hybrid-session-009,5.0,130.71302114985883,103.42532685026526,,,7.4921875,
utility_dynamic,15.0,0.05,0.05,hybrid-session-010,5.0,134.50915087014437,107.3657012078911,,,8.0609375,
utility_dynamic,15.0,0.05,0.05,hybrid-session-013,5.0,133.79783905111253,105.75445760041475,,,7.74375,
utility_dynamic,15.0,0.05,0.05,hybrid-session-016,5.0,152.03000488691032,114.74255062639713,,,8.8375,
utility_dynamic,15.0,0.05,0.05,hybrid-session-020,5.0,149.45556898601353,114.3583114258945,,,8.421875,
utility_dynamic,15.0,0.05,0.05,hybrid-session-021,5.0,178.8480191025883,123.44335466623306,,,6.2125,
utility_dynamic,15.0,0.05,0.05,hybrid-session-025,5.0,144.31377197615802,114.8448247462511,,,8.53125,
utility_dynamic,15.0,0.05,0.05,hybrid-session-026,5.0,176.02240690030158,124.68706970103085,,,6.5078125,
full_lru,15.0,0.05,0.1,hybrid-session-002,5.0,4027.5287311524153,909.8723838571459,,,8.2140625,
full_lru,15.0,0.05,0.1,hybrid-session-003,5.0,150.0935358926654,122.45971276424825,,,7.5796875,
full_lru,15.0,0.05,0.1,hybrid-session-004,5.0,156.94992407225072,128.1923176255077,,,8.9796875,
full_lru,15.0,0.05,0.1,hybrid-session-005,5.0,144.83352797105908,122.0320868305862,,,8.115625,
full_lru,15.0,0.05,0.1,hybrid-session-006,5.0,201.72346709296107,156.6446075681597,,,7.13125,
full_lru,15.0,0.05,0.1,hybrid-session-009,5.0,148.0173710733652,118.06959263049066,,,7.4921875,
full_lru,15.0,0.05,0.1,hybrid-session-010,5.0,147.55567791871727,121.60360217094421,,,8.0609375,
full_lru,15.0,0.05,0.1,hybrid-session-013,5.0,150.37172310985625,125.0992608256638,,,7.74375,
full_lru,15.0,0.05,0.1,hybrid-session-016,5.0,158.20459090173244,124.69799593091011,,,8.8375,
full_lru,15.0,0.05,0.1,hybrid-session-020,5.0,138.08834715746343,122.54836950451136,,,8.421875,
full_lru,15.0,0.05,0.1,hybrid-session-021,5.0,195.9757129661739,139.23645559698343,,,6.2125,
full_lru,15.0,0.05,0.1,hybrid-session-025,5.0,154.70851212739944,125.72145899757743,,,8.53125,
full_lru,15.0,0.05,0.1,hybrid-session-026,5.0,196.58698700368404,143.5181348118931,,,6.5078125,
static_best,15.0,0.05,0.1,hybrid-session-002,5.0,4151.800533058122,1179.4060142710805,,,3.38592529296875,
static_best,15.0,0.05,0.1,hybrid-session-003,5.0,43005.35034103878,10903.544206450693,,,4.18572998046875,
static_best,15.0,0.05,0.1,hybrid-session-004,5.0,43608.44499396533,8912.842297809944,,,4.702099609375,
static_best,15.0,0.05,0.1,hybrid-session-005,5.0,313.03846719674766,229.55693220719695,,,4.476513671875,
static_best,15.0,0.05,0.1,hybrid-session-006,5.0,330.907145049423,250.3647455945611,,,5.20693359375,
static_best,15.0,0.05,0.1,hybrid-session-009,5.0,267.5359689164907,200.1934476196766,,,4.127880859375,
static_best,15.0,0.05,0.1,hybrid-session-010,5.0,313.04494198411703,214.1812700778246,,,4.564697265625,
static_best,15.0,0.05,0.1,hybrid-session-013,5.0,195.49936102703214,145.28503028365472,,,2.9935709635416665,
static_best,15.0,0.05,0.1,hybrid-session-016,5.0,42715.0907756947,15854.6316885788,,,4.633056640625,
static_best,15.0,0.05,0.1,hybrid-session-020,5.0,295.4944409430027,219.6267371531576,,,4.618017578125,
static_best,15.0,0.05,0.1,hybrid-session-021,5.0,323.77951103262603,233.6705144494772,,,4.84736328125,
static_best,15.0,0.05,0.1,hybrid-session-025,5.0,310.87500788271427,215.52235134877264,,,4.559228515625,
static_best,15.0,0.05,0.1,hybrid-session-026,5.0,321.8843010254204,236.49992519058287,,,4.67099609375,
static_safe,15.0,0.05,0.1,hybrid-session-002,5.0,3827.9699059203267,1092.6189344609156,,,3.38592529296875,
static_safe,15.0,0.05,0.1,hybrid-session-003,5.0,44005.188478045166,11152.106188500766,,,4.18572998046875,
static_safe,15.0,0.05,0.1,hybrid-session-004,5.0,42538.24058005586,8698.530465863645,,,4.702099609375,
static_safe,15.0,0.05,0.1,hybrid-session-005,5.0,317.8961349185556,229.20251372270286,,,4.476513671875,
static_safe,15.0,0.05,0.1,hybrid-session-006,5.0,325.1428999938071,251.96412801742554,,,5.20693359375,
static_safe,15.0,0.05,0.1,hybrid-session-009,5.0,273.52792490273714,199.7826993931085,,,4.127880859375,
static_safe,15.0,0.05,0.1,hybrid-session-010,5.0,315.3128339909017,207.22600198350847,,,4.564697265625,
static_safe,15.0,0.05,0.1,hybrid-session-013,5.0,217.21965912729502,149.68708304998776,,,2.9935709635416665,
static_safe,15.0,0.05,0.1,hybrid-session-016,5.0,43668.59356324375,17394.163131220266,,,4.633056640625,
static_safe,15.0,0.05,0.1,hybrid-session-020,5.0,307.43128689937294,224.83569360338151,,,4.618017578125,
static_safe,15.0,0.05,0.1,hybrid-session-021,5.0,311.37256091460586,234.28739816881716,,,4.84736328125,
static_safe,15.0,0.05,0.1,hybrid-session-025,5.0,313.3735491428524,213.69485859759152,,,4.559228515625,
static_safe,15.0,0.05,0.1,hybrid-session-026,5.0,324.4265718385577,232.79315773397684,,,4.67099609375,
uncalibrated_dynamic,15.0,0.05,0.1,hybrid-session-002,5.0,3943.2080548722297,896.6216690838337,,,8.2140625,
uncalibrated_dynamic,15.0,0.05,0.1,hybrid-session-003,5.0,149.51301994733512,124.97681556269526,,,7.5796875,
uncalibrated_dynamic,15.0,0.05,0.1,hybrid-session-004,5.0,155.16012790612876,128.41033432632685,,,8.9796875,
uncalibrated_dynamic,15.0,0.05,0.1,hybrid-session-005,5.0,147.02588715590537,126.23101603239775,,,8.115625,
uncalibrated_dynamic,15.0,0.05,0.1,hybrid-session-006,5.0,201.60271995700896,153.53997917845845,,,7.13125,
uncalibrated_dynamic,15.0,0.05,0.1,hybrid-session-009,5.0,148.26996298506856,121.41150659881532,,,7.4921875,
uncalibrated_dynamic,15.0,0.05,0.1,hybrid-session-010,5.0,145.96971683204174,121.27503156661987,,,8.0609375,
uncalibrated_dynamic,15.0,0.05,0.1,hybrid-session-013,5.0,151.14593412727118,122.59151502512395,,,7.74375,
uncalibrated_dynamic,15.0,0.05,0.1,hybrid-session-016,5.0,153.26938312500715,126.05759343132377,,,8.8375,
uncalibrated_dynamic,15.0,0.05,0.1,hybrid-session-020,5.0,151.4881879556924,124.8285697773099,,,8.421875,
uncalibrated_dynamic,15.0,0.05,0.1,hybrid-session-021,5.0,185.76073087751865,135.11413680389524,,,6.2125,
uncalibrated_dynamic,15.0,0.05,0.1,hybrid-session-025,5.0,154.9959450494498,129.58826841786504,,,8.53125,
uncalibrated_dynamic,15.0,0.05,0.1,hybrid-session-026,5.0,195.695532951504,141.16622358560562,,,6.5078125,
utility_dynamic,15.0,0.05,0.1,hybrid-session-002,5.0,3975.7444199640304,895.1262701768428,,,8.2140625,
utility_dynamic,15.0,0.05,0.1,hybrid-session-003,5.0,141.9574769679457,118.37816657498479,,,7.5796875,
utility_dynamic,15.0,0.05,0.1,hybrid-session-004,5.0,154.73181707784534,127.97949039377272,,,8.9796875,
utility_dynamic,15.0,0.05,0.1,hybrid-session-005,5.0,148.3991991262883,128.80219398066401,,,8.115625,
utility_dynamic,15.0,0.05,0.1,hybrid-session-006,5.0,197.5771279539913,147.72333917208016,,,7.13125,
utility_dynamic,15.0,0.05,0.1,hybrid-session-009,5.0,156.78357402794063,128.63902607932687,,,7.4921875,
utility_dynamic,15.0,0.05,0.1,hybrid-session-010,5.0,153.75963412225246,122.60443838313222,,,8.0609375,
utility_dynamic,15.0,0.05,0.1,hybrid-session-013,5.0,150.8552620653063,120.81559398211539,,,7.74375,
utility_dynamic,15.0,0.05,0.1,hybrid-session-016,5.0,154.2542139068246,130.15487045049667,,,8.8375,
utility_dynamic,15.0,0.05,0.1,hybrid-session-020,5.0,148.61441892571747,128.87371517717838,,,8.421875,
utility_dynamic,15.0,0.05,0.1,hybrid-session-021,5.0,195.79764804802835,139.64046710170805,,,6.2125,
utility_dynamic,15.0,0.05,0.1,hybrid-session-025,5.0,155.23579786531627,127.66266204416752,,,8.53125,
utility_dynamic,15.0,0.05,0.1,hybrid-session-026,5.0,191.5151800494641,133.99430429562926,,,6.5078125,
full_lru,15.0,0.1,0.05,hybrid-session-002,5.0,4114.590317942202,928.7431059405208,,,8.2140625,
full_lru,15.0,0.1,0.05,hybrid-session-003,5.0,150.21298779174685,118.32977514714003,,,7.5796875,
full_lru,15.0,0.1,0.05,hybrid-session-004,5.0,147.92195800691843,124.93364880792797,,,8.9796875,
full_lru,15.0,0.1,0.05,hybrid-session-005,5.0,148.57846382074058,126.02359354496002,,,8.115625,
full_lru,15.0,0.1,0.05,hybrid-session-006,5.0,202.30306894518435,154.95304479263723,,,7.13125,
full_lru,15.0,0.1,0.05,hybrid-session-009,5.0,148.6008211504668,119.52963466756046,,,7.4921875,
full_lru,15.0,0.1,0.05,hybrid-session-010,5.0,151.74252609722316,124.73016623407602,,,8.0609375,
full_lru,15.0,0.1,0.05,hybrid-session-013,5.0,143.87642522342503,120.40360341779888,,,7.74375,
full_lru,15.0,0.1,0.05,hybrid-session-016,5.0,153.45944720320404,129.00532805360854,,,8.8375,
full_lru,15.0,0.1,0.05,hybrid-session-020,5.0,151.91433113068342,124.56008824519813,,,8.421875,
full_lru,15.0,0.1,0.05,hybrid-session-021,5.0,192.48269987292588,137.33479254879057,,,6.2125,
full_lru,15.0,0.1,0.05,hybrid-session-025,5.0,154.19457387179136,125.04512020386755,,,8.53125,
full_lru,15.0,0.1,0.05,hybrid-session-026,5.0,195.15242287889123,139.22041836194694,,,6.5078125,
static_best,15.0,0.1,0.05,hybrid-session-002,5.0,3842.017082963139,1103.3469047979452,,,3.38592529296875,
static_best,15.0,0.1,0.05,hybrid-session-003,5.0,43199.13391027041,10946.853678332176,,,4.18572998046875,
static_best,15.0,0.1,0.05,hybrid-session-004,5.0,43101.69398176856,8808.846021159367,,,4.702099609375,
static_best,15.0,0.1,0.05,hybrid-session-005,5.0,320.54031803272665,217.64078680425882,,,4.476513671875,
static_best,15.0,0.1,0.05,hybrid-session-006,5.0,334.57389613613486,242.14454484172165,,,5.20693359375,
static_best,15.0,0.1,0.05,hybrid-session-009,5.0,275.23890300653875,190.20864525809884,,,4.127880859375,
static_best,15.0,0.1,0.05,hybrid-session-010,5.0,315.237837145105,201.8765394575894,,,4.564697265625,
static_best,15.0,0.1,0.05,hybrid-session-013,5.0,207.6748409308493,144.1042679361999,,,2.9935709635416665,
static_best,15.0,0.1,0.05,hybrid-session-016,5.0,43102.10884197429,16689.70719014704,,,4.633056640625,
static_best,15.0,0.1,0.05,hybrid-session-020,5.0,297.504723072052,215.97095387987792,,,4.618017578125,
static_best,15.0,0.1,0.05,hybrid-session-021,5.0,318.08812683448195,227.18565296381712,,,4.84736328125,
static_best,15.0,0.1,0.05,hybrid-session-025,5.0,309.00236195884645,208.25533918105066,,,4.559228515625,
static_best,15.0,0.1,0.05,hybrid-session-026,5.0,324.2787648923695,223.75402031466365,,,4.67099609375,
static_safe,15.0,0.1,0.05,hybrid-session-002,5.0,4117.529430193827,1177.5006727548316,,,3.38592529296875,
static_safe,15.0,0.1,0.05,hybrid-session-003,5.0,43146.889476714656,10940.14998546429,,,4.18572998046875,
static_safe,15.0,0.1,0.05,hybrid-session-004,5.0,43421.053086936474,8870.793527610227,,,4.702099609375,
static_safe,15.0,0.1,0.05,hybrid-session-005,5.0,325.91933687217534,227.8259671293199,,,4.476513671875,
static_safe,15.0,0.1,0.05,hybrid-session-006,5.0,325.7705201394856,251.17946481332183,,,5.20693359375,
static_safe,15.0,0.1,0.05,hybrid-session-009,5.0,271.5694981161505,203.10684530995786,,,4.127880859375,
static_safe,15.0,0.1,0.05,hybrid-session-010,5.0,312.6670781057328,204.92171179503202,,,4.564697265625,
static_safe,15.0,0.1,0.05,hybrid-session-013,5.0,202.76382216252387,148.55629648081958,,,2.9935709635416665,
static_safe,15.0,0.1,0.05,hybrid-session-016,5.0,42764.83413603343,16354.998937635124,,,4.633056640625,
static_safe,15.0,0.1,0.05,hybrid-session-020,5.0,313.8408767990768,224.33101339265704,,,4.618017578125,
static_safe,15.0,0.1,0.05,hybrid-session-021,5.0,327.01547094620764,233.4322685841471,,,4.84736328125,
static_safe,15.0,0.1,0.05,hybrid-session-025,5.0,315.42740599252284,211.25608254224062,,,4.559228515625,
static_safe,15.0,0.1,0.05,hybrid-session-026,5.0,323.29547801055014,232.6445027720183,,,4.67099609375,
uncalibrated_dynamic,15.0,0.1,0.05,hybrid-session-002,5.0,3980.629102094099,899.7599567752331,,,8.2140625,
uncalibrated_dynamic,15.0,0.1,0.05,hybrid-session-003,5.0,149.2640560027212,117.62570943683386,,,7.5796875,
uncalibrated_dynamic,15.0,0.1,0.05,hybrid-session-004,5.0,155.39353992789984,130.96192041411996,,,8.9796875,
uncalibrated_dynamic,15.0,0.1,0.05,hybrid-session-005,5.0,147.61898084543645,124.86127698794007,,,8.115625,
uncalibrated_dynamic,15.0,0.1,0.05,hybrid-session-006,5.0,193.5683109331876,151.42770316451788,,,7.13125,
uncalibrated_dynamic,15.0,0.1,0.05,hybrid-session-009,5.0,146.31230989471078,118.96245558746159,,,7.4921875,
uncalibrated_dynamic,15.0,0.1,0.05,hybrid-session-010,5.0,148.30787293612957,124.4672879576683,,,8.0609375,
uncalibrated_dynamic,15.0,0.1,0.05,hybrid-session-013,5.0,139.50743898749352,120.20525559782982,,,7.74375,
uncalibrated_dynamic,15.0,0.1,0.05,hybrid-session-016,5.0,147.31727307662368,126.20098763145506,,,8.8375,
uncalibrated_dynamic,15.0,0.1,0.05,hybrid-session-020,5.0,135.6678488664329,122.79451414942741,,,8.421875,
uncalibrated_dynamic,15.0,0.1,0.05,hybrid-session-021,5.0,174.26877794787288,132.93601493351161,,,6.2125,
uncalibrated_dynamic,15.0,0.1,0.05,hybrid-session-025,5.0,142.6844261586666,120.91591460630298,,,8.53125,
uncalibrated_dynamic,15.0,0.1,0.05,hybrid-session-026,5.0,175.86759780533612,137.2147560119629,,,6.5078125,
utility_dynamic,15.0,0.1,0.05,hybrid-session-002,5.0,4242.1245540026575,956.2192424200475,,,8.2140625,
utility_dynamic,15.0,0.1,0.05,hybrid-session-003,5.0,138.31512304022908,119.85765718854964,,,7.5796875,
utility_dynamic,15.0,0.1,0.05,hybrid-session-004,5.0,154.01149890385568,132.34699303284287,,,8.9796875,
utility_dynamic,15.0,0.1,0.05,hybrid-session-005,5.0,148.98106595501304,126.23898535966873,,,8.115625,
utility_dynamic,15.0,0.1,0.05,hybrid-session-006,5.0,201.66973490267992,153.08908792212605,,,7.13125,
utility_dynamic,15.0,0.1,0.05,hybrid-session-009,5.0,149.96927697211504,124.47952460497618,,,7.4921875,
utility_dynamic,15.0,0.1,0.05,hybrid-session-010,5.0,151.04431100189686,123.43303365632892,,,8.0609375,
utility_dynamic,15.0,0.1,0.05,hybrid-session-013,5.0,150.01177601516247,122.1218204125762,,,7.74375,
utility_dynamic,15.0,0.1,0.05,hybrid-session-016,5.0,146.29792608320713,129.14493335410953,,,8.8375,
utility_dynamic,15.0,0.1,0.05,hybrid-session-020,5.0,151.1359759606421,123.10747662559152,,,8.421875,
utility_dynamic,15.0,0.1,0.05,hybrid-session-021,5.0,195.52845298312604,142.3078014049679,,,6.2125,
utility_dynamic,15.0,0.1,0.05,hybrid-session-025,5.0,154.34176311828196,130.71583504788578,,,8.53125,
utility_dynamic,15.0,0.1,0.05,hybrid-session-026,5.0,196.9355868641287,137.9888415336609,,,6.5078125,
full_lru,15.0,0.1,0.1,hybrid-session-002,5.0,3853.6007090006024,867.7053489722311,,,8.2140625,
full_lru,15.0,0.1,0.1,hybrid-session-003,5.0,136.8786320090294,109.64518524706364,,,7.5796875,
full_lru,15.0,0.1,0.1,hybrid-session-004,5.0,153.19219208322465,115.93867442570627,,,8.9796875,
full_lru,15.0,0.1,0.1,hybrid-session-005,5.0,135.76280395500362,115.26091080158949,,,8.115625,
full_lru,15.0,0.1,0.1,hybrid-session-006,5.0,200.7098221220076,147.4671162199229,,,7.13125,
full_lru,15.0,0.1,0.1,hybrid-session-009,5.0,126.7020390368998,101.36864162050188,,,7.4921875,
full_lru,15.0,0.1,0.1,hybrid-session-010,5.0,150.29722219333053,112.02789028175175,,,8.0609375,
full_lru,15.0,0.1,0.1,hybrid-session-013,5.0,145.13992401771247,108.72930344194174,,,7.74375,
full_lru,15.0,0.1,0.1,hybrid-session-016,5.0,144.26444680429995,114.50245114974678,,,8.8375,
full_lru,15.0,0.1,0.1,hybrid-session-020,5.0,149.5859189890325,112.0163016486913,,,8.421875,
full_lru,15.0,0.1,0.1,hybrid-session-021,5.0,181.5144990105182,124.35031179338694,,,6.2125,
full_lru,15.0,0.1,0.1,hybrid-session-025,5.0,144.39480495639145,111.64204361848533,,,8.53125,
full_lru,15.0,0.1,0.1,hybrid-session-026,5.0,189.94687893427908,127.71832020953298,,,6.5078125,
static_best,15.0,0.1,0.1,hybrid-session-002,5.0,3908.7553329300135,1122.0538765192032,,,3.38592529296875,
static_best,15.0,0.1,0.1,hybrid-session-003,5.0,43847.15748388693,11114.318606435321,,,4.18572998046875,
static_best,15.0,0.1,0.1,hybrid-session-004,5.0,36697.607708245516,7530.698274651169,,,4.702099609375,
static_best,15.0,0.1,0.1,hybrid-session-005,5.0,312.93075485154986,225.2227972727269,,,4.476513671875,
static_best,15.0,0.1,0.1,hybrid-session-006,5.0,324.0254910197109,250.98048439249396,,,5.20693359375,
static_best,15.0,0.1,0.1,hybrid-session-009,5.0,274.03858210891485,196.20822560973465,,,4.127880859375,
static_best,15.0,0.1,0.1,hybrid-session-010,5.0,310.5499679222703,211.0563401132822,,,4.564697265625,
static_best,15.0,0.1,0.1,hybrid-session-013,5.0,200.1011820975691,149.22366081736982,,,2.9935709635416665,
static_best,15.0,0.1,0.1,hybrid-session-016,5.0,43030.10782624595,17274.876435927676,,,4.633056640625,
static_best,15.0,0.1,0.1,hybrid-session-020,5.0,305.7066269684583,225.07429760880768,,,4.618017578125,
static_best,15.0,0.1,0.1,hybrid-session-021,5.0,324.1454279050231,235.9075477346778,,,4.84736328125,
static_best,15.0,0.1,0.1,hybrid-session-025,5.0,316.07107911258936,213.15927947871387,,,4.559228515625,
static_best,15.0,0.1,0.1,hybrid-session-026,5.0,331.9036830216646,235.62614042311907,,,4.67099609375,
static_safe,15.0,0.1,0.1,hybrid-session-002,5.0,3712.0340350084007,1071.4551659766585,,,3.38592529296875,
static_safe,15.0,0.1,0.1,hybrid-session-003,5.0,43191.79048687965,10953.505866510794,,,4.18572998046875,
static_safe,15.0,0.1,0.1,hybrid-session-004,5.0,43209.324940074235,8831.787672632188,,,4.702099609375,
static_safe,15.0,0.1,0.1,hybrid-session-005,5.0,321.2147548329085,228.17167141474783,,,4.476513671875,
static_safe,15.0,0.1,0.1,hybrid-session-006,5.0,335.32077306881547,253.31815648823977,,,5.20693359375,
static_safe,15.0,0.1,0.1,hybrid-session-009,5.0,257.1813629474491,199.62147953920066,,,4.127880859375,
static_safe,15.0,0.1,0.1,hybrid-session-010,5.0,306.2839519698173,208.00781538709998,,,4.564697265625,
static_safe,15.0,0.1,0.1,hybrid-session-013,5.0,200.31282817944884,146.43577742390335,,,2.9935709635416665,
static_safe,15.0,0.1,0.1,hybrid-session-016,5.0,44292.45580515452,16423.794036003947,,,4.633056640625,
static_safe,15.0,0.1,0.1,hybrid-session-020,5.0,304.84096915461123,222.75246898643672,,,4.618017578125,
static_safe,15.0,0.1,0.1,hybrid-session-021,5.0,314.4082501530647,233.6909882724285,,,4.84736328125,
static_safe,15.0,0.1,0.1,hybrid-session-025,5.0,302.2986638825387,211.50989481247962,,,4.559228515625,
static_safe,15.0,0.1,0.1,hybrid-session-026,5.0,314.5505329594016,236.25837448053062,,,4.67099609375,
uncalibrated_dynamic,15.0,0.1,0.1,hybrid-session-002,5.0,4212.806984083727,944.7793688159436,,,8.2140625,
uncalibrated_dynamic,15.0,0.1,0.1,hybrid-session-003,5.0,141.37626998126507,125.28244061395526,,,7.5796875,
uncalibrated_dynamic,15.0,0.1,0.1,hybrid-session-004,5.0,154.25507887266576,132.314721820876,,,8.9796875,
uncalibrated_dynamic,15.0,0.1,0.1,hybrid-session-005,5.0,155.16154700890183,126.74454837106168,,,8.115625,
uncalibrated_dynamic,15.0,0.1,0.1,hybrid-session-006,5.0,201.90736185759306,153.0492287594825,,,7.13125,
uncalibrated_dynamic,15.0,0.1,0.1,hybrid-session-009,5.0,147.44732598774135,124.39310285262764,,,7.4921875,
uncalibrated_dynamic,15.0,0.1,0.1,hybrid-session-010,5.0,151.56843978911638,125.19888509996235,,,8.0609375,
uncalibrated_dynamic,15.0,0.1,0.1,hybrid-session-013,5.0,150.9732468985021,121.97102732025087,,,7.74375,
uncalibrated_dynamic,15.0,0.1,0.1,hybrid-session-016,5.0,153.46731804311275,129.55851946026087,,,8.8375,
uncalibrated_dynamic,15.0,0.1,0.1,hybrid-session-020,5.0,150.9820558130741,128.47391478717327,,,8.421875,
uncalibrated_dynamic,15.0,0.1,0.1,hybrid-session-021,5.0,192.43926997296512,136.65044181980193,,,6.2125,
uncalibrated_dynamic,15.0,0.1,0.1,hybrid-session-025,5.0,154.87893507815897,130.48489498905838,,,8.53125,
uncalibrated_dynamic,15.0,0.1,0.1,hybrid-session-026,5.0,190.89922308921814,144.89282881841063,,,6.5078125,
utility_dynamic,15.0,0.1,0.1,hybrid-session-002,5.0,4176.238442072645,940.785275446251,,,8.2140625,
utility_dynamic,15.0,0.1,0.1,hybrid-session-003,5.0,139.06262698583305,124.80149418115616,,,7.5796875,
utility_dynamic,15.0,0.1,0.1,hybrid-session-004,5.0,155.0609660334885,128.6031948402524,,,8.9796875,
utility_dynamic,15.0,0.1,0.1,hybrid-session-005,5.0,146.58882189542055,123.65209255367517,,,8.115625,
utility_dynamic,15.0,0.1,0.1,hybrid-session-006,5.0,201.78237883374095,153.1832561828196,,,7.13125,
utility_dynamic,15.0,0.1,0.1,hybrid-session-009,5.0,148.15282495692372,119.74511402659118,,,7.4921875,
utility_dynamic,15.0,0.1,0.1,hybrid-session-010,5.0,152.8271189890802,122.26482648402452,,,8.0609375,
utility_dynamic,15.0,0.1,0.1,hybrid-session-013,5.0,142.50755310058594,118.7657330185175,,,7.74375,
utility_dynamic,15.0,0.1,0.1,hybrid-session-016,5.0,153.71080301702023,129.4745487626642,,,8.8375,
utility_dynamic,15.0,0.1,0.1,hybrid-session-020,5.0,150.221613002941,126.43983042798936,,,8.421875,
utility_dynamic,15.0,0.1,0.1,hybrid-session-021,5.0,195.5126728862524,136.42337978817523,,,6.2125,
utility_dynamic,15.0,0.1,0.1,hybrid-session-025,5.0,168.0659579578787,130.4433116223663,,,8.53125,
utility_dynamic,15.0,0.1,0.1,hybrid-session-026,5.0,196.65752607397735,136.04675601236522,,,6.5078125,
full_lru,20.0,0.05,0.05,hybrid-session-002,5.0,3895.4624210018665,874.4396306574345,,,8.2140625,
full_lru,20.0,0.05,0.05,hybrid-session-003,5.0,148.72230193577707,111.21604219079018,,,7.5796875,
full_lru,20.0,0.05,0.05,hybrid-session-004,5.0,146.19426615536213,113.95508162677288,,,8.9796875,
full_lru,20.0,0.05,0.05,hybrid-session-005,5.0,144.47051496244967,108.19062874652445,,,8.115625,
full_lru,20.0,0.05,0.05,hybrid-session-006,5.0,193.513945909217,136.76648740656674,,,10.45625,
full_lru,20.0,0.05,0.05,hybrid-session-009,5.0,126.34564400650561,100.04062643274665,,,7.4921875,
full_lru,20.0,0.05,0.05,hybrid-session-010,5.0,135.1789168547839,107.57458237931132,,,8.0609375,
full_lru,20.0,0.05,0.05,hybrid-session-013,5.0,148.8829180598259,104.5094852335751,,,7.74375,
full_lru,20.0,0.05,0.05,hybrid-session-016,5.0,147.8268930222839,110.74125343002379,,,8.8375,
full_lru,20.0,0.05,0.05,hybrid-session-020,5.0,144.26299300976098,107.32104359194636,,,8.421875,
full_lru,20.0,0.05,0.05,hybrid-session-021,5.0,185.63139508478343,118.98628463968635,,,9.23125,
full_lru,20.0,0.05,0.05,hybrid-session-025,5.0,137.1683250181377,110.06420962512493,,,8.53125,
full_lru,20.0,0.05,0.05,hybrid-session-026,5.0,198.04783212020993,130.70113849826157,,,9.7125,
static_best,20.0,0.05,0.05,hybrid-session-002,5.0,3731.854774057865,1056.0104330070317,,,3.38592529296875,
static_best,20.0,0.05,0.05,hybrid-session-003,5.0,41646.890191944316,10543.164883711375,,,4.18572998046875,
static_best,20.0,0.05,0.05,hybrid-session-004,5.0,42388.38420008868,8647.356449051946,,,4.702099609375,
static_best,20.0,0.05,0.05,hybrid-session-005,5.0,287.68941410817206,200.47532385215163,,,4.476513671875,
static_best,20.0,0.05,0.05,hybrid-session-006,5.0,298.41196397319436,223.89498157426715,,,5.20693359375,
static_best,20.0,0.05,0.05,hybrid-session-009,5.0,245.23450899869204,173.6004524398595,,,4.127880859375,
static_best,20.0,0.05,0.05,hybrid-session-010,5.0,285.5576688889414,184.44730574265122,,,4.564697265625,
static_best,20.0,0.05,0.05,hybrid-session-013,5.0,170.15251982957125,125.69836589197318,,,2.9935709635416665,
static_best,20.0,0.05,0.05,hybrid-session-016,5.0,42677.38516765274,17089.401833532378,,,4.633056640625,
static_best,20.0,0.05,0.05,hybrid-session-020,5.0,284.67717207968235,198.6252465751022,,,4.618017578125,
static_best,20.0,0.05,0.05,hybrid-session-021,5.0,304.10637985914946,207.54392016679049,,,4.84736328125,
static_best,20.0,0.05,0.05,hybrid-session-025,5.0,284.4547110144049,188.35931136272848,,,4.559228515625,
static_best,20.0,0.05,0.05,hybrid-session-026,5.0,314.00922196917236,210.0141875911504,,,4.67099609375,
static_safe,20.0,0.05,0.05,hybrid-session-002,5.0,3561.007465934381,1032.871319737751,,,3.38592529296875,
static_safe,20.0,0.05,0.05,hybrid-session-003,5.0,42692.64065110311,10819.006521800067,,,4.18572998046875,
static_safe,20.0,0.05,0.05,hybrid-session-004,5.0,42596.6640110556,8705.67783960998,,,4.702099609375,
static_safe,20.0,0.05,0.05,hybrid-session-005,5.0,316.68009306304157,223.91150947660208,,,4.476513671875,
static_safe,20.0,0.05,0.05,hybrid-session-006,5.0,323.0537201743573,238.46346782520413,,,5.20693359375,
static_safe,20.0,0.05,0.05,hybrid-session-009,5.0,277.21832506358624,195.7488961983472,,,4.127880859375,
static_safe,20.0,0.05,0.05,hybrid-session-010,5.0,315.6638038344681,205.45821734704077,,,4.564697265625,
static_safe,20.0,0.05,0.05,hybrid-session-013,5.0,200.77573414891958,139.86094272695482,,,2.9935709635416665,
static_safe,20.0,0.05,0.05,hybrid-session-016,5.0,43850.85905301571,17384.88038936667,,,4.633056640625,
static_safe,20.0,0.05,0.05,hybrid-session-020,5.0,305.72047899477184,221.06810016557574,,,4.618017578125,
static_safe,20.0,0.05,0.05,hybrid-session-021,5.0,322.2796458285302,230.8253335300833,,,4.84736328125,
static_safe,20.0,0.05,0.05,hybrid-session-025,5.0,310.4164490941912,212.22457317635417,,,4.559228515625,
static_safe,20.0,0.05,0.05,hybrid-session-026,5.0,317.38967215642333,228.52658182382584,,,4.67099609375,
uncalibrated_dynamic,20.0,0.05,0.05,hybrid-session-002,5.0,4032.332979142666,909.4710958655924,,,8.2140625,
uncalibrated_dynamic,20.0,0.05,0.05,hybrid-session-003,5.0,149.9166078865528,125.50878934562206,,,7.5796875,
uncalibrated_dynamic,20.0,0.05,0.05,hybrid-session-004,5.0,154.57568294368684,131.15082453005016,,,8.9796875,
uncalibrated_dynamic,20.0,0.05,0.05,hybrid-session-005,5.0,138.2605880498886,121.37944386340678,,,8.115625,
uncalibrated_dynamic,20.0,0.05,0.05,hybrid-session-006,5.0,202.02265586704016,154.74257115274668,,,10.45625,
uncalibrated_dynamic,20.0,0.05,0.05,hybrid-session-009,5.0,148.56703812256455,125.60423514805734,,,7.4921875,
uncalibrated_dynamic,20.0,0.05,0.05,hybrid-session-010,5.0,146.7215521261096,121.34501151740551,,,8.0609375,
uncalibrated_dynamic,20.0,0.05,0.05,hybrid-session-013,5.0,137.74280506186187,117.75986426509917,,,7.74375,
uncalibrated_dynamic,20.0,0.05,0.05,hybrid-session-016,5.0,151.73699101433158,130.44681497849524,,,8.8375,
uncalibrated_dynamic,20.0,0.05,0.05,hybrid-session-020,5.0,151.5316020231694,125.14177118428051,,,8.421875,
uncalibrated_dynamic,20.0,0.05,0.05,hybrid-session-021,5.0,184.2627851292491,137.99469145014882,,,9.23125,
uncalibrated_dynamic,20.0,0.05,0.05,hybrid-session-025,5.0,139.53030202537775,125.3659329842776,,,8.53125,
uncalibrated_dynamic,20.0,0.05,0.05,hybrid-session-026,5.0,178.47035988233984,136.33488854393363,,,9.7125,
utility_dynamic,20.0,0.05,0.05,hybrid-session-002,5.0,4077.010979875922,921.7829172499478,,,8.2140625,
utility_dynamic,20.0,0.05,0.05,hybrid-session-003,5.0,149.698925903067,126.37938419356942,,,7.5796875,
utility_dynamic,20.0,0.05,0.05,hybrid-session-004,5.0,147.95023389160633,128.33018680103123,,,8.9796875,
utility_dynamic,20.0,0.05,0.05,hybrid-session-005,5.0,149.11223109811544,125.81965085119009,,,8.115625,
utility_dynamic,20.0,0.05,0.05,hybrid-session-006,5.0,201.65341114625335,157.50606581568718,,,10.45625,
utility_dynamic,20.0,0.05,0.05,hybrid-session-009,5.0,133.08841199614108,119.14041782729328,,,7.4921875,
utility_dynamic,20.0,0.05,0.05,hybrid-session-010,5.0,154.15815799497068,124.33137372136116,,,8.0609375,
utility_dynamic,20.0,0.05,0.05,hybrid-session-013,5.0,150.06284997798502,118.52372265420854,,,7.74375,
utility_dynamic,20.0,0.05,0.05,hybrid-session-016,5.0,154.80354987084866,134.45954215712845,,,8.8375,
utility_dynamic,20.0,0.05,0.05,hybrid-session-020,5.0,145.33147192560136,127.94168321415782,,,8.421875,
utility_dynamic,20.0,0.05,0.05,hybrid-session-021,5.0,195.65139315091074,138.48590063862503,,,9.23125,
utility_dynamic,20.0,0.05,0.05,hybrid-session-025,5.0,145.21269290708005,123.58948281034827,,,8.53125,
utility_dynamic,20.0,0.05,0.05,hybrid-session-026,5.0,197.98733992502093,140.44366697780788,,,9.7125,
full_lru,20.0,0.05,0.1,hybrid-session-002,5.0,3998.564203036949,904.9345585983247,,,8.2140625,
full_lru,20.0,0.05,0.1,hybrid-session-003,5.0,140.1389038655907,119.26969294436276,,,7.5796875,
full_lru,20.0,0.05,0.1,hybrid-session-004,5.0,147.9367408901453,126.88120338134468,,,8.9796875,
full_lru,20.0,0.05,0.1,hybrid-session-005,5.0,148.71404692530632,125.31681470572948,,,8.115625,
full_lru,20.0,0.05,0.1,hybrid-session-006,5.0,202.6442508213222,151.52032054029405,,,10.45625,
full_lru,20.0,0.05,0.1,hybrid-session-009,5.0,146.09377784654498,116.61124671809375,,,7.4921875,
full_lru,20.0,0.05,0.1,hybrid-session-010,5.0,144.04537808150053,123.9168950356543,,,8.0609375,
full_lru,20.0,0.05,0.1,hybrid-session-013,5.0,150.50150803290308,124.3845475371927,,,7.74375,
full_lru,20.0,0.05,0.1,hybrid-session-016,5.0,154.60954303853214,127.99872062169015,,,8.8375,
full_lru,20.0,0.05,0.1,hybrid-session-020,5.0,142.0420107897371,117.31373211368918,,,8.421875,
full_lru,20.0,0.05,0.1,hybrid-session-021,5.0,206.0811489354819,139.78875819593668,,,9.23125,
full_lru,20.0,0.05,0.1,hybrid-session-025,5.0,153.57269486412406,126.005869358778,,,8.53125,
full_lru,20.0,0.05,0.1,hybrid-session-026,5.0,185.08663610555232,139.42085639573634,,,9.7125,
static_best,20.0,0.05,0.1,hybrid-session-002,5.0,3727.692859945819,1074.2026609368622,,,3.38592529296875,
static_best,20.0,0.05,0.1,hybrid-session-003,5.0,42648.431200062856,10819.67283523269,,,4.18572998046875,
static_best,20.0,0.05,0.1,hybrid-session-004,5.0,43234.10727113299,8836.245814630389,,,4.702099609375,
static_best,20.0,0.05,0.1,hybrid-session-005,5.0,319.67858993448317,229.6956450212747,,,4.476513671875,
static_best,20.0,0.05,0.1,hybrid-session-006,5.0,338.9476470183581,247.97082841396332,,,5.20693359375,
static_best,20.0,0.05,0.1,hybrid-session-009,5.0,280.12829506769776,201.81363401934505,,,4.127880859375,
static_best,20.0,0.05,0.1,hybrid-session-010,5.0,318.07059003040195,212.02554083429277,,,4.564697265625,
static_best,20.0,0.05,0.1,hybrid-session-013,5.0,208.74571101740003,144.40487061316767,,,2.9935709635416665,
static_best,20.0,0.05,0.1,hybrid-session-016,5.0,43187.00086306967,17354.398026784136,,,4.633056640625,
static_best,20.0,0.05,0.1,hybrid-session-020,5.0,292.717328062281,218.0758346337825,,,4.618017578125,
static_best,20.0,0.05,0.1,hybrid-session-021,5.0,292.62759000994265,230.18857864663005,,,4.84736328125,
static_best,20.0,0.05,0.1,hybrid-session-025,5.0,308.3819579333067,205.77063914388418,,,4.559228515625,
static_best,20.0,0.05,0.1,hybrid-session-026,5.0,327.34165200963616,236.4021243993193,,,4.67099609375,
static_safe,20.0,0.05,0.1,hybrid-session-002,5.0,3804.8108329530805,1080.5750579456799,,,3.38592529296875,
static_safe,20.0,0.05,0.1,hybrid-session-003,5.0,42572.06810544804,10776.914129905868,,,4.18572998046875,
static_safe,20.0,0.05,0.1,hybrid-session-004,5.0,46882.07423912175,9548.122252229228,,,4.702099609375,
static_safe,20.0,0.05,0.1,hybrid-session-005,5.0,288.8915240764618,209.20098857022822,,,4.476513671875,
static_safe,20.0,0.05,0.1,hybrid-session-006,5.0,301.87175306491554,229.16690134443343,,,5.20693359375,
static_safe,20.0,0.05,0.1,hybrid-session-009,5.0,245.9144771564752,180.86994783952832,,,4.127880859375,
static_safe,20.0,0.05,0.1,hybrid-session-010,5.0,308.6071650031954,192.26861516945064,,,4.564697265625,
static_safe,20.0,0.05,0.1,hybrid-session-013,5.0,170.09278805926442,131.59249901461104,,,2.9935709635416665,
static_safe,20.0,0.05,0.1,hybrid-session-016,5.0,43483.28733483516,17234.17545235604,,,4.633056640625,
static_safe,20.0,0.05,0.1,hybrid-session-020,5.0,278.74653204344213,202.11856001988053,,,4.618017578125,
static_safe,20.0,0.05,0.1,hybrid-session-021,5.0,288.59995398670435,213.56952763162553,,,4.84736328125,
static_safe,20.0,0.05,0.1,hybrid-session-025,5.0,288.83722494356334,193.93316665664315,,,4.559228515625,
static_safe,20.0,0.05,0.1,hybrid-session-026,5.0,290.2429171372205,211.24498201534152,,,4.67099609375,
uncalibrated_dynamic,20.0,0.05,0.1,hybrid-session-002,5.0,3869.233191013336,869.769148575142,,,8.2140625,
uncalibrated_dynamic,20.0,0.05,0.1,hybrid-session-003,5.0,138.26656411401927,110.88514719158411,,,7.5796875,
uncalibrated_dynamic,20.0,0.05,0.1,hybrid-session-004,5.0,153.061268851161,117.64920060522854,,,8.9796875,
uncalibrated_dynamic,20.0,0.05,0.1,hybrid-session-005,5.0,147.68544910475612,118.06713659316301,,,8.115625,
uncalibrated_dynamic,20.0,0.05,0.1,hybrid-session-006,5.0,192.10216379724443,147.19442836940289,,,10.45625,
uncalibrated_dynamic,20.0,0.05,0.1,hybrid-session-009,5.0,127.8385971672833,108.62980778329074,,,7.4921875,
uncalibrated_dynamic,20.0,0.05,0.1,hybrid-session-010,5.0,135.98620099946856,114.2490710131824,,,8.0609375,
uncalibrated_dynamic,20.0,0.05,0.1,hybrid-session-013,5.0,133.50959098897874,113.00004264339805,,,7.74375,
uncalibrated_dynamic,20.0,0.05,0.1,hybrid-session-016,5.0,153.52520206943154,115.55746826343238,,,8.8375,
uncalibrated_dynamic,20.0,0.05,0.1,hybrid-session-020,5.0,140.50883403979242,110.87878420948982,,,8.421875,
uncalibrated_dynamic,20.0,0.05,0.1,hybrid-session-021,5.0,176.41476402059197,121.07643904164433,,,9.23125,
uncalibrated_dynamic,20.0,0.05,0.1,hybrid-session-025,5.0,143.33813288249075,113.01585915498435,,,8.53125,
uncalibrated_dynamic,20.0,0.05,0.1,hybrid-session-026,5.0,197.0942539628595,131.67351833544672,,,9.7125,
utility_dynamic,20.0,0.05,0.1,hybrid-session-002,5.0,4001.3187520671636,899.723307415843,,,8.2140625,
utility_dynamic,20.0,0.05,0.1,hybrid-session-003,5.0,148.1039470527321,119.03801974840462,,,7.5796875,
utility_dynamic,20.0,0.05,0.1,hybrid-session-004,5.0,152.90096122771502,125.6755028385669,,,8.9796875,
utility_dynamic,20.0,0.05,0.1,hybrid-session-005,5.0,140.3964520432055,118.09514001943171,,,8.115625,
utility_dynamic,20.0,0.05,0.1,hybrid-session-006,5.0,200.55598206818104,151.4320199843496,,,10.45625,
utility_dynamic,20.0,0.05,0.1,hybrid-session-009,5.0,130.58836804702878,107.45807089842856,,,7.4921875,
utility_dynamic,20.0,0.05,0.1,hybrid-session-010,5.0,153.88698712922633,116.77266284823418,,,8.0609375,
utility_dynamic,20.0,0.05,0.1,hybrid-session-013,5.0,148.91930599696934,111.29436595365405,,,7.74375,
utility_dynamic,20.0,0.05,0.1,hybrid-session-016,5.0,145.1293930877,120.11615787632763,,,8.8375,
utility_dynamic,20.0,0.05,0.1,hybrid-session-020,5.0,150.6538069806993,115.80828786827624,,,8.421875,
utility_dynamic,20.0,0.05,0.1,hybrid-session-021,5.0,194.94278798811138,133.0632261466235,,,9.23125,
utility_dynamic,20.0,0.05,0.1,hybrid-session-025,5.0,153.21063995361328,123.15346477553248,,,8.53125,
utility_dynamic,20.0,0.05,0.1,hybrid-session-026,5.0,197.50727410428226,135.1519521791488,,,9.7125,
full_lru,20.0,0.1,0.05,hybrid-session-002,5.0,4124.607483157888,929.404727416113,,,8.2140625,
full_lru,20.0,0.1,0.05,hybrid-session-003,5.0,149.30644212290645,120.38732008077204,,,7.5796875,
full_lru,20.0,0.1,0.05,hybrid-session-004,5.0,147.8962767869234,126.26610496081412,,,8.9796875,
full_lru,20.0,0.1,0.05,hybrid-session-005,5.0,148.46872515045106,123.67976857349277,,,8.115625,
full_lru,20.0,0.1,0.05,hybrid-session-006,5.0,203.33358505740762,155.3846526890993,,,10.45625,
full_lru,20.0,0.1,0.05,hybrid-session-009,5.0,137.5717769842595,118.27410538680851,,,7.4921875,
full_lru,20.0,0.1,0.05,hybrid-session-010,5.0,151.25904604792595,125.50473101437092,,,8.0609375,
full_lru,20.0,0.1,0.05,hybrid-session-013,5.0,148.38487701490521,121.69110579416156,,,7.74375,
full_lru,20.0,0.1,0.05,hybrid-session-016,5.0,153.98428193293512,129.6255171764642,,,8.8375,
full_lru,20.0,0.1,0.05,hybrid-session-020,5.0,150.27939388528466,124.66458193957806,,,8.421875,
full_lru,20.0,0.1,0.05,hybrid-session-021,5.0,182.81204695813358,130.36347338929772,,,9.23125,
full_lru,20.0,0.1,0.05,hybrid-session-025,5.0,146.2149389553815,127.75412877090275,,,8.53125,
full_lru,20.0,0.1,0.05,hybrid-session-026,5.0,203.04870791733265,135.9567454084754,,,9.7125,
static_best,20.0,0.1,0.05,hybrid-session-002,5.0,3689.5514798816293,1050.8073511882685,,,3.38592529296875,
static_best,20.0,0.1,0.05,hybrid-session-003,5.0,44064.59924705513,11157.783303785138,,,4.18572998046875,
static_best,20.0,0.1,0.05,hybrid-session-004,5.0,43560.72758114897,8889.708430878818,,,4.702099609375,
static_best,20.0,0.1,0.05,hybrid-session-005,5.0,287.93769096955657,206.93489802069962,,,4.476513671875,
static_best,20.0,0.1,0.05,hybrid-session-006,5.0,331.83311112225056,231.75425920635462,,,5.20693359375,
static_best,20.0,0.1,0.05,hybrid-session-009,5.0,265.7809320371598,176.24281542375684,,,4.127880859375,
static_best,20.0,0.1,0.05,hybrid-session-010,5.0,310.98061986267567,190.39421416819096,,,4.564697265625,
static_best,20.0,0.1,0.05,hybrid-session-013,5.0,173.60028182156384,124.39428572542965,,,2.9935709635416665,
static_best,20.0,0.1,0.05,hybrid-session-016,5.0,42414.061672113836,17046.994134567678,,,4.633056640625,
static_best,20.0,0.1,0.05,hybrid-session-020,5.0,278.67188886739314,199.5123335160315,,,4.618017578125,
static_best,20.0,0.1,0.05,hybrid-session-021,5.0,295.38196395151317,207.16355359181762,,,4.84736328125,
static_best,20.0,0.1,0.05,hybrid-session-025,5.0,310.6726778205484,191.88150656409562,,,4.559228515625,
static_best,20.0,0.1,0.05,hybrid-session-026,5.0,294.2435769364238,206.01730635389686,,,4.67099609375,
static_safe,20.0,0.1,0.05,hybrid-session-002,5.0,3717.136880150065,1056.7997387843207,,,3.38592529296875,
static_safe,20.0,0.1,0.05,hybrid-session-003,5.0,42093.95253000781,10654.397111721337,,,4.18572998046875,
static_safe,20.0,0.1,0.05,hybrid-session-004,5.0,43942.2443350777,8956.814976036549,,,4.702099609375,
static_safe,20.0,0.1,0.05,hybrid-session-005,5.0,288.95514202304184,194.76671260781586,,,4.476513671875,
static_safe,20.0,0.1,0.05,hybrid-session-006,5.0,299.46937202475965,219.75145982578397,,,5.20693359375,
static_safe,20.0,0.1,0.05,hybrid-session-009,5.0,247.2879111301154,168.27611243352294,,,4.127880859375,
static_safe,20.0,0.1,0.05,hybrid-session-010,5.0,286.0503508709371,181.33220043964684,,,4.564697265625,
static_safe,20.0,0.1,0.05,hybrid-session-013,5.0,175.1918608788401,125.29729593855639,,,2.9935709635416665,
static_safe,20.0,0.1,0.05,hybrid-session-016,5.0,42627.02237703465,17028.730182822048,,,4.633056640625,
static_safe,20.0,0.1,0.05,hybrid-session-020,5.0,286.8486191146076,198.92255999147892,,,4.618017578125,
static_safe,20.0,0.1,0.05,hybrid-session-021,5.0,313.1667459383607,212.723430339247,,,4.84736328125,
static_safe,20.0,0.1,0.05,hybrid-session-025,5.0,288.25038904324174,189.43479219451547,,,4.559228515625,
static_safe,20.0,0.1,0.05,hybrid-session-026,5.0,285.8263570815325,205.08585777133703,,,4.67099609375,
uncalibrated_dynamic,20.0,0.1,0.05,hybrid-session-002,5.0,3939.8295909631997,883.2219579722732,,,8.2140625,
uncalibrated_dynamic,20.0,0.1,0.05,hybrid-session-003,5.0,136.91651890985668,109.23918443731964,,,7.5796875,
uncalibrated_dynamic,20.0,0.1,0.05,hybrid-session-004,5.0,152.91031799279153,119.17979898862541,,,8.9796875,
uncalibrated_dynamic,20.0,0.1,0.05,hybrid-session-005,5.0,137.46665394864976,111.18092858232558,,,8.115625,
uncalibrated_dynamic,20.0,0.1,0.05,hybrid-session-006,5.0,192.21591879613698,140.28200656175613,,,10.45625,
uncalibrated_dynamic,20.0,0.1,0.05,hybrid-session-009,5.0,134.86299407668412,103.56947900727391,,,7.4921875,
uncalibrated_dynamic,20.0,0.1,0.05,hybrid-session-010,5.0,150.1229559071362,114.21052315272391,,,8.0609375,
uncalibrated_dynamic,20.0,0.1,0.05,hybrid-session-013,5.0,148.34358589723706,108.68551596067846,,,7.74375,
uncalibrated_dynamic,20.0,0.1,0.05,hybrid-session-016,5.0,145.05435503087938,115.3510823380202,,,8.8375,
uncalibrated_dynamic,20.0,0.1,0.05,hybrid-session-020,5.0,149.495905963704,111.67448596097529,,,8.421875,
uncalibrated_dynamic,20.0,0.1,0.05,hybrid-session-021,5.0,177.20640799961984,123.23073805309832,,,9.23125,
uncalibrated_dynamic,20.0,0.1,0.05,hybrid-session-025,5.0,137.05322705209255,111.07270759530365,,,8.53125,
uncalibrated_dynamic,20.0,0.1,0.05,hybrid-session-026,5.0,172.75147698819637,127.11949362419546,,,9.7125,
utility_dynamic,20.0,0.1,0.05,hybrid-session-002,5.0,3773.422521073371,848.840247374028,,,8.2140625,
utility_dynamic,20.0,0.1,0.05,hybrid-session-003,5.0,148.35304184816778,110.27688602916896,,,7.5796875,
utility_dynamic,20.0,0.1,0.05,hybrid-session-004,5.0,152.95404801145196,116.44549057818949,,,8.9796875,
utility_dynamic,20.0,0.1,0.05,hybrid-session-005,5.0,135.47249417752028,109.82273402623832,,,8.115625,
utility_dynamic,20.0,0.1,0.05,hybrid-session-006,5.0,200.3927540499717,141.84319362975657,,,10.45625,
utility_dynamic,20.0,0.1,0.05,hybrid-session-009,5.0,138.47919809632003,108.28887722454965,,,7.4921875,
utility_dynamic,20.0,0.1,0.05,hybrid-session-010,5.0,139.80542309582233,110.06983937695622,,,8.0609375,
utility_dynamic,20.0,0.1,0.05,hybrid-session-013,5.0,147.13289006613195,112.6763032283634,,,7.74375,
utility_dynamic,20.0,0.1,0.05,hybrid-session-016,5.0,145.05255012772977,120.51041200757027,,,8.8375,
utility_dynamic,20.0,0.1,0.05,hybrid-session-020,5.0,149.33644700795412,118.45451132394373,,,8.421875,
utility_dynamic,20.0,0.1,0.05,hybrid-session-021,5.0,194.01403609663248,125.71186358109117,,,9.23125,
utility_dynamic,20.0,0.1,0.05,hybrid-session-025,5.0,144.43225180730224,114.79801014065742,,,8.53125,
utility_dynamic,20.0,0.1,0.05,hybrid-session-026,5.0,191.93556997925043,131.10362216830254,,,9.7125,
full_lru,20.0,0.1,0.1,hybrid-session-002,5.0,4062.1968030463904,914.9951330386102,,,8.2140625,
full_lru,20.0,0.1,0.1,hybrid-session-003,5.0,149.50012997724116,121.65126502513885,,,7.5796875,
full_lru,20.0,0.1,0.1,hybrid-session-004,5.0,155.02902399748564,125.52618528716266,,,8.9796875,
full_lru,20.0,0.1,0.1,hybrid-session-005,5.0,147.05248200334609,125.20633721724153,,,8.115625,
full_lru,20.0,0.1,0.1,hybrid-session-006,5.0,198.67148692719638,152.64428700320423,,,10.45625,
full_lru,20.0,0.1,0.1,hybrid-session-009,5.0,130.3681859280914,117.79295802116394,,,7.4921875,
full_lru,20.0,0.1,0.1,hybrid-session-010,5.0,151.52332396246493,120.9311171900481,,,8.0609375,
full_lru,20.0,0.1,0.1,hybrid-session-013,5.0,147.4969550035894,120.0584857724607,,,7.74375,
full_lru,20.0,0.1,0.1,hybrid-session-016,5.0,153.69643992744386,124.18940803036094,,,8.8375,
full_lru,20.0,0.1,0.1,hybrid-session-020,5.0,140.57065290398896,122.67949082888663,,,8.421875,
full_lru,20.0,0.1,0.1,hybrid-session-021,5.0,195.6739299930632,137.02982836402953,,,9.23125,
full_lru,20.0,0.1,0.1,hybrid-session-025,5.0,146.55204000882804,125.65144621767104,,,8.53125,
full_lru,20.0,0.1,0.1,hybrid-session-026,5.0,197.26912188343704,142.78282416053116,,,9.7125,
static_best,20.0,0.1,0.1,hybrid-session-002,5.0,3797.8503780905157,1095.9758502431214,,,3.38592529296875,
static_best,20.0,0.1,0.1,hybrid-session-003,5.0,43236.87284616195,10961.426708531566,,,4.18572998046875,
static_best,20.0,0.1,0.1,hybrid-session-004,5.0,43855.669787719846,8958.510047729686,,,4.702099609375,
static_best,20.0,0.1,0.1,hybrid-session-005,5.0,317.907138960436,225.70663569495082,,,4.476513671875,
static_best,20.0,0.1,0.1,hybrid-session-006,5.0,343.7437368556857,249.37800215557218,,,5.20693359375,
static_best,20.0,0.1,0.1,hybrid-session-009,5.0,277.0432580728084,201.64623940363526,,,4.127880859375,
static_best,20.0,0.1,0.1,hybrid-session-010,5.0,317.83512188121676,211.08992043882608,,,4.564697265625,
static_best,20.0,0.1,0.1,hybrid-session-013,5.0,212.05249894410372,150.75146197341383,,,2.9935709635416665,
static_best,20.0,0.1,0.1,hybrid-session-016,5.0,44129.24586312845,17452.496236473693,,,4.633056640625,
static_best,20.0,0.1,0.1,hybrid-session-020,5.0,302.18167090788484,200.72655119001865,,,4.618017578125,
static_best,20.0,0.1,0.1,hybrid-session-021,5.0,323.4926559962332,227.88642141968012,,,4.84736328125,
static_best,20.0,0.1,0.1,hybrid-session-025,5.0,294.1559699829668,207.14667104184628,,,4.559228515625,
static_best,20.0,0.1,0.1,hybrid-session-026,5.0,324.0847489796579,234.07443459145725,,,4.67099609375,
static_safe,20.0,0.1,0.1,hybrid-session-002,5.0,3733.133589848876,1056.3558562425897,,,3.38592529296875,
static_safe,20.0,0.1,0.1,hybrid-session-003,5.0,41993.837482869625,10630.073504433036,,,4.18572998046875,
static_safe,20.0,0.1,0.1,hybrid-session-004,5.0,41658.816632913426,8499.068366290256,,,4.702099609375,
static_safe,20.0,0.1,0.1,hybrid-session-005,5.0,285.8626078814268,202.73464270867407,,,4.476513671875,
static_safe,20.0,0.1,0.1,hybrid-session-006,5.0,298.6644911579788,231.9312219042331,,,5.20693359375,
static_safe,20.0,0.1,0.1,hybrid-session-009,5.0,250.25033904239535,177.71275104023516,,,4.127880859375,
static_safe,20.0,0.1,0.1,hybrid-session-010,5.0,286.8558540940285,186.6460684221238,,,4.564697265625,
static_safe,20.0,0.1,0.1,hybrid-session-013,5.0,171.50064185261726,124.29537391290069,,,2.9935709635416665,
static_safe,20.0,0.1,0.1,hybrid-session-016,5.0,42890.03026991896,17181.30228421055,,,4.633056640625,
static_safe,20.0,0.1,0.1,hybrid-session-020,5.0,283.6789730936289,197.1850601490587,,,4.618017578125,
static_safe,20.0,0.1,0.1,hybrid-session-021,5.0,293.964188080281,208.67921016179025,,,4.84736328125,
static_safe,20.0,0.1,0.1,hybrid-session-025,5.0,285.3906759992242,188.48665817640722,,,4.559228515625,
static_safe,20.0,0.1,0.1,hybrid-session-026,5.0,291.82717204093933,206.67468179017305,,,4.67099609375,
uncalibrated_dynamic,20.0,0.1,0.1,hybrid-session-002,5.0,3998.3334890566766,898.6345478333533,,,8.2140625,
uncalibrated_dynamic,20.0,0.1,0.1,hybrid-session-003,5.0,148.34089600481093,120.48741956241429,,,7.5796875,
uncalibrated_dynamic,20.0,0.1,0.1,hybrid-session-004,5.0,145.9280289709568,116.39398620463908,,,8.9796875,
uncalibrated_dynamic,20.0,0.1,0.1,hybrid-session-005,5.0,147.59579300880432,115.25471932254732,,,8.115625,
uncalibrated_dynamic,20.0,0.1,0.1,hybrid-session-006,5.0,199.19463898986578,140.13174059800804,,,10.45625,
uncalibrated_dynamic,20.0,0.1,0.1,hybrid-session-009,5.0,126.90517702139914,102.44207521900535,,,7.4921875,
uncalibrated_dynamic,20.0,0.1,0.1,hybrid-session-010,5.0,150.21412121132016,114.23350903205574,,,8.0609375,
uncalibrated_dynamic,20.0,0.1,0.1,hybrid-session-013,5.0,146.45219082012773,108.92642438411713,,,7.74375,
uncalibrated_dynamic,20.0,0.1,0.1,hybrid-session-016,5.0,145.17931989394128,114.41381396725774,,,8.8375,
uncalibrated_dynamic,20.0,0.1,0.1,hybrid-session-020,5.0,149.71957099623978,112.38883715122938,,,8.421875,
uncalibrated_dynamic,20.0,0.1,0.1,hybrid-session-021,5.0,193.35083407349885,127.52240812405944,,,9.23125,
uncalibrated_dynamic,20.0,0.1,0.1,hybrid-session-025,5.0,144.5167341735214,114.13771994411945,,,8.53125,
uncalibrated_dynamic,20.0,0.1,0.1,hybrid-session-026,5.0,197.08578195422888,128.50318662822247,,,9.7125,
utility_dynamic,20.0,0.1,0.1,hybrid-session-002,5.0,1668.7907509040087,431.17645918391645,,,8.2140625,
utility_dynamic,20.0,0.1,0.1,hybrid-session-003,5.0,149.3610970210284,104.09491178579628,,,7.5796875,
utility_dynamic,20.0,0.1,0.1,hybrid-session-004,5.0,153.12684187665582,112.86236657761037,,,8.9796875,
utility_dynamic,20.0,0.1,0.1,hybrid-session-005,5.0,147.46944583021104,105.91766210272908,,,8.115625,
utility_dynamic,20.0,0.1,0.1,hybrid-session-006,5.0,192.22810002975166,133.996653649956,,,10.45625,
utility_dynamic,20.0,0.1,0.1,hybrid-session-009,5.0,141.4916180074215,110.31525316648185,,,7.4921875,
utility_dynamic,20.0,0.1,0.1,hybrid-session-010,5.0,139.87313001416624,113.3828058373183,,,8.0609375,
utility_dynamic,20.0,0.1,0.1,hybrid-session-013,5.0,148.4231238719076,110.98931008018553,,,7.74375,
utility_dynamic,20.0,0.1,0.1,hybrid-session-016,5.0,141.16976084187627,112.81510735861957,,,8.8375,
utility_dynamic,20.0,0.1,0.1,hybrid-session-020,5.0,149.51170794665813,111.15848063491285,,,8.421875,
utility_dynamic,20.0,0.1,0.1,hybrid-session-021,5.0,178.83819295093417,122.30612020939589,,,9.23125,
utility_dynamic,20.0,0.1,0.1,hybrid-session-025,5.0,152.3098279722035,115.67846820689738,,,8.53125,
utility_dynamic,20.0,0.1,0.1,hybrid-session-026,5.0,183.85588005185127,126.60949304699898,,,9.7125,
full_lru,30.0,0.05,0.05,hybrid-session-002,5.0,4056.889130966738,909.6239767968655,,,8.290625,
full_lru,30.0,0.05,0.05,hybrid-session-003,5.0,148.55592604726553,123.41764839366078,,,7.5359375,
full_lru,30.0,0.05,0.05,hybrid-session-004,5.0,155.74725181795657,126.8759973347187,,,8.96875,
full_lru,30.0,0.05,0.05,hybrid-session-005,5.0,140.85288811475039,124.70605704002082,,,8.115625,
full_lru,30.0,0.05,0.05,hybrid-session-006,5.0,201.6490730457008,155.70404180325568,,,10.45625,
full_lru,30.0,0.05,0.05,hybrid-session-009,5.0,147.07798208110034,113.14911935478449,,,7.4921875,
full_lru,30.0,0.05,0.05,hybrid-session-010,5.0,150.2471398562193,127.8715267777443,,,8.0609375,
full_lru,30.0,0.05,0.05,hybrid-session-013,5.0,149.8163640499115,121.5813328512013,,,7.74375,
full_lru,30.0,0.05,0.05,hybrid-session-016,5.0,152.6214110199362,128.43256127089262,,,8.8375,
full_lru,30.0,0.05,0.05,hybrid-session-020,5.0,151.70342894271016,120.13375856913626,,,8.421875,
full_lru,30.0,0.05,0.05,hybrid-session-021,5.0,189.03620494529605,138.62607791088521,,,9.23125,
full_lru,30.0,0.05,0.05,hybrid-session-025,5.0,146.3743110653013,122.02924583107233,,,8.53125,
full_lru,30.0,0.05,0.05,hybrid-session-026,5.0,198.37892497889698,141.63835155777633,,,9.7125,
static_best,30.0,0.05,0.05,hybrid-session-002,5.0,3949.212522013113,979.4371583964676,,,4.5021484375,
static_best,30.0,0.05,0.05,hybrid-session-003,5.0,314.60112100467086,213.0137293599546,,,4.290576171875,
static_best,30.0,0.05,0.05,hybrid-session-004,5.0,318.47654189914465,230.65781616605818,,,4.687744140625,
static_best,30.0,0.05,0.05,hybrid-session-005,5.0,315.2148388326168,214.1438313294202,,,4.462158203125,
static_best,30.0,0.05,0.05,hybrid-session-006,5.0,330.44843608513474,253.87016823515296,,,5.20693359375,
static_best,30.0,0.05,0.05,hybrid-session-009,5.0,279.45051016286016,199.73859824240208,,,4.127880859375,
static_best,30.0,0.05,0.05,hybrid-session-010,5.0,322.5726718083024,211.75340260379016,,,4.564697265625,
static_best,30.0,0.05,0.05,hybrid-session-013,5.0,205.06789395585656,148.60190264880657,,,2.9935709635416665,
static_best,30.0,0.05,0.05,hybrid-session-016,5.0,42491.40921404399,17027.6355867818,,,4.633056640625,
static_best,30.0,0.05,0.05,hybrid-session-020,5.0,280.83740803413093,219.72666000947356,,,4.618017578125,
static_best,30.0,0.05,0.05,hybrid-session-021,5.0,323.20420490577817,236.99342771433294,,,4.84736328125,
static_best,30.0,0.05,0.05,hybrid-session-025,5.0,318.3497851714492,215.03761787898839,,,4.559228515625,
static_best,30.0,0.05,0.05,hybrid-session-026,5.0,316.7221441399306,225.79300864599645,,,4.67099609375,
static_safe,30.0,0.05,0.05,hybrid-session-002,5.0,3694.739574100822,910.975144058466,,,4.5021484375,
static_safe,30.0,0.05,0.05,hybrid-session-003,5.0,244.4683639332652,176.5263873618096,,,4.290576171875,
static_safe,30.0,0.05,0.05,hybrid-session-004,5.0,290.11680907569826,203.42727340757847,,,4.687744140625,
static_safe,30.0,0.05,0.05,hybrid-session-005,5.0,287.3061818536371,188.54508441872895,,,4.462158203125,
static_safe,30.0,0.05,0.05,hybrid-session-006,5.0,298.4758890233934,222.62201057747006,,,5.20693359375,
static_safe,30.0,0.05,0.05,hybrid-session-009,5.0,244.78608393110335,174.8812893871218,,,4.127880859375,
static_safe,30.0,0.05,0.05,hybrid-session-010,5.0,289.0290031209588,185.19160384312272,,,4.564697265625,
static_safe,30.0,0.05,0.05,hybrid-session-013,5.0,171.907601878047,122.80863391545911,,,2.9935709635416665,
static_safe,30.0,0.05,0.05,hybrid-session-016,5.0,42693.473297150806,17049.966420580073,,,4.633056640625,
static_safe,30.0,0.05,0.05,hybrid-session-020,5.0,283.41563302092254,203.300058003515,,,4.618017578125,
static_safe,30.0,0.05,0.05,hybrid-session-021,5.0,298.7057198770344,212.00372320599854,,,4.84736328125,
static_safe,30.0,0.05,0.05,hybrid-session-025,5.0,290.79288989305496,187.04587779939175,,,4.559228515625,
static_safe,30.0,0.05,0.05,hybrid-session-026,5.0,302.8657981194556,206.121793249622,,,4.67099609375,
uncalibrated_dynamic,30.0,0.05,0.05,hybrid-session-002,5.0,3854.884345084429,867.7229502703995,,,8.290625,
uncalibrated_dynamic,30.0,0.05,0.05,hybrid-session-003,5.0,135.4234868194908,104.29540569894016,,,7.5359375,
uncalibrated_dynamic,30.0,0.05,0.05,hybrid-session-004,5.0,153.05383107624948,118.16950924694538,,,8.96875,
uncalibrated_dynamic,30.0,0.05,0.05,hybrid-session-005,5.0,147.7688690647483,113.4955020621419,,,8.115625,
uncalibrated_dynamic,30.0,0.05,0.05,hybrid-session-006,5.0,191.96165492758155,138.3315676357597,,,10.45625,
uncalibrated_dynamic,30.0,0.05,0.05,hybrid-session-009,5.0,134.4891379121691,104.33785319328308,,,7.4921875,
uncalibrated_dynamic,30.0,0.05,0.05,hybrid-session-010,5.0,134.51927085407078,107.54095152951777,,,8.0609375,
uncalibrated_dynamic,30.0,0.05,0.05,hybrid-session-013,5.0,148.83394888602197,110.10688673704863,,,7.74375,
uncalibrated_dynamic,30.0,0.05,0.05,hybrid-session-016,5.0,149.47295398451388,120.34916561096907,,,8.8375,
uncalibrated_dynamic,30.0,0.05,0.05,hybrid-session-020,5.0,140.15475404448807,111.24035762622952,,,8.421875,
uncalibrated_dynamic,30.0,0.05,0.05,hybrid-session-021,5.0,174.76991098374128,121.8192380387336,,,9.23125,
uncalibrated_dynamic,30.0,0.05,0.05,hybrid-session-025,5.0,141.8354178313166,111.95458741858602,,,8.53125,
uncalibrated_dynamic,30.0,0.05,0.05,hybrid-session-026,5.0,177.35367291606963,128.36700794287026,,,9.7125,
utility_dynamic,30.0,0.05,0.05,hybrid-session-002,5.0,4001.743530854583,895.5273536033928,,,8.290625,
utility_dynamic,30.0,0.05,0.05,hybrid-session-003,5.0,146.26685390248895,108.28250399790704,,,7.5359375,
utility_dynamic,30.0,0.05,0.05,hybrid-session-004,5.0,150.8697068784386,117.63275098055601,,,8.96875,
utility_dynamic,30.0,0.05,0.05,hybrid-session-005,5.0,139.3673811107874,108.06446759961545,,,8.115625,
utility_dynamic,30.0,0.05,0.05,hybrid-session-006,5.0,200.15321602113545,144.2939921747893,,,10.45625,
utility_dynamic,30.0,0.05,0.05,hybrid-session-009,5.0,130.4844261612743,101.7803244292736,,,7.4921875,
utility_dynamic,30.0,0.05,0.05,hybrid-session-010,5.0,150.0507229939103,114.10185801796615,,,8.0609375,
utility_dynamic,30.0,0.05,0.05,hybrid-session-013,5.0,140.15025505796075,108.2513096742332,,,7.74375,
utility_dynamic,30.0,0.05,0.05,hybrid-session-016,5.0,145.08004416711628,112.73278202861547,,,8.8375,
utility_dynamic,30.0,0.05,0.05,hybrid-session-020,5.0,149.41559708677232,113.07530971243978,,,8.421875,
utility_dynamic,30.0,0.05,0.05,hybrid-session-021,5.0,182.43634910322726,121.36364136822522,,,9.23125,
utility_dynamic,30.0,0.05,0.05,hybrid-session-025,5.0,152.02501905150712,114.40677279606462,,,8.53125,
utility_dynamic,30.0,0.05,0.05,hybrid-session-026,5.0,187.47277581132948,127.55530700087547,,,9.7125,
full_lru,30.0,0.05,0.1,hybrid-session-002,5.0,4018.20345595479,896.2742371950299,,,8.290625,
full_lru,30.0,0.05,0.1,hybrid-session-003,5.0,143.7825970351696,107.69698275253177,,,7.5359375,
full_lru,30.0,0.05,0.1,hybrid-session-004,5.0,153.01906201057136,122.0690555870533,,,8.96875,
full_lru,30.0,0.05,0.1,hybrid-session-005,5.0,135.60260785743594,108.78384001553059,,,8.115625,
full_lru,30.0,0.05,0.1,hybrid-session-006,5.0,200.50013600848615,140.79162636771798,,,10.45625,
full_lru,30.0,0.05,0.1,hybrid-session-009,5.0,144.03626299463212,105.52776898257434,,,7.4921875,
full_lru,30.0,0.05,0.1,hybrid-session-010,5.0,145.29818296432495,109.37093975953758,,,8.0609375,
full_lru,30.0,0.05,0.1,hybrid-session-013,5.0,148.49028992466629,108.3128304220736,,,7.74375,
full_lru,30.0,0.05,0.1,hybrid-session-016,5.0,146.1821380071342,114.46336759254336,,,8.8375,
full_lru,30.0,0.05,0.1,hybrid-session-020,5.0,147.4640890955925,110.82714581862092,,,8.421875,
full_lru,30.0,0.05,0.1,hybrid-session-021,5.0,179.1237259749323,123.79561481066048,,,9.23125,
full_lru,30.0,0.05,0.1,hybrid-session-025,5.0,144.37748910859227,112.8784732427448,,,8.53125,
full_lru,30.0,0.05,0.1,hybrid-session-026,5.0,176.61852622404695,123.63140741363168,,,9.7125,
static_best,30.0,0.05,0.1,hybrid-session-002,5.0,3783.8349600788206,948.8461698405445,,,4.5021484375,
static_best,30.0,0.05,0.1,hybrid-session-003,5.0,278.90960103832185,200.1563330180943,,,4.290576171875,
static_best,30.0,0.05,0.1,hybrid-session-004,5.0,318.97915597073734,231.03390759788454,,,4.687744140625,
static_best,30.0,0.05,0.1,hybrid-session-005,5.0,326.1330588720739,219.11363354884088,,,4.462158203125,
static_best,30.0,0.05,0.1,hybrid-session-006,5.0,332.47620915062726,252.4952012579888,,,5.20693359375,
static_best,30.0,0.05,0.1,hybrid-session-009,5.0,275.69087711162865,201.9849210511893,,,4.127880859375,
static_best,30.0,0.05,0.1,hybrid-session-010,5.0,316.77237595431507,213.39131402783096,,,4.564697265625,
static_best,30.0,0.05,0.1,hybrid-session-013,5.0,205.6211659219116,147.05018101570508,,,2.9935709635416665,
static_best,30.0,0.05,0.1,hybrid-session-016,5.0,43167.668443866074,17217.357783824576,,,4.633056640625,
static_best,30.0,0.05,0.1,hybrid-session-020,5.0,307.77763901278377,225.55701560340822,,,4.618017578125,
static_best,30.0,0.05,0.1,hybrid-session-021,5.0,313.0301949568093,232.6657968107611,,,4.84736328125,
static_best,30.0,0.05,0.1,hybrid-session-025,5.0,316.1579049192369,215.80579662695527,,,4.559228515625,
static_best,30.0,0.05,0.1,hybrid-session-026,5.0,324.74346715025604,233.88973642140627,,,4.67099609375,
static_safe,30.0,0.05,0.1,hybrid-session-002,5.0,3807.1598219685256,933.0298137385398,,,4.5021484375,
static_safe,30.0,0.05,0.1,hybrid-session-003,5.0,274.4364000391215,184.82003803364933,,,4.290576171875,
static_safe,30.0,0.05,0.1,hybrid-session-004,5.0,318.6690458096564,211.28489417023957,,,4.687744140625,
static_safe,30.0,0.05,0.1,hybrid-session-005,5.0,319.50198486447334,215.25282659567893,,,4.462158203125,
static_safe,30.0,0.05,0.1,hybrid-session-006,5.0,326.6111039556563,247.79014703817666,,,5.20693359375,
static_safe,30.0,0.05,0.1,hybrid-session-009,5.0,274.65283614583313,199.32018327526748,,,4.127880859375,
static_safe,30.0,0.05,0.1,hybrid-session-010,5.0,315.8999520819634,207.5441632885486,,,4.564697265625,
static_safe,30.0,0.05,0.1,hybrid-session-013,5.0,200.34860610030591,147.5544866795341,,,2.9935709635416665,
static_safe,30.0,0.05,0.1,hybrid-session-016,5.0,43294.682195130736,17261.850844827666,,,4.633056640625,
static_safe,30.0,0.05,0.1,hybrid-session-020,5.0,310.97683403640985,219.4393865764141,,,4.618017578125,
static_safe,30.0,0.05,0.1,hybrid-session-021,5.0,319.09967795945704,237.4029204249382,,,4.84736328125,
static_safe,30.0,0.05,0.1,hybrid-session-025,5.0,314.7544600069523,216.57302766107023,,,4.559228515625,
static_safe,30.0,0.05,0.1,hybrid-session-026,5.0,316.71951385214925,213.56343580409884,,,4.67099609375,
uncalibrated_dynamic,30.0,0.05,0.1,hybrid-session-002,5.0,4085.2518680039793,918.2991853915155,,,8.290625,
uncalibrated_dynamic,30.0,0.05,0.1,hybrid-session-003,5.0,137.42425199598074,113.90776881016791,,,7.5359375,
uncalibrated_dynamic,30.0,0.05,0.1,hybrid-session-004,5.0,154.8039368353784,125.70357220247388,,,8.96875,
uncalibrated_dynamic,30.0,0.05,0.1,hybrid-session-005,5.0,150.23469110019505,122.28060998022556,,,8.115625,
uncalibrated_dynamic,30.0,0.05,0.1,hybrid-session-006,5.0,191.07086095027626,147.89220564998686,,,10.45625,
uncalibrated_dynamic,30.0,0.05,0.1,hybrid-session-009,5.0,131.63827685639262,120.5583272036165,,,7.4921875,
uncalibrated_dynamic,30.0,0.05,0.1,hybrid-session-010,5.0,150.36064898595214,125.47736219130456,,,8.0609375,
uncalibrated_dynamic,30.0,0.05,0.1,hybrid-session-013,5.0,141.4244940970093,122.71172744221985,,,7.74375,
uncalibrated_dynamic,30.0,0.05,0.1,hybrid-session-016,5.0,153.67443580180407,126.95173015818,,,8.8375,
uncalibrated_dynamic,30.0,0.05,0.1,hybrid-session-020,5.0,150.1369911711663,127.59398818016052,,,8.421875,
uncalibrated_dynamic,30.0,0.05,0.1,hybrid-session-021,5.0,194.64949006214738,141.612114245072,,,9.23125,
uncalibrated_dynamic,30.0,0.05,0.1,hybrid-session-025,5.0,144.96342721395195,127.94706602580845,,,8.53125,
uncalibrated_dynamic,30.0,0.05,0.1,hybrid-session-026,5.0,199.0590118803084,141.86021056957543,,,9.7125,
utility_dynamic,30.0,0.05,0.1,hybrid-session-002,5.0,3962.6944940537214,895.8160522393882,,,8.290625,
utility_dynamic,30.0,0.05,0.1,hybrid-session-003,5.0,144.7876829188317,120.09920119307935,,,7.5359375,
utility_dynamic,30.0,0.05,0.1,hybrid-session-004,5.0,153.8896190468222,124.98917179182172,,,8.96875,
utility_dynamic,30.0,0.05,0.1,hybrid-session-005,5.0,149.52680910937488,123.10688067227602,,,8.115625,
utility_dynamic,30.0,0.05,0.1,hybrid-session-006,5.0,198.8258631899953,154.71214284189045,,,10.45625,
utility_dynamic,30.0,0.05,0.1,hybrid-session-009,5.0,137.77355197817087,123.45717363059521,,,7.4921875,
utility_dynamic,30.0,0.05,0.1,hybrid-session-010,5.0,142.2682658303529,120.58941395953298,,,8.0609375,
utility_dynamic,30.0,0.05,0.1,hybrid-session-013,5.0,150.1153279095888,120.92877654358745,,,7.74375,
utility_dynamic,30.0,0.05,0.1,hybrid-session-016,5.0,153.12898997217417,126.69063974171877,,,8.8375,
utility_dynamic,30.0,0.05,0.1,hybrid-session-020,5.0,146.6098220553249,123.12517361715436,,,8.421875,
utility_dynamic,30.0,0.05,0.1,hybrid-session-021,5.0,195.3439419157803,138.90544981695712,,,9.23125,
utility_dynamic,30.0,0.05,0.1,hybrid-session-025,5.0,143.45437800511718,124.57233341410756,,,8.53125,
utility_dynamic,30.0,0.05,0.1,hybrid-session-026,5.0,197.6611411664635,139.70043468289077,,,9.7125,
full_lru,30.0,0.1,0.05,hybrid-session-002,5.0,3779.567164136097,852.4914809968323,,,8.290625,
full_lru,30.0,0.1,0.05,hybrid-session-003,5.0,136.3023652229458,104.85242903232574,,,7.5359375,
full_lru,30.0,0.1,0.05,hybrid-session-004,5.0,151.43198519945145,115.13283271342516,,,8.96875,
full_lru,30.0,0.1,0.05,hybrid-session-005,5.0,147.8842250071466,110.2291336748749,,,8.115625,
full_lru,30.0,0.1,0.05,hybrid-session-006,5.0,192.67898192629218,140.47403200529516,,,10.45625,
full_lru,30.0,0.1,0.05,hybrid-session-009,5.0,128.16345412284136,102.60191108100116,,,7.4921875,
full_lru,30.0,0.1,0.05,hybrid-session-010,5.0,135.1233310997486,108.04052804596722,,,8.0609375,
full_lru,30.0,0.1,0.05,hybrid-session-013,5.0,148.51795206777751,108.71207620948553,,,7.74375,
full_lru,30.0,0.1,0.05,hybrid-session-016,5.0,150.0351771246642,116.36419757269323,,,8.8375,
full_lru,30.0,0.1,0.05,hybrid-session-020,5.0,137.72999006323516,110.82400581799448,,,8.421875,
full_lru,30.0,0.1,0.05,hybrid-session-021,5.0,195.09809580631554,123.97883115336299,,,9.23125,
full_lru,30.0,0.1,0.05,hybrid-session-025,5.0,145.8872351795435,111.67370560579002,,,8.53125,
full_lru,30.0,0.1,0.05,hybrid-session-026,5.0,183.99551999755204,126.62866124883294,,,9.7125,
static_best,30.0,0.1,0.05,hybrid-session-002,5.0,3870.1533838175237,964.4098680000752,,,4.5021484375,
static_best,30.0,0.1,0.05,hybrid-session-003,5.0,273.5340369399637,201.39996679499745,,,4.290576171875,
static_best,30.0,0.1,0.05,hybrid-session-004,5.0,319.9077860917896,231.19178162887692,,,4.687744140625,
static_best,30.0,0.1,0.05,hybrid-session-005,5.0,313.30464500933886,215.11877276934683,,,4.462158203125,
static_best,30.0,0.1,0.05,hybrid-session-006,5.0,330.5111329536885,250.1964378170669,,,5.20693359375,
static_best,30.0,0.1,0.05,hybrid-session-009,5.0,275.88825090788305,203.2220656517893,,,4.127880859375,
static_best,30.0,0.1,0.05,hybrid-session-010,5.0,318.8789689447731,215.42411837726831,,,4.564697265625,
static_best,30.0,0.1,0.05,hybrid-session-013,5.0,195.44343603774905,142.652108023564,,,2.9935709635416665,
static_best,30.0,0.1,0.05,hybrid-session-016,5.0,43156.75122317299,17167.361587439478,,,4.633056640625,
static_best,30.0,0.1,0.05,hybrid-session-020,5.0,302.81380913220346,223.4201282262802,,,4.618017578125,
static_best,30.0,0.1,0.05,hybrid-session-021,5.0,322.3558929748833,237.8403517883271,,,4.84736328125,
static_best,30.0,0.1,0.05,hybrid-session-025,5.0,324.08548309467733,214.15944076143205,,,4.559228515625,
static_best,30.0,0.1,0.05,hybrid-session-026,5.0,320.8514859434217,228.41206323355436,,,4.67099609375,
static_safe,30.0,0.1,0.05,hybrid-session-002,5.0,3915.0143049191684,977.4727949872613,,,4.5021484375,
static_safe,30.0,0.1,0.05,hybrid-session-003,5.0,273.4516670461744,190.13626682572067,,,4.290576171875,
static_safe,30.0,0.1,0.05,hybrid-session-004,5.0,321.8979730736464,216.01365595124662,,,4.687744140625,
static_safe,30.0,0.1,0.05,hybrid-session-005,5.0,314.8488870356232,205.30753298662603,,,4.462158203125,
static_safe,30.0,0.1,0.05,hybrid-session-006,5.0,326.5832429751754,234.8901814315468,,,5.20693359375,
static_safe,30.0,0.1,0.05,hybrid-session-009,5.0,276.3479750137776,200.9300566278398,,,4.127880859375,
static_safe,30.0,0.1,0.05,hybrid-session-010,5.0,312.06067302264273,207.54159525968134,,,4.564697265625,
static_safe,30.0,0.1,0.05,hybrid-session-013,5.0,198.5156370792538,148.01889805433652,,,2.9935709635416665,
static_safe,30.0,0.1,0.05,hybrid-session-016,5.0,43365.18084620498,17315.820881735533,,,4.633056640625,
static_safe,30.0,0.1,0.05,hybrid-session-020,5.0,314.77918406017125,220.7472396083176,,,4.618017578125,
static_safe,30.0,0.1,0.05,hybrid-session-021,5.0,324.3142641149461,233.3024102728814,,,4.84736328125,
static_safe,30.0,0.1,0.05,hybrid-session-025,5.0,323.6784799955785,218.8763703685254,,,4.559228515625,
static_safe,30.0,0.1,0.05,hybrid-session-026,5.0,321.4515829458833,228.04567678831518,,,4.67099609375,
uncalibrated_dynamic,30.0,0.1,0.05,hybrid-session-002,5.0,4048.05470793508,910.9875350724906,,,8.290625,
uncalibrated_dynamic,30.0,0.1,0.05,hybrid-session-003,5.0,147.5674428511411,121.52393334545195,,,7.5359375,
uncalibrated_dynamic,30.0,0.1,0.05,hybrid-session-004,5.0,147.14423706755042,127.76795220561326,,,8.96875,
uncalibrated_dynamic,30.0,0.1,0.05,hybrid-session-005,5.0,149.0355411078781,123.78458804450929,,,8.115625,
uncalibrated_dynamic,30.0,0.1,0.05,hybrid-session-006,5.0,197.50030105933547,149.03247938491404,,,10.45625,
uncalibrated_dynamic,30.0,0.1,0.05,hybrid-session-009,5.0,132.27564189583063,118.82311776280403,,,7.4921875,
uncalibrated_dynamic,30.0,0.1,0.05,hybrid-session-010,5.0,152.10921107791364,124.95323815383017,,,8.0609375,
uncalibrated_dynamic,30.0,0.1,0.05,hybrid-session-013,5.0,142.55699212662876,124.08693325705826,,,7.74375,
uncalibrated_dynamic,30.0,0.1,0.05,hybrid-session-016,5.0,153.63776590675116,127.83076278865337,,,8.8375,
uncalibrated_dynamic,30.0,0.1,0.05,hybrid-session-020,5.0,142.54052401520312,119.24750600010157,,,8.421875,
uncalibrated_dynamic,30.0,0.1,0.05,hybrid-session-021,5.0,195.57738699950278,139.7970183286816,,,9.23125,
uncalibrated_dynamic,30.0,0.1,0.05,hybrid-session-025,5.0,147.8706211782992,127.24943985231221,,,8.53125,
uncalibrated_dynamic,30.0,0.1,0.05,hybrid-session-026,5.0,197.7072679437697,137.03973735682666,,,9.7125,
utility_dynamic,30.0,0.1,0.05,hybrid-session-002,5.0,4180.856012040749,938.362731365487,,,8.290625,
utility_dynamic,30.0,0.1,0.05,hybrid-session-003,5.0,147.90865103714168,118.899841979146,,,7.5359375,
utility_dynamic,30.0,0.1,0.05,hybrid-session-004,5.0,155.49846715293825,128.51541466079652,,,8.96875,
utility_dynamic,30.0,0.1,0.05,hybrid-session-005,5.0,150.28115012682974,122.21436342224479,,,8.115625,
utility_dynamic,30.0,0.1,0.05,hybrid-session-006,5.0,192.9893980268389,153.06845218874514,,,10.45625,
utility_dynamic,30.0,0.1,0.05,hybrid-session-009,5.0,146.7351329047233,119.25275032408535,,,7.4921875,
utility_dynamic,30.0,0.1,0.05,hybrid-session-010,5.0,143.89187307097018,123.68551758117974,,,8.0609375,
utility_dynamic,30.0,0.1,0.05,hybrid-session-013,5.0,149.92232294753194,122.04765700735152,,,7.74375,
utility_dynamic,30.0,0.1,0.05,hybrid-session-016,5.0,148.7125961575657,130.1107202656567,,,8.8375,
utility_dynamic,30.0,0.1,0.05,hybrid-session-020,5.0,147.4387941416353,125.91848960146308,,,8.421875,
utility_dynamic,30.0,0.1,0.05,hybrid-session-021,5.0,196.04281103238463,137.95872419141233,,,9.23125,
utility_dynamic,30.0,0.1,0.05,hybrid-session-025,5.0,146.02997619658709,125.53326040506363,,,8.53125,
utility_dynamic,30.0,0.1,0.05,hybrid-session-026,5.0,197.80113478191197,143.42470737174153,,,9.7125,
full_lru,30.0,0.1,0.1,hybrid-session-002,5.0,3793.3978508226573,852.8105381410569,,,8.290625,
full_lru,30.0,0.1,0.1,hybrid-session-003,5.0,145.1345628593117,107.71872391924262,,,7.5359375,
full_lru,30.0,0.1,0.1,hybrid-session-004,5.0,146.0840089712292,114.93153255432844,,,8.96875,
full_lru,30.0,0.1,0.1,hybrid-session-005,5.0,147.824291838333,111.18959034793079,,,8.115625,
full_lru,30.0,0.1,0.1,hybrid-session-006,5.0,200.16723196022213,139.66510817408562,,,10.45625,
full_lru,30.0,0.1,0.1,hybrid-session-009,5.0,130.70388603955507,101.55038498342037,,,7.4921875,
full_lru,30.0,0.1,0.1,hybrid-session-010,5.0,150.16971295699477,109.74598117172718,,,8.0609375,
full_lru,30.0,0.1,0.1,hybrid-session-013,5.0,148.51957000792027,109.10196704789996,,,7.74375,
full_lru,30.0,0.1,0.1,hybrid-session-016,5.0,145.04019496962428,113.9741983730346,,,8.8375,
full_lru,30.0,0.1,0.1,hybrid-session-020,5.0,149.5590410195291,111.9052323512733,,,8.421875,
full_lru,30.0,0.1,0.1,hybrid-session-021,5.0,194.03320807032287,125.5497754085809,,,9.23125,
full_lru,30.0,0.1,0.1,hybrid-session-025,5.0,136.43401791341603,113.23010418564081,,,8.53125,
full_lru,30.0,0.1,0.1,hybrid-session-026,5.0,196.76556903868914,129.93759117089212,,,9.7125,
static_best,30.0,0.1,0.1,hybrid-session-002,5.0,3891.5908609051257,972.1484575886279,,,4.5021484375,
static_best,30.0,0.1,0.1,hybrid-session-003,5.0,275.40352614596486,199.4683655910194,,,4.290576171875,
static_best,30.0,0.1,0.1,hybrid-session-004,5.0,321.38588814996183,230.9930268675089,,,4.687744140625,
static_best,30.0,0.1,0.1,hybrid-session-005,5.0,319.8908769991249,215.27741919271648,,,4.462158203125,
static_best,30.0,0.1,0.1,hybrid-session-006,5.0,330.40420804172754,250.8068711962551,,,5.20693359375,
static_best,30.0,0.1,0.1,hybrid-session-009,5.0,275.21914313547313,202.91882338933647,,,4.127880859375,
static_best,30.0,0.1,0.1,hybrid-session-010,5.0,315.55647403001785,212.9231408238411,,,4.564697265625,
static_best,30.0,0.1,0.1,hybrid-session-013,5.0,182.1299979928881,135.80880096803108,,,2.9935709635416665,
static_best,30.0,0.1,0.1,hybrid-session-016,5.0,43678.67352290638,17450.493860537557,,,4.633056640625,
static_best,30.0,0.1,0.1,hybrid-session-020,5.0,310.31669210642576,222.5900182966143,,,4.618017578125,
static_best,30.0,0.1,0.1,hybrid-session-021,5.0,318.1534931063652,236.2914708442986,,,4.84736328125,
static_best,30.0,0.1,0.1,hybrid-session-025,5.0,322.5655760616064,208.34111399017274,,,4.559228515625,
static_best,30.0,0.1,0.1,hybrid-session-026,5.0,329.54388693906367,231.1055177822709,,,4.67099609375,
static_safe,30.0,0.1,0.1,hybrid-session-002,5.0,4081.8307620938867,1007.105864584446,,,4.5021484375,
static_safe,30.0,0.1,0.1,hybrid-session-003,5.0,273.563785944134,196.90600465983152,,,4.290576171875,
static_safe,30.0,0.1,0.1,hybrid-session-004,5.0,327.0685428287834,232.800436578691,,,4.687744140625,
static_safe,30.0,0.1,0.1,hybrid-session-005,5.0,324.14502394385636,218.3699369430542,,,4.462158203125,
static_safe,30.0,0.1,0.1,hybrid-session-006,5.0,329.98321182094514,248.3483223710209,,,5.20693359375,
static_safe,30.0,0.1,0.1,hybrid-session-009,5.0,275.8794869296253,201.84240113012493,,,4.127880859375,
static_safe,30.0,0.1,0.1,hybrid-session-010,5.0,316.37095217593014,213.1205300334841,,,4.564697265625,
static_safe,30.0,0.1,0.1,hybrid-session-013,5.0,206.4610889647156,145.72543666387597,,,2.9935709635416665,
static_safe,30.0,0.1,0.1,hybrid-session-016,5.0,42742.79734705016,16699.18505667113,,,4.633056640625,
static_safe,30.0,0.1,0.1,hybrid-session-020,5.0,313.87354899197817,223.0071804486215,,,4.618017578125,
static_safe,30.0,0.1,0.1,hybrid-session-021,5.0,319.82327508740127,242.12262048386037,,,4.84736328125,
static_safe,30.0,0.1,0.1,hybrid-session-025,5.0,324.6522231493145,217.19658407382667,,,4.559228515625,
static_safe,30.0,0.1,0.1,hybrid-session-026,5.0,299.7494169976562,230.92262200079858,,,4.67099609375,
uncalibrated_dynamic,30.0,0.1,0.1,hybrid-session-002,5.0,4039.282171986997,913.0983178503811,,,8.290625,
uncalibrated_dynamic,30.0,0.1,0.1,hybrid-session-003,5.0,139.9315360467881,119.63071106001735,,,7.5359375,
uncalibrated_dynamic,30.0,0.1,0.1,hybrid-session-004,5.0,155.1552740857005,129.27997168153524,,,8.96875,
uncalibrated_dynamic,30.0,0.1,0.1,hybrid-session-005,5.0,150.53164400160313,124.84188438393176,,,8.115625,
uncalibrated_dynamic,30.0,0.1,0.1,hybrid-session-006,5.0,195.47280599363148,154.2377763427794,,,10.45625,
uncalibrated_dynamic,30.0,0.1,0.1,hybrid-session-009,5.0,145.71228018030524,123.73433420434594,,,7.4921875,
uncalibrated_dynamic,30.0,0.1,0.1,hybrid-session-010,5.0,151.4652690384537,122.66374984756112,,,8.0609375,
uncalibrated_dynamic,30.0,0.1,0.1,hybrid-session-013,5.0,139.27831104956567,118.16025022417307,,,7.74375,
uncalibrated_dynamic,30.0,0.1,0.1,hybrid-session-016,5.0,151.5860091894865,129.0659550577402,,,8.8375,
uncalibrated_dynamic,30.0,0.1,0.1,hybrid-session-020,5.0,143.14405107870698,122.40012870170176,,,8.421875,
uncalibrated_dynamic,30.0,0.1,0.1,hybrid-session-021,5.0,195.5642409157008,143.1030751671642,,,9.23125,
uncalibrated_dynamic,30.0,0.1,0.1,hybrid-session-025,5.0,154.07125186175108,126.73545815050602,,,8.53125,
uncalibrated_dynamic,30.0,0.1,0.1,hybrid-session-026,5.0,196.6580688022077,140.3668401762843,,,9.7125,
utility_dynamic,30.0,0.1,0.1,hybrid-session-002,5.0,4032.4488719925284,910.162389697507,,,8.290625,
utility_dynamic,30.0,0.1,0.1,hybrid-session-003,5.0,147.48619310557842,118.4866086114198,,,7.5359375,
utility_dynamic,30.0,0.1,0.1,hybrid-session-004,5.0,151.2104468420148,128.14710354432464,,,8.96875,
utility_dynamic,30.0,0.1,0.1,hybrid-session-005,5.0,149.44491209462285,125.1963036134839,,,8.115625,
utility_dynamic,30.0,0.1,0.1,hybrid-session-006,5.0,193.21383303031325,148.19257599301636,,,10.45625,
utility_dynamic,30.0,0.1,0.1,hybrid-session-009,5.0,132.75248790159822,114.83950894325972,,,7.4921875,
utility_dynamic,30.0,0.1,0.1,hybrid-session-010,5.0,151.9325089175254,126.74838718958199,,,8.0609375,
utility_dynamic,30.0,0.1,0.1,hybrid-session-013,5.0,150.04988899454474,120.53542463108897,,,7.74375,
utility_dynamic,30.0,0.1,0.1,hybrid-session-016,5.0,153.7197600118816,127.97528840601444,,,8.8375,
utility_dynamic,30.0,0.1,0.1,hybrid-session-020,5.0,146.92172897048295,125.52284928970039,,,8.421875,
utility_dynamic,30.0,0.1,0.1,hybrid-session-021,5.0,206.5360399428755,144.68253324739635,,,9.23125,
utility_dynamic,30.0,0.1,0.1,hybrid-session-025,5.0,145.59454284608364,123.52984878234565,,,8.53125,
utility_dynamic,30.0,0.1,0.1,hybrid-session-026,5.0,172.98073903657496,137.9113518167287,,,9.7125,
full_lru,35.0,0.05,0.05,hybrid-session-002,5.0,3978.0929170083255,891.5961321908981,,,8.290625,
full_lru,35.0,0.05,0.05,hybrid-session-003,5.0,148.36521516554058,115.20547200925648,,,7.5359375,
full_lru,35.0,0.05,0.05,hybrid-session-004,5.0,154.32661515660584,116.84415880590677,,,8.96875,
full_lru,35.0,0.05,0.05,hybrid-session-005,5.0,149.3036278989166,114.9334545712918,,,8.159375,
full_lru,35.0,0.05,0.05,hybrid-session-006,5.0,201.334920944646,145.1517484150827,,,10.45625,
full_lru,35.0,0.05,0.05,hybrid-session-009,5.0,132.2940061800182,106.30863546393812,,,7.4921875,
full_lru,35.0,0.05,0.05,hybrid-session-010,5.0,136.01525709964335,107.3908872436732,,,8.0609375,
full_lru,35.0,0.05,0.05,hybrid-session-013,5.0,148.5667407978326,105.30379777774215,,,7.74375,
full_lru,35.0,0.05,0.05,hybrid-session-016,5.0,146.24696504324675,110.20287405699492,,,8.8375,
full_lru,35.0,0.05,0.05,hybrid-session-020,5.0,141.62907004356384,112.64506592415273,,,8.421875,
full_lru,35.0,0.05,0.05,hybrid-session-021,5.0,194.39462199807167,127.08416944369674,,,9.23125,
full_lru,35.0,0.05,0.05,hybrid-session-025,5.0,138.32644606009126,109.435117803514,,,8.53125,
full_lru,35.0,0.05,0.05,hybrid-session-026,5.0,194.6871851105243,131.23070960864425,,,9.7125,
static_best,35.0,0.05,0.05,hybrid-session-002,5.0,3657.5466899666935,900.8650873787701,,,4.5021484375,
static_best,35.0,0.05,0.05,hybrid-session-003,5.0,249.15156001225114,176.16568026132882,,,4.290576171875,
static_best,35.0,0.05,0.05,hybrid-session-004,5.0,326.6090920660645,212.84826179035008,,,4.687744140625,
static_best,35.0,0.05,0.05,hybrid-session-005,5.0,314.12303796969354,195.09631739929318,,,4.462158203125,
static_best,35.0,0.05,0.05,hybrid-session-006,5.0,322.0822790171951,228.92517424188554,,,5.192578125,
static_best,35.0,0.05,0.05,hybrid-session-009,5.0,249.24975889734924,173.90487878583372,,,4.346630859375,
static_best,35.0,0.05,0.05,hybrid-session-010,5.0,286.75518999807537,182.77164436876774,,,4.542822265625,
static_best,35.0,0.05,0.05,hybrid-session-013,5.0,174.89572311751544,119.7847779840231,,,2.9571126302083335,
static_best,35.0,0.05,0.05,hybrid-session-016,5.0,43366.7830169294,17369.221514000372,,,4.633056640625,
static_best,35.0,0.05,0.05,hybrid-session-020,5.0,279.16122297756374,202.69109196960926,,,4.618017578125,
static_best,35.0,0.05,0.05,hybrid-session-021,5.0,293.8316490035504,214.84632454812527,,,4.84736328125,
static_best,35.0,0.05,0.05,hybrid-session-025,5.0,287.10362780839205,194.59867337718606,,,4.559228515625,
static_best,35.0,0.05,0.05,hybrid-session-026,5.0,288.3189641870558,204.86439517699182,,,4.67099609375,
static_safe,35.0,0.05,0.05,hybrid-session-002,5.0,3859.9794250912964,965.0279152207077,,,4.5021484375,
static_safe,35.0,0.05,0.05,hybrid-session-003,5.0,281.1876339837909,201.61992204375565,,,4.290576171875,
static_safe,35.0,0.05,0.05,hybrid-session-004,5.0,326.8184580374509,234.8266744054854,,,4.687744140625,
static_safe,35.0,0.05,0.05,hybrid-session-005,5.0,325.50933794118464,217.04429681412876,,,4.462158203125,
static_safe,35.0,0.05,0.05,hybrid-session-006,5.0,329.85833985731006,235.93346616253257,,,5.192578125,
static_safe,35.0,0.05,0.05,hybrid-session-009,5.0,272.89188001304865,182.69805880263448,,,4.346630859375,
static_safe,35.0,0.05,0.05,hybrid-session-010,5.0,314.15054108947515,195.64083283767104,,,4.542822265625,
static_safe,35.0,0.05,0.05,hybrid-session-013,5.0,200.82940789870918,142.41799099060395,,,2.9571126302083335,
static_safe,35.0,0.05,0.05,hybrid-session-016,5.0,43261.235283091664,17368.50376555957,,,4.633056640625,
static_safe,35.0,0.05,0.05,hybrid-session-020,5.0,287.53848001360893,216.48481776937842,,,4.618017578125,
static_safe,35.0,0.05,0.05,hybrid-session-021,5.0,318.64710804075,237.83114403486252,,,4.84736328125,
static_safe,35.0,0.05,0.05,hybrid-session-025,5.0,316.20765989646316,214.64413600042462,,,4.559228515625,
static_safe,35.0,0.05,0.05,hybrid-session-026,5.0,315.4539759270847,234.9427293986082,,,4.67099609375,
uncalibrated_dynamic,35.0,0.05,0.05,hybrid-session-002,5.0,40324.44676119648,8545.343423477932,,,4.43037109375,
uncalibrated_dynamic,35.0,0.05,0.05,hybrid-session-003,5.0,60.04974595271051,60.04974595271051,,,1.4765625,
uncalibrated_dynamic,35.0,0.05,0.05,hybrid-session-004,5.0,39202.64251396246,39202.64251396246,,,1.0390625,
uncalibrated_dynamic,35.0,0.05,0.05,hybrid-session-005,5.0,40487.930749960244,40487.930749960244,,,1.9140625,
uncalibrated_dynamic,35.0,0.05,0.05,hybrid-session-006,5.0,116.60157702863216,116.60157702863216,,,2.625,
uncalibrated_dynamic,35.0,0.05,0.05,hybrid-session-009,5.0,40922.34611988813,8335.436547990515,,,4.295703125,
uncalibrated_dynamic,35.0,0.05,0.05,hybrid-session-010,5.0,40506.573794875294,40506.573794875294,,,1.53125,
uncalibrated_dynamic,35.0,0.05,0.05,hybrid-session-013,5.0,113.49132307805121,113.49132307805121,,,1.8046875,
uncalibrated_dynamic,35.0,0.05,0.05,hybrid-session-016,5.0,44900.66035427898,44900.66035427898,,,1.55859375,
uncalibrated_dynamic,35.0,0.05,0.05,hybrid-session-020,5.0,41513.76369327679,41513.76369327679,,,2.40625,
uncalibrated_dynamic,35.0,0.05,0.05,hybrid-session-021,5.0,40400.057399952784,40400.057399952784,,,1.36376953125,
uncalibrated_dynamic,35.0,0.05,0.05,hybrid-session-025,5.0,41186.00870896876,41186.00870896876,,,1.96875,
uncalibrated_dynamic,35.0,0.05,0.05,hybrid-session-026,5.0,121.311946073547,121.311946073547,,,2.1875,
utility_dynamic,35.0,0.05,0.05,hybrid-session-002,5.0,3794.638236053288,960.3818146046251,,,3.65927734375,
utility_dynamic,35.0,0.05,0.05,hybrid-session-003,5.0,274.0752180106938,197.46551094576716,,,3.587158203125,
utility_dynamic,35.0,0.05,0.05,hybrid-session-004,5.0,42405.001414204016,28079.41286174332,,,3.074462890625,
utility_dynamic,35.0,0.05,0.05,hybrid-session-005,5.0,44449.521650169045,17195.43585383445,,,3.619970703125,
utility_dynamic,35.0,0.05,0.05,hybrid-session-006,5.0,41122.05919985846,8413.248568334058,,,6.760400390625,
utility_dynamic,35.0,0.05,0.05,hybrid-session-009,5.0,45277.71234037727,17552.887484099345,,,3.42548828125,
utility_dynamic,35.0,0.05,0.05,hybrid-session-010,5.0,40435.32525190897,16299.221594835817,,,4.9328125,
utility_dynamic,35.0,0.05,0.05,hybrid-session-013,5.0,43864.010914960876,8928.163317783921,,,3.737890625,
utility_dynamic,35.0,0.05,0.05,hybrid-session-016,5.0,44500.414791125804,44256.535935604945,,,1.6739501953125,
utility_dynamic,35.0,0.05,0.05,hybrid-session-020,5.0,40813.35349491984,15905.364400035516,,,3.770361328125,
utility_dynamic,35.0,0.05,0.05,hybrid-session-021,5.0,41335.71730399504,27584.54730231191,,,3.3900553385416665,
utility_dynamic,35.0,0.05,0.05,hybrid-session-025,5.0,44375.9956691321,17085.45737339333,,,3.83359375,
utility_dynamic,35.0,0.05,0.05,hybrid-session-026,5.0,41106.48901690729,8391.114574158564,,,5.925048828125,
full_lru,35.0,0.05,0.1,hybrid-session-002,5.0,4000.483808107674,900.6096952594817,,,8.290625,
full_lru,35.0,0.05,0.1,hybrid-session-003,5.0,134.2666670680046,117.60344440117478,,,7.5359375,
full_lru,35.0,0.05,0.1,hybrid-session-004,5.0,147.89148001000285,128.6717229988426,,,8.96875,
full_lru,35.0,0.05,0.1,hybrid-session-005,5.0,141.9851027894765,127.36727553419769,,,8.159375,
full_lru,35.0,0.05,0.1,hybrid-session-006,5.0,197.7719790302217,153.85035760700703,,,10.45625,
full_lru,35.0,0.05,0.1,hybrid-session-009,5.0,135.12637792155147,118.29749150201678,,,7.4921875,
full_lru,35.0,0.05,0.1,hybrid-session-010,5.0,134.43045690655708,118.7535266391933,,,8.0609375,
full_lru,35.0,0.05,0.1,hybrid-session-013,5.0,139.16826713830233,116.47954117506742,,,7.74375,
full_lru,35.0,0.05,0.1,hybrid-session-016,5.0,156.76511614583433,131.3038572203368,,,8.8375,
full_lru,35.0,0.05,0.1,hybrid-session-020,5.0,142.66223507001996,123.52605615742505,,,8.421875,
full_lru,35.0,0.05,0.1,hybrid-session-021,5.0,195.81811199896038,142.3249647486955,,,9.23125,
full_lru,35.0,0.05,0.1,hybrid-session-025,5.0,154.25108186900616,132.51832034438848,,,8.53125,
full_lru,35.0,0.05,0.1,hybrid-session-026,5.0,193.12498904764652,139.0882677398622,,,9.7125,
static_best,35.0,0.05,0.1,hybrid-session-002,5.0,3874.0941709838808,949.983013048768,,,4.5021484375,
static_best,35.0,0.05,0.1,hybrid-session-003,5.0,265.71210101246834,180.5496491957456,,,4.290576171875,
static_best,35.0,0.05,0.1,hybrid-session-004,5.0,291.44052299670875,206.2086807563901,,,4.687744140625,
static_best,35.0,0.05,0.1,hybrid-session-005,5.0,288.3975859731436,189.10425193607807,,,4.462158203125,
static_best,35.0,0.05,0.1,hybrid-session-006,5.0,304.7901811078191,221.2359832599759,,,5.192578125,
static_best,35.0,0.05,0.1,hybrid-session-009,5.0,247.18591407872736,175.82896924577653,,,4.346630859375,
static_best,35.0,0.05,0.1,hybrid-session-010,5.0,287.063613999635,183.08555344119668,,,4.542822265625,
static_best,35.0,0.05,0.1,hybrid-session-013,5.0,174.2311001289636,119.79714874178171,,,2.9571126302083335,
static_best,35.0,0.05,0.1,hybrid-session-016,5.0,42788.45714212023,16974.69447966702,,,4.633056640625,
static_best,35.0,0.05,0.1,hybrid-session-020,5.0,278.2151910942048,199.59473642520607,,,4.618017578125,
static_best,35.0,0.05,0.1,hybrid-session-021,5.0,289.3184081185609,211.82620581239462,,,4.84736328125,
static_best,35.0,0.05,0.1,hybrid-session-025,5.0,283.26938999816775,195.7871440332383,,,4.559228515625,
static_best,35.0,0.05,0.1,hybrid-session-026,5.0,287.84854896366596,211.52443941682577,,,4.67099609375,
static_safe,35.0,0.05,0.1,hybrid-session-002,5.0,3841.217797016725,961.1761522479355,,,4.5021484375,
static_safe,35.0,0.05,0.1,hybrid-session-003,5.0,275.67216102033854,185.98723565228283,,,4.290576171875,
static_safe,35.0,0.05,0.1,hybrid-session-004,5.0,276.70716610737145,210.854587610811,,,4.687744140625,
static_safe,35.0,0.05,0.1,hybrid-session-005,5.0,271.7366910073906,197.64688001014292,,,4.462158203125,
static_safe,35.0,0.05,0.1,hybrid-session-006,5.0,321.12913113087416,231.17152443155646,,,5.192578125,
static_safe,35.0,0.05,0.1,hybrid-session-009,5.0,267.8859510924667,197.2355054691434,,,4.346630859375,
static_safe,35.0,0.05,0.1,hybrid-session-010,5.0,308.03333315998316,208.105723047629,,,4.542822265625,
static_safe,35.0,0.05,0.1,hybrid-session-013,5.0,199.87795408815145,144.19179068257412,,,2.9571126302083335,
static_safe,35.0,0.05,0.1,hybrid-session-016,5.0,43403.77515897155,17456.633201359957,,,4.633056640625,
static_safe,35.0,0.05,0.1,hybrid-session-020,5.0,316.51791208423674,224.1843928117305,,,4.618017578125,
static_safe,35.0,0.05,0.1,hybrid-session-021,5.0,322.2898179665208,237.5058142002672,,,4.84736328125,
static_safe,35.0,0.05,0.1,hybrid-session-025,5.0,325.91223204508424,215.56327263824642,,,4.559228515625,
static_safe,35.0,0.05,0.1,hybrid-session-026,5.0,321.682115085423,230.64612983725965,,,4.67099609375,
uncalibrated_dynamic,35.0,0.05,0.1,hybrid-session-002,5.0,41558.63812703639,9177.166250996292,,,4.43037109375,
uncalibrated_dynamic,35.0,0.05,0.1,hybrid-session-003,5.0,85.47243196517229,85.47243196517229,,,1.4765625,
uncalibrated_dynamic,35.0,0.05,0.1,hybrid-session-004,5.0,35836.57567903213,35836.57567903213,,,1.0390625,
uncalibrated_dynamic,35.0,0.05,0.1,hybrid-session-005,5.0,40739.74270506762,40739.74270506762,,,1.9140625,
uncalibrated_dynamic,35.0,0.05,0.1,hybrid-session-006,5.0,111.45467893220484,111.45467893220484,,,2.625,
uncalibrated_dynamic,35.0,0.05,0.1,hybrid-session-009,5.0,40582.727399041876,8258.807004027442,,,4.295703125,
uncalibrated_dynamic,35.0,0.05,0.1,hybrid-session-010,5.0,40830.065367914736,40830.065367914736,,,1.53125,
uncalibrated_dynamic,35.0,0.05,0.1,hybrid-session-013,5.0,96.76061291247606,96.76061291247606,,,1.8046875,
uncalibrated_dynamic,35.0,0.05,0.1,hybrid-session-016,5.0,44636.04800507985,44636.04800507985,,,1.55859375,
uncalibrated_dynamic,35.0,0.05,0.1,hybrid-session-020,5.0,40213.48304183036,40213.48304183036,,,2.40625,
uncalibrated_dynamic,35.0,0.05,0.1,hybrid-session-021,5.0,40905.527479032055,40905.527479032055,,,1.36376953125,
uncalibrated_dynamic,35.0,0.05,0.1,hybrid-session-025,5.0,41439.310580911115,41439.310580911115,,,1.96875,
uncalibrated_dynamic,35.0,0.05,0.1,hybrid-session-026,5.0,116.42576311714947,116.42576311714947,,,2.1875,
utility_dynamic,35.0,0.05,0.1,hybrid-session-002,5.0,3952.996853971854,975.5536961834878,,,3.65927734375,
utility_dynamic,35.0,0.05,0.1,hybrid-session-003,5.0,273.3519331086427,191.7909394018352,,,3.587158203125,
utility_dynamic,35.0,0.05,0.1,hybrid-session-004,5.0,40686.39682211541,26854.660599377006,,,3.074462890625,
utility_dynamic,35.0,0.05,0.1,hybrid-session-005,5.0,43805.22714494541,17018.72560407482,,,3.619970703125,
utility_dynamic,35.0,0.05,0.1,hybrid-session-006,5.0,41821.47450298816,8538.13993487656,,,6.760400390625,
utility_dynamic,35.0,0.05,0.1,hybrid-session-009,5.0,45365.15752122365,17471.384384408964,,,3.42548828125,
utility_dynamic,35.0,0.05,0.1,hybrid-session-010,5.0,40814.22271731496,16411.650904683025,,,4.9328125,
utility_dynamic,35.0,0.05,0.1,hybrid-session-013,5.0,44973.10893622972,9149.53271772489,,,3.737890625,
utility_dynamic,35.0,0.05,0.1,hybrid-session-016,5.0,44762.691761277616,44115.279504601844,,,1.6739501953125,
utility_dynamic,35.0,0.05,0.1,hybrid-session-020,5.0,44870.25080407597,17320.422697464375,,,3.770361328125,
utility_dynamic,35.0,0.05,0.1,hybrid-session-021,5.0,41443.98243986815,27356.133321141202,,,3.3900553385416665,
utility_dynamic,35.0,0.05,0.1,hybrid-session-025,5.0,44294.47743197717,17173.061852861196,,,3.83359375,
utility_dynamic,35.0,0.05,0.1,hybrid-session-026,5.0,41819.12464113347,8507.852599211783,,,5.925048828125,
full_lru,35.0,0.1,0.05,hybrid-session-002,5.0,4238.370477920398,951.2217118404806,,,8.290625,
full_lru,35.0,0.1,0.05,hybrid-session-003,5.0,148.29118899069726,120.15289599075913,,,7.5359375,
full_lru,35.0,0.1,0.05,hybrid-session-004,5.0,155.15603590756655,130.82793378271163,,,8.96875,
full_lru,35.0,0.1,0.05,hybrid-session-005,5.0,141.57186402007937,121.45034582354128,,,8.159375,
full_lru,35.0,0.1,0.05,hybrid-session-006,5.0,210.0989909376949,157.92724578641355,,,10.45625,
full_lru,35.0,0.1,0.05,hybrid-session-009,5.0,129.85546793788671,117.04572052694857,,,7.4921875,
full_lru,35.0,0.1,0.05,hybrid-session-010,5.0,151.4630380552262,125.89570442214608,,,8.0609375,
full_lru,35.0,0.1,0.05,hybrid-session-013,5.0,143.15936481580138,121.12580821849406,,,7.74375,
full_lru,35.0,0.1,0.05,hybrid-session-016,5.0,153.7514461670071,125.32113743945956,,,8.8375,
full_lru,35.0,0.1,0.05,hybrid-session-020,5.0,150.7721079979092,123.20331740193069,,,8.421875,
full_lru,35.0,0.1,0.05,hybrid-session-021,5.0,184.38819702714682,135.09543458931148,,,9.23125,
full_lru,35.0,0.1,0.05,hybrid-session-025,5.0,140.59303817339242,124.24883246421814,,,8.53125,
full_lru,35.0,0.1,0.05,hybrid-session-026,5.0,194.97153209522367,141.98943888768554,,,9.7125,
static_best,35.0,0.1,0.05,hybrid-session-002,5.0,3734.71149103716,915.5887320172042,,,4.5021484375,
static_best,35.0,0.1,0.05,hybrid-session-003,5.0,247.1370028797537,177.47970684431493,,,4.290576171875,
static_best,35.0,0.1,0.05,hybrid-session-004,5.0,290.1539080776274,206.40467079356313,,,4.687744140625,
static_best,35.0,0.1,0.05,hybrid-session-005,5.0,295.03559321165085,188.0507472436875,,,4.462158203125,
static_best,35.0,0.1,0.05,hybrid-session-006,5.0,302.40668286569417,220.85544504225254,,,5.192578125,
static_best,35.0,0.1,0.05,hybrid-session-009,5.0,245.10540603660047,171.67000561021268,,,4.346630859375,
static_best,35.0,0.1,0.05,hybrid-session-010,5.0,287.35612495802343,183.31480394117534,,,4.542822265625,
static_best,35.0,0.1,0.05,hybrid-session-013,5.0,173.36327396333218,126.78709696047008,,,2.9571126302083335,
static_best,35.0,0.1,0.05,hybrid-session-016,5.0,43560.54115083441,17180.65052120052,,,4.633056640625,
static_best,35.0,0.1,0.05,hybrid-session-020,5.0,278.1714010052383,198.4120627399534,,,4.618017578125,
static_best,35.0,0.1,0.05,hybrid-session-021,5.0,296.5059010311961,218.14453504048288,,,4.84736328125,
static_best,35.0,0.1,0.05,hybrid-session-025,5.0,284.40878191031516,193.17170637659729,,,4.559228515625,
static_best,35.0,0.1,0.05,hybrid-session-026,5.0,289.6059050690383,204.71635181456804,,,4.67099609375,
static_safe,35.0,0.1,0.05,hybrid-session-002,5.0,3515.181401045993,869.878662424162,,,4.5021484375,
static_safe,35.0,0.1,0.05,hybrid-session-003,5.0,242.9042188450694,176.0076575446874,,,4.290576171875,
static_safe,35.0,0.1,0.05,hybrid-session-004,5.0,286.2294800579548,205.2525393664837,,,4.687744140625,
static_safe,35.0,0.1,0.05,hybrid-session-005,5.0,286.96759790182114,198.3623635955155,,,4.462158203125,
static_safe,35.0,0.1,0.05,hybrid-session-006,5.0,294.8264901060611,226.24177201651037,,,5.192578125,
static_safe,35.0,0.1,0.05,hybrid-session-009,5.0,244.56737213768065,176.7968986183405,,,4.346630859375,
static_safe,35.0,0.1,0.05,hybrid-session-010,5.0,285.7004429679364,181.8842127919197,,,4.542822265625,
static_safe,35.0,0.1,0.05,hybrid-session-013,5.0,168.86460385285318,118.48985861676435,,,2.9571126302083335,
static_safe,35.0,0.1,0.05,hybrid-session-016,5.0,42485.119597159326,16450.83790517412,,,4.633056640625,
static_safe,35.0,0.1,0.05,hybrid-session-020,5.0,233.46349294297397,182.59799578227103,,,4.618017578125,
static_safe,35.0,0.1,0.05,hybrid-session-021,5.0,267.46402215212584,193.4533866122365,,,4.84736328125,
static_safe,35.0,0.1,0.05,hybrid-session-025,5.0,240.12762820348144,170.55185483768582,,,4.559228515625,
static_safe,35.0,0.1,0.05,hybrid-session-026,5.0,241.62441911175847,190.2922908309847,,,4.67099609375,
uncalibrated_dynamic,35.0,0.1,0.05,hybrid-session-002,5.0,39991.558787943795,8853.113154381514,,,4.43037109375,
uncalibrated_dynamic,35.0,0.1,0.05,hybrid-session-003,5.0,84.94844404049218,84.94844404049218,,,1.4765625,
uncalibrated_dynamic,35.0,0.1,0.05,hybrid-session-004,5.0,40874.60719815828,40874.60719815828,,,1.0390625,
uncalibrated_dynamic,35.0,0.1,0.05,hybrid-session-005,5.0,41573.33932187967,41573.33932187967,,,1.9140625,
uncalibrated_dynamic,35.0,0.1,0.05,hybrid-session-006,5.0,100.78314482234418,100.78314482234418,,,2.625,
uncalibrated_dynamic,35.0,0.1,0.05,hybrid-session-009,5.0,39480.314261086285,8019.381239040196,,,4.295703125,
uncalibrated_dynamic,35.0,0.1,0.05,hybrid-session-010,5.0,34523.27439961955,34523.27439961955,,,1.53125,
uncalibrated_dynamic,35.0,0.1,0.05,hybrid-session-013,5.0,97.97529317438602,97.97529317438602,,,1.8046875,
uncalibrated_dynamic,35.0,0.1,0.05,hybrid-session-016,5.0,44390.30492188595,44390.30492188595,,,1.55859375,
uncalibrated_dynamic,35.0,0.1,0.05,hybrid-session-020,5.0,39905.62396643497,39905.62396643497,,,2.40625,
uncalibrated_dynamic,35.0,0.1,0.05,hybrid-session-021,5.0,40714.83415193111,40714.83415193111,,,1.36376953125,
uncalibrated_dynamic,35.0,0.1,0.05,hybrid-session-025,5.0,39394.34275916405,39394.34275916405,,,1.96875,
uncalibrated_dynamic,35.0,0.1,0.05,hybrid-session-026,5.0,113.86312893591821,113.86312893591821,,,2.1875,
utility_dynamic,35.0,0.1,0.05,hybrid-session-002,5.0,3572.3743340931833,893.9218117855489,,,3.65927734375,
utility_dynamic,35.0,0.1,0.05,hybrid-session-003,5.0,247.26972403004766,183.92906966619194,,,3.587158203125,
utility_dynamic,35.0,0.1,0.05,hybrid-session-004,5.0,41405.536906315014,27157.095800365012,,,3.074462890625,
utility_dynamic,35.0,0.1,0.05,hybrid-session-005,5.0,45215.50231897831,17129.039728903772,,,3.619970703125,
utility_dynamic,35.0,0.1,0.05,hybrid-session-006,5.0,41326.71999013238,8436.623627206684,,,6.760400390625,
utility_dynamic,35.0,0.1,0.05,hybrid-session-009,5.0,44033.83071414009,16983.008562611045,,,3.42548828125,
utility_dynamic,35.0,0.1,0.05,hybrid-session-010,5.0,40311.33011412248,16147.542097259686,,,4.9328125,
utility_dynamic,35.0,0.1,0.05,hybrid-session-013,5.0,37542.03046601266,7652.536222010851,,,3.737890625,
utility_dynamic,35.0,0.1,0.05,hybrid-session-016,5.0,44164.442067980766,43631.15407807287,,,1.6739501953125,
utility_dynamic,35.0,0.1,0.05,hybrid-session-020,5.0,43449.27008582279,16852.028219419717,,,3.770361328125,
utility_dynamic,35.0,0.1,0.05,hybrid-session-021,5.0,41397.6574820783,27473.082679685827,,,3.3900553385416665,
utility_dynamic,35.0,0.1,0.05,hybrid-session-025,5.0,42866.25876297988,16703.415463355555,,,3.83359375,
utility_dynamic,35.0,0.1,0.05,hybrid-session-026,5.0,41364.218542715535,8437.299124084413,,,5.925048828125,
full_lru,35.0,0.1,0.1,hybrid-session-002,5.0,3921.806850004941,883.6345050018281,,,8.290625,
full_lru,35.0,0.1,0.1,hybrid-session-003,5.0,147.94920105487108,111.9075853843242,,,7.5359375,
full_lru,35.0,0.1,0.1,hybrid-session-004,5.0,150.63837706111372,120.76890780590475,,,8.96875,
full_lru,35.0,0.1,0.1,hybrid-session-005,5.0,143.48195679485798,111.40395519323647,,,8.159375,
full_lru,35.0,0.1,0.1,hybrid-session-006,5.0,200.18887403421104,140.12473244220018,,,10.45625,
full_lru,35.0,0.1,0.1,hybrid-session-009,5.0,132.6268040575087,110.86776303127408,,,7.4921875,
full_lru,35.0,0.1,0.1,hybrid-session-010,5.0,150.18451097421348,115.45552359893918,,,8.0609375,
full_lru,35.0,0.1,0.1,hybrid-session-013,5.0,144.4643798749894,111.4245436154306,,,7.74375,
full_lru,35.0,0.1,0.1,hybrid-session-016,5.0,153.45678408630192,114.73788227885962,,,8.8375,
full_lru,35.0,0.1,0.1,hybrid-session-020,5.0,136.11643807962537,112.36237301491201,,,8.421875,
full_lru,35.0,0.1,0.1,hybrid-session-021,5.0,191.3042759988457,123.80514638498425,,,9.23125,
full_lru,35.0,0.1,0.1,hybrid-session-025,5.0,152.6485038921237,115.14915316365659,,,8.53125,
full_lru,35.0,0.1,0.1,hybrid-session-026,5.0,185.56498596444726,133.06576777249575,,,9.7125,
static_best,35.0,0.1,0.1,hybrid-session-002,5.0,3506.1698788776994,870.7233115565032,,,4.5021484375,
static_best,35.0,0.1,0.1,hybrid-session-003,5.0,247.66425206325948,179.6166171785444,,,4.290576171875,
static_best,35.0,0.1,0.1,hybrid-session-004,5.0,288.40575693175197,202.66418517567217,,,4.687744140625,
static_best,35.0,0.1,0.1,hybrid-session-005,5.0,286.58810001797974,189.23157858662307,,,4.462158203125,
static_best,35.0,0.1,0.1,hybrid-session-006,5.0,297.81724605709314,220.52665315568447,,,5.192578125,
static_best,35.0,0.1,0.1,hybrid-session-009,5.0,243.35497780703008,173.78846579231322,,,4.346630859375,
static_best,35.0,0.1,0.1,hybrid-session-010,5.0,284.6342420671135,182.19951358623803,,,4.542822265625,
static_best,35.0,0.1,0.1,hybrid-session-013,5.0,173.08855499140918,119.43949836616714,,,2.9571126302083335,
static_best,35.0,0.1,0.1,hybrid-session-016,5.0,42344.870846876875,15806.211378018186,,,4.633056640625,
static_best,35.0,0.1,0.1,hybrid-session-020,5.0,276.7358801793307,196.89016630873084,,,4.618017578125,
static_best,35.0,0.1,0.1,hybrid-session-021,5.0,291.5888780262321,206.4391857944429,,,4.84736328125,
static_best,35.0,0.1,0.1,hybrid-session-025,5.0,285.642049042508,188.34077958017588,,,4.559228515625,
static_best,35.0,0.1,0.1,hybrid-session-026,5.0,286.20901284739375,209.3099320307374,,,4.67099609375,
static_safe,35.0,0.1,0.1,hybrid-session-002,5.0,3668.3743360918015,903.9153662044555,,,4.5021484375,
static_safe,35.0,0.1,0.1,hybrid-session-003,5.0,246.43958499655128,174.17065761983395,,,4.290576171875,
static_safe,35.0,0.1,0.1,hybrid-session-004,5.0,291.6261521168053,209.0968542266637,,,4.687744140625,
static_safe,35.0,0.1,0.1,hybrid-session-005,5.0,288.16239698790014,191.95221844129264,,,4.462158203125,
static_safe,35.0,0.1,0.1,hybrid-session-006,5.0,299.1419530007988,225.54690400138497,,,5.192578125,
static_safe,35.0,0.1,0.1,hybrid-session-009,5.0,248.11932304874063,173.3022748492658,,,4.346630859375,
static_safe,35.0,0.1,0.1,hybrid-session-010,5.0,285.48852098174393,187.47130138799548,,,4.542822265625,
static_safe,35.0,0.1,0.1,hybrid-session-013,5.0,175.50061596557498,127.71087931469083,,,2.9571126302083335,
static_safe,35.0,0.1,0.1,hybrid-session-016,5.0,43607.64655395597,17292.568428773062,,,4.633056640625,
static_safe,35.0,0.1,0.1,hybrid-session-020,5.0,282.1056090760976,209.7427970264107,,,4.618017578125,
static_safe,35.0,0.1,0.1,hybrid-session-021,5.0,290.1128551457077,212.85740160383284,,,4.84736328125,
static_safe,35.0,0.1,0.1,hybrid-session-025,5.0,293.3229629416019,193.37867284193635,,,4.559228515625,
static_safe,35.0,0.1,0.1,hybrid-session-026,5.0,288.2519760169089,213.90580241568387,,,4.67099609375,
uncalibrated_dynamic,35.0,0.1,0.1,hybrid-session-002,5.0,41373.06238800287,8706.057674011216,,,4.43037109375,
uncalibrated_dynamic,35.0,0.1,0.1,hybrid-session-003,5.0,54.37153484672308,54.37153484672308,,,1.4765625,
uncalibrated_dynamic,35.0,0.1,0.1,hybrid-session-004,5.0,38871.84691070765,38871.84691070765,,,1.0390625,
uncalibrated_dynamic,35.0,0.1,0.1,hybrid-session-005,5.0,39918.419360080734,39918.419360080734,,,1.9140625,
uncalibrated_dynamic,35.0,0.1,0.1,hybrid-session-006,5.0,114.03292510658503,114.03292510658503,,,2.625,
uncalibrated_dynamic,35.0,0.1,0.1,hybrid-session-009,5.0,41958.28830708936,8516.835666964203,,,4.295703125,
uncalibrated_dynamic,35.0,0.1,0.1,hybrid-session-010,5.0,40396.02706601657,40396.02706601657,,,1.53125,
uncalibrated_dynamic,35.0,0.1,0.1,hybrid-session-013,5.0,123.28233406879008,123.28233406879008,,,1.8046875,
uncalibrated_dynamic,35.0,0.1,0.1,hybrid-session-016,5.0,44576.66327000223,44576.66327000223,,,1.55859375,
uncalibrated_dynamic,35.0,0.1,0.1,hybrid-session-020,5.0,40686.060171138495,40686.060171138495,,,2.40625,
uncalibrated_dynamic,35.0,0.1,0.1,hybrid-session-021,5.0,40298.05059181899,40298.05059181899,,,1.36376953125,
uncalibrated_dynamic,35.0,0.1,0.1,hybrid-session-025,5.0,41302.606539020315,41302.606539020315,,,1.96875,
uncalibrated_dynamic,35.0,0.1,0.1,hybrid-session-026,5.0,113.37585211731493,113.37585211731493,,,2.1875,
utility_dynamic,35.0,0.1,0.1,hybrid-session-002,5.0,3687.706697965041,918.099746061489,,,3.65927734375,
utility_dynamic,35.0,0.1,0.1,hybrid-session-003,5.0,270.98184800706804,187.9908971954137,,,3.587158203125,
utility_dynamic,35.0,0.1,0.1,hybrid-session-004,5.0,41359.61661801487,27374.811259969447,,,3.074462890625,
utility_dynamic,35.0,0.1,0.1,hybrid-session-005,5.0,44939.63845671341,17262.25885016769,,,3.619970703125,
utility_dynamic,35.0,0.1,0.1,hybrid-session-006,5.0,40099.072527108714,8202.29321279861,,,6.760400390625,
utility_dynamic,35.0,0.1,0.1,hybrid-session-009,5.0,44187.874673048034,15978.058269930258,,,3.42548828125,
utility_dynamic,35.0,0.1,0.1,hybrid-session-010,5.0,41119.630319876596,16490.70998579897,,,4.9328125,
utility_dynamic,35.0,0.1,0.1,hybrid-session-013,5.0,45278.3787450213,9205.490704801306,,,3.737890625,
utility_dynamic,35.0,0.1,0.1,hybrid-session-016,5.0,44193.00498103723,44082.144154035486,,,1.6739501953125,
utility_dynamic,35.0,0.1,0.1,hybrid-session-020,5.0,43583.95932690613,17328.04476486519,,,3.770361328125,
utility_dynamic,35.0,0.1,0.1,hybrid-session-021,5.0,41862.999799117446,27423.061909333494,,,3.3900553385416665,
utility_dynamic,35.0,0.1,0.1,hybrid-session-025,5.0,44368.22819000296,17265.227653437854,,,3.83359375,
utility_dynamic,35.0,0.1,0.1,hybrid-session-026,5.0,40611.608935020864,8286.064919589833,,,5.925048828125,
full_lru,50.0,0.05,0.05,hybrid-session-002,5.0,3839.222530834377,866.3676375057548,,,8.290625,
full_lru,50.0,0.05,0.05,hybrid-session-003,5.0,131.68112700805068,103.25889880768955,,,7.5359375,
full_lru,50.0,0.05,0.05,hybrid-session-004,5.0,152.9724730644375,118.81779488176107,,,8.96875,
full_lru,50.0,0.05,0.05,hybrid-session-005,5.0,147.92494103312492,117.04278159886599,,,8.159375,
full_lru,50.0,0.05,0.05,hybrid-session-006,5.0,190.84016396664083,143.30832296982408,,,10.4125,
full_lru,50.0,0.05,0.05,hybrid-session-009,5.0,131.69796112924814,101.41499270685017,,,7.5140625,
full_lru,50.0,0.05,0.05,hybrid-session-010,5.0,150.75079095549881,112.06282717175782,,,8.0171875,
full_lru,50.0,0.05,0.05,hybrid-session-013,5.0,147.68903399817646,106.20007594116032,,,7.6890625,
full_lru,50.0,0.05,0.05,hybrid-session-016,5.0,177.77357809245586,120.57918780483305,,,9.0671875,
full_lru,50.0,0.05,0.05,hybrid-session-020,5.0,150.2730641514063,114.2884730361402,,,8.509375,
full_lru,50.0,0.05,0.05,hybrid-session-021,5.0,178.63899818621576,122.29695785790682,,,9.296875,
full_lru,50.0,0.05,0.05,hybrid-session-025,5.0,150.15092911198735,112.47576358728111,,,8.1265625,
full_lru,50.0,0.05,0.05,hybrid-session-026,5.0,185.17115409485996,123.96772424690425,,,9.7671875,
static_best,50.0,0.05,0.05,hybrid-session-002,5.0,3837.994337081909,960.3485702071339,,,4.4734375,
static_best,50.0,0.05,0.05,hybrid-session-003,5.0,276.414361782372,197.3634329624474,,,4.261865234375,
static_best,50.0,0.05,0.05,hybrid-session-004,5.0,310.9135201666504,229.57850024104118,,,4.458056640625,
static_best,50.0,0.05,0.05,hybrid-session-005,5.0,276.7769400961697,205.1807280164212,,,4.22529296875,
static_best,50.0,0.05,0.05,hybrid-session-006,5.0,330.635123886168,236.29131419584155,,,5.203515625,
static_best,50.0,0.05,0.05,hybrid-session-009,5.0,276.08389616943896,188.66275339387357,,,4.317919921875,
static_best,50.0,0.05,0.05,hybrid-session-010,5.0,319.1765460651368,206.79649682715535,,,4.542822265625,
static_best,50.0,0.05,0.05,hybrid-session-013,5.0,206.95678400807083,147.95752599214515,,,2.9571126302083335,
static_best,50.0,0.05,0.05,hybrid-session-016,5.0,43264.87588297203,17290.20970475115,,,4.618701171875,
static_best,50.0,0.05,0.05,hybrid-session-020,5.0,305.27436500415206,209.21915876679122,,,4.603662109375,
static_best,50.0,0.05,0.05,hybrid-session-021,5.0,323.6671518534422,235.4563225992024,,,4.8330078125,
static_best,50.0,0.05,0.05,hybrid-session-025,5.0,316.60222192294896,211.71103054657578,,,4.537353515625,
static_best,50.0,0.05,0.05,hybrid-session-026,5.0,318.28457000665367,234.76039078086615,,,4.663818359375,
static_safe,50.0,0.05,0.05,hybrid-session-002,5.0,3768.257999094203,945.1420084107667,,,4.4734375,
static_safe,50.0,0.05,0.05,hybrid-session-003,5.0,278.53268501348794,199.51234562322497,,,4.261865234375,
static_safe,50.0,0.05,0.05,hybrid-session-004,5.0,315.22367685101926,231.66568498127162,,,4.458056640625,
static_safe,50.0,0.05,0.05,hybrid-session-005,5.0,277.1987891755998,209.50332628563046,,,4.22529296875,
static_safe,50.0,0.05,0.05,hybrid-session-006,5.0,332.8757679555565,235.39158557541668,,,5.203515625,
static_safe,50.0,0.05,0.05,hybrid-session-009,5.0,251.40952598303556,173.5301031731069,,,4.317919921875,
static_safe,50.0,0.05,0.05,hybrid-session-010,5.0,270.3421369660646,194.8801974300295,,,4.542822265625,
static_safe,50.0,0.05,0.05,hybrid-session-013,5.0,205.13051305897534,144.19644263883433,,,2.9571126302083335,
static_safe,50.0,0.05,0.05,hybrid-session-016,5.0,42849.628040097654,17045.003966240583,,,4.618701171875,
static_safe,50.0,0.05,0.05,hybrid-session-020,5.0,302.7862070593983,206.9729341659695,,,4.603662109375,
static_safe,50.0,0.05,0.05,hybrid-session-021,5.0,325.00395202077925,236.61869764328003,,,4.8330078125,
static_safe,50.0,0.05,0.05,hybrid-session-025,5.0,322.84178608097136,213.56615680269897,,,4.537353515625,
static_safe,50.0,0.05,0.05,hybrid-session-026,5.0,332.9159878194332,233.36231210269034,,,4.663818359375,
uncalibrated_dynamic,50.0,0.05,0.05,hybrid-session-002,5.0,41110.86167273112,9155.130611116067,,,4.43037109375,
uncalibrated_dynamic,50.0,0.05,0.05,hybrid-session-003,5.0,104.88809691742063,104.88809691742063,,,1.4765625,
uncalibrated_dynamic,50.0,0.05,0.05,hybrid-session-004,5.0,113.00631007179618,113.00631007179618,,,1.75,
uncalibrated_dynamic,50.0,0.05,0.05,hybrid-session-005,5.0,121.58551602624357,121.58551602624357,,,1.9140625,
uncalibrated_dynamic,50.0,0.05,0.05,hybrid-session-006,5.0,118.93482296727598,118.93482296727598,,,2.625,
uncalibrated_dynamic,50.0,0.05,0.05,hybrid-session-009,5.0,109.52373803593218,109.52373803593218,,,1.6953125,
uncalibrated_dynamic,50.0,0.05,0.05,hybrid-session-010,5.0,94.23497994430363,94.23497994430363,,,1.53125,
uncalibrated_dynamic,50.0,0.05,0.05,hybrid-session-013,5.0,118.30663494765759,118.30663494765759,,,1.8046875,
uncalibrated_dynamic,50.0,0.05,0.05,hybrid-session-016,5.0,123.23739007115364,123.23739007115364,,,2.625,
uncalibrated_dynamic,50.0,0.05,0.05,hybrid-session-020,5.0,42184.30206183717,42184.30206183717,,,1.4287109375,
uncalibrated_dynamic,50.0,0.05,0.05,hybrid-session-021,5.0,39970.039063101634,39970.039063101634,,,2.296875,
uncalibrated_dynamic,50.0,0.05,0.05,hybrid-session-025,5.0,113.614795031026,113.614795031026,,,1.96875,
uncalibrated_dynamic,50.0,0.05,0.05,hybrid-session-026,5.0,121.85734394006431,121.85734394006431,,,2.1875,
utility_dynamic,50.0,0.05,0.05,hybrid-session-002,5.0,3813.3442061953247,955.4931274149567,,,3.6462890625,
utility_dynamic,50.0,0.05,0.05,hybrid-session-003,5.0,281.3977668993175,202.01622834429145,,,3.574169921875,
utility_dynamic,50.0,0.05,0.05,hybrid-session-004,5.0,437.55629495717585,263.5557354427874,,,3.820947265625,
utility_dynamic,50.0,0.05,0.05,hybrid-session-005,5.0,40539.05469197966,8273.236864190922,,,5.471484375,
utility_dynamic,50.0,0.05,0.05,hybrid-session-006,5.0,38143.95635491237,7811.658815406263,,,4.148046875,
utility_dynamic,50.0,0.05,0.05,hybrid-session-009,5.0,40668.7708480712,8280.435456427931,,,4.868212890625,
utility_dynamic,50.0,0.05,0.05,hybrid-session-010,5.0,43958.292587077245,17117.266055839882,,,4.9328125,
utility_dynamic,50.0,0.05,0.05,hybrid-session-013,5.0,45275.71836612187,9214.548717783764,,,3.737890625,
utility_dynamic,50.0,0.05,0.05,hybrid-session-016,5.0,322.098036063835,217.21275802701712,,,3.762158203125,
utility_dynamic,50.0,0.05,0.05,hybrid-session-020,5.0,41384.89702215418,41384.89702215418,,,1.4287109375,
utility_dynamic,50.0,0.05,0.05,hybrid-session-021,5.0,41266.52796090394,8467.379893015697,,,3.9498046875,
utility_dynamic,50.0,0.05,0.05,hybrid-session-025,5.0,317.43923714384437,205.50339496694505,,,3.81171875,
utility_dynamic,50.0,0.05,0.05,hybrid-session-026,5.0,302.08537192083895,232.99765679985285,,,3.70849609375,
full_lru,50.0,0.05,0.1,hybrid-session-002,5.0,3941.0180451814085,882.5172774028033,,,8.290625,
full_lru,50.0,0.05,0.1,hybrid-session-003,5.0,145.74952516704798,105.84833729080856,,,7.5359375,
full_lru,50.0,0.05,0.1,hybrid-session-004,5.0,153.87648693285882,117.22281202673912,,,8.96875,
full_lru,50.0,0.05,0.1,hybrid-session-005,5.0,136.81961898691952,109.86665077507496,,,8.159375,
full_lru,50.0,0.05,0.1,hybrid-session-006,5.0,198.0935491155833,140.80782672390342,,,10.4125,
full_lru,50.0,0.05,0.1,hybrid-session-009,5.0,133.68463702499866,102.89238821715117,,,7.5140625,
full_lru,50.0,0.05,0.1,hybrid-session-010,5.0,148.76781194470823,110.1635170634836,,,8.0171875,
full_lru,50.0,0.05,0.1,hybrid-session-013,5.0,145.43587295338511,107.02195279300213,,,7.6890625,
full_lru,50.0,0.05,0.1,hybrid-session-016,5.0,189.15329314768314,122.04177645035088,,,9.0671875,
full_lru,50.0,0.05,0.1,hybrid-session-020,5.0,129.47137211449444,107.28513365611434,,,8.509375,
full_lru,50.0,0.05,0.1,hybrid-session-021,5.0,194.5510278455913,128.33977919071913,,,9.296875,
full_lru,50.0,0.05,0.1,hybrid-session-025,5.0,134.69316507689655,111.85677056200802,,,8.1265625,
full_lru,50.0,0.05,0.1,hybrid-session-026,5.0,195.91592508368194,132.8688294161111,,,9.7671875,
static_best,50.0,0.05,0.1,hybrid-session-002,5.0,3742.9241409990937,917.6767308264971,,,4.48779296875,
static_best,50.0,0.05,0.1,hybrid-session-003,5.0,246.71365995891392,176.84963215142488,,,4.261865234375,
static_best,50.0,0.05,0.1,hybrid-session-004,5.0,292.41718095727265,198.39605260640383,,,4.458056640625,
static_best,50.0,0.05,0.1,hybrid-session-005,5.0,247.89665010757744,179.06296076253057,,,4.22529296875,
static_best,50.0,0.05,0.1,hybrid-session-006,5.0,318.7105960678309,221.56464401632547,,,5.1638671875,
static_best,50.0,0.05,0.1,hybrid-session-009,5.0,268.7669009901583,171.80447299033403,,,4.317919921875,
static_best,50.0,0.05,0.1,hybrid-session-010,5.0,311.53722503222525,185.96971342340112,,,4.542822265625,
static_best,50.0,0.05,0.1,hybrid-session-013,5.0,174.0234661847353,118.35795640945435,,,2.9571126302083335,
static_best,50.0,0.05,0.1,hybrid-session-016,5.0,42227.09110591747,16968.20823980756,,,4.618701171875,
static_best,50.0,0.05,0.1,hybrid-session-020,5.0,285.14249389991164,192.37597761675715,,,4.603662109375,
static_best,50.0,0.05,0.1,hybrid-session-021,5.0,292.25198389030993,204.60422155447304,,,4.8330078125,
static_best,50.0,0.05,0.1,hybrid-session-025,5.0,291.5625621099025,184.6279242541641,,,4.537353515625,
static_best,50.0,0.05,0.1,hybrid-session-026,5.0,297.62070486322045,204.64007356204093,,,4.663818359375,
static_safe,50.0,0.05,0.1,hybrid-session-002,5.0,3851.7215130850673,959.7346460446715,,,4.45908203125,
static_safe,50.0,0.05,0.1,hybrid-session-003,5.0,275.2782490570098,196.83083961717784,,,4.261865234375,
static_safe,50.0,0.05,0.1,hybrid-session-004,5.0,314.92121890187263,232.37182176671922,,,4.458056640625,
static_safe,50.0,0.05,0.1,hybrid-session-005,5.0,275.57198610156775,205.74784367345273,,,4.22529296875,
static_safe,50.0,0.05,0.1,hybrid-session-006,5.0,329.5096210204065,233.70243632234633,,,5.1638671875,
static_safe,50.0,0.05,0.1,hybrid-session-009,5.0,276.0879350826144,192.81123126856983,,,4.317919921875,
static_safe,50.0,0.05,0.1,hybrid-session-010,5.0,317.6141600124538,207.5032290071249,,,4.542822265625,
static_safe,50.0,0.05,0.1,hybrid-session-013,5.0,202.1616161800921,140.60911241297921,,,2.9571126302083335,
static_safe,50.0,0.05,0.1,hybrid-session-016,5.0,43381.81666093506,17340.65931780748,,,4.618701171875,
static_safe,50.0,0.05,0.1,hybrid-session-020,5.0,302.83706984482706,208.4700485225767,,,4.603662109375,
static_safe,50.0,0.05,0.1,hybrid-session-021,5.0,324.0281098987907,239.1822670120746,,,4.8330078125,
static_safe,50.0,0.05,0.1,hybrid-session-025,5.0,314.13056794553995,213.56086879968643,,,4.537353515625,
static_safe,50.0,0.05,0.1,hybrid-session-026,5.0,317.67694279551506,231.8982387892902,,,4.663818359375,
uncalibrated_dynamic,50.0,0.05,0.1,hybrid-session-002,5.0,41722.24676498957,9253.335516213998,,,4.43037109375,
uncalibrated_dynamic,50.0,0.05,0.1,hybrid-session-003,5.0,111.12196114845574,111.12196114845574,,,1.4765625,
uncalibrated_dynamic,50.0,0.05,0.1,hybrid-session-004,5.0,110.07297597825527,110.07297597825527,,,1.75,
uncalibrated_dynamic,50.0,0.05,0.1,hybrid-session-005,5.0,122.29804904200137,122.29804904200137,,,1.9140625,
uncalibrated_dynamic,50.0,0.05,0.1,hybrid-session-006,5.0,122.28864687494934,122.28864687494934,,,2.625,
uncalibrated_dynamic,50.0,0.05,0.1,hybrid-session-009,5.0,109.47919799946249,109.47919799946249,,,1.6953125,
uncalibrated_dynamic,50.0,0.05,0.1,hybrid-session-010,5.0,116.84967414475977,116.84967414475977,,,1.53125,
uncalibrated_dynamic,50.0,0.05,0.1,hybrid-session-013,5.0,107.0559008512646,107.0559008512646,,,1.8046875,
uncalibrated_dynamic,50.0,0.05,0.1,hybrid-session-016,5.0,115.10064895264804,115.10064895264804,,,2.625,
uncalibrated_dynamic,50.0,0.05,0.1,hybrid-session-020,5.0,35132.813028879464,35132.813028879464,,,1.4287109375,
uncalibrated_dynamic,50.0,0.05,0.1,hybrid-session-021,5.0,41628.508656019345,41628.508656019345,,,2.296875,
uncalibrated_dynamic,50.0,0.05,0.1,hybrid-session-025,5.0,123.09674615971744,123.09674615971744,,,1.96875,
uncalibrated_dynamic,50.0,0.05,0.1,hybrid-session-026,5.0,121.04282109066844,121.04282109066844,,,2.1875,
utility_dynamic,50.0,0.05,0.1,hybrid-session-002,5.0,3900.8772941306233,973.7577413674444,,,3.6462890625,
utility_dynamic,50.0,0.05,0.1,hybrid-session-003,5.0,279.06843600794673,194.20545483008027,,,3.574169921875,
utility_dynamic,50.0,0.05,0.1,hybrid-session-004,5.0,325.86479489691556,231.51635681279004,,,3.820947265625,
utility_dynamic,50.0,0.05,0.1,hybrid-session-005,5.0,40186.66168805398,8200.229209596664,,,5.471484375,
utility_dynamic,50.0,0.05,0.1,hybrid-session-006,5.0,43595.74661000073,8894.234387607128,,,4.148046875,
utility_dynamic,50.0,0.05,0.1,hybrid-session-009,5.0,41770.093194868416,8498.90887252204,,,4.868212890625,
utility_dynamic,50.0,0.05,0.1,hybrid-session-010,5.0,43261.316434180364,17175.18295838088,,,4.9328125,
utility_dynamic,50.0,0.05,0.1,hybrid-session-013,5.0,45522.23734132014,9261.078984323889,,,3.737890625,
utility_dynamic,50.0,0.05,0.1,hybrid-session-016,5.0,321.5548889711499,216.6659236419946,,,3.762158203125,
utility_dynamic,50.0,0.05,0.1,hybrid-session-020,5.0,41197.60959130153,41197.60959130153,,,1.4287109375,
utility_dynamic,50.0,0.05,0.1,hybrid-session-021,5.0,40775.530533943325,8369.301103210822,,,3.9498046875,
utility_dynamic,50.0,0.05,0.1,hybrid-session-025,5.0,309.7747089341283,209.10313255153596,,,3.81171875,
utility_dynamic,50.0,0.05,0.1,hybrid-session-026,5.0,324.01508605107665,232.57422158494592,,,3.70849609375,
full_lru,50.0,0.1,0.05,hybrid-session-002,5.0,4106.386590981856,925.2020552288741,,,8.290625,
full_lru,50.0,0.1,0.05,hybrid-session-003,5.0,139.86015389673412,121.6839028056711,,,7.5359375,
full_lru,50.0,0.1,0.05,hybrid-session-004,5.0,156.04826482012868,131.33130073547363,,,8.96875,
full_lru,50.0,0.1,0.05,hybrid-session-005,5.0,157.71441906690598,127.29754038155079,,,8.159375,
full_lru,50.0,0.1,0.05,hybrid-session-006,5.0,198.0323411989957,150.21436847746372,,,10.4125,
full_lru,50.0,0.1,0.05,hybrid-session-009,5.0,143.02170579321682,120.2090697363019,,,7.5140625,
full_lru,50.0,0.1,0.05,hybrid-session-010,5.0,150.40881582535803,123.13939114101231,,,8.0171875,
full_lru,50.0,0.1,0.05,hybrid-session-013,5.0,141.34122896939516,117.2775000333786,,,7.6890625,
full_lru,50.0,0.1,0.05,hybrid-session-016,5.0,194.82756406068802,136.8243577890098,,,9.0671875,
full_lru,50.0,0.1,0.05,hybrid-session-020,5.0,141.34278311394155,120.09770199656487,,,8.509375,
full_lru,50.0,0.1,0.05,hybrid-session-021,5.0,195.61389298178256,140.6025047879666,,,9.296875,
full_lru,50.0,0.1,0.05,hybrid-session-025,5.0,142.38972100429237,121.87373945489526,,,8.1265625,
full_lru,50.0,0.1,0.05,hybrid-session-026,5.0,200.12191706337035,143.4815934393555,,,9.7671875,
static_best,50.0,0.1,0.05,hybrid-session-002,5.0,3704.066458856687,912.6414137892425,,,4.4734375,
static_best,50.0,0.1,0.05,hybrid-session-003,5.0,267.8416280541569,176.63824553601444,,,4.261865234375,
static_best,50.0,0.1,0.05,hybrid-session-004,5.0,282.5815270189196,203.87655100785196,,,4.458056640625,
static_best,50.0,0.1,0.05,hybrid-session-005,5.0,261.9961421005428,183.72961562126875,,,4.22529296875,
static_best,50.0,0.1,0.05,hybrid-session-006,5.0,303.5943079739809,213.84023292921484,,,5.203515625,
static_best,50.0,0.1,0.05,hybrid-session-009,5.0,243.73541097156703,161.3855430856347,,,4.317919921875,
static_best,50.0,0.1,0.05,hybrid-session-010,5.0,309.47400885634124,186.71361915767193,,,4.542822265625,
static_best,50.0,0.1,0.05,hybrid-session-013,5.0,172.23964212462306,121.06181805332501,,,2.9571126302083335,
static_best,50.0,0.1,0.05,hybrid-session-016,5.0,43013.02171617001,16362.590695891902,,,4.618701171875,
static_best,50.0,0.1,0.05,hybrid-session-020,5.0,281.77178488112986,198.83967232890427,,,4.603662109375,
static_best,50.0,0.1,0.05,hybrid-session-021,5.0,292.81185613945127,214.1312970314175,,,4.8330078125,
static_best,50.0,0.1,0.05,hybrid-session-025,5.0,290.7281341031194,186.3973017781973,,,4.537353515625,
static_best,50.0,0.1,0.05,hybrid-session-026,5.0,294.6849809959531,204.5550282113254,,,4.663818359375,
static_safe,50.0,0.1,0.05,hybrid-session-002,5.0,3655.783409019932,901.4524944126606,,,4.4734375,
static_safe,50.0,0.1,0.05,hybrid-session-003,5.0,247.1423710230738,169.03090463019907,,,4.261865234375,
static_safe,50.0,0.1,0.05,hybrid-session-004,5.0,284.4737358391285,198.68013011291623,,,4.458056640625,
static_safe,50.0,0.1,0.05,hybrid-session-005,5.0,243.44838503748178,175.6171301472932,,,4.22529296875,
static_safe,50.0,0.1,0.05,hybrid-session-006,5.0,295.2643749304116,212.63069240376353,,,5.203515625,
static_safe,50.0,0.1,0.05,hybrid-session-009,5.0,241.79464508779347,161.80755156092346,,,4.317919921875,
static_safe,50.0,0.1,0.05,hybrid-session-010,5.0,290.348389884457,182.52358795143664,,,4.542822265625,
static_safe,50.0,0.1,0.05,hybrid-session-013,5.0,171.19708796963096,121.39626227629681,,,2.9571126302083335,
static_safe,50.0,0.1,0.05,hybrid-session-016,5.0,42900.18142969161,17204.00668829903,,,4.618701171875,
static_safe,50.0,0.1,0.05,hybrid-session-020,5.0,279.2705830652267,185.92403582297266,,,4.603662109375,
static_safe,50.0,0.1,0.05,hybrid-session-021,5.0,290.44132796116173,203.50397625006735,,,4.8330078125,
static_safe,50.0,0.1,0.05,hybrid-session-025,5.0,284.8812001757324,182.78059400618076,,,4.537353515625,
static_safe,50.0,0.1,0.05,hybrid-session-026,5.0,295.9275369066745,208.6171345319599,,,4.663818359375,
uncalibrated_dynamic,50.0,0.1,0.05,hybrid-session-002,5.0,39970.735924700275,8822.240918112919,,,4.43037109375,
uncalibrated_dynamic,50.0,0.1,0.05,hybrid-session-003,5.0,80.8744989335537,80.8744989335537,,,1.4765625,
uncalibrated_dynamic,50.0,0.1,0.05,hybrid-session-004,5.0,93.55960506945848,93.55960506945848,,,1.75,
uncalibrated_dynamic,50.0,0.1,0.05,hybrid-session-005,5.0,95.17470910213888,95.17470910213888,,,1.9140625,
uncalibrated_dynamic,50.0,0.1,0.05,hybrid-session-006,5.0,101.29554709419608,101.29554709419608,,,2.625,
uncalibrated_dynamic,50.0,0.1,0.05,hybrid-session-009,5.0,84.63912783190608,84.63912783190608,,,1.6953125,
uncalibrated_dynamic,50.0,0.1,0.05,hybrid-session-010,5.0,79.51311790384352,79.51311790384352,,,1.53125,
uncalibrated_dynamic,50.0,0.1,0.05,hybrid-session-013,5.0,94.3948240019381,94.3948240019381,,,1.8046875,
uncalibrated_dynamic,50.0,0.1,0.05,hybrid-session-016,5.0,97.95573400333524,97.95573400333524,,,2.625,
uncalibrated_dynamic,50.0,0.1,0.05,hybrid-session-020,5.0,40633.15315214917,40633.15315214917,,,1.4287109375,
uncalibrated_dynamic,50.0,0.1,0.05,hybrid-session-021,5.0,41073.28233313002,41073.28233313002,,,2.296875,
uncalibrated_dynamic,50.0,0.1,0.05,hybrid-session-025,5.0,93.72898796573281,93.72898796573281,,,1.96875,
uncalibrated_dynamic,50.0,0.1,0.05,hybrid-session-026,5.0,95.51999904215336,95.51999904215336,,,2.1875,
utility_dynamic,50.0,0.1,0.05,hybrid-session-002,5.0,3638.493151869625,898.0929051991552,,,3.63330078125,
utility_dynamic,50.0,0.1,0.05,hybrid-session-003,5.0,246.37381988577545,174.34264216572046,,,3.574169921875,
utility_dynamic,50.0,0.1,0.05,hybrid-session-004,5.0,288.09327888302505,198.20396220311522,,,3.794970703125,
utility_dynamic,50.0,0.1,0.05,hybrid-session-005,5.0,40753.543316777796,8286.588557329029,,,5.71552734375,
utility_dynamic,50.0,0.1,0.05,hybrid-session-006,5.0,43479.97366590984,8846.686673724278,,,4.148046875,
utility_dynamic,50.0,0.1,0.05,hybrid-session-009,5.0,40452.33279804699,8217.519370583817,,,4.868212890625,
utility_dynamic,50.0,0.1,0.05,hybrid-session-010,5.0,44917.82668908127,17195.692210398985,,,4.9328125,
utility_dynamic,50.0,0.1,0.05,hybrid-session-013,5.0,43395.98036001064,8818.249940411373,,,3.737890625,
utility_dynamic,50.0,0.1,0.05,hybrid-session-016,5.0,285.6328950729221,189.8615308571607,,,3.762158203125,
utility_dynamic,50.0,0.1,0.05,hybrid-session-020,5.0,40797.71745581366,40797.71745581366,,,1.4287109375,
utility_dynamic,50.0,0.1,0.05,hybrid-session-021,5.0,40690.92573322728,8330.1364748355,,,3.9498046875,
utility_dynamic,50.0,0.1,0.05,hybrid-session-025,5.0,291.7379760183394,185.1032441481948,,,3.81171875,
utility_dynamic,50.0,0.1,0.05,hybrid-session-026,5.0,287.32769493944943,201.97148439474404,,,3.70849609375,
full_lru,50.0,0.1,0.1,hybrid-session-002,5.0,4232.728069880977,941.2746935617179,,,8.290625,
full_lru,50.0,0.1,0.1,hybrid-session-003,5.0,163.0148368421942,105.19928270950913,,,7.5359375,
full_lru,50.0,0.1,0.1,hybrid-session-004,5.0,152.32734102755785,112.56295284256339,,,8.96875,
full_lru,50.0,0.1,0.1,hybrid-session-005,5.0,160.5280078947544,119.5297880563885,,,8.159375,
full_lru,50.0,0.1,0.1,hybrid-session-006,5.0,202.72398996166885,147.46553506702185,,,10.4125,
full_lru,50.0,0.1,0.1,hybrid-session-009,5.0,143.9603199250996,112.03464735299349,,,7.5140625,
full_lru,50.0,0.1,0.1,hybrid-session-010,5.0,164.32207310572267,111.53653133660555,,,8.0171875,
full_lru,50.0,0.1,0.1,hybrid-session-013,5.0,148.3821060974151,105.98774901591241,,,7.6890625,
full_lru,50.0,0.1,0.1,hybrid-session-016,5.0,190.10225287638605,120.13191436417401,,,9.0671875,
full_lru,50.0,0.1,0.1,hybrid-session-020,5.0,147.71495293825865,111.5669721737504,,,8.509375,
full_lru,50.0,0.1,0.1,hybrid-session-021,5.0,189.97287307865918,121.0079921875149,,,9.296875,
full_lru,50.0,0.1,0.1,hybrid-session-025,5.0,148.34614214487374,110.3058089967817,,,8.1265625,
full_lru,50.0,0.1,0.1,hybrid-session-026,5.0,195.67740987986326,125.08269855752587,,,9.7671875,
static_best,50.0,0.1,0.1,hybrid-session-002,5.0,3757.4532439466566,927.5009635835886,,,4.4734375,
static_best,50.0,0.1,0.1,hybrid-session-003,5.0,270.09185403585434,194.29740882478654,,,4.261865234375,
static_best,50.0,0.1,0.1,hybrid-session-004,5.0,313.4075761772692,224.59075823426247,,,4.458056640625,
static_best,50.0,0.1,0.1,hybrid-session-005,5.0,280.688714934513,206.0293666087091,,,4.22529296875,
static_best,50.0,0.1,0.1,hybrid-session-006,5.0,332.003683084622,240.83398948423564,,,5.203515625,
static_best,50.0,0.1,0.1,hybrid-session-009,5.0,277.42330613546073,193.24812884442508,,,4.317919921875,
static_best,50.0,0.1,0.1,hybrid-session-010,5.0,336.15907304920256,213.64889778196812,,,4.542822265625,
static_best,50.0,0.1,0.1,hybrid-session-013,5.0,182.1209480985999,134.42708303531012,,,2.9571126302083335,
static_best,50.0,0.1,0.1,hybrid-session-016,5.0,44078.81669219211,17646.570582332835,,,4.618701171875,
static_best,50.0,0.1,0.1,hybrid-session-020,5.0,302.4291340261698,212.22204924561083,,,4.603662109375,
static_best,50.0,0.1,0.1,hybrid-session-021,5.0,317.75346701033413,235.3423605673015,,,4.8330078125,
static_best,50.0,0.1,0.1,hybrid-session-025,5.0,313.3869881276041,210.50349767319858,,,4.537353515625,
static_best,50.0,0.1,0.1,hybrid-session-026,5.0,316.73747510649264,233.88916575349867,,,4.663818359375,
static_safe,50.0,0.1,0.1,hybrid-session-002,5.0,3799.7149049770087,950.8564443327487,,,4.4734375,
static_safe,50.0,0.1,0.1,hybrid-session-003,5.0,274.95997794903815,199.1692786104977,,,4.261865234375,
static_safe,50.0,0.1,0.1,hybrid-session-004,5.0,312.5848041381687,224.48697085492313,,,4.458056640625,
static_safe,50.0,0.1,0.1,hybrid-session-005,5.0,278.04234507493675,205.88512415997684,,,4.22529296875,
static_safe,50.0,0.1,0.1,hybrid-session-006,5.0,339.3175951205194,242.73651223629713,,,5.203515625,
static_safe,50.0,0.1,0.1,hybrid-session-009,5.0,276.8704800400883,193.28913586214185,,,4.317919921875,
static_safe,50.0,0.1,0.1,hybrid-session-010,5.0,310.5154959484935,205.96034936606884,,,4.542822265625,
static_safe,50.0,0.1,0.1,hybrid-session-013,5.0,204.72067198716104,148.05755531415343,,,2.9571126302083335,
static_safe,50.0,0.1,0.1,hybrid-session-016,5.0,43312.07991584204,16190.982695943118,,,4.618701171875,
static_safe,50.0,0.1,0.1,hybrid-session-020,5.0,301.78941902704537,208.6415748577565,,,4.603662109375,
static_safe,50.0,0.1,0.1,hybrid-session-021,5.0,319.5667089894414,233.8479395955801,,,4.8330078125,
static_safe,50.0,0.1,0.1,hybrid-session-025,5.0,320.49583503976464,206.99338102713227,,,4.537353515625,
static_safe,50.0,0.1,0.1,hybrid-session-026,5.0,319.25385212525725,230.05564166232944,,,4.663818359375,
uncalibrated_dynamic,50.0,0.1,0.1,hybrid-session-002,5.0,43462.62853311747,9580.741447440163,,,4.43037109375,
uncalibrated_dynamic,50.0,0.1,0.1,hybrid-session-003,5.0,93.24035490863025,93.24035490863025,,,1.4765625,
uncalibrated_dynamic,50.0,0.1,0.1,hybrid-session-004,5.0,112.1010419446975,112.1010419446975,,,1.75,
uncalibrated_dynamic,50.0,0.1,0.1,hybrid-session-005,5.0,105.10272113606334,105.10272113606334,,,1.9140625,
uncalibrated_dynamic,50.0,0.1,0.1,hybrid-session-006,5.0,114.80191489681602,114.80191489681602,,,2.625,
uncalibrated_dynamic,50.0,0.1,0.1,hybrid-session-009,5.0,116.53331690467894,116.53331690467894,,,1.6953125,
uncalibrated_dynamic,50.0,0.1,0.1,hybrid-session-010,5.0,114.99820998869836,114.99820998869836,,,1.53125,
uncalibrated_dynamic,50.0,0.1,0.1,hybrid-session-013,5.0,114.0560859348625,114.0560859348625,,,1.8046875,
uncalibrated_dynamic,50.0,0.1,0.1,hybrid-session-016,5.0,115.57665793225169,115.57665793225169,,,2.625,
uncalibrated_dynamic,50.0,0.1,0.1,hybrid-session-020,5.0,41545.51279387809,41545.51279387809,,,1.4287109375,
uncalibrated_dynamic,50.0,0.1,0.1,hybrid-session-021,5.0,42343.765115927905,42343.765115927905,,,2.296875,
uncalibrated_dynamic,50.0,0.1,0.1,hybrid-session-025,5.0,111.67552089318633,111.67552089318633,,,1.96875,
uncalibrated_dynamic,50.0,0.1,0.1,hybrid-session-026,5.0,124.70075092278421,124.70075092278421,,,2.1875,
utility_dynamic,50.0,0.1,0.1,hybrid-session-002,5.0,3680.701507953927,905.2616348024458,,,3.6462890625,
utility_dynamic,50.0,0.1,0.1,hybrid-session-003,5.0,263.4376739151776,162.96865683980286,,,3.574169921875,
utility_dynamic,50.0,0.1,0.1,hybrid-session-004,5.0,265.10248798877,193.47922303713858,,,3.820947265625,
utility_dynamic,50.0,0.1,0.1,hybrid-session-005,5.0,41205.737154033035,8382.040337433293,,,5.471484375,
utility_dynamic,50.0,0.1,0.1,hybrid-session-006,5.0,44009.38674618676,8954.890798213333,,,4.148046875,
utility_dynamic,50.0,0.1,0.1,hybrid-session-009,5.0,41154.943535935134,8358.049072211981,,,4.868212890625,
utility_dynamic,50.0,0.1,0.1,hybrid-session-010,5.0,45247.572312138975,17353.507736507057,,,4.9328125,
utility_dynamic,50.0,0.1,0.1,hybrid-session-013,5.0,44773.825744874775,9098.377440778539,,,3.737890625,
utility_dynamic,50.0,0.1,0.1,hybrid-session-016,5.0,285.2489799261093,197.20194665715098,,,3.762158203125,
utility_dynamic,50.0,0.1,0.1,hybrid-session-020,5.0,41770.186802743,41770.186802743,,,1.4287109375,
utility_dynamic,50.0,0.1,0.1,hybrid-session-021,5.0,42085.50394511968,8613.094974447415,,,3.9498046875,
utility_dynamic,50.0,0.1,0.1,hybrid-session-025,5.0,293.5703538823873,199.4884068146348,,,3.81171875,
utility_dynamic,50.0,0.1,0.1,hybrid-session-026,5.0,289.9595871567726,219.98027372173965,,,3.70849609375,
full_lru,64.0,0.05,0.05,hybrid-session-002,5.0,4120.492490939796,919.585227407515,,,8.4,
full_lru,64.0,0.05,0.05,hybrid-session-003,5.0,135.82169311121106,106.6924327518791,,,7.6234375,
full_lru,64.0,0.05,0.05,hybrid-session-004,5.0,140.73753985576332,116.92607989534736,,,8.96875,
full_lru,64.0,0.05,0.05,hybrid-session-005,5.0,147.72002794779837,117.56315138190985,,,8.159375,
full_lru,64.0,0.05,0.05,hybrid-session-006,5.0,198.43299593776464,141.3342532236129,,,10.4125,
full_lru,64.0,0.05,0.05,hybrid-session-009,5.0,131.59482809714973,102.73296423256397,,,7.5140625,
full_lru,64.0,0.05,0.05,hybrid-session-010,5.0,150.84037301130593,109.583850344643,,,8.0171875,
full_lru,64.0,0.05,0.05,hybrid-session-013,5.0,139.22983896918595,111.77697936072946,,,7.6890625,
full_lru,64.0,0.05,0.05,hybrid-session-016,5.0,194.7203939780593,128.25152738951147,,,9.0671875,
full_lru,64.0,0.05,0.05,hybrid-session-020,5.0,136.53817703016102,114.29738318547606,,,8.509375,
full_lru,64.0,0.05,0.05,hybrid-session-021,5.0,195.6300069577992,131.109450571239,,,9.296875,
full_lru,64.0,0.05,0.05,hybrid-session-025,5.0,135.86212904192507,112.22524112090468,,,8.1265625,
full_lru,64.0,0.05,0.05,hybrid-session-026,5.0,200.24217385798693,136.33044539019465,,,9.7671875,
static_best,64.0,0.05,0.05,hybrid-session-002,5.0,3573.177960002795,891.7519622016698,,,4.4734375,
static_best,64.0,0.05,0.05,hybrid-session-003,5.0,243.75423905439675,170.6640800461173,,,4.261865234375,
static_best,64.0,0.05,0.05,hybrid-session-004,5.0,283.0026331357658,202.85316980443895,,,4.458056640625,
static_best,64.0,0.05,0.05,hybrid-session-005,5.0,243.92870790325105,177.929547149688,,,4.22529296875,
static_best,64.0,0.05,0.05,hybrid-session-006,5.0,294.4255748298019,211.63746998645365,,,5.203515625,
static_best,64.0,0.05,0.05,hybrid-session-009,5.0,225.51873000338674,133.74768069479614,,,3.922119140625,
static_best,64.0,0.05,0.05,hybrid-session-010,5.0,43286.891494039446,8769.022610429674,,,4.514111328125,
static_best,64.0,0.05,0.05,hybrid-session-013,5.0,264.3532380461693,170.25417555123568,,,4.4146484375,
static_best,64.0,0.05,0.05,hybrid-session-016,5.0,276.64631605148315,173.87089524418116,,,4.3818359375,
static_best,64.0,0.05,0.05,hybrid-session-020,5.0,287.1339898556471,177.15974496677518,,,4.388330078125,
static_best,64.0,0.05,0.05,hybrid-session-021,5.0,926.9164490979165,312.25648005492985,,,4.6033203125,
static_best,64.0,0.05,0.05,hybrid-session-025,5.0,280.3928479552269,167.758021177724,,,4.508642578125,
static_best,64.0,0.05,0.05,hybrid-session-026,5.0,303.5743208602071,196.57894899137318,,,4.64228515625,
static_safe,64.0,0.05,0.05,hybrid-session-002,5.0,3584.8087810445577,887.416051607579,,,4.4734375,
static_safe,64.0,0.05,0.05,hybrid-session-003,5.0,247.28282308205962,176.70769742690027,,,4.261865234375,
static_safe,64.0,0.05,0.05,hybrid-session-004,5.0,287.47650189325213,203.51513782516122,,,4.458056640625,
static_safe,64.0,0.05,0.05,hybrid-session-005,5.0,248.31053102388978,184.2490568291396,,,4.22529296875,
static_safe,64.0,0.05,0.05,hybrid-session-006,5.0,300.38926214911044,217.7911798004061,,,5.203515625,
static_safe,64.0,0.05,0.05,hybrid-session-009,5.0,230.53606296889484,152.1814540028572,,,3.922119140625,
static_safe,64.0,0.05,0.05,hybrid-session-010,5.0,43206.2634299919,8764.815047344939,,,4.514111328125,
static_safe,64.0,0.05,0.05,hybrid-session-013,5.0,283.78444188274443,183.24757372029126,,,4.4146484375,
static_safe,64.0,0.05,0.05,hybrid-session-016,5.0,282.98545302823186,183.6227485910058,,,4.3818359375,
static_safe,64.0,0.05,0.05,hybrid-session-020,5.0,286.80381178855896,184.3877833802253,,,4.589306640625,
static_safe,64.0,0.05,0.05,hybrid-session-021,5.0,409.1063791420311,223.50037177093327,,,4.57802734375,
static_safe,64.0,0.05,0.05,hybrid-session-025,5.0,284.11689307540655,179.29229261353612,,,4.508642578125,
static_safe,64.0,0.05,0.05,hybrid-session-026,5.0,291.40105191618204,198.025968298316,,,4.635107421875,
uncalibrated_dynamic,64.0,0.05,0.05,hybrid-session-002,5.0,3731.319896876812,916.2170431576669,,,4.451904296875,
uncalibrated_dynamic,64.0,0.05,0.05,hybrid-session-003,5.0,243.8352529425174,171.114144846797,,,4.298095703125,
uncalibrated_dynamic,64.0,0.05,0.05,hybrid-session-004,5.0,41079.03935495578,8372.432914778217,,,6.2576171875,
uncalibrated_dynamic,64.0,0.05,0.05,hybrid-session-005,5.0,44939.58344613761,9144.573165198042,,,4.25400390625,
uncalibrated_dynamic,64.0,0.05,0.05,hybrid-session-006,5.0,42991.4352719374,8773.450267551094,,,6.98291015625,
uncalibrated_dynamic,64.0,0.05,0.05,hybrid-session-009,5.0,45941.520612878725,9327.603375391289,,,4.153173828125,
uncalibrated_dynamic,64.0,0.05,0.05,hybrid-session-010,5.0,44465.87234601751,43138.60387982242,,,2.6036376953125,
uncalibrated_dynamic,64.0,0.05,0.05,hybrid-session-013,5.0,46246.30067019351,17755.103056241198,,,4.443359375,
uncalibrated_dynamic,64.0,0.05,0.05,hybrid-session-016,5.0,292.1141288243234,202.74038407951593,,,4.618701171875,
uncalibrated_dynamic,64.0,0.05,0.05,hybrid-session-020,5.0,282.60509110987186,200.69525921717286,,,4.603662109375,
uncalibrated_dynamic,64.0,0.05,0.05,hybrid-session-021,5.0,298.91409492120147,213.17713614553213,,,4.8330078125,
uncalibrated_dynamic,64.0,0.05,0.05,hybrid-session-025,5.0,285.11985787190497,182.15675596147776,,,4.537353515625,
uncalibrated_dynamic,64.0,0.05,0.05,hybrid-session-026,5.0,43143.90454113297,8775.380816073715,,,6.5173828125,
utility_dynamic,64.0,0.05,0.05,hybrid-session-002,5.0,3748.033423908055,923.0525400023907,,,3.496923828125,
utility_dynamic,64.0,0.05,0.05,hybrid-session-003,5.0,280.75572196394205,194.12440420128405,,,3.693798828125,
utility_dynamic,64.0,0.05,0.05,hybrid-session-004,5.0,276.94002189673483,203.13831195235252,,,3.561181640625,
utility_dynamic,64.0,0.05,0.05,hybrid-session-005,5.0,274.715080158785,185.63082683831453,,,3.360205078125,
utility_dynamic,64.0,0.05,0.05,hybrid-session-006,5.0,42174.72096394934,16652.002951584756,,,8.8169921875,
utility_dynamic,64.0,0.05,0.05,hybrid-session-009,5.0,45347.301966935396,18045.8640354,,,3.603564453125,
utility_dynamic,64.0,0.05,0.05,hybrid-session-010,5.0,306.6586679778993,203.40016507543623,,,3.773779296875,
utility_dynamic,64.0,0.05,0.05,hybrid-session-013,5.0,274.66842206194997,177.62879361398518,,,3.6900390625,
utility_dynamic,64.0,0.05,0.05,hybrid-session-016,5.0,286.2818520516157,181.7318704444915,,,3.585791015625,
utility_dynamic,64.0,0.05,0.05,hybrid-session-020,5.0,278.7179318256676,186.17703840136528,,,3.530078125,
utility_dynamic,64.0,0.05,0.05,hybrid-session-021,5.0,295.62174109742045,204.54404898919165,,,3.7419921875,
utility_dynamic,64.0,0.05,0.05,hybrid-session-025,5.0,280.7674971409142,194.98294168151915,,,3.7857421875,
utility_dynamic,64.0,0.05,0.05,hybrid-session-026,5.0,293.00583712756634,223.83767580613494,,,3.6955078125,
full_lru,64.0,0.05,0.1,hybrid-session-002,5.0,3927.6349409483373,879.6504073310643,,,8.4,
full_lru,64.0,0.05,0.1,hybrid-session-003,5.0,147.33347203582525,108.46223314292729,,,7.6234375,
full_lru,64.0,0.05,0.1,hybrid-session-004,5.0,147.7565800305456,120.54251842200756,,,8.96875,
full_lru,64.0,0.05,0.1,hybrid-session-005,5.0,147.78523100540042,111.21000424027443,,,8.159375,
full_lru,64.0,0.05,0.1,hybrid-session-006,5.0,198.01703793928027,139.72071851603687,,,10.4125,
full_lru,64.0,0.05,0.1,hybrid-session-009,5.0,132.49045214615762,104.65501048602164,,,7.5140625,
full_lru,64.0,0.05,0.1,hybrid-session-010,5.0,151.05768898501992,112.91756071150303,,,8.0171875,
full_lru,64.0,0.05,0.1,hybrid-session-013,5.0,138.3456119801849,108.72889505699277,,,7.6890625,
full_lru,64.0,0.05,0.1,hybrid-session-016,5.0,192.59336101822555,124.81163940392435,,,9.0671875,
full_lru,64.0,0.05,0.1,hybrid-session-020,5.0,139.1543708741665,108.558050962165,,,8.509375,
full_lru,64.0,0.05,0.1,hybrid-session-021,5.0,177.22577694803476,121.4133775793016,,,9.296875,
full_lru,64.0,0.05,0.1,hybrid-session-025,5.0,150.230314116925,111.55965263023973,,,8.1265625,
full_lru,64.0,0.05,0.1,hybrid-session-026,5.0,190.3607160784304,126.63468299433589,,,9.7671875,
static_best,64.0,0.05,0.1,hybrid-session-002,5.0,3697.7895710151643,907.0876033511013,,,4.4734375,
static_best,64.0,0.05,0.1,hybrid-session-003,5.0,247.65679496340454,167.99497101455927,,,4.261865234375,
static_best,64.0,0.05,0.1,hybrid-session-004,5.0,282.60941011831164,203.10261235572398,,,4.458056640625,
static_best,64.0,0.05,0.1,hybrid-session-005,5.0,238.1871419493109,161.39544062316418,,,4.22529296875,
static_best,64.0,0.05,0.1,hybrid-session-006,5.0,296.03082803077996,198.16052275709808,,,5.13515625,
static_best,64.0,0.05,0.1,hybrid-session-009,5.0,244.08943695016205,150.29656700789928,,,3.922119140625,
static_best,64.0,0.05,0.1,hybrid-session-010,5.0,44188.21239816956,8965.054607989267,,,4.514111328125,
static_best,64.0,0.05,0.1,hybrid-session-013,5.0,269.45430785417557,179.88599594682455,,,4.4146484375,
static_best,64.0,0.05,0.1,hybrid-session-016,5.0,289.41607289016247,183.9999012183398,,,4.3818359375,
static_best,64.0,0.05,0.1,hybrid-session-020,5.0,291.62436886690557,187.89767497219145,,,4.388330078125,
static_best,64.0,0.05,0.1,hybrid-session-021,5.0,296.9671729952097,200.2621043473482,,,4.57802734375,
static_best,64.0,0.05,0.1,hybrid-session-025,5.0,278.38045498356223,173.74456101097167,,,4.508642578125,
static_best,64.0,0.05,0.1,hybrid-session-026,5.0,297.59859200567007,196.429028455168,,,4.620751953125,
static_safe,64.0,0.05,0.1,hybrid-session-002,5.0,3589.37021298334,895.1958016492426,,,4.4734375,
static_safe,64.0,0.05,0.1,hybrid-session-003,5.0,267.53986603580415,172.08365402184427,,,4.261865234375,
static_safe,64.0,0.05,0.1,hybrid-session-004,5.0,283.06519985198975,196.50938506238163,,,4.458056640625,
static_safe,64.0,0.05,0.1,hybrid-session-005,5.0,244.67083299532533,175.82474574446678,,,4.22529296875,
static_safe,64.0,0.05,0.1,hybrid-session-006,5.0,296.73532699234784,207.92750637046993,,,5.203515625,
static_safe,64.0,0.05,0.1,hybrid-session-009,5.0,224.50828203000128,141.76654402399436,,,3.922119140625,
static_safe,64.0,0.05,0.1,hybrid-session-010,5.0,43347.60686779581,8792.859502744303,,,4.514111328125,
static_safe,64.0,0.05,0.1,hybrid-session-013,5.0,283.38316990993917,180.44499433599412,,,4.4146484375,
static_safe,64.0,0.05,0.1,hybrid-session-016,5.0,281.8174420390278,185.8492771629244,,,4.3818359375,
static_safe,64.0,0.05,0.1,hybrid-session-020,5.0,287.3224141076207,184.01628797873855,,,4.589306640625,
static_safe,64.0,0.05,0.1,hybrid-session-021,5.0,290.91374506242573,201.74150760285556,,,4.57802734375,
static_safe,64.0,0.05,0.1,hybrid-session-025,5.0,279.7042429447174,178.95296700298786,,,4.508642578125,
static_safe,64.0,0.05,0.1,hybrid-session-026,5.0,294.04770000837743,204.66509563848376,,,4.635107421875,
uncalibrated_dynamic,64.0,0.05,0.1,hybrid-session-002,5.0,3642.9414821323007,901.3453036546707,,,4.466259765625,
uncalibrated_dynamic,64.0,0.05,0.1,hybrid-session-003,5.0,45381.449994886294,9216.513793407754,,,3.982958984375,
uncalibrated_dynamic,64.0,0.05,0.1,hybrid-session-004,5.0,43617.25094996393,8882.733786363155,,,4.486767578125,
uncalibrated_dynamic,64.0,0.05,0.1,hybrid-session-005,5.0,287.7148319967091,209.55539802089334,,,4.25400390625,
uncalibrated_dynamic,64.0,0.05,0.1,hybrid-session-006,5.0,41774.85967373662,8529.063263800368,,,6.94462890625,
uncalibrated_dynamic,64.0,0.05,0.1,hybrid-session-009,5.0,45579.7731029354,9257.3411552798,,,4.113525390625,
uncalibrated_dynamic,64.0,0.05,0.1,hybrid-session-010,5.0,44524.706008730456,43032.829174855724,,,2.6036376953125,
uncalibrated_dynamic,64.0,0.05,0.1,hybrid-session-013,5.0,46683.916737124324,17788.498552218825,,,4.443359375,
uncalibrated_dynamic,64.0,0.05,0.1,hybrid-session-016,5.0,286.0609150957316,208.10490045696497,,,4.618701171875,
uncalibrated_dynamic,64.0,0.05,0.1,hybrid-session-020,5.0,285.6996348127723,206.35181772522628,,,4.603662109375,
uncalibrated_dynamic,64.0,0.05,0.1,hybrid-session-021,5.0,289.19231006875634,216.96471399627626,,,4.8330078125,
uncalibrated_dynamic,64.0,0.05,0.1,hybrid-session-025,5.0,41951.51619980112,8520.437435748056,,,6.281884765625,
uncalibrated_dynamic,64.0,0.05,0.1,hybrid-session-026,5.0,44879.62162505463,9129.834240603446,,,4.663818359375,
utility_dynamic,64.0,0.05,0.1,hybrid-session-002,5.0,3609.005083097145,876.6220428049564,,,3.496923828125,
utility_dynamic,64.0,0.05,0.1,hybrid-session-003,5.0,268.6224188655615,162.1945897117257,,,3.693798828125,
utility_dynamic,64.0,0.05,0.1,hybrid-session-004,5.0,268.83195503614843,174.56243066117167,,,3.561181640625,
utility_dynamic,64.0,0.05,0.1,hybrid-session-005,5.0,267.8400329314172,160.47224141657352,,,3.360205078125,
utility_dynamic,64.0,0.05,0.1,hybrid-session-006,5.0,41661.233821043745,16580.767783984542,,,8.8169921875,
utility_dynamic,64.0,0.05,0.1,hybrid-session-009,5.0,44807.64929038286,17938.697986055166,,,3.603564453125,
utility_dynamic,64.0,0.05,0.1,hybrid-session-010,5.0,300.17082300037146,166.80685677565634,,,3.773779296875,
utility_dynamic,64.0,0.05,0.1,hybrid-session-013,5.0,260.02507796511054,159.37568303197622,,,3.6900390625,
utility_dynamic,64.0,0.05,0.1,hybrid-session-016,5.0,276.51771577075124,164.3165343441069,,,3.585791015625,
utility_dynamic,64.0,0.05,0.1,hybrid-session-020,5.0,281.6294908989221,168.16371195018291,,,3.530078125,
utility_dynamic,64.0,0.05,0.1,hybrid-session-021,5.0,293.8839190173894,182.290324755013,,,3.7419921875,
utility_dynamic,64.0,0.05,0.1,hybrid-session-025,5.0,278.96965690888464,172.36007419414818,,,3.7857421875,
utility_dynamic,64.0,0.05,0.1,hybrid-session-026,5.0,288.365812972188,199.69272436574101,,,3.6955078125,
full_lru,64.0,0.1,0.05,hybrid-session-002,5.0,4110.332450829446,922.0646993722767,,,8.4,
full_lru,64.0,0.1,0.05,hybrid-session-003,5.0,148.28746602870524,114.15571118704975,,,7.6234375,
full_lru,64.0,0.1,0.05,hybrid-session-004,5.0,152.1803259383887,136.16755711846054,,,8.96875,
full_lru,64.0,0.1,0.05,hybrid-session-005,5.0,142.27699511684477,123.49961856380105,,,8.159375,
full_lru,64.0,0.1,0.05,hybrid-session-006,5.0,198.2196131721139,150.13578520156443,,,10.4125,
full_lru,64.0,0.1,0.05,hybrid-session-009,5.0,132.050289073959,115.61961486004293,,,7.5140625,
full_lru,64.0,0.1,0.05,hybrid-session-010,5.0,151.1058178730309,118.31492418423295,,,8.0171875,
full_lru,64.0,0.1,0.05,hybrid-session-013,5.0,135.63253078609705,119.48947673663497,,,7.6890625,
full_lru,64.0,0.1,0.05,hybrid-session-016,5.0,194.06334101222456,135.48439219594002,,,9.0671875,
full_lru,64.0,0.1,0.05,hybrid-session-020,5.0,134.8638040944934,119.92838997393847,,,8.509375,
full_lru,64.0,0.1,0.05,hybrid-session-021,5.0,190.17184199765325,136.30217900499701,,,9.296875,
full_lru,64.0,0.1,0.05,hybrid-session-025,5.0,135.5717210099101,118.56134617701173,,,8.1265625,
full_lru,64.0,0.1,0.05,hybrid-session-026,5.0,179.56121708266437,134.64863235130906,,,9.7671875,
static_best,64.0,0.1,0.05,hybrid-session-002,5.0,3863.891074899584,952.9940482228994,,,4.45908203125,
static_best,64.0,0.1,0.05,hybrid-session-003,5.0,269.6934270206839,188.7110060080886,,,4.261865234375,
static_best,64.0,0.1,0.05,hybrid-session-004,5.0,284.57853104919195,217.63508622534573,,,4.458056640625,
static_best,64.0,0.1,0.05,hybrid-session-005,5.0,267.8765149321407,196.8475385569036,,,4.22529296875,
static_best,64.0,0.1,0.05,hybrid-session-006,5.0,317.6303207874298,231.84667574241757,,,5.203515625,
static_best,64.0,0.1,0.05,hybrid-session-009,5.0,251.89665891230106,167.68536472227424,,,3.922119140625,
static_best,64.0,0.1,0.05,hybrid-session-010,5.0,36987.78949883208,7530.672970126197,,,4.514111328125,
static_best,64.0,0.1,0.05,hybrid-session-013,5.0,279.6683260239661,199.64529308490455,,,4.4146484375,
static_best,64.0,0.1,0.05,hybrid-session-016,5.0,298.07025101035833,197.94825823046267,,,4.3818359375,
static_best,64.0,0.1,0.05,hybrid-session-020,5.0,285.0577519275248,194.58670197054744,,,4.388330078125,
static_best,64.0,0.1,0.05,hybrid-session-021,5.0,294.34322309680283,206.30706041119993,,,4.6033203125,
static_best,64.0,0.1,0.05,hybrid-session-025,5.0,293.72374387457967,182.4966251384467,,,4.508642578125,
static_best,64.0,0.1,0.05,hybrid-session-026,5.0,292.1965019777417,208.09934232383966,,,4.68193359375,
static_safe,64.0,0.1,0.05,hybrid-session-002,5.0,3802.3296650499105,948.1504808180034,,,4.45908203125,
static_safe,64.0,0.1,0.05,hybrid-session-003,5.0,269.50235990807414,191.70695999637246,,,4.261865234375,
static_safe,64.0,0.1,0.05,hybrid-session-004,5.0,288.0405329633504,226.78687223233283,,,4.458056640625,
static_safe,64.0,0.1,0.05,hybrid-session-005,5.0,274.12562794052064,203.54973250068724,,,4.22529296875,
static_safe,64.0,0.1,0.05,hybrid-session-006,5.0,332.9423810355365,237.10566936060786,,,5.1638671875,
static_safe,64.0,0.1,0.05,hybrid-session-009,5.0,259.72742098383605,170.60202901484445,,,3.922119140625,
static_safe,64.0,0.1,0.05,hybrid-session-010,5.0,43955.800032731146,8921.944705121965,,,4.514111328125,
static_safe,64.0,0.1,0.05,hybrid-session-013,5.0,317.8947709966451,211.30592059344053,,,4.4146484375,
static_safe,64.0,0.1,0.05,hybrid-session-016,5.0,324.83213813975453,212.36853445880115,,,4.3818359375,
static_safe,64.0,0.1,0.05,hybrid-session-020,5.0,329.32866690680385,216.0172235686332,,,4.388330078125,
static_safe,64.0,0.1,0.05,hybrid-session-021,5.0,324.18619585223496,229.62848376482725,,,4.6033203125,
static_safe,64.0,0.1,0.05,hybrid-session-025,5.0,304.06657001003623,193.90772175975144,,,4.508642578125,
static_safe,64.0,0.1,0.05,hybrid-session-026,5.0,326.15494006313384,222.7963742800057,,,4.64228515625,
uncalibrated_dynamic,64.0,0.1,0.05,hybrid-session-002,5.0,3934.7771198954433,979.2014467529953,,,4.466259765625,
uncalibrated_dynamic,64.0,0.1,0.05,hybrid-session-003,5.0,45394.21450222097,9224.135360617563,,,3.982958984375,
uncalibrated_dynamic,64.0,0.1,0.05,hybrid-session-004,5.0,45460.76050216891,9250.875679035857,,,4.486767578125,
uncalibrated_dynamic,64.0,0.1,0.05,hybrid-session-005,5.0,290.20540695637465,218.8014400191605,,,4.25400390625,
uncalibrated_dynamic,64.0,0.1,0.05,hybrid-session-006,5.0,42180.92274002731,8613.110866654664,,,6.94462890625,
uncalibrated_dynamic,64.0,0.1,0.05,hybrid-session-009,5.0,42985.12522074394,8741.830647762865,,,4.113525390625,
uncalibrated_dynamic,64.0,0.1,0.05,hybrid-session-010,5.0,45032.65504107438,43519.78208843339,,,2.6036376953125,
uncalibrated_dynamic,64.0,0.1,0.05,hybrid-session-013,5.0,44799.83566814102,17573.527899423614,,,4.443359375,
uncalibrated_dynamic,64.0,0.1,0.05,hybrid-session-016,5.0,325.429854914546,200.06906995549798,,,4.618701171875,
uncalibrated_dynamic,64.0,0.1,0.05,hybrid-session-020,5.0,310.39020395837724,197.2280282061547,,,4.603662109375,
uncalibrated_dynamic,64.0,0.1,0.05,hybrid-session-021,5.0,308.7789558339864,241.21733736246824,,,4.8330078125,
uncalibrated_dynamic,64.0,0.1,0.05,hybrid-session-025,5.0,42144.42070728168,8577.980690665543,,,6.281884765625,
uncalibrated_dynamic,64.0,0.1,0.05,hybrid-session-026,5.0,44627.30619497225,9097.283921017497,,,4.663818359375,
utility_dynamic,64.0,0.1,0.05,hybrid-session-002,5.0,3843.230813043192,943.3496152516454,,,3.483935546875,
utility_dynamic,64.0,0.1,0.05,hybrid-session-003,5.0,276.13021712750196,184.25234835594893,,,3.693798828125,
utility_dynamic,64.0,0.1,0.05,hybrid-session-004,5.0,271.9640980940312,202.54893354140222,,,3.561181640625,
utility_dynamic,64.0,0.1,0.05,hybrid-session-005,5.0,275.8129888679832,187.71273773163557,,,3.360205078125,
utility_dynamic,64.0,0.1,0.05,hybrid-session-006,5.0,41827.48525286466,16771.536958038436,,,8.4779296875,
utility_dynamic,64.0,0.1,0.05,hybrid-session-009,5.0,45714.924520811066,17776.842971784994,,,3.603564453125,
utility_dynamic,64.0,0.1,0.05,hybrid-session-010,5.0,333.7735792156309,192.67220329493284,,,3.773779296875,
utility_dynamic,64.0,0.1,0.05,hybrid-session-013,5.0,280.6513998657465,183.2069152034819,,,3.6900390625,
utility_dynamic,64.0,0.1,0.05,hybrid-session-016,5.0,312.2940231114626,186.30976220592856,,,3.585791015625,
utility_dynamic,64.0,0.1,0.05,hybrid-session-020,5.0,302.7350050397217,210.460463212803,,,3.530078125,
utility_dynamic,64.0,0.1,0.05,hybrid-session-021,5.0,331.9760779850185,232.78535939753056,,,3.7419921875,
utility_dynamic,64.0,0.1,0.05,hybrid-session-025,5.0,311.8152499664575,203.2733696512878,,,3.7857421875,
utility_dynamic,64.0,0.1,0.05,hybrid-session-026,5.0,322.03968591056764,225.9421435650438,,,3.68251953125,
full_lru,64.0,0.1,0.1,hybrid-session-002,5.0,4069.129061885178,919.4426007568836,,,8.4,
full_lru,64.0,0.1,0.1,hybrid-session-003,5.0,148.96769309416413,121.29641803912818,,,7.6234375,
full_lru,64.0,0.1,0.1,hybrid-session-004,5.0,155.13669815845788,128.9130452554673,,,8.96875,
full_lru,64.0,0.1,0.1,hybrid-session-005,5.0,148.2770221773535,126.21040944941342,,,8.159375,
full_lru,64.0,0.1,0.1,hybrid-session-006,5.0,204.5231570955366,153.48028340376914,,,10.4125,
full_lru,64.0,0.1,0.1,hybrid-session-009,5.0,139.4773458596319,116.34314400143921,,,7.5140625,
full_lru,64.0,0.1,0.1,hybrid-session-010,5.0,152.43005496449769,122.58894718252122,,,8.0171875,
full_lru,64.0,0.1,0.1,hybrid-session-013,5.0,138.23981606401503,119.5090667810291,,,7.6890625,
full_lru,64.0,0.1,0.1,hybrid-session-016,5.0,195.18663198687136,137.93087815865874,,,9.0671875,
full_lru,64.0,0.1,0.1,hybrid-session-020,5.0,136.32993213832378,124.75905665196478,,,8.509375,
full_lru,64.0,0.1,0.1,hybrid-session-021,5.0,197.0826128963381,135.1644583977759,,,9.296875,
full_lru,64.0,0.1,0.1,hybrid-session-025,5.0,137.0974520687014,123.72415456920862,,,8.1265625,
full_lru,64.0,0.1,0.1,hybrid-session-026,5.0,200.5126429721713,141.3978106342256,,,9.7671875,
static_best,64.0,0.1,0.1,hybrid-session-002,5.0,3841.709630098194,935.4847826529294,,,4.4734375,
static_best,64.0,0.1,0.1,hybrid-session-003,5.0,247.05782299861312,176.35372118093073,,,4.261865234375,
static_best,64.0,0.1,0.1,hybrid-session-004,5.0,290.7421358395368,199.57379312254488,,,4.659033203125,
static_best,64.0,0.1,0.1,hybrid-session-005,5.0,244.5511631667614,181.46834168583155,,,4.22529296875,
static_best,64.0,0.1,0.1,hybrid-session-006,5.0,298.4174098819494,214.3082205671817,,,5.203515625,
static_best,64.0,0.1,0.1,hybrid-session-009,5.0,226.95683711208403,146.74194727558643,,,3.922119140625,
static_best,64.0,0.1,0.1,hybrid-session-010,5.0,35809.56630397588,7286.38588122651,,,4.514111328125,
static_best,64.0,0.1,0.1,hybrid-session-013,5.0,271.3360961060971,182.67336399294436,,,4.4146484375,
static_best,64.0,0.1,0.1,hybrid-session-016,5.0,287.11786889471114,188.78476498648524,,,4.3818359375,
static_best,64.0,0.1,0.1,hybrid-session-020,5.0,284.690234111622,187.01761001721025,,,4.388330078125,
static_best,64.0,0.1,0.1,hybrid-session-021,5.0,292.48692421242595,199.22137325629592,,,4.6033203125,
static_best,64.0,0.1,0.1,hybrid-session-025,5.0,279.39776005223393,177.04696860164404,,,4.508642578125,
static_best,64.0,0.1,0.1,hybrid-session-026,5.0,298.71631297282875,195.88128942996264,,,4.64228515625,
static_safe,64.0,0.1,0.1,hybrid-session-002,5.0,3820.5730579793453,933.4045758470893,,,4.4734375,
static_safe,64.0,0.1,0.1,hybrid-session-003,5.0,246.70322192832828,170.13243259862065,,,4.261865234375,
static_safe,64.0,0.1,0.1,hybrid-session-004,5.0,289.4812198355794,200.4693754017353,,,4.458056640625,
static_safe,64.0,0.1,0.1,hybrid-session-005,5.0,245.78775302506983,179.1478116530925,,,4.22529296875,
static_safe,64.0,0.1,0.1,hybrid-session-006,5.0,298.85850800201297,214.8392964154482,,,5.203515625,
static_safe,64.0,0.1,0.1,hybrid-session-009,5.0,227.36061387695372,144.12753272335976,,,3.922119140625,
static_safe,64.0,0.1,0.1,hybrid-session-010,5.0,43090.668857906014,8738.657808372378,,,4.514111328125,
static_safe,64.0,0.1,0.1,hybrid-session-013,5.0,283.56022597290576,181.04972024448216,,,4.4146484375,
static_safe,64.0,0.1,0.1,hybrid-session-016,5.0,272.0539509318769,183.9301509782672,,,4.3818359375,
static_safe,64.0,0.1,0.1,hybrid-session-020,5.0,289.99720397405326,186.13083083182573,,,4.589306640625,
static_safe,64.0,0.1,0.1,hybrid-session-021,5.0,286.5395559929311,198.26488122344017,,,4.57802734375,
static_safe,64.0,0.1,0.1,hybrid-session-025,5.0,275.4463709425181,176.09833437018096,,,4.508642578125,
static_safe,64.0,0.1,0.1,hybrid-session-026,5.0,293.92628092318773,200.2845361828804,,,4.635107421875,
uncalibrated_dynamic,64.0,0.1,0.1,hybrid-session-002,5.0,3670.8760980982333,909.0472635813057,,,4.466259765625,
uncalibrated_dynamic,64.0,0.1,0.1,hybrid-session-003,5.0,43334.19789115153,8791.976316826791,,,3.982958984375,
uncalibrated_dynamic,64.0,0.1,0.1,hybrid-session-004,5.0,40133.658070998266,8173.599236215651,,,4.486767578125,
uncalibrated_dynamic,64.0,0.1,0.1,hybrid-session-005,5.0,258.77050519920886,193.42824881896377,,,4.25400390625,
uncalibrated_dynamic,64.0,0.1,0.1,hybrid-session-006,5.0,41053.10716515407,8369.720960246399,,,6.94462890625,
uncalibrated_dynamic,64.0,0.1,0.1,hybrid-session-009,5.0,43301.69112528488,8791.349007729068,,,4.113525390625,
uncalibrated_dynamic,64.0,0.1,0.1,hybrid-session-010,5.0,43559.75922499038,42123.57709803153,,,2.6036376953125,
uncalibrated_dynamic,64.0,0.1,0.1,hybrid-session-013,5.0,44740.00688905455,17359.69489381723,,,4.443359375,
uncalibrated_dynamic,64.0,0.1,0.1,hybrid-session-016,5.0,316.82788603939116,195.50151098519564,,,4.618701171875,
uncalibrated_dynamic,64.0,0.1,0.1,hybrid-session-020,5.0,319.80731105431914,198.5517391934991,,,4.603662109375,
uncalibrated_dynamic,64.0,0.1,0.1,hybrid-session-021,5.0,315.660297870636,214.1555349342525,,,4.8330078125,
uncalibrated_dynamic,64.0,0.1,0.1,hybrid-session-025,5.0,40292.51646671444,8190.149688212201,,,6.281884765625,
uncalibrated_dynamic,64.0,0.1,0.1,hybrid-session-026,5.0,43551.78314487077,8858.351698736846,,,4.663818359375,
utility_dynamic,64.0,0.1,0.1,hybrid-session-002,5.0,3809.41192782484,910.3112057317048,,,3.4904296875,
utility_dynamic,64.0,0.1,0.1,hybrid-session-003,5.0,249.2668740451336,156.75254901871085,,,3.693798828125,
utility_dynamic,64.0,0.1,0.1,hybrid-session-004,5.0,284.2537430115044,179.05443222261965,,,3.64560546875,
utility_dynamic,64.0,0.1,0.1,hybrid-session-005,5.0,241.26061284914613,156.45402995869517,,,3.360205078125,
utility_dynamic,64.0,0.1,0.1,hybrid-session-006,5.0,40766.70031807758,15248.244527620078,,,8.4779296875,
utility_dynamic,64.0,0.1,0.1,hybrid-session-009,5.0,44787.04278505966,17850.621139872073,,,3.603564453125,
utility_dynamic,64.0,0.1,0.1,hybrid-session-010,5.0,331.65094582363963,184.57143777050078,,,3.773779296875,
utility_dynamic,64.0,0.1,0.1,hybrid-session-013,5.0,292.48110903427005,179.9700486008078,,,3.6900390625,
utility_dynamic,64.0,0.1,0.1,hybrid-session-016,5.0,319.9615781195462,187.7862072084099,,,3.7611328125,
utility_dynamic,64.0,0.1,0.1,hybrid-session-020,5.0,314.8912990000099,191.84942650608718,,,3.530078125,
utility_dynamic,64.0,0.1,0.1,hybrid-session-021,5.0,320.70467807352543,204.10104701295495,,,3.7419921875,
utility_dynamic,64.0,0.1,0.1,hybrid-session-025,5.0,282.72246988490224,174.916630377993,,,3.7857421875,
utility_dynamic,64.0,0.1,0.1,hybrid-session-026,5.0,293.6529549770057,197.65356183052063,,,3.70849609375,
full_lru,80.0,0.05,0.05,hybrid-session-002,5.0,3833.787051960826,859.9360229913145,,,8.4,
full_lru,80.0,0.05,0.05,hybrid-session-003,5.0,135.9428761061281,100.1239591743797,,,7.6234375,
full_lru,80.0,0.05,0.05,hybrid-session-004,5.0,151.74458385445178,110.66098660230637,,,9.0234375,
full_lru,80.0,0.05,0.05,hybrid-session-005,5.0,149.2546449881047,105.39431241340935,,,8.35625,
full_lru,80.0,0.05,0.05,hybrid-session-006,5.0,189.89088502712548,121.80711245164275,,,10.4234375,
full_lru,80.0,0.05,0.05,hybrid-session-009,5.0,146.8987779226154,106.11496511846781,,,7.5140625,
full_lru,80.0,0.05,0.05,hybrid-session-010,5.0,139.75762715563178,109.61250965483487,,,8.0171875,
full_lru,80.0,0.05,0.05,hybrid-session-013,5.0,147.5416061002761,105.75401452369988,,,7.6890625,
full_lru,80.0,0.05,0.05,hybrid-session-016,5.0,193.47579404711723,124.23861902207136,,,9.0671875,
full_lru,80.0,0.05,0.05,hybrid-session-020,5.0,136.12114312127233,107.76922958903015,,,8.509375,
full_lru,80.0,0.05,0.05,hybrid-session-021,5.0,194.53722494654357,126.44709097221494,,,9.296875,
full_lru,80.0,0.05,0.05,hybrid-session-025,5.0,134.62600694037974,107.78303840197623,,,8.1265625,
full_lru,80.0,0.05,0.05,hybrid-session-026,5.0,199.56723507493734,130.17082936130464,,,9.7671875,
static_best,80.0,0.05,0.05,hybrid-session-002,5.0,3815.606023184955,913.2450712379068,,,4.37294921875,
static_best,80.0,0.05,0.05,hybrid-session-003,5.0,227.29658195748925,170.9660687483847,,,4.161376953125,
static_best,80.0,0.05,0.05,hybrid-session-004,5.0,237.47011506929994,188.38487141765654,,,4.558544921875,
static_best,80.0,0.05,0.05,hybrid-session-005,5.0,229.00475515052676,168.49456443451345,,,4.332958984375,
static_best,80.0,0.05,0.05,hybrid-session-006,5.0,231.69971513561904,186.68468398973346,,,5.06337890625,
static_best,80.0,0.05,0.05,hybrid-session-009,5.0,210.04934702068567,163.17173182033002,,,4.217431640625,
static_best,80.0,0.05,0.05,hybrid-session-010,5.0,285.8044260647148,185.02101409249008,,,4.370556640625,
static_best,80.0,0.05,0.05,hybrid-session-013,5.0,278.92963704653084,185.7581158168614,,,4.27109375,
static_best,80.0,0.05,0.05,hybrid-session-016,5.0,275.96612297929823,185.15219087712467,,,4.345947265625,
static_best,80.0,0.05,0.05,hybrid-session-020,5.0,232.00121289119124,169.92626353166997,,,4.488818359375,
static_best,80.0,0.05,0.05,hybrid-session-021,5.0,241.1775100044906,189.95313700288534,,,4.70380859375,
static_best,80.0,0.05,0.05,hybrid-session-025,5.0,275.4317868966609,184.4281503930688,,,4.372265625,
static_best,80.0,0.05,0.05,hybrid-session-026,5.0,330.1108148880303,209.67736635357141,,,4.746533203125,
static_safe,80.0,0.05,0.05,hybrid-session-002,5.0,3624.28873591125,849.84443904832,,,4.37294921875,
static_safe,80.0,0.05,0.05,hybrid-session-003,5.0,189.9466949980706,129.06791297718883,,,4.161376953125,
static_safe,80.0,0.05,0.05,hybrid-session-004,5.0,188.7354899663478,141.05237419717014,,,4.558544921875,
static_safe,80.0,0.05,0.05,hybrid-session-005,5.0,190.92898699454963,143.03997945971787,,,4.332958984375,
static_safe,80.0,0.05,0.05,hybrid-session-006,5.0,201.8709850963205,165.31016039662063,,,5.06337890625,
static_safe,80.0,0.05,0.05,hybrid-session-009,5.0,199.18103492818773,140.29581476934254,,,4.217431640625,
static_safe,80.0,0.05,0.05,hybrid-session-010,5.0,286.87019809149206,164.30030134506524,,,4.4638671875,
static_safe,80.0,0.05,0.05,hybrid-session-013,5.0,239.10121293738484,156.21108883060515,,,4.378759765625,
static_safe,80.0,0.05,0.05,hybrid-session-016,5.0,252.27192207239568,156.32229107432067,,,4.345947265625,
static_safe,80.0,0.05,0.05,hybrid-session-020,5.0,407.3440129868686,188.26418477110565,,,4.345263671875,
static_safe,80.0,0.05,0.05,hybrid-session-021,5.0,271.6798400506377,175.4291200544685,,,4.56025390625,
static_safe,80.0,0.05,0.05,hybrid-session-025,5.0,171.0823280736804,134.94536033831537,,,4.422509765625,
static_safe,80.0,0.05,0.05,hybrid-session-026,5.0,190.5505619943142,150.39611086249352,,,4.79677734375,
uncalibrated_dynamic,80.0,0.05,0.05,hybrid-session-002,5.0,45329.63139011152,18818.28297025785,,,4.2177734375,
uncalibrated_dynamic,80.0,0.05,0.05,hybrid-session-003,5.0,44384.41075394489,9014.55092036277,,,4.261865234375,
uncalibrated_dynamic,80.0,0.05,0.05,hybrid-session-004,5.0,316.5981499478221,210.7215644326061,,,4.458056640625,
uncalibrated_dynamic,80.0,0.05,0.05,hybrid-session-005,5.0,274.41146899946034,187.9774923902005,,,4.22529296875,
uncalibrated_dynamic,80.0,0.05,0.05,hybrid-session-006,5.0,324.3065639398992,221.85283000580966,,,5.203515625,
uncalibrated_dynamic,80.0,0.05,0.05,hybrid-session-009,5.0,271.1408669129014,177.6739447377622,,,4.317919921875,
uncalibrated_dynamic,80.0,0.05,0.05,hybrid-session-010,5.0,322.9774748906493,195.43661661446095,,,4.514111328125,
uncalibrated_dynamic,80.0,0.05,0.05,hybrid-session-013,5.0,273.0425929185003,195.0444124173373,,,4.4146484375,
uncalibrated_dynamic,80.0,0.05,0.05,hybrid-session-016,5.0,326.0210598818958,206.84972200542688,,,4.3818359375,
uncalibrated_dynamic,80.0,0.05,0.05,hybrid-session-020,5.0,310.51497207954526,196.48181558586657,,,4.589306640625,
uncalibrated_dynamic,80.0,0.05,0.05,hybrid-session-021,5.0,322.2345830872655,193.76178504899144,,,4.57802734375,
uncalibrated_dynamic,80.0,0.05,0.05,hybrid-session-025,5.0,40690.57296558283,8246.064092110842,,,6.253173828125,
uncalibrated_dynamic,80.0,0.05,0.05,hybrid-session-026,5.0,44060.268162043765,17320.999829108267,,,4.333984375,
utility_dynamic,80.0,0.05,0.05,hybrid-session-002,5.0,3687.4436440411955,863.610524032265,,,3.55400390625,
utility_dynamic,80.0,0.05,0.05,hybrid-session-003,5.0,185.1157550700009,141.16147668100893,,,3.472998046875,
utility_dynamic,80.0,0.05,0.05,hybrid-session-004,5.0,194.4618229754269,155.7107117958367,,,3.715673828125,
utility_dynamic,80.0,0.05,0.05,hybrid-session-005,5.0,198.7517869565636,142.36806761473417,,,3.514697265625,
utility_dynamic,80.0,0.05,0.05,hybrid-session-006,5.0,196.7913769185543,154.1923528071493,,,4.05576171875,
utility_dynamic,80.0,0.05,0.05,hybrid-session-009,5.0,206.6310339141637,139.3874458502978,,,3.537255859375,
utility_dynamic,80.0,0.05,0.05,hybrid-session-010,5.0,209.35076498426497,147.48128596693277,,,3.707470703125,
utility_dynamic,80.0,0.05,0.05,hybrid-session-013,5.0,211.4344530273229,152.45682885870337,,,3.62373046875,
utility_dynamic,80.0,0.05,0.05,hybrid-session-016,5.0,225.42576887644827,147.88258280605078,,,3.7078125,
utility_dynamic,80.0,0.05,0.05,hybrid-session-020,5.0,224.97679200023413,149.56244216300547,,,3.665087890625,
utility_dynamic,80.0,0.05,0.05,hybrid-session-021,5.0,229.71114492975175,164.46991278789937,,,3.85751953125,
utility_dynamic,80.0,0.05,0.05,hybrid-session-025,5.0,169.26281689666212,136.9931731838733,,,3.725927734375,
utility_dynamic,80.0,0.05,0.05,hybrid-session-026,5.0,191.13679486326873,152.20271782018244,,,3.93955078125,
full_lru,80.0,0.05,0.1,hybrid-session-002,5.0,4080.772372195497,916.8016258161515,,,8.4,
full_lru,80.0,0.05,0.1,hybrid-session-003,5.0,147.29862799867988,120.40497618727386,,,7.6234375,
full_lru,80.0,0.05,0.1,hybrid-session-004,5.0,151.86443994753063,129.11979043856263,,,9.0234375,
full_lru,80.0,0.05,0.1,hybrid-session-005,5.0,137.54854002036154,120.49915799871087,,,8.35625,
full_lru,80.0,0.05,0.1,hybrid-session-006,5.0,200.05935104563832,137.41583516821265,,,10.4234375,
full_lru,80.0,0.05,0.1,hybrid-session-009,5.0,137.366842944175,113.17089679650962,,,7.5140625,
full_lru,80.0,0.05,0.1,hybrid-session-010,5.0,149.9213099014014,123.68524358607829,,,8.0171875,
full_lru,80.0,0.05,0.1,hybrid-session-013,5.0,136.82162598706782,119.62624117732048,,,7.6890625,
full_lru,80.0,0.05,0.1,hybrid-session-016,5.0,177.40504909306765,131.26853862777352,,,9.0671875,
full_lru,80.0,0.05,0.1,hybrid-session-020,5.0,136.42344693653286,121.11118896864355,,,8.509375,
full_lru,80.0,0.05,0.1,hybrid-session-021,5.0,175.24282005615532,131.9185521453619,,,9.296875,
full_lru,80.0,0.05,0.1,hybrid-session-025,5.0,134.43779991939664,121.27229580655694,,,8.1265625,
full_lru,80.0,0.05,0.1,hybrid-session-026,5.0,200.12613106518984,141.1134491674602,,,9.7671875,
static_best,80.0,0.05,0.1,hybrid-session-002,5.0,3790.393474046141,884.0969239827245,,,4.37294921875,
static_best,80.0,0.05,0.1,hybrid-session-003,5.0,184.81553602032363,143.0399644188583,,,4.161376953125,
static_best,80.0,0.05,0.1,hybrid-session-004,5.0,195.25756780058146,155.3819480817765,,,4.558544921875,
static_best,80.0,0.05,0.1,hybrid-session-005,5.0,204.6748271677643,149.78208425454795,,,4.332958984375,
static_best,80.0,0.05,0.1,hybrid-session-006,5.0,234.75816217251122,167.1526586636901,,,5.06337890625,
static_best,80.0,0.05,0.1,hybrid-session-009,5.0,195.43799199163914,146.47356527857482,,,4.217431640625,
static_best,80.0,0.05,0.1,hybrid-session-010,5.0,273.6367939505726,164.567985618487,,,4.370556640625,
static_best,80.0,0.05,0.1,hybrid-session-013,5.0,272.0161459874362,170.18738919869065,,,4.27109375,
static_best,80.0,0.05,0.1,hybrid-session-016,5.0,268.9885429572314,159.04137114994228,,,4.345947265625,
static_best,80.0,0.05,0.1,hybrid-session-020,5.0,204.76247696205974,149.70860294997692,,,4.488818359375,
static_best,80.0,0.05,0.1,hybrid-session-021,5.0,203.38313514366746,159.33992085047066,,,4.70380859375,
static_best,80.0,0.05,0.1,hybrid-session-025,5.0,268.62935815006495,158.6184930987656,,,4.372265625,
static_best,80.0,0.05,0.1,hybrid-session-026,5.0,328.9078320376575,183.81209718063474,,,4.746533203125,
static_safe,80.0,0.05,0.1,hybrid-session-002,5.0,3869.974476052448,925.4359095357358,,,4.37294921875,
static_safe,80.0,0.05,0.1,hybrid-session-003,5.0,220.79189913347363,169.25797602161765,,,4.161376953125,
static_safe,80.0,0.05,0.1,hybrid-session-004,5.0,229.9641571007669,178.8265592418611,,,4.558544921875,
static_safe,80.0,0.05,0.1,hybrid-session-005,5.0,231.16960702463984,170.20880044437945,,,4.332958984375,
static_safe,80.0,0.05,0.1,hybrid-session-006,5.0,241.79752683266997,188.79351615905762,,,5.06337890625,
static_safe,80.0,0.05,0.1,hybrid-session-009,5.0,212.5370530411601,166.08628761023283,,,4.217431640625,
static_safe,80.0,0.05,0.1,hybrid-session-010,5.0,321.98916585184634,193.3651423547417,,,4.4638671875,
static_safe,80.0,0.05,0.1,hybrid-session-013,5.0,283.8826479855925,190.6181120313704,,,4.27109375,
static_safe,80.0,0.05,0.1,hybrid-session-016,5.0,275.6480958778411,191.98089875280857,,,4.345947265625,
static_safe,80.0,0.05,0.1,hybrid-session-020,5.0,315.6324641313404,195.03261833451688,,,4.445751953125,
static_safe,80.0,0.05,0.1,hybrid-session-021,5.0,324.49189596809447,211.45837400108576,,,4.667919921875,
static_safe,80.0,0.05,0.1,hybrid-session-025,5.0,268.06112495251,179.40745200030506,,,4.372265625,
static_safe,80.0,0.05,0.1,hybrid-session-026,5.0,316.12133514136076,205.9600085951388,,,4.746533203125,
uncalibrated_dynamic,80.0,0.05,0.1,hybrid-session-002,5.0,45194.1928791441,17684.963713878395,,,4.2177734375,
uncalibrated_dynamic,80.0,0.05,0.1,hybrid-session-003,5.0,45059.72760298848,9147.506686742603,,,4.261865234375,
uncalibrated_dynamic,80.0,0.05,0.1,hybrid-session-004,5.0,319.96806315146387,210.9400580637157,,,4.458056640625,
uncalibrated_dynamic,80.0,0.05,0.1,hybrid-session-005,5.0,277.8946729376912,189.36124281026423,,,4.22529296875,
uncalibrated_dynamic,80.0,0.05,0.1,hybrid-session-006,5.0,327.80477381311357,221.71340296044946,,,5.203515625,
uncalibrated_dynamic,80.0,0.05,0.1,hybrid-session-009,5.0,267.2248110175133,174.26618835888803,,,4.317919921875,
uncalibrated_dynamic,80.0,0.05,0.1,hybrid-session-010,5.0,327.44929986074567,191.7175967246294,,,4.514111328125,
uncalibrated_dynamic,80.0,0.05,0.1,hybrid-session-013,5.0,279.74770101718605,184.6763042267412,,,4.4146484375,
uncalibrated_dynamic,80.0,0.05,0.1,hybrid-session-016,5.0,308.6915221065283,203.7030960433185,,,4.3818359375,
uncalibrated_dynamic,80.0,0.05,0.1,hybrid-session-020,5.0,316.6973008774221,203.45949460752308,,,4.388330078125,
uncalibrated_dynamic,80.0,0.05,0.1,hybrid-session-021,5.0,319.33277705684304,219.29826140403748,,,4.6033203125,
uncalibrated_dynamic,80.0,0.05,0.1,hybrid-session-025,5.0,40940.67824197933,8319.97673159279,,,6.253173828125,
uncalibrated_dynamic,80.0,0.05,0.1,hybrid-session-026,5.0,43977.49198319763,17665.87078126557,,,4.333984375,
utility_dynamic,80.0,0.05,0.1,hybrid-session-002,5.0,4174.896785058081,988.277568295598,,,3.55400390625,
utility_dynamic,80.0,0.05,0.1,hybrid-session-003,5.0,234.7019100561738,169.98743200674653,,,3.472998046875,
utility_dynamic,80.0,0.05,0.1,hybrid-session-004,5.0,231.2466709408909,186.1866773571819,,,3.715673828125,
utility_dynamic,80.0,0.05,0.1,hybrid-session-005,5.0,237.38521081395447,172.0043020322919,,,3.514697265625,
utility_dynamic,80.0,0.05,0.1,hybrid-session-006,5.0,236.34616099298,186.3632446154952,,,4.05576171875,
utility_dynamic,80.0,0.05,0.1,hybrid-session-009,5.0,209.44976713508368,159.13495887070894,,,3.537255859375,
utility_dynamic,80.0,0.05,0.1,hybrid-session-010,5.0,214.78527085855603,156.3340041320771,,,3.707470703125,
utility_dynamic,80.0,0.05,0.1,hybrid-session-013,5.0,207.85159594379365,164.01964472606778,,,3.62373046875,
utility_dynamic,80.0,0.05,0.1,hybrid-session-016,5.0,242.03768698498607,174.1306978277862,,,3.7078125,
utility_dynamic,80.0,0.05,0.1,hybrid-session-020,5.0,232.87538602016866,170.61996520496905,,,3.665087890625,
utility_dynamic,80.0,0.05,0.1,hybrid-session-021,5.0,241.79243808612227,183.09655520133674,,,3.85751953125,
utility_dynamic,80.0,0.05,0.1,hybrid-session-025,5.0,206.93726395256817,156.86624934896827,,,3.725927734375,
utility_dynamic,80.0,0.05,0.1,hybrid-session-026,5.0,195.22486510686576,171.21111410669982,,,3.93955078125,
full_lru,80.0,0.1,0.05,hybrid-session-002,5.0,3896.101319929585,882.1706865914166,,,8.4,
full_lru,80.0,0.1,0.05,hybrid-session-003,5.0,150.6253369152546,121.54368697665632,,,7.6234375,
full_lru,80.0,0.1,0.05,hybrid-session-004,5.0,146.42414706759155,129.36807861551642,,,9.0234375,
full_lru,80.0,0.1,0.05,hybrid-session-005,5.0,151.0136858560145,122.016911348328,,,8.35625,
full_lru,80.0,0.1,0.05,hybrid-session-006,5.0,201.25706703402102,136.2407959997654,,,10.4234375,
full_lru,80.0,0.1,0.05,hybrid-session-009,5.0,132.7072260901332,117.50692422501743,,,7.5140625,
full_lru,80.0,0.1,0.05,hybrid-session-010,5.0,149.7629249934107,117.93669611215591,,,8.0171875,
full_lru,80.0,0.1,0.05,hybrid-session-013,5.0,144.85806203447282,118.30332954414189,,,7.6890625,
full_lru,80.0,0.1,0.05,hybrid-session-016,5.0,194.92827099747956,134.65916784480214,,,9.0671875,
full_lru,80.0,0.1,0.05,hybrid-session-020,5.0,139.26962087862194,123.88141914270818,,,8.509375,
full_lru,80.0,0.1,0.05,hybrid-session-021,5.0,196.07443292625248,138.1560078356415,,,9.296875,
full_lru,80.0,0.1,0.05,hybrid-session-025,5.0,142.81603484414518,118.14373172819614,,,8.1265625,
full_lru,80.0,0.1,0.05,hybrid-session-026,5.0,201.11276814714074,139.18457701802254,,,9.7671875,
static_best,80.0,0.1,0.05,hybrid-session-002,5.0,3610.295110149309,848.797785770148,,,4.37294921875,
static_best,80.0,0.1,0.05,hybrid-session-003,5.0,213.56232091784477,144.20441002584994,,,4.161376953125,
static_best,80.0,0.1,0.05,hybrid-session-004,5.0,202.85868481732905,172.11994612589478,,,4.558544921875,
static_best,80.0,0.1,0.05,hybrid-session-005,5.0,219.18295696377754,152.35516857355833,,,4.332958984375,
static_best,80.0,0.1,0.05,hybrid-session-006,5.0,198.01320182159543,154.76205158047378,,,5.06337890625,
static_best,80.0,0.1,0.05,hybrid-session-009,5.0,182.16477194800973,139.35736217536032,,,4.217431640625,
static_best,80.0,0.1,0.05,hybrid-session-010,5.0,296.49120196700096,166.23721574433148,,,4.4638671875,
static_best,80.0,0.1,0.05,hybrid-session-013,5.0,277.1576920058578,151.92626137286425,,,4.364404296875,
static_best,80.0,0.1,0.05,hybrid-session-016,5.0,245.70088111795485,143.9313561655581,,,4.345947265625,
static_best,80.0,0.1,0.05,hybrid-session-020,5.0,247.0970458816737,151.4349855016917,,,4.345263671875,
static_best,80.0,0.1,0.05,hybrid-session-021,5.0,290.1383170392364,193.04804299026728,,,4.689453125,
static_best,80.0,0.1,0.05,hybrid-session-025,5.0,245.02078420482576,158.24828227050602,,,4.372265625,
static_best,80.0,0.1,0.05,hybrid-session-026,5.0,289.2154611181468,177.0837348420173,,,4.732177734375,
static_safe,80.0,0.1,0.05,hybrid-session-002,5.0,3759.354069828987,878.0883198138326,,,4.37294921875,
static_safe,80.0,0.1,0.05,hybrid-session-003,5.0,188.03812912665308,136.34768100455403,,,4.161376953125,
static_safe,80.0,0.1,0.05,hybrid-session-004,5.0,200.84295701235533,161.04027410037816,,,4.558544921875,
static_safe,80.0,0.1,0.05,hybrid-session-005,5.0,192.330899881199,153.4543277695775,,,4.332958984375,
static_safe,80.0,0.1,0.05,hybrid-session-006,5.0,202.16158404946327,160.19191038794816,,,5.06337890625,
static_safe,80.0,0.1,0.05,hybrid-session-009,5.0,168.56221691705287,135.45579817146063,,,4.217431640625,
static_safe,80.0,0.1,0.05,hybrid-session-010,5.0,276.2230110820383,158.5469427984208,,,4.370556640625,
static_safe,80.0,0.1,0.05,hybrid-session-013,5.0,244.04114694334567,157.0237571373582,,,4.27109375,
static_safe,80.0,0.1,0.05,hybrid-session-016,5.0,241.27432517707348,154.68378504738212,,,4.345947265625,
static_safe,80.0,0.1,0.05,hybrid-session-020,5.0,193.92265286296606,141.01024977862835,,,4.488818359375,
static_safe,80.0,0.1,0.05,hybrid-session-021,5.0,196.34714000858366,153.08527639135718,,,4.70380859375,
static_safe,80.0,0.1,0.05,hybrid-session-025,5.0,242.95317707583308,154.5388624072075,,,4.372265625,
static_safe,80.0,0.1,0.05,hybrid-session-026,5.0,297.53998504020274,176.8415182363242,,,4.746533203125,
uncalibrated_dynamic,80.0,0.1,0.05,hybrid-session-002,5.0,44770.59926796146,18541.693158140777,,,4.2177734375,
uncalibrated_dynamic,80.0,0.1,0.05,hybrid-session-003,5.0,44642.848520070314,9038.715270812809,,,4.261865234375,
uncalibrated_dynamic,80.0,0.1,0.05,hybrid-session-004,5.0,313.8880259357393,192.86320977844298,,,4.458056640625,
uncalibrated_dynamic,80.0,0.1,0.05,hybrid-session-005,5.0,244.1719090566039,178.35595039650798,,,4.22529296875,
uncalibrated_dynamic,80.0,0.1,0.05,hybrid-session-006,5.0,306.4461429603398,210.72659995406866,,,5.203515625,
uncalibrated_dynamic,80.0,0.1,0.05,hybrid-session-009,5.0,253.77231580205262,169.64903841726482,,,4.317919921875,
uncalibrated_dynamic,80.0,0.1,0.05,hybrid-session-010,5.0,290.2876401785761,180.50866443663836,,,4.514111328125,
uncalibrated_dynamic,80.0,0.1,0.05,hybrid-session-013,5.0,243.90102387405932,173.1457554269582,,,4.4146484375,
uncalibrated_dynamic,80.0,0.1,0.05,hybrid-session-016,5.0,307.1681009605527,195.197640825063,,,4.575634765625,
uncalibrated_dynamic,80.0,0.1,0.05,hybrid-session-020,5.0,324.279383989051,195.049142325297,,,4.388330078125,
uncalibrated_dynamic,80.0,0.1,0.05,hybrid-session-021,5.0,307.9213569872081,203.0320493504405,,,4.6033203125,
uncalibrated_dynamic,80.0,0.1,0.05,hybrid-session-025,5.0,41961.140963992104,8513.72522014156,,,6.253173828125,
uncalibrated_dynamic,80.0,0.1,0.05,hybrid-session-026,5.0,45585.948374858126,18006.52811479904,,,4.333984375,
utility_dynamic,80.0,0.1,0.05,hybrid-session-002,5.0,3609.0684751980007,849.1850548889488,,,3.55400390625,
utility_dynamic,80.0,0.1,0.05,hybrid-session-003,5.0,183.9289190247655,135.52178335376084,,,3.472998046875,
utility_dynamic,80.0,0.1,0.05,hybrid-session-004,5.0,199.64272412471473,159.03041763231158,,,3.715673828125,
utility_dynamic,80.0,0.1,0.05,hybrid-session-005,5.0,194.27244015969336,141.84924722649157,,,3.514697265625,
utility_dynamic,80.0,0.1,0.05,hybrid-session-006,5.0,195.07544115185738,151.7294152174145,,,4.05576171875,
utility_dynamic,80.0,0.1,0.05,hybrid-session-009,5.0,167.51981084235013,131.6906299907714,,,3.537255859375,
utility_dynamic,80.0,0.1,0.05,hybrid-session-010,5.0,179.3830229435116,132.58626055903733,,,3.707470703125,
utility_dynamic,80.0,0.1,0.05,hybrid-session-013,5.0,188.56299202889204,137.06760839559138,,,3.62373046875,
utility_dynamic,80.0,0.1,0.05,hybrid-session-016,5.0,223.60416199080646,152.01542619615793,,,3.7078125,
utility_dynamic,80.0,0.1,0.05,hybrid-session-020,5.0,202.54786009900272,150.18923725001514,,,3.665087890625,
utility_dynamic,80.0,0.1,0.05,hybrid-session-021,5.0,199.35018219985068,164.93934504687786,,,3.85751953125,
utility_dynamic,80.0,0.1,0.05,hybrid-session-025,5.0,174.06254704110324,141.73174919560552,,,3.725927734375,
utility_dynamic,80.0,0.1,0.05,hybrid-session-026,5.0,190.1656191330403,154.7336797695607,,,3.93955078125,
full_lru,80.0,0.1,0.1,hybrid-session-002,5.0,3977.6436700485647,900.8476246148348,,,8.4,
full_lru,80.0,0.1,0.1,hybrid-session-003,5.0,146.93860593251884,122.13013181462884,,,7.6234375,
full_lru,80.0,0.1,0.1,hybrid-session-004,5.0,165.90308398008347,126.0760588105768,,,9.0234375,
full_lru,80.0,0.1,0.1,hybrid-session-005,5.0,151.38208610005677,121.64641921408474,,,8.35625,
full_lru,80.0,0.1,0.1,hybrid-session-006,5.0,193.20842903107405,137.74841441772878,,,10.4234375,
full_lru,80.0,0.1,0.1,hybrid-session-009,5.0,132.68264406360686,121.243637194857,,,7.5140625,
full_lru,80.0,0.1,0.1,hybrid-session-010,5.0,152.16991491615772,116.56926237046719,,,8.0171875,
full_lru,80.0,0.1,0.1,hybrid-session-013,5.0,149.24386097118258,119.28193741478026,,,7.6890625,
full_lru,80.0,0.1,0.1,hybrid-session-016,5.0,187.5201240181923,134.6778606530279,,,9.0671875,
full_lru,80.0,0.1,0.1,hybrid-session-020,5.0,152.67440886236727,127.06762757152319,,,8.509375,
full_lru,80.0,0.1,0.1,hybrid-session-021,5.0,181.10565398819745,133.21735272184014,,,9.296875,
full_lru,80.0,0.1,0.1,hybrid-session-025,5.0,153.38602592237294,125.50535663031042,,,8.1265625,
full_lru,80.0,0.1,0.1,hybrid-session-026,5.0,185.2646330371499,137.90275594219565,,,9.7671875,
static_best,80.0,0.1,0.1,hybrid-session-002,5.0,3737.3825828544796,873.0634491425008,,,4.37294921875,
static_best,80.0,0.1,0.1,hybrid-session-003,5.0,188.0427747964859,130.78986732289195,,,4.161376953125,
static_best,80.0,0.1,0.1,hybrid-session-004,5.0,198.15479801036417,144.56623517908156,,,4.558544921875,
static_best,80.0,0.1,0.1,hybrid-session-005,5.0,194.76055493578315,137.63794261030853,,,4.332958984375,
static_best,80.0,0.1,0.1,hybrid-session-006,5.0,200.61196200549603,145.68761200644076,,,5.06337890625,
static_best,80.0,0.1,0.1,hybrid-session-009,5.0,170.2838649507612,131.23743757605553,,,4.217431640625,
static_best,80.0,0.1,0.1,hybrid-session-010,5.0,324.58543800748885,167.43658715859056,,,4.4638671875,
static_best,80.0,0.1,0.1,hybrid-session-013,5.0,243.15247498452663,157.10566202178597,,,4.378759765625,
static_best,80.0,0.1,0.1,hybrid-session-016,5.0,253.0686240643263,156.5776975825429,,,4.345947265625,
static_best,80.0,0.1,0.1,hybrid-session-020,5.0,244.49734203517437,157.06934076733887,,,4.345263671875,
static_best,80.0,0.1,0.1,hybrid-session-021,5.0,243.43199795112014,170.33886015415192,,,4.56025390625,
static_best,80.0,0.1,0.1,hybrid-session-025,5.0,171.1428058333695,132.16544138267636,,,4.422509765625,
static_best,80.0,0.1,0.1,hybrid-session-026,5.0,189.3867428880185,150.59385020285845,,,4.79677734375,
static_safe,80.0,0.1,0.1,hybrid-session-002,5.0,3864.9776510428637,922.2079089377075,,,4.37294921875,
static_safe,80.0,0.1,0.1,hybrid-session-003,5.0,232.15688113123178,168.07313882745802,,,4.161376953125,
static_safe,80.0,0.1,0.1,hybrid-session-004,5.0,237.94327699579298,185.39218590594828,,,4.558544921875,
static_safe,80.0,0.1,0.1,hybrid-session-005,5.0,234.58065604791045,173.1376606039703,,,4.332958984375,
static_safe,80.0,0.1,0.1,hybrid-session-006,5.0,240.92127988114953,180.7127044070512,,,5.06337890625,
static_safe,80.0,0.1,0.1,hybrid-session-009,5.0,197.22718396224082,158.88411165215075,,,4.217431640625,
static_safe,80.0,0.1,0.1,hybrid-session-010,5.0,324.3004239629954,195.5791721586138,,,4.4638671875,
static_safe,80.0,0.1,0.1,hybrid-session-013,5.0,282.423387048766,192.82229216769338,,,4.27109375,
static_safe,80.0,0.1,0.1,hybrid-session-016,5.0,278.65677094087005,189.23085001297295,,,4.345947265625,
static_safe,80.0,0.1,0.1,hybrid-session-020,5.0,314.97028400190175,195.09894661605358,,,4.445751953125,
static_safe,80.0,0.1,0.1,hybrid-session-021,5.0,323.3255979139358,208.3523423410952,,,4.667919921875,
static_safe,80.0,0.1,0.1,hybrid-session-025,5.0,275.27140104211867,182.64451483264565,,,4.372265625,
static_safe,80.0,0.1,0.1,hybrid-session-026,5.0,318.99239984340966,207.32421190477908,,,4.746533203125,
uncalibrated_dynamic,80.0,0.1,0.1,hybrid-session-002,5.0,44912.293656829745,18694.51041319035,,,4.2177734375,
uncalibrated_dynamic,80.0,0.1,0.1,hybrid-session-003,5.0,44020.83012667671,8937.887697054446,,,4.261865234375,
uncalibrated_dynamic,80.0,0.1,0.1,hybrid-session-004,5.0,324.1723880637437,213.33048967644572,,,4.458056640625,
uncalibrated_dynamic,80.0,0.1,0.1,hybrid-session-005,5.0,275.76605998910964,184.16870939545333,,,4.22529296875,
uncalibrated_dynamic,80.0,0.1,0.1,hybrid-session-006,5.0,324.7059569694102,218.43507383018732,,,5.203515625,
uncalibrated_dynamic,80.0,0.1,0.1,hybrid-session-009,5.0,283.2995520438999,171.29357159137726,,,4.317919921875,
uncalibrated_dynamic,80.0,0.1,0.1,hybrid-session-010,5.0,315.06220903247595,189.74280366674066,,,4.514111328125,
uncalibrated_dynamic,80.0,0.1,0.1,hybrid-session-013,5.0,261.69732096605003,182.0216730237007,,,4.4146484375,
uncalibrated_dynamic,80.0,0.1,0.1,hybrid-session-016,5.0,322.7643109858036,192.4070212058723,,,4.3818359375,
uncalibrated_dynamic,80.0,0.1,0.1,hybrid-session-020,5.0,307.6551950071007,198.51338281296194,,,4.589306640625,
uncalibrated_dynamic,80.0,0.1,0.1,hybrid-session-021,5.0,320.59569493867457,205.00730881467462,,,4.57802734375,
uncalibrated_dynamic,80.0,0.1,0.1,hybrid-session-025,5.0,42278.39303015545,8576.72751648128,,,6.253173828125,
uncalibrated_dynamic,80.0,0.1,0.1,hybrid-session-026,5.0,44476.561513166875,17786.84976101592,,,4.333984375,
utility_dynamic,80.0,0.1,0.1,hybrid-session-002,5.0,3984.3427769374102,948.2833886519074,,,3.55400390625,
utility_dynamic,80.0,0.1,0.1,hybrid-session-003,5.0,233.43795887194574,170.59118812903762,,,3.472998046875,
utility_dynamic,80.0,0.1,0.1,hybrid-session-004,5.0,206.6707769408822,178.36440694518387,,,3.715673828125,
utility_dynamic,80.0,0.1,0.1,hybrid-session-005,5.0,237.3349170666188,172.3097815643996,,,3.514697265625,
utility_dynamic,80.0,0.1,0.1,hybrid-session-006,5.0,240.13802711851895,189.26149639301002,,,4.05576171875,
utility_dynamic,80.0,0.1,0.1,hybrid-session-009,5.0,221.65419696830213,160.04859316162765,,,3.537255859375,
utility_dynamic,80.0,0.1,0.1,hybrid-session-010,5.0,210.652177920565,165.21245455369353,,,3.707470703125,
utility_dynamic,80.0,0.1,0.1,hybrid-session-013,5.0,217.42330095730722,166.92265942692757,,,3.62373046875,
utility_dynamic,80.0,0.1,0.1,hybrid-session-016,5.0,237.67490009777248,174.55244339071214,,,3.7078125,
utility_dynamic,80.0,0.1,0.1,hybrid-session-020,5.0,237.3794859740883,175.44296379201114,,,3.665087890625,
utility_dynamic,80.0,0.1,0.1,hybrid-session-021,5.0,249.53182297758758,189.31219200603664,,,3.85751953125,
utility_dynamic,80.0,0.1,0.1,hybrid-session-025,5.0,207.89414597675204,149.5622720103711,,,3.725927734375,
utility_dynamic,80.0,0.1,0.1,hybrid-session-026,5.0,228.5151481628418,173.3205263968557,,,3.93955078125,
full_lru,96.0,0.05,0.05,hybrid-session-002,5.0,3907.2937280870974,873.580197384581,,,8.4,
full_lru,96.0,0.05,0.05,hybrid-session-003,5.0,136.79517689161003,100.56925602257252,,,7.6234375,
full_lru,96.0,0.05,0.05,hybrid-session-004,5.0,152.21350686624646,113.20381793193519,,,9.0234375,
full_lru,96.0,0.05,0.05,hybrid-session-005,5.0,146.77275996655226,107.25820357911289,,,8.35625,
full_lru,96.0,0.05,0.05,hybrid-session-006,5.0,200.10523404926062,134.25646242685616,,,10.4234375,
full_lru,96.0,0.05,0.05,hybrid-session-009,5.0,127.88997404277325,105.52371041849256,,,7.6125,
full_lru,96.0,0.05,0.05,hybrid-session-010,5.0,134.39897308126092,105.61909503303468,,,8.1046875,
full_lru,96.0,0.05,0.05,hybrid-session-013,5.0,128.76877398230135,104.53119836747646,,,7.6890625,
full_lru,96.0,0.05,0.05,hybrid-session-016,5.0,169.40130200237036,118.64319476298988,,,9.0671875,
full_lru,96.0,0.05,0.05,hybrid-session-020,5.0,134.12173208780587,109.97641892172396,,,8.509375,
full_lru,96.0,0.05,0.05,hybrid-session-021,5.0,172.19230183400214,120.7681733649224,,,9.296875,
full_lru,96.0,0.05,0.05,hybrid-session-025,5.0,134.77271609008312,108.03421484306455,,,8.1265625,
full_lru,96.0,0.05,0.05,hybrid-session-026,5.0,174.31824491359293,124.45721919648349,,,9.7671875,
static_best,96.0,0.05,0.05,hybrid-session-002,5.0,3836.9482858106494,922.6818653289229,,,4.37294921875,
static_best,96.0,0.05,0.05,hybrid-session-003,5.0,223.32031396217644,174.15724322199821,,,4.161376953125,
static_best,96.0,0.05,0.05,hybrid-session-004,5.0,235.011420911178,194.15240255184472,,,4.558544921875,
static_best,96.0,0.05,0.05,hybrid-session-005,5.0,229.47295405901968,172.23856537602842,,,4.332958984375,
static_best,96.0,0.05,0.05,hybrid-session-006,5.0,243.5626091901213,187.08992167375982,,,5.06337890625,
static_best,96.0,0.05,0.05,hybrid-session-009,5.0,211.7374970111996,159.26962443627417,,,4.217431640625,
static_best,96.0,0.05,0.05,hybrid-session-010,5.0,212.44457107968628,156.36657373979688,,,4.413623046875,
static_best,96.0,0.05,0.05,hybrid-session-013,5.0,210.2737908717245,162.64155395328999,,,4.31416015625,
static_best,96.0,0.05,0.05,hybrid-session-016,5.0,243.7722091563046,174.1521880030632,,,4.489501953125,
static_best,96.0,0.05,0.05,hybrid-session-020,5.0,237.30775201693177,172.84299721941352,,,4.488818359375,
static_best,96.0,0.05,0.05,hybrid-session-021,5.0,239.14188495837152,187.81794398091733,,,4.70380859375,
static_best,96.0,0.05,0.05,hybrid-session-025,5.0,215.80354403704405,164.77250861935318,,,4.422509765625,
static_best,96.0,0.05,0.05,hybrid-session-026,5.0,232.16313892044127,182.47796897776425,,,4.79677734375,
static_safe,96.0,0.05,0.05,hybrid-session-002,5.0,3848.9005300216377,920.7797029521316,,,4.37294921875,
static_safe,96.0,0.05,0.05,hybrid-session-003,5.0,230.6037067901343,174.35180260799825,,,4.161376953125,
static_safe,96.0,0.05,0.05,hybrid-session-004,5.0,237.80521797016263,191.9835103675723,,,4.558544921875,
static_safe,96.0,0.05,0.05,hybrid-session-005,5.0,237.87517100572586,170.4774382058531,,,4.332958984375,
static_safe,96.0,0.05,0.05,hybrid-session-006,5.0,239.79997704736888,188.50046577863395,,,5.06337890625,
static_safe,96.0,0.05,0.05,hybrid-session-009,5.0,200.7320811972022,155.83421466872096,,,4.217431640625,
static_safe,96.0,0.05,0.05,hybrid-session-010,5.0,221.23645897954702,165.0820259936154,,,4.413623046875,
static_safe,96.0,0.05,0.05,hybrid-session-013,5.0,222.37159591168165,166.02711738087237,,,4.31416015625,
static_safe,96.0,0.05,0.05,hybrid-session-016,5.0,240.5618131160736,165.51867625676095,,,4.489501953125,
static_safe,96.0,0.05,0.05,hybrid-session-020,5.0,243.36906801909208,175.81516299396753,,,4.488818359375,
static_safe,96.0,0.05,0.05,hybrid-session-021,5.0,240.86753907613456,190.56169698014855,,,4.70380859375,
static_safe,96.0,0.05,0.05,hybrid-session-025,5.0,214.4204219803214,169.99563202261925,,,4.422509765625,
static_safe,96.0,0.05,0.05,hybrid-session-026,5.0,231.71367403119802,191.84370203875005,,,4.79677734375,
uncalibrated_dynamic,96.0,0.05,0.05,hybrid-session-002,5.0,3832.3719408363104,921.6180105693638,,,4.37294921875,
uncalibrated_dynamic,96.0,0.05,0.05,hybrid-session-003,5.0,216.96445089764893,168.57242775149643,,,4.161376953125,
uncalibrated_dynamic,96.0,0.05,0.05,hybrid-session-004,5.0,232.72200301289558,185.33004359342158,,,4.558544921875,
uncalibrated_dynamic,96.0,0.05,0.05,hybrid-session-005,5.0,234.12856017239392,176.19918840937316,,,4.332958984375,
uncalibrated_dynamic,96.0,0.05,0.05,hybrid-session-006,5.0,230.5954610928893,185.08723685517907,,,5.06337890625,
uncalibrated_dynamic,96.0,0.05,0.05,hybrid-session-009,5.0,202.69756601192057,164.58983677439392,,,4.217431640625,
uncalibrated_dynamic,96.0,0.05,0.05,hybrid-session-010,5.0,207.35902106389403,164.78231218643486,,,4.413623046875,
uncalibrated_dynamic,96.0,0.05,0.05,hybrid-session-013,5.0,210.7449050527066,168.24574721977115,,,4.31416015625,
uncalibrated_dynamic,96.0,0.05,0.05,hybrid-session-016,5.0,238.9303029049188,173.23404890485108,,,4.489501953125,
uncalibrated_dynamic,96.0,0.05,0.05,hybrid-session-020,5.0,231.05915798805654,172.58945917710662,,,4.488818359375,
uncalibrated_dynamic,96.0,0.05,0.05,hybrid-session-021,5.0,44631.51896396652,9064.067316569388,,,4.2451171875,
uncalibrated_dynamic,96.0,0.05,0.05,hybrid-session-025,5.0,45223.32017015666,9176.45976759307,,,4.372265625,
uncalibrated_dynamic,96.0,0.05,0.05,hybrid-session-026,5.0,335.3379820473492,212.0190723799169,,,4.746533203125,
utility_dynamic,96.0,0.05,0.05,hybrid-session-002,5.0,3898.900145897642,929.9100584350526,,,3.55400390625,
utility_dynamic,96.0,0.05,0.05,hybrid-session-003,5.0,215.81474808044732,164.60974840447307,,,3.472998046875,
utility_dynamic,96.0,0.05,0.05,hybrid-session-004,5.0,227.88683394901454,186.90050919540226,,,3.715673828125,
utility_dynamic,96.0,0.05,0.05,hybrid-session-005,5.0,227.06044279038906,169.6707755792886,,,3.514697265625,
utility_dynamic,96.0,0.05,0.05,hybrid-session-006,5.0,235.02674116753042,181.2539389822632,,,4.05576171875,
utility_dynamic,96.0,0.05,0.05,hybrid-session-009,5.0,203.12094292603433,160.164595535025,,,3.537255859375,
utility_dynamic,96.0,0.05,0.05,hybrid-session-010,5.0,207.01245800592005,158.23810794390738,,,3.707470703125,
utility_dynamic,96.0,0.05,0.05,hybrid-session-013,5.0,201.29540911875665,155.31540564261377,,,3.62373046875,
utility_dynamic,96.0,0.05,0.05,hybrid-session-016,5.0,231.32138792425394,167.6230343990028,,,3.7078125,
utility_dynamic,96.0,0.05,0.05,hybrid-session-020,5.0,234.90869998931885,168.24314263649285,,,3.665087890625,
utility_dynamic,96.0,0.05,0.05,hybrid-session-021,5.0,231.43585794605315,188.5124578140676,,,3.85751953125,
utility_dynamic,96.0,0.05,0.05,hybrid-session-025,5.0,194.36645391397178,152.41966973990202,,,3.725927734375,
utility_dynamic,96.0,0.05,0.05,hybrid-session-026,5.0,200.68877912126482,174.61971906013787,,,3.93955078125,
full_lru,96.0,0.05,0.1,hybrid-session-002,5.0,4169.927090173587,931.9940430577844,,,8.4,
full_lru,96.0,0.05,0.1,hybrid-session-003,5.0,155.34634585492313,121.74460631795228,,,7.6234375,
full_lru,96.0,0.05,0.1,hybrid-session-004,5.0,151.05967200361192,127.66288938000798,,,9.0234375,
full_lru,96.0,0.05,0.1,hybrid-session-005,5.0,150.7969310041517,122.41030242294073,,,8.35625,
full_lru,96.0,0.05,0.1,hybrid-session-006,5.0,192.71394005045295,136.55991801060736,,,10.4234375,
full_lru,96.0,0.05,0.1,hybrid-session-009,5.0,147.4104810040444,120.29228140600026,,,7.6125,
full_lru,96.0,0.05,0.1,hybrid-session-010,5.0,152.04310812987387,126.50823201984167,,,8.1046875,
full_lru,96.0,0.05,0.1,hybrid-session-013,5.0,152.2842140402645,125.09801117703319,,,7.6890625,
full_lru,96.0,0.05,0.1,hybrid-session-016,5.0,194.8435918893665,136.58823277801275,,,9.0671875,
full_lru,96.0,0.05,0.1,hybrid-session-020,5.0,136.38352206908166,123.8671490456909,,,8.509375,
full_lru,96.0,0.05,0.1,hybrid-session-021,5.0,195.91779704205692,135.49633189104497,,,9.296875,
full_lru,96.0,0.05,0.1,hybrid-session-025,5.0,135.9997030813247,121.33307978510857,,,8.1265625,
full_lru,96.0,0.05,0.1,hybrid-session-026,5.0,200.3107899799943,140.9126908518374,,,9.7671875,
static_best,96.0,0.05,0.1,hybrid-session-002,5.0,3815.1083779521286,898.2290352229029,,,4.37294921875,
static_best,96.0,0.05,0.1,hybrid-session-003,5.0,212.9535530693829,145.63454538583755,,,4.161376953125,
static_best,96.0,0.05,0.1,hybrid-session-004,5.0,199.7624880168587,162.89872699417174,,,4.558544921875,
static_best,96.0,0.05,0.1,hybrid-session-005,5.0,198.33718286827207,146.65745892561972,,,4.332958984375,
static_best,96.0,0.05,0.1,hybrid-session-006,5.0,203.98372900672257,159.8838934674859,,,5.06337890625,
static_best,96.0,0.05,0.1,hybrid-session-009,5.0,172.04300384037197,133.69041956029832,,,4.217431640625,
static_best,96.0,0.05,0.1,hybrid-session-010,5.0,182.08793317899108,134.13840443827212,,,4.413623046875,
static_best,96.0,0.05,0.1,hybrid-session-013,5.0,188.309988938272,138.47906882874668,,,4.31416015625,
static_best,96.0,0.05,0.1,hybrid-session-016,5.0,198.6069509293884,139.99027800746262,,,4.489501953125,
static_best,96.0,0.05,0.1,hybrid-session-020,5.0,195.0174670200795,143.5552745591849,,,4.488818359375,
static_best,96.0,0.05,0.1,hybrid-session-021,5.0,197.80754786916077,153.07713760994375,,,4.70380859375,
static_best,96.0,0.05,0.1,hybrid-session-025,5.0,170.28314294293523,136.11139585264027,,,4.422509765625,
static_best,96.0,0.05,0.1,hybrid-session-026,5.0,192.38774618133903,158.60050399787724,,,4.79677734375,
static_safe,96.0,0.05,0.1,hybrid-session-002,5.0,3619.065634906292,856.5030265599489,,,4.37294921875,
static_safe,96.0,0.05,0.1,hybrid-session-003,5.0,186.51226116344333,140.35940039902925,,,4.161376953125,
static_safe,96.0,0.05,0.1,hybrid-session-004,5.0,196.13504805602133,158.6909235920757,,,4.558544921875,
static_safe,96.0,0.05,0.1,hybrid-session-005,5.0,192.70655186846852,141.46355972625315,,,4.332958984375,
static_safe,96.0,0.05,0.1,hybrid-session-006,5.0,195.9296220447868,153.11648854985833,,,5.06337890625,
static_safe,96.0,0.05,0.1,hybrid-session-009,5.0,169.7930609807372,131.98998398147523,,,4.217431640625,
static_safe,96.0,0.05,0.1,hybrid-session-010,5.0,179.30278996936977,132.00713177211583,,,4.413623046875,
static_safe,96.0,0.05,0.1,hybrid-session-013,5.0,190.85403601638973,137.55554258823395,,,4.31416015625,
static_safe,96.0,0.05,0.1,hybrid-session-016,5.0,234.84138492494822,147.32113499194384,,,4.489501953125,
static_safe,96.0,0.05,0.1,hybrid-session-020,5.0,225.47328495420516,147.11756757460535,,,4.488818359375,
static_safe,96.0,0.05,0.1,hybrid-session-021,5.0,230.52352317608893,160.45892923139036,,,4.70380859375,
static_safe,96.0,0.05,0.1,hybrid-session-025,5.0,200.9470360353589,145.2735594008118,,,4.422509765625,
static_safe,96.0,0.05,0.1,hybrid-session-026,5.0,202.1720940247178,163.6556452140212,,,4.79677734375,
uncalibrated_dynamic,96.0,0.05,0.1,hybrid-session-002,5.0,3819.79422387667,892.0157919637859,,,4.37294921875,
uncalibrated_dynamic,96.0,0.05,0.1,hybrid-session-003,5.0,186.44597800448537,143.8342835754156,,,4.161376953125,
uncalibrated_dynamic,96.0,0.05,0.1,hybrid-session-004,5.0,198.87977209873497,161.78499101661146,,,4.558544921875,
uncalibrated_dynamic,96.0,0.05,0.1,hybrid-session-005,5.0,227.36737388186157,153.77315897494555,,,4.332958984375,
uncalibrated_dynamic,96.0,0.05,0.1,hybrid-session-006,5.0,200.55318996310234,159.60968676954508,,,5.06337890625,
uncalibrated_dynamic,96.0,0.05,0.1,hybrid-session-009,5.0,171.75741214305162,136.44085666164756,,,4.217431640625,
uncalibrated_dynamic,96.0,0.05,0.1,hybrid-session-010,5.0,175.89791398495436,135.93496647663414,,,4.413623046875,
uncalibrated_dynamic,96.0,0.05,0.1,hybrid-session-013,5.0,181.78561911918223,136.5042930468917,,,4.31416015625,
uncalibrated_dynamic,96.0,0.05,0.1,hybrid-session-016,5.0,196.52753695845604,140.32926317304373,,,4.489501953125,
uncalibrated_dynamic,96.0,0.05,0.1,hybrid-session-020,5.0,194.03811497613788,142.95438760891557,,,4.488818359375,
uncalibrated_dynamic,96.0,0.05,0.1,hybrid-session-021,5.0,45534.71993582137,9228.211458580196,,,4.2451171875,
uncalibrated_dynamic,96.0,0.05,0.1,hybrid-session-025,5.0,44824.47025109641,9071.081443409621,,,4.372265625,
uncalibrated_dynamic,96.0,0.05,0.1,hybrid-session-026,5.0,299.2552579380572,178.2257076818496,,,4.746533203125,
utility_dynamic,96.0,0.05,0.1,hybrid-session-002,5.0,3713.624784955755,868.3700869325548,,,3.55400390625,
utility_dynamic,96.0,0.05,0.1,hybrid-session-003,5.0,206.73003909178078,143.11779122799635,,,3.472998046875,
utility_dynamic,96.0,0.05,0.1,hybrid-session-004,5.0,228.84512320160866,161.67875062674284,,,3.715673828125,
utility_dynamic,96.0,0.05,0.1,hybrid-session-005,5.0,230.6448700837791,154.97409482486546,,,3.514697265625,
utility_dynamic,96.0,0.05,0.1,hybrid-session-006,5.0,229.67901919037104,165.97072361037135,,,4.05576171875,
utility_dynamic,96.0,0.05,0.1,hybrid-session-009,5.0,176.59334908239543,132.70243704319,,,3.537255859375,
utility_dynamic,96.0,0.05,0.1,hybrid-session-010,5.0,175.7440729998052,139.13084995001554,,,3.707470703125,
utility_dynamic,96.0,0.05,0.1,hybrid-session-013,5.0,212.1798729058355,141.78578667342663,,,3.62373046875,
utility_dynamic,96.0,0.05,0.1,hybrid-session-016,5.0,193.50565713830292,139.0374676324427,,,3.7078125,
utility_dynamic,96.0,0.05,0.1,hybrid-session-020,5.0,197.4121939856559,141.93913517519832,,,3.665087890625,
utility_dynamic,96.0,0.05,0.1,hybrid-session-021,5.0,199.35034587979317,156.73620700836182,,,3.85751953125,
utility_dynamic,96.0,0.05,0.1,hybrid-session-025,5.0,173.4855859540403,142.02278605662286,,,3.725927734375,
utility_dynamic,96.0,0.05,0.1,hybrid-session-026,5.0,207.7064230106771,158.25072242878377,,,3.93955078125,
full_lru,96.0,0.1,0.05,hybrid-session-002,5.0,3902.8469959739596,882.1814949158579,,,8.4,
full_lru,96.0,0.1,0.05,hybrid-session-003,5.0,148.81833991967142,122.8567395824939,,,7.6234375,
full_lru,96.0,0.1,0.05,hybrid-session-004,5.0,146.44742291420698,128.42190759256482,,,9.0234375,
full_lru,96.0,0.1,0.05,hybrid-session-005,5.0,132.8044121619314,117.37413736991584,,,8.35625,
full_lru,96.0,0.1,0.05,hybrid-session-006,5.0,177.74336994625628,138.16694035194814,,,10.4234375,
full_lru,96.0,0.1,0.05,hybrid-session-009,5.0,127.9400228522718,114.2867130227387,,,7.6125,
full_lru,96.0,0.1,0.05,hybrid-session-010,5.0,134.38753690570593,120.94747871160507,,,8.1046875,
full_lru,96.0,0.1,0.05,hybrid-session-013,5.0,130.07327099330723,115.50102983601391,,,7.6890625,
full_lru,96.0,0.1,0.05,hybrid-session-016,5.0,191.4738428313285,132.67378001473844,,,9.0671875,
full_lru,96.0,0.1,0.05,hybrid-session-020,5.0,143.90850882045925,122.81444254331291,,,8.509375,
full_lru,96.0,0.1,0.05,hybrid-session-021,5.0,177.0712579600513,133.18899464793503,,,9.296875,
full_lru,96.0,0.1,0.05,hybrid-session-025,5.0,150.91716102324426,123.20191259495914,,,8.1265625,
full_lru,96.0,0.1,0.05,hybrid-session-026,5.0,183.13900800421834,139.40252363681793,,,9.7671875,
static_best,96.0,0.1,0.05,hybrid-session-002,5.0,3773.8659251481295,886.990051344037,,,4.37294921875,
static_best,96.0,0.1,0.05,hybrid-session-003,5.0,181.85606901533902,142.17882761731744,,,4.161376953125,
static_best,96.0,0.1,0.05,hybrid-session-004,5.0,192.74759921245277,156.17701765149832,,,4.558544921875,
static_best,96.0,0.1,0.05,hybrid-session-005,5.0,190.71813113987446,141.10441603697836,,,4.332958984375,
static_best,96.0,0.1,0.05,hybrid-session-006,5.0,194.30977292358875,152.00708359479904,,,5.06337890625,
static_best,96.0,0.1,0.05,hybrid-session-009,5.0,167.7573760971427,133.16326173953712,,,4.217431640625,
static_best,96.0,0.1,0.05,hybrid-session-010,5.0,174.67749980278313,131.06109956279397,,,4.413623046875,
static_best,96.0,0.1,0.05,hybrid-session-013,5.0,185.49959501251578,136.63906562142074,,,4.31416015625,
static_best,96.0,0.1,0.05,hybrid-session-016,5.0,233.88728708960116,153.66648943163455,,,4.489501953125,
static_best,96.0,0.1,0.05,hybrid-session-020,5.0,200.30410401523113,148.00095106475055,,,4.488818359375,
static_best,96.0,0.1,0.05,hybrid-session-021,5.0,202.81294197775424,158.69591203518212,,,4.70380859375,
static_best,96.0,0.1,0.05,hybrid-session-025,5.0,201.94249507039785,139.73006941378117,,,4.422509765625,
static_best,96.0,0.1,0.05,hybrid-session-026,5.0,188.75259696505964,156.92389379255474,,,4.79677734375,
static_safe,96.0,0.1,0.05,hybrid-session-002,5.0,3687.4607228673995,893.8238071743399,,,4.37294921875,
static_safe,96.0,0.1,0.05,hybrid-session-003,5.0,219.78641394525766,168.83262475021183,,,4.161376953125,
static_safe,96.0,0.1,0.05,hybrid-session-004,5.0,242.1677620150149,177.94204405508935,,,4.558544921875,
static_safe,96.0,0.1,0.05,hybrid-session-005,5.0,236.12965806387365,175.50489357672632,,,4.332958984375,
static_safe,96.0,0.1,0.05,hybrid-session-006,5.0,240.4855638742447,188.2707261480391,,,5.06337890625,
static_safe,96.0,0.1,0.05,hybrid-session-009,5.0,211.6974308155477,163.7110702227801,,,4.217431640625,
static_safe,96.0,0.1,0.05,hybrid-session-010,5.0,222.06515609286726,161.80731719359756,,,4.413623046875,
static_safe,96.0,0.1,0.05,hybrid-session-013,5.0,214.31558905169368,163.70864296332002,,,4.31416015625,
static_safe,96.0,0.1,0.05,hybrid-session-016,5.0,239.9956549052149,173.4192161820829,,,4.489501953125,
static_safe,96.0,0.1,0.05,hybrid-session-020,5.0,236.84328701347113,176.35594066232443,,,4.488818359375,
static_safe,96.0,0.1,0.05,hybrid-session-021,5.0,244.1668501123786,191.2329528015107,,,4.70380859375,
static_safe,96.0,0.1,0.05,hybrid-session-025,5.0,213.3885850198567,163.29063875600696,,,4.422509765625,
static_safe,96.0,0.1,0.05,hybrid-session-026,5.0,230.94734200276434,182.89537080563605,,,4.79677734375,
uncalibrated_dynamic,96.0,0.1,0.05,hybrid-session-002,5.0,3811.769906897098,917.8504367824644,,,4.37294921875,
uncalibrated_dynamic,96.0,0.1,0.05,hybrid-session-003,5.0,224.84608786180615,166.50893175974488,,,4.161376953125,
uncalibrated_dynamic,96.0,0.1,0.05,hybrid-session-004,5.0,224.5541070587933,186.81435002945364,,,4.558544921875,
uncalibrated_dynamic,96.0,0.1,0.05,hybrid-session-005,5.0,235.117084113881,172.8417344391346,,,4.332958984375,
uncalibrated_dynamic,96.0,0.1,0.05,hybrid-session-006,5.0,238.2295741699636,194.0918774344027,,,5.06337890625,
uncalibrated_dynamic,96.0,0.1,0.05,hybrid-session-009,5.0,208.73146783560514,160.53797975182533,,,4.217431640625,
uncalibrated_dynamic,96.0,0.1,0.05,hybrid-session-010,5.0,210.1555080153048,156.8586657755077,,,4.413623046875,
uncalibrated_dynamic,96.0,0.1,0.05,hybrid-session-013,5.0,214.4823509734124,166.23059641569853,,,4.31416015625,
uncalibrated_dynamic,96.0,0.1,0.05,hybrid-session-016,5.0,245.5532648600638,174.98681494034827,,,4.489501953125,
uncalibrated_dynamic,96.0,0.1,0.05,hybrid-session-020,5.0,239.4474670290947,174.03309936635196,,,4.488818359375,
uncalibrated_dynamic,96.0,0.1,0.05,hybrid-session-021,5.0,44744.814782161266,9095.467260431498,,,4.342529296875,
uncalibrated_dynamic,96.0,0.1,0.05,hybrid-session-025,5.0,45811.36597927101,9291.506820826606,,,4.372265625,
uncalibrated_dynamic,96.0,0.1,0.05,hybrid-session-026,5.0,339.34333990328014,211.4642291329801,,,4.746533203125,
utility_dynamic,96.0,0.1,0.05,hybrid-session-002,5.0,3787.7643529791385,910.3244928177446,,,3.55400390625,
utility_dynamic,96.0,0.1,0.05,hybrid-session-003,5.0,218.8166829291731,169.07387282699347,,,3.472998046875,
utility_dynamic,96.0,0.1,0.05,hybrid-session-004,5.0,233.1432590726763,185.0519466213882,,,3.715673828125,
utility_dynamic,96.0,0.1,0.05,hybrid-session-005,5.0,230.41266505606472,166.54339893721044,,,3.514697265625,
utility_dynamic,96.0,0.1,0.05,hybrid-session-006,5.0,237.53233812749386,185.19339845515788,,,4.05576171875,
utility_dynamic,96.0,0.1,0.05,hybrid-session-009,5.0,210.9335248824209,164.90374295972288,,,3.537255859375,
utility_dynamic,96.0,0.1,0.05,hybrid-session-010,5.0,223.78828306682408,164.14108821190894,,,3.707470703125,
utility_dynamic,96.0,0.1,0.05,hybrid-session-013,5.0,207.07651390694082,145.70637834258378,,,3.62373046875,
utility_dynamic,96.0,0.1,0.05,hybrid-session-016,5.0,172.60977299883962,140.35522835329175,,,3.7078125,
utility_dynamic,96.0,0.1,0.05,hybrid-session-020,5.0,208.00347300246358,150.3656261600554,,,3.665087890625,
utility_dynamic,96.0,0.1,0.05,hybrid-session-021,5.0,208.98670610040426,167.20941737294197,,,3.85751953125,
utility_dynamic,96.0,0.1,0.05,hybrid-session-025,5.0,207.88567117415369,148.86714643798769,,,3.725927734375,
utility_dynamic,96.0,0.1,0.05,hybrid-session-026,5.0,232.58505598641932,187.49772999435663,,,3.93955078125,
full_lru,96.0,0.1,0.1,hybrid-session-002,5.0,3994.9376739095896,904.164014570415,,,8.4,
full_lru,96.0,0.1,0.1,hybrid-session-003,5.0,153.11721805483103,117.54255099222064,,,7.6234375,
full_lru,96.0,0.1,0.1,hybrid-session-004,5.0,147.22397387959063,128.64071736112237,,,9.0234375,
full_lru,96.0,0.1,0.1,hybrid-session-005,5.0,149.07330297864974,125.41071837767959,,,8.35625,
full_lru,96.0,0.1,0.1,hybrid-session-006,5.0,186.47586996667087,136.62842833437026,,,10.4234375,
full_lru,96.0,0.1,0.1,hybrid-session-009,5.0,138.7854190543294,117.91735123842955,,,7.6125,
full_lru,96.0,0.1,0.1,hybrid-session-010,5.0,150.83024790510535,126.40179339796305,,,8.1046875,
full_lru,96.0,0.1,0.1,hybrid-session-013,5.0,144.9990610126406,120.65689656883478,,,7.6890625,
full_lru,96.0,0.1,0.1,hybrid-session-016,5.0,182.2329021524638,135.39943383075297,,,9.0671875,
full_lru,96.0,0.1,0.1,hybrid-session-020,5.0,136.79938693530858,122.64129221439362,,,8.509375,
full_lru,96.0,0.1,0.1,hybrid-session-021,5.0,174.27552095614374,131.9041750393808,,,9.296875,
full_lru,96.0,0.1,0.1,hybrid-session-025,5.0,134.69120720401406,121.18552499450743,,,8.1265625,
full_lru,96.0,0.1,0.1,hybrid-session-026,5.0,195.50979300402105,139.5585001911968,,,9.7671875,
static_best,96.0,0.1,0.1,hybrid-session-002,5.0,3710.0486089475453,870.7510671578348,,,4.37294921875,
static_best,96.0,0.1,0.1,hybrid-session-003,5.0,183.21695202030241,130.12972162105143,,,4.161376953125,
static_best,96.0,0.1,0.1,hybrid-session-004,5.0,198.50058783777058,153.51687101647258,,,4.558544921875,
static_best,96.0,0.1,0.1,hybrid-session-005,5.0,191.93296716548502,140.96971079707146,,,4.332958984375,
static_best,96.0,0.1,0.1,hybrid-session-006,5.0,204.44622007198632,156.61124303005636,,,5.06337890625,
static_best,96.0,0.1,0.1,hybrid-session-009,5.0,201.96324097923934,132.46973021887243,,,4.217431640625,
static_best,96.0,0.1,0.1,hybrid-session-010,5.0,208.36323499679565,135.93194941058755,,,4.413623046875,
static_best,96.0,0.1,0.1,hybrid-session-013,5.0,205.592209007591,138.64365643821657,,,4.31416015625,
static_best,96.0,0.1,0.1,hybrid-session-016,5.0,194.79249906726182,146.4991378132254,,,4.489501953125,
static_best,96.0,0.1,0.1,hybrid-session-020,5.0,199.77017282508314,141.93579801358283,,,4.488818359375,
static_best,96.0,0.1,0.1,hybrid-session-021,5.0,202.14092801325023,153.98032944649458,,,4.70380859375,
static_best,96.0,0.1,0.1,hybrid-session-025,5.0,172.0773559063673,133.21813698858023,,,4.422509765625,
static_best,96.0,0.1,0.1,hybrid-session-026,5.0,192.27018603123724,154.1480212006718,,,4.79677734375,
static_safe,96.0,0.1,0.1,hybrid-session-002,5.0,3573.0168242007494,859.0449888259172,,,4.37294921875,
static_safe,96.0,0.1,0.1,hybrid-session-003,5.0,211.91741107031703,147.53785743378103,,,4.161376953125,
static_safe,96.0,0.1,0.1,hybrid-session-004,5.0,195.389939006418,163.25649041682482,,,4.558544921875,
static_safe,96.0,0.1,0.1,hybrid-session-005,5.0,195.08414599113166,143.08480555191636,,,4.332958984375,
static_safe,96.0,0.1,0.1,hybrid-session-006,5.0,197.50665803439915,155.44019122608006,,,5.06337890625,
static_safe,96.0,0.1,0.1,hybrid-session-009,5.0,171.67726205661893,136.32223163731396,,,4.217431640625,
static_safe,96.0,0.1,0.1,hybrid-session-010,5.0,176.4885000884533,133.21104906499386,,,4.413623046875,
static_safe,96.0,0.1,0.1,hybrid-session-013,5.0,187.31729499995708,141.42564963549376,,,4.31416015625,
static_safe,96.0,0.1,0.1,hybrid-session-016,5.0,197.82544812187552,142.49217659235,,,4.489501953125,
static_safe,96.0,0.1,0.1,hybrid-session-020,5.0,198.5087599605322,147.5743616465479,,,4.488818359375,
static_safe,96.0,0.1,0.1,hybrid-session-021,5.0,198.45475116744637,157.0760294329375,,,4.70380859375,
static_safe,96.0,0.1,0.1,hybrid-session-025,5.0,170.63049180433154,133.24667220003903,,,4.422509765625,
static_safe,96.0,0.1,0.1,hybrid-session-026,5.0,191.3429880514741,158.72565056197345,,,4.79677734375,
uncalibrated_dynamic,96.0,0.1,0.1,hybrid-session-002,5.0,3513.935521012172,837.4945258256048,,,4.37294921875,
uncalibrated_dynamic,96.0,0.1,0.1,hybrid-session-003,5.0,226.82093107141554,157.92554304935038,,,4.161376953125,
uncalibrated_dynamic,96.0,0.1,0.1,hybrid-session-004,5.0,244.02500805445015,171.74638733267784,,,4.558544921875,
uncalibrated_dynamic,96.0,0.1,0.1,hybrid-session-005,5.0,204.39068716950715,153.39776282198727,,,4.332958984375,
uncalibrated_dynamic,96.0,0.1,0.1,hybrid-session-006,5.0,199.55054484307766,165.36232819780707,,,5.06337890625,
uncalibrated_dynamic,96.0,0.1,0.1,hybrid-session-009,5.0,193.11045994982123,149.6414506342262,,,4.217431640625,
uncalibrated_dynamic,96.0,0.1,0.1,hybrid-session-010,5.0,207.75479497388005,149.9937241896987,,,4.413623046875,
uncalibrated_dynamic,96.0,0.1,0.1,hybrid-session-013,5.0,186.2068970222026,146.6107914224267,,,4.31416015625,
uncalibrated_dynamic,96.0,0.1,0.1,hybrid-session-016,5.0,237.4796150252223,151.45637919194996,,,4.489501953125,
uncalibrated_dynamic,96.0,0.1,0.1,hybrid-session-020,5.0,207.93868601322174,147.7370291016996,,,4.488818359375,
uncalibrated_dynamic,96.0,0.1,0.1,hybrid-session-021,5.0,43886.50710912421,8902.623592007905,,,4.2451171875,
uncalibrated_dynamic,96.0,0.1,0.1,hybrid-session-025,5.0,44003.39532887563,8906.961907980964,,,4.465576171875,
uncalibrated_dynamic,96.0,0.1,0.1,hybrid-session-026,5.0,297.1031500492245,178.82646000944078,,,4.73935546875,
utility_dynamic,96.0,0.1,0.1,hybrid-session-002,5.0,3810.714758001268,888.432036805898,,,3.55400390625,
utility_dynamic,96.0,0.1,0.1,hybrid-session-003,5.0,186.27073103561997,140.84093840792775,,,3.472998046875,
utility_dynamic,96.0,0.1,0.1,hybrid-session-004,5.0,195.61236002482474,155.91921019367874,,,3.715673828125,
utility_dynamic,96.0,0.1,0.1,hybrid-session-005,5.0,196.21861400082707,141.26135865226388,,,3.514697265625,
utility_dynamic,96.0,0.1,0.1,hybrid-session-006,5.0,196.95372297428548,152.0457432139665,,,4.05576171875,
utility_dynamic,96.0,0.1,0.1,hybrid-session-009,5.0,167.93991904705763,132.20179877243936,,,3.537255859375,
utility_dynamic,96.0,0.1,0.1,hybrid-session-010,5.0,179.10415213555098,132.36481524072587,,,3.707470703125,
utility_dynamic,96.0,0.1,0.1,hybrid-session-013,5.0,182.80522502027452,135.00878438353539,,,3.62373046875,
utility_dynamic,96.0,0.1,0.1,hybrid-session-016,5.0,236.19008995592594,145.7879614084959,,,3.7078125,
utility_dynamic,96.0,0.1,0.1,hybrid-session-020,5.0,210.72828210890293,143.09863825328648,,,3.665087890625,
utility_dynamic,96.0,0.1,0.1,hybrid-session-021,5.0,195.76211809180677,151.0327564086765,,,3.85751953125,
utility_dynamic,96.0,0.1,0.1,hybrid-session-025,5.0,168.7799720093608,134.66316242702305,,,3.725927734375,
utility_dynamic,96.0,0.1,0.1,hybrid-session-026,5.0,227.3699559736997,158.07151505723596,,,3.93955078125,
full_lru,120.258,0.05,0.05,hybrid-session-002,5.0,2035.3944147937,511.98775097727776,,,8.4,
full_lru,120.258,0.05,0.05,hybrid-session-003,5.0,147.99278881400824,118.59423071146011,,,7.6234375,
full_lru,120.258,0.05,0.05,hybrid-session-004,5.0,161.44527308642864,128.76737439073622,,,9.0234375,
full_lru,120.258,0.05,0.05,hybrid-session-005,5.0,145.4750399570912,122.82807906158268,,,8.35625,
full_lru,120.258,0.05,0.05,hybrid-session-006,5.0,200.9321739897132,141.91166781820357,,,10.4234375,
full_lru,120.258,0.05,0.05,hybrid-session-009,5.0,147.23810786381364,121.21782572939992,,,7.6125,
full_lru,120.258,0.05,0.05,hybrid-session-010,5.0,152.49527688138187,126.55140003189445,,,8.1046875,
full_lru,120.258,0.05,0.05,hybrid-session-013,5.0,143.17923597991467,117.55970097146928,,,7.809375,
full_lru,120.258,0.05,0.05,hybrid-session-016,5.0,194.96690691448748,136.3567680120468,,,9.05625,
full_lru,120.258,0.05,0.05,hybrid-session-020,5.0,155.56191210635006,126.21690281666815,,,8.6625,
full_lru,120.258,0.05,0.05,hybrid-session-021,5.0,197.85377196967602,138.0042658187449,,,9.3296875,
full_lru,120.258,0.05,0.05,hybrid-session-025,5.0,137.5300840009004,124.40613340586424,,,8.1265625,
full_lru,120.258,0.05,0.05,hybrid-session-026,5.0,213.6281810235232,142.64581222087145,,,9.7671875,
static_best,120.258,0.05,0.05,hybrid-session-002,5.0,3948.972148122266,939.980287430808,,,4.37294921875,
static_best,120.258,0.05,0.05,hybrid-session-003,5.0,218.48538098856807,166.68291757814586,,,4.161376953125,
static_best,120.258,0.05,0.05,hybrid-session-004,5.0,232.60177206248045,186.0187455546111,,,4.558544921875,
static_best,120.258,0.05,0.05,hybrid-session-005,5.0,242.13364999741316,164.13932438008487,,,4.332958984375,
static_best,120.258,0.05,0.05,hybrid-session-006,5.0,237.22648108378053,190.7631262205541,,,5.06337890625,
static_best,120.258,0.05,0.05,hybrid-session-009,5.0,213.6926450766623,166.30956921726465,,,4.217431640625,
static_best,120.258,0.05,0.05,hybrid-session-010,5.0,218.60379097051919,165.28836297802627,,,4.413623046875,
static_best,120.258,0.05,0.05,hybrid-session-013,5.0,215.62254498712718,166.0080953501165,,,4.31416015625,
static_best,120.258,0.05,0.05,hybrid-session-016,5.0,217.45573286898434,166.6025996208191,,,4.489501953125,
static_best,120.258,0.05,0.05,hybrid-session-020,5.0,217.12623280473053,166.23152918182313,,,4.488818359375,
static_best,120.258,0.05,0.05,hybrid-session-021,5.0,239.2101299483329,186.41927377320826,,,4.70380859375,
static_best,120.258,0.05,0.05,hybrid-session-025,5.0,216.0757789388299,163.67089417763054,,,4.422509765625,
static_best,120.258,0.05,0.05,hybrid-session-026,5.0,210.38614097051322,180.063833668828,,,4.79677734375,
static_safe,120.258,0.05,0.05,hybrid-session-002,5.0,4007.178741041571,951.6477651894093,,,4.37294921875,
static_safe,120.258,0.05,0.05,hybrid-session-003,5.0,231.90684197470546,169.0893953666091,,,4.161376953125,
static_safe,120.258,0.05,0.05,hybrid-session-004,5.0,256.7876991815865,192.14978916570544,,,4.558544921875,
static_safe,120.258,0.05,0.05,hybrid-session-005,5.0,241.71458487398922,177.07238434813917,,,4.332958984375,
static_safe,120.258,0.05,0.05,hybrid-session-006,5.0,238.7535299640149,188.36773461662233,,,5.06337890625,
static_safe,120.258,0.05,0.05,hybrid-session-009,5.0,217.56177791394293,165.17198416404426,,,4.217431640625,
static_safe,120.258,0.05,0.05,hybrid-session-010,5.0,216.7623108252883,166.9198030140251,,,4.413623046875,
static_safe,120.258,0.05,0.05,hybrid-session-013,5.0,229.90900999866426,172.81455034390092,,,4.31416015625,
static_safe,120.258,0.05,0.05,hybrid-session-016,5.0,239.31629001162946,169.45748878642917,,,4.489501953125,
static_safe,120.258,0.05,0.05,hybrid-session-020,5.0,241.16580584086478,170.9000337868929,,,4.488818359375,
static_safe,120.258,0.05,0.05,hybrid-session-021,5.0,241.66721617802978,193.3014609850943,,,4.70380859375,
static_safe,120.258,0.05,0.05,hybrid-session-025,5.0,213.4479209780693,165.3514596633613,,,4.422509765625,
static_safe,120.258,0.05,0.05,hybrid-session-026,5.0,235.6689020525664,190.17825657501817,,,4.79677734375,
uncalibrated_dynamic,120.258,0.05,0.05,hybrid-session-002,5.0,3951.6666000708938,923.1325639877468,,,4.37294921875,
uncalibrated_dynamic,120.258,0.05,0.05,hybrid-session-003,5.0,185.76984503306448,145.30855561606586,,,4.161376953125,
uncalibrated_dynamic,120.258,0.05,0.05,hybrid-session-004,5.0,206.3837351743132,161.9923268444836,,,4.558544921875,
uncalibrated_dynamic,120.258,0.05,0.05,hybrid-session-005,5.0,196.00029988214374,143.16749856807292,,,4.332958984375,
uncalibrated_dynamic,120.258,0.05,0.05,hybrid-session-006,5.0,197.9873930104077,160.81075719557703,,,5.06337890625,
uncalibrated_dynamic,120.258,0.05,0.05,hybrid-session-009,5.0,167.26609994657338,135.73893699795008,,,4.217431640625,
uncalibrated_dynamic,120.258,0.05,0.05,hybrid-session-010,5.0,179.1682280600071,131.16042134352028,,,4.413623046875,
uncalibrated_dynamic,120.258,0.05,0.05,hybrid-session-013,5.0,185.47284184023738,141.396090015769,,,4.31416015625,
uncalibrated_dynamic,120.258,0.05,0.05,hybrid-session-016,5.0,199.1015560925007,141.8994096107781,,,4.489501953125,
uncalibrated_dynamic,120.258,0.05,0.05,hybrid-session-020,5.0,195.33029617741704,140.08471621200442,,,4.488818359375,
uncalibrated_dynamic,120.258,0.05,0.05,hybrid-session-021,5.0,228.51627692580223,165.10315439663827,,,4.70380859375,
uncalibrated_dynamic,120.258,0.05,0.05,hybrid-session-025,5.0,172.33835090883076,139.20253203250468,,,4.422509765625,
uncalibrated_dynamic,120.258,0.05,0.05,hybrid-session-026,5.0,190.70620485581458,153.2358741387725,,,4.79677734375,
utility_dynamic,120.258,0.05,0.05,hybrid-session-002,5.0,3685.744122834876,862.071042181924,,,3.55400390625,
utility_dynamic,120.258,0.05,0.05,hybrid-session-003,5.0,182.9736919607967,137.14577602222562,,,3.472998046875,
utility_dynamic,120.258,0.05,0.05,hybrid-session-004,5.0,204.09143902361393,160.73621860705316,,,3.715673828125,
utility_dynamic,120.258,0.05,0.05,hybrid-session-005,5.0,202.01391517184675,147.9672689922154,,,3.514697265625,
utility_dynamic,120.258,0.05,0.05,hybrid-session-006,5.0,196.08390820212662,151.34183247573674,,,4.05576171875,
utility_dynamic,120.258,0.05,0.05,hybrid-session-009,5.0,166.68838798068464,129.8185309395194,,,3.537255859375,
utility_dynamic,120.258,0.05,0.05,hybrid-session-010,5.0,175.77563389204443,131.76848459988832,,,3.707470703125,
utility_dynamic,120.258,0.05,0.05,hybrid-session-013,5.0,189.64563496410847,136.88889280892909,,,3.62373046875,
utility_dynamic,120.258,0.05,0.05,hybrid-session-016,5.0,197.02228996902704,138.6231807526201,,,3.7078125,
utility_dynamic,120.258,0.05,0.05,hybrid-session-020,5.0,193.1912701111287,142.11730929091573,,,3.665087890625,
utility_dynamic,120.258,0.05,0.05,hybrid-session-021,5.0,194.52428887598217,153.05083435960114,,,3.85751953125,
utility_dynamic,120.258,0.05,0.05,hybrid-session-025,5.0,177.59580607526004,138.97705250419676,,,3.725927734375,
utility_dynamic,120.258,0.05,0.05,hybrid-session-026,5.0,199.65846999548376,154.6634421683848,,,3.93955078125,
full_lru,120.258,0.05,0.1,hybrid-session-002,5.0,3948.5550629906356,884.0422635432333,,,8.4,
full_lru,120.258,0.05,0.1,hybrid-session-003,5.0,133.53601400740445,105.80733576789498,,,7.6234375,
full_lru,120.258,0.05,0.1,hybrid-session-004,5.0,153.1436829827726,117.82108978368342,,,9.0234375,
full_lru,120.258,0.05,0.1,hybrid-session-005,5.0,146.35802013799548,114.61361479014158,,,8.35625,
full_lru,120.258,0.05,0.1,hybrid-session-006,5.0,195.50957600586116,128.76083278097212,,,10.4234375,
full_lru,120.258,0.05,0.1,hybrid-session-009,5.0,146.9160569831729,104.75579034537077,,,7.6125,
full_lru,120.258,0.05,0.1,hybrid-session-010,5.0,141.7634729295969,110.23252098821104,,,8.1046875,
full_lru,120.258,0.05,0.1,hybrid-session-013,5.0,135.47282805666327,105.78904841095209,,,7.809375,
full_lru,120.258,0.05,0.1,hybrid-session-016,5.0,174.82872703112662,118.79327460192144,,,9.05625,
full_lru,120.258,0.05,0.1,hybrid-session-020,5.0,135.44354401528835,109.73897529765964,,,8.6625,
full_lru,120.258,0.05,0.1,hybrid-session-021,5.0,175.37330999039114,123.73755276203156,,,9.3296875,
full_lru,120.258,0.05,0.1,hybrid-session-025,5.0,134.92977898567915,110.84448443725705,,,8.1265625,
full_lru,120.258,0.05,0.1,hybrid-session-026,5.0,179.7696880530566,125.58439201675355,,,9.7671875,
static_best,120.258,0.05,0.1,hybrid-session-002,5.0,4044.227370992303,966.5065854322165,,,4.37294921875,
static_best,120.258,0.05,0.1,hybrid-session-003,5.0,225.45075393281877,172.23438513465226,,,4.161376953125,
static_best,120.258,0.05,0.1,hybrid-session-004,5.0,212.95044012367725,184.4068706035614,,,4.558544921875,
static_best,120.258,0.05,0.1,hybrid-session-005,5.0,240.64951995387673,176.95078700780869,,,4.332958984375,
static_best,120.258,0.05,0.1,hybrid-session-006,5.0,240.41994800791144,190.19957901909947,,,5.06337890625,
static_best,120.258,0.05,0.1,hybrid-session-009,5.0,228.27444900758564,173.43090055510402,,,4.217431640625,
static_best,120.258,0.05,0.1,hybrid-session-010,5.0,218.82527507841587,167.83319604583085,,,4.413623046875,
static_best,120.258,0.05,0.1,hybrid-session-013,5.0,207.57885184139013,166.5056993253529,,,4.31416015625,
static_best,120.258,0.05,0.1,hybrid-session-016,5.0,244.6657600812614,173.5128054395318,,,4.489501953125,
static_best,120.258,0.05,0.1,hybrid-session-020,5.0,242.80333681963384,172.710365569219,,,4.488818359375,
static_best,120.258,0.05,0.1,hybrid-session-021,5.0,244.55530010163784,187.09553540684283,,,4.70380859375,
static_best,120.258,0.05,0.1,hybrid-session-025,5.0,214.119658106938,167.42708859965205,,,4.422509765625,
static_best,120.258,0.05,0.1,hybrid-session-026,5.0,232.09100612439215,181.95971357636154,,,4.79677734375,
static_safe,120.258,0.05,0.1,hybrid-session-002,5.0,3846.6594459023327,861.1239515710622,,,4.37294921875,
static_safe,120.258,0.05,0.1,hybrid-session-003,5.0,132.84122804179788,96.19231657125056,,,4.161376953125,
static_safe,120.258,0.05,0.1,hybrid-session-004,5.0,142.55612110719085,116.62846659310162,,,4.558544921875,
static_safe,120.258,0.05,0.1,hybrid-session-005,5.0,141.99671894311905,104.27228822372854,,,4.332958984375,
static_safe,120.258,0.05,0.1,hybrid-session-006,5.0,141.78777509368956,114.14384641684592,,,5.06337890625,
static_safe,120.258,0.05,0.1,hybrid-session-009,5.0,128.15701216459274,95.5165974330157,,,4.217431640625,
static_safe,120.258,0.05,0.1,hybrid-session-010,5.0,136.2041928805411,97.32373836450279,,,4.413623046875,
static_safe,120.258,0.05,0.1,hybrid-session-013,5.0,122.2704800311476,98.83672660216689,,,4.31416015625,
static_safe,120.258,0.05,0.1,hybrid-session-016,5.0,143.22335994802415,101.69403660111129,,,4.489501953125,
static_safe,120.258,0.05,0.1,hybrid-session-020,5.0,140.05736098624766,104.61196880787611,,,4.488818359375,
static_safe,120.258,0.05,0.1,hybrid-session-021,5.0,148.72197806835175,113.01707462407649,,,4.70380859375,
static_safe,120.258,0.05,0.1,hybrid-session-025,5.0,125.77095697633922,98.49238004535437,,,4.422509765625,
static_safe,120.258,0.05,0.1,hybrid-session-026,5.0,138.60342605039477,112.64029056765139,,,4.79677734375,
uncalibrated_dynamic,120.258,0.05,0.1,hybrid-session-002,5.0,3752.2184010595083,901.4267062302679,,,4.37294921875,
uncalibrated_dynamic,120.258,0.05,0.1,hybrid-session-003,5.0,222.39855607040226,166.60371059551835,,,4.161376953125,
uncalibrated_dynamic,120.258,0.05,0.1,hybrid-session-004,5.0,225.9768289513886,185.06192439235747,,,4.558544921875,
uncalibrated_dynamic,120.258,0.05,0.1,hybrid-session-005,5.0,225.99042509682477,176.53101100586355,,,4.332958984375,
uncalibrated_dynamic,120.258,0.05,0.1,hybrid-session-006,5.0,228.5849319305271,181.8430820479989,,,5.06337890625,
uncalibrated_dynamic,120.258,0.05,0.1,hybrid-session-009,5.0,215.81307402811944,169.60032717324793,,,4.217431640625,
uncalibrated_dynamic,120.258,0.05,0.1,hybrid-session-010,5.0,218.27185386791825,165.91630559414625,,,4.413623046875,
uncalibrated_dynamic,120.258,0.05,0.1,hybrid-session-013,5.0,212.2922579292208,158.55207270942628,,,4.31416015625,
uncalibrated_dynamic,120.258,0.05,0.1,hybrid-session-016,5.0,247.35037679784,174.5898177381605,,,4.489501953125,
uncalibrated_dynamic,120.258,0.05,0.1,hybrid-session-020,5.0,239.96928799897432,171.75263077951968,,,4.488818359375,
uncalibrated_dynamic,120.258,0.05,0.1,hybrid-session-021,5.0,239.284988027066,187.47487640939653,,,4.70380859375,
uncalibrated_dynamic,120.258,0.05,0.1,hybrid-session-025,5.0,210.426279110834,164.68988182023168,,,4.422509765625,
uncalibrated_dynamic,120.258,0.05,0.1,hybrid-session-026,5.0,237.48403787612915,185.65220879390836,,,4.79677734375,
utility_dynamic,120.258,0.05,0.1,hybrid-session-002,5.0,1646.9953400082886,475.2110878471285,,,3.55400390625,
utility_dynamic,120.258,0.05,0.1,hybrid-session-003,5.0,218.76499196514487,159.2682390473783,,,3.472998046875,
utility_dynamic,120.258,0.05,0.1,hybrid-session-004,5.0,231.19430802762508,173.68147880770266,,,3.715673828125,
utility_dynamic,120.258,0.05,0.1,hybrid-session-005,5.0,231.99125798419118,162.85346196964383,,,3.514697265625,
utility_dynamic,120.258,0.05,0.1,hybrid-session-006,5.0,238.81331086158752,184.78286298923194,,,4.05576171875,
utility_dynamic,120.258,0.05,0.1,hybrid-session-009,5.0,213.71664013713598,151.71184036880732,,,3.537255859375,
utility_dynamic,120.258,0.05,0.1,hybrid-session-010,5.0,212.79920497909188,152.3673377931118,,,3.707470703125,
utility_dynamic,120.258,0.05,0.1,hybrid-session-013,5.0,216.86762408353388,158.1430216319859,,,3.62373046875,
utility_dynamic,120.258,0.05,0.1,hybrid-session-016,5.0,225.79901409335434,161.2682697828859,,,3.7078125,
utility_dynamic,120.258,0.05,0.1,hybrid-session-020,5.0,244.4587079808116,164.71274918876588,,,3.665087890625,
utility_dynamic,120.258,0.05,0.1,hybrid-session-021,5.0,234.6672099083662,179.2948005720973,,,3.85751953125,
utility_dynamic,120.258,0.05,0.1,hybrid-session-025,5.0,219.791455892846,155.44895036146045,,,3.725927734375,
utility_dynamic,120.258,0.05,0.1,hybrid-session-026,5.0,226.10512585379183,176.72883705236018,,,3.93955078125,
full_lru,120.258,0.1,0.05,hybrid-session-002,5.0,4155.617602169514,924.4461502879858,,,8.4,
full_lru,120.258,0.1,0.05,hybrid-session-003,5.0,143.57143081724644,107.89357796311378,,,7.6234375,
full_lru,120.258,0.1,0.05,hybrid-session-004,5.0,146.22993604280055,110.83410321734846,,,9.0234375,
full_lru,120.258,0.1,0.05,hybrid-session-005,5.0,149.2800449486822,106.90119173377752,,,8.35625,
full_lru,120.258,0.1,0.05,hybrid-session-006,5.0,189.7073369473219,119.81388214044273,,,10.4234375,
full_lru,120.258,0.1,0.05,hybrid-session-009,5.0,140.78858285211027,105.87386596016586,,,7.6125,
full_lru,120.258,0.1,0.05,hybrid-session-010,5.0,150.67715290933847,107.43613173253834,,,8.1046875,
full_lru,120.258,0.1,0.05,hybrid-session-013,5.0,147.5373620633036,104.5342096593231,,,7.809375,
full_lru,120.258,0.1,0.05,hybrid-session-016,5.0,179.149208124727,117.33889360912144,,,9.05625,
full_lru,120.258,0.1,0.05,hybrid-session-020,5.0,142.82321697100997,105.97212081775069,,,8.6625,
full_lru,120.258,0.1,0.05,hybrid-session-021,5.0,179.74808206781745,117.94817461632192,,,9.3296875,
full_lru,120.258,0.1,0.05,hybrid-session-025,5.0,133.73199198395014,108.42791460454464,,,8.1265625,
full_lru,120.258,0.1,0.05,hybrid-session-026,5.0,179.3549540452659,123.89847375452518,,,9.7671875,
static_best,120.258,0.1,0.05,hybrid-session-002,5.0,3930.0002581439912,938.9481636229903,,,4.37294921875,
static_best,120.258,0.1,0.05,hybrid-session-003,5.0,229.59338407963514,170.27280335314572,,,4.161376953125,
static_best,120.258,0.1,0.05,hybrid-session-004,5.0,233.66021900437772,188.6137188412249,,,4.558544921875,
static_best,120.258,0.1,0.05,hybrid-session-005,5.0,237.55853902548552,174.8990106396377,,,4.332958984375,
static_best,120.258,0.1,0.05,hybrid-session-006,5.0,235.8882778789848,188.30090695992112,,,5.06337890625,
static_best,120.258,0.1,0.05,hybrid-session-009,5.0,212.67907391302288,162.2580578085035,,,4.217431640625,
static_best,120.258,0.1,0.05,hybrid-session-010,5.0,219.4465701468289,165.49926409497857,,,4.413623046875,
static_best,120.258,0.1,0.05,hybrid-session-013,5.0,218.32813695073128,164.5497711841017,,,4.31416015625,
static_best,120.258,0.1,0.05,hybrid-session-016,5.0,244.3642639555037,174.83367356471717,,,4.489501953125,
static_best,120.258,0.1,0.05,hybrid-session-020,5.0,235.95880600623786,174.04919816181064,,,4.488818359375,
static_best,120.258,0.1,0.05,hybrid-session-021,5.0,242.77828400954604,185.52530142478645,,,4.70380859375,
static_best,120.258,0.1,0.05,hybrid-session-025,5.0,219.78667797520757,168.68496434763074,,,4.422509765625,
static_best,120.258,0.1,0.05,hybrid-session-026,5.0,215.05786199122667,183.7233405560255,,,4.79677734375,
static_safe,120.258,0.1,0.05,hybrid-session-002,5.0,3894.9480741284788,929.456827044487,,,4.37294921875,
static_safe,120.258,0.1,0.05,hybrid-session-003,5.0,219.68867117539048,165.30919382348657,,,4.161376953125,
static_safe,120.258,0.1,0.05,hybrid-session-004,5.0,247.6748931221664,186.1388964112848,,,4.558544921875,
static_safe,120.258,0.1,0.05,hybrid-session-005,5.0,229.870880022645,167.99710299819708,,,4.332958984375,
static_safe,120.258,0.1,0.05,hybrid-session-006,5.0,240.06761005148292,187.08727778866887,,,5.06337890625,
static_safe,120.258,0.1,0.05,hybrid-session-009,5.0,211.14038303494453,161.33310459554195,,,4.217431640625,
static_safe,120.258,0.1,0.05,hybrid-session-010,5.0,211.7465529590845,162.02423158101737,,,4.413623046875,
static_safe,120.258,0.1,0.05,hybrid-session-013,5.0,206.76492201164365,162.14413521811366,,,4.31416015625,
static_safe,120.258,0.1,0.05,hybrid-session-016,5.0,234.26612420007586,168.0736624635756,,,4.489501953125,
static_safe,120.258,0.1,0.05,hybrid-session-020,5.0,227.64159995131195,162.6973011996597,,,4.488818359375,
static_safe,120.258,0.1,0.05,hybrid-session-021,5.0,237.9618100821972,184.2834483832121,,,4.70380859375,
static_safe,120.258,0.1,0.05,hybrid-session-025,5.0,201.69531391002238,155.1549599505961,,,4.422509765625,
static_safe,120.258,0.1,0.05,hybrid-session-026,5.0,228.30168879590929,180.64033314585686,,,4.79677734375,
uncalibrated_dynamic,120.258,0.1,0.05,hybrid-session-002,5.0,3818.099873838946,914.7476211190224,,,4.37294921875,
uncalibrated_dynamic,120.258,0.1,0.05,hybrid-session-003,5.0,215.29807802289724,165.6384193804115,,,4.161376953125,
uncalibrated_dynamic,120.258,0.1,0.05,hybrid-session-004,5.0,260.4756229557097,198.55480436235666,,,4.558544921875,
uncalibrated_dynamic,120.258,0.1,0.05,hybrid-session-005,5.0,228.02120610140264,167.93118333444,,,4.332958984375,
uncalibrated_dynamic,120.258,0.1,0.05,hybrid-session-006,5.0,207.86491711623967,170.7964620552957,,,5.06337890625,
uncalibrated_dynamic,120.258,0.1,0.05,hybrid-session-009,5.0,208.51162890903652,163.53337159380317,,,4.217431640625,
uncalibrated_dynamic,120.258,0.1,0.05,hybrid-session-010,5.0,200.658043846488,157.1699047461152,,,4.413623046875,
uncalibrated_dynamic,120.258,0.1,0.05,hybrid-session-013,5.0,209.32539482600987,146.32595758885145,,,4.31416015625,
uncalibrated_dynamic,120.258,0.1,0.05,hybrid-session-016,5.0,213.43355486169457,150.56324237957597,,,4.489501953125,
uncalibrated_dynamic,120.258,0.1,0.05,hybrid-session-020,5.0,209.61904805153608,152.71904105320573,,,4.488818359375,
uncalibrated_dynamic,120.258,0.1,0.05,hybrid-session-021,5.0,201.1981790419668,163.13655814155936,,,4.70380859375,
uncalibrated_dynamic,120.258,0.1,0.05,hybrid-session-025,5.0,204.74822912365198,161.65238679386675,,,4.422509765625,
uncalibrated_dynamic,120.258,0.1,0.05,hybrid-session-026,5.0,220.9523560013622,184.2784275766462,,,4.79677734375,
utility_dynamic,120.258,0.1,0.05,hybrid-session-002,5.0,3727.9707030393183,902.0738129969686,,,3.55400390625,
utility_dynamic,120.258,0.1,0.05,hybrid-session-003,5.0,228.74363092705607,168.42896081507206,,,3.472998046875,
utility_dynamic,120.258,0.1,0.05,hybrid-session-004,5.0,231.81859403848648,188.77469757571816,,,3.715673828125,
utility_dynamic,120.258,0.1,0.05,hybrid-session-005,5.0,235.33090017735958,172.746403189376,,,3.514697265625,
utility_dynamic,120.258,0.1,0.05,hybrid-session-006,5.0,239.5788999274373,190.72801717557013,,,4.05576171875,
utility_dynamic,120.258,0.1,0.05,hybrid-session-009,5.0,212.84501487389207,160.80507282167673,,,3.537255859375,
utility_dynamic,120.258,0.1,0.05,hybrid-session-010,5.0,206.49355393834412,166.3041991647333,,,3.707470703125,
utility_dynamic,120.258,0.1,0.05,hybrid-session-013,5.0,203.7958379369229,159.84200281091034,,,3.62373046875,
utility_dynamic,120.258,0.1,0.05,hybrid-session-016,5.0,237.39164997823536,171.50133815594018,,,3.7078125,
utility_dynamic,120.258,0.1,0.05,hybrid-session-020,5.0,240.25884503498673,172.1423841547221,,,3.665087890625,
utility_dynamic,120.258,0.1,0.05,hybrid-session-021,5.0,244.3207900505513,191.74347836524248,,,3.85751953125,
utility_dynamic,120.258,0.1,0.05,hybrid-session-025,5.0,219.88832484930754,166.27964680083096,,,3.725927734375,
utility_dynamic,120.258,0.1,0.05,hybrid-session-026,5.0,233.99016889743507,183.14369260333478,,,3.93955078125,
full_lru,120.258,0.1,0.1,hybrid-session-002,5.0,3901.2970610056072,871.9656645786017,,,8.4,
full_lru,120.258,0.1,0.1,hybrid-session-003,5.0,147.437185049057,103.82928941398859,,,7.6234375,
full_lru,120.258,0.1,0.1,hybrid-session-004,5.0,146.18537994101644,108.48951903171837,,,9.0234375,
full_lru,120.258,0.1,0.1,hybrid-session-005,5.0,146.4276860933751,112.20122803933918,,,8.35625,
full_lru,120.258,0.1,0.1,hybrid-session-006,5.0,200.0847989693284,120.86966885253787,,,10.4234375,
full_lru,120.258,0.1,0.1,hybrid-session-009,5.0,126.96651485748589,100.4381604027003,,,7.6125,
full_lru,120.258,0.1,0.1,hybrid-session-010,5.0,150.4534708801657,106.15290133282542,,,8.1046875,
full_lru,120.258,0.1,0.1,hybrid-session-013,5.0,143.28218391165137,103.82563187740743,,,7.809375,
full_lru,120.258,0.1,0.1,hybrid-session-016,5.0,193.97991592995822,120.67135903052986,,,9.05625,
full_lru,120.258,0.1,0.1,hybrid-session-020,5.0,134.67419194057584,106.11153575591743,,,8.6625,
full_lru,120.258,0.1,0.1,hybrid-session-021,5.0,175.56305788457394,117.98823461867869,,,9.3296875,
full_lru,120.258,0.1,0.1,hybrid-session-025,5.0,134.69021394848824,111.09792338684201,,,8.1265625,
full_lru,120.258,0.1,0.1,hybrid-session-026,5.0,179.76984498091042,124.95888955891132,,,9.7671875,
static_best,120.258,0.1,0.1,hybrid-session-002,5.0,3696.0385041311383,895.8394356071949,,,4.37294921875,
static_best,120.258,0.1,0.1,hybrid-session-003,5.0,229.68628304079175,163.8404649682343,,,4.161376953125,
static_best,120.258,0.1,0.1,hybrid-session-004,5.0,237.18580603599548,190.34130396321416,,,4.558544921875,
static_best,120.258,0.1,0.1,hybrid-session-005,5.0,241.92560510709882,173.68527366779745,,,4.332958984375,
static_best,120.258,0.1,0.1,hybrid-session-006,5.0,240.94786308705807,189.33854093775153,,,5.06337890625,
static_best,120.258,0.1,0.1,hybrid-session-009,5.0,219.04767490923405,164.19731336645782,,,4.217431640625,
static_best,120.258,0.1,0.1,hybrid-session-010,5.0,217.75560802780092,172.45150096714497,,,4.413623046875,
static_best,120.258,0.1,0.1,hybrid-session-013,5.0,205.23886289447546,163.63273239694536,,,4.31416015625,
static_best,120.258,0.1,0.1,hybrid-session-016,5.0,236.93825607188046,175.78105507418513,,,4.489501953125,
static_best,120.258,0.1,0.1,hybrid-session-020,5.0,228.74167701229453,169.9738543946296,,,4.488818359375,
static_best,120.258,0.1,0.1,hybrid-session-021,5.0,236.52635607868433,186.19614718481898,,,4.70380859375,
static_best,120.258,0.1,0.1,hybrid-session-025,5.0,211.70761995017529,160.8685600105673,,,4.422509765625,
static_best,120.258,0.1,0.1,hybrid-session-026,5.0,206.91817603074014,183.83627673611045,,,4.79677734375,
static_safe,120.258,0.1,0.1,hybrid-session-002,5.0,3861.318111186847,928.468671021983,,,4.37294921875,
static_safe,120.258,0.1,0.1,hybrid-session-003,5.0,229.0425980463624,172.10578597150743,,,4.161376953125,
static_safe,120.258,0.1,0.1,hybrid-session-004,5.0,230.97461485303938,183.9984301943332,,,4.558544921875,
static_safe,120.258,0.1,0.1,hybrid-session-005,5.0,237.071085954085,174.7853613924235,,,4.332958984375,
static_safe,120.258,0.1,0.1,hybrid-session-006,5.0,239.35188702307642,189.25502682104707,,,5.06337890625,
static_safe,120.258,0.1,0.1,hybrid-session-009,5.0,208.85450509376824,160.33546174876392,,,4.217431640625,
static_safe,120.258,0.1,0.1,hybrid-session-010,5.0,214.47325381450355,165.12417891062796,,,4.413623046875,
static_safe,120.258,0.1,0.1,hybrid-session-013,5.0,208.54350086301565,149.523861752823,,,4.31416015625,
static_safe,120.258,0.1,0.1,hybrid-session-016,5.0,212.2895708307624,151.1843559332192,,,4.489501953125,
static_safe,120.258,0.1,0.1,hybrid-session-020,5.0,208.54976982809603,151.60315479151905,,,4.488818359375,
static_safe,120.258,0.1,0.1,hybrid-session-021,5.0,207.49432616867125,164.73631309345365,,,4.70380859375,
static_safe,120.258,0.1,0.1,hybrid-session-025,5.0,207.16434996575117,145.22384339943528,,,4.422509765625,
static_safe,120.258,0.1,0.1,hybrid-session-026,5.0,231.7141320090741,181.31951773539186,,,4.79677734375,
uncalibrated_dynamic,120.258,0.1,0.1,hybrid-session-002,5.0,3973.3067750930786,948.0592830106616,,,4.37294921875,
uncalibrated_dynamic,120.258,0.1,0.1,hybrid-session-003,5.0,218.51090900599957,168.87937462888658,,,4.161376953125,
uncalibrated_dynamic,120.258,0.1,0.1,hybrid-session-004,5.0,235.6127540115267,178.04959416389465,,,4.558544921875,
uncalibrated_dynamic,120.258,0.1,0.1,hybrid-session-005,5.0,234.13765709847212,171.19086598977447,,,4.332958984375,
uncalibrated_dynamic,120.258,0.1,0.1,hybrid-session-006,5.0,239.49826299212873,185.02258155494928,,,5.06337890625,
uncalibrated_dynamic,120.258,0.1,0.1,hybrid-session-009,5.0,213.59441289678216,161.6479644086212,,,4.217431640625,
uncalibrated_dynamic,120.258,0.1,0.1,hybrid-session-010,5.0,211.41168917529285,165.57083106599748,,,4.413623046875,
uncalibrated_dynamic,120.258,0.1,0.1,hybrid-session-013,5.0,215.49007017165422,165.84093067795038,,,4.31416015625,
uncalibrated_dynamic,120.258,0.1,0.1,hybrid-session-016,5.0,244.01032901369035,173.88429096899927,,,4.489501953125,
uncalibrated_dynamic,120.258,0.1,0.1,hybrid-session-020,5.0,235.64615310169756,171.2328310124576,,,4.488818359375,
uncalibrated_dynamic,120.258,0.1,0.1,hybrid-session-021,5.0,237.04759101383388,188.76243932172656,,,4.70380859375,
uncalibrated_dynamic,120.258,0.1,0.1,hybrid-session-025,5.0,209.5992579124868,160.7292396016419,,,4.422509765625,
uncalibrated_dynamic,120.258,0.1,0.1,hybrid-session-026,5.0,233.16566203720868,187.25989935919642,,,4.79677734375,
utility_dynamic,120.258,0.1,0.1,hybrid-session-002,5.0,3657.761578913778,885.4738777503371,,,3.55400390625,
utility_dynamic,120.258,0.1,0.1,hybrid-session-003,5.0,213.9290098566562,167.17037791386247,,,3.472998046875,
utility_dynamic,120.258,0.1,0.1,hybrid-session-004,5.0,231.33973707444966,189.44613155908883,,,3.715673828125,
utility_dynamic,120.258,0.1,0.1,hybrid-session-005,5.0,230.99702899344265,171.1829800158739,,,3.514697265625,
utility_dynamic,120.258,0.1,0.1,hybrid-session-006,5.0,229.6657778788358,182.96537771821022,,,4.05576171875,
utility_dynamic,120.258,0.1,0.1,hybrid-session-009,5.0,202.4694150313735,159.50212199240923,,,3.537255859375,
utility_dynamic,120.258,0.1,0.1,hybrid-session-010,5.0,204.18871310539544,157.85200307145715,,,3.707470703125,
utility_dynamic,120.258,0.1,0.1,hybrid-session-013,5.0,237.53616609610617,172.22241661511362,,,3.62373046875,
utility_dynamic,120.258,0.1,0.1,hybrid-session-016,5.0,229.6080980449915,162.90009319782257,,,3.7078125,
utility_dynamic,120.258,0.1,0.1,hybrid-session-020,5.0,227.90548391640186,173.05270158685744,,,3.665087890625,
utility_dynamic,120.258,0.1,0.1,hybrid-session-021,5.0,238.33055282011628,187.29090662673116,,,3.85751953125,
utility_dynamic,120.258,0.1,0.1,hybrid-session-025,5.0,207.6596941333264,160.48298361711204,,,3.725927734375,
utility_dynamic,120.258,0.1,0.1,hybrid-session-026,5.0,220.4085609409958,187.98947855830193,,,3.93955078125,
full_lru,469.602,0.05,0.05,hybrid-session-002,5.0,3163.938991026953,702.5101711973548,,,9.0125,
full_lru,469.602,0.05,0.05,hybrid-session-003,5.0,93.22132682427764,75.83228377625346,,,8.0828125,
full_lru,469.602,0.05,0.05,hybrid-session-004,5.0,95.24875320494175,81.62210420705378,,,9.3296875,
full_lru,469.602,0.05,0.05,hybrid-session-005,5.0,90.18317796289921,78.83372879587114,,,8.96875,
full_lru,469.602,0.05,0.05,hybrid-session-006,5.0,101.43024381250143,83.06891992688179,,,10.740625,
full_lru,469.602,0.05,0.05,hybrid-session-009,5.0,95.44940595515072,77.15552519075572,,,8.09375,
full_lru,469.602,0.05,0.05,hybrid-session-010,5.0,99.4627051986754,77.95159756205976,,,8.4328125,
full_lru,469.602,0.05,0.05,hybrid-session-013,5.0,100.0718919094652,81.3975851982832,,,8.246875,
full_lru,469.602,0.05,0.05,hybrid-session-016,5.0,121.32244510576129,83.93100430257618,,,9.1328125,
full_lru,469.602,0.05,0.05,hybrid-session-020,5.0,96.91551513969898,80.55983297526836,,,9.1546875,
full_lru,469.602,0.05,0.05,hybrid-session-021,5.0,110.6276260688901,86.81167480535805,,,9.49375,
full_lru,469.602,0.05,0.05,hybrid-session-025,5.0,109.0671718120575,88.37948353029788,,,8.3890625,
full_lru,469.602,0.05,0.05,hybrid-session-026,5.0,108.28221286647022,91.6154817212373,,,9.646875,
static_best,469.602,0.05,0.05,hybrid-session-002,5.0,3882.709776982665,911.5120862144977,,,4.37294921875,
static_best,469.602,0.05,0.05,hybrid-session-003,5.0,215.9365841653198,153.57729839161038,,,4.161376953125,
static_best,469.602,0.05,0.05,hybrid-session-004,5.0,210.1520630531013,180.20652425475419,,,4.558544921875,
static_best,469.602,0.05,0.05,hybrid-session-005,5.0,238.49320597946644,172.2317616455257,,,4.332958984375,
static_best,469.602,0.05,0.05,hybrid-session-006,5.0,238.18165413103998,187.13467880152166,,,5.06337890625,
static_best,469.602,0.05,0.05,hybrid-session-009,5.0,213.89988902956247,166.52002334594727,,,4.217431640625,
static_best,469.602,0.05,0.05,hybrid-session-010,5.0,219.38950708135962,162.6101260073483,,,4.413623046875,
static_best,469.602,0.05,0.05,hybrid-session-013,5.0,205.65382880158722,164.12262511439621,,,4.31416015625,
static_best,469.602,0.05,0.05,hybrid-session-016,5.0,235.51382799632847,173.3410969376564,,,4.489501953125,
static_best,469.602,0.05,0.05,hybrid-session-020,5.0,204.7385040204972,162.20838902518153,,,4.488818359375,
static_best,469.602,0.05,0.05,hybrid-session-021,5.0,242.97870020382106,182.02696130611002,,,4.70380859375,
static_best,469.602,0.05,0.05,hybrid-session-025,5.0,210.2247360162437,151.05607635341585,,,4.422509765625,
static_best,469.602,0.05,0.05,hybrid-session-026,5.0,234.5209689810872,171.13001039251685,,,4.79677734375,
static_safe,469.602,0.05,0.05,hybrid-session-002,5.0,3775.865000905469,890.6412717420608,,,4.37294921875,
static_safe,469.602,0.05,0.05,hybrid-session-003,5.0,212.22611493431032,143.4052821714431,,,4.161376953125,
static_safe,469.602,0.05,0.05,hybrid-session-004,5.0,228.50877698510885,165.57258241809905,,,4.558544921875,
static_safe,469.602,0.05,0.05,hybrid-session-005,5.0,242.6356067880988,153.65333734080195,,,4.332958984375,
static_safe,469.602,0.05,0.05,hybrid-session-006,5.0,231.93235299549997,160.5057844426483,,,5.06337890625,
static_safe,469.602,0.05,0.05,hybrid-session-009,5.0,192.05559906549752,143.04260914213955,,,4.217431640625,
static_safe,469.602,0.05,0.05,hybrid-session-010,5.0,205.02675091847777,139.78524757549167,,,4.413623046875,
static_safe,469.602,0.05,0.05,hybrid-session-013,5.0,210.05570283159614,141.7788878083229,,,4.31416015625,
static_safe,469.602,0.05,0.05,hybrid-session-016,5.0,200.78930188901722,145.5587374046445,,,4.489501953125,
static_safe,469.602,0.05,0.05,hybrid-session-020,5.0,196.73064490780234,145.816222531721,,,4.488818359375,
static_safe,469.602,0.05,0.05,hybrid-session-021,5.0,197.94753892347217,160.18541031517088,,,4.70380859375,
static_safe,469.602,0.05,0.05,hybrid-session-025,5.0,204.6758639626205,147.27707644924521,,,4.422509765625,
static_safe,469.602,0.05,0.05,hybrid-session-026,5.0,205.8967889752239,160.71997610852122,,,4.79677734375,
uncalibrated_dynamic,469.602,0.05,0.05,hybrid-session-002,5.0,3821.360195055604,886.987364012748,,,4.37294921875,
uncalibrated_dynamic,469.602,0.05,0.05,hybrid-session-003,5.0,183.21378412656486,145.21586168557405,,,4.161376953125,
uncalibrated_dynamic,469.602,0.05,0.05,hybrid-session-004,5.0,203.21679790504277,159.7822575364262,,,4.558544921875,
uncalibrated_dynamic,469.602,0.05,0.05,hybrid-session-005,5.0,193.7247810419649,143.98165387101471,,,4.332958984375,
uncalibrated_dynamic,469.602,0.05,0.05,hybrid-session-006,5.0,198.08769808150828,156.51673576794565,,,5.06337890625,
uncalibrated_dynamic,469.602,0.05,0.05,hybrid-session-009,5.0,172.0610661432147,139.99568806029856,,,4.217431640625,
uncalibrated_dynamic,469.602,0.05,0.05,hybrid-session-010,5.0,175.38073100149632,136.91450580954552,,,4.413623046875,
uncalibrated_dynamic,469.602,0.05,0.05,hybrid-session-013,5.0,220.60038102790713,143.8302197959274,,,4.31416015625,
uncalibrated_dynamic,469.602,0.05,0.05,hybrid-session-016,5.0,230.5893381126225,142.11910422891378,,,4.489501953125,
uncalibrated_dynamic,469.602,0.05,0.05,hybrid-session-020,5.0,192.85391294397414,137.87437262944877,,,4.488818359375,
uncalibrated_dynamic,469.602,0.05,0.05,hybrid-session-021,5.0,199.85411781817675,147.9410505387932,,,4.70380859375,
uncalibrated_dynamic,469.602,0.05,0.05,hybrid-session-025,5.0,168.9532441087067,127.4537751916796,,,4.422509765625,
uncalibrated_dynamic,469.602,0.05,0.05,hybrid-session-026,5.0,191.8178249616176,146.98754381388426,,,4.79677734375,
utility_dynamic,469.602,0.05,0.05,hybrid-session-002,5.0,3767.615607008338,902.5751980021596,,,3.55400390625,
utility_dynamic,469.602,0.05,0.05,hybrid-session-003,5.0,216.02794690988958,169.27754692733288,,,3.472998046875,
utility_dynamic,469.602,0.05,0.05,hybrid-session-004,5.0,230.36625306122005,185.93963314779103,,,3.715673828125,
utility_dynamic,469.602,0.05,0.05,hybrid-session-005,5.0,226.2713280506432,167.09646279923618,,,3.514697265625,
utility_dynamic,469.602,0.05,0.05,hybrid-session-006,5.0,240.89696304872632,185.78808601014316,,,4.05576171875,
utility_dynamic,469.602,0.05,0.05,hybrid-session-009,5.0,204.02281498536468,150.07419767789543,,,3.537255859375,
utility_dynamic,469.602,0.05,0.05,hybrid-session-010,5.0,210.8416771516204,156.8651963956654,,,3.707470703125,
utility_dynamic,469.602,0.05,0.05,hybrid-session-013,5.0,222.41831989958882,159.50788776390254,,,3.62373046875,
utility_dynamic,469.602,0.05,0.05,hybrid-session-016,5.0,227.188654942438,164.5191707648337,,,3.7078125,
utility_dynamic,469.602,0.05,0.05,hybrid-session-020,5.0,233.1627239473164,170.5480811651796,,,3.665087890625,
utility_dynamic,469.602,0.05,0.05,hybrid-session-021,5.0,232.5903179589659,187.2957056388259,,,3.85751953125,
utility_dynamic,469.602,0.05,0.05,hybrid-session-025,5.0,216.99000895023346,157.11668077856302,,,3.725927734375,
utility_dynamic,469.602,0.05,0.05,hybrid-session-026,5.0,226.43952001817524,175.52033849060535,,,3.93955078125,
full_lru,469.602,0.05,0.1,hybrid-session-002,5.0,4195.654951967299,919.1665322054178,,,9.0125,
full_lru,469.602,0.05,0.1,hybrid-session-003,5.0,114.95562409982085,95.48317636363208,,,8.0828125,
full_lru,469.602,0.05,0.1,hybrid-session-004,5.0,104.02417019940913,94.73912161774933,,,9.3296875,
full_lru,469.602,0.05,0.1,hybrid-session-005,5.0,109.09358295612037,96.7018764000386,,,8.96875,
full_lru,469.602,0.05,0.1,hybrid-session-006,5.0,114.89967489615083,96.06192712672055,,,10.740625,
full_lru,469.602,0.05,0.1,hybrid-session-009,5.0,104.0844819508493,93.45356957055628,,,8.09375,
full_lru,469.602,0.05,0.1,hybrid-session-010,5.0,95.91431100852787,91.03294862434268,,,8.4328125,
full_lru,469.602,0.05,0.1,hybrid-session-013,5.0,109.34441885910928,95.66646893508732,,,8.246875,
full_lru,469.602,0.05,0.1,hybrid-session-016,5.0,112.05686186440289,96.18634236976504,,,9.1328125,
full_lru,469.602,0.05,0.1,hybrid-session-020,5.0,111.39374901540577,97.00617277994752,,,9.1546875,
full_lru,469.602,0.05,0.1,hybrid-session-021,5.0,117.05239000730217,98.20868643000722,,,9.49375,
full_lru,469.602,0.05,0.1,hybrid-session-025,5.0,105.67549406550825,93.04043678566813,,,8.3890625,
full_lru,469.602,0.05,0.1,hybrid-session-026,5.0,104.56745303235948,92.01527396216989,,,9.646875,
static_best,469.602,0.05,0.1,hybrid-session-002,5.0,3780.1795210689306,885.6084361672401,,,4.37294921875,
static_best,469.602,0.05,0.1,hybrid-session-003,5.0,192.95061007142067,139.762223046273,,,4.161376953125,
static_best,469.602,0.05,0.1,hybrid-session-004,5.0,195.30306989327073,156.9275735411793,,,4.558544921875,
static_best,469.602,0.05,0.1,hybrid-session-005,5.0,200.1902509946376,145.65033745020628,,,4.332958984375,
static_best,469.602,0.05,0.1,hybrid-session-006,5.0,197.38486409187317,155.6467784103006,,,5.06337890625,
static_best,469.602,0.05,0.1,hybrid-session-009,5.0,169.08856108784676,133.23509120382369,,,4.217431640625,
static_best,469.602,0.05,0.1,hybrid-session-010,5.0,180.32130296342075,134.02901818044484,,,4.413623046875,
static_best,469.602,0.05,0.1,hybrid-session-013,5.0,190.34384307451546,135.71971617639065,,,4.31416015625,
static_best,469.602,0.05,0.1,hybrid-session-016,5.0,239.55659894272685,147.99135685898364,,,4.489501953125,
static_best,469.602,0.05,0.1,hybrid-session-020,5.0,202.28600106202066,141.5945904329419,,,4.488818359375,
static_best,469.602,0.05,0.1,hybrid-session-021,5.0,196.64531503804028,154.9033127259463,,,4.70380859375,
static_best,469.602,0.05,0.1,hybrid-session-025,5.0,175.5257761105895,135.21048445254564,,,4.422509765625,
static_best,469.602,0.05,0.1,hybrid-session-026,5.0,195.83547092042863,153.5701252054423,,,4.79677734375,
static_safe,469.602,0.05,0.1,hybrid-session-002,5.0,3680.7309959549457,863.0740733351558,,,4.37294921875,
static_safe,469.602,0.05,0.1,hybrid-session-003,5.0,185.0880531128496,135.38450822234154,,,4.161376953125,
static_safe,469.602,0.05,0.1,hybrid-session-004,5.0,193.7061680946499,154.18977923691273,,,4.558544921875,
static_safe,469.602,0.05,0.1,hybrid-session-005,5.0,194.4612271618098,143.63788021728396,,,4.332958984375,
static_safe,469.602,0.05,0.1,hybrid-session-006,5.0,197.37858907319605,153.11940941028297,,,5.06337890625,
static_safe,469.602,0.05,0.1,hybrid-session-009,5.0,174.3295642081648,134.77599364705384,,,4.217431640625,
static_safe,469.602,0.05,0.1,hybrid-session-010,5.0,177.07278509624302,134.24785239621997,,,4.413623046875,
static_safe,469.602,0.05,0.1,hybrid-session-013,5.0,185.13105204328895,136.11916480585933,,,4.31416015625,
static_safe,469.602,0.05,0.1,hybrid-session-016,5.0,230.63689516857266,145.91761361807585,,,4.489501953125,
static_safe,469.602,0.05,0.1,hybrid-session-020,5.0,230.25077697820961,147.09009677171707,,,4.488818359375,
static_safe,469.602,0.05,0.1,hybrid-session-021,5.0,202.4630990345031,153.64342364482582,,,4.70380859375,
static_safe,469.602,0.05,0.1,hybrid-session-025,5.0,202.53704697825015,139.80467659421265,,,4.422509765625,
static_safe,469.602,0.05,0.1,hybrid-session-026,5.0,188.55286110192537,150.82629839889705,,,4.79677734375,
uncalibrated_dynamic,469.602,0.05,0.1,hybrid-session-002,5.0,3595.9396259859204,845.8727990277112,,,4.37294921875,
uncalibrated_dynamic,469.602,0.05,0.1,hybrid-session-003,5.0,187.7271318808198,139.06611939892173,,,4.161376953125,
uncalibrated_dynamic,469.602,0.05,0.1,hybrid-session-004,5.0,197.57948792539537,156.5702376421541,,,4.558544921875,
uncalibrated_dynamic,469.602,0.05,0.1,hybrid-session-005,5.0,197.29735585860908,142.28383703157306,,,4.332958984375,
uncalibrated_dynamic,469.602,0.05,0.1,hybrid-session-006,5.0,196.82431197725236,155.4171501658857,,,5.06337890625,
uncalibrated_dynamic,469.602,0.05,0.1,hybrid-session-009,5.0,168.08356600813568,131.9585686083883,,,4.217431640625,
uncalibrated_dynamic,469.602,0.05,0.1,hybrid-session-010,5.0,177.64332820661366,134.71063524484634,,,4.413623046875,
uncalibrated_dynamic,469.602,0.05,0.1,hybrid-session-013,5.0,181.95752101019025,136.39121209271252,,,4.31416015625,
uncalibrated_dynamic,469.602,0.05,0.1,hybrid-session-016,5.0,202.30368711054325,139.85640602186322,,,4.489501953125,
uncalibrated_dynamic,469.602,0.05,0.1,hybrid-session-020,5.0,200.96549694426358,141.74371943809092,,,4.488818359375,
uncalibrated_dynamic,469.602,0.05,0.1,hybrid-session-021,5.0,204.015543917194,168.4813840314746,,,4.70380859375,
uncalibrated_dynamic,469.602,0.05,0.1,hybrid-session-025,5.0,204.07489011995494,148.7822836264968,,,4.422509765625,
uncalibrated_dynamic,469.602,0.05,0.1,hybrid-session-026,5.0,194.07678488641977,154.6162793878466,,,4.79677734375,
utility_dynamic,469.602,0.05,0.1,hybrid-session-002,5.0,3904.4064150657505,908.259986853227,,,3.55400390625,
utility_dynamic,469.602,0.05,0.1,hybrid-session-003,5.0,189.61364892311394,140.0954069569707,,,3.472998046875,
utility_dynamic,469.602,0.05,0.1,hybrid-session-004,5.0,198.61377705819905,156.93891099654138,,,3.715673828125,
utility_dynamic,469.602,0.05,0.1,hybrid-session-005,5.0,191.37526885606349,140.46826418489218,,,3.514697265625,
utility_dynamic,469.602,0.05,0.1,hybrid-session-006,5.0,195.5202710814774,153.5114782396704,,,4.05576171875,
utility_dynamic,469.602,0.05,0.1,hybrid-session-009,5.0,170.28561211191118,131.2955942004919,,,3.537255859375,
utility_dynamic,469.602,0.05,0.1,hybrid-session-010,5.0,175.7182450965047,137.05918663181365,,,3.707470703125,
utility_dynamic,469.602,0.05,0.1,hybrid-session-013,5.0,187.43406608700752,144.53536793589592,,,3.62373046875,
utility_dynamic,469.602,0.05,0.1,hybrid-session-016,5.0,207.05964579246938,151.11780688166618,,,3.7078125,
utility_dynamic,469.602,0.05,0.1,hybrid-session-020,5.0,211.46735502406955,150.87410905398428,,,3.665087890625,
utility_dynamic,469.602,0.05,0.1,hybrid-session-021,5.0,206.36531081981957,162.682128790766,,,3.85751953125,
utility_dynamic,469.602,0.05,0.1,hybrid-session-025,5.0,178.86742996051908,142.6555703394115,,,3.725927734375,
utility_dynamic,469.602,0.05,0.1,hybrid-session-026,5.0,206.00321982055902,158.18938803859055,,,3.93955078125,
full_lru,469.602,0.1,0.05,hybrid-session-002,5.0,3984.9970820359886,862.0998168364167,,,9.0125,
full_lru,469.602,0.1,0.05,hybrid-session-003,5.0,101.49118886329234,81.0547195840627,,,8.0828125,
full_lru,469.602,0.1,0.05,hybrid-session-004,5.0,102.76408796198666,84.15891439653933,,,9.3296875,
full_lru,469.602,0.1,0.05,hybrid-session-005,5.0,105.32061499543488,85.1053724065423,,,8.96875,
full_lru,469.602,0.1,0.05,hybrid-session-006,5.0,100.48487898893654,79.33735460974276,,,10.740625,
full_lru,469.602,0.1,0.05,hybrid-session-009,5.0,94.05689896084368,77.01098737306893,,,8.09375,
full_lru,469.602,0.1,0.05,hybrid-session-010,5.0,90.90328100137413,77.8381104581058,,,8.4328125,
full_lru,469.602,0.1,0.05,hybrid-session-013,5.0,96.50911903008819,77.88940640166402,,,8.246875,
full_lru,469.602,0.1,0.05,hybrid-session-016,5.0,97.18753397464752,85.58557736687362,,,9.1328125,
full_lru,469.602,0.1,0.05,hybrid-session-020,5.0,96.61302901804447,83.65050498396158,,,9.1546875,
full_lru,469.602,0.1,0.05,hybrid-session-021,5.0,99.79096404276788,87.78469283133745,,,9.49375,
full_lru,469.602,0.1,0.05,hybrid-session-025,5.0,93.15411886200309,83.31351689994335,,,8.3890625,
full_lru,469.602,0.1,0.05,hybrid-session-026,5.0,84.70068103633821,81.79852226749063,,,9.646875,
static_best,469.602,0.1,0.05,hybrid-session-002,5.0,3876.389187062159,922.3147866781801,,,4.37294921875,
static_best,469.602,0.1,0.05,hybrid-session-003,5.0,215.96475993283093,161.4570409990847,,,4.161376953125,
static_best,469.602,0.1,0.05,hybrid-session-004,5.0,241.4519579615444,190.11332518421113,,,4.558544921875,
static_best,469.602,0.1,0.05,hybrid-session-005,5.0,198.7185818143189,156.61896355450153,,,4.332958984375,
static_best,469.602,0.1,0.05,hybrid-session-006,5.0,251.51191116310656,181.68432102538645,,,5.06337890625,
static_best,469.602,0.1,0.05,hybrid-session-009,5.0,220.1165040023625,157.46691678650677,,,4.217431640625,
static_best,469.602,0.1,0.05,hybrid-session-010,5.0,208.89348699711263,154.38668802380562,,,4.413623046875,
static_best,469.602,0.1,0.05,hybrid-session-013,5.0,218.24753587134182,159.63379070162773,,,4.31416015625,
static_best,469.602,0.1,0.05,hybrid-session-016,5.0,243.03063680417836,163.29940194264054,,,4.489501953125,
static_best,469.602,0.1,0.05,hybrid-session-020,5.0,232.67937102355063,162.41143699735403,,,4.488818359375,
static_best,469.602,0.1,0.05,hybrid-session-021,5.0,239.93532010354102,178.8692666683346,,,4.70380859375,
static_best,469.602,0.1,0.05,hybrid-session-025,5.0,195.55422919802368,148.64721139892936,,,4.422509765625,
static_best,469.602,0.1,0.05,hybrid-session-026,5.0,228.50962588563561,170.0536911841482,,,4.79677734375,
static_safe,469.602,0.1,0.05,hybrid-session-002,5.0,3738.4467979427427,873.3837970066816,,,4.37294921875,
static_safe,469.602,0.1,0.05,hybrid-session-003,5.0,187.75332695804536,139.71455018036067,,,4.161376953125,
static_safe,469.602,0.1,0.05,hybrid-session-004,5.0,191.41475204378366,157.93187343515456,,,4.558544921875,
static_safe,469.602,0.1,0.05,hybrid-session-005,5.0,192.72111007012427,142.32471846044064,,,4.332958984375,
static_safe,469.602,0.1,0.05,hybrid-session-006,5.0,196.13470393233,153.71085219085217,,,5.06337890625,
static_safe,469.602,0.1,0.05,hybrid-session-009,5.0,168.13687095418572,131.7454094067216,,,4.217431640625,
static_safe,469.602,0.1,0.05,hybrid-session-010,5.0,174.90897281095386,131.63486029952765,,,4.413623046875,
static_safe,469.602,0.1,0.05,hybrid-session-013,5.0,196.68605783954263,138.68181663565338,,,4.31416015625,
static_safe,469.602,0.1,0.05,hybrid-session-016,5.0,202.2303498815745,141.5835696272552,,,4.489501953125,
static_safe,469.602,0.1,0.05,hybrid-session-020,5.0,197.49208795838058,142.1272085979581,,,4.488818359375,
static_safe,469.602,0.1,0.05,hybrid-session-021,5.0,200.25265589356422,161.41706639900804,,,4.70380859375,
static_safe,469.602,0.1,0.05,hybrid-session-025,5.0,169.93313608691096,132.64091820456088,,,4.422509765625,
static_safe,469.602,0.1,0.05,hybrid-session-026,5.0,196.64844404906034,153.95581759512424,,,4.79677734375,
uncalibrated_dynamic,469.602,0.1,0.05,hybrid-session-002,5.0,3660.690481076017,869.6132752113044,,,4.37294921875,
uncalibrated_dynamic,469.602,0.1,0.05,hybrid-session-003,5.0,211.09934500418603,145.1233500149101,,,4.161376953125,
uncalibrated_dynamic,469.602,0.1,0.05,hybrid-session-004,5.0,200.40814601816237,163.3823220152408,,,4.558544921875,
uncalibrated_dynamic,469.602,0.1,0.05,hybrid-session-005,5.0,197.24651286378503,149.8211921658367,,,4.332958984375,
uncalibrated_dynamic,469.602,0.1,0.05,hybrid-session-006,5.0,197.47409992851317,144.05980873852968,,,5.06337890625,
uncalibrated_dynamic,469.602,0.1,0.05,hybrid-session-009,5.0,173.3366099651903,134.7851957194507,,,4.217431640625,
uncalibrated_dynamic,469.602,0.1,0.05,hybrid-session-010,5.0,179.66037709265947,134.5249094069004,,,4.413623046875,
uncalibrated_dynamic,469.602,0.1,0.05,hybrid-session-013,5.0,187.3872319702059,140.37039522081614,,,4.31416015625,
uncalibrated_dynamic,469.602,0.1,0.05,hybrid-session-016,5.0,202.38340995274484,147.9192702099681,,,4.489501953125,
uncalibrated_dynamic,469.602,0.1,0.05,hybrid-session-020,5.0,196.21762493625283,148.4750873874873,,,4.488818359375,
uncalibrated_dynamic,469.602,0.1,0.05,hybrid-session-021,5.0,198.640211019665,160.7387499883771,,,4.70380859375,
uncalibrated_dynamic,469.602,0.1,0.05,hybrid-session-025,5.0,206.71809604391456,141.5052279829979,,,4.422509765625,
uncalibrated_dynamic,469.602,0.1,0.05,hybrid-session-026,5.0,190.22306590341032,155.2202650345862,,,4.79677734375,
utility_dynamic,469.602,0.1,0.05,hybrid-session-002,5.0,3761.0557498410344,886.2363367341459,,,3.55400390625,
utility_dynamic,469.602,0.1,0.05,hybrid-session-003,5.0,184.6313290297985,143.25722064822912,,,3.472998046875,
utility_dynamic,469.602,0.1,0.05,hybrid-session-004,5.0,198.27448506839573,160.88053644634783,,,3.715673828125,
utility_dynamic,469.602,0.1,0.05,hybrid-session-005,5.0,198.3993521425873,147.5220626220107,,,3.514697265625,
utility_dynamic,469.602,0.1,0.05,hybrid-session-006,5.0,204.8406230751425,160.63693021424115,,,4.05576171875,
utility_dynamic,469.602,0.1,0.05,hybrid-session-009,5.0,172.04074119217694,133.33999128080904,,,3.537255859375,
utility_dynamic,469.602,0.1,0.05,hybrid-session-010,5.0,182.64547386206686,137.54753419198096,,,3.707470703125,
utility_dynamic,469.602,0.1,0.05,hybrid-session-013,5.0,191.37138104997575,136.91413179039955,,,3.62373046875,
utility_dynamic,469.602,0.1,0.05,hybrid-session-016,5.0,237.60870704427361,153.821309376508,,,3.7078125,
utility_dynamic,469.602,0.1,0.05,hybrid-session-020,5.0,197.2546388860792,147.22676295787096,,,3.665087890625,
utility_dynamic,469.602,0.1,0.05,hybrid-session-021,5.0,200.3146968781948,160.9137173742056,,,3.85751953125,
utility_dynamic,469.602,0.1,0.05,hybrid-session-025,5.0,175.54554110392928,141.4669300429523,,,3.725927734375,
utility_dynamic,469.602,0.1,0.05,hybrid-session-026,5.0,194.2208071704954,157.5934282504022,,,3.93955078125,
full_lru,469.602,0.1,0.1,hybrid-session-002,5.0,3997.0296979881823,887.7695586532354,,,9.0125,
full_lru,469.602,0.1,0.1,hybrid-session-003,5.0,121.52590998448431,107.51505717635155,,,8.0828125,
full_lru,469.602,0.1,0.1,hybrid-session-004,5.0,119.5752969942987,106.83952579274774,,,9.3296875,
full_lru,469.602,0.1,0.1,hybrid-session-005,5.0,120.85089599713683,105.25709306821227,,,8.96875,
full_lru,469.602,0.1,0.1,hybrid-session-006,5.0,117.74472007527947,105.19303502514958,,,10.740625,
full_lru,469.602,0.1,0.1,hybrid-session-009,5.0,111.3559880759567,100.7794686127454,,,8.09375,
full_lru,469.602,0.1,0.1,hybrid-session-010,5.0,116.9128380715847,105.6209372356534,,,8.4328125,
full_lru,469.602,0.1,0.1,hybrid-session-013,5.0,121.77107506431639,106.00243178196251,,,8.246875,
full_lru,469.602,0.1,0.1,hybrid-session-016,5.0,123.09940019622445,100.20992020145059,,,9.1328125,
full_lru,469.602,0.1,0.1,hybrid-session-020,5.0,108.83933189325035,98.72300694696605,,,9.1546875,
full_lru,469.602,0.1,0.1,hybrid-session-021,5.0,121.48307892493904,106.44048121757805,,,9.49375,
full_lru,469.602,0.1,0.1,hybrid-session-025,5.0,129.1544910054654,106.17159102112055,,,8.3890625,
full_lru,469.602,0.1,0.1,hybrid-session-026,5.0,127.46162712574005,106.6759780049324,,,9.646875,
static_best,469.602,0.1,0.1,hybrid-session-002,5.0,3878.3677788451314,929.4959828723222,,,4.37294921875,
static_best,469.602,0.1,0.1,hybrid-session-003,5.0,220.9796269889921,167.72007602266967,,,4.161376953125,
static_best,469.602,0.1,0.1,hybrid-session-004,5.0,245.52603112533689,189.45678719319403,,,4.558544921875,
static_best,469.602,0.1,0.1,hybrid-session-005,5.0,234.86917885020375,175.47851805575192,,,4.332958984375,
static_best,469.602,0.1,0.1,hybrid-session-006,5.0,241.12135916948318,182.60532743297517,,,5.06337890625,
static_best,469.602,0.1,0.1,hybrid-session-009,5.0,219.45523098111153,162.75146477855742,,,4.217431640625,
static_best,469.602,0.1,0.1,hybrid-session-010,5.0,214.22615298070014,160.9928515739739,,,4.413623046875,
static_best,469.602,0.1,0.1,hybrid-session-013,5.0,222.02482586726546,166.36699410155416,,,4.31416015625,
static_best,469.602,0.1,0.1,hybrid-session-016,5.0,236.17066093720496,173.39215422980487,,,4.489501953125,
static_best,469.602,0.1,0.1,hybrid-session-020,5.0,231.89634294249117,173.56880805455148,,,4.488818359375,
static_best,469.602,0.1,0.1,hybrid-session-021,5.0,250.94529194757342,191.15953943692148,,,4.70380859375,
static_best,469.602,0.1,0.1,hybrid-session-025,5.0,211.47619793191552,163.11453692615032,,,4.422509765625,
static_best,469.602,0.1,0.1,hybrid-session-026,5.0,242.69130290485919,187.72087912075222,,,4.79677734375,
static_safe,469.602,0.1,0.1,hybrid-session-002,5.0,3945.396682014689,937.2471820097417,,,4.37294921875,
static_safe,469.602,0.1,0.1,hybrid-session-003,5.0,220.35942203365266,163.0616680253297,,,4.161376953125,
static_safe,469.602,0.1,0.1,hybrid-session-004,5.0,240.2136460877955,168.23240839876235,,,4.558544921875,
static_safe,469.602,0.1,0.1,hybrid-session-005,5.0,236.12253880128264,153.8803183939308,,,4.332958984375,
static_safe,469.602,0.1,0.1,hybrid-session-006,5.0,238.07251593098044,171.29163700155914,,,5.06337890625,
static_safe,469.602,0.1,0.1,hybrid-session-009,5.0,219.9435238726437,155.633017513901,,,4.217431640625,
static_safe,469.602,0.1,0.1,hybrid-session-010,5.0,208.64481921307743,158.11229548417032,,,4.413623046875,
static_safe,469.602,0.1,0.1,hybrid-session-013,5.0,217.5027320627123,161.72780017368495,,,4.31416015625,
static_safe,469.602,0.1,0.1,hybrid-session-016,5.0,245.36008294671774,162.00677938759327,,,4.489501953125,
static_safe,469.602,0.1,0.1,hybrid-session-020,5.0,229.34446390718222,162.2160967439413,,,4.488818359375,
static_safe,469.602,0.1,0.1,hybrid-session-021,5.0,245.5559829249978,184.61217158474028,,,4.70380859375,
static_safe,469.602,0.1,0.1,hybrid-session-025,5.0,209.4520479440689,159.52082695439458,,,4.422509765625,
static_safe,469.602,0.1,0.1,hybrid-session-026,5.0,234.4540269114077,180.01915295608342,,,4.79677734375,
uncalibrated_dynamic,469.602,0.1,0.1,hybrid-session-002,5.0,3575.507774949074,846.5405766386539,,,4.37294921875,
uncalibrated_dynamic,469.602,0.1,0.1,hybrid-session-003,5.0,187.59692297317088,138.17773698829114,,,4.161376953125,
uncalibrated_dynamic,469.602,0.1,0.1,hybrid-session-004,5.0,195.14219393022358,155.9735142160207,,,4.558544921875,
uncalibrated_dynamic,469.602,0.1,0.1,hybrid-session-005,5.0,192.02329008840024,142.29056043550372,,,4.332958984375,
uncalibrated_dynamic,469.602,0.1,0.1,hybrid-session-006,5.0,199.00133297778666,153.87551742605865,,,5.06337890625,
uncalibrated_dynamic,469.602,0.1,0.1,hybrid-session-009,5.0,170.30814802274108,133.37678615935147,,,4.217431640625,
uncalibrated_dynamic,469.602,0.1,0.1,hybrid-session-010,5.0,177.33115586452186,138.26198792085052,,,4.413623046875,
uncalibrated_dynamic,469.602,0.1,0.1,hybrid-session-013,5.0,184.18771610595286,143.45558723434806,,,4.31416015625,
uncalibrated_dynamic,469.602,0.1,0.1,hybrid-session-016,5.0,230.74325290508568,150.03168778494,,,4.489501953125,
uncalibrated_dynamic,469.602,0.1,0.1,hybrid-session-020,5.0,225.20665801130235,147.72056746296585,,,4.488818359375,
uncalibrated_dynamic,469.602,0.1,0.1,hybrid-session-021,5.0,201.49928890168667,155.1764561329037,,,4.70380859375,
uncalibrated_dynamic,469.602,0.1,0.1,hybrid-session-025,5.0,173.2118260115385,134.30909174494445,,,4.422509765625,
uncalibrated_dynamic,469.602,0.1,0.1,hybrid-session-026,5.0,223.09290803968906,158.8226594030857,,,4.79677734375,
utility_dynamic,469.602,0.1,0.1,hybrid-session-002,5.0,3769.1039638593793,878.9190012495965,,,3.55400390625,
utility_dynamic,469.602,0.1,0.1,hybrid-session-003,5.0,184.52890100888908,135.67075883038342,,,3.472998046875,
utility_dynamic,469.602,0.1,0.1,hybrid-session-004,5.0,187.1255689766258,151.9531131722033,,,3.715673828125,
utility_dynamic,469.602,0.1,0.1,hybrid-session-005,5.0,195.91512507759035,140.73320226743817,,,3.514697265625,
utility_dynamic,469.602,0.1,0.1,hybrid-session-006,5.0,197.00597506016493,149.95687240734696,,,4.05576171875,
utility_dynamic,469.602,0.1,0.1,hybrid-session-009,5.0,163.82423997856677,131.0418277978897,,,3.537255859375,
utility_dynamic,469.602,0.1,0.1,hybrid-session-010,5.0,174.0060830488801,129.84767463058233,,,3.707470703125,
utility_dynamic,469.602,0.1,0.1,hybrid-session-013,5.0,180.03428797237575,135.05240180529654,,,3.62373046875,
utility_dynamic,469.602,0.1,0.1,hybrid-session-016,5.0,195.13859902508557,138.2847434375435,,,3.7078125,
utility_dynamic,469.602,0.1,0.1,hybrid-session-020,5.0,195.92941203154624,139.43008403293788,,,3.665087890625,
utility_dynamic,469.602,0.1,0.1,hybrid-session-021,5.0,203.10716587118804,152.84490194171667,,,3.85751953125,
utility_dynamic,469.602,0.1,0.1,hybrid-session-025,5.0,192.9542210418731,137.11021104827523,,,3.725927734375,
utility_dynamic,469.602,0.1,0.1,hybrid-session-026,5.0,219.86286202445626,154.32456200942397,,,3.93955078125,
