action_profile,active_session_count,audit_rate,audit_selected,backend_budget_hit,backend_name,budget_hit,candidate_safe_count,config,controller_cg_ms,controller_overhead_ms,controller_qrp_ms,controller_stc_ms,delta,diagnostic_only,drift_state,epsilon,error,evicted_kv_mib,exact,extra_warm_profile,extra_warm_profile_success,extra_worker_cuda_visible_devices,extra_worker_device_strategy,extra_worker_generation,extra_worker_mode,extra_worker_model_load_ms,extra_worker_pid,extra_worker_startup_ms,extra_worker_state_lost,fallback_reason,global_budget_mib,global_resident_kv_mib,kv_cache_memory_mib,kv_cumulative_mib,kv_incremental_mib,latency_ms,length_bucket,measured,observed_quality_loss,ok,optimality_gap,oracle,oracle_cost_ms,peak_memory_mib,placeholder,policy,policy_budget_filtered,pred_loss,predicted_quality_loss,primary_profile,quality_estimate,quality_loss,quality_status,queue_delay_ms,reason,recompute_ms,rejected_pred_loss,rejected_profile,rejected_risk_upper,request_id,resident_kv_mib_after,resident_kv_mib_before,resident_memory_mib,restore_ms,risk_upper,run_dir,safe,safety_reason,session_id,task,ttft_ms,turn_index,violation_status
full_gpu,1.0,0.1,False,False,online_qwen,False,,/DATACENTER3/zhenxiang.wang/work/TailGuardKV/.worktrees/baseline-smoke-final-aggregation/out/full_25session_baseline_9_14/full/policy_attempts/full40_20260916_h2o_static_safe/seed20260906/config.yaml,,,,,,True,,,,0,True,full_gpu,True,,balanced_two_gpu,1,persistent,28283.844659104943,28843,32398.99224904366,,,30.0,2.078125,2.078125,2.078125,2.078125,5181.269963970408,unknown,True,,True,,False,,15070.54150390625,False,full_lru,False,,,full_gpu,,,risk_evidence_insufficient,0.0,full precision exact profile,0.0,,,,hybrid-session-002-turn-0,2.078125,0.0,2.078125,0.0,,/DATACENTER3/zhenxiang.wang/work/TailGuardKV/.worktrees/baseline-smoke-final-aggregation/out/full_25session_baseline_9_14/full/policy_attempts/full40_20260916_h2o_static_safe/seed20260906,,,hybrid-session-002,chat,4056.889130966738,0,risk_evidence_insufficient
full_gpu,2.0,0.1,False,False,online_qwen,False,,/DATACENTER3/zhenxiang.wang/work/TailGuardKV/.worktrees/baseline-smoke-final-aggregation/out/full_25session_baseline_9_14/full/policy_attempts/full40_20260916_h2o_static_safe/seed20260906/config.yaml,,,,,,True,,,,0,True,full_gpu,True,,balanced_two_gpu,1,persistent,28283.844659104943,28843,32398.99224904366,,,30.0,3.5546875,1.4765625,1.4765625,1.4765625,1557.7836520969868,unknown,True,,True,,False,,15055.19384765625,False,full_lru,False,,,full_gpu,,,risk_evidence_insufficient,0.0,full precision exact profile,0.0,,,,hybrid-session-003-turn-0,1.4765625,0.0,1.4765625,0.0,,/DATACENTER3/zhenxiang.wang/work/TailGuardKV/.worktrees/baseline-smoke-final-aggregation/out/full_25session_baseline_9_14/full/policy_attempts/full40_20260916_h2o_static_safe/seed20260906,,,hybrid-session-003,chat,103.52509003132582,0,risk_evidence_insufficient
full_gpu,3.0,0.1,False,False,online_qwen,False,,/DATACENTER3/zhenxiang.wang/work/TailGuardKV/.worktrees/baseline-smoke-final-aggregation/out/full_25session_baseline_9_14/full/policy_attempts/full40_20260916_h2o_static_safe/seed20260906/config.yaml,,,,,,True,,,,0,True,full_gpu,True,,balanced_two_gpu,1,persistent,28283.844659104943,28843,32398.99224904366,,,30.0,5.3046875,1.75,1.75,1.75,1526.527197798714,unknown,True,,True,,False,,15063.70947265625,False,full_lru,False,,,full_gpu,,,risk_evidence_insufficient,0.0,full precision exact profile,0.0,,,,hybrid-session-004-turn-0,1.75,0.0,1.75,0.0,,/DATACENTER3/zhenxiang.wang/work/TailGuardKV/.worktrees/baseline-smoke-final-aggregation/out/full_25session_baseline_9_14/full/policy_attempts/full40_20260916_h2o_static_safe/seed20260906,,,hybrid-session-004,chat,96.32992884144187,0,risk_evidence_insufficient
full_gpu,4.0,0.1,False,False,online_qwen,False,,/DATACENTER3/zhenxiang.wang/work/TailGuardKV/.worktrees/baseline-smoke-final-aggregation/out/full_25session_baseline_9_14/full/policy_attempts/full40_20260916_h2o_static_safe/seed20260906/config.yaml,,,,,,True,,,,0,True,full_gpu,True,,balanced_two_gpu,1,persistent,28283.844659104943,28843,32398.99224904366,,,30.0,7.21875,1.9140625,1.9140625,1.9140625,1534.9859111011028,unknown,True,,True,,False,,15070.26806640625,False,full_lru,False,,,full_gpu,,,risk_evidence_insufficient,0.0,full precision exact profile,0.0,,,,hybrid-session-005-turn-0,1.9140625,0.0,1.9140625,0.0,,/DATACENTER3/zhenxiang.wang/work/TailGuardKV/.worktrees/baseline-smoke-final-aggregation/out/full_25session_baseline_9_14/full/policy_attempts/full40_20260916_h2o_static_safe/seed20260906,,,hybrid-session-005,chat,104.76683801971376,0,risk_evidence_insufficient
full_gpu,5.0,0.1,False,False,online_qwen,False,,/DATACENTER3/zhenxiang.wang/work/TailGuardKV/.worktrees/baseline-smoke-final-aggregation/out/full_25session_baseline_9_14/full/policy_attempts/full40_20260916_h2o_static_safe/seed20260906/config.yaml,,,,,,True,,,,0,True,full_gpu,True,,balanced_two_gpu,1,persistent,28283.844659104943,28843,32398.99224904366,,,30.0,9.84375,2.625,2.625,2.625,1548.1011210940778,unknown,True,,True,,False,,15093.27587890625,False,full_lru,False,,,full_gpu,,,risk_evidence_insufficient,0.0,full precision exact profile,0.0,,,,hybrid-session-006-turn-0,2.625,0.0,2.625,0.0,,/DATACENTER3/zhenxiang.wang/work/TailGuardKV/.worktrees/baseline-smoke-final-aggregation/out/full_25session_baseline_9_14/full/policy_attempts/full40_20260916_h2o_static_safe/seed20260906,,,hybrid-session-006,chat,110.36228202283382,0,risk_evidence_insufficient
full_gpu,6.0,0.1,False,False,online_qwen,False,,/DATACENTER3/zhenxiang.wang/work/TailGuardKV/.worktrees/baseline-smoke-final-aggregation/out/full_25session_baseline_9_14/full/policy_attempts/full40_20260916_h2o_static_safe/seed20260906/config.yaml,,,,,,True,,,,0,True,full_gpu,True,,balanced_two_gpu,1,persistent,28283.844659104943,28843,32398.99224904366,,,30.0,11.5390625,1.6953125,1.6953125,1.6953125,1187.9917110782117,unknown,True,,True,,False,,15068.48681640625,False,full_lru,False,,,full_gpu,,,risk_evidence_insufficient,0.0,full precision exact profile,0.0,,,,hybrid-session-009-turn-0,1.6953125,0.0,1.6953125,0.0,,/DATACENTER3/zhenxiang.wang/work/TailGuardKV/.worktrees/baseline-smoke-final-aggregation/out/full_25session_baseline_9_14/full/policy_attempts/full40_20260916_h2o_static_safe/seed20260906,,,hybrid-session-009,chat,89.93800496682525,0,risk_evidence_insufficient
full_gpu,7.0,0.1,False,False,online_qwen,False,,/DATACENTER3/zhenxiang.wang/work/TailGuardKV/.worktrees/baseline-smoke-final-aggregation/out/full_25session_baseline_9_14/full/policy_attempts/full40_20260916_h2o_static_safe/seed20260906/config.yaml,,,,,,True,,,,0,True,full_gpu,True,,balanced_two_gpu,1,persistent,28283.844659104943,28843,32398.99224904366,,,30.0,13.0703125,1.53125,1.53125,1.53125,1530.7981760706753,unknown,True,,True,,False,,15065.87646484375,False,full_lru,False,,,full_gpu,,,risk_evidence_insufficient,0.0,full precision exact profile,0.0,,,,hybrid-session-010-turn-0,1.53125,0.0,1.53125,0.0,,/DATACENTER3/zhenxiang.wang/work/TailGuardKV/.worktrees/baseline-smoke-final-aggregation/out/full_25session_baseline_9_14/full/policy_attempts/full40_20260916_h2o_static_safe/seed20260906,,,hybrid-session-010,chat,104.27786293439567,0,risk_evidence_insufficient
full_gpu,8.0,0.1,False,False,online_qwen,False,,/DATACENTER3/zhenxiang.wang/work/TailGuardKV/.worktrees/baseline-smoke-final-aggregation/out/full_25session_baseline_9_14/full/policy_attempts/full40_20260916_h2o_static_safe/seed20260906/config.yaml,,,,,,True,,,,0,True,full_gpu,True,,balanced_two_gpu,1,persistent,28283.844659104943,28843,32398.99224904366,,,30.0,14.875,1.8046875,1.8046875,1.8046875,1523.5222899354994,unknown,True,,True,,False,,15074.73681640625,False,full_lru,False,,,full_gpu,,,risk_evidence_insufficient,0.0,full precision exact profile,0.0,,,,hybrid-session-013-turn-0,1.8046875,0.0,1.8046875,0.0,,/DATACENTER3/zhenxiang.wang/work/TailGuardKV/.worktrees/baseline-smoke-final-aggregation/out/full_25session_baseline_9_14/full/policy_attempts/full40_20260916_h2o_static_safe/seed20260906,,,hybrid-session-013,chat,104.54951296560466,0,risk_evidence_insufficient
full_gpu,9.0,0.1,False,False,online_qwen,False,,/DATACENTER3/zhenxiang.wang/work/TailGuardKV/.worktrees/baseline-smoke-final-aggregation/out/full_25session_baseline_9_14/full/policy_attempts/full40_20260916_h2o_static_safe/seed20260906/config.yaml,,,,,,True,,,,0,True,full_gpu,True,,balanced_two_gpu,1,persistent,28283.844659104943,28843,32398.99224904366,,,30.0,17.5,2.625,2.625,2.625,1535.8072551898658,unknown,True,,True,,False,,15100.93212890625,False,full_lru,False,,,full_gpu,,,risk_evidence_insufficient,0.0,full precision exact profile,0.0,,,,hybrid-session-016-turn-0,2.625,0.0,2.625,0.0,,/DATACENTER3/zhenxiang.wang/work/TailGuardKV/.worktrees/baseline-smoke-final-aggregation/out/full_25session_baseline_9_14/full/policy_attempts/full40_20260916_h2o_static_safe/seed20260906,,,hybrid-session-016,chat,104.22941204160452,0,risk_evidence_insufficient
full_gpu,10.0,0.1,False,False,online_qwen,False,,/DATACENTER3/zhenxiang.wang/work/TailGuardKV/.worktrees/baseline-smoke-final-aggregation/out/full_25session_baseline_9_14/full/policy_attempts/full40_20260916_h2o_static_safe/seed20260906/config.yaml,,,,,,True,,,,0,True,full_gpu,True,,balanced_two_gpu,1,persistent,28283.844659104943,28843,32398.99224904366,,,30.0,19.90625,2.40625,2.40625,2.40625,1207.314244005829,unknown,True,,True,,False,,15095.79541015625,False,full_lru,False,,,full_gpu,,,risk_evidence_insufficient,0.0,full precision exact profile,0.0,,,,hybrid-session-020-turn-0,2.40625,0.0,2.40625,0.0,,/DATACENTER3/zhenxiang.wang/work/TailGuardKV/.worktrees/baseline-smoke-final-aggregation/out/full_25session_baseline_9_14/full/policy_attempts/full40_20260916_h2o_static_safe/seed20260906,,,hybrid-session-020,chat,85.52478696219623,0,risk_evidence_insufficient
full_gpu,11.0,0.1,False,False,online_qwen,False,,/DATACENTER3/zhenxiang.wang/work/TailGuardKV/.worktrees/baseline-smoke-final-aggregation/out/full_25session_baseline_9_14/full/policy_attempts/full40_20260916_h2o_static_safe/seed20260906/config.yaml,,,,,,True,,,,0,True,full_gpu,True,,balanced_two_gpu,1,persistent,28283.844659104943,28843,32398.99224904366,,,30.0,22.203125,2.296875,2.296875,2.296875,1545.931400032714,unknown,True,,True,,False,,15095.17822265625,False,full_lru,False,,,full_gpu,,,risk_evidence_insufficient,0.0,full precision exact profile,0.0,,,,hybrid-session-021-turn-0,2.296875,0.0,2.296875,0.0,,/DATACENTER3/zhenxiang.wang/work/TailGuardKV/.worktrees/baseline-smoke-final-aggregation/out/full_25session_baseline_9_14/full/policy_attempts/full40_20260916_h2o_static_safe/seed20260906,,,hybrid-session-021,chat,107.8933838289231,0,risk_evidence_insufficient
full_gpu,12.0,0.1,False,False,online_qwen,False,,/DATACENTER3/zhenxiang.wang/work/TailGuardKV/.worktrees/baseline-smoke-final-aggregation/out/full_25session_baseline_9_14/full/policy_attempts/full40_20260916_h2o_static_safe/seed20260906/config.yaml,,,,,,True,,,,0,True,full_gpu,True,,balanced_two_gpu,1,persistent,28283.844659104943,28843,32398.99224904366,,,30.0,24.171875,1.96875,1.96875,1.96875,1538.218931062147,unknown,True,,True,,False,,15088.40478515625,False,full_lru,False,,,full_gpu,,,risk_evidence_insufficient,0.0,full precision exact profile,0.0,,,,hybrid-session-025-turn-0,1.96875,0.0,1.96875,0.0,,/DATACENTER3/zhenxiang.wang/work/TailGuardKV/.worktrees/baseline-smoke-final-aggregation/out/full_25session_baseline_9_14/full/policy_attempts/full40_20260916_h2o_static_safe/seed20260906,,,hybrid-session-025,chat,88.44405901618302,0,risk_evidence_insufficient
full_gpu,13.0,0.1,False,False,online_qwen,False,,/DATACENTER3/zhenxiang.wang/work/TailGuardKV/.worktrees/baseline-smoke-final-aggregation/out/full_25session_baseline_9_14/full/policy_attempts/full40_20260916_h2o_static_safe/seed20260906/config.yaml,,,,,,True,,,,0,True,full_gpu,True,,balanced_two_gpu,1,persistent,28283.844659104943,28843,32398.99224904366,,,30.0,26.359375,2.1875,2.1875,2.1875,1509.7238318994641,unknown,True,,True,,False,,15096.42041015625,False,full_lru,False,,,full_gpu,,,risk_evidence_insufficient,0.0,full precision exact profile,0.0,,,,hybrid-session-026-turn-0,2.1875,0.0,2.1875,0.0,,/DATACENTER3/zhenxiang.wang/work/TailGuardKV/.worktrees/baseline-smoke-final-aggregation/out/full_25session_baseline_9_14/full/policy_attempts/full40_20260916_h2o_static_safe/seed20260906,,,hybrid-session-026,chat,100.63644498586655,0,risk_evidence_insufficient
full_gpu,13.0,0.1,False,False,online_qwen,False,,/DATACENTER3/zhenxiang.wang/work/TailGuardKV/.worktrees/baseline-smoke-final-aggregation/out/full_25session_baseline_9_14/full/policy_attempts/full40_20260916_h2o_static_safe/seed20260906/config.yaml,,,,,,True,,,,0,True,full_gpu,True,,balanced_two_gpu,1,persistent,28283.844659104943,28843,32398.99224904366,,,30.0,28.1640625,3.8828125,3.8828125,1.8046875,1301.419778028503,unknown,True,,True,,False,,15088.02685546875,False,full_lru,False,,,full_gpu,,,risk_evidence_insufficient,0.0,full precision exact profile,0.0,,,,hybrid-session-002-turn-1,3.8828125,2.078125,3.8828125,0.0,,/DATACENTER3/zhenxiang.wang/work/TailGuardKV/.worktrees/baseline-smoke-final-aggregation/out/full_25session_baseline_9_14/full/policy_attempts/full40_20260916_h2o_static_safe/seed20260906,,,hybrid-session-002,chat,92.00557391159236,1,risk_evidence_insufficient
full_gpu,13.0,0.1,True,False,online_qwen,False,,/DATACENTER3/zhenxiang.wang/work/TailGuardKV/.worktrees/baseline-smoke-final-aggregation/out/full_25session_baseline_9_14/full/policy_attempts/full40_20260916_h2o_static_safe/seed20260906/config.yaml,,,,,,True,,,,0,True,full_gpu,True,,balanced_two_gpu,1,persistent,28283.844659104943,28843,32398.99224904366,,,30.0,29.5859375,2.8984375,2.8984375,1.421875,1549.5663799811155,unknown,True,0.0,True,,False,,15080.05908203125,False,full_lru,False,,,full_gpu,,,risk_evidence_insufficient,0.0,full precision exact profile,0.0,,,,hybrid-session-003-turn-1,2.8984375,1.4765625,2.8984375,0.0,,/DATACENTER3/zhenxiang.wang/work/TailGuardKV/.worktrees/baseline-smoke-final-aggregation/out/full_25session_baseline_9_14/full/policy_attempts/full40_20260916_h2o_static_safe/seed20260906,,,hybrid-session-003,chat,111.49540892802179,1,risk_evidence_insufficient
full_gpu,13.0,0.1,False,True,online_qwen,True,,/DATACENTER3/zhenxiang.wang/work/TailGuardKV/.worktrees/baseline-smoke-final-aggregation/out/full_25session_baseline_9_14/full/policy_attempts/full40_20260916_h2o_static_safe/seed20260906/config.yaml,,,,,,True,,,,4.5390625,True,full_gpu,True,,balanced_two_gpu,1,persistent,28283.844659104943,28843,32398.99224904366,,,30.0,28.2734375,4.9765625,4.9765625,3.2265625,1547.6217379327863,unknown,True,,True,,False,,15131.58349609375,False,full_lru,False,,,full_gpu,,,risk_evidence_insufficient,0.0,full precision exact profile,0.0,,,,hybrid-session-004-turn-1,4.9765625,1.75,4.9765625,0.0,,/DATACENTER3/zhenxiang.wang/work/TailGuardKV/.worktrees/baseline-smoke-final-aggregation/out/full_25session_baseline_9_14/full/policy_attempts/full40_20260916_h2o_static_safe/seed20260906,,,hybrid-session-004,chat,107.35908686183393,1,risk_evidence_insufficient
full_gpu,13.0,0.1,False,True,online_qwen,True,,/DATACENTER3/zhenxiang.wang/work/TailGuardKV/.worktrees/baseline-smoke-final-aggregation/out/full_25session_baseline_9_14/full/policy_attempts/full40_20260916_h2o_static_safe/seed20260906/config.yaml,,,,,,True,,,,3.2265625,True,full_gpu,True,,balanced_two_gpu,1,persistent,28283.844659104943,28843,32398.99224904366,,,30.0,28.984375,3.9375,3.9375,3.9375,1564.450936159119,unknown,True,,True,,False,,15150.76806640625,False,full_lru,False,,,full_gpu,,,risk_evidence_insufficient,0.0,full precision exact profile,117.2512408811599,,,,hybrid-session-005-turn-1,3.9375,0.0,3.9375,0.0,,/DATACENTER3/zhenxiang.wang/work/TailGuardKV/.worktrees/baseline-smoke-final-aggregation/out/full_25session_baseline_9_14/full/policy_attempts/full40_20260916_h2o_static_safe/seed20260906,,,hybrid-session-005,chat,118.06303705088794,1,risk_evidence_insufficient
full_gpu,13.0,0.1,False,True,online_qwen,True,,/DATACENTER3/zhenxiang.wang/work/TailGuardKV/.worktrees/baseline-smoke-final-aggregation/out/full_25session_baseline_9_14/full/policy_attempts/full40_20260916_h2o_static_safe/seed20260906/config.yaml,,,,,,True,,,,4.4296875,True,full_gpu,True,,balanced_two_gpu,1,persistent,28283.844659104943,28843,32398.99224904366,,,30.0,29.859375,5.3046875,5.3046875,5.3046875,1572.3708979785442,unknown,True,,True,,False,,15188.640625,False,full_lru,False,,,full_gpu,,,risk_evidence_insufficient,0.0,full precision exact profile,123.12391097657382,,,,hybrid-session-006-turn-1,5.3046875,0.0,5.3046875,0.0,,/DATACENTER3/zhenxiang.wang/work/TailGuardKV/.worktrees/baseline-smoke-final-aggregation/out/full_25session_baseline_9_14/full/policy_attempts/full40_20260916_h2o_static_safe/seed20260906,,,hybrid-session-006,chat,123.99397091940045,1,risk_evidence_insufficient
full_gpu,13.0,0.1,False,True,online_qwen,True,,/DATACENTER3/zhenxiang.wang/work/TailGuardKV/.worktrees/baseline-smoke-final-aggregation/out/full_25session_baseline_9_14/full/policy_attempts/full40_20260916_h2o_static_safe/seed20260906/config.yaml,,,,,,True,,,,4.703125,True,full_gpu,True,,balanced_two_gpu,1,persistent,28283.844659104943,28843,32398.99224904366,,,30.0,28.2734375,3.1171875,3.1171875,3.1171875,1198.370530968532,unknown,True,,True,,False,,15127.80712890625,False,full_lru,False,,,full_gpu,,,risk_evidence_insufficient,0.0,full precision exact profile,85.53475001826882,,,,hybrid-session-009-turn-1,3.1171875,0.0,3.1171875,0.0,,/DATACENTER3/zhenxiang.wang/work/TailGuardKV/.worktrees/baseline-smoke-final-aggregation/out/full_25session_baseline_9_14/full/policy_attempts/full40_20260916_h2o_static_safe/seed20260906,,,hybrid-session-009,chat,86.29961684346199,1,risk_evidence_insufficient
full_gpu,13.0,0.1,False,True,online_qwen,True,,/DATACENTER3/zhenxiang.wang/work/TailGuardKV/.worktrees/baseline-smoke-final-aggregation/out/full_25session_baseline_9_14/full/policy_attempts/full40_20260916_h2o_static_safe/seed20260906/config.yaml,,,,,,True,,,,1.96875,True,full_gpu,True,,balanced_two_gpu,1,persistent,28283.844659104943,28843,32398.99224904366,,,30.0,29.203125,2.8984375,2.8984375,2.8984375,1555.6969798635691,unknown,True,,True,,False,,15121.02783203125,False,full_lru,False,,,full_gpu,,,risk_evidence_insufficient,0.0,full precision exact profile,113.32062701694667,,,,hybrid-session-010-turn-1,2.8984375,0.0,2.8984375,0.0,,/DATACENTER3/zhenxiang.wang/work/TailGuardKV/.worktrees/baseline-smoke-final-aggregation/out/full_25session_baseline_9_14/full/policy_attempts/full40_20260916_h2o_static_safe/seed20260906,,,hybrid-session-010,chat,114.16013399139047,1,risk_evidence_insufficient
full_gpu,13.0,0.1,False,True,online_qwen,True,,/DATACENTER3/zhenxiang.wang/work/TailGuardKV/.worktrees/baseline-smoke-final-aggregation/out/full_25session_baseline_9_14/full/policy_attempts/full40_20260916_h2o_static_safe/seed20260906/config.yaml,,,,,,True,,,,6.0703125,True,full_gpu,True,,balanced_two_gpu,1,persistent,28283.844659104943,28843,32398.99224904366,,,30.0,26.25,3.1171875,3.1171875,3.1171875,1544.22566620633,unknown,True,,True,,False,,15127.15087890625,False,full_lru,False,,,full_gpu,,,risk_evidence_insufficient,0.0,full precision exact profile,105.11873289942741,,,,hybrid-session-013-turn-1,3.1171875,0.0,3.1171875,0.0,,/DATACENTER3/zhenxiang.wang/work/TailGuardKV/.worktrees/baseline-smoke-final-aggregation/out/full_25session_baseline_9_14/full/policy_attempts/full40_20260916_h2o_static_safe/seed20260906,,,hybrid-session-013,chat,105.92947015538812,1,risk_evidence_insufficient
full_gpu,13.0,0.1,False,True,online_qwen,True,,/DATACENTER3/zhenxiang.wang/work/TailGuardKV/.worktrees/baseline-smoke-final-aggregation/out/full_25session_baseline_9_14/full/policy_attempts/full40_20260916_h2o_static_safe/seed20260906/config.yaml,,,,,,True,,,,2.8984375,True,full_gpu,True,,balanced_two_gpu,1,persistent,28283.844659104943,28843,32398.99224904366,,,30.0,27.453125,4.1015625,4.1015625,4.1015625,1559.6513610798866,unknown,True,,True,,False,,15152.00634765625,False,full_lru,False,,,full_gpu,,,risk_evidence_insufficient,0.0,full precision exact profile,108.61955303698778,,,,hybrid-session-016-turn-1,4.1015625,0.0,4.1015625,0.0,,/DATACENTER3/zhenxiang.wang/work/TailGuardKV/.worktrees/baseline-smoke-final-aggregation/out/full_25session_baseline_9_14/full/policy_attempts/full40_20260916_h2o_static_safe/seed20260906,,,hybrid-session-016,chat,109.49696507304907,1,risk_evidence_insufficient
full_gpu,13.0,0.1,False,True,online_qwen,True,,/DATACENTER3/zhenxiang.wang/work/TailGuardKV/.worktrees/baseline-smoke-final-aggregation/out/full_25session_baseline_9_14/full/policy_attempts/full40_20260916_h2o_static_safe/seed20260906/config.yaml,,,,,,True,,,,4.9765625,True,full_gpu,True,,balanced_two_gpu,1,persistent,28283.844659104943,28843,32398.99224904366,,,30.0,26.359375,3.8828125,3.8828125,3.8828125,1533.558070892468,unknown,True,,True,,False,,15146.56494140625,False,full_lru,False,,,full_gpu,,,risk_evidence_insufficient,0.0,full precision exact profile,101.91779094748199,,,,hybrid-session-020-turn-1,3.8828125,0.0,3.8828125,0.0,,/DATACENTER3/zhenxiang.wang/work/TailGuardKV/.worktrees/baseline-smoke-final-aggregation/out/full_25session_baseline_9_14/full/policy_attempts/full40_20260916_h2o_static_safe/seed20260906,,,hybrid-session-020,chat,102.72807185538113,1,risk_evidence_insufficient
full_gpu,13.0,0.1,False,True,online_qwen,True,,/DATACENTER3/zhenxiang.wang/work/TailGuardKV/.worktrees/baseline-smoke-final-aggregation/out/full_25session_baseline_9_14/full/policy_attempts/full40_20260916_h2o_static_safe/seed20260906/config.yaml,,,,,,True,,,,3.9375,True,full_gpu,True,,balanced_two_gpu,1,persistent,28283.844659104943,28843,32398.99224904366,,,30.0,27.015625,4.59375,4.59375,4.59375,1576.963209779933,unknown,True,,True,,False,,15165.12548828125,False,full_lru,False,,,full_gpu,,,risk_evidence_insufficient,0.0,full precision exact profile,121.85261491686106,,,,hybrid-session-021-turn-1,4.59375,0.0,4.59375,0.0,,/DATACENTER3/zhenxiang.wang/work/TailGuardKV/.worktrees/baseline-smoke-final-aggregation/out/full_25session_baseline_9_14/full/policy_attempts/full40_20260916_h2o_static_safe/seed20260906,,,hybrid-session-021,chat,122.64708080329001,1,risk_evidence_insufficient
full_gpu,13.0,0.1,False,True,online_qwen,True,,/DATACENTER3/zhenxiang.wang/work/TailGuardKV/.worktrees/baseline-smoke-final-aggregation/out/full_25session_baseline_9_14/full/policy_attempts/full40_20260916_h2o_static_safe/seed20260906/config.yaml,,,,,,True,,,,5.3046875,True,full_gpu,True,,balanced_two_gpu,1,persistent,28283.844659104943,28843,32398.99224904366,,,30.0,25.046875,3.3359375,3.3359375,3.3359375,1460.5740020051599,unknown,True,,True,,False,,15131.66845703125,False,full_lru,False,,,full_gpu,,,risk_evidence_insufficient,0.0,full precision exact profile,108.73539792373776,,,,hybrid-session-025-turn-1,3.3359375,0.0,3.3359375,0.0,,/DATACENTER3/zhenxiang.wang/work/TailGuardKV/.worktrees/baseline-smoke-final-aggregation/out/full_25session_baseline_9_14/full/policy_attempts/full40_20260916_h2o_static_safe/seed20260906,,,hybrid-session-025,chat,109.52350101433694,1,risk_evidence_insufficient
full_gpu,13.0,0.1,False,False,online_qwen,False,,/DATACENTER3/zhenxiang.wang/work/TailGuardKV/.worktrees/baseline-smoke-final-aggregation/out/full_25session_baseline_9_14/full/policy_attempts/full40_20260916_h2o_static_safe/seed20260906/config.yaml,,,,,,True,,,,0,True,full_gpu,True,,balanced_two_gpu,1,persistent,28283.844659104943,28843,32398.99224904366,,,30.0,29.75,4.703125,4.703125,4.703125,1571.0670601110905,unknown,True,,True,,False,,15168.46728515625,False,full_lru,False,,,full_gpu,,,risk_evidence_insufficient,0.0,full precision exact profile,119.45207882672548,,,,hybrid-session-026-turn-1,4.703125,0.0,4.703125,0.0,,/DATACENTER3/zhenxiang.wang/work/TailGuardKV/.worktrees/baseline-smoke-final-aggregation/out/full_25session_baseline_9_14/full/policy_attempts/full40_20260916_h2o_static_safe/seed20260906,,,hybrid-session-026,chat,120.45457703061402,1,risk_evidence_insufficient
full_gpu,13.0,0.1,True,True,online_qwen,True,,/DATACENTER3/zhenxiang.wang/work/TailGuardKV/.worktrees/baseline-smoke-final-aggregation/out/full_25session_baseline_9_14/full/policy_attempts/full40_20260916_h2o_static_safe/seed20260906/config.yaml,,,,,,True,,,,13.234375,True,full_gpu,True,,balanced_two_gpu,1,persistent,28283.844659104943,28843,32398.99224904366,,,30.0,26.3046875,9.7890625,9.7890625,9.7890625,1571.1994010489434,unknown,True,0.0,True,,False,,15316.71484375,False,full_lru,False,,,full_gpu,,,risk_evidence_insufficient,0.0,full precision exact profile,121.4195319917053,,,,hybrid-session-002-turn-2,9.7890625,0.0,9.7890625,0.0,,/DATACENTER3/zhenxiang.wang/work/TailGuardKV/.worktrees/baseline-smoke-final-aggregation/out/full_25session_baseline_9_14/full/policy_attempts/full40_20260916_h2o_static_safe/seed20260906,,,hybrid-session-002,qa,122.21771408803761,2,risk_evidence_insufficient
full_gpu,13.0,0.1,False,True,online_qwen,True,,/DATACENTER3/zhenxiang.wang/work/TailGuardKV/.worktrees/baseline-smoke-final-aggregation/out/full_25session_baseline_9_14/full/policy_attempts/full40_20260916_h2o_static_safe/seed20260906/config.yaml,,,,,,True,,,,8.4765625,True,full_gpu,True,,balanced_two_gpu,1,persistent,28283.844659104943,28843,32398.99224904366,,,30.0,26.9609375,9.1328125,9.1328125,9.1328125,1571.443909080699,unknown,True,,True,,False,,15293.03955078125,False,full_lru,False,,,full_gpu,,,risk_evidence_insufficient,0.0,full precision exact profile,119.0129469614476,,,,hybrid-session-003-turn-2,9.1328125,0.0,9.1328125,0.0,,/DATACENTER3/zhenxiang.wang/work/TailGuardKV/.worktrees/baseline-smoke-final-aggregation/out/full_25session_baseline_9_14/full/policy_attempts/full40_20260916_h2o_static_safe/seed20260906,,,hybrid-session-003,summary,119.85503602772951,2,risk_evidence_insufficient
full_gpu,13.0,0.1,False,True,online_qwen,True,,/DATACENTER3/zhenxiang.wang/work/TailGuardKV/.worktrees/baseline-smoke-final-aggregation/out/full_25session_baseline_9_14/full/policy_attempts/full40_20260916_h2o_static_safe/seed20260906/config.yaml,,,,,,True,,,,8.0390625,True,full_gpu,True,,balanced_two_gpu,1,persistent,28283.844659104943,28843,32398.99224904366,,,30.0,29.640625,10.71875,10.71875,10.71875,1586.5863231010735,unknown,True,,True,,False,,15337.34326171875,False,full_lru,False,,,full_gpu,,,risk_evidence_insufficient,0.0,full precision exact profile,126.65193807333708,,,,hybrid-session-004-turn-2,10.71875,0.0,10.71875,0.0,,/DATACENTER3/zhenxiang.wang/work/TailGuardKV/.worktrees/baseline-smoke-final-aggregation/out/full_25session_baseline_9_14/full/policy_attempts/full40_20260916_h2o_static_safe/seed20260906,,,hybrid-session-004,qa,127.6006679981947,2,risk_evidence_insufficient
full_gpu,13.0,0.1,False,True,online_qwen,True,,/DATACENTER3/zhenxiang.wang/work/TailGuardKV/.worktrees/baseline-smoke-final-aggregation/out/full_25session_baseline_9_14/full/policy_attempts/full40_20260916_h2o_static_safe/seed20260906/config.yaml,,,,,,True,,,,9.7890625,True,full_gpu,True,,balanced_two_gpu,1,persistent,28283.844659104943,28843,32398.99224904366,,,30.0,29.640625,9.7890625,9.7890625,9.7890625,1572.8133257944137,unknown,True,,True,,False,,15316.60546875,False,full_lru,False,,,full_gpu,,,risk_evidence_insufficient,0.0,full precision exact profile,128.94701794721186,,,,hybrid-session-005-turn-2,9.7890625,0.0,9.7890625,0.0,,/DATACENTER3/zhenxiang.wang/work/TailGuardKV/.worktrees/baseline-smoke-final-aggregation/out/full_25session_baseline_9_14/full/policy_attempts/full40_20260916_h2o_static_safe/seed20260906,,,hybrid-session-005,summary,129.78690396994352,2,risk_evidence_insufficient
full_gpu,13.0,0.1,False,True,online_qwen,True,,/DATACENTER3/zhenxiang.wang/work/TailGuardKV/.worktrees/baseline-smoke-final-aggregation/out/full_25session_baseline_9_14/full/policy_attempts/full40_20260916_h2o_static_safe/seed20260906/config.yaml,,,,,,True,,,,19.8515625,True,full_gpu,True,,balanced_two_gpu,1,persistent,28283.844659104943,28843,32398.99224904366,,,30.0,22.5859375,12.796875,12.796875,12.796875,1596.877383068204,unknown,True,,True,,False,,15401.626953125,False,full_lru,False,,,full_gpu,,,risk_evidence_insufficient,0.0,full precision exact profile,148.06202496401966,,,,hybrid-session-006-turn-2,12.796875,0.0,12.796875,0.0,,/DATACENTER3/zhenxiang.wang/work/TailGuardKV/.worktrees/baseline-smoke-final-aggregation/out/full_25session_baseline_9_14/full/policy_attempts/full40_20260916_h2o_static_safe/seed20260906,,,hybrid-session-006,qa,148.9180091302842,2,risk_evidence_insufficient
full_gpu,13.0,0.1,False,True,online_qwen,True,,/DATACENTER3/zhenxiang.wang/work/TailGuardKV/.worktrees/baseline-smoke-final-aggregation/out/full_25session_baseline_9_14/full/policy_attempts/full40_20260916_h2o_static_safe/seed20260906/config.yaml,,,,,,True,,,,9.7890625,True,full_gpu,True,,balanced_two_gpu,1,persistent,28283.844659104943,28843,32398.99224904366,,,30.0,21.7109375,8.9140625,8.9140625,8.9140625,1325.9158749133348,unknown,True,,True,,False,,15283.59765625,False,full_lru,False,,,full_gpu,,,risk_evidence_insufficient,0.0,full precision exact profile,115.0608800817281,,,,hybrid-session-009-turn-2,8.9140625,0.0,8.9140625,0.0,,/DATACENTER3/zhenxiang.wang/work/TailGuardKV/.worktrees/baseline-smoke-final-aggregation/out/full_25session_baseline_9_14/full/policy_attempts/full40_20260916_h2o_static_safe/seed20260906,,,hybrid-session-009,summary,115.9389279782772,2,risk_evidence_insufficient
full_gpu,13.0,0.1,False,True,online_qwen,True,,/DATACENTER3/zhenxiang.wang/work/TailGuardKV/.worktrees/baseline-smoke-final-aggregation/out/full_25session_baseline_9_14/full/policy_attempts/full40_20260916_h2o_static_safe/seed20260906/config.yaml,,,,,,True,,,,12.796875,True,full_gpu,True,,balanced_two_gpu,1,persistent,28283.844659104943,28843,32398.99224904366,,,30.0,18.7578125,9.84375,9.84375,9.84375,1578.0768899712712,unknown,True,,True,,False,,15308.73046875,False,full_lru,False,,,full_gpu,,,risk_evidence_insufficient,0.0,full precision exact profile,130.79478894360363,,,,hybrid-session-010-turn-2,9.84375,0.0,9.84375,0.0,,/DATACENTER3/zhenxiang.wang/work/TailGuardKV/.worktrees/baseline-smoke-final-aggregation/out/full_25session_baseline_9_14/full/policy_attempts/full40_20260916_h2o_static_safe/seed20260906,,,hybrid-session-010,qa,131.6374409943819,2,risk_evidence_insufficient
full_gpu,13.0,0.1,True,False,online_qwen,False,,/DATACENTER3/zhenxiang.wang/work/TailGuardKV/.worktrees/baseline-smoke-final-aggregation/out/full_25session_baseline_9_14/full/policy_attempts/full40_20260916_h2o_static_safe/seed20260906/config.yaml,,,,,,True,,,,0,True,full_gpu,True,,balanced_two_gpu,1,persistent,28283.844659104943,28843,32398.99224904366,,,30.0,28.0,9.2421875,9.2421875,9.2421875,1555.6121291592717,unknown,True,0.0,True,,False,,15289.83837890625,False,full_lru,False,,,full_gpu,,,risk_evidence_insufficient,0.0,full precision exact profile,121.69283395633101,,,,hybrid-session-013-turn-2,9.2421875,0.0,9.2421875,0.0,,/DATACENTER3/zhenxiang.wang/work/TailGuardKV/.worktrees/baseline-smoke-final-aggregation/out/full_25session_baseline_9_14/full/policy_attempts/full40_20260916_h2o_static_safe/seed20260906,,,hybrid-session-013,summary,122.49711412005126,2,risk_evidence_insufficient
full_gpu,13.0,0.1,False,True,online_qwen,True,,/DATACENTER3/zhenxiang.wang/work/TailGuardKV/.worktrees/baseline-smoke-final-aggregation/out/full_25session_baseline_9_14/full/policy_attempts/full40_20260916_h2o_static_safe/seed20260906/config.yaml,,,,,,True,,,,8.9140625,True,full_gpu,True,,balanced_two_gpu,1,persistent,28283.844659104943,28843,32398.99224904366,,,30.0,29.421875,10.3359375,10.3359375,10.3359375,1561.130931135267,unknown,True,,True,,False,,15327.84765625,False,full_lru,False,,,full_gpu,,,risk_evidence_insufficient,0.0,full precision exact profile,122.38965113647282,,,,hybrid-session-016-turn-2,10.3359375,0.0,10.3359375,0.0,,/DATACENTER3/zhenxiang.wang/work/TailGuardKV/.worktrees/baseline-smoke-final-aggregation/out/full_25session_baseline_9_14/full/policy_attempts/full40_20260916_h2o_static_safe/seed20260906,,,hybrid-session-016,qa,128.70419607497752,2,risk_evidence_insufficient
full_gpu,13.0,0.1,True,True,online_qwen,True,,/DATACENTER3/zhenxiang.wang/work/TailGuardKV/.worktrees/baseline-smoke-final-aggregation/out/full_25session_baseline_9_14/full/policy_attempts/full40_20260916_h2o_static_safe/seed20260906/config.yaml,,,,,,True,,,,9.84375,True,full_gpu,True,,balanced_two_gpu,1,persistent,28283.844659104943,28843,32398.99224904366,,,30.0,29.421875,9.84375,9.84375,9.84375,1296.5848271269351,unknown,True,0.0,True,,False,,15316.44140625,False,full_lru,False,,,full_gpu,,,risk_evidence_insufficient,0.0,full precision exact profile,122.21686099655926,,,,hybrid-session-020-turn-2,9.84375,0.0,9.84375,0.0,,/DATACENTER3/zhenxiang.wang/work/TailGuardKV/.worktrees/baseline-smoke-final-aggregation/out/full_25session_baseline_9_14/full/policy_attempts/full40_20260916_h2o_static_safe/seed20260906,,,hybrid-session-020,qa,123.07930621318519,2,risk_evidence_insufficient
full_gpu,13.0,0.1,False,True,online_qwen,True,,/DATACENTER3/zhenxiang.wang/work/TailGuardKV/.worktrees/baseline-smoke-final-aggregation/out/full_25session_baseline_9_14/full/policy_attempts/full40_20260916_h2o_static_safe/seed20260906/config.yaml,,,,,,True,,,,19.578125,True,full_gpu,True,,balanced_two_gpu,1,persistent,28283.844659104943,28843,32398.99224904366,,,30.0,20.8359375,10.9921875,10.9921875,10.9921875,1593.3417759370059,unknown,True,,True,,False,,15347.59375,False,full_lru,False,,,full_gpu,,,risk_evidence_insufficient,0.0,full precision exact profile,126.28796510398388,,,,hybrid-session-021-turn-2,10.9921875,0.0,10.9921875,0.0,,/DATACENTER3/zhenxiang.wang/work/TailGuardKV/.worktrees/baseline-smoke-final-aggregation/out/full_25session_baseline_9_14/full/policy_attempts/full40_20260916_h2o_static_safe/seed20260906,,,hybrid-session-021,summary,127.20032688230276,2,risk_evidence_insufficient
full_gpu,13.0,0.1,False,True,online_qwen,True,,/DATACENTER3/zhenxiang.wang/work/TailGuardKV/.worktrees/baseline-smoke-final-aggregation/out/full_25session_baseline_9_14/full/policy_attempts/full40_20260916_h2o_static_safe/seed20260906/config.yaml,,,,,,True,,,,9.84375,True,full_gpu,True,,balanced_two_gpu,1,persistent,28283.844659104943,28843,32398.99224904366,,,30.0,21.0,10.0078125,10.0078125,10.0078125,1562.9857659805566,unknown,True,,True,,False,,15312.74609375,False,full_lru,False,,,full_gpu,,,risk_evidence_insufficient,0.0,full precision exact profile,122.22713907249272,,,,hybrid-session-025-turn-2,10.0078125,0.0,10.0078125,0.0,,/DATACENTER3/zhenxiang.wang/work/TailGuardKV/.worktrees/baseline-smoke-final-aggregation/out/full_25session_baseline_9_14/full/policy_attempts/full40_20260916_h2o_static_safe/seed20260906,,,hybrid-session-025,summary,122.98029195517302,2,risk_evidence_insufficient
full_gpu,13.0,0.1,False,True,online_qwen,True,,/DATACENTER3/zhenxiang.wang/work/TailGuardKV/.worktrees/baseline-smoke-final-aggregation/out/full_25session_baseline_9_14/full/policy_attempts/full40_20260916_h2o_static_safe/seed20260906/config.yaml,,,,,,True,,,,10.9921875,True,full_gpu,True,,balanced_two_gpu,1,persistent,28283.844659104943,28843,32398.99224904366,,,30.0,21.546875,11.5390625,11.5390625,11.5390625,1583.2960901316255,unknown,True,,True,,False,,15354.57080078125,False,full_lru,False,,,full_gpu,,,risk_evidence_insufficient,0.0,full precision exact profile,135.38610888645053,,,,hybrid-session-026-turn-2,11.5390625,0.0,11.5390625,0.0,,/DATACENTER3/zhenxiang.wang/work/TailGuardKV/.worktrees/baseline-smoke-final-aggregation/out/full_25session_baseline_9_14/full/policy_attempts/full40_20260916_h2o_static_safe/seed20260906,,,hybrid-session-026,qa,136.17636892013252,2,risk_evidence_insufficient
full_gpu,13.0,0.1,False,True,online_qwen,True,,/DATACENTER3/zhenxiang.wang/work/TailGuardKV/.worktrees/baseline-smoke-final-aggregation/out/full_25session_baseline_9_14/full/policy_attempts/full40_20260916_h2o_static_safe/seed20260906/config.yaml,,,,,,True,,,,10.0078125,True,full_gpu,True,,balanced_two_gpu,1,persistent,28283.844659104943,28843,32398.99224904366,,,30.0,23.4609375,11.921875,11.921875,11.921875,1242.7605129778385,unknown,True,,True,,False,,15365.5322265625,False,full_lru,False,,,full_gpu,,,risk_evidence_insufficient,0.0,full precision exact profile,134.02859796769917,,,,hybrid-session-002-turn-3,11.921875,0.0,11.921875,0.0,,/DATACENTER3/zhenxiang.wang/work/TailGuardKV/.worktrees/baseline-smoke-final-aggregation/out/full_25session_baseline_9_14/full/policy_attempts/full40_20260916_h2o_static_safe/seed20260906,,,hybrid-session-002,qa,134.7035130020231,3,risk_evidence_insufficient
full_gpu,13.0,0.1,False,True,online_qwen,True,,/DATACENTER3/zhenxiang.wang/work/TailGuardKV/.worktrees/baseline-smoke-final-aggregation/out/full_25session_baseline_9_14/full/policy_attempts/full40_20260916_h2o_static_safe/seed20260906/config.yaml,,,,,,True,,,,11.5390625,True,full_gpu,True,,balanced_two_gpu,1,persistent,28283.844659104943,28843,32398.99224904366,,,30.0,23.1328125,11.2109375,11.2109375,11.2109375,1573.7195240799338,unknown,True,,True,,False,,15348.28173828125,False,full_lru,False,,,full_gpu,,,risk_evidence_insufficient,0.0,full precision exact profile,132.91325513273478,,,,hybrid-session-003-turn-3,11.2109375,0.0,11.2109375,0.0,,/DATACENTER3/zhenxiang.wang/work/TailGuardKV/.worktrees/baseline-smoke-final-aggregation/out/full_25session_baseline_9_14/full/policy_attempts/full40_20260916_h2o_static_safe/seed20260906,,,hybrid-session-003,summary,133.65678093396127,3,risk_evidence_insufficient
full_gpu,13.0,0.1,False,True,online_qwen,True,,/DATACENTER3/zhenxiang.wang/work/TailGuardKV/.worktrees/baseline-smoke-final-aggregation/out/full_25session_baseline_9_14/full/policy_attempts/full40_20260916_h2o_static_safe/seed20260906/config.yaml,,,,,,True,,,,11.921875,True,full_gpu,True,,balanced_two_gpu,1,persistent,28283.844659104943,28843,32398.99224904366,,,30.0,24.0625,12.8515625,12.8515625,12.8515625,1588.355981046334,unknown,True,,True,,False,,15396.173828125,False,full_lru,False,,,full_gpu,,,risk_evidence_insufficient,0.0,full precision exact profile,146.55800606124103,,,,hybrid-session-004-turn-3,12.8515625,0.0,12.8515625,0.0,,/DATACENTER3/zhenxiang.wang/work/TailGuardKV/.worktrees/baseline-smoke-final-aggregation/out/full_25session_baseline_9_14/full/policy_attempts/full40_20260916_h2o_static_safe/seed20260906,,,hybrid-session-004,qa,147.34305115416646,3,risk_evidence_insufficient
full_gpu,13.0,0.1,False,True,online_qwen,True,,/DATACENTER3/zhenxiang.wang/work/TailGuardKV/.worktrees/baseline-smoke-final-aggregation/out/full_25session_baseline_9_14/full/policy_attempts/full40_20260916_h2o_static_safe/seed20260906/config.yaml,,,,,,True,,,,11.2109375,True,full_gpu,True,,balanced_two_gpu,1,persistent,28283.844659104943,28843,32398.99224904366,,,30.0,24.5,11.6484375,11.6484375,11.6484375,1575.8796560112387,unknown,True,,True,,False,,15360.60595703125,False,full_lru,False,,,full_gpu,,,risk_evidence_insufficient,0.0,full precision exact profile,129.15826495736837,,,,hybrid-session-005-turn-3,11.6484375,0.0,11.6484375,0.0,,/DATACENTER3/zhenxiang.wang/work/TailGuardKV/.worktrees/baseline-smoke-final-aggregation/out/full_25session_baseline_9_14/full/policy_attempts/full40_20260916_h2o_static_safe/seed20260906,,,hybrid-session-005,summary,130.0606180448085,3,risk_evidence_insufficient
full_gpu,13.0,0.1,False,True,online_qwen,True,,/DATACENTER3/zhenxiang.wang/work/TailGuardKV/.worktrees/baseline-smoke-final-aggregation/out/full_25session_baseline_9_14/full/policy_attempts/full40_20260916_h2o_static_safe/seed20260906/config.yaml,,,,,,True,,,,12.8515625,True,full_gpu,True,,balanced_two_gpu,1,persistent,28283.844659104943,28843,32398.99224904366,,,30.0,26.578125,14.9296875,14.9296875,14.9296875,1650.401092832908,unknown,True,,True,,False,,15454.45947265625,False,full_lru,False,,,full_gpu,,,risk_evidence_insufficient,0.0,full precision exact profile,192.72116501815617,,,,hybrid-session-006-turn-3,14.9296875,0.0,14.9296875,0.0,,/DATACENTER3/zhenxiang.wang/work/TailGuardKV/.worktrees/baseline-smoke-final-aggregation/out/full_25session_baseline_9_14/full/policy_attempts/full40_20260916_h2o_static_safe/seed20260906,,,hybrid-session-006,qa,193.59687389805913,3,risk_evidence_insufficient
full_gpu,13.0,0.1,False,True,online_qwen,True,,/DATACENTER3/zhenxiang.wang/work/TailGuardKV/.worktrees/baseline-smoke-final-aggregation/out/full_25session_baseline_9_14/full/policy_attempts/full40_20260916_h2o_static_safe/seed20260906/config.yaml,,,,,,True,,,,11.6484375,True,full_gpu,True,,balanced_two_gpu,1,persistent,28283.844659104943,28843,32398.99224904366,,,30.0,25.8671875,10.9375,10.9375,10.9375,1570.169328013435,unknown,True,,True,,False,,15344.6953125,False,full_lru,False,,,full_gpu,,,risk_evidence_insufficient,0.0,full precision exact profile,125.67494297400117,,,,hybrid-session-009-turn-3,10.9375,0.0,10.9375,0.0,,/DATACENTER3/zhenxiang.wang/work/TailGuardKV/.worktrees/baseline-smoke-final-aggregation/out/full_25session_baseline_9_14/full/policy_attempts/full40_20260916_h2o_static_safe/seed20260906,,,hybrid-session-009,summary,126.49106490425766,3,risk_evidence_insufficient
full_gpu,13.0,0.1,False,True,online_qwen,True,,/DATACENTER3/zhenxiang.wang/work/TailGuardKV/.worktrees/baseline-smoke-final-aggregation/out/full_25session_baseline_9_14/full/policy_attempts/full40_20260916_h2o_static_safe/seed20260906/config.yaml,,,,,,True,,,,14.9296875,True,full_gpu,True,,balanced_two_gpu,1,persistent,28283.844659104943,28843,32398.99224904366,,,30.0,22.9140625,11.9765625,11.9765625,11.9765625,1587.133858120069,unknown,True,,True,,False,,15371.701171875,False,full_lru,False,,,full_gpu,,,risk_evidence_insufficient,0.0,full precision exact profile,138.1778339855373,,,,hybrid-session-010-turn-3,11.9765625,0.0,11.9765625,0.0,,/DATACENTER3/zhenxiang.wang/work/TailGuardKV/.worktrees/baseline-smoke-final-aggregation/out/full_25session_baseline_9_14/full/policy_attempts/full40_20260916_h2o_static_safe/seed20260906,,,hybrid-session-010,qa,139.03505611233413,3,risk_evidence_insufficient
full_gpu,13.0,0.1,False,True,online_qwen,True,,/DATACENTER3/zhenxiang.wang/work/TailGuardKV/.worktrees/baseline-smoke-final-aggregation/out/full_25session_baseline_9_14/full/policy_attempts/full40_20260916_h2o_static_safe/seed20260906/config.yaml,,,,,,True,,,,10.9375,True,full_gpu,True,,balanced_two_gpu,1,persistent,28283.844659104943,28843,32398.99224904366,,,30.0,23.296875,11.3203125,11.3203125,11.3203125,1571.4227790012956,unknown,True,,True,,False,,15351.4169921875,False,full_lru,False,,,full_gpu,,,risk_evidence_insufficient,0.0,full precision exact profile,124.26286702975631,,,,hybrid-session-013-turn-3,11.3203125,0.0,11.3203125,0.0,,/DATACENTER3/zhenxiang.wang/work/TailGuardKV/.worktrees/baseline-smoke-final-aggregation/out/full_25session_baseline_9_14/full/policy_attempts/full40_20260916_h2o_static_safe/seed20260906,,,hybrid-session-013,summary,125.11420296505094,3,risk_evidence_insufficient
full_gpu,13.0,0.1,False,True,online_qwen,True,,/DATACENTER3/zhenxiang.wang/work/TailGuardKV/.worktrees/baseline-smoke-final-aggregation/out/full_25session_baseline_9_14/full/policy_attempts/full40_20260916_h2o_static_safe/seed20260906/config.yaml,,,,,,True,,,,11.9765625,True,full_gpu,True,,balanced_two_gpu,1,persistent,28283.844659104943,28843,32398.99224904366,,,30.0,23.84375,12.5234375,12.5234375,12.5234375,1580.4236722178757,unknown,True,,True,,False,,15383.35009765625,False,full_lru,False,,,full_gpu,,,risk_evidence_insufficient,0.0,full precision exact profile,146.31478185765445,,,,hybrid-session-016-turn-3,12.5234375,0.0,12.5234375,0.0,,/DATACENTER3/zhenxiang.wang/work/TailGuardKV/.worktrees/baseline-smoke-final-aggregation/out/full_25session_baseline_9_14/full/policy_attempts/full40_20260916_h2o_static_safe/seed20260906,,,hybrid-session-016,qa,147.1108221448958,3,risk_evidence_insufficient
full_gpu,13.0,0.1,False,True,online_qwen,True,,/DATACENTER3/zhenxiang.wang/work/TailGuardKV/.worktrees/baseline-smoke-final-aggregation/out/full_25session_baseline_9_14/full/policy_attempts/full40_20260916_h2o_static_safe/seed20260906/config.yaml,,,,,,True,,,,11.3203125,True,full_gpu,True,,balanced_two_gpu,1,persistent,28283.844659104943,28843,32398.99224904366,,,30.0,24.5546875,12.03125,12.03125,12.03125,1574.6638108976185,unknown,True,,True,,False,,15370.89306640625,False,full_lru,False,,,full_gpu,,,risk_evidence_insufficient,0.0,full precision exact profile,136.82655012235045,,,,hybrid-session-020-turn-3,12.03125,0.0,12.03125,0.0,,/DATACENTER3/zhenxiang.wang/work/TailGuardKV/.worktrees/baseline-smoke-final-aggregation/out/full_25session_baseline_9_14/full/policy_attempts/full40_20260916_h2o_static_safe/seed20260906,,,hybrid-session-020,qa,137.6331988722086,3,risk_evidence_insufficient
full_gpu,13.0,0.1,False,True,online_qwen,True,,/DATACENTER3/zhenxiang.wang/work/TailGuardKV/.worktrees/baseline-smoke-final-aggregation/out/full_25session_baseline_9_14/full/policy_attempts/full40_20260916_h2o_static_safe/seed20260906/config.yaml,,,,,,True,,,,12.5234375,True,full_gpu,True,,balanced_two_gpu,1,persistent,28283.844659104943,28843,32398.99224904366,,,30.0,25.2109375,13.1796875,13.1796875,13.1796875,1594.2435010802,unknown,True,,True,,False,,15407.92431640625,False,full_lru,False,,,full_gpu,,,risk_evidence_insufficient,0.0,full precision exact profile,145.48478298820555,,,,hybrid-session-021-turn-3,13.1796875,0.0,13.1796875,0.0,,/DATACENTER3/zhenxiang.wang/work/TailGuardKV/.worktrees/baseline-smoke-final-aggregation/out/full_25session_baseline_9_14/full/policy_attempts/full40_20260916_h2o_static_safe/seed20260906,,,hybrid-session-021,summary,146.35339309461415,3,risk_evidence_insufficient
full_gpu,13.0,0.1,False,True,online_qwen,True,,/DATACENTER3/zhenxiang.wang/work/TailGuardKV/.worktrees/baseline-smoke-final-aggregation/out/full_25session_baseline_9_14/full/policy_attempts/full40_20260916_h2o_static_safe/seed20260906/config.yaml,,,,,,True,,,,12.03125,True,full_gpu,True,,balanced_two_gpu,1,persistent,28283.844659104943,28843,32398.99224904366,,,30.0,25.703125,12.5234375,12.5234375,12.5234375,1577.017662115395,unknown,True,,True,,False,,15385.26416015625,False,full_lru,False,,,full_gpu,,,risk_evidence_insufficient,0.0,full precision exact profile,145.49347409047186,,,,hybrid-session-025-turn-3,12.5234375,0.0,12.5234375,0.0,,/DATACENTER3/zhenxiang.wang/work/TailGuardKV/.worktrees/baseline-smoke-final-aggregation/out/full_25session_baseline_9_14/full/policy_attempts/full40_20260916_h2o_static_safe/seed20260906,,,hybrid-session-025,summary,146.3743110653013,3,risk_evidence_insufficient
full_gpu,13.0,0.1,False,True,online_qwen,True,,/DATACENTER3/zhenxiang.wang/work/TailGuardKV/.worktrees/baseline-smoke-final-aggregation/out/full_25session_baseline_9_14/full/policy_attempts/full40_20260916_h2o_static_safe/seed20260906/config.yaml,,,,,,True,,,,13.1796875,True,full_gpu,True,,balanced_two_gpu,1,persistent,28283.844659104943,28843,32398.99224904366,,,30.0,26.6328125,14.109375,14.109375,14.109375,1345.0078158639371,unknown,True,,True,,False,,15432.40380859375,False,full_lru,False,,,full_gpu,,,risk_evidence_insufficient,0.0,full precision exact profile,151.73429693095386,,,,hybrid-session-026-turn-3,14.109375,0.0,14.109375,0.0,,/DATACENTER3/zhenxiang.wang/work/TailGuardKV/.worktrees/baseline-smoke-final-aggregation/out/full_25session_baseline_9_14/full/policy_attempts/full40_20260916_h2o_static_safe/seed20260906,,,hybrid-session-026,qa,152.5454418733716,3,risk_evidence_insufficient
full_gpu,13.0,0.1,False,True,online_qwen,True,,/DATACENTER3/zhenxiang.wang/work/TailGuardKV/.worktrees/baseline-smoke-final-aggregation/out/full_25session_baseline_9_14/full/policy_attempts/full40_20260916_h2o_static_safe/seed20260906/config.yaml,,,,,,True,,,,12.5234375,True,full_gpu,True,,balanced_two_gpu,1,persistent,28283.844659104943,28843,32398.99224904366,,,30.0,27.890625,13.78125,13.78125,13.78125,1577.7861441019922,unknown,True,,True,,False,,15425.3466796875,False,full_lru,False,,,full_gpu,,,risk_evidence_insufficient,0.0,full precision exact profile,141.46294188685715,,,,hybrid-session-002-turn-4,13.78125,0.0,13.78125,0.0,,/DATACENTER3/zhenxiang.wang/work/TailGuardKV/.worktrees/baseline-smoke-final-aggregation/out/full_25session_baseline_9_14/full/policy_attempts/full40_20260916_h2o_static_safe/seed20260906,,,hybrid-session-002,qa,142.30395201593637,4,risk_evidence_insufficient
full_gpu,13.0,0.1,False,True,online_qwen,True,,/DATACENTER3/zhenxiang.wang/work/TailGuardKV/.worktrees/baseline-smoke-final-aggregation/out/full_25session_baseline_9_14/full/policy_attempts/full40_20260916_h2o_static_safe/seed20260906/config.yaml,,,,,,True,,,,14.109375,True,full_gpu,True,,balanced_two_gpu,1,persistent,28283.844659104943,28843,32398.99224904366,,,30.0,26.7421875,12.9609375,12.9609375,12.9609375,1598.3244099188596,unknown,True,,True,,False,,15402.984375,False,full_lru,False,,,full_gpu,,,risk_evidence_insufficient,0.0,full precision exact profile,147.7164630778134,,,,hybrid-session-003-turn-4,12.9609375,0.0,12.9609375,0.0,,/DATACENTER3/zhenxiang.wang/work/TailGuardKV/.worktrees/baseline-smoke-final-aggregation/out/full_25session_baseline_9_14/full/policy_attempts/full40_20260916_h2o_static_safe/seed20260906,,,hybrid-session-003,summary,148.55592604726553,4,risk_evidence_insufficient
full_gpu,13.0,0.1,False,True,online_qwen,True,,/DATACENTER3/zhenxiang.wang/work/TailGuardKV/.worktrees/baseline-smoke-final-aggregation/out/full_25session_baseline_9_14/full/policy_attempts/full40_20260916_h2o_static_safe/seed20260906/config.yaml,,,,,,True,,,,13.78125,True,full_gpu,True,,balanced_two_gpu,1,persistent,28283.844659104943,28843,32398.99224904366,,,30.0,27.5078125,14.546875,14.546875,14.546875,1591.550286859274,unknown,True,,True,,False,,15446.28466796875,False,full_lru,False,,,full_gpu,,,risk_evidence_insufficient,0.0,full precision exact profile,154.67044594697654,,,,hybrid-session-004-turn-4,14.546875,0.0,14.546875,0.0,,/DATACENTER3/zhenxiang.wang/work/TailGuardKV/.worktrees/baseline-smoke-final-aggregation/out/full_25session_baseline_9_14/full/policy_attempts/full40_20260916_h2o_static_safe/seed20260906,,,hybrid-session-004,qa,155.74725181795657,4,risk_evidence_insufficient
full_gpu,13.0,0.1,False,True,online_qwen,True,,/DATACENTER3/zhenxiang.wang/work/TailGuardKV/.worktrees/baseline-smoke-final-aggregation/out/full_25session_baseline_9_14/full/policy_attempts/full40_20260916_h2o_static_safe/seed20260906/config.yaml,,,,,,True,,,,12.9609375,True,full_gpu,True,,balanced_two_gpu,1,persistent,28283.844659104943,28843,32398.99224904366,,,30.0,27.8359375,13.2890625,13.2890625,13.2890625,1586.9419421069324,unknown,True,,True,,False,,15410.875,False,full_lru,False,,,full_gpu,,,risk_evidence_insufficient,0.0,full precision exact profile,139.8831349797547,,,,hybrid-session-005-turn-4,13.2890625,0.0,13.2890625,0.0,,/DATACENTER3/zhenxiang.wang/work/TailGuardKV/.worktrees/baseline-smoke-final-aggregation/out/full_25session_baseline_9_14/full/policy_attempts/full40_20260916_h2o_static_safe/seed20260906,,,hybrid-session-005,summary,140.85288811475039,4,risk_evidence_insufficient
full_gpu,13.0,0.1,False,True,online_qwen,True,,/DATACENTER3/zhenxiang.wang/work/TailGuardKV/.worktrees/baseline-smoke-final-aggregation/out/full_25session_baseline_9_14/full/policy_attempts/full40_20260916_h2o_static_safe/seed20260906/config.yaml,,,,,,True,,,,14.546875,True,full_gpu,True,,balanced_two_gpu,1,persistent,28283.844659104943,28843,32398.99224904366,,,30.0,29.9140625,16.625,16.625,16.625,1660.8536140993237,unknown,True,,True,,False,,15504.6669921875,False,full_lru,False,,,full_gpu,,,risk_evidence_insufficient,0.0,full precision exact profile,200.8609010372311,,,,hybrid-session-006-turn-4,16.625,0.0,16.625,0.0,,/DATACENTER3/zhenxiang.wang/work/TailGuardKV/.worktrees/baseline-smoke-final-aggregation/out/full_25session_baseline_9_14/full/policy_attempts/full40_20260916_h2o_static_safe/seed20260906,,,hybrid-session-006,qa,201.6490730457008,4,risk_evidence_insufficient
full_gpu,13.0,0.1,True,True,online_qwen,True,,/DATACENTER3/zhenxiang.wang/work/TailGuardKV/.worktrees/baseline-smoke-final-aggregation/out/full_25session_baseline_9_14/full/policy_attempts/full40_20260916_h2o_static_safe/seed20260906/config.yaml,,,,,,True,,,,13.2890625,True,full_gpu,True,,balanced_two_gpu,1,persistent,28283.844659104943,28843,32398.99224904366,,,30.0,29.421875,12.796875,12.796875,12.796875,1590.4720788821578,unknown,True,0.0,True,,False,,15401.900390625,False,full_lru,False,,,full_gpu,,,risk_evidence_insufficient,0.0,full precision exact profile,146.27552311867476,,,,hybrid-session-009-turn-4,12.796875,0.0,12.796875,0.0,,/DATACENTER3/zhenxiang.wang/work/TailGuardKV/.worktrees/baseline-smoke-final-aggregation/out/full_25session_baseline_9_14/full/policy_attempts/full40_20260916_h2o_static_safe/seed20260906,,,hybrid-session-009,summary,147.07798208110034,4,risk_evidence_insufficient
full_gpu,13.0,0.1,False,True,online_qwen,True,,/DATACENTER3/zhenxiang.wang/work/TailGuardKV/.worktrees/baseline-smoke-final-aggregation/out/full_25session_baseline_9_14/full/policy_attempts/full40_20260916_h2o_static_safe/seed20260906/config.yaml,,,,,,True,,,,16.625,True,full_gpu,True,,balanced_two_gpu,1,persistent,28283.844659104943,28843,32398.99224904366,,,30.0,26.8515625,14.0546875,14.0546875,14.0546875,1601.0456238873303,unknown,True,,True,,False,,15434.61767578125,False,full_lru,False,,,full_gpu,,,risk_evidence_insufficient,0.0,full precision exact profile,149.45786003954709,,,,hybrid-session-010-turn-4,14.0546875,0.0,14.0546875,0.0,,/DATACENTER3/zhenxiang.wang/work/TailGuardKV/.worktrees/baseline-smoke-final-aggregation/out/full_25session_baseline_9_14/full/policy_attempts/full40_20260916_h2o_static_safe/seed20260906,,,hybrid-session-010,qa,150.2471398562193,4,risk_evidence_insufficient
full_gpu,13.0,0.1,True,True,online_qwen,True,,/DATACENTER3/zhenxiang.wang/work/TailGuardKV/.worktrees/baseline-smoke-final-aggregation/out/full_25session_baseline_9_14/full/policy_attempts/full40_20260916_h2o_static_safe/seed20260906/config.yaml,,,,,,True,,,,12.796875,True,full_gpu,True,,balanced_two_gpu,1,persistent,28283.844659104943,28843,32398.99224904366,,,30.0,27.2890625,13.234375,13.234375,13.234375,1585.0186659954488,unknown,True,0.0,True,,False,,15410.27587890625,False,full_lru,False,,,full_gpu,,,risk_evidence_insufficient,0.0,full precision exact profile,148.97746383212507,,,,hybrid-session-013-turn-4,13.234375,0.0,13.234375,0.0,,/DATACENTER3/zhenxiang.wang/work/TailGuardKV/.worktrees/baseline-smoke-final-aggregation/out/full_25session_baseline_9_14/full/policy_attempts/full40_20260916_h2o_static_safe/seed20260906,,,hybrid-session-013,summary,149.8163640499115,4,risk_evidence_insufficient
full_gpu,13.0,0.1,False,True,online_qwen,True,,/DATACENTER3/zhenxiang.wang/work/TailGuardKV/.worktrees/baseline-smoke-final-aggregation/out/full_25session_baseline_9_14/full/policy_attempts/full40_20260916_h2o_static_safe/seed20260906/config.yaml,,,,,,True,,,,14.0546875,True,full_gpu,True,,balanced_two_gpu,1,persistent,28283.844659104943,28843,32398.99224904366,,,30.0,27.8359375,14.6015625,14.6015625,14.6015625,1588.5921069420874,unknown,True,,True,,False,,15447.76611328125,False,full_lru,False,,,full_gpu,,,risk_evidence_insufficient,0.0,full precision exact profile,151.8121489789337,,,,hybrid-session-016-turn-4,14.6015625,0.0,14.6015625,0.0,,/DATACENTER3/zhenxiang.wang/work/TailGuardKV/.worktrees/baseline-smoke-final-aggregation/out/full_25session_baseline_9_14/full/policy_attempts/full40_20260916_h2o_static_safe/seed20260906,,,hybrid-session-016,qa,152.6214110199362,4,risk_evidence_insufficient
full_gpu,13.0,0.1,False,True,online_qwen,True,,/DATACENTER3/zhenxiang.wang/work/TailGuardKV/.worktrees/baseline-smoke-final-aggregation/out/full_25session_baseline_9_14/full/policy_attempts/full40_20260916_h2o_static_safe/seed20260906/config.yaml,,,,,,True,,,,13.234375,True,full_gpu,True,,balanced_two_gpu,1,persistent,28283.844659104943,28843,32398.99224904366,,,30.0,28.546875,13.9453125,13.9453125,13.9453125,1514.7376600652933,unknown,True,,True,,False,,15431.974609375,False,full_lru,False,,,full_gpu,,,risk_evidence_insufficient,0.0,full precision exact profile,150.91690584085882,,,,hybrid-session-020-turn-4,13.9453125,0.0,13.9453125,0.0,,/DATACENTER3/zhenxiang.wang/work/TailGuardKV/.worktrees/baseline-smoke-final-aggregation/out/full_25session_baseline_9_14/full/policy_attempts/full40_20260916_h2o_static_safe/seed20260906,,,hybrid-session-020,qa,151.70342894271016,4,risk_evidence_insufficient
full_gpu,13.0,0.1,False,True,online_qwen,True,,/DATACENTER3/zhenxiang.wang/work/TailGuardKV/.worktrees/baseline-smoke-final-aggregation/out/full_25session_baseline_9_14/full/policy_attempts/full40_20260916_h2o_static_safe/seed20260906/config.yaml,,,,,,True,,,,14.6015625,True,full_gpu,True,,balanced_two_gpu,1,persistent,28283.844659104943,28843,32398.99224904366,,,30.0,29.0390625,15.09375,15.09375,15.09375,1604.0967470034957,unknown,True,,True,,False,,15463.8408203125,False,full_lru,False,,,full_gpu,,,risk_evidence_insufficient,0.0,full precision exact profile,188.28918295912445,,,,hybrid-session-021-turn-4,15.09375,0.0,15.09375,0.0,,/DATACENTER3/zhenxiang.wang/work/TailGuardKV/.worktrees/baseline-smoke-final-aggregation/out/full_25session_baseline_9_14/full/policy_attempts/full40_20260916_h2o_static_safe/seed20260906,,,hybrid-session-021,summary,189.03620494529605,4,risk_evidence_insufficient
full_gpu,13.0,0.1,False,True,online_qwen,True,,/DATACENTER3/zhenxiang.wang/work/TailGuardKV/.worktrees/baseline-smoke-final-aggregation/out/full_25session_baseline_9_14/full/policy_attempts/full40_20260916_h2o_static_safe/seed20260906/config.yaml,,,,,,True,,,,13.9453125,True,full_gpu,True,,balanced_two_gpu,1,persistent,28283.844659104943,28843,32398.99224904366,,,30.0,29.9140625,14.8203125,14.8203125,14.8203125,1583.7037761230022,unknown,True,,True,,False,,15455.30810546875,False,full_lru,False,,,full_gpu,,,risk_evidence_insufficient,0.0,full precision exact profile,141.85182517394423,,,,hybrid-session-025-turn-4,14.8203125,0.0,14.8203125,0.0,,/DATACENTER3/zhenxiang.wang/work/TailGuardKV/.worktrees/baseline-smoke-final-aggregation/out/full_25session_baseline_9_14/full/policy_attempts/full40_20260916_h2o_static_safe/seed20260906,,,hybrid-session-025,summary,142.82406610436738,4,risk_evidence_insufficient
full_gpu,13.0,0.1,False,True,online_qwen,True,,/DATACENTER3/zhenxiang.wang/work/TailGuardKV/.worktrees/baseline-smoke-final-aggregation/out/full_25session_baseline_9_14/full/policy_attempts/full40_20260916_h2o_static_safe/seed20260906/config.yaml,,,,,,True,,,,29.9140625,True,full_gpu,True,,balanced_two_gpu,1,persistent,28283.844659104943,28843,32398.99224904366,,,30.0,16.0234375,16.0234375,16.0234375,16.0234375,1524.9600999522954,unknown,True,,True,,False,,15490.7724609375,False,full_lru,False,,,full_gpu,,,risk_evidence_insufficient,0.0,full precision exact profile,197.46880419552326,,,,hybrid-session-026-turn-4,16.0234375,0.0,16.0234375,0.0,,/DATACENTER3/zhenxiang.wang/work/TailGuardKV/.worktrees/baseline-smoke-final-aggregation/out/full_25session_baseline_9_14/full/policy_attempts/full40_20260916_h2o_static_safe/seed20260906,,,hybrid-session-026,qa,198.37892497889698,4,risk_evidence_insufficient
kivi_4bit_residual64,1.0,0.1,False,False,online_qwen,False,,/DATACENTER3/zhenxiang.wang/work/TailGuardKV/.worktrees/baseline-smoke-final-aggregation/out/full_25session_baseline_9_14/full/policy_attempts/full40_20260916_h2o_static_safe/seed20260906/config.yaml,,,,,0.05,True,,0.05,,0,False,kivi_4bit_residual64,True,,balanced_two_gpu,1,persistent,27220.664832973853,30895,29256.47009513341,,,30.0,2.078125,2.078125,2.078125,2.078125,5389.100729953498,unknown,True,,True,,False,,15070.54150390625,True,static_best,False,0.0,0.0,kivi_4bit_residual64,0.0,,risk_evidence_insufficient,0.0,static_best,0.0,,,,hybrid-session-002-turn-0,2.078125,0.0,2.078125,0.0,0.0,/DATACENTER3/zhenxiang.wang/work/TailGuardKV/.worktrees/baseline-smoke-final-aggregation/out/full_25session_baseline_9_14/full/policy_attempts/full40_20260916_h2o_static_safe/seed20260906,True,calibrated safe,hybrid-session-002,chat,3949.212522013113,0,risk_evidence_insufficient
kivi_4bit_residual64,2.0,0.1,False,False,online_qwen,False,,/DATACENTER3/zhenxiang.wang/work/TailGuardKV/.worktrees/baseline-smoke-final-aggregation/out/full_25session_baseline_9_14/full/policy_attempts/full40_20260916_h2o_static_safe/seed20260906/config.yaml,,,,,0.05,True,,0.05,,0,False,kivi_4bit_residual64,True,,balanced_two_gpu,1,persistent,27220.664832973853,30895,29256.47009513341,,,30.0,3.5546875,1.4765625,1.4765625,1.4765625,1650.6245040800422,unknown,True,,True,,False,,15055.19384765625,True,static_best,False,0.0,0.0,kivi_4bit_residual64,0.0,,risk_evidence_insufficient,0.0,static_best,0.0,,,,hybrid-session-003-turn-0,1.4765625,0.0,1.4765625,0.0,0.0,/DATACENTER3/zhenxiang.wang/work/TailGuardKV/.worktrees/baseline-smoke-final-aggregation/out/full_25session_baseline_9_14/full/policy_attempts/full40_20260916_h2o_static_safe/seed20260906,True,calibrated safe,hybrid-session-003,chat,109.4467849470675,0,risk_evidence_insufficient
kivi_4bit_residual64,3.0,0.1,False,False,online_qwen,False,,/DATACENTER3/zhenxiang.wang/work/TailGuardKV/.worktrees/baseline-smoke-final-aggregation/out/full_25session_baseline_9_14/full/policy_attempts/full40_20260916_h2o_static_safe/seed20260906/config.yaml,,,,,0.05,True,,0.05,,0,False,kivi_4bit_residual64,True,,balanced_two_gpu,1,persistent,27220.664832973853,30895,29256.47009513341,,,30.0,5.3046875,1.75,1.75,1.75,1339.7952341474593,unknown,True,,True,,False,,15063.70947265625,True,static_best,False,0.0,0.0,kivi_4bit_residual64,0.0,,risk_evidence_insufficient,0.0,static_best,0.0,,,,hybrid-session-004-turn-0,1.75,0.0,1.75,0.0,0.0,/DATACENTER3/zhenxiang.wang/work/TailGuardKV/.worktrees/baseline-smoke-final-aggregation/out/full_25session_baseline_9_14/full/policy_attempts/full40_20260916_h2o_static_safe/seed20260906,True,calibrated safe,hybrid-session-004,chat,112.62957798317075,0,risk_evidence_insufficient
kivi_4bit_residual64,4.0,0.1,False,False,online_qwen,False,,/DATACENTER3/zhenxiang.wang/work/TailGuardKV/.worktrees/baseline-smoke-final-aggregation/out/full_25session_baseline_9_14/full/policy_attempts/full40_20260916_h2o_static_safe/seed20260906/config.yaml,,,,,0.05,True,,0.05,,0,False,kivi_4bit_residual64,True,,balanced_two_gpu,1,persistent,27220.664832973853,30895,29256.47009513341,,,30.0,7.21875,1.9140625,1.9140625,1.9140625,1692.9966919124126,unknown,True,,True,,False,,15070.26806640625,True,static_best,False,0.0,0.0,kivi_4bit_residual64,0.0,,risk_evidence_insufficient,0.0,static_best,0.0,,,,hybrid-session-005-turn-0,1.9140625,0.0,1.9140625,0.0,0.0,/DATACENTER3/zhenxiang.wang/work/TailGuardKV/.worktrees/baseline-smoke-final-aggregation/out/full_25session_baseline_9_14/full/policy_attempts/full40_20260916_h2o_static_safe/seed20260906,True,calibrated safe,hybrid-session-005,chat,114.17573783546686,0,risk_evidence_insufficient
kivi_4bit_residual64,5.0,0.1,False,False,online_qwen,False,,/DATACENTER3/zhenxiang.wang/work/TailGuardKV/.worktrees/baseline-smoke-final-aggregation/out/full_25session_baseline_9_14/full/policy_attempts/full40_20260916_h2o_static_safe/seed20260906/config.yaml,,,,,0.05,True,,0.05,,0,False,kivi_4bit_residual64,True,,balanced_two_gpu,1,persistent,27220.664832973853,30895,29256.47009513341,,,30.0,9.84375,2.625,2.625,2.625,1703.5808970686048,unknown,True,,True,,False,,15093.27587890625,True,static_best,False,0.0,0.0,kivi_4bit_residual64,0.0,,risk_evidence_insufficient,0.0,static_best,0.0,,,,hybrid-session-006-turn-0,2.625,0.0,2.625,0.0,0.0,/DATACENTER3/zhenxiang.wang/work/TailGuardKV/.worktrees/baseline-smoke-final-aggregation/out/full_25session_baseline_9_14/full/policy_attempts/full40_20260916_h2o_static_safe/seed20260906,True,calibrated safe,hybrid-session-006,chat,123.09541017748415,0,risk_evidence_insufficient
kivi_4bit_residual64,6.0,0.1,False,False,online_qwen,False,,/DATACENTER3/zhenxiang.wang/work/TailGuardKV/.worktrees/baseline-smoke-final-aggregation/out/full_25session_baseline_9_14/full/policy_attempts/full40_20260916_h2o_static_safe/seed20260906/config.yaml,,,,,0.05,True,,0.05,,0,False,kivi_4bit_residual64,True,,balanced_two_gpu,1,persistent,27220.664832973853,30895,29256.47009513341,,,30.0,11.5390625,1.6953125,1.6953125,1.6953125,1643.4582059737295,unknown,True,,True,,False,,15068.48681640625,True,static_best,False,0.0,0.0,kivi_4bit_residual64,0.0,,risk_evidence_insufficient,0.0,static_best,0.0,,,,hybrid-session-009-turn-0,1.6953125,0.0,1.6953125,0.0,0.0,/DATACENTER3/zhenxiang.wang/work/TailGuardKV/.worktrees/baseline-smoke-final-aggregation/out/full_25session_baseline_9_14/full/policy_attempts/full40_20260916_h2o_static_safe/seed20260906,True,calibrated safe,hybrid-session-009,chat,106.33670212700963,0,risk_evidence_insufficient
kivi_4bit_residual64,7.0,0.1,False,False,online_qwen,False,,/DATACENTER3/zhenxiang.wang/work/TailGuardKV/.worktrees/baseline-smoke-final-aggregation/out/full_25session_baseline_9_14/full/policy_attempts/full40_20260916_h2o_static_safe/seed20260906/config.yaml,,,,,0.05,True,,0.05,,0,False,kivi_4bit_residual64,True,,balanced_two_gpu,1,persistent,27220.664832973853,30895,29256.47009513341,,,30.0,13.0703125,1.53125,1.53125,1.53125,1648.6980118788779,unknown,True,,True,,False,,15065.87646484375,True,static_best,False,0.0,0.0,kivi_4bit_residual64,0.0,,risk_evidence_insufficient,0.0,static_best,0.0,,,,hybrid-session-010-turn-0,1.53125,0.0,1.53125,0.0,0.0,/DATACENTER3/zhenxiang.wang/work/TailGuardKV/.worktrees/baseline-smoke-final-aggregation/out/full_25session_baseline_9_14/full/policy_attempts/full40_20260916_h2o_static_safe/seed20260906,True,calibrated safe,hybrid-session-010,chat,111.42088496126235,0,risk_evidence_insufficient
kivi_4bit_residual64,8.0,0.1,False,False,online_qwen,False,,/DATACENTER3/zhenxiang.wang/work/TailGuardKV/.worktrees/baseline-smoke-final-aggregation/out/full_25session_baseline_9_14/full/policy_attempts/full40_20260916_h2o_static_safe/seed20260906/config.yaml,,,,,0.05,True,,0.05,,0,False,kivi_4bit_residual64,True,,balanced_two_gpu,1,persistent,27220.664832973853,30895,29256.47009513341,,,30.0,14.875,1.8046875,1.8046875,1.8046875,1698.27377400361,unknown,True,,True,,False,,15074.73681640625,True,static_best,False,0.0,0.0,kivi_4bit_residual64,0.0,,risk_evidence_insufficient,0.0,static_best,0.0,,,,hybrid-session-013-turn-0,1.8046875,0.0,1.8046875,0.0,0.0,/DATACENTER3/zhenxiang.wang/work/TailGuardKV/.worktrees/baseline-smoke-final-aggregation/out/full_25session_baseline_9_14/full/policy_attempts/full40_20260916_h2o_static_safe/seed20260906,True,calibrated safe,hybrid-session-013,chat,116.57029599882662,0,risk_evidence_insufficient
kivi_4bit_residual64,9.0,0.1,False,False,online_qwen,False,,/DATACENTER3/zhenxiang.wang/work/TailGuardKV/.worktrees/baseline-smoke-final-aggregation/out/full_25session_baseline_9_14/full/policy_attempts/full40_20260916_h2o_static_safe/seed20260906/config.yaml,,,,,0.05,True,,0.05,,0,False,kivi_4bit_residual64,True,,balanced_two_gpu,1,persistent,27220.664832973853,30895,29256.47009513341,,,30.0,17.5,2.625,2.625,2.625,1336.1391429789364,unknown,True,,True,,False,,15100.93212890625,True,static_best,False,0.0,0.0,kivi_4bit_residual64,0.0,,risk_evidence_insufficient,0.0,static_best,0.0,,,,hybrid-session-016-turn-0,2.625,0.0,2.625,0.0,0.0,/DATACENTER3/zhenxiang.wang/work/TailGuardKV/.worktrees/baseline-smoke-final-aggregation/out/full_25session_baseline_9_14/full/policy_attempts/full40_20260916_h2o_static_safe/seed20260906,True,calibrated safe,hybrid-session-016,chat,101.95082891732454,0,risk_evidence_insufficient
kivi_4bit_residual64,10.0,0.1,False,False,online_qwen,False,,/DATACENTER3/zhenxiang.wang/work/TailGuardKV/.worktrees/baseline-smoke-final-aggregation/out/full_25session_baseline_9_14/full/policy_attempts/full40_20260916_h2o_static_safe/seed20260906/config.yaml,,,,,0.05,True,,0.05,,0,False,kivi_4bit_residual64,True,,balanced_two_gpu,1,persistent,27220.664832973853,30895,29256.47009513341,,,30.0,19.90625,2.40625,2.40625,2.40625,1309.2020999174565,unknown,True,,True,,False,,15095.79541015625,True,static_best,False,0.0,0.0,kivi_4bit_residual64,0.0,,risk_evidence_insufficient,0.0,static_best,0.0,,,,hybrid-session-020-turn-0,2.40625,0.0,2.40625,0.0,0.0,/DATACENTER3/zhenxiang.wang/work/TailGuardKV/.worktrees/baseline-smoke-final-aggregation/out/full_25session_baseline_9_14/full/policy_attempts/full40_20260916_h2o_static_safe/seed20260906,True,calibrated safe,hybrid-session-020,chat,109.61707192473114,0,risk_evidence_insufficient
kivi_4bit_residual64,11.0,0.1,False,False,online_qwen,False,,/DATACENTER3/zhenxiang.wang/work/TailGuardKV/.worktrees/baseline-smoke-final-aggregation/out/full_25session_baseline_9_14/full/policy_attempts/full40_20260916_h2o_static_safe/seed20260906/config.yaml,,,,,0.05,True,,0.05,,0,False,kivi_4bit_residual64,True,,balanced_two_gpu,1,persistent,27220.664832973853,30895,29256.47009513341,,,30.0,22.203125,2.296875,2.296875,2.296875,1658.6411430034786,unknown,True,,True,,False,,15095.17822265625,True,static_best,False,0.0,0.0,kivi_4bit_residual64,0.0,,risk_evidence_insufficient,0.0,static_best,0.0,,,,hybrid-session-021-turn-0,2.296875,0.0,2.296875,0.0,0.0,/DATACENTER3/zhenxiang.wang/work/TailGuardKV/.worktrees/baseline-smoke-final-aggregation/out/full_25session_baseline_9_14/full/policy_attempts/full40_20260916_h2o_static_safe/seed20260906,True,calibrated safe,hybrid-session-021,chat,117.02352808788419,0,risk_evidence_insufficient
kivi_4bit_residual64,12.0,0.1,False,False,online_qwen,False,,/DATACENTER3/zhenxiang.wang/work/TailGuardKV/.worktrees/baseline-smoke-final-aggregation/out/full_25session_baseline_9_14/full/policy_attempts/full40_20260916_h2o_static_safe/seed20260906/config.yaml,,,,,0.05,True,,0.05,,0,False,kivi_4bit_residual64,True,,balanced_two_gpu,1,persistent,27220.664832973853,30895,29256.47009513341,,,30.0,24.171875,1.96875,1.96875,1.96875,1418.647089973092,unknown,True,,True,,False,,15088.40478515625,True,static_best,False,0.0,0.0,kivi_4bit_residual64,0.0,,risk_evidence_insufficient,0.0,static_best,0.0,,,,hybrid-session-025-turn-0,1.96875,0.0,1.96875,0.0,0.0,/DATACENTER3/zhenxiang.wang/work/TailGuardKV/.worktrees/baseline-smoke-final-aggregation/out/full_25session_baseline_9_14/full/policy_attempts/full40_20260916_h2o_static_safe/seed20260906,True,calibrated safe,hybrid-session-025,chat,111.77221103571355,0,risk_evidence_insufficient
kivi_4bit_residual64,13.0,0.1,False,False,online_qwen,False,,/DATACENTER3/zhenxiang.wang/work/TailGuardKV/.worktrees/baseline-smoke-final-aggregation/out/full_25session_baseline_9_14/full/policy_attempts/full40_20260916_h2o_static_safe/seed20260906/config.yaml,,,,,0.05,True,,0.05,,0,False,kivi_4bit_residual64,True,,balanced_two_gpu,1,persistent,27220.664832973853,30895,29256.47009513341,,,30.0,26.359375,2.1875,2.1875,2.1875,1642.7341978996992,unknown,True,,True,,False,,15096.42041015625,True,static_best,False,0.0,0.0,kivi_4bit_residual64,0.0,,risk_evidence_insufficient,0.0,static_best,0.0,,,,hybrid-session-026-turn-0,2.1875,0.0,2.1875,0.0,0.0,/DATACENTER3/zhenxiang.wang/work/TailGuardKV/.worktrees/baseline-smoke-final-aggregation/out/full_25session_baseline_9_14/full/policy_attempts/full40_20260916_h2o_static_safe/seed20260906,True,calibrated safe,hybrid-session-026,chat,117.72567685693502,0,risk_evidence_insufficient
kivi_4bit_residual64,13.0,0.1,False,False,online_qwen,False,,/DATACENTER3/zhenxiang.wang/work/TailGuardKV/.worktrees/baseline-smoke-final-aggregation/out/full_25session_baseline_9_14/full/policy_attempts/full40_20260916_h2o_static_safe/seed20260906/config.yaml,,,,,0.05,True,,0.05,,0,False,kivi_4bit_residual64,True,,balanced_two_gpu,1,persistent,27220.664832973853,30895,29256.47009513341,,,30.0,26.829345703125,2.548095703125,2.548095703125,0.469970703125,5007.007917156443,unknown,True,,True,,False,,15088.02685546875,True,static_best,False,0.0,0.0,kivi_4bit_residual64,0.0,,risk_evidence_insufficient,0.0,static_best,0.0,,,,hybrid-session-002-turn-1,2.548095703125,2.078125,2.548095703125,0.0,0.0,/DATACENTER3/zhenxiang.wang/work/TailGuardKV/.worktrees/baseline-smoke-final-aggregation/out/full_25session_baseline_9_14/full/policy_attempts/full40_20260916_h2o_static_safe/seed20260906,True,calibrated safe,hybrid-session-002,chat,116.85487302020192,1,risk_evidence_insufficient
kivi_4bit_residual64,13.0,0.1,True,False,online_qwen,False,,/DATACENTER3/zhenxiang.wang/work/TailGuardKV/.worktrees/baseline-smoke-final-aggregation/out/full_25session_baseline_9_14/full/policy_attempts/full40_20260916_h2o_static_safe/seed20260906/config.yaml,,,,,0.05,True,,0.05,,0,False,kivi_4bit_residual64,True,,balanced_two_gpu,1,persistent,27220.664832973853,30895,29256.47009513341,,,30.0,28.251220703125,2.8984375,2.8984375,1.421875,1533.8066339027137,unknown,True,,True,,False,,15078.74658203125,True,static_best,False,0.0,0.0,kivi_4bit_residual64,0.0,,risk_evidence_insufficient,0.0,static_best,0.0,,,,hybrid-session-003-turn-1,2.8984375,1.4765625,2.8984375,0.0,0.0,/DATACENTER3/zhenxiang.wang/work/TailGuardKV/.worktrees/baseline-smoke-final-aggregation/out/full_25session_baseline_9_14/full/policy_attempts/full40_20260916_h2o_static_safe/seed20260906,True,calibrated safe,hybrid-session-003,chat,122.49627290293574,1,risk_evidence_insufficient
kivi_4bit_residual64,13.0,0.1,False,False,online_qwen,False,,/DATACENTER3/zhenxiang.wang/work/TailGuardKV/.worktrees/baseline-smoke-final-aggregation/out/full_25session_baseline_9_14/full/policy_attempts/full40_20260916_h2o_static_safe/seed20260906/config.yaml,,,,,0.05,True,,0.05,,0,False,kivi_4bit_residual64,True,,balanced_two_gpu,1,persistent,27220.664832973853,30895,29256.47009513341,,,30.0,29.76708984375,3.265869140625,3.265869140625,1.515869140625,2608.469732105732,unknown,True,,True,,False,,15128.7724609375,True,static_best,False,0.0,0.0,kivi_4bit_residual64,0.0,,risk_evidence_insufficient,0.0,static_best,0.0,,,,hybrid-session-004-turn-1,3.265869140625,1.75,3.265869140625,0.0,0.0,/DATACENTER3/zhenxiang.wang/work/TailGuardKV/.worktrees/baseline-smoke-final-aggregation/out/full_25session_baseline_9_14/full/policy_attempts/full40_20260916_h2o_static_safe/seed20260906,True,calibrated safe,hybrid-session-004,chat,203.47091695293784,1,risk_evidence_insufficient
kivi_4bit_residual64,13.0,0.1,False,True,online_qwen,True,,/DATACENTER3/zhenxiang.wang/work/TailGuardKV/.worktrees/baseline-smoke-final-aggregation/out/full_25session_baseline_9_14/full/policy_attempts/full40_20260916_h2o_static_safe/seed20260906/config.yaml,,,,,0.05,True,,0.05,,2.625,False,kivi_4bit_residual64,True,,balanced_two_gpu,1,persistent,27220.664832973853,30895,29256.47009513341,,,30.0,28.02734375,2.79931640625,2.79931640625,0.88525390625,2081.8748760502785,unknown,True,,True,,False,,15106.55908203125,True,static_best,False,0.0,0.0,kivi_4bit_residual64,0.0,,risk_evidence_insufficient,0.0,static_best,0.0,,,,hybrid-session-005-turn-1,2.79931640625,1.9140625,2.79931640625,0.0,0.0,/DATACENTER3/zhenxiang.wang/work/TailGuardKV/.worktrees/baseline-smoke-final-aggregation/out/full_25session_baseline_9_14/full/policy_attempts/full40_20260916_h2o_static_safe/seed20260906,True,calibrated safe,hybrid-session-005,chat,124.10309817641973,1,risk_evidence_insufficient
kivi_4bit_residual64,13.0,0.1,False,True,online_qwen,True,,/DATACENTER3/zhenxiang.wang/work/TailGuardKV/.worktrees/baseline-smoke-final-aggregation/out/full_25session_baseline_9_14/full/policy_attempts/full40_20260916_h2o_static_safe/seed20260906/config.yaml,,,,,0.05,True,,0.05,,1.6953125,False,kivi_4bit_residual64,True,,balanced_two_gpu,1,persistent,27220.664832973853,30895,29256.47009513341,,,30.0,29.84912109375,3.51708984375,3.51708984375,3.51708984375,2636.1132408492267,unknown,True,,True,,False,,15186.45556640625,True,static_best,False,0.0,0.0,kivi_4bit_residual64,0.0,,risk_evidence_insufficient,0.0,static_best,195.52875612862408,,,,hybrid-session-006-turn-1,3.51708984375,0.0,3.51708984375,0.0,0.0,/DATACENTER3/zhenxiang.wang/work/TailGuardKV/.worktrees/baseline-smoke-final-aggregation/out/full_25session_baseline_9_14/full/policy_attempts/full40_20260916_h2o_static_safe/seed20260906,True,calibrated safe,hybrid-session-006,chat,196.33533782325685,1,risk_evidence_insufficient
kivi_4bit_residual64,13.0,0.1,False,True,online_qwen,True,,/DATACENTER3/zhenxiang.wang/work/TailGuardKV/.worktrees/baseline-smoke-final-aggregation/out/full_25session_baseline_9_14/full/policy_attempts/full40_20260916_h2o_static_safe/seed20260906/config.yaml,,,,,0.05,True,,0.05,,3.3359375,False,kivi_4bit_residual64,True,,balanced_two_gpu,1,persistent,27220.664832973853,30895,29256.47009513341,,,30.0,28.81005859375,2.296875,2.296875,2.296875,1598.5310941468924,unknown,True,,True,,False,,15138.44384765625,True,static_best,False,0.0,0.0,kivi_4bit_residual64,0.0,,risk_evidence_insufficient,0.0,static_best,119.90690510720015,,,,hybrid-session-009-turn-1,2.296875,0.0,2.296875,0.0,0.0,/DATACENTER3/zhenxiang.wang/work/TailGuardKV/.worktrees/baseline-smoke-final-aggregation/out/full_25session_baseline_9_14/full/policy_attempts/full40_20260916_h2o_static_safe/seed20260906,True,calibrated safe,hybrid-session-009,chat,120.66391599364579,1,risk_evidence_insufficient
kivi_4bit_residual64,13.0,0.1,False,True,online_qwen,True,,/DATACENTER3/zhenxiang.wang/work/TailGuardKV/.worktrees/baseline-smoke-final-aggregation/out/full_25session_baseline_9_14/full/policy_attempts/full40_20260916_h2o_static_safe/seed20260906/config.yaml,,,,,0.05,True,,0.05,,2.625,False,kivi_4bit_residual64,True,,balanced_two_gpu,1,persistent,27220.664832973853,30895,29256.47009513341,,,30.0,29.46630859375,3.28125,3.28125,3.28125,1705.068828072399,unknown,True,,True,,False,,15132.30615234375,True,static_best,False,0.0,0.0,kivi_4bit_residual64,0.0,,risk_evidence_insufficient,0.0,static_best,121.95702106691897,,,,hybrid-session-010-turn-1,3.28125,0.0,3.28125,0.0,0.0,/DATACENTER3/zhenxiang.wang/work/TailGuardKV/.worktrees/baseline-smoke-final-aggregation/out/full_25session_baseline_9_14/full/policy_attempts/full40_20260916_h2o_static_safe/seed20260906,True,calibrated safe,hybrid-session-010,chat,122.75257101282477,1,risk_evidence_insufficient
kivi_4bit_residual64,13.0,0.1,False,True,online_qwen,True,,/DATACENTER3/zhenxiang.wang/work/TailGuardKV/.worktrees/baseline-smoke-final-aggregation/out/full_25session_baseline_9_14/full/policy_attempts/full40_20260916_h2o_static_safe/seed20260906/config.yaml,,,,,0.05,True,,0.05,,4.703125,False,kivi_4bit_residual64,True,,balanced_two_gpu,1,persistent,27220.664832973853,30895,29256.47009513341,,,30.0,28.09912109375,3.3359375,3.3359375,3.3359375,1703.2634569332004,unknown,True,,True,,False,,15134.18408203125,True,static_best,False,0.0,0.0,kivi_4bit_residual64,0.0,,risk_evidence_insufficient,0.0,static_best,123.41309897601604,,,,hybrid-session-013-turn-1,3.3359375,0.0,3.3359375,0.0,0.0,/DATACENTER3/zhenxiang.wang/work/TailGuardKV/.worktrees/baseline-smoke-final-aggregation/out/full_25session_baseline_9_14/full/policy_attempts/full40_20260916_h2o_static_safe/seed20260906,True,calibrated safe,hybrid-session-013,chat,124.16751799173653,1,risk_evidence_insufficient
kivi_4bit_residual64,13.0,0.1,False,True,online_qwen,True,,/DATACENTER3/zhenxiang.wang/work/TailGuardKV/.worktrees/baseline-smoke-final-aggregation/out/full_25session_baseline_9_14/full/policy_attempts/full40_20260916_h2o_static_safe/seed20260906/config.yaml,,,,,0.05,True,,0.05,,1.96875,False,kivi_4bit_residual64,True,,balanced_two_gpu,1,persistent,27220.664832973853,30895,29256.47009513341,,,30.0,28.893798828125,2.763427734375,2.763427734375,2.763427734375,2227.3971231188625,unknown,True,,True,,False,,15156.43408203125,True,static_best,False,0.0,0.0,kivi_4bit_residual64,0.0,,risk_evidence_insufficient,0.0,static_best,134.84776206314564,,,,hybrid-session-016-turn-1,2.763427734375,0.0,2.763427734375,0.0,0.0,/DATACENTER3/zhenxiang.wang/work/TailGuardKV/.worktrees/baseline-smoke-final-aggregation/out/full_25session_baseline_9_14/full/policy_attempts/full40_20260916_h2o_static_safe/seed20260906,True,calibrated safe,hybrid-session-016,chat,135.6369280256331,1,risk_evidence_insufficient
kivi_4bit_residual64,13.0,0.1,False,True,online_qwen,True,,/DATACENTER3/zhenxiang.wang/work/TailGuardKV/.worktrees/baseline-smoke-final-aggregation/out/full_25session_baseline_9_14/full/policy_attempts/full40_20260916_h2o_static_safe/seed20260906/config.yaml,,,,,0.05,True,,0.05,,2.1875,False,kivi_4bit_residual64,True,,balanced_two_gpu,1,persistent,27220.664832973853,30895,29256.47009513341,,,30.0,29.577392578125,2.87109375,2.87109375,2.87109375,2417.0837830752134,unknown,True,,True,,False,,15162.81005859375,True,static_best,False,0.0,0.0,kivi_4bit_residual64,0.0,,risk_evidence_insufficient,0.0,static_best,198.7416879273951,,,,hybrid-session-020-turn-1,2.87109375,0.0,2.87109375,0.0,0.0,/DATACENTER3/zhenxiang.wang/work/TailGuardKV/.worktrees/baseline-smoke-final-aggregation/out/full_25session_baseline_9_14/full/policy_attempts/full40_20260916_h2o_static_safe/seed20260906,True,calibrated safe,hybrid-session-020,chat,199.51289799064398,1,risk_evidence_insufficient
kivi_4bit_residual64,13.0,0.1,False,True,online_qwen,True,,/DATACENTER3/zhenxiang.wang/work/TailGuardKV/.worktrees/baseline-smoke-final-aggregation/out/full_25session_baseline_9_14/full/policy_attempts/full40_20260916_h2o_static_safe/seed20260906/config.yaml,,,,,0.05,True,,0.05,,5.446533203125,False,kivi_4bit_residual64,True,,balanced_two_gpu,1,persistent,27220.664832973853,30895,29256.47009513341,,,30.0,27.181396484375,3.050537109375,3.050537109375,3.050537109375,2298.752659931779,unknown,True,,True,,False,,15168.62744140625,True,static_best,False,0.0,0.0,kivi_4bit_residual64,0.0,,risk_evidence_insufficient,0.0,static_best,190.5305851250887,,,,hybrid-session-021-turn-1,3.050537109375,0.0,3.050537109375,0.0,0.0,/DATACENTER3/zhenxiang.wang/work/TailGuardKV/.worktrees/baseline-smoke-final-aggregation/out/full_25session_baseline_9_14/full/policy_attempts/full40_20260916_h2o_static_safe/seed20260906,True,calibrated safe,hybrid-session-021,chat,191.28751591779292,1,risk_evidence_insufficient
kivi_4bit_residual64,13.0,0.1,False,True,online_qwen,True,,/DATACENTER3/zhenxiang.wang/work/TailGuardKV/.worktrees/baseline-smoke-final-aggregation/out/full_25session_baseline_9_14/full/policy_attempts/full40_20260916_h2o_static_safe/seed20260906/config.yaml,,,,,0.05,True,,0.05,,3.265869140625,False,kivi_4bit_residual64,True,,balanced_two_gpu,1,persistent,27220.664832973853,30895,29256.47009513341,,,30.0,27.30615234375,3.390625,3.390625,3.390625,1692.5027479883283,unknown,True,,True,,False,,15134.60888671875,True,static_best,False,0.005128205128205128,0.005128205128205128,kivi_4bit_residual64,0.005128205128205128,,risk_evidence_insufficient,0.0,static_best,120.3227061778307,,,,hybrid-session-025-turn-1,3.390625,0.0,3.390625,0.0,0.005128205128205128,/DATACENTER3/zhenxiang.wang/work/TailGuardKV/.worktrees/baseline-smoke-final-aggregation/out/full_25session_baseline_9_14/full/policy_attempts/full40_20260916_h2o_static_safe/seed20260906,True,calibrated safe,hybrid-session-025,chat,121.06217793188989,1,risk_evidence_insufficient
kivi_4bit_residual64,13.0,0.1,False,True,online_qwen,True,,/DATACENTER3/zhenxiang.wang/work/TailGuardKV/.worktrees/baseline-smoke-final-aggregation/out/full_25session_baseline_9_14/full/policy_attempts/full40_20260916_h2o_static_safe/seed20260906/config.yaml,,,,,0.05,True,,0.05,,2.79931640625,False,kivi_4bit_residual64,True,,balanced_two_gpu,1,persistent,27220.664832973853,30895,29256.47009513341,,,30.0,27.59326171875,3.08642578125,3.08642578125,3.08642578125,2544.2452230490744,unknown,True,,True,,False,,15169.46533203125,True,static_best,False,0.0,0.0,kivi_4bit_residual64,0.0,,risk_evidence_insufficient,0.0,static_best,187.37612199038267,,,,hybrid-session-026-turn-1,3.08642578125,0.0,3.08642578125,0.0,0.0,/DATACENTER3/zhenxiang.wang/work/TailGuardKV/.worktrees/baseline-smoke-final-aggregation/out/full_25session_baseline_9_14/full/policy_attempts/full40_20260916_h2o_static_safe/seed20260906,True,calibrated safe,hybrid-session-026,chat,188.13198804855347,1,risk_evidence_insufficient
kivi_4bit_residual64,13.0,0.1,True,True,online_qwen,True,,/DATACENTER3/zhenxiang.wang/work/TailGuardKV/.worktrees/baseline-smoke-final-aggregation/out/full_25session_baseline_9_14/full/policy_attempts/full40_20260916_h2o_static_safe/seed20260906/config.yaml,,,,,0.05,True,,0.05,,3.51708984375,False,kivi_4bit_residual64,True,,balanced_two_gpu,1,persistent,27220.664832973853,30895,29256.47009513341,,,30.0,28.811767578125,4.735595703125,4.735595703125,4.735595703125,2723.681211937219,unknown,True,,True,,False,,15336.50830078125,True,static_best,False,0.0,0.0,kivi_4bit_residual64,0.0,,risk_evidence_insufficient,0.0,static_best,239.85042795538902,,,,hybrid-session-002-turn-2,4.735595703125,0.0,4.735595703125,0.0,0.0,/DATACENTER3/zhenxiang.wang/work/TailGuardKV/.worktrees/baseline-smoke-final-aggregation/out/full_25session_baseline_9_14/full/policy_attempts/full40_20260916_h2o_static_safe/seed20260906,True,calibrated safe,hybrid-session-002,qa,240.58014806360006,2,risk_evidence_insufficient
kivi_4bit_residual64,13.0,0.1,False,True,online_qwen,True,,/DATACENTER3/zhenxiang.wang/work/TailGuardKV/.worktrees/baseline-smoke-final-aggregation/out/full_25session_baseline_9_14/full/policy_attempts/full40_20260916_h2o_static_safe/seed20260906/config.yaml,,,,,0.05,True,,0.05,,5.578125,False,kivi_4bit_residual64,True,,balanced_two_gpu,1,persistent,27220.664832973853,30895,29256.47009513341,,,30.0,28.5263671875,5.292724609375,5.292724609375,5.292724609375,2616.1278679501265,unknown,True,,True,,False,,15310.34619140625,True,static_best,False,0.0,0.0,kivi_4bit_residual64,0.0,,risk_evidence_insufficient,0.0,static_best,250.49655511975288,,,,hybrid-session-003-turn-2,5.292724609375,0.0,5.292724609375,0.0,0.0,/DATACENTER3/zhenxiang.wang/work/TailGuardKV/.worktrees/baseline-smoke-final-aggregation/out/full_25session_baseline_9_14/full/policy_attempts/full40_20260916_h2o_static_safe/seed20260906,True,calibrated safe,hybrid-session-003,summary,251.28394295461476,2,risk_evidence_insufficient
kivi_4bit_residual64,13.0,0.1,False,True,online_qwen,True,,/DATACENTER3/zhenxiang.wang/work/TailGuardKV/.worktrees/baseline-smoke-final-aggregation/out/full_25session_baseline_9_14/full/policy_attempts/full40_20260916_h2o_static_safe/seed20260906/config.yaml,,,,,0.05,True,,0.05,,6.099365234375,False,kivi_4bit_residual64,True,,balanced_two_gpu,1,persistent,27220.664832973853,30895,29256.47009513341,,,30.0,27.342041015625,4.9150390625,4.9150390625,4.9150390625,2656.431376002729,unknown,True,,True,,False,,15344.98583984375,True,static_best,False,0.03418803418803419,0.03418803418803419,kivi_4bit_residual64,0.03418803418803419,,risk_evidence_insufficient,0.0,static_best,243.9843900501728,,,,hybrid-session-004-turn-2,4.9150390625,0.0,4.9150390625,0.0,0.3418803418803419,/DATACENTER3/zhenxiang.wang/work/TailGuardKV/.worktrees/baseline-smoke-final-aggregation/out/full_25session_baseline_9_14/full/policy_attempts/full40_20260916_h2o_static_safe/seed20260906,False,calibrated unsafe,hybrid-session-004,qa,244.86045795492828,2,risk_evidence_insufficient
kivi_4bit_residual64,13.0,0.1,False,True,online_qwen,True,,/DATACENTER3/zhenxiang.wang/work/TailGuardKV/.worktrees/baseline-smoke-final-aggregation/out/full_25session_baseline_9_14/full/policy_attempts/full40_20260916_h2o_static_safe/seed20260906/config.yaml,,,,,0.05,True,,0.05,,2.87109375,False,kivi_4bit_residual64,True,,balanced_two_gpu,1,persistent,27220.664832973853,30895,29256.47009513341,,,30.0,29.134765625,4.663818359375,4.663818359375,4.663818359375,2353.4415590111166,unknown,True,,True,,False,,15333.52587890625,True,static_best,False,0.0,0.0,kivi_4bit_residual64,0.0,,risk_evidence_insufficient,0.0,static_best,237.99459310248494,,,,hybrid-session-005-turn-2,4.663818359375,0.0,4.663818359375,0.0,0.0,/DATACENTER3/zhenxiang.wang/work/TailGuardKV/.worktrees/baseline-smoke-final-aggregation/out/full_25session_baseline_9_14/full/policy_attempts/full40_20260916_h2o_static_safe/seed20260906,True,calibrated safe,hybrid-session-005,summary,238.98026393726468,2,risk_evidence_insufficient
kivi_4bit_residual64,13.0,0.1,False,True,online_qwen,True,,/DATACENTER3/zhenxiang.wang/work/TailGuardKV/.worktrees/baseline-smoke-final-aggregation/out/full_25session_baseline_9_14/full/policy_attempts/full40_20260916_h2o_static_safe/seed20260906/config.yaml,,,,,0.05,True,,0.05,,6.441162109375,False,kivi_4bit_residual64,True,,balanced_two_gpu,1,persistent,27220.664832973853,30895,29256.47009513341,,,30.0,28.900634765625,6.20703125,6.20703125,6.20703125,2670.2440639492124,unknown,True,,True,,False,,15398.94384765625,True,static_best,False,0.03418803418803419,0.03418803418803419,kivi_4bit_residual64,0.03418803418803419,,risk_evidence_insufficient,0.0,static_best,289.2025699838996,,,,hybrid-session-006-turn-2,6.20703125,0.0,6.20703125,0.0,0.3418803418803419,/DATACENTER3/zhenxiang.wang/work/TailGuardKV/.worktrees/baseline-smoke-final-aggregation/out/full_25session_baseline_9_14/full/policy_attempts/full40_20260916_h2o_static_safe/seed20260906,False,calibrated unsafe,hybrid-session-006,qa,290.2627179864794,2,risk_evidence_insufficient
kivi_4bit_residual64,13.0,0.1,False,True,online_qwen,True,,/DATACENTER3/zhenxiang.wang/work/TailGuardKV/.worktrees/baseline-smoke-final-aggregation/out/full_25session_baseline_9_14/full/policy_attempts/full40_20260916_h2o_static_safe/seed20260906/config.yaml,,,,,0.05,True,,0.05,,7.822021484375,False,kivi_4bit_residual64,True,,balanced_two_gpu,1,persistent,27220.664832973853,30895,29256.47009513341,,,30.0,26.227783203125,5.149169921875,5.149169921875,5.149169921875,2629.323073895648,unknown,True,,True,,False,,15304.57275390625,True,static_best,False,0.0,0.0,kivi_4bit_residual64,0.0,,risk_evidence_insufficient,0.0,static_best,234.2574850190431,,,,hybrid-session-009-turn-2,5.149169921875,0.0,5.149169921875,0.0,0.0,/DATACENTER3/zhenxiang.wang/work/TailGuardKV/.worktrees/baseline-smoke-final-aggregation/out/full_25session_baseline_9_14/full/policy_attempts/full40_20260916_h2o_static_safe/seed20260906,True,calibrated safe,hybrid-session-009,summary,235.02674489282072,2,risk_evidence_insufficient
kivi_4bit_residual64,13.0,0.1,False,True,online_qwen,True,,/DATACENTER3/zhenxiang.wang/work/TailGuardKV/.worktrees/baseline-smoke-final-aggregation/out/full_25session_baseline_9_14/full/policy_attempts/full40_20260916_h2o_static_safe/seed20260906/config.yaml,,,,,0.05,True,,0.05,,5.292724609375,False,kivi_4bit_residual64,True,,balanced_two_gpu,1,persistent,27220.664832973853,30895,29256.47009513341,,,30.0,26.514892578125,5.579833984375,5.579833984375,5.579833984375,2669.9119061231613,unknown,True,,True,,False,,15319.65087890625,True,static_best,False,0.0,0.0,kivi_4bit_residual64,0.0,,risk_evidence_insufficient,0.0,static_best,235.61365506611764,,,,hybrid-session-010-turn-2,5.579833984375,0.0,5.579833984375,0.0,0.0,/DATACENTER3/zhenxiang.wang/work/TailGuardKV/.worktrees/baseline-smoke-final-aggregation/out/full_25session_baseline_9_14/full/policy_attempts/full40_20260916_h2o_static_safe/seed20260906,True,calibrated safe,hybrid-session-010,qa,236.48417717777193,2,risk_evidence_insufficient
kivi_4bit_residual64,13.0,0.1,True,False,online_qwen,False,,/DATACENTER3/zhenxiang.wang/work/TailGuardKV/.worktrees/baseline-smoke-final-aggregation/out/full_25session_baseline_9_14/full/policy_attempts/full40_20260916_h2o_static_safe/seed20260906/config.yaml,,,,,0.05,True,,0.05,"OutOfMemoryError: CUDA out of memory. Tried to allocate 20.00 MiB. GPU 0 has a total capacity of 10.75 GiB of which 7.62 MiB is free. Including non-PyTorch memory, this process has 7.81 GiB memory in use. Process 32968 has 2.93 GiB memory in use. Of the allocated memory 6.91 GiB is allocated by PyTorch, and 107.97 MiB is reserved by PyTorch but unallocated. If reserved but unallocated memory is large try setting PYTORCH_CUDA_ALLOC_CONF=expandable_segments:True to avoid fragmentation.  See documentation for Memory Management  (https://pytorch.org/docs/stable/notes/cuda.html#environment-variables)",26.514892578125,False,kivi_4bit_residual64,True,,balanced_two_gpu,1,persistent,27220.664832973853,30895,29256.47009513341,true,,30.0,0.0,,,,,unknown,False,,False,,False,,,True,static_best,False,0.0,0.0,kivi_4bit_residual64,0.0,,risk_evidence_insufficient,0.0,static_best,0.0,,,,hybrid-session-013-turn-2,0.0,0.0,,0.0,0.0,/DATACENTER3/zhenxiang.wang/work/TailGuardKV/.worktrees/baseline-smoke-final-aggregation/out/full_25session_baseline_9_14/full/policy_attempts/full40_20260916_h2o_static_safe/seed20260906,True,calibrated safe,hybrid-session-013,summary,,2,risk_evidence_insufficient
kivi_4bit_residual64,13.0,0.1,False,False,online_qwen,False,,/DATACENTER3/zhenxiang.wang/work/TailGuardKV/.worktrees/baseline-smoke-final-aggregation/out/full_25session_baseline_9_14/full/policy_attempts/full40_20260916_h2o_static_safe/seed20260906/config.yaml,,,,,0.05,True,,0.05,,0,False,kivi_4bit_residual64,True,,balanced_two_gpu,1,persistent,27220.664832973853,30895,29256.47009513341,,,30.0,4.69970703125,4.69970703125,4.69970703125,4.69970703125,44034.83210897446,unknown,True,,True,,False,,15307.64306640625,True,static_best,False,0.0,0.0,kivi_4bit_residual64,0.0,,risk_evidence_insufficient,0.0,static_best,42133.420036848634,,,,hybrid-session-016-turn-2,4.69970703125,0.0,4.69970703125,0.0,0.0,/DATACENTER3/zhenxiang.wang/work/TailGuardKV/.worktrees/baseline-smoke-final-aggregation/out/full_25session_baseline_9_14/full/policy_attempts/full40_20260916_h2o_static_safe/seed20260906,True,calibrated safe,hybrid-session-016,qa,42134.41880184598,2,risk_evidence_insufficient
kivi_4bit_residual64,13.0,0.1,True,False,online_qwen,False,,/DATACENTER3/zhenxiang.wang/work/TailGuardKV/.worktrees/baseline-smoke-final-aggregation/out/full_25session_baseline_9_14/full/policy_attempts/full40_20260916_h2o_static_safe/seed20260906/config.yaml,,,,,0.05,True,,0.05,,0,False,kivi_4bit_residual64,True,,balanced_two_gpu,1,persistent,27220.664832973853,30895,29256.47009513341,,,30.0,9.435302734375,4.735595703125,4.735595703125,4.735595703125,2150.0305091030896,unknown,True,,True,,False,,15313.55322265625,True,static_best,False,0.03418803418803419,0.03418803418803419,kivi_4bit_residual64,0.03418803418803419,,risk_evidence_insufficient,0.0,static_best,236.3791549578309,,,,hybrid-session-020-turn-2,4.735595703125,0.0,4.735595703125,0.0,0.3418803418803419,/DATACENTER3/zhenxiang.wang/work/TailGuardKV/.worktrees/baseline-smoke-final-aggregation/out/full_25session_baseline_9_14/full/policy_attempts/full40_20260916_h2o_static_safe/seed20260906,False,calibrated unsafe,hybrid-session-020,qa,241.69671605341136,2,risk_evidence_insufficient
kivi_4bit_residual64,13.0,0.1,False,False,online_qwen,False,,/DATACENTER3/zhenxiang.wang/work/TailGuardKV/.worktrees/baseline-smoke-final-aggregation/out/full_25session_baseline_9_14/full/policy_attempts/full40_20260916_h2o_static_safe/seed20260906/config.yaml,,,,,0.05,True,,0.05,,0,False,kivi_4bit_residual64,True,,balanced_two_gpu,1,persistent,27220.664832973853,30895,29256.47009513341,,,30.0,14.52978515625,5.094482421875,5.094482421875,5.094482421875,2574.080475838855,unknown,True,,True,,False,,15331.34814453125,True,static_best,False,0.0,0.0,kivi_4bit_residual64,0.0,,risk_evidence_insufficient,0.0,static_best,275.3798868507147,,,,hybrid-session-021-turn-2,5.094482421875,0.0,5.094482421875,0.0,0.0,/DATACENTER3/zhenxiang.wang/work/TailGuardKV/.worktrees/baseline-smoke-final-aggregation/out/full_25session_baseline_9_14/full/policy_attempts/full40_20260916_h2o_static_safe/seed20260906,True,calibrated safe,hybrid-session-021,summary,276.19771379977465,2,risk_evidence_insufficient
kivi_4bit_residual64,13.0,0.1,False,False,online_qwen,False,,/DATACENTER3/zhenxiang.wang/work/TailGuardKV/.worktrees/baseline-smoke-final-aggregation/out/full_25session_baseline_9_14/full/policy_attempts/full40_20260916_h2o_static_safe/seed20260906/config.yaml,,,,,0.05,True,,0.05,,0,False,kivi_4bit_residual64,True,,balanced_two_gpu,1,persistent,27220.664832973853,30895,29256.47009513341,,,30.0,19.966064453125,5.436279296875,5.436279296875,5.436279296875,2611.3651760388166,unknown,True,,True,,False,,15301.99658203125,True,static_best,False,0.0,0.0,kivi_4bit_residual64,0.0,,risk_evidence_insufficient,0.0,static_best,242.8269919473678,,,,hybrid-session-025-turn-2,5.436279296875,0.0,5.436279296875,0.0,0.0,/DATACENTER3/zhenxiang.wang/work/TailGuardKV/.worktrees/baseline-smoke-final-aggregation/out/full_25session_baseline_9_14/full/policy_attempts/full40_20260916_h2o_static_safe/seed20260906,True,calibrated safe,hybrid-session-025,summary,243.60312707722187,2,risk_evidence_insufficient
kivi_4bit_residual64,13.0,0.1,False,False,online_qwen,False,,/DATACENTER3/zhenxiang.wang/work/TailGuardKV/.worktrees/baseline-smoke-final-aggregation/out/full_25session_baseline_9_14/full/policy_attempts/full40_20260916_h2o_static_safe/seed20260906/config.yaml,,,,,0.05,True,,0.05,,0,False,kivi_4bit_residual64,True,,balanced_two_gpu,1,persistent,27220.664832973853,30895,29256.47009513341,,,30.0,25.168212890625,5.2021484375,5.2021484375,5.2021484375,2657.956894952804,unknown,True,,True,,False,,15346.38427734375,True,static_best,False,0.03418803418803419,0.03418803418803419,kivi_4bit_residual64,0.03418803418803419,,risk_evidence_insufficient,0.0,static_best,255.86788193322718,,,,hybrid-session-026-turn-2,5.2021484375,0.0,5.2021484375,0.0,0.3418803418803419,/DATACENTER3/zhenxiang.wang/work/TailGuardKV/.worktrees/baseline-smoke-final-aggregation/out/full_25session_baseline_9_14/full/policy_attempts/full40_20260916_h2o_static_safe/seed20260906,False,calibrated unsafe,hybrid-session-026,qa,256.75079016946256,2,risk_evidence_insufficient
kivi_4bit_residual64,13.0,0.1,False,True,online_qwen,True,,/DATACENTER3/zhenxiang.wang/work/TailGuardKV/.worktrees/baseline-smoke-final-aggregation/out/full_25session_baseline_9_14/full/policy_attempts/full40_20260916_h2o_static_safe/seed20260906/config.yaml,,,,,0.05,True,,0.05,,4.69970703125,False,kivi_4bit_residual64,True,,balanced_two_gpu,1,persistent,27220.664832973853,30895,29256.47009513341,,,30.0,26.890869140625,6.42236328125,6.42236328125,6.42236328125,2673.0676009319723,unknown,True,,True,,False,,15403.13427734375,True,static_best,False,0.0,0.0,kivi_4bit_residual64,0.0,,risk_evidence_insufficient,0.0,static_best,270.3169910237193,,,,hybrid-session-002-turn-3,6.42236328125,0.0,6.42236328125,0.0,0.0,/DATACENTER3/zhenxiang.wang/work/TailGuardKV/.worktrees/baseline-smoke-final-aggregation/out/full_25session_baseline_9_14/full/policy_attempts/full40_20260916_h2o_static_safe/seed20260906,True,calibrated safe,hybrid-session-002,qa,271.14228694699705,3,risk_evidence_insufficient
kivi_4bit_residual64,13.0,0.1,False,True,online_qwen,True,,/DATACENTER3/zhenxiang.wang/work/TailGuardKV/.worktrees/baseline-smoke-final-aggregation/out/full_25session_baseline_9_14/full/policy_attempts/full40_20260916_h2o_static_safe/seed20260906/config.yaml,,,,,0.05,True,,0.05,,4.735595703125,False,kivi_4bit_residual64,True,,balanced_two_gpu,1,persistent,27220.664832973853,30895,29256.47009513341,,,30.0,27.895751953125,5.740478515625,5.740478515625,5.740478515625,2676.023446954787,unknown,True,,True,,False,,15376.13330078125,True,static_best,False,0.0,0.0,kivi_4bit_residual64,0.0,,risk_evidence_insufficient,0.0,static_best,266.0019169561565,,,,hybrid-session-003-turn-3,5.740478515625,0.0,5.740478515625,0.0,0.0,/DATACENTER3/zhenxiang.wang/work/TailGuardKV/.worktrees/baseline-smoke-final-aggregation/out/full_25session_baseline_9_14/full/policy_attempts/full40_20260916_h2o_static_safe/seed20260906,True,calibrated safe,hybrid-session-003,summary,267.2405249904841,3,risk_evidence_insufficient
kivi_4bit_residual64,13.0,0.1,False,True,online_qwen,True,,/DATACENTER3/zhenxiang.wang/work/TailGuardKV/.worktrees/baseline-smoke-final-aggregation/out/full_25session_baseline_9_14/full/policy_attempts/full40_20260916_h2o_static_safe/seed20260906/config.yaml,,,,,0.05,True,,0.05,,5.094482421875,False,kivi_4bit_residual64,True,,balanced_two_gpu,1,persistent,27220.664832973853,30895,29256.47009513341,,,30.0,29.403076171875,6.601806640625,6.601806640625,6.601806640625,2672.301447018981,unknown,True,,True,,False,,15413.28564453125,True,static_best,False,0.03418803418803419,0.03418803418803419,kivi_4bit_residual64,0.03418803418803419,,risk_evidence_insufficient,0.0,static_best,273.0269569437951,,,,hybrid-session-004-turn-3,6.601806640625,0.0,6.601806640625,0.0,0.3418803418803419,/DATACENTER3/zhenxiang.wang/work/TailGuardKV/.worktrees/baseline-smoke-final-aggregation/out/full_25session_baseline_9_14/full/policy_attempts/full40_20260916_h2o_static_safe/seed20260906,False,calibrated unsafe,hybrid-session-004,qa,273.8515860401094,3,risk_evidence_insufficient
kivi_4bit_residual64,13.0,0.1,False,True,online_qwen,True,,/DATACENTER3/zhenxiang.wang/work/TailGuardKV/.worktrees/baseline-smoke-final-aggregation/out/full_25session_baseline_9_14/full/policy_attempts/full40_20260916_h2o_static_safe/seed20260906/config.yaml,,,,,0.05,True,,0.05,,10.638427734375,False,kivi_4bit_residual64,True,,balanced_two_gpu,1,persistent,27220.664832973853,30895,29256.47009513341,,,30.0,25.079345703125,6.314697265625,6.314697265625,6.314697265625,2259.5388458576053,unknown,True,,True,,False,,15402.90087890625,True,static_best,False,0.0,0.0,kivi_4bit_residual64,0.0,,risk_evidence_insufficient,0.0,static_best,277.45016710832715,,,,hybrid-session-005-turn-3,6.314697265625,0.0,6.314697265625,0.0,0.0,/DATACENTER3/zhenxiang.wang/work/TailGuardKV/.worktrees/baseline-smoke-final-aggregation/out/full_25session_baseline_9_14/full/policy_attempts/full40_20260916_h2o_static_safe/seed20260906,True,calibrated safe,hybrid-session-005,summary,278.24521786533296,3,risk_evidence_insufficient
kivi_4bit_residual64,13.0,0.1,False,True,online_qwen,True,,/DATACENTER3/zhenxiang.wang/work/TailGuardKV/.worktrees/baseline-smoke-final-aggregation/out/full_25session_baseline_9_14/full/policy_attempts/full40_20260916_h2o_static_safe/seed20260906/config.yaml,,,,,0.05,True,,0.05,,6.42236328125,False,kivi_4bit_residual64,True,,balanced_two_gpu,1,persistent,27220.664832973853,30895,29256.47009513341,,,30.0,25.34765625,6.690673828125,6.690673828125,6.690673828125,2748.8719660323113,unknown,True,,True,,False,,15463.1826171875,True,static_best,False,0.0,0.0,kivi_4bit_residual64,0.0,,risk_evidence_insufficient,0.0,static_best,329.6223690267652,,,,hybrid-session-006-turn-3,6.690673828125,0.0,6.690673828125,0.0,0.0,/DATACENTER3/zhenxiang.wang/work/TailGuardKV/.worktrees/baseline-smoke-final-aggregation/out/full_25session_baseline_9_14/full/policy_attempts/full40_20260916_h2o_static_safe/seed20260906,True,calibrated safe,hybrid-session-006,qa,330.44843608513474,3,risk_evidence_insufficient
kivi_4bit_residual64,13.0,0.1,False,True,online_qwen,True,,/DATACENTER3/zhenxiang.wang/work/TailGuardKV/.worktrees/baseline-smoke-final-aggregation/out/full_25session_baseline_9_14/full/policy_attempts/full40_20260916_h2o_static_safe/seed20260906/config.yaml,,,,,0.05,True,,0.05,,5.740478515625,False,kivi_4bit_residual64,True,,balanced_two_gpu,1,persistent,27220.664832973853,30895,29256.47009513341,,,30.0,25.2041015625,5.596923828125,5.596923828125,5.596923828125,2664.919184986502,unknown,True,,True,,False,,15368.09619140625,True,static_best,False,0.0,0.0,kivi_4bit_residual64,0.0,,risk_evidence_insufficient,0.0,static_best,256.4262750092894,,,,hybrid-session-009-turn-3,5.596923828125,0.0,5.596923828125,0.0,0.0,/DATACENTER3/zhenxiang.wang/work/TailGuardKV/.worktrees/baseline-smoke-final-aggregation/out/full_25session_baseline_9_14/full/policy_attempts/full40_20260916_h2o_static_safe/seed20260906,True,calibrated safe,hybrid-session-009,summary,257.2151180356741,3,risk_evidence_insufficient
kivi_4bit_residual64,13.0,0.1,False,True,online_qwen,True,,/DATACENTER3/zhenxiang.wang/work/TailGuardKV/.worktrees/baseline-smoke-final-aggregation/out/full_25session_baseline_9_14/full/policy_attempts/full40_20260916_h2o_static_safe/seed20260906/config.yaml,,,,,0.05,True,,0.05,,6.601806640625,False,kivi_4bit_residual64,True,,balanced_two_gpu,1,persistent,27220.664832973853,30895,29256.47009513341,,,30.0,24.665771484375,6.0634765625,6.0634765625,6.0634765625,2691.7866109870374,unknown,True,,True,,False,,15388.24560546875,True,static_best,False,0.0,0.0,kivi_4bit_residual64,0.0,,risk_evidence_insufficient,0.0,static_best,264.6432099863887,,,,hybrid-session-010-turn-3,6.0634765625,0.0,6.0634765625,0.0,0.0,/DATACENTER3/zhenxiang.wang/work/TailGuardKV/.worktrees/baseline-smoke-final-aggregation/out/full_25session_baseline_9_14/full/policy_attempts/full40_20260916_h2o_static_safe/seed20260906,True,calibrated safe,hybrid-session-010,qa,265.5367080587894,3,risk_evidence_insufficient
kivi_4bit_residual64,13.0,0.1,False,False,online_qwen,False,,/DATACENTER3/zhenxiang.wang/work/TailGuardKV/.worktrees/baseline-smoke-final-aggregation/out/full_25session_baseline_9_14/full/policy_attempts/full40_20260916_h2o_static_safe/seed20260906/config.yaml,,,,,0.05,True,,0.05,,0,False,kivi_4bit_residual64,True,,balanced_two_gpu,1,persistent,27220.664832973853,30895,29256.47009513341,,,30.0,28.505859375,3.840087890625,3.840087890625,3.840087890625,2242.2807989642024,unknown,True,,True,,False,,15197.79150390625,True,static_best,False,0.0,0.0,kivi_4bit_residual64,0.0,,risk_evidence_insufficient,0.0,static_best,204.33036889880896,,,,hybrid-session-013-turn-3,3.840087890625,0.0,3.840087890625,0.0,0.0,/DATACENTER3/zhenxiang.wang/work/TailGuardKV/.worktrees/baseline-smoke-final-aggregation/out/full_25session_baseline_9_14/full/policy_attempts/full40_20260916_h2o_static_safe/seed20260906,True,calibrated safe,hybrid-session-013,summary,205.06789395585656,3,risk_evidence_insufficient
kivi_4bit_residual64,13.0,0.1,False,True,online_qwen,True,,/DATACENTER3/zhenxiang.wang/work/TailGuardKV/.worktrees/baseline-smoke-final-aggregation/out/full_25session_baseline_9_14/full/policy_attempts/full40_20260916_h2o_static_safe/seed20260906/config.yaml,,,,,0.05,True,,0.05,,6.314697265625,False,kivi_4bit_residual64,True,,balanced_two_gpu,1,persistent,27220.664832973853,30895,29256.47009513341,,,30.0,28.57763671875,6.386474609375,6.386474609375,6.386474609375,2697.7574930060655,unknown,True,,True,,False,,15406.10400390625,True,static_best,False,0.0,0.0,kivi_4bit_residual64,0.0,,risk_evidence_insufficient,0.0,static_best,273.87415803968906,,,,hybrid-session-016-turn-3,6.386474609375,0.0,6.386474609375,0.0,0.0,/DATACENTER3/zhenxiang.wang/work/TailGuardKV/.worktrees/baseline-smoke-final-aggregation/out/full_25session_baseline_9_14/full/policy_attempts/full40_20260916_h2o_static_safe/seed20260906,True,calibrated safe,hybrid-session-016,qa,274.7621610760689,3,risk_evidence_insufficient
kivi_4bit_residual64,13.0,0.1,False,True,online_qwen,True,,/DATACENTER3/zhenxiang.wang/work/TailGuardKV/.worktrees/baseline-smoke-final-aggregation/out/full_25session_baseline_9_14/full/policy_attempts/full40_20260916_h2o_static_safe/seed20260906/config.yaml,,,,,0.05,True,,0.05,,6.690673828125,False,kivi_4bit_residual64,True,,balanced_two_gpu,1,persistent,27220.664832973853,30895,29256.47009513341,,,30.0,28.2734375,6.386474609375,6.386474609375,6.386474609375,2695.2115760650486,unknown,True,,True,,False,,15406.17236328125,True,static_best,False,0.0,0.0,kivi_4bit_residual64,0.0,,risk_evidence_insufficient,0.0,static_best,266.20952296070755,,,,hybrid-session-020-turn-3,6.386474609375,0.0,6.386474609375,0.0,0.0,/DATACENTER3/zhenxiang.wang/work/TailGuardKV/.worktrees/baseline-smoke-final-aggregation/out/full_25session_baseline_9_14/full/policy_attempts/full40_20260916_h2o_static_safe/seed20260906,True,calibrated safe,hybrid-session-020,qa,266.9692060444504,3,risk_evidence_insufficient
kivi_4bit_residual64,13.0,0.1,False,True,online_qwen,True,,/DATACENTER3/zhenxiang.wang/work/TailGuardKV/.worktrees/baseline-smoke-final-aggregation/out/full_25session_baseline_9_14/full/policy_attempts/full40_20260916_h2o_static_safe/seed20260906/config.yaml,,,,,0.05,True,,0.05,,5.596923828125,False,kivi_4bit_residual64,True,,balanced_two_gpu,1,persistent,27220.664832973853,30895,29256.47009513341,,,30.0,29.421875,6.745361328125,6.745361328125,6.745361328125,2686.6388549096882,unknown,True,,True,,False,,15421.52978515625,True,static_best,False,0.0,0.0,kivi_4bit_residual64,0.0,,risk_evidence_insufficient,0.0,static_best,276.4445950742811,,,,hybrid-session-021-turn-3,6.745361328125,0.0,6.745361328125,0.0,0.0,/DATACENTER3/zhenxiang.wang/work/TailGuardKV/.worktrees/baseline-smoke-final-aggregation/out/full_25session_baseline_9_14/full/policy_attempts/full40_20260916_h2o_static_safe/seed20260906,True,calibrated safe,hybrid-session-021,summary,277.25417586043477,3,risk_evidence_insufficient
kivi_4bit_residual64,13.0,0.1,False,True,online_qwen,True,,/DATACENTER3/zhenxiang.wang/work/TailGuardKV/.worktrees/baseline-smoke-final-aggregation/out/full_25session_baseline_9_14/full/policy_attempts/full40_20260916_h2o_static_safe/seed20260906/config.yaml,,,,,0.05,True,,0.05,,6.0634765625,False,kivi_4bit_residual64,True,,balanced_two_gpu,1,persistent,27220.664832973853,30895,29256.47009513341,,,30.0,29.20654296875,5.84814453125,5.84814453125,5.84814453125,2658.9894990902394,unknown,True,,True,,False,,15382.57763671875,True,static_best,False,0.0,0.0,kivi_4bit_residual64,0.0,,risk_evidence_insufficient,0.0,static_best,279.5921431388706,,,,hybrid-session-025-turn-3,5.84814453125,0.0,5.84814453125,0.0,0.0,/DATACENTER3/zhenxiang.wang/work/TailGuardKV/.worktrees/baseline-smoke-final-aggregation/out/full_25session_baseline_9_14/full/policy_attempts/full40_20260916_h2o_static_safe/seed20260906,True,calibrated safe,hybrid-session-025,summary,280.4007881786674,3,risk_evidence_insufficient
kivi_4bit_residual64,13.0,0.1,False,True,online_qwen,True,,/DATACENTER3/zhenxiang.wang/work/TailGuardKV/.worktrees/baseline-smoke-final-aggregation/out/full_25session_baseline_9_14/full/policy_attempts/full40_20260916_h2o_static_safe/seed20260906/config.yaml,,,,,0.05,True,,0.05,,10.2265625,False,kivi_4bit_residual64,True,,balanced_two_gpu,1,persistent,27220.664832973853,30895,29256.47009513341,,,30.0,24.665771484375,5.685791015625,5.685791015625,5.685791015625,2150.6913111079484,unknown,True,,True,,False,,15427.39501953125,True,static_best,False,0.03418803418803419,0.03418803418803419,kivi_4bit_residual64,0.03418803418803419,,risk_evidence_insufficient,0.0,static_best,248.84562101215124,,,,hybrid-session-026-turn-3,5.685791015625,0.0,5.685791015625,0.0,0.3418803418803419,/DATACENTER3/zhenxiang.wang/work/TailGuardKV/.worktrees/baseline-smoke-final-aggregation/out/full_25session_baseline_9_14/full/policy_attempts/full40_20260916_h2o_static_safe/seed20260906,False,calibrated unsafe,hybrid-session-026,qa,249.6344440151006,3,risk_evidence_insufficient
kivi_4bit_residual64,13.0,0.1,False,True,online_qwen,True,,/DATACENTER3/zhenxiang.wang/work/TailGuardKV/.worktrees/baseline-smoke-final-aggregation/out/full_25session_baseline_9_14/full/policy_attempts/full40_20260916_h2o_static_safe/seed20260906/config.yaml,,,,,0.05,True,,0.05,,6.386474609375,False,kivi_4bit_residual64,True,,balanced_two_gpu,1,persistent,27220.664832973853,30895,29256.47009513341,,,30.0,25.005859375,6.7265625,6.7265625,6.7265625,2421.7695670668036,unknown,True,,True,,False,,15464.6416015625,True,static_best,False,0.0,0.0,kivi_4bit_residual64,0.0,,risk_evidence_insufficient,0.0,static_best,318.61782306805253,,,,hybrid-session-002-turn-4,6.7265625,0.0,6.7265625,0.0,0.0,/DATACENTER3/zhenxiang.wang/work/TailGuardKV/.worktrees/baseline-smoke-final-aggregation/out/full_25session_baseline_9_14/full/policy_attempts/full40_20260916_h2o_static_safe/seed20260906,True,calibrated safe,hybrid-session-002,qa,319.3959619384259,4,risk_evidence_insufficient
kivi_4bit_residual64,13.0,0.1,False,True,online_qwen,True,,/DATACENTER3/zhenxiang.wang/work/TailGuardKV/.worktrees/baseline-smoke-final-aggregation/out/full_25session_baseline_9_14/full/policy_attempts/full40_20260916_h2o_static_safe/seed20260906/config.yaml,,,,,0.05,True,,0.05,,6.745361328125,False,kivi_4bit_residual64,True,,balanced_two_gpu,1,persistent,27220.664832973853,30895,29256.47009513341,,,30.0,24.30517578125,6.044677734375,6.044677734375,6.044677734375,2764.799810014665,unknown,True,,True,,False,,15438.72900390625,True,static_best,False,0.0,0.0,kivi_4bit_residual64,0.0,,risk_evidence_insufficient,0.0,static_best,313.7985470239073,,,,hybrid-session-003-turn-4,6.044677734375,0.0,6.044677734375,0.0,0.0,/DATACENTER3/zhenxiang.wang/work/TailGuardKV/.worktrees/baseline-smoke-final-aggregation/out/full_25session_baseline_9_14/full/policy_attempts/full40_20260916_h2o_static_safe/seed20260906,True,calibrated safe,hybrid-session-003,summary,314.60112100467086,4,risk_evidence_insufficient
kivi_4bit_residual64,13.0,0.1,False,True,online_qwen,True,,/DATACENTER3/zhenxiang.wang/work/TailGuardKV/.worktrees/baseline-smoke-final-aggregation/out/full_25session_baseline_9_14/full/policy_attempts/full40_20260916_h2o_static_safe/seed20260906/config.yaml,,,,,0.05,True,,0.05,,5.84814453125,False,kivi_4bit_residual64,True,,balanced_two_gpu,1,persistent,27220.664832973853,30895,29256.47009513341,,,30.0,25.363037109375,6.906005859375,6.906005859375,6.906005859375,2736.9161730166525,unknown,True,,True,,False,,15472.3369140625,True,static_best,False,0.0,0.0,kivi_4bit_residual64,0.0,,risk_evidence_insufficient,0.0,static_best,317.4726041033864,,,,hybrid-session-004-turn-4,6.906005859375,0.0,6.906005859375,0.0,0.0,/DATACENTER3/zhenxiang.wang/work/TailGuardKV/.worktrees/baseline-smoke-final-aggregation/out/full_25session_baseline_9_14/full/policy_attempts/full40_20260916_h2o_static_safe/seed20260906,True,calibrated safe,hybrid-session-004,qa,318.47654189914465,4,risk_evidence_insufficient
kivi_4bit_residual64,13.0,0.1,False,True,online_qwen,True,,/DATACENTER3/zhenxiang.wang/work/TailGuardKV/.worktrees/baseline-smoke-final-aggregation/out/full_25session_baseline_9_14/full/policy_attempts/full40_20260916_h2o_static_safe/seed20260906/config.yaml,,,,,0.05,True,,0.05,,5.685791015625,False,kivi_4bit_residual64,True,,balanced_two_gpu,1,persistent,27220.664832973853,30895,29256.47009513341,,,30.0,26.296142578125,6.618896484375,6.618896484375,6.618896484375,2737.931936979294,unknown,True,,True,,False,,15460.0244140625,True,static_best,False,0.0,0.0,kivi_4bit_residual64,0.0,,risk_evidence_insufficient,0.0,static_best,314.35369211249053,,,,hybrid-session-005-turn-4,6.618896484375,0.0,6.618896484375,0.0,0.0,/DATACENTER3/zhenxiang.wang/work/TailGuardKV/.worktrees/baseline-smoke-final-aggregation/out/full_25session_baseline_9_14/full/policy_attempts/full40_20260916_h2o_static_safe/seed20260906,True,calibrated safe,hybrid-session-005,summary,315.2148388326168,4,risk_evidence_insufficient
kivi_4bit_residual64,13.0,0.1,False,True,online_qwen,True,,/DATACENTER3/zhenxiang.wang/work/TailGuardKV/.worktrees/baseline-smoke-final-aggregation/out/full_25session_baseline_9_14/full/policy_attempts/full40_20260916_h2o_static_safe/seed20260906/config.yaml,,,,,0.05,True,,0.05,,6.7265625,False,kivi_4bit_residual64,True,,balanced_two_gpu,1,persistent,27220.664832973853,30895,29256.47009513341,,,30.0,26.564453125,6.994873046875,6.994873046875,6.994873046875,2762.5034311786294,unknown,True,,True,,False,,15527.2626953125,True,static_best,False,0.0,0.0,kivi_4bit_residual64,0.0,,risk_evidence_insufficient,0.0,static_best,328.3931801561266,,,,hybrid-session-006-turn-4,6.994873046875,0.0,6.994873046875,0.0,0.0,/DATACENTER3/zhenxiang.wang/work/TailGuardKV/.worktrees/baseline-smoke-final-aggregation/out/full_25session_baseline_9_14/full/policy_attempts/full40_20260916_h2o_static_safe/seed20260906,True,calibrated safe,hybrid-session-006,qa,329.20893910340965,4,risk_evidence_insufficient
kivi_4bit_residual64,13.0,0.1,True,True,online_qwen,True,,/DATACENTER3/zhenxiang.wang/work/TailGuardKV/.worktrees/baseline-smoke-final-aggregation/out/full_25session_baseline_9_14/full/policy_attempts/full40_20260916_h2o_static_safe/seed20260906/config.yaml,,,,,0.05,True,,0.05,,6.044677734375,False,kivi_4bit_residual64,True,,balanced_two_gpu,1,persistent,27220.664832973853,30895,29256.47009513341,,,30.0,26.4208984375,5.901123046875,5.901123046875,5.901123046875,2725.5001480225474,unknown,True,,True,,False,,15434.67431640625,True,static_best,False,0.0,0.0,kivi_4bit_residual64,0.0,,risk_evidence_insufficient,0.0,static_best,278.66699802689254,,,,hybrid-session-009-turn-4,5.901123046875,0.0,5.901123046875,0.0,0.0,/DATACENTER3/zhenxiang.wang/work/TailGuardKV/.worktrees/baseline-smoke-final-aggregation/out/full_25session_baseline_9_14/full/policy_attempts/full40_20260916_h2o_static_safe/seed20260906,True,calibrated safe,hybrid-session-009,summary,279.45051016286016,4,risk_evidence_insufficient
kivi_4bit_residual64,13.0,0.1,False,True,online_qwen,True,,/DATACENTER3/zhenxiang.wang/work/TailGuardKV/.worktrees/baseline-smoke-final-aggregation/out/full_25session_baseline_9_14/full/policy_attempts/full40_20260916_h2o_static_safe/seed20260906/config.yaml,,,,,0.05,True,,0.05,,6.906005859375,False,kivi_4bit_residual64,True,,balanced_two_gpu,1,persistent,27220.664832973853,30895,29256.47009513341,,,30.0,25.882568359375,6.36767578125,6.36767578125,6.36767578125,2436.4518858492374,unknown,True,,True,,False,,15450.701171875,True,static_best,False,0.0,0.0,kivi_4bit_residual64,0.0,,risk_evidence_insufficient,0.0,static_best,321.76505983807147,,,,hybrid-session-010-turn-4,6.36767578125,0.0,6.36767578125,0.0,0.0,/DATACENTER3/zhenxiang.wang/work/TailGuardKV/.worktrees/baseline-smoke-final-aggregation/out/full_25session_baseline_9_14/full/policy_attempts/full40_20260916_h2o_static_safe/seed20260906,True,calibrated safe,hybrid-session-010,qa,322.5726718083024,4,risk_evidence_insufficient
kivi_4bit_residual64,13.0,0.1,True,False,online_qwen,False,,/DATACENTER3/zhenxiang.wang/work/TailGuardKV/.worktrees/baseline-smoke-final-aggregation/out/full_25session_baseline_9_14/full/policy_attempts/full40_20260916_h2o_static_safe/seed20260906/config.yaml,,,,,0.05,True,,0.05,"OutOfMemoryError: CUDA out of memory. Tried to allocate 2.00 MiB. GPU 0 has a total capacity of 10.75 GiB of which 3.62 MiB is free. Including non-PyTorch memory, this process has 7.82 GiB memory in use. Process 35191 has 2.93 GiB memory in use. Of the allocated memory 6.91 GiB is allocated by PyTorch, and 118.54 MiB is reserved by PyTorch but unallocated. If reserved but unallocated memory is large try setting PYTORCH_CUDA_ALLOC_CONF=expandable_segments:True to avoid fragmentation.  See documentation for Memory Management  (https://pytorch.org/docs/stable/notes/cuda.html#environment-variables)",25.882568359375,False,kivi_4bit_residual64,True,,balanced_two_gpu,1,persistent,27220.664832973853,30895,29256.47009513341,true,,30.0,0.0,,,,,unknown,False,,False,,False,,,True,static_best,False,0.0,0.0,kivi_4bit_residual64,0.0,,risk_evidence_insufficient,0.0,static_best,0.0,,,,hybrid-session-013-turn-4,0.0,0.0,,0.0,0.0,/DATACENTER3/zhenxiang.wang/work/TailGuardKV/.worktrees/baseline-smoke-final-aggregation/out/full_25session_baseline_9_14/full/policy_attempts/full40_20260916_h2o_static_safe/seed20260906,True,calibrated safe,hybrid-session-013,summary,,4,risk_evidence_insufficient
kivi_4bit_residual64,13.0,0.1,False,False,online_qwen,False,,/DATACENTER3/zhenxiang.wang/work/TailGuardKV/.worktrees/baseline-smoke-final-aggregation/out/full_25session_baseline_9_14/full/policy_attempts/full40_20260916_h2o_static_safe/seed20260906/config.yaml,,,,,0.05,True,,0.05,,0,False,kivi_4bit_residual64,True,,balanced_two_gpu,1,persistent,27220.664832973853,30895,29256.47009513341,,,30.0,6.690673828125,6.690673828125,6.690673828125,6.690673828125,44377.60434818268,unknown,True,,True,,False,,15438.0126953125,True,static_best,False,0.0,0.0,kivi_4bit_residual64,0.0,,risk_evidence_insufficient,0.0,static_best,42490.48521096632,,,,hybrid-session-016-turn-4,6.690673828125,0.0,6.690673828125,0.0,0.0,/DATACENTER3/zhenxiang.wang/work/TailGuardKV/.worktrees/baseline-smoke-final-aggregation/out/full_25session_baseline_9_14/full/policy_attempts/full40_20260916_h2o_static_safe/seed20260906,True,calibrated safe,hybrid-session-016,qa,42491.40921404399,4,risk_evidence_insufficient
kivi_4bit_residual64,13.0,0.1,False,False,online_qwen,False,,/DATACENTER3/zhenxiang.wang/work/TailGuardKV/.worktrees/baseline-smoke-final-aggregation/out/full_25session_baseline_9_14/full/policy_attempts/full40_20260916_h2o_static_safe/seed20260906/config.yaml,,,,,0.05,True,,0.05,,0,False,kivi_4bit_residual64,True,,balanced_two_gpu,1,persistent,27220.664832973853,30895,29256.47009513341,,,30.0,13.38134765625,6.690673828125,6.690673828125,6.690673828125,2186.41031999141,unknown,True,,True,,False,,15444.7119140625,True,static_best,False,0.0,0.0,kivi_4bit_residual64,0.0,,risk_evidence_insufficient,0.0,static_best,279.97831790708005,,,,hybrid-session-020-turn-4,6.690673828125,0.0,6.690673828125,0.0,0.0,/DATACENTER3/zhenxiang.wang/work/TailGuardKV/.worktrees/baseline-smoke-final-aggregation/out/full_25session_baseline_9_14/full/policy_attempts/full40_20260916_h2o_static_safe/seed20260906,True,calibrated safe,hybrid-session-020,qa,280.83740803413093,4,risk_evidence_insufficient
kivi_4bit_residual64,13.0,0.1,False,False,online_qwen,False,,/DATACENTER3/zhenxiang.wang/work/TailGuardKV/.worktrees/baseline-smoke-final-aggregation/out/full_25session_baseline_9_14/full/policy_attempts/full40_20260916_h2o_static_safe/seed20260906/config.yaml,,,,,0.05,True,,0.05,,0,False,kivi_4bit_residual64,True,,balanced_two_gpu,1,persistent,27220.664832973853,30895,29256.47009513341,,,30.0,20.430908203125,7.049560546875,7.049560546875,7.049560546875,2735.082976985723,unknown,True,,True,,False,,15466.6689453125,True,static_best,False,0.0,0.0,kivi_4bit_residual64,0.0,,risk_evidence_insufficient,0.0,static_best,322.43069796822965,,,,hybrid-session-021-turn-4,7.049560546875,0.0,7.049560546875,0.0,0.0,/DATACENTER3/zhenxiang.wang/work/TailGuardKV/.worktrees/baseline-smoke-final-aggregation/out/full_25session_baseline_9_14/full/policy_attempts/full40_20260916_h2o_static_safe/seed20260906,True,calibrated safe,hybrid-session-021,summary,323.20420490577817,4,risk_evidence_insufficient
kivi_4bit_residual64,13.0,0.1,False,False,online_qwen,False,,/DATACENTER3/zhenxiang.wang/work/TailGuardKV/.worktrees/baseline-smoke-final-aggregation/out/full_25session_baseline_9_14/full/policy_attempts/full40_20260916_h2o_static_safe/seed20260906/config.yaml,,,,,0.05,True,,0.05,,0,False,kivi_4bit_residual64,True,,balanced_two_gpu,1,persistent,27220.664832973853,30895,29256.47009513341,,,30.0,26.583251953125,6.15234375,6.15234375,6.15234375,2729.479623027146,unknown,True,,True,,False,,15442.7470703125,True,static_best,False,0.0,0.0,kivi_4bit_residual64,0.0,,risk_evidence_insufficient,0.0,static_best,317.53686303272843,,,,hybrid-session-025-turn-4,6.15234375,0.0,6.15234375,0.0,0.0,/DATACENTER3/zhenxiang.wang/work/TailGuardKV/.worktrees/baseline-smoke-final-aggregation/out/full_25session_baseline_9_14/full/policy_attempts/full40_20260916_h2o_static_safe/seed20260906,True,calibrated safe,hybrid-session-025,summary,318.3497851714492,4,risk_evidence_insufficient
kivi_4bit_residual64,13.0,0.1,False,True,online_qwen,True,,/DATACENTER3/zhenxiang.wang/work/TailGuardKV/.worktrees/baseline-smoke-final-aggregation/out/full_25session_baseline_9_14/full/policy_attempts/full40_20260916_h2o_static_safe/seed20260906/config.yaml,,,,,0.05,True,,0.05,,6.690673828125,False,kivi_4bit_residual64,True,,balanced_two_gpu,1,persistent,27220.664832973853,30895,29256.47009513341,,,30.0,27.085693359375,7.193115234375,7.193115234375,7.193115234375,2374.9324202071875,unknown,True,,True,,False,,15485.1865234375,True,static_best,False,0.03418803418803419,0.03418803418803419,kivi_4bit_residual64,0.03418803418803419,,risk_evidence_insufficient,0.0,static_best,315.8706799149513,,,,hybrid-session-026-turn-4,7.193115234375,0.0,7.193115234375,0.0,0.3418803418803419,/DATACENTER3/zhenxiang.wang/work/TailGuardKV/.worktrees/baseline-smoke-final-aggregation/out/full_25session_baseline_9_14/full/policy_attempts/full40_20260916_h2o_static_safe/seed20260906,False,calibrated unsafe,hybrid-session-026,qa,316.7221441399306,4,risk_evidence_insufficient
kivi_4bit_residual64,1.0,0.1,False,False,online_qwen,False,,/DATACENTER3/zhenxiang.wang/work/TailGuardKV/.worktrees/baseline-smoke-final-aggregation/out/full_25session_baseline_9_14/full/policy_attempts/full40_20260916_h2o_static_safe/seed20260906/config.yaml,,,,,0.05,True,,0.05,,0,False,kivi_4bit_residual64,True,,balanced_two_gpu,1,persistent,27580.399591010064,36316,31535.401873057708,,,30.0,2.078125,2.078125,2.078125,2.078125,4867.443666094914,unknown,True,,True,,False,,15070.54150390625,True,static_safe,False,0.0,0.0,kivi_4bit_residual64,0.0,,risk_evidence_insufficient,0.0,static_safe,0.0,,,,hybrid-session-002-turn-0,2.078125,0.0,2.078125,0.0,0.0,/DATACENTER3/zhenxiang.wang/work/TailGuardKV/.worktrees/baseline-smoke-final-aggregation/out/full_25session_baseline_9_14/full/policy_attempts/full40_20260916_h2o_static_safe/seed20260906,True,calibrated safe,hybrid-session-002,chat,3694.739574100822,0,risk_evidence_insufficient
kivi_4bit_residual64,2.0,0.1,False,False,online_qwen,False,,/DATACENTER3/zhenxiang.wang/work/TailGuardKV/.worktrees/baseline-smoke-final-aggregation/out/full_25session_baseline_9_14/full/policy_attempts/full40_20260916_h2o_static_safe/seed20260906/config.yaml,,,,,0.05,True,,0.05,,0,False,kivi_4bit_residual64,True,,balanced_two_gpu,1,persistent,27580.399591010064,36316,31535.401873057708,,,30.0,3.5546875,1.4765625,1.4765625,1.4765625,1278.1307918485254,unknown,True,,True,,False,,15055.19384765625,True,static_safe,False,0.0,0.0,kivi_4bit_residual64,0.0,,risk_evidence_insufficient,0.0,static_safe,0.0,,,,hybrid-session-003-turn-0,1.4765625,0.0,1.4765625,0.0,0.0,/DATACENTER3/zhenxiang.wang/work/TailGuardKV/.worktrees/baseline-smoke-final-aggregation/out/full_25session_baseline_9_14/full/policy_attempts/full40_20260916_h2o_static_safe/seed20260906,True,calibrated safe,hybrid-session-003,chat,100.30103498138487,0,risk_evidence_insufficient
kivi_4bit_residual64,3.0,0.1,False,False,online_qwen,False,,/DATACENTER3/zhenxiang.wang/work/TailGuardKV/.worktrees/baseline-smoke-final-aggregation/out/full_25session_baseline_9_14/full/policy_attempts/full40_20260916_h2o_static_safe/seed20260906/config.yaml,,,,,0.05,True,,0.05,,0,False,kivi_4bit_residual64,True,,balanced_two_gpu,1,persistent,27580.399591010064,36316,31535.401873057708,,,30.0,5.3046875,1.75,1.75,1.75,1268.6585139017552,unknown,True,,True,,False,,15063.70947265625,True,static_safe,False,0.0,0.0,kivi_4bit_residual64,0.0,,risk_evidence_insufficient,0.0,static_safe,0.0,,,,hybrid-session-004-turn-0,1.75,0.0,1.75,0.0,0.0,/DATACENTER3/zhenxiang.wang/work/TailGuardKV/.worktrees/baseline-smoke-final-aggregation/out/full_25session_baseline_9_14/full/policy_attempts/full40_20260916_h2o_static_safe/seed20260906,True,calibrated safe,hybrid-session-004,chat,96.15925187245011,0,risk_evidence_insufficient
kivi_4bit_residual64,4.0,0.1,False,False,online_qwen,False,,/DATACENTER3/zhenxiang.wang/work/TailGuardKV/.worktrees/baseline-smoke-final-aggregation/out/full_25session_baseline_9_14/full/policy_attempts/full40_20260916_h2o_static_safe/seed20260906/config.yaml,,,,,0.05,True,,0.05,,0,False,kivi_4bit_residual64,True,,balanced_two_gpu,1,persistent,27580.399591010064,36316,31535.401873057708,,,30.0,7.21875,1.9140625,1.9140625,1.9140625,1281.6555809695274,unknown,True,,True,,False,,15070.26806640625,True,static_safe,False,0.0,0.0,kivi_4bit_residual64,0.0,,risk_evidence_insufficient,0.0,static_safe,0.0,,,,hybrid-session-005-turn-0,1.9140625,0.0,1.9140625,0.0,0.0,/DATACENTER3/zhenxiang.wang/work/TailGuardKV/.worktrees/baseline-smoke-final-aggregation/out/full_25session_baseline_9_14/full/policy_attempts/full40_20260916_h2o_static_safe/seed20260906,True,calibrated safe,hybrid-session-005,chat,99.07930111512542,0,risk_evidence_insufficient
kivi_4bit_residual64,5.0,0.1,False,False,online_qwen,False,,/DATACENTER3/zhenxiang.wang/work/TailGuardKV/.worktrees/baseline-smoke-final-aggregation/out/full_25session_baseline_9_14/full/policy_attempts/full40_20260916_h2o_static_safe/seed20260906/config.yaml,,,,,0.05,True,,0.05,,0,False,kivi_4bit_residual64,True,,balanced_two_gpu,1,persistent,27580.399591010064,36316,31535.401873057708,,,30.0,9.84375,2.625,2.625,2.625,1290.1228440459818,unknown,True,,True,,False,,15093.27587890625,True,static_safe,False,0.0,0.0,kivi_4bit_residual64,0.0,,risk_evidence_insufficient,0.0,static_safe,0.0,,,,hybrid-session-006-turn-0,2.625,0.0,2.625,0.0,0.0,/DATACENTER3/zhenxiang.wang/work/TailGuardKV/.worktrees/baseline-smoke-final-aggregation/out/full_25session_baseline_9_14/full/policy_attempts/full40_20260916_h2o_static_safe/seed20260906,True,calibrated safe,hybrid-session-006,chat,100.47122789546847,0,risk_evidence_insufficient
kivi_4bit_residual64,6.0,0.1,False,False,online_qwen,False,,/DATACENTER3/zhenxiang.wang/work/TailGuardKV/.worktrees/baseline-smoke-final-aggregation/out/full_25session_baseline_9_14/full/policy_attempts/full40_20260916_h2o_static_safe/seed20260906/config.yaml,,,,,0.05,True,,0.05,,0,False,kivi_4bit_residual64,True,,balanced_two_gpu,1,persistent,27580.399591010064,36316,31535.401873057708,,,30.0,11.5390625,1.6953125,1.6953125,1.6953125,1269.649675115943,unknown,True,,True,,False,,15068.48681640625,True,static_safe,False,0.0,0.0,kivi_4bit_residual64,0.0,,risk_evidence_insufficient,0.0,static_safe,0.0,,,,hybrid-session-009-turn-0,1.6953125,0.0,1.6953125,0.0,0.0,/DATACENTER3/zhenxiang.wang/work/TailGuardKV/.worktrees/baseline-smoke-final-aggregation/out/full_25session_baseline_9_14/full/policy_attempts/full40_20260916_h2o_static_safe/seed20260906,True,calibrated safe,hybrid-session-009,chat,85.83968901075423,0,risk_evidence_insufficient
kivi_4bit_residual64,7.0,0.1,False,False,online_qwen,False,,/DATACENTER3/zhenxiang.wang/work/TailGuardKV/.worktrees/baseline-smoke-final-aggregation/out/full_25session_baseline_9_14/full/policy_attempts/full40_20260916_h2o_static_safe/seed20260906/config.yaml,,,,,0.05,True,,0.05,,0,False,kivi_4bit_residual64,True,,balanced_two_gpu,1,persistent,27580.399591010064,36316,31535.401873057708,,,30.0,13.0703125,1.53125,1.53125,1.53125,1261.2119808327407,unknown,True,,True,,False,,15065.87646484375,True,static_safe,False,0.0,0.0,kivi_4bit_residual64,0.0,,risk_evidence_insufficient,0.0,static_safe,0.0,,,,hybrid-session-010-turn-0,1.53125,0.0,1.53125,0.0,0.0,/DATACENTER3/zhenxiang.wang/work/TailGuardKV/.worktrees/baseline-smoke-final-aggregation/out/full_25session_baseline_9_14/full/policy_attempts/full40_20260916_h2o_static_safe/seed20260906,True,calibrated safe,hybrid-session-010,chat,84.79244890622795,0,risk_evidence_insufficient
kivi_4bit_residual64,8.0,0.1,False,False,online_qwen,False,,/DATACENTER3/zhenxiang.wang/work/TailGuardKV/.worktrees/baseline-smoke-final-aggregation/out/full_25session_baseline_9_14/full/policy_attempts/full40_20260916_h2o_static_safe/seed20260906/config.yaml,,,,,0.05,True,,0.05,,0,False,kivi_4bit_residual64,True,,balanced_two_gpu,1,persistent,27580.399591010064,36316,31535.401873057708,,,30.0,14.875,1.8046875,1.8046875,1.8046875,1290.0281108450145,unknown,True,,True,,False,,15074.73681640625,True,static_safe,False,0.0,0.0,kivi_4bit_residual64,0.0,,risk_evidence_insufficient,0.0,static_safe,0.0,,,,hybrid-session-013-turn-0,1.8046875,0.0,1.8046875,0.0,0.0,/DATACENTER3/zhenxiang.wang/work/TailGuardKV/.worktrees/baseline-smoke-final-aggregation/out/full_25session_baseline_9_14/full/policy_attempts/full40_20260916_h2o_static_safe/seed20260906,True,calibrated safe,hybrid-session-013,chat,95.56724992580712,0,risk_evidence_insufficient
kivi_4bit_residual64,9.0,0.1,False,False,online_qwen,False,,/DATACENTER3/zhenxiang.wang/work/TailGuardKV/.worktrees/baseline-smoke-final-aggregation/out/full_25session_baseline_9_14/full/policy_attempts/full40_20260916_h2o_static_safe/seed20260906/config.yaml,,,,,0.05,True,,0.05,,0,False,kivi_4bit_residual64,True,,balanced_two_gpu,1,persistent,27580.399591010064,36316,31535.401873057708,,,30.0,17.5,2.625,2.625,2.625,1289.365170057863,unknown,True,,True,,False,,15100.93212890625,True,static_safe,False,0.0,0.0,kivi_4bit_residual64,0.0,,risk_evidence_insufficient,0.0,static_safe,0.0,,,,hybrid-session-016-turn-0,2.625,0.0,2.625,0.0,0.0,/DATACENTER3/zhenxiang.wang/work/TailGuardKV/.worktrees/baseline-smoke-final-aggregation/out/full_25session_baseline_9_14/full/policy_attempts/full40_20260916_h2o_static_safe/seed20260906,True,calibrated safe,hybrid-session-016,chat,97.60855208151042,0,risk_evidence_insufficient
kivi_4bit_residual64,10.0,0.1,False,False,online_qwen,False,,/DATACENTER3/zhenxiang.wang/work/TailGuardKV/.worktrees/baseline-smoke-final-aggregation/out/full_25session_baseline_9_14/full/policy_attempts/full40_20260916_h2o_static_safe/seed20260906/config.yaml,,,,,0.05,True,,0.05,,0,False,kivi_4bit_residual64,True,,balanced_two_gpu,1,persistent,27580.399591010064,36316,31535.401873057708,,,30.0,19.90625,2.40625,2.40625,2.40625,1290.2857521548867,unknown,True,,True,,False,,15095.79541015625,True,static_safe,False,0.0,0.0,kivi_4bit_residual64,0.0,,risk_evidence_insufficient,0.0,static_safe,0.0,,,,hybrid-session-020-turn-0,2.40625,0.0,2.40625,0.0,0.0,/DATACENTER3/zhenxiang.wang/work/TailGuardKV/.worktrees/baseline-smoke-final-aggregation/out/full_25session_baseline_9_14/full/policy_attempts/full40_20260916_h2o_static_safe/seed20260906,True,calibrated safe,hybrid-session-020,chat,96.20419912971556,0,risk_evidence_insufficient
kivi_4bit_residual64,11.0,0.1,False,False,online_qwen,False,,/DATACENTER3/zhenxiang.wang/work/TailGuardKV/.worktrees/baseline-smoke-final-aggregation/out/full_25session_baseline_9_14/full/policy_attempts/full40_20260916_h2o_static_safe/seed20260906/config.yaml,,,,,0.05,True,,0.05,,0,False,kivi_4bit_residual64,True,,balanced_two_gpu,1,persistent,27580.399591010064,36316,31535.401873057708,,,30.0,22.203125,2.296875,2.296875,2.296875,1278.6061661317945,unknown,True,,True,,False,,15095.17822265625,True,static_safe,False,0.0,0.0,kivi_4bit_residual64,0.0,,risk_evidence_insufficient,0.0,static_safe,0.0,,,,hybrid-session-021-turn-0,2.296875,0.0,2.296875,0.0,0.0,/DATACENTER3/zhenxiang.wang/work/TailGuardKV/.worktrees/baseline-smoke-final-aggregation/out/full_25session_baseline_9_14/full/policy_attempts/full40_20260916_h2o_static_safe/seed20260906,True,calibrated safe,hybrid-session-021,chat,97.5816510617733,0,risk_evidence_insufficient
kivi_4bit_residual64,12.0,0.1,False,False,online_qwen,False,,/DATACENTER3/zhenxiang.wang/work/TailGuardKV/.worktrees/baseline-smoke-final-aggregation/out/full_25session_baseline_9_14/full/policy_attempts/full40_20260916_h2o_static_safe/seed20260906/config.yaml,,,,,0.05,True,,0.05,,0,False,kivi_4bit_residual64,True,,balanced_two_gpu,1,persistent,27580.399591010064,36316,31535.401873057708,,,30.0,24.171875,1.96875,1.96875,1.96875,1271.6761659830809,unknown,True,,True,,False,,15088.40478515625,True,static_safe,False,0.0,0.0,kivi_4bit_residual64,0.0,,risk_evidence_insufficient,0.0,static_safe,0.0,,,,hybrid-session-025-turn-0,1.96875,0.0,1.96875,0.0,0.0,/DATACENTER3/zhenxiang.wang/work/TailGuardKV/.worktrees/baseline-smoke-final-aggregation/out/full_25session_baseline_9_14/full/policy_attempts/full40_20260916_h2o_static_safe/seed20260906,True,calibrated safe,hybrid-session-025,chat,93.05193391628563,0,risk_evidence_insufficient
kivi_4bit_residual64,13.0,0.1,False,False,online_qwen,False,,/DATACENTER3/zhenxiang.wang/work/TailGuardKV/.worktrees/baseline-smoke-final-aggregation/out/full_25session_baseline_9_14/full/policy_attempts/full40_20260916_h2o_static_safe/seed20260906/config.yaml,,,,,0.05,True,,0.05,,0,False,kivi_4bit_residual64,True,,balanced_two_gpu,1,persistent,27580.399591010064,36316,31535.401873057708,,,30.0,26.359375,2.1875,2.1875,2.1875,1275.5516851320863,unknown,True,,True,,False,,15096.42041015625,True,static_safe,False,0.0,0.0,kivi_4bit_residual64,0.0,,risk_evidence_insufficient,0.0,static_safe,0.0,,,,hybrid-session-026-turn-0,2.1875,0.0,2.1875,0.0,0.0,/DATACENTER3/zhenxiang.wang/work/TailGuardKV/.worktrees/baseline-smoke-final-aggregation/out/full_25session_baseline_9_14/full/policy_attempts/full40_20260916_h2o_static_safe/seed20260906,True,calibrated safe,hybrid-session-026,chat,96.91029298119247,0,risk_evidence_insufficient
kivi_4bit_residual64,13.0,0.1,False,False,online_qwen,False,,/DATACENTER3/zhenxiang.wang/work/TailGuardKV/.worktrees/baseline-smoke-final-aggregation/out/full_25session_baseline_9_14/full/policy_attempts/full40_20260916_h2o_static_safe/seed20260906/config.yaml,,,,,0.05,True,,0.05,,0,False,kivi_4bit_residual64,True,,balanced_two_gpu,1,persistent,27580.399591010064,36316,31535.401873057708,,,30.0,26.829345703125,2.548095703125,2.548095703125,0.469970703125,5018.868524115533,unknown,True,,True,,False,,15088.02685546875,True,static_safe,False,0.0,0.0,kivi_4bit_residual64,0.0,,risk_evidence_insufficient,0.0,static_safe,0.0,,,,hybrid-session-002-turn-1,2.548095703125,2.078125,2.548095703125,0.0,0.0,/DATACENTER3/zhenxiang.wang/work/TailGuardKV/.worktrees/baseline-smoke-final-aggregation/out/full_25session_baseline_9_14/full/policy_attempts/full40_20260916_h2o_static_safe/seed20260906,True,calibrated safe,hybrid-session-002,chat,96.63984295912087,1,risk_evidence_insufficient
kivi_4bit_residual64,13.0,0.1,True,False,online_qwen,False,,/DATACENTER3/zhenxiang.wang/work/TailGuardKV/.worktrees/baseline-smoke-final-aggregation/out/full_25session_baseline_9_14/full/policy_attempts/full40_20260916_h2o_static_safe/seed20260906/config.yaml,,,,,0.05,True,,0.05,,0,False,kivi_4bit_residual64,True,,balanced_two_gpu,1,persistent,27580.399591010064,36316,31535.401873057708,,,30.0,28.251220703125,2.8984375,2.8984375,1.421875,1310.2019000798464,unknown,True,,True,,False,,15078.74658203125,True,static_safe,False,0.0,0.0,kivi_4bit_residual64,0.0,,risk_evidence_insufficient,0.0,static_safe,0.0,,,,hybrid-session-003-turn-1,2.8984375,1.4765625,2.8984375,0.0,0.0,/DATACENTER3/zhenxiang.wang/work/TailGuardKV/.worktrees/baseline-smoke-final-aggregation/out/full_25session_baseline_9_14/full/policy_attempts/full40_20260916_h2o_static_safe/seed20260906,True,calibrated safe,hybrid-session-003,chat,90.17549804411829,1,risk_evidence_insufficient
kivi_4bit_residual64,13.0,0.1,False,False,online_qwen,False,,/DATACENTER3/zhenxiang.wang/work/TailGuardKV/.worktrees/baseline-smoke-final-aggregation/out/full_25session_baseline_9_14/full/policy_attempts/full40_20260916_h2o_static_safe/seed20260906/config.yaml,,,,,0.05,True,,0.05,,0,False,kivi_4bit_residual64,True,,balanced_two_gpu,1,persistent,27580.399591010064,36316,31535.401873057708,,,30.0,29.76708984375,3.265869140625,3.265869140625,1.515869140625,1986.709170974791,unknown,True,,True,,False,,15128.7724609375,True,static_safe,False,0.0,0.0,kivi_4bit_residual64,0.0,,risk_evidence_insufficient,0.0,static_safe,0.0,,,,hybrid-session-004-turn-1,3.265869140625,1.75,3.265869140625,0.0,0.0,/DATACENTER3/zhenxiang.wang/work/TailGuardKV/.worktrees/baseline-smoke-final-aggregation/out/full_25session_baseline_9_14/full/policy_attempts/full40_20260916_h2o_static_safe/seed20260906,True,calibrated safe,hybrid-session-004,chat,171.02525103837252,1,risk_evidence_insufficient
kivi_4bit_residual64,13.0,0.1,False,True,online_qwen,True,,/DATACENTER3/zhenxiang.wang/work/TailGuardKV/.worktrees/baseline-smoke-final-aggregation/out/full_25session_baseline_9_14/full/policy_attempts/full40_20260916_h2o_static_safe/seed20260906/config.yaml,,,,,0.05,True,,0.05,,2.625,False,kivi_4bit_residual64,True,,balanced_two_gpu,1,persistent,27580.399591010064,36316,31535.401873057708,,,30.0,28.02734375,2.79931640625,2.79931640625,0.88525390625,1884.0979391243309,unknown,True,,True,,False,,15106.55908203125,True,static_safe,False,0.0,0.0,kivi_4bit_residual64,0.0,,risk_evidence_insufficient,0.0,static_safe,0.0,,,,hybrid-session-005-turn-1,2.79931640625,1.9140625,2.79931640625,0.0,0.0,/DATACENTER3/zhenxiang.wang/work/TailGuardKV/.worktrees/baseline-smoke-final-aggregation/out/full_25session_baseline_9_14/full/policy_attempts/full40_20260916_h2o_static_safe/seed20260906,True,calibrated safe,hybrid-session-005,chat,103.88461919501424,1,risk_evidence_insufficient
kivi_4bit_residual64,13.0,0.1,False,True,online_qwen,True,,/DATACENTER3/zhenxiang.wang/work/TailGuardKV/.worktrees/baseline-smoke-final-aggregation/out/full_25session_baseline_9_14/full/policy_attempts/full40_20260916_h2o_static_safe/seed20260906/config.yaml,,,,,0.05,True,,0.05,,1.6953125,False,kivi_4bit_residual64,True,,balanced_two_gpu,1,persistent,27580.399591010064,36316,31535.401873057708,,,30.0,29.84912109375,3.51708984375,3.51708984375,3.51708984375,1988.1384992040694,unknown,True,,True,,False,,15186.45556640625,True,static_safe,False,0.0,0.0,kivi_4bit_residual64,0.0,,risk_evidence_insufficient,0.0,static_safe,165.27676512487233,,,,hybrid-session-006-turn-1,3.51708984375,0.0,3.51708984375,0.0,0.0,/DATACENTER3/zhenxiang.wang/work/TailGuardKV/.worktrees/baseline-smoke-final-aggregation/out/full_25session_baseline_9_14/full/policy_attempts/full40_20260916_h2o_static_safe/seed20260906,True,calibrated safe,hybrid-session-006,chat,165.9124072175473,1,risk_evidence_insufficient
kivi_4bit_residual64,13.0,0.1,False,True,online_qwen,True,,/DATACENTER3/zhenxiang.wang/work/TailGuardKV/.worktrees/baseline-smoke-final-aggregation/out/full_25session_baseline_9_14/full/policy_attempts/full40_20260916_h2o_static_safe/seed20260906/config.yaml,,,,,0.05,True,,0.05,,3.3359375,False,kivi_4bit_residual64,True,,balanced_two_gpu,1,persistent,27580.399591010064,36316,31535.401873057708,,,30.0,28.81005859375,2.296875,2.296875,2.296875,1308.317034970969,unknown,True,,True,,False,,15138.44384765625,True,static_safe,False,0.0,0.0,kivi_4bit_residual64,0.0,,risk_evidence_insufficient,0.0,static_safe,102.4823859333992,,,,hybrid-session-009-turn-1,2.296875,0.0,2.296875,0.0,0.0,/DATACENTER3/zhenxiang.wang/work/TailGuardKV/.worktrees/baseline-smoke-final-aggregation/out/full_25session_baseline_9_14/full/policy_attempts/full40_20260916_h2o_static_safe/seed20260906,True,calibrated safe,hybrid-session-009,chat,103.13789104111493,1,risk_evidence_insufficient
kivi_4bit_residual64,13.0,0.1,False,True,online_qwen,True,,/DATACENTER3/zhenxiang.wang/work/TailGuardKV/.worktrees/baseline-smoke-final-aggregation/out/full_25session_baseline_9_14/full/policy_attempts/full40_20260916_h2o_static_safe/seed20260906/config.yaml,,,,,0.05,True,,0.05,,2.625,False,kivi_4bit_residual64,True,,balanced_two_gpu,1,persistent,27580.399591010064,36316,31535.401873057708,,,30.0,29.46630859375,3.28125,3.28125,3.28125,1267.9916101042181,unknown,True,,True,,False,,15132.30615234375,True,static_safe,False,0.0,0.0,kivi_4bit_residual64,0.0,,risk_evidence_insufficient,0.0,static_safe,99.81257701292634,,,,hybrid-session-010-turn-1,3.28125,0.0,3.28125,0.0,0.0,/DATACENTER3/zhenxiang.wang/work/TailGuardKV/.worktrees/baseline-smoke-final-aggregation/out/full_25session_baseline_9_14/full/policy_attempts/full40_20260916_h2o_static_safe/seed20260906,True,calibrated safe,hybrid-session-010,chat,100.44993297196925,1,risk_evidence_insufficient
kivi_4bit_residual64,13.0,0.1,False,True,online_qwen,True,,/DATACENTER3/zhenxiang.wang/work/TailGuardKV/.worktrees/baseline-smoke-final-aggregation/out/full_25session_baseline_9_14/full/policy_attempts/full40_20260916_h2o_static_safe/seed20260906/config.yaml,,,,,0.05,True,,0.05,,4.703125,False,kivi_4bit_residual64,True,,balanced_two_gpu,1,persistent,27580.399591010064,36316,31535.401873057708,,,30.0,28.09912109375,3.3359375,3.3359375,3.3359375,1280.1077459007502,unknown,True,,True,,False,,15134.18408203125,True,static_safe,False,0.0,0.0,kivi_4bit_residual64,0.0,,risk_evidence_insufficient,0.0,static_safe,100.30949604697526,,,,hybrid-session-013-turn-1,3.3359375,0.0,3.3359375,0.0,0.0,/DATACENTER3/zhenxiang.wang/work/TailGuardKV/.worktrees/baseline-smoke-final-aggregation/out/full_25session_baseline_9_14/full/policy_attempts/full40_20260916_h2o_static_safe/seed20260906,True,calibrated safe,hybrid-session-013,chat,100.95104994252324,1,risk_evidence_insufficient
kivi_4bit_residual64,13.0,0.1,False,True,online_qwen,True,,/DATACENTER3/zhenxiang.wang/work/TailGuardKV/.worktrees/baseline-smoke-final-aggregation/out/full_25session_baseline_9_14/full/policy_attempts/full40_20260916_h2o_static_safe/seed20260906/config.yaml,,,,,0.05,True,,0.05,,1.96875,False,kivi_4bit_residual64,True,,balanced_two_gpu,1,persistent,27580.399591010064,36316,31535.401873057708,,,30.0,28.893798828125,2.763427734375,2.763427734375,2.763427734375,1812.7822079695761,unknown,True,,True,,False,,15156.43408203125,True,static_safe,False,0.0,0.0,kivi_4bit_residual64,0.0,,risk_evidence_insufficient,0.0,static_safe,105.12099601328373,,,,hybrid-session-016-turn-1,2.763427734375,0.0,2.763427734375,0.0,0.0,/DATACENTER3/zhenxiang.wang/work/TailGuardKV/.worktrees/baseline-smoke-final-aggregation/out/full_25session_baseline_9_14/full/policy_attempts/full40_20260916_h2o_static_safe/seed20260906,True,calibrated safe,hybrid-session-016,chat,105.75186810456216,1,risk_evidence_insufficient
kivi_4bit_residual64,13.0,0.1,False,True,online_qwen,True,,/DATACENTER3/zhenxiang.wang/work/TailGuardKV/.worktrees/baseline-smoke-final-aggregation/out/full_25session_baseline_9_14/full/policy_attempts/full40_20260916_h2o_static_safe/seed20260906/config.yaml,,,,,0.05,True,,0.05,,2.1875,False,kivi_4bit_residual64,True,,balanced_two_gpu,1,persistent,27580.399591010064,36316,31535.401873057708,,,30.0,29.577392578125,2.87109375,2.87109375,2.87109375,1928.130904911086,unknown,True,,True,,False,,15162.81005859375,True,static_safe,False,0.0,0.0,kivi_4bit_residual64,0.0,,risk_evidence_insufficient,0.0,static_safe,149.8589830007404,,,,hybrid-session-020-turn-1,2.87109375,0.0,2.87109375,0.0,0.0,/DATACENTER3/zhenxiang.wang/work/TailGuardKV/.worktrees/baseline-smoke-final-aggregation/out/full_25session_baseline_9_14/full/policy_attempts/full40_20260916_h2o_static_safe/seed20260906,True,calibrated safe,hybrid-session-020,chat,150.4835058003664,1,risk_evidence_insufficient
kivi_4bit_residual64,13.0,0.1,False,True,online_qwen,True,,/DATACENTER3/zhenxiang.wang/work/TailGuardKV/.worktrees/baseline-smoke-final-aggregation/out/full_25session_baseline_9_14/full/policy_attempts/full40_20260916_h2o_static_safe/seed20260906/config.yaml,,,,,0.05,True,,0.05,,5.446533203125,False,kivi_4bit_residual64,True,,balanced_two_gpu,1,persistent,27580.399591010064,36316,31535.401873057708,,,30.0,27.181396484375,3.050537109375,3.050537109375,3.050537109375,1958.1078698392957,unknown,True,,True,,False,,15168.62744140625,True,static_safe,False,0.0,0.0,kivi_4bit_residual64,0.0,,risk_evidence_insufficient,0.0,static_safe,156.968291150406,,,,hybrid-session-021-turn-1,3.050537109375,0.0,3.050537109375,0.0,0.0,/DATACENTER3/zhenxiang.wang/work/TailGuardKV/.worktrees/baseline-smoke-final-aggregation/out/full_25session_baseline_9_14/full/policy_attempts/full40_20260916_h2o_static_safe/seed20260906,True,calibrated safe,hybrid-session-021,chat,157.6496169436723,1,risk_evidence_insufficient
kivi_4bit_residual64,13.0,0.1,False,True,online_qwen,True,,/DATACENTER3/zhenxiang.wang/work/TailGuardKV/.worktrees/baseline-smoke-final-aggregation/out/full_25session_baseline_9_14/full/policy_attempts/full40_20260916_h2o_static_safe/seed20260906/config.yaml,,,,,0.05,True,,0.05,,3.265869140625,False,kivi_4bit_residual64,True,,balanced_two_gpu,1,persistent,27580.399591010064,36316,31535.401873057708,,,30.0,27.30615234375,3.390625,3.390625,3.390625,1286.941268015653,unknown,True,,True,,False,,15134.60888671875,True,static_safe,False,0.005128205128205128,0.005128205128205128,kivi_4bit_residual64,0.005128205128205128,,risk_evidence_insufficient,0.0,static_safe,101.99078195728362,,,,hybrid-session-025-turn-1,3.390625,0.0,3.390625,0.0,0.005128205128205128,/DATACENTER3/zhenxiang.wang/work/TailGuardKV/.worktrees/baseline-smoke-final-aggregation/out/full_25session_baseline_9_14/full/policy_attempts/full40_20260916_h2o_static_safe/seed20260906,True,calibrated safe,hybrid-session-025,chat,102.63383411802351,1,risk_evidence_insufficient
kivi_4bit_residual64,13.0,0.1,False,True,online_qwen,True,,/DATACENTER3/zhenxiang.wang/work/TailGuardKV/.worktrees/baseline-smoke-final-aggregation/out/full_25session_baseline_9_14/full/policy_attempts/full40_20260916_h2o_static_safe/seed20260906/config.yaml,,,,,0.05,True,,0.05,,2.79931640625,False,kivi_4bit_residual64,True,,balanced_two_gpu,1,persistent,27580.399591010064,36316,31535.401873057708,,,30.0,27.59326171875,3.08642578125,3.08642578125,3.08642578125,1983.2578541245311,unknown,True,,True,,False,,15169.46533203125,True,static_safe,False,0.0,0.0,kivi_4bit_residual64,0.0,,risk_evidence_insufficient,0.02300882339477539,static_safe,163.05827582255006,,,,hybrid-session-026-turn-1,3.08642578125,0.0,3.08642578125,0.0,0.0,/DATACENTER3/zhenxiang.wang/work/TailGuardKV/.worktrees/baseline-smoke-final-aggregation/out/full_25session_baseline_9_14/full/policy_attempts/full40_20260916_h2o_static_safe/seed20260906,True,calibrated safe,hybrid-session-026,chat,163.71826315298676,1,risk_evidence_insufficient
kivi_4bit_residual64,13.0,0.1,True,True,online_qwen,True,,/DATACENTER3/zhenxiang.wang/work/TailGuardKV/.worktrees/baseline-smoke-final-aggregation/out/full_25session_baseline_9_14/full/policy_attempts/full40_20260916_h2o_static_safe/seed20260906/config.yaml,,,,,0.05,True,,0.05,,3.51708984375,False,kivi_4bit_residual64,True,,balanced_two_gpu,1,persistent,27580.399591010064,36316,31535.401873057708,,,30.0,28.811767578125,4.735595703125,4.735595703125,4.735595703125,2064.4587730057538,unknown,True,,True,,False,,15336.50830078125,True,static_safe,False,0.0,0.0,kivi_4bit_residual64,0.0,,risk_evidence_insufficient,0.0,static_safe,217.28802612051368,,,,hybrid-session-002-turn-2,4.735595703125,0.0,4.735595703125,0.0,0.0,/DATACENTER3/zhenxiang.wang/work/TailGuardKV/.worktrees/baseline-smoke-final-aggregation/out/full_25session_baseline_9_14/full/policy_attempts/full40_20260916_h2o_static_safe/seed20260906,True,calibrated safe,hybrid-session-002,qa,218.01204117946327,2,risk_evidence_insufficient
kivi_4bit_residual64,13.0,0.1,False,True,online_qwen,True,,/DATACENTER3/zhenxiang.wang/work/TailGuardKV/.worktrees/baseline-smoke-final-aggregation/out/full_25session_baseline_9_14/full/policy_attempts/full40_20260916_h2o_static_safe/seed20260906/config.yaml,,,,,0.05,True,,0.05,,5.578125,False,kivi_4bit_residual64,True,,balanced_two_gpu,1,persistent,27580.399591010064,36316,31535.401873057708,,,30.0,28.5263671875,5.292724609375,5.292724609375,5.292724609375,2038.7050218414515,unknown,True,,True,,False,,15310.34619140625,True,static_safe,False,0.0,0.0,kivi_4bit_residual64,0.0,,risk_evidence_insufficient,0.0,static_safe,208.51105102337897,,,,hybrid-session-003-turn-2,5.292724609375,0.0,5.292724609375,0.0,0.0,/DATACENTER3/zhenxiang.wang/work/TailGuardKV/.worktrees/baseline-smoke-final-aggregation/out/full_25session_baseline_9_14/full/policy_attempts/full40_20260916_h2o_static_safe/seed20260906,True,calibrated safe,hybrid-session-003,summary,209.19661386869848,2,risk_evidence_insufficient
kivi_4bit_residual64,13.0,0.1,False,True,online_qwen,True,,/DATACENTER3/zhenxiang.wang/work/TailGuardKV/.worktrees/baseline-smoke-final-aggregation/out/full_25session_baseline_9_14/full/policy_attempts/full40_20260916_h2o_static_safe/seed20260906/config.yaml,,,,,0.05,True,,0.05,,6.099365234375,False,kivi_4bit_residual64,True,,balanced_two_gpu,1,persistent,27580.399591010064,36316,31535.401873057708,,,30.0,27.342041015625,4.9150390625,4.9150390625,4.9150390625,2064.345551887527,unknown,True,,True,,False,,15344.98583984375,True,static_safe,False,0.03418803418803419,0.03418803418803419,kivi_4bit_residual64,0.03418803418803419,,risk_evidence_insufficient,0.0,static_safe,212.49122312292457,,,,hybrid-session-004-turn-2,4.9150390625,0.0,4.9150390625,0.0,0.3418803418803419,/DATACENTER3/zhenxiang.wang/work/TailGuardKV/.worktrees/baseline-smoke-final-aggregation/out/full_25session_baseline_9_14/full/policy_attempts/full40_20260916_h2o_static_safe/seed20260906,False,calibrated unsafe,hybrid-session-004,qa,213.19519192911685,2,risk_evidence_insufficient
kivi_4bit_residual64,13.0,0.1,False,True,online_qwen,True,,/DATACENTER3/zhenxiang.wang/work/TailGuardKV/.worktrees/baseline-smoke-final-aggregation/out/full_25session_baseline_9_14/full/policy_attempts/full40_20260916_h2o_static_safe/seed20260906/config.yaml,,,,,0.05,True,,0.05,,2.87109375,False,kivi_4bit_residual64,True,,balanced_two_gpu,1,persistent,27580.399591010064,36316,31535.401873057708,,,30.0,29.134765625,4.663818359375,4.663818359375,4.663818359375,2052.2176949307323,unknown,True,,True,,False,,15333.52587890625,True,static_safe,False,0.0,0.0,kivi_4bit_residual64,0.0,,risk_evidence_insufficient,0.0,static_safe,211.2106189597398,,,,hybrid-session-005-turn-2,4.663818359375,0.0,4.663818359375,0.0,0.0,/DATACENTER3/zhenxiang.wang/work/TailGuardKV/.worktrees/baseline-smoke-final-aggregation/out/full_25session_baseline_9_14/full/policy_attempts/full40_20260916_h2o_static_safe/seed20260906,True,calibrated safe,hybrid-session-005,summary,211.85471792705357,2,risk_evidence_insufficient
kivi_4bit_residual64,13.0,0.1,False,True,online_qwen,True,,/DATACENTER3/zhenxiang.wang/work/TailGuardKV/.worktrees/baseline-smoke-final-aggregation/out/full_25session_baseline_9_14/full/policy_attempts/full40_20260916_h2o_static_safe/seed20260906/config.yaml,,,,,0.05,True,,0.05,,6.441162109375,False,kivi_4bit_residual64,True,,balanced_two_gpu,1,persistent,27580.399591010064,36316,31535.401873057708,,,30.0,28.900634765625,6.20703125,6.20703125,6.20703125,2101.609874982387,unknown,True,,True,,False,,15398.94384765625,True,static_safe,False,0.03418803418803419,0.03418803418803419,kivi_4bit_residual64,0.03418803418803419,,risk_evidence_insufficient,0.0,static_safe,252.66702799126506,,,,hybrid-session-006-turn-2,6.20703125,0.0,6.20703125,0.0,0.3418803418803419,/DATACENTER3/zhenxiang.wang/work/TailGuardKV/.worktrees/baseline-smoke-final-aggregation/out/full_25session_baseline_9_14/full/policy_attempts/full40_20260916_h2o_static_safe/seed20260906,False,calibrated unsafe,hybrid-session-006,qa,253.2952178735286,2,risk_evidence_insufficient
kivi_4bit_residual64,13.0,0.1,False,True,online_qwen,True,,/DATACENTER3/zhenxiang.wang/work/TailGuardKV/.worktrees/baseline-smoke-final-aggregation/out/full_25session_baseline_9_14/full/policy_attempts/full40_20260916_h2o_static_safe/seed20260906/config.yaml,,,,,0.05,True,,0.05,,7.822021484375,False,kivi_4bit_residual64,True,,balanced_two_gpu,1,persistent,27580.399591010064,36316,31535.401873057708,,,30.0,26.227783203125,5.149169921875,5.149169921875,5.149169921875,2049.262515967712,unknown,True,,True,,False,,15304.57275390625,True,static_safe,False,0.0,0.0,kivi_4bit_residual64,0.0,,risk_evidence_insufficient,0.0,static_safe,209.50861112214625,,,,hybrid-session-009-turn-2,5.149169921875,0.0,5.149169921875,0.0,0.0,/DATACENTER3/zhenxiang.wang/work/TailGuardKV/.worktrees/baseline-smoke-final-aggregation/out/full_25session_baseline_9_14/full/policy_attempts/full40_20260916_h2o_static_safe/seed20260906,True,calibrated safe,hybrid-session-009,summary,210.14184993691742,2,risk_evidence_insufficient
kivi_4bit_residual64,13.0,0.1,False,True,online_qwen,True,,/DATACENTER3/zhenxiang.wang/work/TailGuardKV/.worktrees/baseline-smoke-final-aggregation/out/full_25session_baseline_9_14/full/policy_attempts/full40_20260916_h2o_static_safe/seed20260906/config.yaml,,,,,0.05,True,,0.05,,5.292724609375,False,kivi_4bit_residual64,True,,balanced_two_gpu,1,persistent,27580.399591010064,36316,31535.401873057708,,,30.0,26.514892578125,5.579833984375,5.579833984375,5.579833984375,2034.6473751123995,unknown,True,,True,,False,,15319.65087890625,True,static_safe,False,0.0,0.0,kivi_4bit_residual64,0.0,,risk_evidence_insufficient,0.0,static_safe,212.06949604675174,,,,hybrid-session-010-turn-2,5.579833984375,0.0,5.579833984375,0.0,0.0,/DATACENTER3/zhenxiang.wang/work/TailGuardKV/.worktrees/baseline-smoke-final-aggregation/out/full_25session_baseline_9_14/full/policy_attempts/full40_20260916_h2o_static_safe/seed20260906,True,calibrated safe,hybrid-session-010,qa,212.73087011650205,2,risk_evidence_insufficient
kivi_4bit_residual64,13.0,0.1,True,False,online_qwen,False,,/DATACENTER3/zhenxiang.wang/work/TailGuardKV/.worktrees/baseline-smoke-final-aggregation/out/full_25session_baseline_9_14/full/policy_attempts/full40_20260916_h2o_static_safe/seed20260906/config.yaml,,,,,0.05,True,,0.05,"OutOfMemoryError: CUDA out of memory. Tried to allocate 20.00 MiB. GPU 0 has a total capacity of 10.75 GiB of which 7.62 MiB is free. Including non-PyTorch memory, this process has 7.81 GiB memory in use. Process 38255 has 2.93 GiB memory in use. Of the allocated memory 6.91 GiB is allocated by PyTorch, and 107.97 MiB is reserved by PyTorch but unallocated. If reserved but unallocated memory is large try setting PYTORCH_CUDA_ALLOC_CONF=expandable_segments:True to avoid fragmentation.  See documentation for Memory Management  (https://pytorch.org/docs/stable/notes/cuda.html#environment-variables)",26.514892578125,False,kivi_4bit_residual64,True,,balanced_two_gpu,1,persistent,27580.399591010064,36316,31535.401873057708,true,,30.0,0.0,,,,,unknown,False,,False,,False,,,True,static_safe,False,0.0,0.0,kivi_4bit_residual64,0.0,,risk_evidence_insufficient,0.0,static_safe,0.0,,,,hybrid-session-013-turn-2,0.0,0.0,,0.0,0.0,/DATACENTER3/zhenxiang.wang/work/TailGuardKV/.worktrees/baseline-smoke-final-aggregation/out/full_25session_baseline_9_14/full/policy_attempts/full40_20260916_h2o_static_safe/seed20260906,True,calibrated safe,hybrid-session-013,summary,,2,risk_evidence_insufficient
kivi_4bit_residual64,13.0,0.1,False,False,online_qwen,False,,/DATACENTER3/zhenxiang.wang/work/TailGuardKV/.worktrees/baseline-smoke-final-aggregation/out/full_25session_baseline_9_14/full/policy_attempts/full40_20260916_h2o_static_safe/seed20260906/config.yaml,,,,,0.05,True,,0.05,,0,False,kivi_4bit_residual64,True,,balanced_two_gpu,1,persistent,27580.399591010064,36316,31535.401873057708,,,30.0,4.69970703125,4.69970703125,4.69970703125,4.69970703125,44636.41298723221,unknown,True,,True,,False,,15307.64306640625,True,static_safe,False,0.0,0.0,kivi_4bit_residual64,0.0,,risk_evidence_insufficient,0.0,static_safe,42692.52869112231,,,,hybrid-session-016-turn-2,4.69970703125,0.0,4.69970703125,0.0,0.0,/DATACENTER3/zhenxiang.wang/work/TailGuardKV/.worktrees/baseline-smoke-final-aggregation/out/full_25session_baseline_9_14/full/policy_attempts/full40_20260916_h2o_static_safe/seed20260906,True,calibrated safe,hybrid-session-016,qa,42693.473297150806,2,risk_evidence_insufficient
kivi_4bit_residual64,13.0,0.1,True,False,online_qwen,False,,/DATACENTER3/zhenxiang.wang/work/TailGuardKV/.worktrees/baseline-smoke-final-aggregation/out/full_25session_baseline_9_14/full/policy_attempts/full40_20260916_h2o_static_safe/seed20260906/config.yaml,,,,,0.05,True,,0.05,,0,False,kivi_4bit_residual64,True,,balanced_two_gpu,1,persistent,27580.399591010064,36316,31535.401873057708,,,30.0,9.435302734375,4.735595703125,4.735595703125,4.735595703125,2508.137180004269,unknown,True,,True,,False,,15313.55322265625,True,static_safe,False,0.03418803418803419,0.03418803418803419,kivi_4bit_residual64,0.03418803418803419,,risk_evidence_insufficient,0.0,static_safe,243.6700880061835,,,,hybrid-session-020-turn-2,4.735595703125,0.0,4.735595703125,0.0,0.3418803418803419,/DATACENTER3/zhenxiang.wang/work/TailGuardKV/.worktrees/baseline-smoke-final-aggregation/out/full_25session_baseline_9_14/full/policy_attempts/full40_20260916_h2o_static_safe/seed20260906,False,calibrated unsafe,hybrid-session-020,qa,253.05244699120522,2,risk_evidence_insufficient
kivi_4bit_residual64,13.0,0.1,False,False,online_qwen,False,,/DATACENTER3/zhenxiang.wang/work/TailGuardKV/.worktrees/baseline-smoke-final-aggregation/out/full_25session_baseline_9_14/full/policy_attempts/full40_20260916_h2o_static_safe/seed20260906/config.yaml,,,,,0.05,True,,0.05,,0,False,kivi_4bit_residual64,True,,balanced_two_gpu,1,persistent,27580.399591010064,36316,31535.401873057708,,,30.0,14.52978515625,5.094482421875,5.094482421875,5.094482421875,2275.9918090887368,unknown,True,,True,,False,,15331.34814453125,True,static_safe,False,0.0,0.0,kivi_4bit_residual64,0.0,,risk_evidence_insufficient,0.0,static_safe,260.70591202005744,,,,hybrid-session-021-turn-2,5.094482421875,0.0,5.094482421875,0.0,0.0,/DATACENTER3/zhenxiang.wang/work/TailGuardKV/.worktrees/baseline-smoke-final-aggregation/out/full_25session_baseline_9_14/full/policy_attempts/full40_20260916_h2o_static_safe/seed20260906,True,calibrated safe,hybrid-session-021,summary,261.5131391212344,2,risk_evidence_insufficient
kivi_4bit_residual64,13.0,0.1,False,False,online_qwen,False,,/DATACENTER3/zhenxiang.wang/work/TailGuardKV/.worktrees/baseline-smoke-final-aggregation/out/full_25session_baseline_9_14/full/policy_attempts/full40_20260916_h2o_static_safe/seed20260906/config.yaml,,,,,0.05,True,,0.05,,0,False,kivi_4bit_residual64,True,,balanced_two_gpu,1,persistent,27580.399591010064,36316,31535.401873057708,,,30.0,19.966064453125,5.436279296875,5.436279296875,5.436279296875,2061.814629007131,unknown,True,,True,,False,,15301.99658203125,True,static_safe,False,0.0,0.0,kivi_4bit_residual64,0.0,,risk_evidence_insufficient,0.0,static_safe,207.7055850531906,,,,hybrid-session-025-turn-2,5.436279296875,0.0,5.436279296875,0.0,0.0,/DATACENTER3/zhenxiang.wang/work/TailGuardKV/.worktrees/baseline-smoke-final-aggregation/out/full_25session_baseline_9_14/full/policy_attempts/full40_20260916_h2o_static_safe/seed20260906,True,calibrated safe,hybrid-session-025,summary,208.44542304985225,2,risk_evidence_insufficient
kivi_4bit_residual64,13.0,0.1,False,False,online_qwen,False,,/DATACENTER3/zhenxiang.wang/work/TailGuardKV/.worktrees/baseline-smoke-final-aggregation/out/full_25session_baseline_9_14/full/policy_attempts/full40_20260916_h2o_static_safe/seed20260906/config.yaml,,,,,0.05,True,,0.05,,0,False,kivi_4bit_residual64,True,,balanced_two_gpu,1,persistent,27580.399591010064,36316,31535.401873057708,,,30.0,25.168212890625,5.2021484375,5.2021484375,5.2021484375,2088.8902430888265,unknown,True,,True,,False,,15346.38427734375,True,static_safe,False,0.03418803418803419,0.03418803418803419,kivi_4bit_residual64,0.03418803418803419,,risk_evidence_insufficient,0.0,static_safe,222.56233706139028,,,,hybrid-session-026-turn-2,5.2021484375,0.0,5.2021484375,0.0,0.3418803418803419,/DATACENTER3/zhenxiang.wang/work/TailGuardKV/.worktrees/baseline-smoke-final-aggregation/out/full_25session_baseline_9_14/full/policy_attempts/full40_20260916_h2o_static_safe/seed20260906,False,calibrated unsafe,hybrid-session-026,qa,223.2362620998174,2,risk_evidence_insufficient
kivi_4bit_residual64,13.0,0.1,False,True,online_qwen,True,,/DATACENTER3/zhenxiang.wang/work/TailGuardKV/.worktrees/baseline-smoke-final-aggregation/out/full_25session_baseline_9_14/full/policy_attempts/full40_20260916_h2o_static_safe/seed20260906/config.yaml,,,,,0.05,True,,0.05,,4.69970703125,False,kivi_4bit_residual64,True,,balanced_two_gpu,1,persistent,27580.399591010064,36316,31535.401873057708,,,30.0,26.890869140625,6.42236328125,6.42236328125,6.42236328125,2102.674889145419,unknown,True,,True,,False,,15403.13427734375,True,static_safe,False,0.0,0.0,kivi_4bit_residual64,0.0,,risk_evidence_insufficient,0.0,static_safe,257.4166739359498,,,,hybrid-session-002-turn-3,6.42236328125,0.0,6.42236328125,0.0,0.0,/DATACENTER3/zhenxiang.wang/work/TailGuardKV/.worktrees/baseline-smoke-final-aggregation/out/full_25session_baseline_9_14/full/policy_attempts/full40_20260916_h2o_static_safe/seed20260906,True,calibrated safe,hybrid-session-002,qa,258.13037203624845,3,risk_evidence_insufficient
kivi_4bit_residual64,13.0,0.1,False,True,online_qwen,True,,/DATACENTER3/zhenxiang.wang/work/TailGuardKV/.worktrees/baseline-smoke-final-aggregation/out/full_25session_baseline_9_14/full/policy_attempts/full40_20260916_h2o_static_safe/seed20260906/config.yaml,,,,,0.05,True,,0.05,,4.735595703125,False,kivi_4bit_residual64,True,,balanced_two_gpu,1,persistent,27580.399591010064,36316,31535.401873057708,,,30.0,27.895751953125,5.740478515625,5.740478515625,5.740478515625,2085.026754066348,unknown,True,,True,,False,,15376.13330078125,True,static_safe,False,0.0,0.0,kivi_4bit_residual64,0.0,,risk_evidence_insufficient,0.0,static_safe,237.8325299359858,,,,hybrid-session-003-turn-3,5.740478515625,0.0,5.740478515625,0.0,0.0,/DATACENTER3/zhenxiang.wang/work/TailGuardKV/.worktrees/baseline-smoke-final-aggregation/out/full_25session_baseline_9_14/full/policy_attempts/full40_20260916_h2o_static_safe/seed20260906,True,calibrated safe,hybrid-session-003,summary,238.4904259815812,3,risk_evidence_insufficient
kivi_4bit_residual64,13.0,0.1,False,True,online_qwen,True,,/DATACENTER3/zhenxiang.wang/work/TailGuardKV/.worktrees/baseline-smoke-final-aggregation/out/full_25session_baseline_9_14/full/policy_attempts/full40_20260916_h2o_static_safe/seed20260906/config.yaml,,,,,0.05,True,,0.05,,5.094482421875,False,kivi_4bit_residual64,True,,balanced_two_gpu,1,persistent,27580.399591010064,36316,31535.401873057708,,,30.0,29.403076171875,6.601806640625,6.601806640625,6.601806640625,2104.089385131374,unknown,True,,True,,False,,15413.28564453125,True,static_safe,False,0.03418803418803419,0.03418803418803419,kivi_4bit_residual64,0.03418803418803419,,risk_evidence_insufficient,0.0,static_safe,245.98820903338492,,,,hybrid-session-004-turn-3,6.601806640625,0.0,6.601806640625,0.0,0.3418803418803419,/DATACENTER3/zhenxiang.wang/work/TailGuardKV/.worktrees/baseline-smoke-final-aggregation/out/full_25session_baseline_9_14/full/policy_attempts/full40_20260916_h2o_static_safe/seed20260906,False,calibrated unsafe,hybrid-session-004,qa,246.6398631222546,3,risk_evidence_insufficient
kivi_4bit_residual64,13.0,0.1,False,True,online_qwen,True,,/DATACENTER3/zhenxiang.wang/work/TailGuardKV/.worktrees/baseline-smoke-final-aggregation/out/full_25session_baseline_9_14/full/policy_attempts/full40_20260916_h2o_static_safe/seed20260906/config.yaml,,,,,0.05,True,,0.05,,10.638427734375,False,kivi_4bit_residual64,True,,balanced_two_gpu,1,persistent,27580.399591010064,36316,31535.401873057708,,,30.0,25.079345703125,6.314697265625,6.314697265625,6.314697265625,2093.672698130831,unknown,True,,True,,False,,15402.90087890625,True,static_safe,False,0.0,0.0,kivi_4bit_residual64,0.0,,risk_evidence_insufficient,0.0,static_safe,239.9033298715949,,,,hybrid-session-005-turn-3,6.314697265625,0.0,6.314697265625,0.0,0.0,/DATACENTER3/zhenxiang.wang/work/TailGuardKV/.worktrees/baseline-smoke-final-aggregation/out/full_25session_baseline_9_14/full/policy_attempts/full40_20260916_h2o_static_safe/seed20260906,True,calibrated safe,hybrid-session-005,summary,240.6006020028144,3,risk_evidence_insufficient
kivi_4bit_residual64,13.0,0.1,False,True,online_qwen,True,,/DATACENTER3/zhenxiang.wang/work/TailGuardKV/.worktrees/baseline-smoke-final-aggregation/out/full_25session_baseline_9_14/full/policy_attempts/full40_20260916_h2o_static_safe/seed20260906/config.yaml,,,,,0.05,True,,0.05,,6.42236328125,False,kivi_4bit_residual64,True,,balanced_two_gpu,1,persistent,27580.399591010064,36316,31535.401873057708,,,30.0,25.34765625,6.690673828125,6.690673828125,6.690673828125,2133.712455164641,unknown,True,,True,,False,,15463.1826171875,True,static_safe,False,0.0,0.0,kivi_4bit_residual64,0.0,,risk_evidence_insufficient,0.0,static_safe,297.7624689228833,,,,hybrid-session-006-turn-3,6.690673828125,0.0,6.690673828125,0.0,0.0,/DATACENTER3/zhenxiang.wang/work/TailGuardKV/.worktrees/baseline-smoke-final-aggregation/out/full_25session_baseline_9_14/full/policy_attempts/full40_20260916_h2o_static_safe/seed20260906,True,calibrated safe,hybrid-session-006,qa,298.4758890233934,3,risk_evidence_insufficient
kivi_4bit_residual64,13.0,0.1,False,True,online_qwen,True,,/DATACENTER3/zhenxiang.wang/work/TailGuardKV/.worktrees/baseline-smoke-final-aggregation/out/full_25session_baseline_9_14/full/policy_attempts/full40_20260916_h2o_static_safe/seed20260906/config.yaml,,,,,0.05,True,,0.05,,5.740478515625,False,kivi_4bit_residual64,True,,balanced_two_gpu,1,persistent,27580.399591010064,36316,31535.401873057708,,,30.0,25.2041015625,5.596923828125,5.596923828125,5.596923828125,2058.9187720324844,unknown,True,,True,,False,,15368.09619140625,True,static_safe,False,0.0,0.0,kivi_4bit_residual64,0.0,,risk_evidence_insufficient,0.0,static_safe,229.83470605686307,,,,hybrid-session-009-turn-3,5.596923828125,0.0,5.596923828125,0.0,0.0,/DATACENTER3/zhenxiang.wang/work/TailGuardKV/.worktrees/baseline-smoke-final-aggregation/out/full_25session_baseline_9_14/full/policy_attempts/full40_20260916_h2o_static_safe/seed20260906,True,calibrated safe,hybrid-session-009,summary,230.50093301571906,3,risk_evidence_insufficient
kivi_4bit_residual64,13.0,0.1,False,True,online_qwen,True,,/DATACENTER3/zhenxiang.wang/work/TailGuardKV/.worktrees/baseline-smoke-final-aggregation/out/full_25session_baseline_9_14/full/policy_attempts/full40_20260916_h2o_static_safe/seed20260906/config.yaml,,,,,0.05,True,,0.05,,6.601806640625,False,kivi_4bit_residual64,True,,balanced_two_gpu,1,persistent,27580.399591010064,36316,31535.401873057708,,,30.0,24.665771484375,6.0634765625,6.0634765625,6.0634765625,2088.3738801348954,unknown,True,,True,,False,,15388.24560546875,True,static_safe,False,0.0,0.0,kivi_4bit_residual64,0.0,,risk_evidence_insufficient,0.0,static_safe,238.25063300319016,,,,hybrid-session-010-turn-3,6.0634765625,0.0,6.0634765625,0.0,0.0,/DATACENTER3/zhenxiang.wang/work/TailGuardKV/.worktrees/baseline-smoke-final-aggregation/out/full_25session_baseline_9_14/full/policy_attempts/full40_20260916_h2o_static_safe/seed20260906,True,calibrated safe,hybrid-session-010,qa,238.95576409995556,3,risk_evidence_insufficient
kivi_4bit_residual64,13.0,0.1,False,False,online_qwen,False,,/DATACENTER3/zhenxiang.wang/work/TailGuardKV/.worktrees/baseline-smoke-final-aggregation/out/full_25session_baseline_9_14/full/policy_attempts/full40_20260916_h2o_static_safe/seed20260906/config.yaml,,,,,0.05,True,,0.05,,0,False,kivi_4bit_residual64,True,,balanced_two_gpu,1,persistent,27580.399591010064,36316,31535.401873057708,,,30.0,28.505859375,3.840087890625,3.840087890625,3.840087890625,1991.01183982566,unknown,True,,True,,False,,15197.79150390625,True,static_safe,False,0.0,0.0,kivi_4bit_residual64,0.0,,risk_evidence_insufficient,0.0,static_safe,171.1991890333593,,,,hybrid-session-013-turn-3,3.840087890625,0.0,3.840087890625,0.0,0.0,/DATACENTER3/zhenxiang.wang/work/TailGuardKV/.worktrees/baseline-smoke-final-aggregation/out/full_25session_baseline_9_14/full/policy_attempts/full40_20260916_h2o_static_safe/seed20260906,True,calibrated safe,hybrid-session-013,summary,171.907601878047,3,risk_evidence_insufficient
kivi_4bit_residual64,13.0,0.1,False,True,online_qwen,True,,/DATACENTER3/zhenxiang.wang/work/TailGuardKV/.worktrees/baseline-smoke-final-aggregation/out/full_25session_baseline_9_14/full/policy_attempts/full40_20260916_h2o_static_safe/seed20260906/config.yaml,,,,,0.05,True,,0.05,,6.314697265625,False,kivi_4bit_residual64,True,,balanced_two_gpu,1,persistent,27580.399591010064,36316,31535.401873057708,,,30.0,28.57763671875,6.386474609375,6.386474609375,6.386474609375,2081.706059863791,unknown,True,,True,,False,,15406.10400390625,True,static_safe,False,0.0,0.0,kivi_4bit_residual64,0.0,,risk_evidence_insufficient,0.0,static_safe,245.82593515515327,,,,hybrid-session-016-turn-3,6.386474609375,0.0,6.386474609375,0.0,0.0,/DATACENTER3/zhenxiang.wang/work/TailGuardKV/.worktrees/baseline-smoke-final-aggregation/out/full_25session_baseline_9_14/full/policy_attempts/full40_20260916_h2o_static_safe/seed20260906,True,calibrated safe,hybrid-session-016,qa,246.5054369531572,3,risk_evidence_insufficient
kivi_4bit_residual64,13.0,0.1,False,True,online_qwen,True,,/DATACENTER3/zhenxiang.wang/work/TailGuardKV/.worktrees/baseline-smoke-final-aggregation/out/full_25session_baseline_9_14/full/policy_attempts/full40_20260916_h2o_static_safe/seed20260906/config.yaml,,,,,0.05,True,,0.05,,6.690673828125,False,kivi_4bit_residual64,True,,balanced_two_gpu,1,persistent,27580.399591010064,36316,31535.401873057708,,,30.0,28.2734375,6.386474609375,6.386474609375,6.386474609375,2080.0129920244217,unknown,True,,True,,False,,15406.17236328125,True,static_safe,False,0.0,0.0,kivi_4bit_residual64,0.0,,risk_evidence_insufficient,0.0,static_safe,232.66142792999744,,,,hybrid-session-020-turn-3,6.386474609375,0.0,6.386474609375,0.0,0.0,/DATACENTER3/zhenxiang.wang/work/TailGuardKV/.worktrees/baseline-smoke-final-aggregation/out/full_25session_baseline_9_14/full/policy_attempts/full40_20260916_h2o_static_safe/seed20260906,True,calibrated safe,hybrid-session-020,qa,233.3445050753653,3,risk_evidence_insufficient
kivi_4bit_residual64,13.0,0.1,False,True,online_qwen,True,,/DATACENTER3/zhenxiang.wang/work/TailGuardKV/.worktrees/baseline-smoke-final-aggregation/out/full_25session_baseline_9_14/full/policy_attempts/full40_20260916_h2o_static_safe/seed20260906/config.yaml,,,,,0.05,True,,0.05,,5.596923828125,False,kivi_4bit_residual64,True,,balanced_two_gpu,1,persistent,27580.399591010064,36316,31535.401873057708,,,30.0,29.421875,6.745361328125,6.745361328125,6.745361328125,2092.1371090225875,unknown,True,,True,,False,,15421.52978515625,True,static_safe,False,0.0,0.0,kivi_4bit_residual64,0.0,,risk_evidence_insufficient,0.0,static_safe,243.87756106443703,,,,hybrid-session-021-turn-3,6.745361328125,0.0,6.745361328125,0.0,0.0,/DATACENTER3/zhenxiang.wang/work/TailGuardKV/.worktrees/baseline-smoke-final-aggregation/out/full_25session_baseline_9_14/full/policy_attempts/full40_20260916_h2o_static_safe/seed20260906,True,calibrated safe,hybrid-session-021,summary,244.56848902627826,3,risk_evidence_insufficient
kivi_4bit_residual64,13.0,0.1,False,True,online_qwen,True,,/DATACENTER3/zhenxiang.wang/work/TailGuardKV/.worktrees/baseline-smoke-final-aggregation/out/full_25session_baseline_9_14/full/policy_attempts/full40_20260916_h2o_static_safe/seed20260906/config.yaml,,,,,0.05,True,,0.05,,6.0634765625,False,kivi_4bit_residual64,True,,balanced_two_gpu,1,persistent,27580.399591010064,36316,31535.401873057708,,,30.0,29.20654296875,5.84814453125,5.84814453125,5.84814453125,2064.3332889303565,unknown,True,,True,,False,,15382.57763671875,True,static_safe,False,0.0,0.0,kivi_4bit_residual64,0.0,,risk_evidence_insufficient,0.0,static_safe,239.51399815268815,,,,hybrid-session-025-turn-3,5.84814453125,0.0,5.84814453125,0.0,0.0,/DATACENTER3/zhenxiang.wang/work/TailGuardKV/.worktrees/baseline-smoke-final-aggregation/out/full_25session_baseline_9_14/full/policy_attempts/full40_20260916_h2o_static_safe/seed20260906,True,calibrated safe,hybrid-session-025,summary,240.30530801974237,3,risk_evidence_insufficient
kivi_4bit_residual64,13.0,0.1,False,True,online_qwen,True,,/DATACENTER3/zhenxiang.wang/work/TailGuardKV/.worktrees/baseline-smoke-final-aggregation/out/full_25session_baseline_9_14/full/policy_attempts/full40_20260916_h2o_static_safe/seed20260906/config.yaml,,,,,0.05,True,,0.05,,10.2265625,False,kivi_4bit_residual64,True,,balanced_two_gpu,1,persistent,27580.399591010064,36316,31535.401873057708,,,30.0,24.665771484375,5.685791015625,5.685791015625,5.685791015625,2088.072477839887,unknown,True,,True,,False,,15427.39501953125,True,static_safe,False,0.03418803418803419,0.03418803418803419,kivi_4bit_residual64,0.03418803418803419,,risk_evidence_insufficient,0.0,static_safe,243.21774602867663,,,,hybrid-session-026-turn-3,5.685791015625,0.0,5.685791015625,0.0,0.3418803418803419,/DATACENTER3/zhenxiang.wang/work/TailGuardKV/.worktrees/baseline-smoke-final-aggregation/out/full_25session_baseline_9_14/full/policy_attempts/full40_20260916_h2o_static_safe/seed20260906,False,calibrated unsafe,hybrid-session-026,qa,243.87834989465773,3,risk_evidence_insufficient
kivi_4bit_residual64,13.0,0.1,False,True,online_qwen,True,,/DATACENTER3/zhenxiang.wang/work/TailGuardKV/.worktrees/baseline-smoke-final-aggregation/out/full_25session_baseline_9_14/full/policy_attempts/full40_20260916_h2o_static_safe/seed20260906/config.yaml,,,,,0.05,True,,0.05,,6.386474609375,False,kivi_4bit_residual64,True,,balanced_two_gpu,1,persistent,27580.399591010064,36316,31535.401873057708,,,30.0,25.005859375,6.7265625,6.7265625,6.7265625,2122.983444016427,unknown,True,,True,,False,,15464.6416015625,True,static_safe,False,0.0,0.0,kivi_4bit_residual64,0.0,,risk_evidence_insufficient,0.0,static_safe,286.6442420054227,,,,hybrid-session-002-turn-4,6.7265625,0.0,6.7265625,0.0,0.0,/DATACENTER3/zhenxiang.wang/work/TailGuardKV/.worktrees/baseline-smoke-final-aggregation/out/full_25session_baseline_9_14/full/policy_attempts/full40_20260916_h2o_static_safe/seed20260906,True,calibrated safe,hybrid-session-002,qa,287.353890016675,4,risk_evidence_insufficient
kivi_4bit_residual64,13.0,0.1,False,True,online_qwen,True,,/DATACENTER3/zhenxiang.wang/work/TailGuardKV/.worktrees/baseline-smoke-final-aggregation/out/full_25session_baseline_9_14/full/policy_attempts/full40_20260916_h2o_static_safe/seed20260906/config.yaml,,,,,0.05,True,,0.05,,6.745361328125,False,kivi_4bit_residual64,True,,balanced_two_gpu,1,persistent,27580.399591010064,36316,31535.401873057708,,,30.0,24.30517578125,6.044677734375,6.044677734375,6.044677734375,2093.7837150413543,unknown,True,,True,,False,,15438.72900390625,True,static_safe,False,0.0,0.0,kivi_4bit_residual64,0.0,,risk_evidence_insufficient,0.0,static_safe,243.7678270507604,,,,hybrid-session-003-turn-4,6.044677734375,0.0,6.044677734375,0.0,0.0,/DATACENTER3/zhenxiang.wang/work/TailGuardKV/.worktrees/baseline-smoke-final-aggregation/out/full_25session_baseline_9_14/full/policy_attempts/full40_20260916_h2o_static_safe/seed20260906,True,calibrated safe,hybrid-session-003,summary,244.4683639332652,4,risk_evidence_insufficient
kivi_4bit_residual64,13.0,0.1,False,True,online_qwen,True,,/DATACENTER3/zhenxiang.wang/work/TailGuardKV/.worktrees/baseline-smoke-final-aggregation/out/full_25session_baseline_9_14/full/policy_attempts/full40_20260916_h2o_static_safe/seed20260906/config.yaml,,,,,0.05,True,,0.05,,5.84814453125,False,kivi_4bit_residual64,True,,balanced_two_gpu,1,persistent,27580.399591010064,36316,31535.401873057708,,,30.0,25.363037109375,6.906005859375,6.906005859375,6.906005859375,2142.521681962535,unknown,True,,True,,False,,15472.3369140625,True,static_safe,False,0.0,0.0,kivi_4bit_residual64,0.0,,risk_evidence_insufficient,0.0,static_safe,289.3891120329499,,,,hybrid-session-004-turn-4,6.906005859375,0.0,6.906005859375,0.0,0.0,/DATACENTER3/zhenxiang.wang/work/TailGuardKV/.worktrees/baseline-smoke-final-aggregation/out/full_25session_baseline_9_14/full/policy_attempts/full40_20260916_h2o_static_safe/seed20260906,True,calibrated safe,hybrid-session-004,qa,290.11680907569826,4,risk_evidence_insufficient
kivi_4bit_residual64,13.0,0.1,False,True,online_qwen,True,,/DATACENTER3/zhenxiang.wang/work/TailGuardKV/.worktrees/baseline-smoke-final-aggregation/out/full_25session_baseline_9_14/full/policy_attempts/full40_20260916_h2o_static_safe/seed20260906/config.yaml,,,,,0.05,True,,0.05,,5.685791015625,False,kivi_4bit_residual64,True,,balanced_two_gpu,1,persistent,27580.399591010064,36316,31535.401873057708,,,30.0,26.296142578125,6.618896484375,6.618896484375,6.618896484375,2139.801519922912,unknown,True,,True,,False,,15460.0244140625,True,static_safe,False,0.0,0.0,kivi_4bit_residual64,0.0,,risk_evidence_insufficient,0.0,static_safe,286.66072292253375,,,,hybrid-session-005-turn-4,6.618896484375,0.0,6.618896484375,0.0,0.0,/DATACENTER3/zhenxiang.wang/work/TailGuardKV/.worktrees/baseline-smoke-final-aggregation/out/full_25session_baseline_9_14/full/policy_attempts/full40_20260916_h2o_static_safe/seed20260906,True,calibrated safe,hybrid-session-005,summary,287.3061818536371,4,risk_evidence_insufficient
kivi_4bit_residual64,13.0,0.1,False,True,online_qwen,True,,/DATACENTER3/zhenxiang.wang/work/TailGuardKV/.worktrees/baseline-smoke-final-aggregation/out/full_25session_baseline_9_14/full/policy_attempts/full40_20260916_h2o_static_safe/seed20260906/config.yaml,,,,,0.05,True,,0.05,,6.7265625,False,kivi_4bit_residual64,True,,balanced_two_gpu,1,persistent,27580.399591010064,36316,31535.401873057708,,,30.0,26.564453125,6.994873046875,6.994873046875,6.994873046875,2182.6014688704163,unknown,True,,True,,False,,15527.2626953125,True,static_safe,False,0.0,0.0,kivi_4bit_residual64,0.0,,risk_evidence_insufficient,0.0,static_safe,294.268392957747,,,,hybrid-session-006-turn-4,6.994873046875,0.0,6.994873046875,0.0,0.0,/DATACENTER3/zhenxiang.wang/work/TailGuardKV/.worktrees/baseline-smoke-final-aggregation/out/full_25session_baseline_9_14/full/policy_attempts/full40_20260916_h2o_static_safe/seed20260906,True,calibrated safe,hybrid-session-006,qa,294.95531087741256,4,risk_evidence_insufficient
kivi_4bit_residual64,13.0,0.1,True,True,online_qwen,True,,/DATACENTER3/zhenxiang.wang/work/TailGuardKV/.worktrees/baseline-smoke-final-aggregation/out/full_25session_baseline_9_14/full/policy_attempts/full40_20260916_h2o_static_safe/seed20260906/config.yaml,,,,,0.05,True,,0.05,,6.044677734375,False,kivi_4bit_residual64,True,,balanced_two_gpu,1,persistent,27580.399591010064,36316,31535.401873057708,,,30.0,26.4208984375,5.901123046875,5.901123046875,5.901123046875,2110.7383219059557,unknown,True,,True,,False,,15434.67431640625,True,static_safe,False,0.0,0.0,kivi_4bit_residual64,0.0,,risk_evidence_insufficient,0.0,static_safe,244.1019311081618,,,,hybrid-session-009-turn-4,5.901123046875,0.0,5.901123046875,0.0,0.0,/DATACENTER3/zhenxiang.wang/work/TailGuardKV/.worktrees/baseline-smoke-final-aggregation/out/full_25session_baseline_9_14/full/policy_attempts/full40_20260916_h2o_static_safe/seed20260906,True,calibrated safe,hybrid-session-009,summary,244.78608393110335,4,risk_evidence_insufficient
kivi_4bit_residual64,13.0,0.1,False,True,online_qwen,True,,/DATACENTER3/zhenxiang.wang/work/TailGuardKV/.worktrees/baseline-smoke-final-aggregation/out/full_25session_baseline_9_14/full/policy_attempts/full40_20260916_h2o_static_safe/seed20260906/config.yaml,,,,,0.05,True,,0.05,,6.906005859375,False,kivi_4bit_residual64,True,,balanced_two_gpu,1,persistent,27580.399591010064,36316,31535.401873057708,,,30.0,25.882568359375,6.36767578125,6.36767578125,6.36767578125,2141.6543091181666,unknown,True,,True,,False,,15450.701171875,True,static_safe,False,0.0,0.0,kivi_4bit_residual64,0.0,,risk_evidence_insufficient,0.0,static_safe,288.3576089516282,,,,hybrid-session-010-turn-4,6.36767578125,0.0,6.36767578125,0.0,0.0,/DATACENTER3/zhenxiang.wang/work/TailGuardKV/.worktrees/baseline-smoke-final-aggregation/out/full_25session_baseline_9_14/full/policy_attempts/full40_20260916_h2o_static_safe/seed20260906,True,calibrated safe,hybrid-session-010,qa,289.0290031209588,4,risk_evidence_insufficient
kivi_4bit_residual64,13.0,0.1,True,False,online_qwen,False,,/DATACENTER3/zhenxiang.wang/work/TailGuardKV/.worktrees/baseline-smoke-final-aggregation/out/full_25session_baseline_9_14/full/policy_attempts/full40_20260916_h2o_static_safe/seed20260906/config.yaml,,,,,0.05,True,,0.05,"OutOfMemoryError: CUDA out of memory. Tried to allocate 2.00 MiB. GPU 0 has a total capacity of 10.75 GiB of which 3.62 MiB is free. Including non-PyTorch memory, this process has 7.82 GiB memory in use. Process 40407 has 2.93 GiB memory in use. Of the allocated memory 6.91 GiB is allocated by PyTorch, and 118.54 MiB is reserved by PyTorch but unallocated. If reserved but unallocated memory is large try setting PYTORCH_CUDA_ALLOC_CONF=expandable_segments:True to avoid fragmentation.  See documentation for Memory Management  (https://pytorch.org/docs/stable/notes/cuda.html#environment-variables)",25.882568359375,False,kivi_4bit_residual64,True,,balanced_two_gpu,1,persistent,27580.399591010064,36316,31535.401873057708,true,,30.0,0.0,,,,,unknown,False,,False,,False,,,True,static_safe,False,0.0,0.0,kivi_4bit_residual64,0.0,,risk_evidence_insufficient,0.0,static_safe,0.0,,,,hybrid-session-013-turn-4,0.0,0.0,,0.0,0.0,/DATACENTER3/zhenxiang.wang/work/TailGuardKV/.worktrees/baseline-smoke-final-aggregation/out/full_25session_baseline_9_14/full/policy_attempts/full40_20260916_h2o_static_safe/seed20260906,True,calibrated safe,hybrid-session-013,summary,,4,risk_evidence_insufficient
kivi_4bit_residual64,13.0,0.1,False,False,online_qwen,False,,/DATACENTER3/zhenxiang.wang/work/TailGuardKV/.worktrees/baseline-smoke-final-aggregation/out/full_25session_baseline_9_14/full/policy_attempts/full40_20260916_h2o_static_safe/seed20260906/config.yaml,,,,,0.05,True,,0.05,,0,False,kivi_4bit_residual64,True,,balanced_two_gpu,1,persistent,27580.399591010064,36316,31535.401873057708,,,30.0,6.690673828125,6.690673828125,6.690673828125,6.690673828125,44148.787215709686,unknown,True,,True,,False,,15438.0126953125,True,static_safe,False,0.0,0.0,kivi_4bit_residual64,0.0,,risk_evidence_insufficient,0.0,static_safe,42105.330668514594,,,,hybrid-session-016-turn-4,6.690673828125,0.0,6.690673828125,0.0,0.0,/DATACENTER3/zhenxiang.wang/work/TailGuardKV/.worktrees/baseline-smoke-final-aggregation/out/full_25session_baseline_9_14/full/policy_attempts/full40_20260916_h2o_static_safe/seed20260906,True,calibrated safe,hybrid-session-016,qa,42106.492948610336,4,risk_evidence_insufficient
kivi_4bit_residual64,13.0,0.1,False,False,online_qwen,False,,/DATACENTER3/zhenxiang.wang/work/TailGuardKV/.worktrees/baseline-smoke-final-aggregation/out/full_25session_baseline_9_14/full/policy_attempts/full40_20260916_h2o_static_safe/seed20260906/config.yaml,,,,,0.05,True,,0.05,,0,False,kivi_4bit_residual64,True,,balanced_two_gpu,1,persistent,27580.399591010064,36316,31535.401873057708,,,30.0,13.38134765625,6.690673828125,6.690673828125,6.690673828125,2150.839966023341,unknown,True,,True,,False,,15444.7119140625,True,static_safe,False,0.0,0.0,kivi_4bit_residual64,0.0,,risk_evidence_insufficient,0.0,static_safe,282.65959513373673,,,,hybrid-session-020-turn-4,6.690673828125,0.0,6.690673828125,0.0,0.0,/DATACENTER3/zhenxiang.wang/work/TailGuardKV/.worktrees/baseline-smoke-final-aggregation/out/full_25session_baseline_9_14/full/policy_attempts/full40_20260916_h2o_static_safe/seed20260906,True,calibrated safe,hybrid-session-020,qa,283.41563302092254,4,risk_evidence_insufficient
kivi_4bit_residual64,13.0,0.1,False,False,online_qwen,False,,/DATACENTER3/zhenxiang.wang/work/TailGuardKV/.worktrees/baseline-smoke-final-aggregation/out/full_25session_baseline_9_14/full/policy_attempts/full40_20260916_h2o_static_safe/seed20260906/config.yaml,,,,,0.05,True,,0.05,,0,False,kivi_4bit_residual64,True,,balanced_two_gpu,1,persistent,27580.399591010064,36316,31535.401873057708,,,30.0,20.430908203125,7.049560546875,7.049560546875,7.049560546875,2172.216665931046,unknown,True,,True,,False,,15466.6689453125,True,static_safe,False,0.0,0.0,kivi_4bit_residual64,0.0,,risk_evidence_insufficient,0.0,static_safe,298.0397818610072,,,,hybrid-session-021-turn-4,7.049560546875,0.0,7.049560546875,0.0,0.0,/DATACENTER3/zhenxiang.wang/work/TailGuardKV/.worktrees/baseline-smoke-final-aggregation/out/full_25session_baseline_9_14/full/policy_attempts/full40_20260916_h2o_static_safe/seed20260906,True,calibrated safe,hybrid-session-021,summary,298.7057198770344,4,risk_evidence_insufficient
kivi_4bit_residual64,13.0,0.1,False,False,online_qwen,False,,/DATACENTER3/zhenxiang.wang/work/TailGuardKV/.worktrees/baseline-smoke-final-aggregation/out/full_25session_baseline_9_14/full/policy_attempts/full40_20260916_h2o_static_safe/seed20260906/config.yaml,,,,,0.05,True,,0.05,,0,False,kivi_4bit_residual64,True,,balanced_two_gpu,1,persistent,27580.399591010064,36316,31535.401873057708,,,30.0,26.583251953125,6.15234375,6.15234375,6.15234375,2153.6272359080613,unknown,True,,True,,False,,15442.7470703125,True,static_safe,False,0.0,0.0,kivi_4bit_residual64,0.0,,risk_evidence_insufficient,0.0,static_safe,290.1245199609548,,,,hybrid-session-025-turn-4,6.15234375,0.0,6.15234375,0.0,0.0,/DATACENTER3/zhenxiang.wang/work/TailGuardKV/.worktrees/baseline-smoke-final-aggregation/out/full_25session_baseline_9_14/full/policy_attempts/full40_20260916_h2o_static_safe/seed20260906,True,calibrated safe,hybrid-session-025,summary,290.79288989305496,4,risk_evidence_insufficient
kivi_4bit_residual64,13.0,0.1,False,True,online_qwen,True,,/DATACENTER3/zhenxiang.wang/work/TailGuardKV/.worktrees/baseline-smoke-final-aggregation/out/full_25session_baseline_9_14/full/policy_attempts/full40_20260916_h2o_static_safe/seed20260906/config.yaml,,,,,0.05,True,,0.05,,6.690673828125,False,kivi_4bit_residual64,True,,balanced_two_gpu,1,persistent,27580.399591010064,36316,31535.401873057708,,,30.0,27.085693359375,7.193115234375,7.193115234375,7.193115234375,2156.9389360956848,unknown,True,,True,,False,,15485.1865234375,True,static_safe,False,0.03418803418803419,0.03418803418803419,kivi_4bit_residual64,0.03418803418803419,,risk_evidence_insufficient,0.0,static_safe,302.1296348888427,,,,hybrid-session-026-turn-4,7.193115234375,0.0,7.193115234375,0.0,0.3418803418803419,/DATACENTER3/zhenxiang.wang/work/TailGuardKV/.worktrees/baseline-smoke-final-aggregation/out/full_25session_baseline_9_14/full/policy_attempts/full40_20260916_h2o_static_safe/seed20260906,False,calibrated unsafe,hybrid-session-026,qa,302.8657981194556,4,risk_evidence_insufficient
full_gpu,1.0,0.1,False,False,online_qwen,False,1.0,/DATACENTER3/zhenxiang.wang/work/TailGuardKV/.worktrees/baseline-smoke-final-aggregation/out/full_25session_baseline_9_14/full/policy_attempts/full40_20260916_h2o_static_safe/seed20260906/config.yaml,,,,,0.05,True,,0.05,,0,True,full_gpu,True,,balanced_two_gpu,1,persistent,28077.175070066005,41564,31848.218923900276,,exact fallback,30.0,2.078125,2.078125,2.078125,2.078125,5107.976853847504,unknown,True,,True,,False,,15070.54150390625,True,utility_dynamic,True,0.0,0.0,full_gpu,0.0,,risk_evidence_insufficient,0.0,utility_dynamic,0.0,,,,hybrid-session-002-turn-0,2.078125,0.0,2.078125,0.0,0.0,/DATACENTER3/zhenxiang.wang/work/TailGuardKV/.worktrees/baseline-smoke-final-aggregation/out/full_25session_baseline_9_14/full/policy_attempts/full40_20260916_h2o_static_safe/seed20260906,True,,hybrid-session-002,chat,4001.743530854583,0,risk_evidence_insufficient
full_gpu,2.0,0.1,False,False,online_qwen,False,1.0,/DATACENTER3/zhenxiang.wang/work/TailGuardKV/.worktrees/baseline-smoke-final-aggregation/out/full_25session_baseline_9_14/full/policy_attempts/full40_20260916_h2o_static_safe/seed20260906/config.yaml,,,,,0.05,True,,0.05,,0,True,full_gpu,True,,balanced_two_gpu,1,persistent,28077.175070066005,41564,31848.218923900276,,exact fallback,30.0,3.5546875,1.4765625,1.4765625,1.4765625,1171.3574710302055,unknown,True,,True,,False,,15055.19384765625,True,utility_dynamic,True,0.0,0.0,full_gpu,0.0,,risk_evidence_insufficient,0.0,utility_dynamic,0.0,,,,hybrid-session-003-turn-0,1.4765625,0.0,1.4765625,0.0,0.0,/DATACENTER3/zhenxiang.wang/work/TailGuardKV/.worktrees/baseline-smoke-final-aggregation/out/full_25session_baseline_9_14/full/policy_attempts/full40_20260916_h2o_static_safe/seed20260906,True,,hybrid-session-003,chat,80.69903287105262,0,risk_evidence_insufficient
full_gpu,3.0,0.1,False,False,online_qwen,False,1.0,/DATACENTER3/zhenxiang.wang/work/TailGuardKV/.worktrees/baseline-smoke-final-aggregation/out/full_25session_baseline_9_14/full/policy_attempts/full40_20260916_h2o_static_safe/seed20260906/config.yaml,,,,,0.05,True,,0.05,,0,True,full_gpu,True,,balanced_two_gpu,1,persistent,28077.175070066005,41564,31848.218923900276,,exact fallback,30.0,5.3046875,1.75,1.75,1.75,1149.266007123515,unknown,True,,True,,False,,15063.70947265625,True,utility_dynamic,True,0.0,0.0,full_gpu,0.0,,risk_evidence_insufficient,0.0,utility_dynamic,0.0,,,,hybrid-session-004-turn-0,1.75,0.0,1.75,0.0,0.0,/DATACENTER3/zhenxiang.wang/work/TailGuardKV/.worktrees/baseline-smoke-final-aggregation/out/full_25session_baseline_9_14/full/policy_attempts/full40_20260916_h2o_static_safe/seed20260906,True,,hybrid-session-004,chat,81.855702213943,0,risk_evidence_insufficient
full_gpu,4.0,0.1,False,False,online_qwen,False,1.0,/DATACENTER3/zhenxiang.wang/work/TailGuardKV/.worktrees/baseline-smoke-final-aggregation/out/full_25session_baseline_9_14/full/policy_attempts/full40_20260916_h2o_static_safe/seed20260906/config.yaml,,,,,0.05,True,,0.05,,0,True,full_gpu,True,,balanced_two_gpu,1,persistent,28077.175070066005,41564,31848.218923900276,,exact fallback,30.0,7.21875,1.9140625,1.9140625,1.9140625,1164.8731681052595,unknown,True,,True,,False,,15070.26806640625,True,utility_dynamic,True,0.0,0.0,full_gpu,0.0,,risk_evidence_insufficient,0.0,utility_dynamic,0.0,,,,hybrid-session-005-turn-0,1.9140625,0.0,1.9140625,0.0,0.0,/DATACENTER3/zhenxiang.wang/work/TailGuardKV/.worktrees/baseline-smoke-final-aggregation/out/full_25session_baseline_9_14/full/policy_attempts/full40_20260916_h2o_static_safe/seed20260906,True,,hybrid-session-005,chat,77.07829400897026,0,risk_evidence_insufficient
full_gpu,5.0,0.1,False,False,online_qwen,False,1.0,/DATACENTER3/zhenxiang.wang/work/TailGuardKV/.worktrees/baseline-smoke-final-aggregation/out/full_25session_baseline_9_14/full/policy_attempts/full40_20260916_h2o_static_safe/seed20260906/config.yaml,,,,,0.05,True,,0.05,,0,True,full_gpu,True,,balanced_two_gpu,1,persistent,28077.175070066005,41564,31848.218923900276,,exact fallback,30.0,9.84375,2.625,2.625,2.625,1174.4896459858865,unknown,True,,True,,False,,15093.27587890625,True,utility_dynamic,True,0.0,0.0,full_gpu,0.0,,risk_evidence_insufficient,0.0,utility_dynamic,0.0,,,,hybrid-session-006-turn-0,2.625,0.0,2.625,0.0,0.0,/DATACENTER3/zhenxiang.wang/work/TailGuardKV/.worktrees/baseline-smoke-final-aggregation/out/full_25session_baseline_9_14/full/policy_attempts/full40_20260916_h2o_static_safe/seed20260906,True,,hybrid-session-006,chat,88.717021048069,0,risk_evidence_insufficient
full_gpu,6.0,0.1,False,False,online_qwen,False,1.0,/DATACENTER3/zhenxiang.wang/work/TailGuardKV/.worktrees/baseline-smoke-final-aggregation/out/full_25session_baseline_9_14/full/policy_attempts/full40_20260916_h2o_static_safe/seed20260906/config.yaml,,,,,0.05,True,,0.05,,0,True,full_gpu,True,,balanced_two_gpu,1,persistent,28077.175070066005,41564,31848.218923900276,,exact fallback,30.0,11.5390625,1.6953125,1.6953125,1.6953125,1163.5727391112596,unknown,True,,True,,False,,15068.48681640625,True,utility_dynamic,True,0.0,0.0,full_gpu,0.0,,risk_evidence_insufficient,0.0,utility_dynamic,0.0,,,,hybrid-session-009-turn-0,1.6953125,0.0,1.6953125,0.0,0.0,/DATACENTER3/zhenxiang.wang/work/TailGuardKV/.worktrees/baseline-smoke-final-aggregation/out/full_25session_baseline_9_14/full/policy_attempts/full40_20260916_h2o_static_safe/seed20260906,True,,hybrid-session-009,chat,80.00490698032081,0,risk_evidence_insufficient
full_gpu,7.0,0.1,False,False,online_qwen,False,1.0,/DATACENTER3/zhenxiang.wang/work/TailGuardKV/.worktrees/baseline-smoke-final-aggregation/out/full_25session_baseline_9_14/full/policy_attempts/full40_20260916_h2o_static_safe/seed20260906/config.yaml,,,,,0.05,True,,0.05,,0,True,full_gpu,True,,balanced_two_gpu,1,persistent,28077.175070066005,41564,31848.218923900276,,exact fallback,30.0,13.0703125,1.53125,1.53125,1.53125,1366.6069528553635,unknown,True,,True,,False,,15065.87646484375,True,utility_dynamic,True,0.0,0.0,full_gpu,0.0,,risk_evidence_insufficient,0.0,utility_dynamic,0.0,,,,hybrid-session-010-turn-0,1.53125,0.0,1.53125,0.0,0.0,/DATACENTER3/zhenxiang.wang/work/TailGuardKV/.worktrees/baseline-smoke-final-aggregation/out/full_25session_baseline_9_14/full/policy_attempts/full40_20260916_h2o_static_safe/seed20260906,True,,hybrid-session-010,chat,83.41935998760164,0,risk_evidence_insufficient
full_gpu,8.0,0.1,False,False,online_qwen,False,1.0,/DATACENTER3/zhenxiang.wang/work/TailGuardKV/.worktrees/baseline-smoke-final-aggregation/out/full_25session_baseline_9_14/full/policy_attempts/full40_20260916_h2o_static_safe/seed20260906/config.yaml,,,,,0.05,True,,0.05,,0,True,full_gpu,True,,balanced_two_gpu,1,persistent,28077.175070066005,41564,31848.218923900276,,exact fallback,30.0,14.875,1.8046875,1.8046875,1.8046875,1185.0382001139224,unknown,True,,True,,False,,15074.73681640625,True,utility_dynamic,True,0.0,0.0,full_gpu,0.0,,risk_evidence_insufficient,0.0,utility_dynamic,0.0,,,,hybrid-session-013-turn-0,1.8046875,0.0,1.8046875,0.0,0.0,/DATACENTER3/zhenxiang.wang/work/TailGuardKV/.worktrees/baseline-smoke-final-aggregation/out/full_25session_baseline_9_14/full/policy_attempts/full40_20260916_h2o_static_safe/seed20260906,True,,hybrid-session-013,chat,87.82116300426424,0,risk_evidence_insufficient
full_gpu,9.0,0.1,False,False,online_qwen,False,1.0,/DATACENTER3/zhenxiang.wang/work/TailGuardKV/.worktrees/baseline-smoke-final-aggregation/out/full_25session_baseline_9_14/full/policy_attempts/full40_20260916_h2o_static_safe/seed20260906/config.yaml,,,,,0.05,True,,0.05,,0,True,full_gpu,True,,balanced_two_gpu,1,persistent,28077.175070066005,41564,31848.218923900276,,exact fallback,30.0,17.5,2.625,2.625,2.625,1172.3188168834895,unknown,True,,True,,False,,15100.93212890625,True,utility_dynamic,True,0.0,0.0,full_gpu,0.0,,risk_evidence_insufficient,0.0,utility_dynamic,0.0,,,,hybrid-session-016-turn-0,2.625,0.0,2.625,0.0,0.0,/DATACENTER3/zhenxiang.wang/work/TailGuardKV/.worktrees/baseline-smoke-final-aggregation/out/full_25session_baseline_9_14/full/policy_attempts/full40_20260916_h2o_static_safe/seed20260906,True,,hybrid-session-016,chat,82.80774089507759,0,risk_evidence_insufficient
full_gpu,10.0,0.1,False,False,online_qwen,False,1.0,/DATACENTER3/zhenxiang.wang/work/TailGuardKV/.worktrees/baseline-smoke-final-aggregation/out/full_25session_baseline_9_14/full/policy_attempts/full40_20260916_h2o_static_safe/seed20260906/config.yaml,,,,,0.05,True,,0.05,,0,True,full_gpu,True,,balanced_two_gpu,1,persistent,28077.175070066005,41564,31848.218923900276,,exact fallback,30.0,19.90625,2.40625,2.40625,2.40625,1160.6771580409259,unknown,True,,True,,False,,15095.79541015625,True,utility_dynamic,True,0.0,0.0,full_gpu,0.0,,risk_evidence_insufficient,0.0,utility_dynamic,0.0,,,,hybrid-session-020-turn-0,2.40625,0.0,2.40625,0.0,0.0,/DATACENTER3/zhenxiang.wang/work/TailGuardKV/.worktrees/baseline-smoke-final-aggregation/out/full_25session_baseline_9_14/full/policy_attempts/full40_20260916_h2o_static_safe/seed20260906,True,,hybrid-session-020,chat,82.14575215242803,0,risk_evidence_insufficient
full_gpu,11.0,0.1,False,False,online_qwen,False,1.0,/DATACENTER3/zhenxiang.wang/work/TailGuardKV/.worktrees/baseline-smoke-final-aggregation/out/full_25session_baseline_9_14/full/policy_attempts/full40_20260916_h2o_static_safe/seed20260906/config.yaml,,,,,0.05,True,,0.05,,0,True,full_gpu,True,,balanced_two_gpu,1,persistent,28077.175070066005,41564,31848.218923900276,,exact fallback,30.0,22.203125,2.296875,2.296875,2.296875,1177.9790148139,unknown,True,,True,,False,,15095.17822265625,True,utility_dynamic,True,0.0,0.0,full_gpu,0.0,,risk_evidence_insufficient,0.0,utility_dynamic,0.0,,,,hybrid-session-021-turn-0,2.296875,0.0,2.296875,0.0,0.0,/DATACENTER3/zhenxiang.wang/work/TailGuardKV/.worktrees/baseline-smoke-final-aggregation/out/full_25session_baseline_9_14/full/policy_attempts/full40_20260916_h2o_static_safe/seed20260906,True,,hybrid-session-021,chat,84.53019591979682,0,risk_evidence_insufficient
full_gpu,12.0,0.1,False,False,online_qwen,False,1.0,/DATACENTER3/zhenxiang.wang/work/TailGuardKV/.worktrees/baseline-smoke-final-aggregation/out/full_25session_baseline_9_14/full/policy_attempts/full40_20260916_h2o_static_safe/seed20260906/config.yaml,,,,,0.05,True,,0.05,,0,True,full_gpu,True,,balanced_two_gpu,1,persistent,28077.175070066005,41564,31848.218923900276,,exact fallback,30.0,24.171875,1.96875,1.96875,1.96875,1163.3788549806923,unknown,True,,True,,False,,15088.40478515625,True,utility_dynamic,True,0.0,0.0,full_gpu,0.0,,risk_evidence_insufficient,0.0,utility_dynamic,0.0,,,,hybrid-session-025-turn-0,1.96875,0.0,1.96875,0.0,0.0,/DATACENTER3/zhenxiang.wang/work/TailGuardKV/.worktrees/baseline-smoke-final-aggregation/out/full_25session_baseline_9_14/full/policy_attempts/full40_20260916_h2o_static_safe/seed20260906,True,,hybrid-session-025,chat,74.3872351013124,0,risk_evidence_insufficient
full_gpu,13.0,0.1,False,False,online_qwen,False,1.0,/DATACENTER3/zhenxiang.wang/work/TailGuardKV/.worktrees/baseline-smoke-final-aggregation/out/full_25session_baseline_9_14/full/policy_attempts/full40_20260916_h2o_static_safe/seed20260906/config.yaml,,,,,0.05,True,,0.05,,0,True,full_gpu,True,,balanced_two_gpu,1,persistent,28077.175070066005,41564,31848.218923900276,,exact fallback,30.0,26.359375,2.1875,2.1875,2.1875,1166.5472409222275,unknown,True,,True,,False,,15096.42041015625,True,utility_dynamic,True,0.0,0.0,full_gpu,0.0,,risk_evidence_insufficient,0.0,utility_dynamic,0.0,,,,hybrid-session-026-turn-0,2.1875,0.0,2.1875,0.0,0.0,/DATACENTER3/zhenxiang.wang/work/TailGuardKV/.worktrees/baseline-smoke-final-aggregation/out/full_25session_baseline_9_14/full/policy_attempts/full40_20260916_h2o_static_safe/seed20260906,True,,hybrid-session-026,chat,83.58974102884531,0,risk_evidence_insufficient
full_gpu,13.0,0.1,False,False,online_qwen,False,1.0,/DATACENTER3/zhenxiang.wang/work/TailGuardKV/.worktrees/baseline-smoke-final-aggregation/out/full_25session_baseline_9_14/full/policy_attempts/full40_20260916_h2o_static_safe/seed20260906/config.yaml,,,,,0.05,True,,0.05,,0,True,full_gpu,True,,balanced_two_gpu,1,persistent,28077.175070066005,41564,31848.218923900276,,exact fallback,30.0,28.1640625,3.8828125,3.8828125,1.8046875,1179.4675281271338,unknown,True,,True,,False,,15088.02685546875,True,utility_dynamic,True,0.0,0.0,full_gpu,0.0,,risk_evidence_insufficient,0.0,utility_dynamic,0.0,,,,hybrid-session-002-turn-1,3.8828125,2.078125,3.8828125,0.0,0.0,/DATACENTER3/zhenxiang.wang/work/TailGuardKV/.worktrees/baseline-smoke-final-aggregation/out/full_25session_baseline_9_14/full/policy_attempts/full40_20260916_h2o_static_safe/seed20260906,True,,hybrid-session-002,chat,81.15808409638703,1,risk_evidence_insufficient
full_gpu,13.0,0.1,True,False,online_qwen,False,1.0,/DATACENTER3/zhenxiang.wang/work/TailGuardKV/.worktrees/baseline-smoke-final-aggregation/out/full_25session_baseline_9_14/full/policy_attempts/full40_20260916_h2o_static_safe/seed20260906/config.yaml,,,,,0.05,True,,0.05,,0,True,full_gpu,True,,balanced_two_gpu,1,persistent,28077.175070066005,41564,31848.218923900276,,exact fallback,30.0,29.5859375,2.8984375,2.8984375,1.421875,1168.7920109834522,unknown,True,0.0,True,,False,,15080.05908203125,True,utility_dynamic,True,0.0,0.0,full_gpu,0.0,,risk_evidence_insufficient,0.0,utility_dynamic,0.0,,,,hybrid-session-003-turn-1,2.8984375,1.4765625,2.8984375,0.0,0.0,/DATACENTER3/zhenxiang.wang/work/TailGuardKV/.worktrees/baseline-smoke-final-aggregation/out/full_25session_baseline_9_14/full/policy_attempts/full40_20260916_h2o_static_safe/seed20260906,True,,hybrid-session-003,chat,80.27563919313252,1,risk_evidence_insufficient
full_gpu,13.0,0.1,False,True,online_qwen,True,1.0,/DATACENTER3/zhenxiang.wang/work/TailGuardKV/.worktrees/baseline-smoke-final-aggregation/out/full_25session_baseline_9_14/full/policy_attempts/full40_20260916_h2o_static_safe/seed20260906/config.yaml,,,,,0.05,True,,0.05,,4.5390625,True,full_gpu,True,,balanced_two_gpu,1,persistent,28077.175070066005,41564,31848.218923900276,,exact fallback,30.0,28.2734375,4.9765625,4.9765625,3.2265625,1193.031531991437,unknown,True,,True,,False,,15131.58349609375,True,utility_dynamic,True,0.0,0.0,full_gpu,0.0,,risk_evidence_insufficient,0.0,utility_dynamic,0.0,,,,hybrid-session-004-turn-1,4.9765625,1.75,4.9765625,0.0,0.0,/DATACENTER3/zhenxiang.wang/work/TailGuardKV/.worktrees/baseline-smoke-final-aggregation/out/full_25session_baseline_9_14/full/policy_attempts/full40_20260916_h2o_static_safe/seed20260906,True,,hybrid-session-004,chat,89.98840092681348,1,risk_evidence_insufficient
full_gpu,13.0,0.1,False,True,online_qwen,True,1.0,/DATACENTER3/zhenxiang.wang/work/TailGuardKV/.worktrees/baseline-smoke-final-aggregation/out/full_25session_baseline_9_14/full/policy_attempts/full40_20260916_h2o_static_safe/seed20260906/config.yaml,,,,,0.05,True,,0.05,,3.2265625,True,full_gpu,True,,balanced_two_gpu,1,persistent,28077.175070066005,41564,31848.218923900276,,exact fallback,30.0,28.984375,3.9375,3.9375,3.9375,1172.0640431158245,unknown,True,,True,,False,,15150.76806640625,True,utility_dynamic,True,0.0,0.0,full_gpu,0.0,,risk_evidence_insufficient,0.0,utility_dynamic,79.93861404247582,,,,hybrid-session-005-turn-1,3.9375,0.0,3.9375,0.0,0.0,/DATACENTER3/zhenxiang.wang/work/TailGuardKV/.worktrees/baseline-smoke-final-aggregation/out/full_25session_baseline_9_14/full/policy_attempts/full40_20260916_h2o_static_safe/seed20260906,True,,hybrid-session-005,chat,80.64396400004625,1,risk_evidence_insufficient
full_gpu,13.0,0.1,False,True,online_qwen,True,1.0,/DATACENTER3/zhenxiang.wang/work/TailGuardKV/.worktrees/baseline-smoke-final-aggregation/out/full_25session_baseline_9_14/full/policy_attempts/full40_20260916_h2o_static_safe/seed20260906/config.yaml,,,,,0.05,True,,0.05,,4.4296875,True,full_gpu,True,,balanced_two_gpu,1,persistent,28077.175070066005,41564,31848.218923900276,,exact fallback,30.0,29.859375,5.3046875,5.3046875,5.3046875,1181.6690790001303,unknown,True,,True,,False,,15188.640625,True,utility_dynamic,True,0.0,0.0,full_gpu,0.0,,risk_evidence_insufficient,0.0,utility_dynamic,92.66272909007967,,,,hybrid-session-006-turn-1,5.3046875,0.0,5.3046875,0.0,0.0,/DATACENTER3/zhenxiang.wang/work/TailGuardKV/.worktrees/baseline-smoke-final-aggregation/out/full_25session_baseline_9_14/full/policy_attempts/full40_20260916_h2o_static_safe/seed20260906,True,,hybrid-session-006,chat,93.38896395638585,1,risk_evidence_insufficient
full_gpu,13.0,0.1,False,True,online_qwen,True,1.0,/DATACENTER3/zhenxiang.wang/work/TailGuardKV/.worktrees/baseline-smoke-final-aggregation/out/full_25session_baseline_9_14/full/policy_attempts/full40_20260916_h2o_static_safe/seed20260906/config.yaml,,,,,0.05,True,,0.05,,4.703125,True,full_gpu,True,,balanced_two_gpu,1,persistent,28077.175070066005,41564,31848.218923900276,,exact fallback,30.0,28.2734375,3.1171875,3.1171875,3.1171875,1181.9225549697876,unknown,True,,True,,False,,15127.80712890625,True,utility_dynamic,True,0.0,0.0,full_gpu,0.0,,risk_evidence_insufficient,0.0,utility_dynamic,77.59548886679113,,,,hybrid-session-009-turn-1,3.1171875,0.0,3.1171875,0.0,0.0,/DATACENTER3/zhenxiang.wang/work/TailGuardKV/.worktrees/baseline-smoke-final-aggregation/out/full_25session_baseline_9_14/full/policy_attempts/full40_20260916_h2o_static_safe/seed20260906,True,,hybrid-session-009,chat,78.32139194943011,1,risk_evidence_insufficient
full_gpu,13.0,0.1,False,True,online_qwen,True,1.0,/DATACENTER3/zhenxiang.wang/work/TailGuardKV/.worktrees/baseline-smoke-final-aggregation/out/full_25session_baseline_9_14/full/policy_attempts/full40_20260916_h2o_static_safe/seed20260906/config.yaml,,,,,0.05,True,,0.05,,1.96875,True,full_gpu,True,,balanced_two_gpu,1,persistent,28077.175070066005,41564,31848.218923900276,,exact fallback,30.0,29.203125,2.8984375,2.8984375,2.8984375,1173.9919499959797,unknown,True,,True,,False,,15121.02783203125,True,utility_dynamic,True,0.0,0.0,full_gpu,0.0,,risk_evidence_insufficient,0.0,utility_dynamic,83.59546400606632,,,,hybrid-session-010-turn-1,2.8984375,0.0,2.8984375,0.0,0.0,/DATACENTER3/zhenxiang.wang/work/TailGuardKV/.worktrees/baseline-smoke-final-aggregation/out/full_25session_baseline_9_14/full/policy_attempts/full40_20260916_h2o_static_safe/seed20260906,True,,hybrid-session-010,chat,84.33448919095099,1,risk_evidence_insufficient
full_gpu,13.0,0.1,False,True,online_qwen,True,1.0,/DATACENTER3/zhenxiang.wang/work/TailGuardKV/.worktrees/baseline-smoke-final-aggregation/out/full_25session_baseline_9_14/full/policy_attempts/full40_20260916_h2o_static_safe/seed20260906/config.yaml,,,,,0.05,True,,0.05,,6.0703125,True,full_gpu,True,,balanced_two_gpu,1,persistent,28077.175070066005,41564,31848.218923900276,,exact fallback,30.0,26.25,3.1171875,3.1171875,3.1171875,1159.3484750483185,unknown,True,,True,,False,,15127.15087890625,True,utility_dynamic,True,0.0,0.0,full_gpu,0.0,,risk_evidence_insufficient,0.0,utility_dynamic,80.5588229559362,,,,hybrid-session-013-turn-1,3.1171875,0.0,3.1171875,0.0,0.0,/DATACENTER3/zhenxiang.wang/work/TailGuardKV/.worktrees/baseline-smoke-final-aggregation/out/full_25session_baseline_9_14/full/policy_attempts/full40_20260916_h2o_static_safe/seed20260906,True,,hybrid-session-013,chat,81.26418711617589,1,risk_evidence_insufficient
full_gpu,13.0,0.1,False,True,online_qwen,True,1.0,/DATACENTER3/zhenxiang.wang/work/TailGuardKV/.worktrees/baseline-smoke-final-aggregation/out/full_25session_baseline_9_14/full/policy_attempts/full40_20260916_h2o_static_safe/seed20260906/config.yaml,,,,,0.05,True,,0.05,,2.8984375,True,full_gpu,True,,balanced_two_gpu,1,persistent,28077.175070066005,41564,31848.218923900276,,exact fallback,30.0,27.453125,4.1015625,4.1015625,4.1015625,1159.4640009570867,unknown,True,,True,,False,,15152.00634765625,True,utility_dynamic,True,0.0,0.0,full_gpu,0.0,,risk_evidence_insufficient,0.0,utility_dynamic,76.69518189504743,,,,hybrid-session-016-turn-1,4.1015625,0.0,4.1015625,0.0,0.0,/DATACENTER3/zhenxiang.wang/work/TailGuardKV/.worktrees/baseline-smoke-final-aggregation/out/full_25session_baseline_9_14/full/policy_attempts/full40_20260916_h2o_static_safe/seed20260906,True,,hybrid-session-016,chat,77.44574011303484,1,risk_evidence_insufficient
full_gpu,13.0,0.1,False,True,online_qwen,True,1.0,/DATACENTER3/zhenxiang.wang/work/TailGuardKV/.worktrees/baseline-smoke-final-aggregation/out/full_25session_baseline_9_14/full/policy_attempts/full40_20260916_h2o_static_safe/seed20260906/config.yaml,,,,,0.05,True,,0.05,,4.9765625,True,full_gpu,True,,balanced_two_gpu,1,persistent,28077.175070066005,41564,31848.218923900276,,exact fallback,30.0,26.359375,3.8828125,3.8828125,3.8828125,1176.311813062057,unknown,True,,True,,False,,15146.56494140625,True,utility_dynamic,True,0.0,0.0,full_gpu,0.0,,risk_evidence_insufficient,0.0,utility_dynamic,84.50276893563569,,,,hybrid-session-020-turn-1,3.8828125,0.0,3.8828125,0.0,0.0,/DATACENTER3/zhenxiang.wang/work/TailGuardKV/.worktrees/baseline-smoke-final-aggregation/out/full_25session_baseline_9_14/full/policy_attempts/full40_20260916_h2o_static_safe/seed20260906,True,,hybrid-session-020,chat,85.22162516601384,1,risk_evidence_insufficient
full_gpu,13.0,0.1,False,True,online_qwen,True,1.0,/DATACENTER3/zhenxiang.wang/work/TailGuardKV/.worktrees/baseline-smoke-final-aggregation/out/full_25session_baseline_9_14/full/policy_attempts/full40_20260916_h2o_static_safe/seed20260906/config.yaml,,,,,0.05,True,,0.05,,3.9375,True,full_gpu,True,,balanced_two_gpu,1,persistent,28077.175070066005,41564,31848.218923900276,,exact fallback,30.0,27.015625,4.59375,4.59375,4.59375,1301.3799528125674,unknown,True,,True,,False,,15165.12548828125,True,utility_dynamic,True,0.0,0.0,full_gpu,0.0,,risk_evidence_insufficient,0.0,utility_dynamic,82.2726630140096,,,,hybrid-session-021-turn-1,4.59375,0.0,4.59375,0.0,0.0,/DATACENTER3/zhenxiang.wang/work/TailGuardKV/.worktrees/baseline-smoke-final-aggregation/out/full_25session_baseline_9_14/full/policy_attempts/full40_20260916_h2o_static_safe/seed20260906,True,,hybrid-session-021,chat,82.96815189532936,1,risk_evidence_insufficient
full_gpu,13.0,0.1,False,True,online_qwen,True,1.0,/DATACENTER3/zhenxiang.wang/work/TailGuardKV/.worktrees/baseline-smoke-final-aggregation/out/full_25session_baseline_9_14/full/policy_attempts/full40_20260916_h2o_static_safe/seed20260906/config.yaml,,,,,0.05,True,,0.05,,5.3046875,True,full_gpu,True,,balanced_two_gpu,1,persistent,28077.175070066005,41564,31848.218923900276,,exact fallback,30.0,25.046875,3.3359375,3.3359375,3.3359375,1174.4529290590435,unknown,True,,True,,False,,15131.66845703125,True,utility_dynamic,True,0.0,0.0,full_gpu,0.0,,risk_evidence_insufficient,0.0,utility_dynamic,83.80111795850098,,,,hybrid-session-025-turn-1,3.3359375,0.0,3.3359375,0.0,0.0,/DATACENTER3/zhenxiang.wang/work/TailGuardKV/.worktrees/baseline-smoke-final-aggregation/out/full_25session_baseline_9_14/full/policy_attempts/full40_20260916_h2o_static_safe/seed20260906,True,,hybrid-session-025,chat,84.53282294794917,1,risk_evidence_insufficient
full_gpu,13.0,0.1,False,False,online_qwen,False,1.0,/DATACENTER3/zhenxiang.wang/work/TailGuardKV/.worktrees/baseline-smoke-final-aggregation/out/full_25session_baseline_9_14/full/policy_attempts/full40_20260916_h2o_static_safe/seed20260906/config.yaml,,,,,0.05,True,,0.05,,0,True,full_gpu,True,,balanced_two_gpu,1,persistent,28077.175070066005,41564,31848.218923900276,,exact fallback,30.0,29.75,4.703125,4.703125,4.703125,1159.8557902034372,unknown,True,,True,,False,,15168.46728515625,True,utility_dynamic,True,0.0,0.0,full_gpu,0.0,,risk_evidence_insufficient,0.0,utility_dynamic,82.30195310898125,,,,hybrid-session-026-turn-1,4.703125,0.0,4.703125,0.0,0.0,/DATACENTER3/zhenxiang.wang/work/TailGuardKV/.worktrees/baseline-smoke-final-aggregation/out/full_25session_baseline_9_14/full/policy_attempts/full40_20260916_h2o_static_safe/seed20260906,True,,hybrid-session-026,chat,83.02096812985837,1,risk_evidence_insufficient
full_gpu,13.0,0.1,True,True,online_qwen,True,1.0,/DATACENTER3/zhenxiang.wang/work/TailGuardKV/.worktrees/baseline-smoke-final-aggregation/out/full_25session_baseline_9_14/full/policy_attempts/full40_20260916_h2o_static_safe/seed20260906/config.yaml,,,,,0.05,True,,0.05,,13.234375,True,full_gpu,True,,balanced_two_gpu,1,persistent,28077.175070066005,41564,31848.218923900276,,exact fallback,30.0,26.3046875,9.7890625,9.7890625,9.7890625,1191.0136668011546,unknown,True,0.0,True,,False,,15316.71484375,True,utility_dynamic,True,0.0,0.0,full_gpu,0.0,,risk_evidence_insufficient,0.0,utility_dynamic,117.76770511642098,,,,hybrid-session-002-turn-2,9.7890625,0.0,9.7890625,0.0,0.0,/DATACENTER3/zhenxiang.wang/work/TailGuardKV/.worktrees/baseline-smoke-final-aggregation/out/full_25session_baseline_9_14/full/policy_attempts/full40_20260916_h2o_static_safe/seed20260906,True,,hybrid-session-002,qa,118.4613099321723,2,risk_evidence_insufficient
full_gpu,13.0,0.1,False,True,online_qwen,True,1.0,/DATACENTER3/zhenxiang.wang/work/TailGuardKV/.worktrees/baseline-smoke-final-aggregation/out/full_25session_baseline_9_14/full/policy_attempts/full40_20260916_h2o_static_safe/seed20260906/config.yaml,,,,,0.05,True,,0.05,,8.4765625,True,full_gpu,True,,balanced_two_gpu,1,persistent,28077.175070066005,41564,31848.218923900276,,exact fallback,30.0,26.9609375,9.1328125,9.1328125,9.1328125,1193.9430630300194,unknown,True,,True,,False,,15293.03955078125,True,utility_dynamic,True,0.0,0.0,full_gpu,0.0,,risk_evidence_insufficient,0.0,utility_dynamic,113.19083999842405,,,,hybrid-session-003-turn-2,9.1328125,0.0,9.1328125,0.0,0.0,/DATACENTER3/zhenxiang.wang/work/TailGuardKV/.worktrees/baseline-smoke-final-aggregation/out/full_25session_baseline_9_14/full/policy_attempts/full40_20260916_h2o_static_safe/seed20260906,True,,hybrid-session-003,summary,113.90379793010652,2,risk_evidence_insufficient
full_gpu,13.0,0.1,False,True,online_qwen,True,1.0,/DATACENTER3/zhenxiang.wang/work/TailGuardKV/.worktrees/baseline-smoke-final-aggregation/out/full_25session_baseline_9_14/full/policy_attempts/full40_20260916_h2o_static_safe/seed20260906/config.yaml,,,,,0.05,True,,0.05,,8.0390625,True,full_gpu,True,,balanced_two_gpu,1,persistent,28077.175070066005,41564,31848.218923900276,,exact fallback,30.0,29.640625,10.71875,10.71875,10.71875,1196.7124959919602,unknown,True,,True,,False,,15337.34326171875,True,utility_dynamic,True,0.0,0.0,full_gpu,0.0,,risk_evidence_insufficient,0.0,utility_dynamic,118.54427307844162,,,,hybrid-session-004-turn-2,10.71875,0.0,10.71875,0.0,0.0,/DATACENTER3/zhenxiang.wang/work/TailGuardKV/.worktrees/baseline-smoke-final-aggregation/out/full_25session_baseline_9_14/full/policy_attempts/full40_20260916_h2o_static_safe/seed20260906,True,,hybrid-session-004,qa,119.32142684236169,2,risk_evidence_insufficient
full_gpu,13.0,0.1,False,True,online_qwen,True,1.0,/DATACENTER3/zhenxiang.wang/work/TailGuardKV/.worktrees/baseline-smoke-final-aggregation/out/full_25session_baseline_9_14/full/policy_attempts/full40_20260916_h2o_static_safe/seed20260906/config.yaml,,,,,0.05,True,,0.05,,9.7890625,True,full_gpu,True,,balanced_two_gpu,1,persistent,28077.175070066005,41564,31848.218923900276,,exact fallback,30.0,29.640625,9.7890625,9.7890625,9.7890625,1205.353827914223,unknown,True,,True,,False,,15316.60546875,True,utility_dynamic,True,0.0,0.0,full_gpu,0.0,,risk_evidence_insufficient,0.0,utility_dynamic,114.50799810700119,,,,hybrid-session-005-turn-2,9.7890625,0.0,9.7890625,0.0,0.0,/DATACENTER3/zhenxiang.wang/work/TailGuardKV/.worktrees/baseline-smoke-final-aggregation/out/full_25session_baseline_9_14/full/policy_attempts/full40_20260916_h2o_static_safe/seed20260906,True,,hybrid-session-005,summary,115.30180694535375,2,risk_evidence_insufficient
full_gpu,13.0,0.1,False,True,online_qwen,True,1.0,/DATACENTER3/zhenxiang.wang/work/TailGuardKV/.worktrees/baseline-smoke-final-aggregation/out/full_25session_baseline_9_14/full/policy_attempts/full40_20260916_h2o_static_safe/seed20260906/config.yaml,,,,,0.05,True,,0.05,,19.8515625,True,full_gpu,True,,balanced_two_gpu,1,persistent,28077.175070066005,41564,31848.218923900276,,exact fallback,30.0,22.5859375,12.796875,12.796875,12.796875,1232.9796778503805,unknown,True,,True,,False,,15401.626953125,True,utility_dynamic,True,0.0,0.0,full_gpu,0.0,,risk_evidence_insufficient,0.0,utility_dynamic,146.23193303123116,,,,hybrid-session-006-turn-2,12.796875,0.0,12.796875,0.0,0.0,/DATACENTER3/zhenxiang.wang/work/TailGuardKV/.worktrees/baseline-smoke-final-aggregation/out/full_25session_baseline_9_14/full/policy_attempts/full40_20260916_h2o_static_safe/seed20260906,True,,hybrid-session-006,qa,146.94039500318468,2,risk_evidence_insufficient
full_gpu,13.0,0.1,False,True,online_qwen,True,1.0,/DATACENTER3/zhenxiang.wang/work/TailGuardKV/.worktrees/baseline-smoke-final-aggregation/out/full_25session_baseline_9_14/full/policy_attempts/full40_20260916_h2o_static_safe/seed20260906/config.yaml,,,,,0.05,True,,0.05,,9.7890625,True,full_gpu,True,,balanced_two_gpu,1,persistent,28077.175070066005,41564,31848.218923900276,,exact fallback,30.0,21.7109375,8.9140625,8.9140625,8.9140625,1479.7226150985807,unknown,True,,True,,False,,15283.59765625,True,utility_dynamic,True,0.0,0.0,full_gpu,0.0,,risk_evidence_insufficient,0.0,utility_dynamic,112.99814912490547,,,,hybrid-session-009-turn-2,8.9140625,0.0,8.9140625,0.0,0.0,/DATACENTER3/zhenxiang.wang/work/TailGuardKV/.worktrees/baseline-smoke-final-aggregation/out/full_25session_baseline_9_14/full/policy_attempts/full40_20260916_h2o_static_safe/seed20260906,True,,hybrid-session-009,summary,113.7434879783541,2,risk_evidence_insufficient
full_gpu,13.0,0.1,False,True,online_qwen,True,1.0,/DATACENTER3/zhenxiang.wang/work/TailGuardKV/.worktrees/baseline-smoke-final-aggregation/out/full_25session_baseline_9_14/full/policy_attempts/full40_20260916_h2o_static_safe/seed20260906/config.yaml,,,,,0.05,True,,0.05,,12.796875,True,full_gpu,True,,balanced_two_gpu,1,persistent,28077.175070066005,41564,31848.218923900276,,exact fallback,30.0,18.7578125,9.84375,9.84375,9.84375,1403.6619109101593,unknown,True,,True,,False,,15308.73046875,True,utility_dynamic,True,0.0,0.0,full_gpu,0.0,,risk_evidence_insufficient,0.0,utility_dynamic,118.09732113033533,,,,hybrid-session-010-turn-2,9.84375,0.0,9.84375,0.0,0.0,/DATACENTER3/zhenxiang.wang/work/TailGuardKV/.worktrees/baseline-smoke-final-aggregation/out/full_25session_baseline_9_14/full/policy_attempts/full40_20260916_h2o_static_safe/seed20260906,True,,hybrid-session-010,qa,118.90323297120631,2,risk_evidence_insufficient
full_gpu,13.0,0.1,True,False,online_qwen,False,1.0,/DATACENTER3/zhenxiang.wang/work/TailGuardKV/.worktrees/baseline-smoke-final-aggregation/out/full_25session_baseline_9_14/full/policy_attempts/full40_20260916_h2o_static_safe/seed20260906/config.yaml,,,,,0.05,True,,0.05,,0,True,full_gpu,True,,balanced_two_gpu,1,persistent,28077.175070066005,41564,31848.218923900276,,exact fallback,30.0,28.0,9.2421875,9.2421875,9.2421875,1215.761424973607,unknown,True,0.0,True,,False,,15289.83837890625,True,utility_dynamic,True,0.0,0.0,full_gpu,0.0,,risk_evidence_insufficient,0.0,utility_dynamic,116.96755792945623,,,,hybrid-session-013-turn-2,9.2421875,0.0,9.2421875,0.0,0.0,/DATACENTER3/zhenxiang.wang/work/TailGuardKV/.worktrees/baseline-smoke-final-aggregation/out/full_25session_baseline_9_14/full/policy_attempts/full40_20260916_h2o_static_safe/seed20260906,True,,hybrid-session-013,summary,117.70181101746857,2,risk_evidence_insufficient
full_gpu,13.0,0.1,False,True,online_qwen,True,1.0,/DATACENTER3/zhenxiang.wang/work/TailGuardKV/.worktrees/baseline-smoke-final-aggregation/out/full_25session_baseline_9_14/full/policy_attempts/full40_20260916_h2o_static_safe/seed20260906/config.yaml,,,,,0.05,True,,0.05,,8.9140625,True,full_gpu,True,,balanced_two_gpu,1,persistent,28077.175070066005,41564,31848.218923900276,,exact fallback,30.0,29.421875,10.3359375,10.3359375,10.3359375,1213.6301221325994,unknown,True,,True,,False,,15327.84765625,True,utility_dynamic,True,0.0,0.0,full_gpu,0.0,,risk_evidence_insufficient,0.0,utility_dynamic,116.5520150680095,,,,hybrid-session-016-turn-2,10.3359375,0.0,10.3359375,0.0,0.0,/DATACENTER3/zhenxiang.wang/work/TailGuardKV/.worktrees/baseline-smoke-final-aggregation/out/full_25session_baseline_9_14/full/policy_attempts/full40_20260916_h2o_static_safe/seed20260906,True,,hybrid-session-016,qa,117.2588940244168,2,risk_evidence_insufficient
full_gpu,13.0,0.1,True,True,online_qwen,True,1.0,/DATACENTER3/zhenxiang.wang/work/TailGuardKV/.worktrees/baseline-smoke-final-aggregation/out/full_25session_baseline_9_14/full/policy_attempts/full40_20260916_h2o_static_safe/seed20260906/config.yaml,,,,,0.05,True,,0.05,,9.84375,True,full_gpu,True,,balanced_two_gpu,1,persistent,28077.175070066005,41564,31848.218923900276,,exact fallback,30.0,29.421875,9.84375,9.84375,9.84375,1221.9470250420272,unknown,True,0.0,True,,False,,15316.44140625,True,utility_dynamic,True,0.0,0.0,full_gpu,0.0,,risk_evidence_insufficient,0.0,utility_dynamic,114.93858904577792,,,,hybrid-session-020-turn-2,9.84375,0.0,9.84375,0.0,0.0,/DATACENTER3/zhenxiang.wang/work/TailGuardKV/.worktrees/baseline-smoke-final-aggregation/out/full_25session_baseline_9_14/full/policy_attempts/full40_20260916_h2o_static_safe/seed20260906,True,,hybrid-session-020,qa,115.63760414719582,2,risk_evidence_insufficient
full_gpu,13.0,0.1,False,True,online_qwen,True,1.0,/DATACENTER3/zhenxiang.wang/work/TailGuardKV/.worktrees/baseline-smoke-final-aggregation/out/full_25session_baseline_9_14/full/policy_attempts/full40_20260916_h2o_static_safe/seed20260906/config.yaml,,,,,0.05,True,,0.05,,19.578125,True,full_gpu,True,,balanced_two_gpu,1,persistent,28077.175070066005,41564,31848.218923900276,,exact fallback,30.0,20.8359375,10.9921875,10.9921875,10.9921875,1215.3225077781826,unknown,True,,True,,False,,15347.59375,True,utility_dynamic,True,0.0,0.0,full_gpu,0.0,,risk_evidence_insufficient,0.0,utility_dynamic,119.02380804531276,,,,hybrid-session-021-turn-2,10.9921875,0.0,10.9921875,0.0,0.0,/DATACENTER3/zhenxiang.wang/work/TailGuardKV/.worktrees/baseline-smoke-final-aggregation/out/full_25session_baseline_9_14/full/policy_attempts/full40_20260916_h2o_static_safe/seed20260906,True,,hybrid-session-021,summary,119.7616308927536,2,risk_evidence_insufficient
full_gpu,13.0,0.1,False,True,online_qwen,True,1.0,/DATACENTER3/zhenxiang.wang/work/TailGuardKV/.worktrees/baseline-smoke-final-aggregation/out/full_25session_baseline_9_14/full/policy_attempts/full40_20260916_h2o_static_safe/seed20260906/config.yaml,,,,,0.05,True,,0.05,,9.84375,True,full_gpu,True,,balanced_two_gpu,1,persistent,28077.175070066005,41564,31848.218923900276,,exact fallback,30.0,21.0,10.0078125,10.0078125,10.0078125,1204.7169820871204,unknown,True,,True,,False,,15312.74609375,True,utility_dynamic,True,0.0,0.0,full_gpu,0.0,,risk_evidence_insufficient,0.0,utility_dynamic,115.9861849155277,,,,hybrid-session-025-turn-2,10.0078125,0.0,10.0078125,0.0,0.0,/DATACENTER3/zhenxiang.wang/work/TailGuardKV/.worktrees/baseline-smoke-final-aggregation/out/full_25session_baseline_9_14/full/policy_attempts/full40_20260916_h2o_static_safe/seed20260906,True,,hybrid-session-025,summary,116.69941991567612,2,risk_evidence_insufficient
full_gpu,13.0,0.1,False,True,online_qwen,True,1.0,/DATACENTER3/zhenxiang.wang/work/TailGuardKV/.worktrees/baseline-smoke-final-aggregation/out/full_25session_baseline_9_14/full/policy_attempts/full40_20260916_h2o_static_safe/seed20260906/config.yaml,,,,,0.05,True,,0.05,,10.9921875,True,full_gpu,True,,balanced_two_gpu,1,persistent,28077.175070066005,41564,31848.218923900276,,exact fallback,30.0,21.546875,11.5390625,11.5390625,11.5390625,1214.3253860995173,unknown,True,,True,,False,,15354.57080078125,True,utility_dynamic,True,0.0,0.0,full_gpu,0.0,,risk_evidence_insufficient,0.0,utility_dynamic,131.5649119205773,,,,hybrid-session-026-turn-2,11.5390625,0.0,11.5390625,0.0,0.0,/DATACENTER3/zhenxiang.wang/work/TailGuardKV/.worktrees/baseline-smoke-final-aggregation/out/full_25session_baseline_9_14/full/policy_attempts/full40_20260916_h2o_static_safe/seed20260906,True,,hybrid-session-026,qa,132.2627211920917,2,risk_evidence_insufficient
full_gpu,13.0,0.1,False,True,online_qwen,True,1.0,/DATACENTER3/zhenxiang.wang/work/TailGuardKV/.worktrees/baseline-smoke-final-aggregation/out/full_25session_baseline_9_14/full/policy_attempts/full40_20260916_h2o_static_safe/seed20260906/config.yaml,,,,,0.05,True,,0.05,,10.0078125,True,full_gpu,True,,balanced_two_gpu,1,persistent,28077.175070066005,41564,31848.218923900276,,exact fallback,30.0,23.4609375,11.921875,11.921875,11.921875,1210.9618089161813,unknown,True,,True,,False,,15365.5322265625,True,utility_dynamic,True,0.0,0.0,full_gpu,0.0,,risk_evidence_insufficient,0.0,utility_dynamic,132.4887832161039,,,,hybrid-session-002-turn-3,11.921875,0.0,11.921875,0.0,0.0,/DATACENTER3/zhenxiang.wang/work/TailGuardKV/.worktrees/baseline-smoke-final-aggregation/out/full_25session_baseline_9_14/full/policy_attempts/full40_20260916_h2o_static_safe/seed20260906,True,,hybrid-session-002,qa,133.16572993062437,3,risk_evidence_insufficient
full_gpu,13.0,0.1,False,True,online_qwen,True,1.0,/DATACENTER3/zhenxiang.wang/work/TailGuardKV/.worktrees/baseline-smoke-final-aggregation/out/full_25session_baseline_9_14/full/policy_attempts/full40_20260916_h2o_static_safe/seed20260906/config.yaml,,,,,0.05,True,,0.05,,11.5390625,True,full_gpu,True,,balanced_two_gpu,1,persistent,28077.175070066005,41564,31848.218923900276,,exact fallback,30.0,23.1328125,11.2109375,11.2109375,11.2109375,1223.3447660692036,unknown,True,,True,,False,,15348.28173828125,True,utility_dynamic,True,0.0,0.0,full_gpu,0.0,,risk_evidence_insufficient,0.0,utility_dynamic,119.57648792304099,,,,hybrid-session-003-turn-3,11.2109375,0.0,11.2109375,0.0,0.0,/DATACENTER3/zhenxiang.wang/work/TailGuardKV/.worktrees/baseline-smoke-final-aggregation/out/full_25session_baseline_9_14/full/policy_attempts/full40_20260916_h2o_static_safe/seed20260906,True,,hybrid-session-003,summary,120.2671960927546,3,risk_evidence_insufficient
full_gpu,13.0,0.1,False,True,online_qwen,True,1.0,/DATACENTER3/zhenxiang.wang/work/TailGuardKV/.worktrees/baseline-smoke-final-aggregation/out/full_25session_baseline_9_14/full/policy_attempts/full40_20260916_h2o_static_safe/seed20260906/config.yaml,,,,,0.05,True,,0.05,,11.921875,True,full_gpu,True,,balanced_two_gpu,1,persistent,28077.175070066005,41564,31848.218923900276,,exact fallback,30.0,24.0625,12.8515625,12.8515625,12.8515625,1236.9305531028658,unknown,True,,True,,False,,15396.173828125,True,utility_dynamic,True,0.0,0.0,full_gpu,0.0,,risk_evidence_insufficient,0.0,utility_dynamic,145.4292330890894,,,,hybrid-session-004-turn-3,12.8515625,0.0,12.8515625,0.0,0.0,/DATACENTER3/zhenxiang.wang/work/TailGuardKV/.worktrees/baseline-smoke-final-aggregation/out/full_25session_baseline_9_14/full/policy_attempts/full40_20260916_h2o_static_safe/seed20260906,True,,hybrid-session-004,qa,146.1285180412233,3,risk_evidence_insufficient
full_gpu,13.0,0.1,False,True,online_qwen,True,1.0,/DATACENTER3/zhenxiang.wang/work/TailGuardKV/.worktrees/baseline-smoke-final-aggregation/out/full_25session_baseline_9_14/full/policy_attempts/full40_20260916_h2o_static_safe/seed20260906/config.yaml,,,,,0.05,True,,0.05,,11.2109375,True,full_gpu,True,,balanced_two_gpu,1,persistent,28077.175070066005,41564,31848.218923900276,,exact fallback,30.0,24.5,11.6484375,11.6484375,11.6484375,1228.6785719916224,unknown,True,,True,,False,,15360.60595703125,True,utility_dynamic,True,0.0,0.0,full_gpu,0.0,,risk_evidence_insufficient,0.0,utility_dynamic,127.19120178371668,,,,hybrid-session-005-turn-3,11.6484375,0.0,11.6484375,0.0,0.0,/DATACENTER3/zhenxiang.wang/work/TailGuardKV/.worktrees/baseline-smoke-final-aggregation/out/full_25session_baseline_9_14/full/policy_attempts/full40_20260916_h2o_static_safe/seed20260906,True,,hybrid-session-005,summary,127.93089193291962,3,risk_evidence_insufficient
full_gpu,13.0,0.1,False,True,online_qwen,True,1.0,/DATACENTER3/zhenxiang.wang/work/TailGuardKV/.worktrees/baseline-smoke-final-aggregation/out/full_25session_baseline_9_14/full/policy_attempts/full40_20260916_h2o_static_safe/seed20260906/config.yaml,,,,,0.05,True,,0.05,,12.8515625,True,full_gpu,True,,balanced_two_gpu,1,persistent,28077.175070066005,41564,31848.218923900276,,exact fallback,30.0,26.578125,14.9296875,14.9296875,14.9296875,1288.056859979406,unknown,True,,True,,False,,15454.45947265625,True,utility_dynamic,True,0.0,0.0,full_gpu,0.0,,risk_evidence_insufficient,0.0,utility_dynamic,191.51303404942155,,,,hybrid-session-006-turn-3,14.9296875,0.0,14.9296875,0.0,0.0,/DATACENTER3/zhenxiang.wang/work/TailGuardKV/.worktrees/baseline-smoke-final-aggregation/out/full_25session_baseline_9_14/full/policy_attempts/full40_20260916_h2o_static_safe/seed20260906,True,,hybrid-session-006,qa,192.27036484517157,3,risk_evidence_insufficient
full_gpu,13.0,0.1,False,True,online_qwen,True,1.0,/DATACENTER3/zhenxiang.wang/work/TailGuardKV/.worktrees/baseline-smoke-final-aggregation/out/full_25session_baseline_9_14/full/policy_attempts/full40_20260916_h2o_static_safe/seed20260906/config.yaml,,,,,0.05,True,,0.05,,11.6484375,True,full_gpu,True,,balanced_two_gpu,1,persistent,28077.175070066005,41564,31848.218923900276,,exact fallback,30.0,25.8671875,10.9375,10.9375,10.9375,1201.563950162381,unknown,True,,True,,False,,15344.6953125,True,utility_dynamic,True,0.0,0.0,full_gpu,0.0,,risk_evidence_insufficient,0.0,utility_dynamic,105.642523849383,,,,hybrid-session-009-turn-3,10.9375,0.0,10.9375,0.0,0.0,/DATACENTER3/zhenxiang.wang/work/TailGuardKV/.worktrees/baseline-smoke-final-aggregation/out/full_25session_baseline_9_14/full/policy_attempts/full40_20260916_h2o_static_safe/seed20260906,True,,hybrid-session-009,summary,106.3474090769887,3,risk_evidence_insufficient
full_gpu,13.0,0.1,False,True,online_qwen,True,1.0,/DATACENTER3/zhenxiang.wang/work/TailGuardKV/.worktrees/baseline-smoke-final-aggregation/out/full_25session_baseline_9_14/full/policy_attempts/full40_20260916_h2o_static_safe/seed20260906/config.yaml,,,,,0.05,True,,0.05,,14.9296875,True,full_gpu,True,,balanced_two_gpu,1,persistent,28077.175070066005,41564,31848.218923900276,,exact fallback,30.0,22.9140625,11.9765625,11.9765625,11.9765625,1223.078727023676,unknown,True,,True,,False,,15371.701171875,True,utility_dynamic,True,0.0,0.0,full_gpu,0.0,,risk_evidence_insufficient,0.0,utility_dynamic,133.07127403095365,,,,hybrid-session-010-turn-3,11.9765625,0.0,11.9765625,0.0,0.0,/DATACENTER3/zhenxiang.wang/work/TailGuardKV/.worktrees/baseline-smoke-final-aggregation/out/full_25session_baseline_9_14/full/policy_attempts/full40_20260916_h2o_static_safe/seed20260906,True,,hybrid-session-010,qa,133.8014849461615,3,risk_evidence_insufficient
full_gpu,13.0,0.1,False,True,online_qwen,True,1.0,/DATACENTER3/zhenxiang.wang/work/TailGuardKV/.worktrees/baseline-smoke-final-aggregation/out/full_25session_baseline_9_14/full/policy_attempts/full40_20260916_h2o_static_safe/seed20260906/config.yaml,,,,,0.05,True,,0.05,,10.9375,True,full_gpu,True,,balanced_two_gpu,1,persistent,28077.175070066005,41564,31848.218923900276,,exact fallback,30.0,23.296875,11.3203125,11.3203125,11.3203125,1208.06664112024,unknown,True,,True,,False,,15351.4169921875,True,utility_dynamic,True,0.0,0.0,full_gpu,0.0,,risk_evidence_insufficient,0.0,utility_dynamic,113.62122208811343,,,,hybrid-session-013-turn-3,11.3203125,0.0,11.3203125,0.0,0.0,/DATACENTER3/zhenxiang.wang/work/TailGuardKV/.worktrees/baseline-smoke-final-aggregation/out/full_25session_baseline_9_14/full/policy_attempts/full40_20260916_h2o_static_safe/seed20260906,True,,hybrid-session-013,summary,114.31913217529655,3,risk_evidence_insufficient
full_gpu,13.0,0.1,False,True,online_qwen,True,1.0,/DATACENTER3/zhenxiang.wang/work/TailGuardKV/.worktrees/baseline-smoke-final-aggregation/out/full_25session_baseline_9_14/full/policy_attempts/full40_20260916_h2o_static_safe/seed20260906/config.yaml,,,,,0.05,True,,0.05,,11.9765625,True,full_gpu,True,,balanced_two_gpu,1,persistent,28077.175070066005,41564,31848.218923900276,,exact fallback,30.0,23.84375,12.5234375,12.5234375,12.5234375,1251.0579931549728,unknown,True,,True,,False,,15383.35009765625,True,utility_dynamic,True,0.0,0.0,full_gpu,0.0,,risk_evidence_insufficient,0.0,utility_dynamic,144.34126392006874,,,,hybrid-session-016-turn-3,12.5234375,0.0,12.5234375,0.0,0.0,/DATACENTER3/zhenxiang.wang/work/TailGuardKV/.worktrees/baseline-smoke-final-aggregation/out/full_25session_baseline_9_14/full/policy_attempts/full40_20260916_h2o_static_safe/seed20260906,True,,hybrid-session-016,qa,145.08004416711628,3,risk_evidence_insufficient
full_gpu,13.0,0.1,False,True,online_qwen,True,1.0,/DATACENTER3/zhenxiang.wang/work/TailGuardKV/.worktrees/baseline-smoke-final-aggregation/out/full_25session_baseline_9_14/full/policy_attempts/full40_20260916_h2o_static_safe/seed20260906/config.yaml,,,,,0.05,True,,0.05,,11.3203125,True,full_gpu,True,,balanced_two_gpu,1,persistent,28077.175070066005,41564,31848.218923900276,,exact fallback,30.0,24.5546875,12.03125,12.03125,12.03125,1220.048801973462,unknown,True,,True,,False,,15370.89306640625,True,utility_dynamic,True,0.0,0.0,full_gpu,0.0,,risk_evidence_insufficient,0.0,utility_dynamic,132.1969151031226,,,,hybrid-session-020-turn-3,12.03125,0.0,12.03125,0.0,0.0,/DATACENTER3/zhenxiang.wang/work/TailGuardKV/.worktrees/baseline-smoke-final-aggregation/out/full_25session_baseline_9_14/full/policy_attempts/full40_20260916_h2o_static_safe/seed20260906,True,,hybrid-session-020,qa,132.95597000978887,3,risk_evidence_insufficient
full_gpu,13.0,0.1,False,True,online_qwen,True,1.0,/DATACENTER3/zhenxiang.wang/work/TailGuardKV/.worktrees/baseline-smoke-final-aggregation/out/full_25session_baseline_9_14/full/policy_attempts/full40_20260916_h2o_static_safe/seed20260906/config.yaml,,,,,0.05,True,,0.05,,12.5234375,True,full_gpu,True,,balanced_two_gpu,1,persistent,28077.175070066005,41564,31848.218923900276,,exact fallback,30.0,25.2109375,13.1796875,13.1796875,13.1796875,1228.8438419345766,unknown,True,,True,,False,,15407.92431640625,True,utility_dynamic,True,0.0,0.0,full_gpu,0.0,,risk_evidence_insufficient,0.0,utility_dynamic,136.48345111869276,,,,hybrid-session-021-turn-3,13.1796875,0.0,13.1796875,0.0,0.0,/DATACENTER3/zhenxiang.wang/work/TailGuardKV/.worktrees/baseline-smoke-final-aggregation/out/full_25session_baseline_9_14/full/policy_attempts/full40_20260916_h2o_static_safe/seed20260906,True,,hybrid-session-021,summary,137.12187903001904,3,risk_evidence_insufficient
full_gpu,13.0,0.1,False,True,online_qwen,True,1.0,/DATACENTER3/zhenxiang.wang/work/TailGuardKV/.worktrees/baseline-smoke-final-aggregation/out/full_25session_baseline_9_14/full/policy_attempts/full40_20260916_h2o_static_safe/seed20260906/config.yaml,,,,,0.05,True,,0.05,,12.03125,True,full_gpu,True,,balanced_two_gpu,1,persistent,28077.175070066005,41564,31848.218923900276,,exact fallback,30.0,25.703125,12.5234375,12.5234375,12.5234375,1225.0573060009629,unknown,True,,True,,False,,15385.26416015625,True,utility_dynamic,True,0.0,0.0,full_gpu,0.0,,risk_evidence_insufficient,0.0,utility_dynamic,143.69733398780227,,,,hybrid-session-025-turn-3,12.5234375,0.0,12.5234375,0.0,0.0,/DATACENTER3/zhenxiang.wang/work/TailGuardKV/.worktrees/baseline-smoke-final-aggregation/out/full_25session_baseline_9_14/full/policy_attempts/full40_20260916_h2o_static_safe/seed20260906,True,,hybrid-session-025,summary,144.38936696387827,3,risk_evidence_insufficient
full_gpu,13.0,0.1,False,True,online_qwen,True,1.0,/DATACENTER3/zhenxiang.wang/work/TailGuardKV/.worktrees/baseline-smoke-final-aggregation/out/full_25session_baseline_9_14/full/policy_attempts/full40_20260916_h2o_static_safe/seed20260906/config.yaml,,,,,0.05,True,,0.05,,13.1796875,True,full_gpu,True,,balanced_two_gpu,1,persistent,28077.175070066005,41564,31848.218923900276,,exact fallback,30.0,26.6328125,14.109375,14.109375,14.109375,1263.8899818994105,unknown,True,,True,,False,,15432.40380859375,True,utility_dynamic,True,0.0,0.0,full_gpu,0.0,,risk_evidence_insufficient,0.0,utility_dynamic,150.7142069749534,,,,hybrid-session-026-turn-3,14.109375,0.0,14.109375,0.0,0.0,/DATACENTER3/zhenxiang.wang/work/TailGuardKV/.worktrees/baseline-smoke-final-aggregation/out/full_25session_baseline_9_14/full/policy_attempts/full40_20260916_h2o_static_safe/seed20260906,True,,hybrid-session-026,qa,151.4303288422525,3,risk_evidence_insufficient
full_gpu,13.0,0.1,False,True,online_qwen,True,1.0,/DATACENTER3/zhenxiang.wang/work/TailGuardKV/.worktrees/baseline-smoke-final-aggregation/out/full_25session_baseline_9_14/full/policy_attempts/full40_20260916_h2o_static_safe/seed20260906/config.yaml,,,,,0.05,True,,0.05,,12.5234375,True,full_gpu,True,,balanced_two_gpu,1,persistent,28077.175070066005,41564,31848.218923900276,,exact fallback,30.0,27.890625,13.78125,13.78125,13.78125,1236.9041841011494,unknown,True,,True,,False,,15425.3466796875,True,utility_dynamic,True,0.0,0.0,full_gpu,0.0,,risk_evidence_insufficient,0.0,utility_dynamic,142.40941614843905,,,,hybrid-session-002-turn-4,13.78125,0.0,13.78125,0.0,0.0,/DATACENTER3/zhenxiang.wang/work/TailGuardKV/.worktrees/baseline-smoke-final-aggregation/out/full_25session_baseline_9_14/full/policy_attempts/full40_20260916_h2o_static_safe/seed20260906,True,,hybrid-session-002,qa,143.10811320319772,4,risk_evidence_insufficient
full_gpu,13.0,0.1,False,True,online_qwen,True,1.0,/DATACENTER3/zhenxiang.wang/work/TailGuardKV/.worktrees/baseline-smoke-final-aggregation/out/full_25session_baseline_9_14/full/policy_attempts/full40_20260916_h2o_static_safe/seed20260906/config.yaml,,,,,0.05,True,,0.05,,14.109375,True,full_gpu,True,,balanced_two_gpu,1,persistent,28077.175070066005,41564,31848.218923900276,,exact fallback,30.0,26.7421875,12.9609375,12.9609375,12.9609375,1235.4998430237174,unknown,True,,True,,False,,15402.984375,True,utility_dynamic,True,0.0,0.0,full_gpu,0.0,,risk_evidence_insufficient,0.0,utility_dynamic,145.52467199973762,,,,hybrid-session-003-turn-4,12.9609375,0.0,12.9609375,0.0,0.0,/DATACENTER3/zhenxiang.wang/work/TailGuardKV/.worktrees/baseline-smoke-final-aggregation/out/full_25session_baseline_9_14/full/policy_attempts/full40_20260916_h2o_static_safe/seed20260906,True,,hybrid-session-003,summary,146.26685390248895,4,risk_evidence_insufficient
full_gpu,13.0,0.1,False,True,online_qwen,True,1.0,/DATACENTER3/zhenxiang.wang/work/TailGuardKV/.worktrees/baseline-smoke-final-aggregation/out/full_25session_baseline_9_14/full/policy_attempts/full40_20260916_h2o_static_safe/seed20260906/config.yaml,,,,,0.05,True,,0.05,,13.78125,True,full_gpu,True,,balanced_two_gpu,1,persistent,28077.175070066005,41564,31848.218923900276,,exact fallback,30.0,27.5078125,14.546875,14.546875,14.546875,1240.063474047929,unknown,True,,True,,False,,15446.28466796875,True,utility_dynamic,True,0.0,0.0,full_gpu,0.0,,risk_evidence_insufficient,0.0,utility_dynamic,150.1668579876423,,,,hybrid-session-004-turn-4,14.546875,0.0,14.546875,0.0,0.0,/DATACENTER3/zhenxiang.wang/work/TailGuardKV/.worktrees/baseline-smoke-final-aggregation/out/full_25session_baseline_9_14/full/policy_attempts/full40_20260916_h2o_static_safe/seed20260906,True,,hybrid-session-004,qa,150.8697068784386,4,risk_evidence_insufficient
full_gpu,13.0,0.1,False,True,online_qwen,True,1.0,/DATACENTER3/zhenxiang.wang/work/TailGuardKV/.worktrees/baseline-smoke-final-aggregation/out/full_25session_baseline_9_14/full/policy_attempts/full40_20260916_h2o_static_safe/seed20260906/config.yaml,,,,,0.05,True,,0.05,,12.9609375,True,full_gpu,True,,balanced_two_gpu,1,persistent,28077.175070066005,41564,31848.218923900276,,exact fallback,30.0,27.8359375,13.2890625,13.2890625,13.2890625,1234.7972970455885,unknown,True,,True,,False,,15410.875,True,utility_dynamic,True,0.0,0.0,full_gpu,0.0,,risk_evidence_insufficient,0.0,utility_dynamic,138.62232607789338,,,,hybrid-session-005-turn-4,13.2890625,0.0,13.2890625,0.0,0.0,/DATACENTER3/zhenxiang.wang/work/TailGuardKV/.worktrees/baseline-smoke-final-aggregation/out/full_25session_baseline_9_14/full/policy_attempts/full40_20260916_h2o_static_safe/seed20260906,True,,hybrid-session-005,summary,139.3673811107874,4,risk_evidence_insufficient
full_gpu,13.0,0.1,False,True,online_qwen,True,1.0,/DATACENTER3/zhenxiang.wang/work/TailGuardKV/.worktrees/baseline-smoke-final-aggregation/out/full_25session_baseline_9_14/full/policy_attempts/full40_20260916_h2o_static_safe/seed20260906/config.yaml,,,,,0.05,True,,0.05,,14.546875,True,full_gpu,True,,balanced_two_gpu,1,persistent,28077.175070066005,41564,31848.218923900276,,exact fallback,30.0,29.9140625,16.625,16.625,16.625,1292.3493571579456,unknown,True,,True,,False,,15504.6669921875,True,utility_dynamic,True,0.0,0.0,full_gpu,0.0,,risk_evidence_insufficient,0.0,utility_dynamic,199.40633093938231,,,,hybrid-session-006-turn-4,16.625,0.0,16.625,0.0,0.0,/DATACENTER3/zhenxiang.wang/work/TailGuardKV/.worktrees/baseline-smoke-final-aggregation/out/full_25session_baseline_9_14/full/policy_attempts/full40_20260916_h2o_static_safe/seed20260906,True,,hybrid-session-006,qa,200.15321602113545,4,risk_evidence_insufficient
full_gpu,13.0,0.1,True,True,online_qwen,True,1.0,/DATACENTER3/zhenxiang.wang/work/TailGuardKV/.worktrees/baseline-smoke-final-aggregation/out/full_25session_baseline_9_14/full/policy_attempts/full40_20260916_h2o_static_safe/seed20260906/config.yaml,,,,,0.05,True,,0.05,,13.2890625,True,full_gpu,True,,balanced_two_gpu,1,persistent,28077.175070066005,41564,31848.218923900276,,exact fallback,30.0,29.421875,12.796875,12.796875,12.796875,1223.6872192006558,unknown,True,0.0,True,,False,,15401.900390625,True,utility_dynamic,True,0.0,0.0,full_gpu,0.0,,risk_evidence_insufficient,0.0,utility_dynamic,129.75557590834796,,,,hybrid-session-009-turn-4,12.796875,0.0,12.796875,0.0,0.0,/DATACENTER3/zhenxiang.wang/work/TailGuardKV/.worktrees/baseline-smoke-final-aggregation/out/full_25session_baseline_9_14/full/policy_attempts/full40_20260916_h2o_static_safe/seed20260906,True,,hybrid-session-009,summary,130.4844261612743,4,risk_evidence_insufficient
full_gpu,13.0,0.1,False,True,online_qwen,True,1.0,/DATACENTER3/zhenxiang.wang/work/TailGuardKV/.worktrees/baseline-smoke-final-aggregation/out/full_25session_baseline_9_14/full/policy_attempts/full40_20260916_h2o_static_safe/seed20260906/config.yaml,,,,,0.05,True,,0.05,,16.625,True,full_gpu,True,,balanced_two_gpu,1,persistent,28077.175070066005,41564,31848.218923900276,,exact fallback,30.0,26.8515625,14.0546875,14.0546875,14.0546875,1241.476790048182,unknown,True,,True,,False,,15434.61767578125,True,utility_dynamic,True,0.0,0.0,full_gpu,0.0,,risk_evidence_insufficient,0.0,utility_dynamic,149.337416049093,,,,hybrid-session-010-turn-4,14.0546875,0.0,14.0546875,0.0,0.0,/DATACENTER3/zhenxiang.wang/work/TailGuardKV/.worktrees/baseline-smoke-final-aggregation/out/full_25session_baseline_9_14/full/policy_attempts/full40_20260916_h2o_static_safe/seed20260906,True,,hybrid-session-010,qa,150.0507229939103,4,risk_evidence_insufficient
full_gpu,13.0,0.1,True,True,online_qwen,True,1.0,/DATACENTER3/zhenxiang.wang/work/TailGuardKV/.worktrees/baseline-smoke-final-aggregation/out/full_25session_baseline_9_14/full/policy_attempts/full40_20260916_h2o_static_safe/seed20260906/config.yaml,,,,,0.05,True,,0.05,,12.796875,True,full_gpu,True,,balanced_two_gpu,1,persistent,28077.175070066005,41564,31848.218923900276,,exact fallback,30.0,27.2890625,13.234375,13.234375,13.234375,1227.846171008423,unknown,True,0.0,True,,False,,15410.27587890625,True,utility_dynamic,True,0.0,0.0,full_gpu,0.0,,risk_evidence_insufficient,0.0,utility_dynamic,139.45398712530732,,,,hybrid-session-013-turn-4,13.234375,0.0,13.234375,0.0,0.0,/DATACENTER3/zhenxiang.wang/work/TailGuardKV/.worktrees/baseline-smoke-final-aggregation/out/full_25session_baseline_9_14/full/policy_attempts/full40_20260916_h2o_static_safe/seed20260906,True,,hybrid-session-013,summary,140.15025505796075,4,risk_evidence_insufficient
full_gpu,13.0,0.1,False,True,online_qwen,True,1.0,/DATACENTER3/zhenxiang.wang/work/TailGuardKV/.worktrees/baseline-smoke-final-aggregation/out/full_25session_baseline_9_14/full/policy_attempts/full40_20260916_h2o_static_safe/seed20260906/config.yaml,,,,,0.05,True,,0.05,,14.0546875,True,full_gpu,True,,balanced_two_gpu,1,persistent,28077.175070066005,41564,31848.218923900276,,exact fallback,30.0,27.8359375,14.6015625,14.6015625,14.6015625,1241.051078075543,unknown,True,,True,,False,,15447.76611328125,True,utility_dynamic,True,0.0,0.0,full_gpu,0.0,,risk_evidence_insufficient,0.0,utility_dynamic,140.35137393511832,,,,hybrid-session-016-turn-4,14.6015625,0.0,14.6015625,0.0,0.0,/DATACENTER3/zhenxiang.wang/work/TailGuardKV/.worktrees/baseline-smoke-final-aggregation/out/full_25session_baseline_9_14/full/policy_attempts/full40_20260916_h2o_static_safe/seed20260906,True,,hybrid-session-016,qa,141.07149094343185,4,risk_evidence_insufficient
full_gpu,13.0,0.1,False,True,online_qwen,True,1.0,/DATACENTER3/zhenxiang.wang/work/TailGuardKV/.worktrees/baseline-smoke-final-aggregation/out/full_25session_baseline_9_14/full/policy_attempts/full40_20260916_h2o_static_safe/seed20260906/config.yaml,,,,,0.05,True,,0.05,,13.234375,True,full_gpu,True,,balanced_two_gpu,1,persistent,28077.175070066005,41564,31848.218923900276,,exact fallback,30.0,28.546875,13.9453125,13.9453125,13.9453125,1237.856772961095,unknown,True,,True,,False,,15431.974609375,True,utility_dynamic,True,0.0,0.0,full_gpu,0.0,,risk_evidence_insufficient,0.0,utility_dynamic,148.65453587844968,,,,hybrid-session-020-turn-4,13.9453125,0.0,13.9453125,0.0,0.0,/DATACENTER3/zhenxiang.wang/work/TailGuardKV/.worktrees/baseline-smoke-final-aggregation/out/full_25session_baseline_9_14/full/policy_attempts/full40_20260916_h2o_static_safe/seed20260906,True,,hybrid-session-020,qa,149.41559708677232,4,risk_evidence_insufficient
full_gpu,13.0,0.1,False,True,online_qwen,True,1.0,/DATACENTER3/zhenxiang.wang/work/TailGuardKV/.worktrees/baseline-smoke-final-aggregation/out/full_25session_baseline_9_14/full/policy_attempts/full40_20260916_h2o_static_safe/seed20260906/config.yaml,,,,,0.05,True,,0.05,,14.6015625,True,full_gpu,True,,balanced_two_gpu,1,persistent,28077.175070066005,41564,31848.218923900276,,exact fallback,30.0,29.0390625,15.09375,15.09375,15.09375,1292.1314949635416,unknown,True,,True,,False,,15463.8408203125,True,utility_dynamic,True,0.0,0.0,full_gpu,0.0,,risk_evidence_insufficient,0.0,utility_dynamic,181.71301297843456,,,,hybrid-session-021-turn-4,15.09375,0.0,15.09375,0.0,0.0,/DATACENTER3/zhenxiang.wang/work/TailGuardKV/.worktrees/baseline-smoke-final-aggregation/out/full_25session_baseline_9_14/full/policy_attempts/full40_20260916_h2o_static_safe/seed20260906,True,,hybrid-session-021,summary,182.43634910322726,4,risk_evidence_insufficient
full_gpu,13.0,0.1,False,True,online_qwen,True,1.0,/DATACENTER3/zhenxiang.wang/work/TailGuardKV/.worktrees/baseline-smoke-final-aggregation/out/full_25session_baseline_9_14/full/policy_attempts/full40_20260916_h2o_static_safe/seed20260906/config.yaml,,,,,0.05,True,,0.05,,13.9453125,True,full_gpu,True,,balanced_two_gpu,1,persistent,28077.175070066005,41564,31848.218923900276,,exact fallback,30.0,29.9140625,14.8203125,14.8203125,14.8203125,1251.7775320447981,unknown,True,,True,,False,,15455.30810546875,True,utility_dynamic,True,0.0,0.0,full_gpu,0.0,,risk_evidence_insufficient,0.0,utility_dynamic,151.30324405618012,,,,hybrid-session-025-turn-4,14.8203125,0.0,14.8203125,0.0,0.0,/DATACENTER3/zhenxiang.wang/work/TailGuardKV/.worktrees/baseline-smoke-final-aggregation/out/full_25session_baseline_9_14/full/policy_attempts/full40_20260916_h2o_static_safe/seed20260906,True,,hybrid-session-025,summary,152.02501905150712,4,risk_evidence_insufficient
full_gpu,13.0,0.1,False,True,online_qwen,True,1.0,/DATACENTER3/zhenxiang.wang/work/TailGuardKV/.worktrees/baseline-smoke-final-aggregation/out/full_25session_baseline_9_14/full/policy_attempts/full40_20260916_h2o_static_safe/seed20260906/config.yaml,,,,,0.05,True,,0.05,,29.9140625,True,full_gpu,True,,balanced_two_gpu,1,persistent,28077.175070066005,41564,31848.218923900276,,exact fallback,30.0,16.0234375,16.0234375,16.0234375,16.0234375,1268.167921807617,unknown,True,,True,,False,,15490.7724609375,True,utility_dynamic,True,0.0,0.0,full_gpu,0.0,,risk_evidence_insufficient,0.0,utility_dynamic,186.7842269130051,,,,hybrid-session-026-turn-4,16.0234375,0.0,16.0234375,0.0,0.0,/DATACENTER3/zhenxiang.wang/work/TailGuardKV/.worktrees/baseline-smoke-final-aggregation/out/full_25session_baseline_9_14/full/policy_attempts/full40_20260916_h2o_static_safe/seed20260906,True,,hybrid-session-026,qa,187.47277581132948,4,risk_evidence_insufficient
full_gpu,1.0,0.1,False,False,online_qwen,False,1.0,/DATACENTER3/zhenxiang.wang/work/TailGuardKV/.worktrees/baseline-smoke-final-aggregation/out/full_25session_baseline_9_14/full/policy_attempts/full40_20260916_h2o_static_safe/seed20260906/config.yaml,,,,,0.05,True,,0.05,,0,True,full_gpu,True,,balanced_two_gpu,1,persistent,27653.25625706464,43454,31313.440636964515,,exact fallback,30.0,2.078125,2.078125,2.078125,2.078125,4939.875376177952,unknown,True,,True,,False,,15070.54150390625,True,uncalibrated_dynamic,True,0.0,0.0,full_gpu,0.0,,risk_evidence_insufficient,0.0,uncalibrated_dynamic,0.0,,,,hybrid-session-002-turn-0,2.078125,0.0,2.078125,0.0,0.0,/DATACENTER3/zhenxiang.wang/work/TailGuardKV/.worktrees/baseline-smoke-final-aggregation/out/full_25session_baseline_9_14/full/policy_attempts/full40_20260916_h2o_static_safe/seed20260906,True,point_prediction_rejected,hybrid-session-002,chat,3854.884345084429,0,risk_evidence_insufficient
full_gpu,2.0,0.1,False,False,online_qwen,False,1.0,/DATACENTER3/zhenxiang.wang/work/TailGuardKV/.worktrees/baseline-smoke-final-aggregation/out/full_25session_baseline_9_14/full/policy_attempts/full40_20260916_h2o_static_safe/seed20260906/config.yaml,,,,,0.05,True,,0.05,,0,True,full_gpu,True,,balanced_two_gpu,1,persistent,27653.25625706464,43454,31313.440636964515,,exact fallback,30.0,3.5546875,1.4765625,1.4765625,1.4765625,1187.864416046068,unknown,True,,True,,False,,15055.19384765625,True,uncalibrated_dynamic,True,0.0,0.0,full_gpu,0.0,,risk_evidence_insufficient,0.0,uncalibrated_dynamic,0.0,,,,hybrid-session-003-turn-0,1.4765625,0.0,1.4765625,0.0,0.0,/DATACENTER3/zhenxiang.wang/work/TailGuardKV/.worktrees/baseline-smoke-final-aggregation/out/full_25session_baseline_9_14/full/policy_attempts/full40_20260916_h2o_static_safe/seed20260906,True,point_prediction_rejected,hybrid-session-003,chat,77.47794897295535,0,risk_evidence_insufficient
full_gpu,3.0,0.1,False,False,online_qwen,False,1.0,/DATACENTER3/zhenxiang.wang/work/TailGuardKV/.worktrees/baseline-smoke-final-aggregation/out/full_25session_baseline_9_14/full/policy_attempts/full40_20260916_h2o_static_safe/seed20260906/config.yaml,,,,,0.05,True,,0.05,,0,True,full_gpu,True,,balanced_two_gpu,1,persistent,27653.25625706464,43454,31313.440636964515,,exact fallback,30.0,5.3046875,1.75,1.75,1.75,1125.6391790229827,unknown,True,,True,,False,,15063.70947265625,True,uncalibrated_dynamic,True,0.0,0.0,full_gpu,0.0,,risk_evidence_insufficient,0.0,uncalibrated_dynamic,0.0,,,,hybrid-session-004-turn-0,1.75,0.0,1.75,0.0,0.0,/DATACENTER3/zhenxiang.wang/work/TailGuardKV/.worktrees/baseline-smoke-final-aggregation/out/full_25session_baseline_9_14/full/policy_attempts/full40_20260916_h2o_static_safe/seed20260906,True,point_prediction_rejected,hybrid-session-004,chat,79.51938104815781,0,risk_evidence_insufficient
full_gpu,4.0,0.1,False,False,online_qwen,False,1.0,/DATACENTER3/zhenxiang.wang/work/TailGuardKV/.worktrees/baseline-smoke-final-aggregation/out/full_25session_baseline_9_14/full/policy_attempts/full40_20260916_h2o_static_safe/seed20260906/config.yaml,,,,,0.05,True,,0.05,,0,True,full_gpu,True,,balanced_two_gpu,1,persistent,27653.25625706464,43454,31313.440636964515,,exact fallback,30.0,7.21875,1.9140625,1.9140625,1.9140625,1150.4876378457993,unknown,True,,True,,False,,15070.26806640625,True,uncalibrated_dynamic,True,0.0,0.0,full_gpu,0.0,,risk_evidence_insufficient,0.0,uncalibrated_dynamic,0.0,,,,hybrid-session-005-turn-0,1.9140625,0.0,1.9140625,0.0,0.0,/DATACENTER3/zhenxiang.wang/work/TailGuardKV/.worktrees/baseline-smoke-final-aggregation/out/full_25session_baseline_9_14/full/policy_attempts/full40_20260916_h2o_static_safe/seed20260906,True,point_prediction_rejected,hybrid-session-005,chat,80.97863500006497,0,risk_evidence_insufficient
full_gpu,5.0,0.1,False,False,online_qwen,False,1.0,/DATACENTER3/zhenxiang.wang/work/TailGuardKV/.worktrees/baseline-smoke-final-aggregation/out/full_25session_baseline_9_14/full/policy_attempts/full40_20260916_h2o_static_safe/seed20260906/config.yaml,,,,,0.05,True,,0.05,,0,True,full_gpu,True,,balanced_two_gpu,1,persistent,27653.25625706464,43454,31313.440636964515,,exact fallback,30.0,9.84375,2.625,2.625,2.625,1146.552258869633,unknown,True,,True,,False,,15093.27587890625,True,uncalibrated_dynamic,True,0.0,0.0,full_gpu,0.0,,risk_evidence_insufficient,0.0,uncalibrated_dynamic,0.0,,,,hybrid-session-006-turn-0,2.625,0.0,2.625,0.0,0.0,/DATACENTER3/zhenxiang.wang/work/TailGuardKV/.worktrees/baseline-smoke-final-aggregation/out/full_25session_baseline_9_14/full/policy_attempts/full40_20260916_h2o_static_safe/seed20260906,True,point_prediction_rejected,hybrid-session-006,chat,74.04475100338459,0,risk_evidence_insufficient
full_gpu,6.0,0.1,False,False,online_qwen,False,1.0,/DATACENTER3/zhenxiang.wang/work/TailGuardKV/.worktrees/baseline-smoke-final-aggregation/out/full_25session_baseline_9_14/full/policy_attempts/full40_20260916_h2o_static_safe/seed20260906/config.yaml,,,,,0.05,True,,0.05,,0,True,full_gpu,True,,balanced_two_gpu,1,persistent,27653.25625706464,43454,31313.440636964515,,exact fallback,30.0,11.5390625,1.6953125,1.6953125,1.6953125,1159.7577130887657,unknown,True,,True,,False,,15068.48681640625,True,uncalibrated_dynamic,True,0.0,0.0,full_gpu,0.0,,risk_evidence_insufficient,0.0,uncalibrated_dynamic,0.0,,,,hybrid-session-009-turn-0,1.6953125,0.0,1.6953125,0.0,0.0,/DATACENTER3/zhenxiang.wang/work/TailGuardKV/.worktrees/baseline-smoke-final-aggregation/out/full_25session_baseline_9_14/full/policy_attempts/full40_20260916_h2o_static_safe/seed20260906,True,point_prediction_rejected,hybrid-session-009,chat,84.82086611911654,0,risk_evidence_insufficient
full_gpu,7.0,0.1,False,False,online_qwen,False,1.0,/DATACENTER3/zhenxiang.wang/work/TailGuardKV/.worktrees/baseline-smoke-final-aggregation/out/full_25session_baseline_9_14/full/policy_attempts/full40_20260916_h2o_static_safe/seed20260906/config.yaml,,,,,0.05,True,,0.05,,0,True,full_gpu,True,,balanced_two_gpu,1,persistent,27653.25625706464,43454,31313.440636964515,,exact fallback,30.0,13.0703125,1.53125,1.53125,1.53125,1154.942343942821,unknown,True,,True,,False,,15065.87646484375,True,uncalibrated_dynamic,True,0.0,0.0,full_gpu,0.0,,risk_evidence_insufficient,0.0,uncalibrated_dynamic,0.0,,,,hybrid-session-010-turn-0,1.53125,0.0,1.53125,0.0,0.0,/DATACENTER3/zhenxiang.wang/work/TailGuardKV/.worktrees/baseline-smoke-final-aggregation/out/full_25session_baseline_9_14/full/policy_attempts/full40_20260916_h2o_static_safe/seed20260906,True,point_prediction_rejected,hybrid-session-010,chat,77.36645406112075,0,risk_evidence_insufficient
full_gpu,8.0,0.1,False,False,online_qwen,False,1.0,/DATACENTER3/zhenxiang.wang/work/TailGuardKV/.worktrees/baseline-smoke-final-aggregation/out/full_25session_baseline_9_14/full/policy_attempts/full40_20260916_h2o_static_safe/seed20260906/config.yaml,,,,,0.05,True,,0.05,,0,True,full_gpu,True,,balanced_two_gpu,1,persistent,27653.25625706464,43454,31313.440636964515,,exact fallback,30.0,14.875,1.8046875,1.8046875,1.8046875,1154.1418738197535,unknown,True,,True,,False,,15074.73681640625,True,uncalibrated_dynamic,True,0.0,0.0,full_gpu,0.0,,risk_evidence_insufficient,0.0,uncalibrated_dynamic,0.0,,,,hybrid-session-013-turn-0,1.8046875,0.0,1.8046875,0.0,0.0,/DATACENTER3/zhenxiang.wang/work/TailGuardKV/.worktrees/baseline-smoke-final-aggregation/out/full_25session_baseline_9_14/full/policy_attempts/full40_20260916_h2o_static_safe/seed20260906,True,point_prediction_rejected,hybrid-session-013,chat,86.03386185131967,0,risk_evidence_insufficient
full_gpu,9.0,0.1,False,False,online_qwen,False,1.0,/DATACENTER3/zhenxiang.wang/work/TailGuardKV/.worktrees/baseline-smoke-final-aggregation/out/full_25session_baseline_9_14/full/policy_attempts/full40_20260916_h2o_static_safe/seed20260906/config.yaml,,,,,0.05,True,,0.05,,0,True,full_gpu,True,,balanced_two_gpu,1,persistent,27653.25625706464,43454,31313.440636964515,,exact fallback,30.0,17.5,2.625,2.625,2.625,1150.903498986736,unknown,True,,True,,False,,15100.93212890625,True,uncalibrated_dynamic,True,0.0,0.0,full_gpu,0.0,,risk_evidence_insufficient,0.0,uncalibrated_dynamic,0.0,,,,hybrid-session-016-turn-0,2.625,0.0,2.625,0.0,0.0,/DATACENTER3/zhenxiang.wang/work/TailGuardKV/.worktrees/baseline-smoke-final-aggregation/out/full_25session_baseline_9_14/full/policy_attempts/full40_20260916_h2o_static_safe/seed20260906,True,point_prediction_rejected,hybrid-session-016,chat,81.28018700517714,0,risk_evidence_insufficient
full_gpu,10.0,0.1,False,False,online_qwen,False,1.0,/DATACENTER3/zhenxiang.wang/work/TailGuardKV/.worktrees/baseline-smoke-final-aggregation/out/full_25session_baseline_9_14/full/policy_attempts/full40_20260916_h2o_static_safe/seed20260906/config.yaml,,,,,0.05,True,,0.05,,0,True,full_gpu,True,,balanced_two_gpu,1,persistent,27653.25625706464,43454,31313.440636964515,,exact fallback,30.0,19.90625,2.40625,2.40625,2.40625,1152.701860992238,unknown,True,,True,,False,,15095.79541015625,True,uncalibrated_dynamic,True,0.0,0.0,full_gpu,0.0,,risk_evidence_insufficient,0.0,uncalibrated_dynamic,0.0,,,,hybrid-session-020-turn-0,2.40625,0.0,2.40625,0.0,0.0,/DATACENTER3/zhenxiang.wang/work/TailGuardKV/.worktrees/baseline-smoke-final-aggregation/out/full_25session_baseline_9_14/full/policy_attempts/full40_20260916_h2o_static_safe/seed20260906,True,point_prediction_rejected,hybrid-session-020,chat,80.51533787511289,0,risk_evidence_insufficient
full_gpu,11.0,0.1,False,False,online_qwen,False,1.0,/DATACENTER3/zhenxiang.wang/work/TailGuardKV/.worktrees/baseline-smoke-final-aggregation/out/full_25session_baseline_9_14/full/policy_attempts/full40_20260916_h2o_static_safe/seed20260906/config.yaml,,,,,0.05,True,,0.05,,0,True,full_gpu,True,,balanced_two_gpu,1,persistent,27653.25625706464,43454,31313.440636964515,,exact fallback,30.0,22.203125,2.296875,2.296875,2.296875,1154.6043979469687,unknown,True,,True,,False,,15095.17822265625,True,uncalibrated_dynamic,True,0.0,0.0,full_gpu,0.0,,risk_evidence_insufficient,0.0,uncalibrated_dynamic,0.0,,,,hybrid-session-021-turn-0,2.296875,0.0,2.296875,0.0,0.0,/DATACENTER3/zhenxiang.wang/work/TailGuardKV/.worktrees/baseline-smoke-final-aggregation/out/full_25session_baseline_9_14/full/policy_attempts/full40_20260916_h2o_static_safe/seed20260906,True,point_prediction_rejected,hybrid-session-021,chat,83.24109995737672,0,risk_evidence_insufficient
full_gpu,12.0,0.1,False,False,online_qwen,False,1.0,/DATACENTER3/zhenxiang.wang/work/TailGuardKV/.worktrees/baseline-smoke-final-aggregation/out/full_25session_baseline_9_14/full/policy_attempts/full40_20260916_h2o_static_safe/seed20260906/config.yaml,,,,,0.05,True,,0.05,,0,True,full_gpu,True,,balanced_two_gpu,1,persistent,27653.25625706464,43454,31313.440636964515,,exact fallback,30.0,24.171875,1.96875,1.96875,1.96875,1147.4314560182393,unknown,True,,True,,False,,15088.40478515625,True,uncalibrated_dynamic,True,0.0,0.0,full_gpu,0.0,,risk_evidence_insufficient,0.0,uncalibrated_dynamic,0.0,,,,hybrid-session-025-turn-0,1.96875,0.0,1.96875,0.0,0.0,/DATACENTER3/zhenxiang.wang/work/TailGuardKV/.worktrees/baseline-smoke-final-aggregation/out/full_25session_baseline_9_14/full/policy_attempts/full40_20260916_h2o_static_safe/seed20260906,True,point_prediction_rejected,hybrid-session-025,chat,79.97024594806135,0,risk_evidence_insufficient
full_gpu,13.0,0.1,False,False,online_qwen,False,1.0,/DATACENTER3/zhenxiang.wang/work/TailGuardKV/.worktrees/baseline-smoke-final-aggregation/out/full_25session_baseline_9_14/full/policy_attempts/full40_20260916_h2o_static_safe/seed20260906/config.yaml,,,,,0.05,True,,0.05,,0,True,full_gpu,True,,balanced_two_gpu,1,persistent,27653.25625706464,43454,31313.440636964515,,exact fallback,30.0,26.359375,2.1875,2.1875,2.1875,1165.0719861499965,unknown,True,,True,,False,,15096.42041015625,True,uncalibrated_dynamic,True,0.0,0.0,full_gpu,0.0,,risk_evidence_insufficient,0.0,uncalibrated_dynamic,0.0,,,,hybrid-session-026-turn-0,2.1875,0.0,2.1875,0.0,0.0,/DATACENTER3/zhenxiang.wang/work/TailGuardKV/.worktrees/baseline-smoke-final-aggregation/out/full_25session_baseline_9_14/full/policy_attempts/full40_20260916_h2o_static_safe/seed20260906,True,point_prediction_rejected,hybrid-session-026,chat,91.32399503141642,0,risk_evidence_insufficient
full_gpu,13.0,0.1,False,False,online_qwen,False,1.0,/DATACENTER3/zhenxiang.wang/work/TailGuardKV/.worktrees/baseline-smoke-final-aggregation/out/full_25session_baseline_9_14/full/policy_attempts/full40_20260916_h2o_static_safe/seed20260906/config.yaml,,,,,0.05,True,,0.05,,0,True,full_gpu,True,,balanced_two_gpu,1,persistent,27653.25625706464,43454,31313.440636964515,,exact fallback,30.0,28.1640625,3.8828125,3.8828125,1.8046875,1158.976985141635,unknown,True,,True,,False,,15088.02685546875,True,uncalibrated_dynamic,True,0.0,0.0,full_gpu,0.0,,risk_evidence_insufficient,0.0,uncalibrated_dynamic,0.0,,,,hybrid-session-002-turn-1,3.8828125,2.078125,3.8828125,0.0,0.0,/DATACENTER3/zhenxiang.wang/work/TailGuardKV/.worktrees/baseline-smoke-final-aggregation/out/full_25session_baseline_9_14/full/policy_attempts/full40_20260916_h2o_static_safe/seed20260906,True,point_prediction_rejected,hybrid-session-002,chat,81.02021017111838,1,risk_evidence_insufficient
full_gpu,13.0,0.1,True,False,online_qwen,False,1.0,/DATACENTER3/zhenxiang.wang/work/TailGuardKV/.worktrees/baseline-smoke-final-aggregation/out/full_25session_baseline_9_14/full/policy_attempts/full40_20260916_h2o_static_safe/seed20260906/config.yaml,,,,,0.05,True,,0.05,,0,True,full_gpu,True,,balanced_two_gpu,1,persistent,27653.25625706464,43454,31313.440636964515,,exact fallback,30.0,29.5859375,2.8984375,2.8984375,1.421875,1152.7504411060363,unknown,True,0.0,True,,False,,15080.05908203125,True,uncalibrated_dynamic,True,0.0,0.0,full_gpu,0.0,,risk_evidence_insufficient,0.0,uncalibrated_dynamic,0.0,,,,hybrid-session-003-turn-1,2.8984375,1.4765625,2.8984375,0.0,0.0,/DATACENTER3/zhenxiang.wang/work/TailGuardKV/.worktrees/baseline-smoke-final-aggregation/out/full_25session_baseline_9_14/full/policy_attempts/full40_20260916_h2o_static_safe/seed20260906,True,point_prediction_rejected,hybrid-session-003,chat,79.58273310214281,1,risk_evidence_insufficient
full_gpu,13.0,0.1,False,True,online_qwen,True,1.0,/DATACENTER3/zhenxiang.wang/work/TailGuardKV/.worktrees/baseline-smoke-final-aggregation/out/full_25session_baseline_9_14/full/policy_attempts/full40_20260916_h2o_static_safe/seed20260906/config.yaml,,,,,0.05,True,,0.05,,4.5390625,True,full_gpu,True,,balanced_two_gpu,1,persistent,27653.25625706464,43454,31313.440636964515,,exact fallback,30.0,28.2734375,4.9765625,4.9765625,3.2265625,1163.7814629357308,unknown,True,,True,,False,,15131.58349609375,True,uncalibrated_dynamic,True,0.0,0.0,full_gpu,0.0,,risk_evidence_insufficient,0.0,uncalibrated_dynamic,0.0,,,,hybrid-session-004-turn-1,4.9765625,1.75,4.9765625,0.0,0.0,/DATACENTER3/zhenxiang.wang/work/TailGuardKV/.worktrees/baseline-smoke-final-aggregation/out/full_25session_baseline_9_14/full/policy_attempts/full40_20260916_h2o_static_safe/seed20260906,True,point_prediction_rejected,hybrid-session-004,chat,87.86010509356856,1,risk_evidence_insufficient
full_gpu,13.0,0.1,False,True,online_qwen,True,1.0,/DATACENTER3/zhenxiang.wang/work/TailGuardKV/.worktrees/baseline-smoke-final-aggregation/out/full_25session_baseline_9_14/full/policy_attempts/full40_20260916_h2o_static_safe/seed20260906/config.yaml,,,,,0.05,True,,0.05,,3.2265625,True,full_gpu,True,,balanced_two_gpu,1,persistent,27653.25625706464,43454,31313.440636964515,,exact fallback,30.0,28.984375,3.9375,3.9375,3.9375,1150.1668069977313,unknown,True,,True,,False,,15150.76806640625,True,uncalibrated_dynamic,True,0.0,0.0,full_gpu,0.0,,risk_evidence_insufficient,0.0,uncalibrated_dynamic,86.46905003115535,,,,hybrid-session-005-turn-1,3.9375,0.0,3.9375,0.0,0.0,/DATACENTER3/zhenxiang.wang/work/TailGuardKV/.worktrees/baseline-smoke-final-aggregation/out/full_25session_baseline_9_14/full/policy_attempts/full40_20260916_h2o_static_safe/seed20260906,True,point_prediction_rejected,hybrid-session-005,chat,87.1706351172179,1,risk_evidence_insufficient
full_gpu,13.0,0.1,False,True,online_qwen,True,1.0,/DATACENTER3/zhenxiang.wang/work/TailGuardKV/.worktrees/baseline-smoke-final-aggregation/out/full_25session_baseline_9_14/full/policy_attempts/full40_20260916_h2o_static_safe/seed20260906/config.yaml,,,,,0.05,True,,0.05,,4.4296875,True,full_gpu,True,,balanced_two_gpu,1,persistent,27653.25625706464,43454,31313.440636964515,,exact fallback,30.0,29.859375,5.3046875,5.3046875,5.3046875,1160.4516750667244,unknown,True,,True,,False,,15188.640625,True,uncalibrated_dynamic,True,0.0,0.0,full_gpu,0.0,,risk_evidence_insufficient,0.0,uncalibrated_dynamic,91.7370249517262,,,,hybrid-session-006-turn-1,5.3046875,0.0,5.3046875,0.0,0.0,/DATACENTER3/zhenxiang.wang/work/TailGuardKV/.worktrees/baseline-smoke-final-aggregation/out/full_25session_baseline_9_14/full/policy_attempts/full40_20260916_h2o_static_safe/seed20260906,True,point_prediction_rejected,hybrid-session-006,chat,92.42555708624423,1,risk_evidence_insufficient
full_gpu,13.0,0.1,False,True,online_qwen,True,1.0,/DATACENTER3/zhenxiang.wang/work/TailGuardKV/.worktrees/baseline-smoke-final-aggregation/out/full_25session_baseline_9_14/full/policy_attempts/full40_20260916_h2o_static_safe/seed20260906/config.yaml,,,,,0.05,True,,0.05,,4.703125,True,full_gpu,True,,balanced_two_gpu,1,persistent,27653.25625706464,43454,31313.440636964515,,exact fallback,30.0,28.2734375,3.1171875,3.1171875,3.1171875,1152.5299011263996,unknown,True,,True,,False,,15127.80712890625,True,uncalibrated_dynamic,True,0.0,0.0,full_gpu,0.0,,risk_evidence_insufficient,0.0,uncalibrated_dynamic,87.89710397832096,,,,hybrid-session-009-turn-1,3.1171875,0.0,3.1171875,0.0,0.0,/DATACENTER3/zhenxiang.wang/work/TailGuardKV/.worktrees/baseline-smoke-final-aggregation/out/full_25session_baseline_9_14/full/policy_attempts/full40_20260916_h2o_static_safe/seed20260906,True,point_prediction_rejected,hybrid-session-009,chat,88.58154807239771,1,risk_evidence_insufficient
full_gpu,13.0,0.1,False,True,online_qwen,True,1.0,/DATACENTER3/zhenxiang.wang/work/TailGuardKV/.worktrees/baseline-smoke-final-aggregation/out/full_25session_baseline_9_14/full/policy_attempts/full40_20260916_h2o_static_safe/seed20260906/config.yaml,,,,,0.05,True,,0.05,,1.96875,True,full_gpu,True,,balanced_two_gpu,1,persistent,27653.25625706464,43454,31313.440636964515,,exact fallback,30.0,29.203125,2.8984375,2.8984375,2.8984375,1158.7698378134519,unknown,True,,True,,False,,15121.02783203125,True,uncalibrated_dynamic,True,0.0,0.0,full_gpu,0.0,,risk_evidence_insufficient,0.0,uncalibrated_dynamic,75.18613617867231,,,,hybrid-session-010-turn-1,2.8984375,0.0,2.8984375,0.0,0.0,/DATACENTER3/zhenxiang.wang/work/TailGuardKV/.worktrees/baseline-smoke-final-aggregation/out/full_25session_baseline_9_14/full/policy_attempts/full40_20260916_h2o_static_safe/seed20260906,True,point_prediction_rejected,hybrid-session-010,chat,75.89763379655778,1,risk_evidence_insufficient
full_gpu,13.0,0.1,False,True,online_qwen,True,1.0,/DATACENTER3/zhenxiang.wang/work/TailGuardKV/.worktrees/baseline-smoke-final-aggregation/out/full_25session_baseline_9_14/full/policy_attempts/full40_20260916_h2o_static_safe/seed20260906/config.yaml,,,,,0.05,True,,0.05,,6.0703125,True,full_gpu,True,,balanced_two_gpu,1,persistent,27653.25625706464,43454,31313.440636964515,,exact fallback,30.0,26.25,3.1171875,3.1171875,3.1171875,1179.0906540118158,unknown,True,,True,,False,,15127.15087890625,True,uncalibrated_dynamic,True,0.0,0.0,full_gpu,0.0,,risk_evidence_insufficient,0.0,uncalibrated_dynamic,81.78937598131597,,,,hybrid-session-013-turn-1,3.1171875,0.0,3.1171875,0.0,0.0,/DATACENTER3/zhenxiang.wang/work/TailGuardKV/.worktrees/baseline-smoke-final-aggregation/out/full_25session_baseline_9_14/full/policy_attempts/full40_20260916_h2o_static_safe/seed20260906,True,point_prediction_rejected,hybrid-session-013,chat,82.46899116784334,1,risk_evidence_insufficient
full_gpu,13.0,0.1,False,True,online_qwen,True,1.0,/DATACENTER3/zhenxiang.wang/work/TailGuardKV/.worktrees/baseline-smoke-final-aggregation/out/full_25session_baseline_9_14/full/policy_attempts/full40_20260916_h2o_static_safe/seed20260906/config.yaml,,,,,0.05,True,,0.05,,2.8984375,True,full_gpu,True,,balanced_two_gpu,1,persistent,27653.25625706464,43454,31313.440636964515,,exact fallback,30.0,27.453125,4.1015625,4.1015625,4.1015625,1535.906862001866,unknown,True,,True,,False,,15152.00634765625,True,uncalibrated_dynamic,True,0.0,0.0,full_gpu,0.0,,risk_evidence_insufficient,0.0,uncalibrated_dynamic,107.45672299526632,,,,hybrid-session-016-turn-1,4.1015625,0.0,4.1015625,0.0,0.0,/DATACENTER3/zhenxiang.wang/work/TailGuardKV/.worktrees/baseline-smoke-final-aggregation/out/full_25session_baseline_9_14/full/policy_attempts/full40_20260916_h2o_static_safe/seed20260906,True,point_prediction_rejected,hybrid-session-016,chat,108.18537208251655,1,risk_evidence_insufficient
full_gpu,13.0,0.1,False,True,online_qwen,True,1.0,/DATACENTER3/zhenxiang.wang/work/TailGuardKV/.worktrees/baseline-smoke-final-aggregation/out/full_25session_baseline_9_14/full/policy_attempts/full40_20260916_h2o_static_safe/seed20260906/config.yaml,,,,,0.05,True,,0.05,,4.9765625,True,full_gpu,True,,balanced_two_gpu,1,persistent,27653.25625706464,43454,31313.440636964515,,exact fallback,30.0,26.359375,3.8828125,3.8828125,3.8828125,1187.3100742232054,unknown,True,,True,,False,,15146.56494140625,True,uncalibrated_dynamic,True,0.0,0.0,full_gpu,0.0,,risk_evidence_insufficient,0.0,uncalibrated_dynamic,93.19834294728935,,,,hybrid-session-020-turn-1,3.8828125,0.0,3.8828125,0.0,0.0,/DATACENTER3/zhenxiang.wang/work/TailGuardKV/.worktrees/baseline-smoke-final-aggregation/out/full_25session_baseline_9_14/full/policy_attempts/full40_20260916_h2o_static_safe/seed20260906,True,point_prediction_rejected,hybrid-session-020,chat,93.93001301214099,1,risk_evidence_insufficient
full_gpu,13.0,0.1,False,True,online_qwen,True,1.0,/DATACENTER3/zhenxiang.wang/work/TailGuardKV/.worktrees/baseline-smoke-final-aggregation/out/full_25session_baseline_9_14/full/policy_attempts/full40_20260916_h2o_static_safe/seed20260906/config.yaml,,,,,0.05,True,,0.05,,3.9375,True,full_gpu,True,,balanced_two_gpu,1,persistent,27653.25625706464,43454,31313.440636964515,,exact fallback,30.0,27.015625,4.59375,4.59375,4.59375,1154.1241900995374,unknown,True,,True,,False,,15165.12548828125,True,uncalibrated_dynamic,True,0.0,0.0,full_gpu,0.0,,risk_evidence_insufficient,0.0,uncalibrated_dynamic,83.40216497890651,,,,hybrid-session-021-turn-1,4.59375,0.0,4.59375,0.0,0.0,/DATACENTER3/zhenxiang.wang/work/TailGuardKV/.worktrees/baseline-smoke-final-aggregation/out/full_25session_baseline_9_14/full/policy_attempts/full40_20260916_h2o_static_safe/seed20260906,True,point_prediction_rejected,hybrid-session-021,chat,84.11307912319899,1,risk_evidence_insufficient
full_gpu,13.0,0.1,False,True,online_qwen,True,1.0,/DATACENTER3/zhenxiang.wang/work/TailGuardKV/.worktrees/baseline-smoke-final-aggregation/out/full_25session_baseline_9_14/full/policy_attempts/full40_20260916_h2o_static_safe/seed20260906/config.yaml,,,,,0.05,True,,0.05,,5.3046875,True,full_gpu,True,,balanced_two_gpu,1,persistent,27653.25625706464,43454,31313.440636964515,,exact fallback,30.0,25.046875,3.3359375,3.3359375,3.3359375,1157.3461021762341,unknown,True,,True,,False,,15131.66845703125,True,uncalibrated_dynamic,True,0.0,0.0,full_gpu,0.0,,risk_evidence_insufficient,0.0,uncalibrated_dynamic,82.35727297142148,,,,hybrid-session-025-turn-1,3.3359375,0.0,3.3359375,0.0,0.0,/DATACENTER3/zhenxiang.wang/work/TailGuardKV/.worktrees/baseline-smoke-final-aggregation/out/full_25session_baseline_9_14/full/policy_attempts/full40_20260916_h2o_static_safe/seed20260906,True,point_prediction_rejected,hybrid-session-025,chat,83.04054918698967,1,risk_evidence_insufficient
full_gpu,13.0,0.1,False,False,online_qwen,False,1.0,/DATACENTER3/zhenxiang.wang/work/TailGuardKV/.worktrees/baseline-smoke-final-aggregation/out/full_25session_baseline_9_14/full/policy_attempts/full40_20260916_h2o_static_safe/seed20260906/config.yaml,,,,,0.05,True,,0.05,,0,True,full_gpu,True,,balanced_two_gpu,1,persistent,27653.25625706464,43454,31313.440636964515,,exact fallback,30.0,29.75,4.703125,4.703125,4.703125,1277.5758020579815,unknown,True,,True,,False,,15168.46728515625,True,uncalibrated_dynamic,True,0.0,0.0,full_gpu,0.0,,risk_evidence_insufficient,0.0,uncalibrated_dynamic,88.5235930327326,,,,hybrid-session-026-turn-1,4.703125,0.0,4.703125,0.0,0.0,/DATACENTER3/zhenxiang.wang/work/TailGuardKV/.worktrees/baseline-smoke-final-aggregation/out/full_25session_baseline_9_14/full/policy_attempts/full40_20260916_h2o_static_safe/seed20260906,True,point_prediction_rejected,hybrid-session-026,chat,89.18385091237724,1,risk_evidence_insufficient
full_gpu,13.0,0.1,True,True,online_qwen,True,1.0,/DATACENTER3/zhenxiang.wang/work/TailGuardKV/.worktrees/baseline-smoke-final-aggregation/out/full_25session_baseline_9_14/full/policy_attempts/full40_20260916_h2o_static_safe/seed20260906/config.yaml,,,,,0.05,True,,0.05,,13.234375,True,full_gpu,True,,balanced_two_gpu,1,persistent,27653.25625706464,43454,31313.440636964515,,exact fallback,30.0,26.3046875,9.7890625,9.7890625,9.7890625,1297.4935949314386,unknown,True,0.0,True,,False,,15316.71484375,True,uncalibrated_dynamic,True,0.0,0.0,full_gpu,0.0,,risk_evidence_insufficient,0.0,uncalibrated_dynamic,116.19288683868945,,,,hybrid-session-002-turn-2,9.7890625,0.0,9.7890625,0.0,0.0,/DATACENTER3/zhenxiang.wang/work/TailGuardKV/.worktrees/baseline-smoke-final-aggregation/out/full_25session_baseline_9_14/full/policy_attempts/full40_20260916_h2o_static_safe/seed20260906,True,point_prediction_rejected,hybrid-session-002,qa,117.14622098952532,2,risk_evidence_insufficient
full_gpu,13.0,0.1,False,True,online_qwen,True,1.0,/DATACENTER3/zhenxiang.wang/work/TailGuardKV/.worktrees/baseline-smoke-final-aggregation/out/full_25session_baseline_9_14/full/policy_attempts/full40_20260916_h2o_static_safe/seed20260906/config.yaml,,,,,0.05,True,,0.05,,8.4765625,True,full_gpu,True,,balanced_two_gpu,1,persistent,27653.25625706464,43454,31313.440636964515,,exact fallback,30.0,26.9609375,9.1328125,9.1328125,9.1328125,1187.520365929231,unknown,True,,True,,False,,15293.03955078125,True,uncalibrated_dynamic,True,0.0,0.0,full_gpu,0.0,,risk_evidence_insufficient,0.0,uncalibrated_dynamic,113.2200718857348,,,,hybrid-session-003-turn-2,9.1328125,0.0,9.1328125,0.0,0.0,/DATACENTER3/zhenxiang.wang/work/TailGuardKV/.worktrees/baseline-smoke-final-aggregation/out/full_25session_baseline_9_14/full/policy_attempts/full40_20260916_h2o_static_safe/seed20260906,True,point_prediction_rejected,hybrid-session-003,summary,113.97996079176664,2,risk_evidence_insufficient
full_gpu,13.0,0.1,False,True,online_qwen,True,1.0,/DATACENTER3/zhenxiang.wang/work/TailGuardKV/.worktrees/baseline-smoke-final-aggregation/out/full_25session_baseline_9_14/full/policy_attempts/full40_20260916_h2o_static_safe/seed20260906/config.yaml,,,,,0.05,True,,0.05,,8.0390625,True,full_gpu,True,,balanced_two_gpu,1,persistent,27653.25625706464,43454,31313.440636964515,,exact fallback,30.0,29.640625,10.71875,10.71875,10.71875,1530.678984010592,unknown,True,,True,,False,,15337.34326171875,True,uncalibrated_dynamic,True,0.0,0.0,full_gpu,0.0,,risk_evidence_insufficient,0.0,uncalibrated_dynamic,123.47847199998796,,,,hybrid-session-004-turn-2,10.71875,0.0,10.71875,0.0,0.0,/DATACENTER3/zhenxiang.wang/work/TailGuardKV/.worktrees/baseline-smoke-final-aggregation/out/full_25session_baseline_9_14/full/policy_attempts/full40_20260916_h2o_static_safe/seed20260906,True,point_prediction_rejected,hybrid-session-004,qa,124.27371391095221,2,risk_evidence_insufficient
full_gpu,13.0,0.1,False,True,online_qwen,True,1.0,/DATACENTER3/zhenxiang.wang/work/TailGuardKV/.worktrees/baseline-smoke-final-aggregation/out/full_25session_baseline_9_14/full/policy_attempts/full40_20260916_h2o_static_safe/seed20260906/config.yaml,,,,,0.05,True,,0.05,,9.7890625,True,full_gpu,True,,balanced_two_gpu,1,persistent,27653.25625706464,43454,31313.440636964515,,exact fallback,30.0,29.640625,9.7890625,9.7890625,9.7890625,1190.12760813348,unknown,True,,True,,False,,15316.60546875,True,uncalibrated_dynamic,True,0.0,0.0,full_gpu,0.0,,risk_evidence_insufficient,0.0,uncalibrated_dynamic,119.6486649569124,,,,hybrid-session-005-turn-2,9.7890625,0.0,9.7890625,0.0,0.0,/DATACENTER3/zhenxiang.wang/work/TailGuardKV/.worktrees/baseline-smoke-final-aggregation/out/full_25session_baseline_9_14/full/policy_attempts/full40_20260916_h2o_static_safe/seed20260906,True,point_prediction_rejected,hybrid-session-005,summary,120.42500916868448,2,risk_evidence_insufficient
full_gpu,13.0,0.1,False,True,online_qwen,True,1.0,/DATACENTER3/zhenxiang.wang/work/TailGuardKV/.worktrees/baseline-smoke-final-aggregation/out/full_25session_baseline_9_14/full/policy_attempts/full40_20260916_h2o_static_safe/seed20260906/config.yaml,,,,,0.05,True,,0.05,,19.8515625,True,full_gpu,True,,balanced_two_gpu,1,persistent,27653.25625706464,43454,31313.440636964515,,exact fallback,30.0,22.5859375,12.796875,12.796875,12.796875,1218.5696649830788,unknown,True,,True,,False,,15401.626953125,True,uncalibrated_dynamic,True,0.0,0.0,full_gpu,0.0,,risk_evidence_insufficient,0.0,uncalibrated_dynamic,146.2443871423602,,,,hybrid-session-006-turn-2,12.796875,0.0,12.796875,0.0,0.0,/DATACENTER3/zhenxiang.wang/work/TailGuardKV/.worktrees/baseline-smoke-final-aggregation/out/full_25session_baseline_9_14/full/policy_attempts/full40_20260916_h2o_static_safe/seed20260906,True,point_prediction_rejected,hybrid-session-006,qa,146.9257860444486,2,risk_evidence_insufficient
full_gpu,13.0,0.1,False,True,online_qwen,True,1.0,/DATACENTER3/zhenxiang.wang/work/TailGuardKV/.worktrees/baseline-smoke-final-aggregation/out/full_25session_baseline_9_14/full/policy_attempts/full40_20260916_h2o_static_safe/seed20260906/config.yaml,,,,,0.05,True,,0.05,,9.7890625,True,full_gpu,True,,balanced_two_gpu,1,persistent,27653.25625706464,43454,31313.440636964515,,exact fallback,30.0,21.7109375,8.9140625,8.9140625,8.9140625,1184.6252661198378,unknown,True,,True,,False,,15283.59765625,True,uncalibrated_dynamic,True,0.0,0.0,full_gpu,0.0,,risk_evidence_insufficient,0.0,uncalibrated_dynamic,104.91990391165018,,,,hybrid-session-009-turn-2,8.9140625,0.0,8.9140625,0.0,0.0,/DATACENTER3/zhenxiang.wang/work/TailGuardKV/.worktrees/baseline-smoke-final-aggregation/out/full_25session_baseline_9_14/full/policy_attempts/full40_20260916_h2o_static_safe/seed20260906,True,point_prediction_rejected,hybrid-session-009,summary,105.6075079832226,2,risk_evidence_insufficient
full_gpu,13.0,0.1,False,True,online_qwen,True,1.0,/DATACENTER3/zhenxiang.wang/work/TailGuardKV/.worktrees/baseline-smoke-final-aggregation/out/full_25session_baseline_9_14/full/policy_attempts/full40_20260916_h2o_static_safe/seed20260906/config.yaml,,,,,0.05,True,,0.05,,12.796875,True,full_gpu,True,,balanced_two_gpu,1,persistent,27653.25625706464,43454,31313.440636964515,,exact fallback,30.0,18.7578125,9.84375,9.84375,9.84375,1174.2747388780117,unknown,True,,True,,False,,15308.73046875,True,uncalibrated_dynamic,True,0.0,0.0,full_gpu,0.0,,risk_evidence_insufficient,0.0,uncalibrated_dynamic,116.05331115424633,,,,hybrid-session-010-turn-2,9.84375,0.0,9.84375,0.0,0.0,/DATACENTER3/zhenxiang.wang/work/TailGuardKV/.worktrees/baseline-smoke-final-aggregation/out/full_25session_baseline_9_14/full/policy_attempts/full40_20260916_h2o_static_safe/seed20260906,True,point_prediction_rejected,hybrid-session-010,qa,116.75872700288892,2,risk_evidence_insufficient
full_gpu,13.0,0.1,True,False,online_qwen,False,1.0,/DATACENTER3/zhenxiang.wang/work/TailGuardKV/.worktrees/baseline-smoke-final-aggregation/out/full_25session_baseline_9_14/full/policy_attempts/full40_20260916_h2o_static_safe/seed20260906/config.yaml,,,,,0.05,True,,0.05,,0,True,full_gpu,True,,balanced_two_gpu,1,persistent,27653.25625706464,43454,31313.440636964515,,exact fallback,30.0,28.0,9.2421875,9.2421875,9.2421875,1172.9366688523442,unknown,True,0.0,True,,False,,15289.83837890625,True,uncalibrated_dynamic,True,0.0,0.0,full_gpu,0.0,,risk_evidence_insufficient,0.0,uncalibrated_dynamic,112.84720292314887,,,,hybrid-session-013-turn-2,9.2421875,0.0,9.2421875,0.0,0.0,/DATACENTER3/zhenxiang.wang/work/TailGuardKV/.worktrees/baseline-smoke-final-aggregation/out/full_25session_baseline_9_14/full/policy_attempts/full40_20260916_h2o_static_safe/seed20260906,True,point_prediction_rejected,hybrid-session-013,summary,113.52733592502773,2,risk_evidence_insufficient
full_gpu,13.0,0.1,False,True,online_qwen,True,1.0,/DATACENTER3/zhenxiang.wang/work/TailGuardKV/.worktrees/baseline-smoke-final-aggregation/out/full_25session_baseline_9_14/full/policy_attempts/full40_20260916_h2o_static_safe/seed20260906/config.yaml,,,,,0.05,True,,0.05,,8.9140625,True,full_gpu,True,,balanced_two_gpu,1,persistent,27653.25625706464,43454,31313.440636964515,,exact fallback,30.0,29.421875,10.3359375,10.3359375,10.3359375,1192.9696309380233,unknown,True,,True,,False,,15327.84765625,True,uncalibrated_dynamic,True,0.0,0.0,full_gpu,0.0,,risk_evidence_insufficient,0.0,uncalibrated_dynamic,116.78215581923723,,,,hybrid-session-016-turn-2,10.3359375,0.0,10.3359375,0.0,0.0,/DATACENTER3/zhenxiang.wang/work/TailGuardKV/.worktrees/baseline-smoke-final-aggregation/out/full_25session_baseline_9_14/full/policy_attempts/full40_20260916_h2o_static_safe/seed20260906,True,point_prediction_rejected,hybrid-session-016,qa,117.47311591170728,2,risk_evidence_insufficient
full_gpu,13.0,0.1,True,True,online_qwen,True,1.0,/DATACENTER3/zhenxiang.wang/work/TailGuardKV/.worktrees/baseline-smoke-final-aggregation/out/full_25session_baseline_9_14/full/policy_attempts/full40_20260916_h2o_static_safe/seed20260906/config.yaml,,,,,0.05,True,,0.05,,9.84375,True,full_gpu,True,,balanced_two_gpu,1,persistent,27653.25625706464,43454,31313.440636964515,,exact fallback,30.0,29.421875,9.84375,9.84375,9.84375,1186.578243970871,unknown,True,0.0,True,,False,,15316.44140625,True,uncalibrated_dynamic,True,0.0,0.0,full_gpu,0.0,,risk_evidence_insufficient,0.0,uncalibrated_dynamic,115.00085005536675,,,,hybrid-session-020-turn-2,9.84375,0.0,9.84375,0.0,0.0,/DATACENTER3/zhenxiang.wang/work/TailGuardKV/.worktrees/baseline-smoke-final-aggregation/out/full_25session_baseline_9_14/full/policy_attempts/full40_20260916_h2o_static_safe/seed20260906,True,point_prediction_rejected,hybrid-session-020,qa,115.71855214424431,2,risk_evidence_insufficient
full_gpu,13.0,0.1,False,True,online_qwen,True,1.0,/DATACENTER3/zhenxiang.wang/work/TailGuardKV/.worktrees/baseline-smoke-final-aggregation/out/full_25session_baseline_9_14/full/policy_attempts/full40_20260916_h2o_static_safe/seed20260906/config.yaml,,,,,0.05,True,,0.05,,19.578125,True,full_gpu,True,,balanced_two_gpu,1,persistent,27653.25625706464,43454,31313.440636964515,,exact fallback,30.0,20.8359375,10.9921875,10.9921875,10.9921875,1246.7411691322923,unknown,True,,True,,False,,15347.59375,True,uncalibrated_dynamic,True,0.0,0.0,full_gpu,0.0,,risk_evidence_insufficient,0.0,uncalibrated_dynamic,118.84575011208653,,,,hybrid-session-021-turn-2,10.9921875,0.0,10.9921875,0.0,0.0,/DATACENTER3/zhenxiang.wang/work/TailGuardKV/.worktrees/baseline-smoke-final-aggregation/out/full_25session_baseline_9_14/full/policy_attempts/full40_20260916_h2o_static_safe/seed20260906,True,point_prediction_rejected,hybrid-session-021,summary,119.56655699759722,2,risk_evidence_insufficient
full_gpu,13.0,0.1,False,True,online_qwen,True,1.0,/DATACENTER3/zhenxiang.wang/work/TailGuardKV/.worktrees/baseline-smoke-final-aggregation/out/full_25session_baseline_9_14/full/policy_attempts/full40_20260916_h2o_static_safe/seed20260906/config.yaml,,,,,0.05,True,,0.05,,9.84375,True,full_gpu,True,,balanced_two_gpu,1,persistent,27653.25625706464,43454,31313.440636964515,,exact fallback,30.0,21.0,10.0078125,10.0078125,10.0078125,1210.8424401376396,unknown,True,,True,,False,,15312.74609375,True,uncalibrated_dynamic,True,0.0,0.0,full_gpu,0.0,,risk_evidence_insufficient,0.0,uncalibrated_dynamic,116.05230486020446,,,,hybrid-session-025-turn-2,10.0078125,0.0,10.0078125,0.0,0.0,/DATACENTER3/zhenxiang.wang/work/TailGuardKV/.worktrees/baseline-smoke-final-aggregation/out/full_25session_baseline_9_14/full/policy_attempts/full40_20260916_h2o_static_safe/seed20260906,True,point_prediction_rejected,hybrid-session-025,summary,116.90057907253504,2,risk_evidence_insufficient
full_gpu,13.0,0.1,False,True,online_qwen,True,1.0,/DATACENTER3/zhenxiang.wang/work/TailGuardKV/.worktrees/baseline-smoke-final-aggregation/out/full_25session_baseline_9_14/full/policy_attempts/full40_20260916_h2o_static_safe/seed20260906/config.yaml,,,,,0.05,True,,0.05,,10.9921875,True,full_gpu,True,,balanced_two_gpu,1,persistent,27653.25625706464,43454,31313.440636964515,,exact fallback,30.0,21.546875,11.5390625,11.5390625,11.5390625,1194.7786598466337,unknown,True,,True,,False,,15354.57080078125,True,uncalibrated_dynamic,True,0.0,0.0,full_gpu,0.0,,risk_evidence_insufficient,0.0,uncalibrated_dynamic,131.85273110866547,,,,hybrid-session-026-turn-2,11.5390625,0.0,11.5390625,0.0,0.0,/DATACENTER3/zhenxiang.wang/work/TailGuardKV/.worktrees/baseline-smoke-final-aggregation/out/full_25session_baseline_9_14/full/policy_attempts/full40_20260916_h2o_static_safe/seed20260906,True,point_prediction_rejected,hybrid-session-026,qa,132.53909489139915,2,risk_evidence_insufficient
full_gpu,13.0,0.1,False,True,online_qwen,True,1.0,/DATACENTER3/zhenxiang.wang/work/TailGuardKV/.worktrees/baseline-smoke-final-aggregation/out/full_25session_baseline_9_14/full/policy_attempts/full40_20260916_h2o_static_safe/seed20260906/config.yaml,,,,,0.05,True,,0.05,,10.0078125,True,full_gpu,True,,balanced_two_gpu,1,persistent,27653.25625706464,43454,31313.440636964515,,exact fallback,30.0,23.4609375,11.921875,11.921875,11.921875,1206.3511048909277,unknown,True,,True,,False,,15365.5322265625,True,uncalibrated_dynamic,True,0.0,0.0,full_gpu,0.0,,risk_evidence_insufficient,0.0,uncalibrated_dynamic,134.25798411481082,,,,hybrid-session-002-turn-3,11.921875,0.0,11.921875,0.0,0.0,/DATACENTER3/zhenxiang.wang/work/TailGuardKV/.worktrees/baseline-smoke-final-aggregation/out/full_25session_baseline_9_14/full/policy_attempts/full40_20260916_h2o_static_safe/seed20260906,True,point_prediction_rejected,hybrid-session-002,qa,135.0580530706793,3,risk_evidence_insufficient
full_gpu,13.0,0.1,False,True,online_qwen,True,1.0,/DATACENTER3/zhenxiang.wang/work/TailGuardKV/.worktrees/baseline-smoke-final-aggregation/out/full_25session_baseline_9_14/full/policy_attempts/full40_20260916_h2o_static_safe/seed20260906/config.yaml,,,,,0.05,True,,0.05,,11.5390625,True,full_gpu,True,,balanced_two_gpu,1,persistent,27653.25625706464,43454,31313.440636964515,,exact fallback,30.0,23.1328125,11.2109375,11.2109375,11.2109375,1173.7845689058304,unknown,True,,True,,False,,15348.28173828125,True,uncalibrated_dynamic,True,0.0,0.0,full_gpu,0.0,,risk_evidence_insufficient,0.0,uncalibrated_dynamic,114.34149998240173,,,,hybrid-session-003-turn-3,11.2109375,0.0,11.2109375,0.0,0.0,/DATACENTER3/zhenxiang.wang/work/TailGuardKV/.worktrees/baseline-smoke-final-aggregation/out/full_25session_baseline_9_14/full/policy_attempts/full40_20260916_h2o_static_safe/seed20260906,True,point_prediction_rejected,hybrid-session-003,summary,115.0128988083452,3,risk_evidence_insufficient
full_gpu,13.0,0.1,False,True,online_qwen,True,1.0,/DATACENTER3/zhenxiang.wang/work/TailGuardKV/.worktrees/baseline-smoke-final-aggregation/out/full_25session_baseline_9_14/full/policy_attempts/full40_20260916_h2o_static_safe/seed20260906/config.yaml,,,,,0.05,True,,0.05,,11.921875,True,full_gpu,True,,balanced_two_gpu,1,persistent,27653.25625706464,43454,31313.440636964515,,exact fallback,30.0,24.0625,12.8515625,12.8515625,12.8515625,1237.6450730953366,unknown,True,,True,,False,,15396.173828125,True,uncalibrated_dynamic,True,0.0,0.0,full_gpu,0.0,,risk_evidence_insufficient,0.0,uncalibrated_dynamic,145.3421521000564,,,,hybrid-session-004-turn-3,12.8515625,0.0,12.8515625,0.0,0.0,/DATACENTER3/zhenxiang.wang/work/TailGuardKV/.worktrees/baseline-smoke-final-aggregation/out/full_25session_baseline_9_14/full/policy_attempts/full40_20260916_h2o_static_safe/seed20260906,True,point_prediction_rejected,hybrid-session-004,qa,146.14051510579884,3,risk_evidence_insufficient
full_gpu,13.0,0.1,False,True,online_qwen,True,1.0,/DATACENTER3/zhenxiang.wang/work/TailGuardKV/.worktrees/baseline-smoke-final-aggregation/out/full_25session_baseline_9_14/full/policy_attempts/full40_20260916_h2o_static_safe/seed20260906/config.yaml,,,,,0.05,True,,0.05,,11.2109375,True,full_gpu,True,,balanced_two_gpu,1,persistent,27653.25625706464,43454,31313.440636964515,,exact fallback,30.0,24.5,11.6484375,11.6484375,11.6484375,1200.1552949659526,unknown,True,,True,,False,,15360.60595703125,True,uncalibrated_dynamic,True,0.0,0.0,full_gpu,0.0,,risk_evidence_insufficient,0.0,uncalibrated_dynamic,130.4001440294087,,,,hybrid-session-005-turn-3,11.6484375,0.0,11.6484375,0.0,0.0,/DATACENTER3/zhenxiang.wang/work/TailGuardKV/.worktrees/baseline-smoke-final-aggregation/out/full_25session_baseline_9_14/full/policy_attempts/full40_20260916_h2o_static_safe/seed20260906,True,point_prediction_rejected,hybrid-session-005,summary,131.13436195999384,3,risk_evidence_insufficient
full_gpu,13.0,0.1,False,True,online_qwen,True,1.0,/DATACENTER3/zhenxiang.wang/work/TailGuardKV/.worktrees/baseline-smoke-final-aggregation/out/full_25session_baseline_9_14/full/policy_attempts/full40_20260916_h2o_static_safe/seed20260906/config.yaml,,,,,0.05,True,,0.05,,12.8515625,True,full_gpu,True,,balanced_two_gpu,1,persistent,27653.25625706464,43454,31313.440636964515,,exact fallback,30.0,26.578125,14.9296875,14.9296875,14.9296875,1266.163924941793,unknown,True,,True,,False,,15454.45947265625,True,uncalibrated_dynamic,True,0.0,0.0,full_gpu,0.0,,risk_evidence_insufficient,0.0,uncalibrated_dynamic,191.22019317001104,,,,hybrid-session-006-turn-3,14.9296875,0.0,14.9296875,0.0,0.0,/DATACENTER3/zhenxiang.wang/work/TailGuardKV/.worktrees/baseline-smoke-final-aggregation/out/full_25session_baseline_9_14/full/policy_attempts/full40_20260916_h2o_static_safe/seed20260906,True,point_prediction_rejected,hybrid-session-006,qa,191.96165492758155,3,risk_evidence_insufficient
full_gpu,13.0,0.1,False,True,online_qwen,True,1.0,/DATACENTER3/zhenxiang.wang/work/TailGuardKV/.worktrees/baseline-smoke-final-aggregation/out/full_25session_baseline_9_14/full/policy_attempts/full40_20260916_h2o_static_safe/seed20260906/config.yaml,,,,,0.05,True,,0.05,,11.6484375,True,full_gpu,True,,balanced_two_gpu,1,persistent,27653.25625706464,43454,31313.440636964515,,exact fallback,30.0,25.8671875,10.9375,10.9375,10.9375,1170.8849659189582,unknown,True,,True,,False,,15344.6953125,True,uncalibrated_dynamic,True,0.0,0.0,full_gpu,0.0,,risk_evidence_insufficient,0.0,uncalibrated_dynamic,107.50037082470953,,,,hybrid-session-009-turn-3,10.9375,0.0,10.9375,0.0,0.0,/DATACENTER3/zhenxiang.wang/work/TailGuardKV/.worktrees/baseline-smoke-final-aggregation/out/full_25session_baseline_9_14/full/policy_attempts/full40_20260916_h2o_static_safe/seed20260906,True,point_prediction_rejected,hybrid-session-009,summary,108.19020587950945,3,risk_evidence_insufficient
full_gpu,13.0,0.1,False,True,online_qwen,True,1.0,/DATACENTER3/zhenxiang.wang/work/TailGuardKV/.worktrees/baseline-smoke-final-aggregation/out/full_25session_baseline_9_14/full/policy_attempts/full40_20260916_h2o_static_safe/seed20260906/config.yaml,,,,,0.05,True,,0.05,,14.9296875,True,full_gpu,True,,balanced_two_gpu,1,persistent,27653.25625706464,43454,31313.440636964515,,exact fallback,30.0,22.9140625,11.9765625,11.9765625,11.9765625,1209.2712908051908,unknown,True,,True,,False,,15371.701171875,True,uncalibrated_dynamic,True,0.0,0.0,full_gpu,0.0,,risk_evidence_insufficient,0.0,uncalibrated_dynamic,133.84447107091546,,,,hybrid-session-010-turn-3,11.9765625,0.0,11.9765625,0.0,0.0,/DATACENTER3/zhenxiang.wang/work/TailGuardKV/.worktrees/baseline-smoke-final-aggregation/out/full_25session_baseline_9_14/full/policy_attempts/full40_20260916_h2o_static_safe/seed20260906,True,point_prediction_rejected,hybrid-session-010,qa,134.51927085407078,3,risk_evidence_insufficient
full_gpu,13.0,0.1,False,True,online_qwen,True,1.0,/DATACENTER3/zhenxiang.wang/work/TailGuardKV/.worktrees/baseline-smoke-final-aggregation/out/full_25session_baseline_9_14/full/policy_attempts/full40_20260916_h2o_static_safe/seed20260906/config.yaml,,,,,0.05,True,,0.05,,10.9375,True,full_gpu,True,,balanced_two_gpu,1,persistent,27653.25625706464,43454,31313.440636964515,,exact fallback,30.0,23.296875,11.3203125,11.3203125,11.3203125,1194.2364748101681,unknown,True,,True,,False,,15351.4169921875,True,uncalibrated_dynamic,True,0.0,0.0,full_gpu,0.0,,risk_evidence_insufficient,0.0,uncalibrated_dynamic,118.98035602644086,,,,hybrid-session-013-turn-3,11.3203125,0.0,11.3203125,0.0,0.0,/DATACENTER3/zhenxiang.wang/work/TailGuardKV/.worktrees/baseline-smoke-final-aggregation/out/full_25session_baseline_9_14/full/policy_attempts/full40_20260916_h2o_static_safe/seed20260906,True,point_prediction_rejected,hybrid-session-013,summary,119.67029585503042,3,risk_evidence_insufficient
full_gpu,13.0,0.1,False,True,online_qwen,True,1.0,/DATACENTER3/zhenxiang.wang/work/TailGuardKV/.worktrees/baseline-smoke-final-aggregation/out/full_25session_baseline_9_14/full/policy_attempts/full40_20260916_h2o_static_safe/seed20260906/config.yaml,,,,,0.05,True,,0.05,,11.9765625,True,full_gpu,True,,balanced_two_gpu,1,persistent,27653.25625706464,43454,31313.440636964515,,exact fallback,30.0,23.84375,12.5234375,12.5234375,12.5234375,1213.9722781721503,unknown,True,,True,,False,,15383.35009765625,True,uncalibrated_dynamic,True,0.0,0.0,full_gpu,0.0,,risk_evidence_insufficient,0.0,uncalibrated_dynamic,144.63642798364162,,,,hybrid-session-016-turn-3,12.5234375,0.0,12.5234375,0.0,0.0,/DATACENTER3/zhenxiang.wang/work/TailGuardKV/.worktrees/baseline-smoke-final-aggregation/out/full_25session_baseline_9_14/full/policy_attempts/full40_20260916_h2o_static_safe/seed20260906,True,point_prediction_rejected,hybrid-session-016,qa,145.33419907093048,3,risk_evidence_insufficient
full_gpu,13.0,0.1,False,True,online_qwen,True,1.0,/DATACENTER3/zhenxiang.wang/work/TailGuardKV/.worktrees/baseline-smoke-final-aggregation/out/full_25session_baseline_9_14/full/policy_attempts/full40_20260916_h2o_static_safe/seed20260906/config.yaml,,,,,0.05,True,,0.05,,11.3203125,True,full_gpu,True,,balanced_two_gpu,1,persistent,27653.25625706464,43454,31313.440636964515,,exact fallback,30.0,24.5546875,12.03125,12.03125,12.03125,1192.7291410975158,unknown,True,,True,,False,,15370.89306640625,True,uncalibrated_dynamic,True,0.0,0.0,full_gpu,0.0,,risk_evidence_insufficient,0.0,uncalibrated_dynamic,125.27408986352384,,,,hybrid-session-020-turn-3,12.03125,0.0,12.03125,0.0,0.0,/DATACENTER3/zhenxiang.wang/work/TailGuardKV/.worktrees/baseline-smoke-final-aggregation/out/full_25session_baseline_9_14/full/policy_attempts/full40_20260916_h2o_static_safe/seed20260906,True,point_prediction_rejected,hybrid-session-020,qa,125.88313105516136,3,risk_evidence_insufficient
full_gpu,13.0,0.1,False,True,online_qwen,True,1.0,/DATACENTER3/zhenxiang.wang/work/TailGuardKV/.worktrees/baseline-smoke-final-aggregation/out/full_25session_baseline_9_14/full/policy_attempts/full40_20260916_h2o_static_safe/seed20260906/config.yaml,,,,,0.05,True,,0.05,,12.5234375,True,full_gpu,True,,balanced_two_gpu,1,persistent,27653.25625706464,43454,31313.440636964515,,exact fallback,30.0,25.2109375,13.1796875,13.1796875,13.1796875,1388.4638731833547,unknown,True,,True,,False,,15407.92431640625,True,uncalibrated_dynamic,True,0.0,0.0,full_gpu,0.0,,risk_evidence_insufficient,0.0,uncalibrated_dynamic,146.65115694515407,,,,hybrid-session-021-turn-3,13.1796875,0.0,13.1796875,0.0,0.0,/DATACENTER3/zhenxiang.wang/work/TailGuardKV/.worktrees/baseline-smoke-final-aggregation/out/full_25session_baseline_9_14/full/policy_attempts/full40_20260916_h2o_static_safe/seed20260906,True,point_prediction_rejected,hybrid-session-021,summary,147.4055431317538,3,risk_evidence_insufficient
full_gpu,13.0,0.1,False,True,online_qwen,True,1.0,/DATACENTER3/zhenxiang.wang/work/TailGuardKV/.worktrees/baseline-smoke-final-aggregation/out/full_25session_baseline_9_14/full/policy_attempts/full40_20260916_h2o_static_safe/seed20260906/config.yaml,,,,,0.05,True,,0.05,,12.03125,True,full_gpu,True,,balanced_two_gpu,1,persistent,27653.25625706464,43454,31313.440636964515,,exact fallback,30.0,25.703125,12.5234375,12.5234375,12.5234375,1215.8694048412144,unknown,True,,True,,False,,15385.26416015625,True,uncalibrated_dynamic,True,0.0,0.0,full_gpu,0.0,,risk_evidence_insufficient,0.0,uncalibrated_dynamic,141.10962091945112,,,,hybrid-session-025-turn-3,12.5234375,0.0,12.5234375,0.0,0.0,/DATACENTER3/zhenxiang.wang/work/TailGuardKV/.worktrees/baseline-smoke-final-aggregation/out/full_25session_baseline_9_14/full/policy_attempts/full40_20260916_h2o_static_safe/seed20260906,True,point_prediction_rejected,hybrid-session-025,summary,141.8354178313166,3,risk_evidence_insufficient
full_gpu,13.0,0.1,False,True,online_qwen,True,1.0,/DATACENTER3/zhenxiang.wang/work/TailGuardKV/.worktrees/baseline-smoke-final-aggregation/out/full_25session_baseline_9_14/full/policy_attempts/full40_20260916_h2o_static_safe/seed20260906/config.yaml,,,,,0.05,True,,0.05,,13.1796875,True,full_gpu,True,,balanced_two_gpu,1,persistent,27653.25625706464,43454,31313.440636964515,,exact fallback,30.0,26.6328125,14.109375,14.109375,14.109375,1225.66190501675,unknown,True,,True,,False,,15432.40380859375,True,uncalibrated_dynamic,True,0.0,0.0,full_gpu,0.0,,risk_evidence_insufficient,0.0,uncalibrated_dynamic,150.76359594240785,,,,hybrid-session-026-turn-3,14.109375,0.0,14.109375,0.0,0.0,/DATACENTER3/zhenxiang.wang/work/TailGuardKV/.worktrees/baseline-smoke-final-aggregation/out/full_25session_baseline_9_14/full/policy_attempts/full40_20260916_h2o_static_safe/seed20260906,True,point_prediction_rejected,hybrid-session-026,qa,151.43442596308887,3,risk_evidence_insufficient
full_gpu,13.0,0.1,False,True,online_qwen,True,1.0,/DATACENTER3/zhenxiang.wang/work/TailGuardKV/.worktrees/baseline-smoke-final-aggregation/out/full_25session_baseline_9_14/full/policy_attempts/full40_20260916_h2o_static_safe/seed20260906/config.yaml,,,,,0.05,True,,0.05,,12.5234375,True,full_gpu,True,,balanced_two_gpu,1,persistent,27653.25625706464,43454,31313.440636964515,,exact fallback,30.0,27.890625,13.78125,13.78125,13.78125,1239.8280219640583,unknown,True,,True,,False,,15425.3466796875,True,uncalibrated_dynamic,True,0.0,0.0,full_gpu,0.0,,risk_evidence_insufficient,0.0,uncalibrated_dynamic,149.77023494429886,,,,hybrid-session-002-turn-4,13.78125,0.0,13.78125,0.0,0.0,/DATACENTER3/zhenxiang.wang/work/TailGuardKV/.worktrees/baseline-smoke-final-aggregation/out/full_25session_baseline_9_14/full/policy_attempts/full40_20260916_h2o_static_safe/seed20260906,True,point_prediction_rejected,hybrid-session-002,qa,150.50592203624547,4,risk_evidence_insufficient
full_gpu,13.0,0.1,False,True,online_qwen,True,1.0,/DATACENTER3/zhenxiang.wang/work/TailGuardKV/.worktrees/baseline-smoke-final-aggregation/out/full_25session_baseline_9_14/full/policy_attempts/full40_20260916_h2o_static_safe/seed20260906/config.yaml,,,,,0.05,True,,0.05,,14.109375,True,full_gpu,True,,balanced_two_gpu,1,persistent,27653.25625706464,43454,31313.440636964515,,exact fallback,30.0,26.7421875,12.9609375,12.9609375,12.9609375,1212.9208398982882,unknown,True,,True,,False,,15402.984375,True,uncalibrated_dynamic,True,0.0,0.0,full_gpu,0.0,,risk_evidence_insufficient,0.0,uncalibrated_dynamic,134.67407110147178,,,,hybrid-session-003-turn-4,12.9609375,0.0,12.9609375,0.0,0.0,/DATACENTER3/zhenxiang.wang/work/TailGuardKV/.worktrees/baseline-smoke-final-aggregation/out/full_25session_baseline_9_14/full/policy_attempts/full40_20260916_h2o_static_safe/seed20260906,True,point_prediction_rejected,hybrid-session-003,summary,135.4234868194908,4,risk_evidence_insufficient
full_gpu,13.0,0.1,False,True,online_qwen,True,1.0,/DATACENTER3/zhenxiang.wang/work/TailGuardKV/.worktrees/baseline-smoke-final-aggregation/out/full_25session_baseline_9_14/full/policy_attempts/full40_20260916_h2o_static_safe/seed20260906/config.yaml,,,,,0.05,True,,0.05,,13.78125,True,full_gpu,True,,balanced_two_gpu,1,persistent,27653.25625706464,43454,31313.440636964515,,exact fallback,30.0,27.5078125,14.546875,14.546875,14.546875,1230.9686511289328,unknown,True,,True,,False,,15446.28466796875,True,uncalibrated_dynamic,True,0.0,0.0,full_gpu,0.0,,risk_evidence_insufficient,0.0,uncalibrated_dynamic,152.40240097045898,,,,hybrid-session-004-turn-4,14.546875,0.0,14.546875,0.0,0.0,/DATACENTER3/zhenxiang.wang/work/TailGuardKV/.worktrees/baseline-smoke-final-aggregation/out/full_25session_baseline_9_14/full/policy_attempts/full40_20260916_h2o_static_safe/seed20260906,True,point_prediction_rejected,hybrid-session-004,qa,153.05383107624948,4,risk_evidence_insufficient
full_gpu,13.0,0.1,False,True,online_qwen,True,1.0,/DATACENTER3/zhenxiang.wang/work/TailGuardKV/.worktrees/baseline-smoke-final-aggregation/out/full_25session_baseline_9_14/full/policy_attempts/full40_20260916_h2o_static_safe/seed20260906/config.yaml,,,,,0.05,True,,0.05,,12.9609375,True,full_gpu,True,,balanced_two_gpu,1,persistent,27653.25625706464,43454,31313.440636964515,,exact fallback,30.0,27.8359375,13.2890625,13.2890625,13.2890625,1237.2977081686258,unknown,True,,True,,False,,15410.875,True,uncalibrated_dynamic,True,0.0,0.0,full_gpu,0.0,,risk_evidence_insufficient,0.0,uncalibrated_dynamic,147.0660581253469,,,,hybrid-session-005-turn-4,13.2890625,0.0,13.2890625,0.0,0.0,/DATACENTER3/zhenxiang.wang/work/TailGuardKV/.worktrees/baseline-smoke-final-aggregation/out/full_25session_baseline_9_14/full/policy_attempts/full40_20260916_h2o_static_safe/seed20260906,True,point_prediction_rejected,hybrid-session-005,summary,147.7688690647483,4,risk_evidence_insufficient
full_gpu,13.0,0.1,False,True,online_qwen,True,1.0,/DATACENTER3/zhenxiang.wang/work/TailGuardKV/.worktrees/baseline-smoke-final-aggregation/out/full_25session_baseline_9_14/full/policy_attempts/full40_20260916_h2o_static_safe/seed20260906/config.yaml,,,,,0.05,True,,0.05,,14.546875,True,full_gpu,True,,balanced_two_gpu,1,persistent,27653.25625706464,43454,31313.440636964515,,exact fallback,30.0,29.9140625,16.625,16.625,16.625,1270.5648641567677,unknown,True,,True,,False,,15504.6669921875,True,uncalibrated_dynamic,True,0.0,0.0,full_gpu,0.0,,risk_evidence_insufficient,0.0,uncalibrated_dynamic,185.6666300445795,,,,hybrid-session-006-turn-4,16.625,0.0,16.625,0.0,0.0,/DATACENTER3/zhenxiang.wang/work/TailGuardKV/.worktrees/baseline-smoke-final-aggregation/out/full_25session_baseline_9_14/full/policy_attempts/full40_20260916_h2o_static_safe/seed20260906,True,point_prediction_rejected,hybrid-session-006,qa,186.30008911713958,4,risk_evidence_insufficient
full_gpu,13.0,0.1,True,True,online_qwen,True,1.0,/DATACENTER3/zhenxiang.wang/work/TailGuardKV/.worktrees/baseline-smoke-final-aggregation/out/full_25session_baseline_9_14/full/policy_attempts/full40_20260916_h2o_static_safe/seed20260906/config.yaml,,,,,0.05,True,,0.05,,13.2890625,True,full_gpu,True,,balanced_two_gpu,1,persistent,27653.25625706464,43454,31313.440636964515,,exact fallback,30.0,29.421875,12.796875,12.796875,12.796875,1219.560795929283,unknown,True,0.0,True,,False,,15401.900390625,True,uncalibrated_dynamic,True,0.0,0.0,full_gpu,0.0,,risk_evidence_insufficient,0.0,uncalibrated_dynamic,133.7959337979555,,,,hybrid-session-009-turn-4,12.796875,0.0,12.796875,0.0,0.0,/DATACENTER3/zhenxiang.wang/work/TailGuardKV/.worktrees/baseline-smoke-final-aggregation/out/full_25session_baseline_9_14/full/policy_attempts/full40_20260916_h2o_static_safe/seed20260906,True,point_prediction_rejected,hybrid-session-009,summary,134.4891379121691,4,risk_evidence_insufficient
full_gpu,13.0,0.1,False,True,online_qwen,True,1.0,/DATACENTER3/zhenxiang.wang/work/TailGuardKV/.worktrees/baseline-smoke-final-aggregation/out/full_25session_baseline_9_14/full/policy_attempts/full40_20260916_h2o_static_safe/seed20260906/config.yaml,,,,,0.05,True,,0.05,,16.625,True,full_gpu,True,,balanced_two_gpu,1,persistent,27653.25625706464,43454,31313.440636964515,,exact fallback,30.0,26.8515625,14.0546875,14.0546875,14.0546875,1196.2584529537708,unknown,True,,True,,False,,15434.61767578125,True,uncalibrated_dynamic,True,0.0,0.0,full_gpu,0.0,,risk_evidence_insufficient,0.0,uncalibrated_dynamic,132.45089491829276,,,,hybrid-session-010-turn-4,14.0546875,0.0,14.0546875,0.0,0.0,/DATACENTER3/zhenxiang.wang/work/TailGuardKV/.worktrees/baseline-smoke-final-aggregation/out/full_25session_baseline_9_14/full/policy_attempts/full40_20260916_h2o_static_safe/seed20260906,True,point_prediction_rejected,hybrid-session-010,qa,133.16267193295062,4,risk_evidence_insufficient
full_gpu,13.0,0.1,True,True,online_qwen,True,1.0,/DATACENTER3/zhenxiang.wang/work/TailGuardKV/.worktrees/baseline-smoke-final-aggregation/out/full_25session_baseline_9_14/full/policy_attempts/full40_20260916_h2o_static_safe/seed20260906/config.yaml,,,,,0.05,True,,0.05,,12.796875,True,full_gpu,True,,balanced_two_gpu,1,persistent,27653.25625706464,43454,31313.440636964515,,exact fallback,30.0,27.2890625,13.234375,13.234375,13.234375,1228.434053948149,unknown,True,0.0,True,,False,,15410.27587890625,True,uncalibrated_dynamic,True,0.0,0.0,full_gpu,0.0,,risk_evidence_insufficient,0.0,uncalibrated_dynamic,148.15659495070577,,,,hybrid-session-013-turn-4,13.234375,0.0,13.234375,0.0,0.0,/DATACENTER3/zhenxiang.wang/work/TailGuardKV/.worktrees/baseline-smoke-final-aggregation/out/full_25session_baseline_9_14/full/policy_attempts/full40_20260916_h2o_static_safe/seed20260906,True,point_prediction_rejected,hybrid-session-013,summary,148.83394888602197,4,risk_evidence_insufficient
full_gpu,13.0,0.1,False,True,online_qwen,True,1.0,/DATACENTER3/zhenxiang.wang/work/TailGuardKV/.worktrees/baseline-smoke-final-aggregation/out/full_25session_baseline_9_14/full/policy_attempts/full40_20260916_h2o_static_safe/seed20260906/config.yaml,,,,,0.05,True,,0.05,,14.0546875,True,full_gpu,True,,balanced_two_gpu,1,persistent,27653.25625706464,43454,31313.440636964515,,exact fallback,30.0,27.8359375,14.6015625,14.6015625,14.6015625,1217.645769007504,unknown,True,,True,,False,,15447.76611328125,True,uncalibrated_dynamic,True,0.0,0.0,full_gpu,0.0,,risk_evidence_insufficient,0.0,uncalibrated_dynamic,148.75815412960947,,,,hybrid-session-016-turn-4,14.6015625,0.0,14.6015625,0.0,0.0,/DATACENTER3/zhenxiang.wang/work/TailGuardKV/.worktrees/baseline-smoke-final-aggregation/out/full_25session_baseline_9_14/full/policy_attempts/full40_20260916_h2o_static_safe/seed20260906,True,point_prediction_rejected,hybrid-session-016,qa,149.47295398451388,4,risk_evidence_insufficient
full_gpu,13.0,0.1,False,True,online_qwen,True,1.0,/DATACENTER3/zhenxiang.wang/work/TailGuardKV/.worktrees/baseline-smoke-final-aggregation/out/full_25session_baseline_9_14/full/policy_attempts/full40_20260916_h2o_static_safe/seed20260906/config.yaml,,,,,0.05,True,,0.05,,13.234375,True,full_gpu,True,,balanced_two_gpu,1,persistent,27653.25625706464,43454,31313.440636964515,,exact fallback,30.0,28.546875,13.9453125,13.9453125,13.9453125,1208.9964200276881,unknown,True,,True,,False,,15431.974609375,True,uncalibrated_dynamic,True,0.0,0.0,full_gpu,0.0,,risk_evidence_insufficient,0.0,uncalibrated_dynamic,139.45365487597883,,,,hybrid-session-020-turn-4,13.9453125,0.0,13.9453125,0.0,0.0,/DATACENTER3/zhenxiang.wang/work/TailGuardKV/.worktrees/baseline-smoke-final-aggregation/out/full_25session_baseline_9_14/full/policy_attempts/full40_20260916_h2o_static_safe/seed20260906,True,point_prediction_rejected,hybrid-session-020,qa,140.15475404448807,4,risk_evidence_insufficient
full_gpu,13.0,0.1,False,True,online_qwen,True,1.0,/DATACENTER3/zhenxiang.wang/work/TailGuardKV/.worktrees/baseline-smoke-final-aggregation/out/full_25session_baseline_9_14/full/policy_attempts/full40_20260916_h2o_static_safe/seed20260906/config.yaml,,,,,0.05,True,,0.05,,14.6015625,True,full_gpu,True,,balanced_two_gpu,1,persistent,27653.25625706464,43454,31313.440636964515,,exact fallback,30.0,29.0390625,15.09375,15.09375,15.09375,1246.695868903771,unknown,True,,True,,False,,15463.8408203125,True,uncalibrated_dynamic,True,0.0,0.0,full_gpu,0.0,,risk_evidence_insufficient,0.0,uncalibrated_dynamic,174.0305870771408,,,,hybrid-session-021-turn-4,15.09375,0.0,15.09375,0.0,0.0,/DATACENTER3/zhenxiang.wang/work/TailGuardKV/.worktrees/baseline-smoke-final-aggregation/out/full_25session_baseline_9_14/full/policy_attempts/full40_20260916_h2o_static_safe/seed20260906,True,point_prediction_rejected,hybrid-session-021,summary,174.76991098374128,4,risk_evidence_insufficient
full_gpu,13.0,0.1,False,True,online_qwen,True,1.0,/DATACENTER3/zhenxiang.wang/work/TailGuardKV/.worktrees/baseline-smoke-final-aggregation/out/full_25session_baseline_9_14/full/policy_attempts/full40_20260916_h2o_static_safe/seed20260906/config.yaml,,,,,0.05,True,,0.05,,13.9453125,True,full_gpu,True,,balanced_two_gpu,1,persistent,27653.25625706464,43454,31313.440636964515,,exact fallback,30.0,29.9140625,14.8203125,14.8203125,14.8203125,1212.7451559063047,unknown,True,,True,,False,,15455.30810546875,True,uncalibrated_dynamic,True,0.0,0.0,full_gpu,0.0,,risk_evidence_insufficient,0.0,uncalibrated_dynamic,137.3098250478506,,,,hybrid-session-025-turn-4,14.8203125,0.0,14.8203125,0.0,0.0,/DATACENTER3/zhenxiang.wang/work/TailGuardKV/.worktrees/baseline-smoke-final-aggregation/out/full_25session_baseline_9_14/full/policy_attempts/full40_20260916_h2o_static_safe/seed20260906,True,point_prediction_rejected,hybrid-session-025,summary,138.02614505402744,4,risk_evidence_insufficient
full_gpu,13.0,0.1,False,True,online_qwen,True,1.0,/DATACENTER3/zhenxiang.wang/work/TailGuardKV/.worktrees/baseline-smoke-final-aggregation/out/full_25session_baseline_9_14/full/policy_attempts/full40_20260916_h2o_static_safe/seed20260906/config.yaml,,,,,0.05,True,,0.05,,29.9140625,True,full_gpu,True,,balanced_two_gpu,1,persistent,27653.25625706464,43454,31313.440636964515,,exact fallback,30.0,16.0234375,16.0234375,16.0234375,16.0234375,1250.723429955542,unknown,True,,True,,False,,15490.7724609375,True,uncalibrated_dynamic,True,0.0,0.0,full_gpu,0.0,,risk_evidence_insufficient,0.0,uncalibrated_dynamic,176.60230793990195,,,,hybrid-session-026-turn-4,16.0234375,0.0,16.0234375,0.0,0.0,/DATACENTER3/zhenxiang.wang/work/TailGuardKV/.worktrees/baseline-smoke-final-aggregation/out/full_25session_baseline_9_14/full/policy_attempts/full40_20260916_h2o_static_safe/seed20260906,True,point_prediction_rejected,hybrid-session-026,qa,177.35367291606963,4,risk_evidence_insufficient
