action_profile,active_session_count,audit_rate,audit_selected,backend_budget_hit,backend_name,budget_hit,candidate_safe_count,config,controller_cg_ms,controller_overhead_ms,controller_qrp_ms,controller_stc_ms,delta,diagnostic_only,drift_state,epsilon,error,evicted_kv_mib,exact,extra_warm_profile,extra_warm_profile_success,extra_worker_cuda_visible_devices,extra_worker_device_strategy,extra_worker_generation,extra_worker_mode,extra_worker_model_load_ms,extra_worker_pid,extra_worker_startup_ms,extra_worker_state_lost,fallback_reason,global_budget_mib,global_resident_kv_mib,kv_cache_memory_mib,kv_cumulative_mib,kv_incremental_mib,latency_ms,length_bucket,measured,observed_quality_loss,ok,optimality_gap,oracle,oracle_cost_ms,peak_memory_mib,placeholder,policy,policy_budget_filtered,pred_loss,predicted_quality_loss,primary_profile,quality_estimate,quality_loss,quality_status,queue_delay_ms,reason,recompute_ms,rejected_pred_loss,rejected_profile,rejected_risk_upper,request_id,resident_kv_mib_after,resident_kv_mib_before,resident_memory_mib,restore_ms,risk_upper,run_dir,safe,safety_reason,session_id,task,ttft_ms,turn_index,violation_status
full_gpu,1.0,0.1,False,False,online_qwen,False,,/DATACENTER3/zhenxiang.wang/work/TailGuardKV/.worktrees/baseline-smoke-final-aggregation/out/full_25session_baseline_9_14/full/policy_attempts/full40_20260916_h2o_static_safe/seed20260906/config.yaml,,,,,,True,,,,0,True,full_gpu,True,,balanced_two_gpu,1,persistent,27792.447668965906,19753,31465.78668989241,,,50.0,2.078125,2.078125,2.078125,2.078125,4997.396292164922,unknown,True,,True,,False,,15070.54150390625,False,full_lru,False,,,full_gpu,,,risk_evidence_insufficient,0.0,full precision exact profile,0.0,,,,hybrid-session-002-turn-0,2.078125,0.0,2.078125,0.0,,/DATACENTER3/zhenxiang.wang/work/TailGuardKV/.worktrees/baseline-smoke-final-aggregation/out/full_25session_baseline_9_14/full/policy_attempts/full40_20260916_h2o_static_safe/seed20260906,,,hybrid-session-002,chat,3941.0180451814085,0,risk_evidence_insufficient
full_gpu,2.0,0.1,False,False,online_qwen,False,,/DATACENTER3/zhenxiang.wang/work/TailGuardKV/.worktrees/baseline-smoke-final-aggregation/out/full_25session_baseline_9_14/full/policy_attempts/full40_20260916_h2o_static_safe/seed20260906/config.yaml,,,,,,True,,,,0,True,full_gpu,True,,balanced_two_gpu,1,persistent,27792.447668965906,19753,31465.78668989241,,,50.0,3.5546875,1.4765625,1.4765625,1.4765625,1114.2931580543518,unknown,True,,True,,False,,15055.19384765625,False,full_lru,False,,,full_gpu,,,risk_evidence_insufficient,0.0,full precision exact profile,0.0,,,,hybrid-session-003-turn-0,1.4765625,0.0,1.4765625,0.0,,/DATACENTER3/zhenxiang.wang/work/TailGuardKV/.worktrees/baseline-smoke-final-aggregation/out/full_25session_baseline_9_14/full/policy_attempts/full40_20260916_h2o_static_safe/seed20260906,,,hybrid-session-003,chat,76.86518505215645,0,risk_evidence_insufficient
full_gpu,3.0,0.1,False,False,online_qwen,False,,/DATACENTER3/zhenxiang.wang/work/TailGuardKV/.worktrees/baseline-smoke-final-aggregation/out/full_25session_baseline_9_14/full/policy_attempts/full40_20260916_h2o_static_safe/seed20260906/config.yaml,,,,,,True,,,,0,True,full_gpu,True,,balanced_two_gpu,1,persistent,27792.447668965906,19753,31465.78668989241,,,50.0,5.3046875,1.75,1.75,1.75,1126.368188066408,unknown,True,,True,,False,,15063.70947265625,False,full_lru,False,,,full_gpu,,,risk_evidence_insufficient,0.0,full precision exact profile,0.0,,,,hybrid-session-004-turn-0,1.75,0.0,1.75,0.0,,/DATACENTER3/zhenxiang.wang/work/TailGuardKV/.worktrees/baseline-smoke-final-aggregation/out/full_25session_baseline_9_14/full/policy_attempts/full40_20260916_h2o_static_safe/seed20260906,,,hybrid-session-004,chat,79.30586696602404,0,risk_evidence_insufficient
full_gpu,4.0,0.1,False,False,online_qwen,False,,/DATACENTER3/zhenxiang.wang/work/TailGuardKV/.worktrees/baseline-smoke-final-aggregation/out/full_25session_baseline_9_14/full/policy_attempts/full40_20260916_h2o_static_safe/seed20260906/config.yaml,,,,,,True,,,,0,True,full_gpu,True,,balanced_two_gpu,1,persistent,27792.447668965906,19753,31465.78668989241,,,50.0,7.21875,1.9140625,1.9140625,1.9140625,1161.4665871020406,unknown,True,,True,,False,,15070.26806640625,False,full_lru,False,,,full_gpu,,,risk_evidence_insufficient,0.0,full precision exact profile,0.0,,,,hybrid-session-005-turn-0,1.9140625,0.0,1.9140625,0.0,,/DATACENTER3/zhenxiang.wang/work/TailGuardKV/.worktrees/baseline-smoke-final-aggregation/out/full_25session_baseline_9_14/full/policy_attempts/full40_20260916_h2o_static_safe/seed20260906,,,hybrid-session-005,chat,82.46372896246612,0,risk_evidence_insufficient
full_gpu,5.0,0.1,False,False,online_qwen,False,,/DATACENTER3/zhenxiang.wang/work/TailGuardKV/.worktrees/baseline-smoke-final-aggregation/out/full_25session_baseline_9_14/full/policy_attempts/full40_20260916_h2o_static_safe/seed20260906/config.yaml,,,,,,True,,,,0,True,full_gpu,True,,balanced_two_gpu,1,persistent,27792.447668965906,19753,31465.78668989241,,,50.0,9.84375,2.625,2.625,2.625,1129.79228887707,unknown,True,,True,,False,,15093.27587890625,False,full_lru,False,,,full_gpu,,,risk_evidence_insufficient,0.0,full precision exact profile,0.0,,,,hybrid-session-006-turn-0,2.625,0.0,2.625,0.0,,/DATACENTER3/zhenxiang.wang/work/TailGuardKV/.worktrees/baseline-smoke-final-aggregation/out/full_25session_baseline_9_14/full/policy_attempts/full40_20260916_h2o_static_safe/seed20260906,,,hybrid-session-006,chat,80.97798191010952,0,risk_evidence_insufficient
full_gpu,6.0,0.1,False,False,online_qwen,False,,/DATACENTER3/zhenxiang.wang/work/TailGuardKV/.worktrees/baseline-smoke-final-aggregation/out/full_25session_baseline_9_14/full/policy_attempts/full40_20260916_h2o_static_safe/seed20260906/config.yaml,,,,,,True,,,,0,True,full_gpu,True,,balanced_two_gpu,1,persistent,27792.447668965906,19753,31465.78668989241,,,50.0,11.5390625,1.6953125,1.6953125,1.6953125,1154.1962488554418,unknown,True,,True,,False,,15068.48681640625,False,full_lru,False,,,full_gpu,,,risk_evidence_insufficient,0.0,full precision exact profile,0.0,,,,hybrid-session-009-turn-0,1.6953125,0.0,1.6953125,0.0,,/DATACENTER3/zhenxiang.wang/work/TailGuardKV/.worktrees/baseline-smoke-final-aggregation/out/full_25session_baseline_9_14/full/policy_attempts/full40_20260916_h2o_static_safe/seed20260906,,,hybrid-session-009,chat,78.49395484663546,0,risk_evidence_insufficient
full_gpu,7.0,0.1,False,False,online_qwen,False,,/DATACENTER3/zhenxiang.wang/work/TailGuardKV/.worktrees/baseline-smoke-final-aggregation/out/full_25session_baseline_9_14/full/policy_attempts/full40_20260916_h2o_static_safe/seed20260906/config.yaml,,,,,,True,,,,0,True,full_gpu,True,,balanced_two_gpu,1,persistent,27792.447668965906,19753,31465.78668989241,,,50.0,13.0703125,1.53125,1.53125,1.53125,1134.1446707956493,unknown,True,,True,,False,,15065.87646484375,False,full_lru,False,,,full_gpu,,,risk_evidence_insufficient,0.0,full precision exact profile,0.0,,,,hybrid-session-010-turn-0,1.53125,0.0,1.53125,0.0,,/DATACENTER3/zhenxiang.wang/work/TailGuardKV/.worktrees/baseline-smoke-final-aggregation/out/full_25session_baseline_9_14/full/policy_attempts/full40_20260916_h2o_static_safe/seed20260906,,,hybrid-session-010,chat,73.13407398760319,0,risk_evidence_insufficient
full_gpu,8.0,0.1,False,False,online_qwen,False,,/DATACENTER3/zhenxiang.wang/work/TailGuardKV/.worktrees/baseline-smoke-final-aggregation/out/full_25session_baseline_9_14/full/policy_attempts/full40_20260916_h2o_static_safe/seed20260906/config.yaml,,,,,,True,,,,0,True,full_gpu,True,,balanced_two_gpu,1,persistent,27792.447668965906,19753,31465.78668989241,,,50.0,14.875,1.8046875,1.8046875,1.8046875,1138.1112150847912,unknown,True,,True,,False,,15074.73681640625,False,full_lru,False,,,full_gpu,,,risk_evidence_insufficient,0.0,full precision exact profile,0.0,,,,hybrid-session-013-turn-0,1.8046875,0.0,1.8046875,0.0,,/DATACENTER3/zhenxiang.wang/work/TailGuardKV/.worktrees/baseline-smoke-final-aggregation/out/full_25session_baseline_9_14/full/policy_attempts/full40_20260916_h2o_static_safe/seed20260906,,,hybrid-session-013,chat,79.65306309051812,0,risk_evidence_insufficient
full_gpu,9.0,0.1,False,False,online_qwen,False,,/DATACENTER3/zhenxiang.wang/work/TailGuardKV/.worktrees/baseline-smoke-final-aggregation/out/full_25session_baseline_9_14/full/policy_attempts/full40_20260916_h2o_static_safe/seed20260906/config.yaml,,,,,,True,,,,0,True,full_gpu,True,,balanced_two_gpu,1,persistent,27792.447668965906,19753,31465.78668989241,,,50.0,17.5,2.625,2.625,2.625,1171.0553029552102,unknown,True,,True,,False,,15100.93212890625,False,full_lru,False,,,full_gpu,,,risk_evidence_insufficient,0.0,full precision exact profile,0.0,,,,hybrid-session-016-turn-0,2.625,0.0,2.625,0.0,,/DATACENTER3/zhenxiang.wang/work/TailGuardKV/.worktrees/baseline-smoke-final-aggregation/out/full_25session_baseline_9_14/full/policy_attempts/full40_20260916_h2o_static_safe/seed20260906,,,hybrid-session-016,chat,77.56509515456855,0,risk_evidence_insufficient
full_gpu,10.0,0.1,False,False,online_qwen,False,,/DATACENTER3/zhenxiang.wang/work/TailGuardKV/.worktrees/baseline-smoke-final-aggregation/out/full_25session_baseline_9_14/full/policy_attempts/full40_20260916_h2o_static_safe/seed20260906/config.yaml,,,,,,True,,,,0,True,full_gpu,True,,balanced_two_gpu,1,persistent,27792.447668965906,19753,31465.78668989241,,,50.0,19.90625,2.40625,2.40625,2.40625,1143.5739109292626,unknown,True,,True,,False,,15095.79541015625,False,full_lru,False,,,full_gpu,,,risk_evidence_insufficient,0.0,full precision exact profile,0.0,,,,hybrid-session-020-turn-0,2.40625,0.0,2.40625,0.0,,/DATACENTER3/zhenxiang.wang/work/TailGuardKV/.worktrees/baseline-smoke-final-aggregation/out/full_25session_baseline_9_14/full/policy_attempts/full40_20260916_h2o_static_safe/seed20260906,,,hybrid-session-020,chat,80.58054000139236,0,risk_evidence_insufficient
full_gpu,11.0,0.1,False,False,online_qwen,False,,/DATACENTER3/zhenxiang.wang/work/TailGuardKV/.worktrees/baseline-smoke-final-aggregation/out/full_25session_baseline_9_14/full/policy_attempts/full40_20260916_h2o_static_safe/seed20260906/config.yaml,,,,,,True,,,,0,True,full_gpu,True,,balanced_two_gpu,1,persistent,27792.447668965906,19753,31465.78668989241,,,50.0,22.203125,2.296875,2.296875,2.296875,1134.207653813064,unknown,True,,True,,False,,15095.17822265625,False,full_lru,False,,,full_gpu,,,risk_evidence_insufficient,0.0,full precision exact profile,0.0,,,,hybrid-session-021-turn-0,2.296875,0.0,2.296875,0.0,,/DATACENTER3/zhenxiang.wang/work/TailGuardKV/.worktrees/baseline-smoke-final-aggregation/out/full_25session_baseline_9_14/full/policy_attempts/full40_20260916_h2o_static_safe/seed20260906,,,hybrid-session-021,chat,77.0198570098728,0,risk_evidence_insufficient
full_gpu,12.0,0.1,False,False,online_qwen,False,,/DATACENTER3/zhenxiang.wang/work/TailGuardKV/.worktrees/baseline-smoke-final-aggregation/out/full_25session_baseline_9_14/full/policy_attempts/full40_20260916_h2o_static_safe/seed20260906/config.yaml,,,,,,True,,,,0,True,full_gpu,True,,balanced_two_gpu,1,persistent,27792.447668965906,19753,31465.78668989241,,,50.0,24.171875,1.96875,1.96875,1.96875,1146.142251091078,unknown,True,,True,,False,,15088.40478515625,False,full_lru,False,,,full_gpu,,,risk_evidence_insufficient,0.0,full precision exact profile,0.0,,,,hybrid-session-025-turn-0,1.96875,0.0,1.96875,0.0,,/DATACENTER3/zhenxiang.wang/work/TailGuardKV/.worktrees/baseline-smoke-final-aggregation/out/full_25session_baseline_9_14/full/policy_attempts/full40_20260916_h2o_static_safe/seed20260906,,,hybrid-session-025,chat,79.99951392412186,0,risk_evidence_insufficient
full_gpu,13.0,0.1,False,False,online_qwen,False,,/DATACENTER3/zhenxiang.wang/work/TailGuardKV/.worktrees/baseline-smoke-final-aggregation/out/full_25session_baseline_9_14/full/policy_attempts/full40_20260916_h2o_static_safe/seed20260906/config.yaml,,,,,,True,,,,0,True,full_gpu,True,,balanced_two_gpu,1,persistent,27792.447668965906,19753,31465.78668989241,,,50.0,26.359375,2.1875,2.1875,2.1875,1140.6054669059813,unknown,True,,True,,False,,15096.42041015625,False,full_lru,False,,,full_gpu,,,risk_evidence_insufficient,0.0,full precision exact profile,0.0,,,,hybrid-session-026-turn-0,2.1875,0.0,2.1875,0.0,,/DATACENTER3/zhenxiang.wang/work/TailGuardKV/.worktrees/baseline-smoke-final-aggregation/out/full_25session_baseline_9_14/full/policy_attempts/full40_20260916_h2o_static_safe/seed20260906,,,hybrid-session-026,chat,77.71270396187901,0,risk_evidence_insufficient
full_gpu,13.0,0.1,False,False,online_qwen,False,,/DATACENTER3/zhenxiang.wang/work/TailGuardKV/.worktrees/baseline-smoke-final-aggregation/out/full_25session_baseline_9_14/full/policy_attempts/full40_20260916_h2o_static_safe/seed20260906/config.yaml,,,,,,True,,,,0,True,full_gpu,True,,balanced_two_gpu,1,persistent,27792.447668965906,19753,31465.78668989241,,,50.0,28.1640625,3.8828125,3.8828125,1.8046875,1142.130197957158,unknown,True,,True,,False,,15088.02685546875,False,full_lru,False,,,full_gpu,,,risk_evidence_insufficient,0.0,full precision exact profile,0.0,,,,hybrid-session-002-turn-1,3.8828125,2.078125,3.8828125,0.0,,/DATACENTER3/zhenxiang.wang/work/TailGuardKV/.worktrees/baseline-smoke-final-aggregation/out/full_25session_baseline_9_14/full/policy_attempts/full40_20260916_h2o_static_safe/seed20260906,,,hybrid-session-002,chat,80.36804012954235,1,risk_evidence_insufficient
full_gpu,13.0,0.1,True,False,online_qwen,False,,/DATACENTER3/zhenxiang.wang/work/TailGuardKV/.worktrees/baseline-smoke-final-aggregation/out/full_25session_baseline_9_14/full/policy_attempts/full40_20260916_h2o_static_safe/seed20260906/config.yaml,,,,,,True,,,,0,True,full_gpu,True,,balanced_two_gpu,1,persistent,27792.447668965906,19753,31465.78668989241,,,50.0,29.5859375,2.8984375,2.8984375,1.421875,1158.3499691914767,unknown,True,0.0,True,,False,,15080.05908203125,False,full_lru,False,,,full_gpu,,,risk_evidence_insufficient,0.0,full precision exact profile,0.0,,,,hybrid-session-003-turn-1,2.8984375,1.4765625,2.8984375,0.0,,/DATACENTER3/zhenxiang.wang/work/TailGuardKV/.worktrees/baseline-smoke-final-aggregation/out/full_25session_baseline_9_14/full/policy_attempts/full40_20260916_h2o_static_safe/seed20260906,,,hybrid-session-003,chat,79.2223890312016,1,risk_evidence_insufficient
full_gpu,13.0,0.1,False,False,online_qwen,False,,/DATACENTER3/zhenxiang.wang/work/TailGuardKV/.worktrees/baseline-smoke-final-aggregation/out/full_25session_baseline_9_14/full/policy_attempts/full40_20260916_h2o_static_safe/seed20260906/config.yaml,,,,,,True,,,,0,True,full_gpu,True,,balanced_two_gpu,1,persistent,27792.447668965906,19753,31465.78668989241,,,50.0,32.8125,4.9765625,4.9765625,3.2265625,1150.2353881951421,unknown,True,,True,,False,,15131.58349609375,False,full_lru,False,,,full_gpu,,,risk_evidence_insufficient,0.0,full precision exact profile,0.0,,,,hybrid-session-004-turn-1,4.9765625,1.75,4.9765625,0.0,,/DATACENTER3/zhenxiang.wang/work/TailGuardKV/.worktrees/baseline-smoke-final-aggregation/out/full_25session_baseline_9_14/full/policy_attempts/full40_20260916_h2o_static_safe/seed20260906,,,hybrid-session-004,chat,87.63279020786285,1,risk_evidence_insufficient
full_gpu,13.0,0.1,False,False,online_qwen,False,,/DATACENTER3/zhenxiang.wang/work/TailGuardKV/.worktrees/baseline-smoke-final-aggregation/out/full_25session_baseline_9_14/full/policy_attempts/full40_20260916_h2o_static_safe/seed20260906/config.yaml,,,,,,True,,,,0,True,full_gpu,True,,balanced_two_gpu,1,persistent,27792.447668965906,19753,31465.78668989241,,,50.0,35.1640625,4.265625,4.265625,2.3515625,1149.9676329549402,unknown,True,,True,,False,,15109.59716796875,False,full_lru,False,,,full_gpu,,,risk_evidence_insufficient,0.0,full precision exact profile,0.0,,,,hybrid-session-005-turn-1,4.265625,1.9140625,4.265625,0.0,,/DATACENTER3/zhenxiang.wang/work/TailGuardKV/.worktrees/baseline-smoke-final-aggregation/out/full_25session_baseline_9_14/full/policy_attempts/full40_20260916_h2o_static_safe/seed20260906,,,hybrid-session-005,chat,83.0687980633229,1,risk_evidence_insufficient
full_gpu,13.0,0.1,False,False,online_qwen,False,,/DATACENTER3/zhenxiang.wang/work/TailGuardKV/.worktrees/baseline-smoke-final-aggregation/out/full_25session_baseline_9_14/full/policy_attempts/full40_20260916_h2o_static_safe/seed20260906/config.yaml,,,,,,True,,,,0,True,full_gpu,True,,balanced_two_gpu,1,persistent,27792.447668965906,19753,31465.78668989241,,,50.0,37.7890625,5.25,5.25,2.625,1162.799963960424,unknown,True,,True,,False,,15121.36279296875,False,full_lru,False,,,full_gpu,,,risk_evidence_insufficient,0.0,full precision exact profile,0.0,,,,hybrid-session-006-turn-1,5.25,2.625,5.25,0.0,,/DATACENTER3/zhenxiang.wang/work/TailGuardKV/.worktrees/baseline-smoke-final-aggregation/out/full_25session_baseline_9_14/full/policy_attempts/full40_20260916_h2o_static_safe/seed20260906,,,hybrid-session-006,chat,86.264886893332,1,risk_evidence_insufficient
full_gpu,13.0,0.1,False,False,online_qwen,False,,/DATACENTER3/zhenxiang.wang/work/TailGuardKV/.worktrees/baseline-smoke-final-aggregation/out/full_25session_baseline_9_14/full/policy_attempts/full40_20260916_h2o_static_safe/seed20260906/config.yaml,,,,,,True,,,,0,True,full_gpu,True,,balanced_two_gpu,1,persistent,27792.447668965906,19753,31465.78668989241,,,50.0,39.484375,3.390625,3.390625,1.6953125,1145.7489121239632,unknown,True,,True,,False,,15096.43310546875,False,full_lru,False,,,full_gpu,,,risk_evidence_insufficient,0.0,full precision exact profile,0.0,,,,hybrid-session-009-turn-1,3.390625,1.6953125,3.390625,0.0,,/DATACENTER3/zhenxiang.wang/work/TailGuardKV/.worktrees/baseline-smoke-final-aggregation/out/full_25session_baseline_9_14/full/policy_attempts/full40_20260916_h2o_static_safe/seed20260906,,,hybrid-session-009,chat,79.50471504591405,1,risk_evidence_insufficient
full_gpu,13.0,0.1,False,False,online_qwen,False,,/DATACENTER3/zhenxiang.wang/work/TailGuardKV/.worktrees/baseline-smoke-final-aggregation/out/full_25session_baseline_9_14/full/policy_attempts/full40_20260916_h2o_static_safe/seed20260906/config.yaml,,,,,,True,,,,0,True,full_gpu,True,,balanced_two_gpu,1,persistent,27792.447668965906,19753,31465.78668989241,,,50.0,41.125,3.171875,3.171875,1.640625,1137.7051330637187,unknown,True,,True,,False,,15096.61669921875,False,full_lru,False,,,full_gpu,,,risk_evidence_insufficient,0.0,full precision exact profile,0.0,,,,hybrid-session-010-turn-1,3.171875,1.53125,3.171875,0.0,,/DATACENTER3/zhenxiang.wang/work/TailGuardKV/.worktrees/baseline-smoke-final-aggregation/out/full_25session_baseline_9_14/full/policy_attempts/full40_20260916_h2o_static_safe/seed20260906,,,hybrid-session-010,chat,79.87209712155163,1,risk_evidence_insufficient
full_gpu,13.0,0.1,False,False,online_qwen,False,,/DATACENTER3/zhenxiang.wang/work/TailGuardKV/.worktrees/baseline-smoke-final-aggregation/out/full_25session_baseline_9_14/full/policy_attempts/full40_20260916_h2o_static_safe/seed20260906/config.yaml,,,,,,True,,,,0,True,full_gpu,True,,balanced_two_gpu,1,persistent,27792.447668965906,19753,31465.78668989241,,,50.0,42.546875,3.2265625,3.2265625,1.421875,1153.2861278392375,unknown,True,,True,,False,,15093.02001953125,False,full_lru,False,,,full_gpu,,,risk_evidence_insufficient,0.0,full precision exact profile,0.0,,,,hybrid-session-013-turn-1,3.2265625,1.8046875,3.2265625,0.0,,/DATACENTER3/zhenxiang.wang/work/TailGuardKV/.worktrees/baseline-smoke-final-aggregation/out/full_25session_baseline_9_14/full/policy_attempts/full40_20260916_h2o_static_safe/seed20260906,,,hybrid-session-013,chat,79.65763588435948,1,risk_evidence_insufficient
full_gpu,13.0,0.1,False,False,online_qwen,False,,/DATACENTER3/zhenxiang.wang/work/TailGuardKV/.worktrees/baseline-smoke-final-aggregation/out/full_25session_baseline_9_14/full/policy_attempts/full40_20260916_h2o_static_safe/seed20260906/config.yaml,,,,,,True,,,,0,True,full_gpu,True,,balanced_two_gpu,1,persistent,27792.447668965906,19753,31465.78668989241,,,50.0,44.0234375,4.1015625,4.1015625,1.4765625,1150.599068030715,unknown,True,,True,,False,,15095.66357421875,False,full_lru,False,,,full_gpu,,,risk_evidence_insufficient,0.0,full precision exact profile,0.0,,,,hybrid-session-016-turn-1,4.1015625,2.625,4.1015625,0.0,,/DATACENTER3/zhenxiang.wang/work/TailGuardKV/.worktrees/baseline-smoke-final-aggregation/out/full_25session_baseline_9_14/full/policy_attempts/full40_20260916_h2o_static_safe/seed20260906,,,hybrid-session-016,chat,79.40340996719897,1,risk_evidence_insufficient
full_gpu,13.0,0.1,False,False,online_qwen,False,,/DATACENTER3/zhenxiang.wang/work/TailGuardKV/.worktrees/baseline-smoke-final-aggregation/out/full_25session_baseline_9_14/full/policy_attempts/full40_20260916_h2o_static_safe/seed20260906/config.yaml,,,,,,True,,,,0,True,full_gpu,True,,balanced_two_gpu,1,persistent,27792.447668965906,19753,31465.78668989241,,,50.0,45.8828125,4.265625,4.265625,1.859375,1365.7557680271566,unknown,True,,True,,False,,15108.05615234375,False,full_lru,False,,,full_gpu,,,risk_evidence_insufficient,0.0,full precision exact profile,0.0,,,,hybrid-session-020-turn-1,4.265625,2.40625,4.265625,0.0,,/DATACENTER3/zhenxiang.wang/work/TailGuardKV/.worktrees/baseline-smoke-final-aggregation/out/full_25session_baseline_9_14/full/policy_attempts/full40_20260916_h2o_static_safe/seed20260906,,,hybrid-session-020,chat,85.69393097423017,1,risk_evidence_insufficient
full_gpu,13.0,0.1,False,False,online_qwen,False,,/DATACENTER3/zhenxiang.wang/work/TailGuardKV/.worktrees/baseline-smoke-final-aggregation/out/full_25session_baseline_9_14/full/policy_attempts/full40_20260916_h2o_static_safe/seed20260906/config.yaml,,,,,,True,,,,0,True,full_gpu,True,,balanced_two_gpu,1,persistent,27792.447668965906,19753,31465.78668989241,,,50.0,48.125,4.5390625,4.5390625,2.2421875,1508.1708261277527,unknown,True,,True,,False,,15119.6455078125,False,full_lru,False,,,full_gpu,,,risk_evidence_insufficient,0.0,full precision exact profile,0.0,,,,hybrid-session-021-turn-1,4.5390625,2.296875,4.5390625,0.0,,/DATACENTER3/zhenxiang.wang/work/TailGuardKV/.worktrees/baseline-smoke-final-aggregation/out/full_25session_baseline_9_14/full/policy_attempts/full40_20260916_h2o_static_safe/seed20260906,,,hybrid-session-021,chat,101.33145307190716,1,risk_evidence_insufficient
full_gpu,13.0,0.1,False,False,online_qwen,False,,/DATACENTER3/zhenxiang.wang/work/TailGuardKV/.worktrees/baseline-smoke-final-aggregation/out/full_25session_baseline_9_14/full/policy_attempts/full40_20260916_h2o_static_safe/seed20260906/config.yaml,,,,,,True,,,,0,True,full_gpu,True,,balanced_two_gpu,1,persistent,27792.447668965906,19753,31465.78668989241,,,50.0,49.4375,3.28125,3.28125,1.3125,1490.1221641339362,unknown,True,,True,,False,,15096.18701171875,False,full_lru,False,,,full_gpu,,,risk_evidence_insufficient,0.0,full precision exact profile,0.0,,,,hybrid-session-025-turn-1,3.28125,1.96875,3.28125,0.0,,/DATACENTER3/zhenxiang.wang/work/TailGuardKV/.worktrees/baseline-smoke-final-aggregation/out/full_25session_baseline_9_14/full/policy_attempts/full40_20260916_h2o_static_safe/seed20260906,,,hybrid-session-025,chat,95.93639499507844,1,risk_evidence_insufficient
full_gpu,13.0,0.1,False,True,online_qwen,True,,/DATACENTER3/zhenxiang.wang/work/TailGuardKV/.worktrees/baseline-smoke-final-aggregation/out/full_25session_baseline_9_14/full/policy_attempts/full40_20260916_h2o_static_safe/seed20260906/config.yaml,,,,,,True,,,,3.8828125,True,full_gpu,True,,balanced_two_gpu,1,persistent,27792.447668965906,19753,31465.78668989241,,,50.0,48.015625,4.6484375,4.6484375,2.4609375,1511.97938201949,unknown,True,,True,,False,,15129.2470703125,False,full_lru,False,,,full_gpu,,,risk_evidence_insufficient,0.0,full precision exact profile,0.0,,,,hybrid-session-026-turn-1,4.6484375,2.1875,4.6484375,0.0,,/DATACENTER3/zhenxiang.wang/work/TailGuardKV/.worktrees/baseline-smoke-final-aggregation/out/full_25session_baseline_9_14/full/policy_attempts/full40_20260916_h2o_static_safe/seed20260906,,,hybrid-session-026,chat,107.92823508381844,1,risk_evidence_insufficient
full_gpu,13.0,0.1,True,True,online_qwen,True,,/DATACENTER3/zhenxiang.wang/work/TailGuardKV/.worktrees/baseline-smoke-final-aggregation/out/full_25session_baseline_9_14/full/policy_attempts/full40_20260916_h2o_static_safe/seed20260906/config.yaml,,,,,,True,,,,7.875,True,full_gpu,True,,balanced_two_gpu,1,persistent,27792.447668965906,19753,31465.78668989241,,,50.0,49.9296875,9.7890625,9.7890625,9.7890625,1195.4459408298135,unknown,True,0.0,True,,False,,15334.98046875,False,full_lru,False,,,full_gpu,,,risk_evidence_insufficient,0.0,full precision exact profile,115.47603295184672,,,,hybrid-session-002-turn-2,9.7890625,0.0,9.7890625,0.0,,/DATACENTER3/zhenxiang.wang/work/TailGuardKV/.worktrees/baseline-smoke-final-aggregation/out/full_25session_baseline_9_14/full/policy_attempts/full40_20260916_h2o_static_safe/seed20260906,,,hybrid-session-002,qa,116.21688981540501,2,risk_evidence_insufficient
full_gpu,13.0,0.1,False,True,online_qwen,True,,/DATACENTER3/zhenxiang.wang/work/TailGuardKV/.worktrees/baseline-smoke-final-aggregation/out/full_25session_baseline_9_14/full/policy_attempts/full40_20260916_h2o_static_safe/seed20260906/config.yaml,,,,,,True,,,,9.515625,True,full_gpu,True,,balanced_two_gpu,1,persistent,27792.447668965906,19753,31465.78668989241,,,50.0,49.546875,9.1328125,9.1328125,9.1328125,1200.208981987089,unknown,True,,True,,False,,15316.66455078125,False,full_lru,False,,,full_gpu,,,risk_evidence_insufficient,0.0,full precision exact profile,112.96734609641135,,,,hybrid-session-003-turn-2,9.1328125,0.0,9.1328125,0.0,,/DATACENTER3/zhenxiang.wang/work/TailGuardKV/.worktrees/baseline-smoke-final-aggregation/out/full_25session_baseline_9_14/full/policy_attempts/full40_20260916_h2o_static_safe/seed20260906,,,hybrid-session-003,summary,113.65747917443514,2,risk_evidence_insufficient
full_gpu,13.0,0.1,False,True,online_qwen,True,,/DATACENTER3/zhenxiang.wang/work/TailGuardKV/.worktrees/baseline-smoke-final-aggregation/out/full_25session_baseline_9_14/full/policy_attempts/full40_20260916_h2o_static_safe/seed20260906/config.yaml,,,,,,True,,,,13.890625,True,full_gpu,True,,balanced_two_gpu,1,persistent,27792.447668965906,19753,31465.78668989241,,,50.0,46.375,10.71875,10.71875,10.71875,1198.9866860676557,unknown,True,,True,,False,,15359.92919921875,False,full_lru,False,,,full_gpu,,,risk_evidence_insufficient,0.0,full precision exact profile,118.4662920422852,,,,hybrid-session-004-turn-2,10.71875,0.0,10.71875,0.0,,/DATACENTER3/zhenxiang.wang/work/TailGuardKV/.worktrees/baseline-smoke-final-aggregation/out/full_25session_baseline_9_14/full/policy_attempts/full40_20260916_h2o_static_safe/seed20260906,,,hybrid-session-004,qa,119.1767870914191,2,risk_evidence_insufficient
full_gpu,13.0,0.1,False,True,online_qwen,True,,/DATACENTER3/zhenxiang.wang/work/TailGuardKV/.worktrees/baseline-smoke-final-aggregation/out/full_25session_baseline_9_14/full/policy_attempts/full40_20260916_h2o_static_safe/seed20260906/config.yaml,,,,,,True,,,,8.8046875,True,full_gpu,True,,balanced_two_gpu,1,persistent,27792.447668965906,19753,31465.78668989241,,,50.0,47.25,9.6796875,9.6796875,9.6796875,1292.014593956992,unknown,True,,True,,False,,15328.21533203125,False,full_lru,False,,,full_gpu,,,risk_evidence_insufficient,0.0,full precision exact profile,114.89104805514216,,,,hybrid-session-005-turn-2,9.6796875,0.0,9.6796875,0.0,,/DATACENTER3/zhenxiang.wang/work/TailGuardKV/.worktrees/baseline-smoke-final-aggregation/out/full_25session_baseline_9_14/full/policy_attempts/full40_20260916_h2o_static_safe/seed20260906,,,hybrid-session-005,summary,115.5987549573183,2,risk_evidence_insufficient
full_gpu,13.0,0.1,False,True,online_qwen,True,,/DATACENTER3/zhenxiang.wang/work/TailGuardKV/.worktrees/baseline-smoke-final-aggregation/out/full_25session_baseline_9_14/full/policy_attempts/full40_20260916_h2o_static_safe/seed20260906/config.yaml,,,,,,True,,,,17.71875,True,full_gpu,True,,balanced_two_gpu,1,persistent,27792.447668965906,19753,31465.78668989241,,,50.0,42.2734375,12.7421875,12.7421875,12.7421875,1215.5371408443898,unknown,True,,True,,False,,15414.09423828125,False,full_lru,False,,,full_gpu,,,risk_evidence_insufficient,0.0,full precision exact profile,144.71932291053236,,,,hybrid-session-006-turn-2,12.7421875,0.0,12.7421875,0.0,,/DATACENTER3/zhenxiang.wang/work/TailGuardKV/.worktrees/baseline-smoke-final-aggregation/out/full_25session_baseline_9_14/full/policy_attempts/full40_20260916_h2o_static_safe/seed20260906,,,hybrid-session-006,qa,145.43154486455023,2,risk_evidence_insufficient
full_gpu,13.0,0.1,False,True,online_qwen,True,,/DATACENTER3/zhenxiang.wang/work/TailGuardKV/.worktrees/baseline-smoke-final-aggregation/out/full_25session_baseline_9_14/full/policy_attempts/full40_20260916_h2o_static_safe/seed20260906/config.yaml,,,,,,True,,,,9.1328125,True,full_gpu,True,,balanced_two_gpu,1,persistent,27792.447668965906,19753,31465.78668989241,,,50.0,41.9453125,8.8046875,8.8046875,8.8046875,1199.7976109851152,unknown,True,,True,,False,,15299.28515625,False,full_lru,False,,,full_gpu,,,risk_evidence_insufficient,0.0,full precision exact profile,114.3149200361222,,,,hybrid-session-009-turn-2,8.8046875,0.0,8.8046875,0.0,,/DATACENTER3/zhenxiang.wang/work/TailGuardKV/.worktrees/baseline-smoke-final-aggregation/out/full_25session_baseline_9_14/full/policy_attempts/full40_20260916_h2o_static_safe/seed20260906,,,hybrid-session-009,summary,115.03583611920476,2,risk_evidence_insufficient
full_gpu,13.0,0.1,False,True,online_qwen,True,,/DATACENTER3/zhenxiang.wang/work/TailGuardKV/.worktrees/baseline-smoke-final-aggregation/out/full_25session_baseline_9_14/full/policy_attempts/full40_20260916_h2o_static_safe/seed20260906/config.yaml,,,,,,True,,,,10.71875,True,full_gpu,True,,balanced_two_gpu,1,persistent,27792.447668965906,19753,31465.78668989241,,,50.0,40.90625,9.6796875,9.6796875,9.6796875,1184.3539320398122,unknown,True,,True,,False,,15323.78564453125,False,full_lru,False,,,full_gpu,,,risk_evidence_insufficient,0.0,full precision exact profile,113.87671809643507,,,,hybrid-session-010-turn-2,9.6796875,0.0,9.6796875,0.0,,/DATACENTER3/zhenxiang.wang/work/TailGuardKV/.worktrees/baseline-smoke-final-aggregation/out/full_25session_baseline_9_14/full/policy_attempts/full40_20260916_h2o_static_safe/seed20260906,,,hybrid-session-010,qa,114.56661019474268,2,risk_evidence_insufficient
full_gpu,13.0,0.1,True,True,online_qwen,True,,/DATACENTER3/zhenxiang.wang/work/TailGuardKV/.worktrees/baseline-smoke-final-aggregation/out/full_25session_baseline_9_14/full/policy_attempts/full40_20260916_h2o_static_safe/seed20260906/config.yaml,,,,,,True,,,,9.6796875,True,full_gpu,True,,balanced_two_gpu,1,persistent,27792.447668965906,19753,31465.78668989241,,,50.0,40.359375,9.1328125,9.1328125,9.1328125,1183.0081911757588,unknown,True,0.0,True,,False,,15307.64111328125,False,full_lru,False,,,full_gpu,,,risk_evidence_insufficient,0.0,full precision exact profile,109.4605028629303,,,,hybrid-session-013-turn-2,9.1328125,0.0,9.1328125,0.0,,/DATACENTER3/zhenxiang.wang/work/TailGuardKV/.worktrees/baseline-smoke-final-aggregation/out/full_25session_baseline_9_14/full/policy_attempts/full40_20260916_h2o_static_safe/seed20260906,,,hybrid-session-013,summary,110.16218410804868,2,risk_evidence_insufficient
full_gpu,13.0,0.1,False,True,online_qwen,True,,/DATACENTER3/zhenxiang.wang/work/TailGuardKV/.worktrees/baseline-smoke-final-aggregation/out/full_25session_baseline_9_14/full/policy_attempts/full40_20260916_h2o_static_safe/seed20260906/config.yaml,,,,,,True,,,,12.7421875,True,full_gpu,True,,balanced_two_gpu,1,persistent,27792.447668965906,19753,31465.78668989241,,,50.0,38.28125,10.6640625,10.6640625,10.6640625,1190.3498880565166,unknown,True,,True,,False,,15349.23681640625,False,full_lru,False,,,full_gpu,,,risk_evidence_insufficient,0.0,full precision exact profile,118.21095808409154,,,,hybrid-session-016-turn-2,10.6640625,0.0,10.6640625,0.0,,/DATACENTER3/zhenxiang.wang/work/TailGuardKV/.worktrees/baseline-smoke-final-aggregation/out/full_25session_baseline_9_14/full/policy_attempts/full40_20260916_h2o_static_safe/seed20260906,,,hybrid-session-016,qa,118.90545999631286,2,risk_evidence_insufficient
full_gpu,13.0,0.1,True,False,online_qwen,False,,/DATACENTER3/zhenxiang.wang/work/TailGuardKV/.worktrees/baseline-smoke-final-aggregation/out/full_25session_baseline_9_14/full/policy_attempts/full40_20260916_h2o_static_safe/seed20260906/config.yaml,,,,,,True,,,,0,True,full_gpu,True,,balanced_two_gpu,1,persistent,27792.447668965906,19753,31465.78668989241,,,50.0,48.1796875,9.8984375,9.8984375,9.8984375,1200.963315088302,unknown,True,0.0,True,,False,,15326.087890625,False,full_lru,False,,,full_gpu,,,risk_evidence_insufficient,0.0,full precision exact profile,115.4174180701375,,,,hybrid-session-020-turn-2,9.8984375,0.0,9.8984375,0.0,,/DATACENTER3/zhenxiang.wang/work/TailGuardKV/.worktrees/baseline-smoke-final-aggregation/out/full_25session_baseline_9_14/full/policy_attempts/full40_20260916_h2o_static_safe/seed20260906,,,hybrid-session-020,qa,116.10147915780544,2,risk_evidence_insufficient
full_gpu,13.0,0.1,False,True,online_qwen,True,,/DATACENTER3/zhenxiang.wang/work/TailGuardKV/.worktrees/baseline-smoke-final-aggregation/out/full_25session_baseline_9_14/full/policy_attempts/full40_20260916_h2o_static_safe/seed20260906/config.yaml,,,,,,True,,,,18.484375,True,full_gpu,True,,balanced_two_gpu,1,persistent,27792.447668965906,19753,31465.78668989241,,,50.0,40.8515625,11.15625,11.15625,11.15625,1203.5860430914909,unknown,True,,True,,False,,15371.33349609375,False,full_lru,False,,,full_gpu,,,risk_evidence_insufficient,0.0,full precision exact profile,119.5391898509115,,,,hybrid-session-021-turn-2,11.15625,0.0,11.15625,0.0,,/DATACENTER3/zhenxiang.wang/work/TailGuardKV/.worktrees/baseline-smoke-final-aggregation/out/full_25session_baseline_9_14/full/policy_attempts/full40_20260916_h2o_static_safe/seed20260906,,,hybrid-session-021,summary,120.23521307855844,2,risk_evidence_insufficient
full_gpu,13.0,0.1,False,True,online_qwen,True,,/DATACENTER3/zhenxiang.wang/work/TailGuardKV/.worktrees/baseline-smoke-final-aggregation/out/full_25session_baseline_9_14/full/policy_attempts/full40_20260916_h2o_static_safe/seed20260906/config.yaml,,,,,,True,,,,9.1328125,True,full_gpu,True,,balanced_two_gpu,1,persistent,27792.447668965906,19753,31465.78668989241,,,50.0,41.5078125,9.7890625,9.7890625,9.7890625,1183.3292730152607,unknown,True,,True,,False,,15327.81640625,False,full_lru,False,,,full_gpu,,,risk_evidence_insufficient,0.0,full precision exact profile,114.18478819541633,,,,hybrid-session-025-turn-2,9.7890625,0.0,9.7890625,0.0,,/DATACENTER3/zhenxiang.wang/work/TailGuardKV/.worktrees/baseline-smoke-final-aggregation/out/full_25session_baseline_9_14/full/policy_attempts/full40_20260916_h2o_static_safe/seed20260906,,,hybrid-session-025,summary,114.88338885828853,2,risk_evidence_insufficient
full_gpu,13.0,0.1,False,True,online_qwen,True,,/DATACENTER3/zhenxiang.wang/work/TailGuardKV/.worktrees/baseline-smoke-final-aggregation/out/full_25session_baseline_9_14/full/policy_attempts/full40_20260916_h2o_static_safe/seed20260906/config.yaml,,,,,,True,,,,10.6640625,True,full_gpu,True,,balanced_two_gpu,1,persistent,27792.447668965906,19753,31465.78668989241,,,50.0,42.4375,11.59375,11.59375,11.59375,1199.8773599043489,unknown,True,,True,,False,,15376.83642578125,False,full_lru,False,,,full_gpu,,,risk_evidence_insufficient,0.0,full precision exact profile,132.75015400722623,,,,hybrid-session-026-turn-2,11.59375,0.0,11.59375,0.0,,/DATACENTER3/zhenxiang.wang/work/TailGuardKV/.worktrees/baseline-smoke-final-aggregation/out/full_25session_baseline_9_14/full/policy_attempts/full40_20260916_h2o_static_safe/seed20260906,,,hybrid-session-026,qa,133.43719206750393,2,risk_evidence_insufficient
full_gpu,13.0,0.1,False,True,online_qwen,True,,/DATACENTER3/zhenxiang.wang/work/TailGuardKV/.worktrees/baseline-smoke-final-aggregation/out/full_25session_baseline_9_14/full/policy_attempts/full40_20260916_h2o_static_safe/seed20260906/config.yaml,,,,,,True,,,,9.8984375,True,full_gpu,True,,balanced_two_gpu,1,persistent,27792.447668965906,19753,31465.78668989241,,,50.0,44.4609375,11.921875,11.921875,11.921875,1188.5821509640664,unknown,True,,True,,False,,15386.4228515625,False,full_lru,False,,,full_gpu,,,risk_evidence_insufficient,0.0,full precision exact profile,128.51774715818465,,,,hybrid-session-002-turn-3,11.921875,0.0,11.921875,0.0,,/DATACENTER3/zhenxiang.wang/work/TailGuardKV/.worktrees/baseline-smoke-final-aggregation/out/full_25session_baseline_9_14/full/policy_attempts/full40_20260916_h2o_static_safe/seed20260906,,,hybrid-session-002,qa,129.14823787286878,3,risk_evidence_insufficient
full_gpu,13.0,0.1,False,True,online_qwen,True,,/DATACENTER3/zhenxiang.wang/work/TailGuardKV/.worktrees/baseline-smoke-final-aggregation/out/full_25session_baseline_9_14/full/policy_attempts/full40_20260916_h2o_static_safe/seed20260906/config.yaml,,,,,,True,,,,11.15625,True,full_gpu,True,,balanced_two_gpu,1,persistent,27792.447668965906,19753,31465.78668989241,,,50.0,44.515625,11.2109375,11.2109375,11.2109375,1185.6966391205788,unknown,True,,True,,False,,15369.28173828125,False,full_lru,False,,,full_gpu,,,risk_evidence_insufficient,0.0,full precision exact profile,113.0756619386375,,,,hybrid-session-003-turn-3,11.2109375,0.0,11.2109375,0.0,,/DATACENTER3/zhenxiang.wang/work/TailGuardKV/.worktrees/baseline-smoke-final-aggregation/out/full_25session_baseline_9_14/full/policy_attempts/full40_20260916_h2o_static_safe/seed20260906,,,hybrid-session-003,summary,113.74710802920163,3,risk_evidence_insufficient
full_gpu,13.0,0.1,False,True,online_qwen,True,,/DATACENTER3/zhenxiang.wang/work/TailGuardKV/.worktrees/baseline-smoke-final-aggregation/out/full_25session_baseline_9_14/full/policy_attempts/full40_20260916_h2o_static_safe/seed20260906/config.yaml,,,,,,True,,,,9.7890625,True,full_gpu,True,,balanced_two_gpu,1,persistent,27792.447668965906,19753,31465.78668989241,,,50.0,47.578125,12.8515625,12.8515625,12.8515625,1245.4268040601164,unknown,True,,True,,False,,15417.556640625,False,full_lru,False,,,full_gpu,,,risk_evidence_insufficient,0.0,full precision exact profile,145.39187494665384,,,,hybrid-session-004-turn-3,12.8515625,0.0,12.8515625,0.0,,/DATACENTER3/zhenxiang.wang/work/TailGuardKV/.worktrees/baseline-smoke-final-aggregation/out/full_25session_baseline_9_14/full/policy_attempts/full40_20260916_h2o_static_safe/seed20260906,,,hybrid-session-004,qa,146.12212893553078,3,risk_evidence_insufficient
full_gpu,13.0,0.1,False,True,online_qwen,True,,/DATACENTER3/zhenxiang.wang/work/TailGuardKV/.worktrees/baseline-smoke-final-aggregation/out/full_25session_baseline_9_14/full/policy_attempts/full40_20260916_h2o_static_safe/seed20260906/config.yaml,,,,,,True,,,,11.59375,True,full_gpu,True,,balanced_two_gpu,1,persistent,27792.447668965906,19753,31465.78668989241,,,50.0,47.5234375,11.5390625,11.5390625,11.5390625,1200.635379878804,unknown,True,,True,,False,,15381.14892578125,False,full_lru,False,,,full_gpu,,,risk_evidence_insufficient,0.0,full precision exact profile,130.62306493520737,,,,hybrid-session-005-turn-3,11.5390625,0.0,11.5390625,0.0,,/DATACENTER3/zhenxiang.wang/work/TailGuardKV/.worktrees/baseline-smoke-final-aggregation/out/full_25session_baseline_9_14/full/policy_attempts/full40_20260916_h2o_static_safe/seed20260906,,,hybrid-session-005,summary,131.38235290534794,3,risk_evidence_insufficient
full_gpu,13.0,0.1,False,True,online_qwen,True,,/DATACENTER3/zhenxiang.wang/work/TailGuardKV/.worktrees/baseline-smoke-final-aggregation/out/full_25session_baseline_9_14/full/policy_attempts/full40_20260916_h2o_static_safe/seed20260906/config.yaml,,,,,,True,,,,23.1328125,True,full_gpu,True,,balanced_two_gpu,1,persistent,27792.447668965906,19753,31465.78668989241,,,50.0,39.265625,14.875,14.875,14.875,1260.8275490347296,unknown,True,,True,,False,,15477.13818359375,False,full_lru,False,,,full_gpu,,,risk_evidence_insufficient,0.0,full precision exact profile,192.59205204434693,,,,hybrid-session-006-turn-3,14.875,0.0,14.875,0.0,,/DATACENTER3/zhenxiang.wang/work/TailGuardKV/.worktrees/baseline-smoke-final-aggregation/out/full_25session_baseline_9_14/full/policy_attempts/full40_20260916_h2o_static_safe/seed20260906,,,hybrid-session-006,qa,193.27117083594203,3,risk_evidence_insufficient
full_gpu,13.0,0.1,False,True,online_qwen,True,,/DATACENTER3/zhenxiang.wang/work/TailGuardKV/.worktrees/baseline-smoke-final-aggregation/out/full_25session_baseline_9_14/full/policy_attempts/full40_20260916_h2o_static_safe/seed20260906/config.yaml,,,,,,True,,,,12.8515625,True,full_gpu,True,,balanced_two_gpu,1,persistent,27792.447668965906,19753,31465.78668989241,,,50.0,37.296875,10.8828125,10.8828125,10.8828125,1177.050817059353,unknown,True,,True,,False,,15354.5625,False,full_lru,False,,,full_gpu,,,risk_evidence_insufficient,0.0,full precision exact profile,106.91187297925353,,,,hybrid-session-009-turn-3,10.8828125,0.0,10.8828125,0.0,,/DATACENTER3/zhenxiang.wang/work/TailGuardKV/.worktrees/baseline-smoke-final-aggregation/out/full_25session_baseline_9_14/full/policy_attempts/full40_20260916_h2o_static_safe/seed20260906,,,hybrid-session-009,summary,107.74279804900289,3,risk_evidence_insufficient
full_gpu,13.0,0.1,False,False,online_qwen,False,,/DATACENTER3/zhenxiang.wang/work/TailGuardKV/.worktrees/baseline-smoke-final-aggregation/out/full_25session_baseline_9_14/full/policy_attempts/full40_20260916_h2o_static_safe/seed20260906/config.yaml,,,,,,True,,,,0,True,full_gpu,True,,balanced_two_gpu,1,persistent,27792.447668965906,19753,31465.78668989241,,,50.0,49.109375,11.8125,11.8125,11.8125,1207.032409030944,unknown,True,,True,,False,,15377.6884765625,False,full_lru,False,,,full_gpu,,,risk_evidence_insufficient,0.0,full precision exact profile,133.75242496840656,,,,hybrid-session-010-turn-3,11.8125,0.0,11.8125,0.0,,/DATACENTER3/zhenxiang.wang/work/TailGuardKV/.worktrees/baseline-smoke-final-aggregation/out/full_25session_baseline_9_14/full/policy_attempts/full40_20260916_h2o_static_safe/seed20260906,,,hybrid-session-010,qa,134.47699206881225,3,risk_evidence_insufficient
full_gpu,13.0,0.1,False,True,online_qwen,True,,/DATACENTER3/zhenxiang.wang/work/TailGuardKV/.worktrees/baseline-smoke-final-aggregation/out/full_25session_baseline_9_14/full/policy_attempts/full40_20260916_h2o_static_safe/seed20260906/config.yaml,,,,,,True,,,,11.5390625,True,full_gpu,True,,balanced_two_gpu,1,persistent,27792.447668965906,19753,31465.78668989241,,,50.0,48.8359375,11.265625,11.265625,11.265625,1195.1004129368812,unknown,True,,True,,False,,15374.54248046875,False,full_lru,False,,,full_gpu,,,risk_evidence_insufficient,0.0,full precision exact profile,119.50154602527618,,,,hybrid-session-013-turn-3,11.265625,0.0,11.265625,0.0,,/DATACENTER3/zhenxiang.wang/work/TailGuardKV/.worktrees/baseline-smoke-final-aggregation/out/full_25session_baseline_9_14/full/policy_attempts/full40_20260916_h2o_static_safe/seed20260906,,,hybrid-session-013,summary,120.20100792869925,3,risk_evidence_insufficient
full_gpu,13.0,0.1,False,True,online_qwen,True,,/DATACENTER3/zhenxiang.wang/work/TailGuardKV/.worktrees/baseline-smoke-final-aggregation/out/full_25session_baseline_9_14/full/policy_attempts/full40_20260916_h2o_static_safe/seed20260906/config.yaml,,,,,,True,,,,14.875,True,full_gpu,True,,balanced_two_gpu,1,persistent,27792.447668965906,19753,31465.78668989241,,,50.0,46.921875,12.9609375,12.9609375,12.9609375,1221.4392060413957,unknown,True,,True,,False,,15423.9296875,False,full_lru,False,,,full_gpu,,,risk_evidence_insufficient,0.0,full precision exact profile,144.55178892239928,,,,hybrid-session-016-turn-3,12.9609375,0.0,12.9609375,0.0,,/DATACENTER3/zhenxiang.wang/work/TailGuardKV/.worktrees/baseline-smoke-final-aggregation/out/full_25session_baseline_9_14/full/policy_attempts/full40_20260916_h2o_static_safe/seed20260906,,,hybrid-session-016,qa,145.18162398599088,3,risk_evidence_insufficient
full_gpu,13.0,0.1,False,True,online_qwen,True,,/DATACENTER3/zhenxiang.wang/work/TailGuardKV/.worktrees/baseline-smoke-final-aggregation/out/full_25session_baseline_9_14/full/policy_attempts/full40_20260916_h2o_static_safe/seed20260906/config.yaml,,,,,,True,,,,10.8828125,True,full_gpu,True,,balanced_two_gpu,1,persistent,27792.447668965906,19753,31465.78668989241,,,50.0,48.125,12.0859375,12.0859375,12.0859375,1204.6896738465875,unknown,True,,True,,False,,15396.19384765625,False,full_lru,False,,,full_gpu,,,risk_evidence_insufficient,0.0,full precision exact profile,123.86190099641681,,,,hybrid-session-020-turn-3,12.0859375,0.0,12.0859375,0.0,,/DATACENTER3/zhenxiang.wang/work/TailGuardKV/.worktrees/baseline-smoke-final-aggregation/out/full_25session_baseline_9_14/full/policy_attempts/full40_20260916_h2o_static_safe/seed20260906,,,hybrid-session-020,qa,124.57834603264928,3,risk_evidence_insufficient
full_gpu,13.0,0.1,False,True,online_qwen,True,,/DATACENTER3/zhenxiang.wang/work/TailGuardKV/.worktrees/baseline-smoke-final-aggregation/out/full_25session_baseline_9_14/full/policy_attempts/full40_20260916_h2o_static_safe/seed20260906/config.yaml,,,,,,True,,,,11.8125,True,full_gpu,True,,balanced_two_gpu,1,persistent,27792.447668965906,19753,31465.78668989241,,,50.0,49.6015625,13.2890625,13.2890625,13.2890625,1221.5221738442779,unknown,True,,True,,False,,15431.4921875,False,full_lru,False,,,full_gpu,,,risk_evidence_insufficient,0.0,full precision exact profile,147.82917592674494,,,,hybrid-session-021-turn-3,13.2890625,0.0,13.2890625,0.0,,/DATACENTER3/zhenxiang.wang/work/TailGuardKV/.worktrees/baseline-smoke-final-aggregation/out/full_25session_baseline_9_14/full/policy_attempts/full40_20260916_h2o_static_safe/seed20260906,,,hybrid-session-021,summary,148.56134494766593,3,risk_evidence_insufficient
full_gpu,13.0,0.1,False,True,online_qwen,True,,/DATACENTER3/zhenxiang.wang/work/TailGuardKV/.worktrees/baseline-smoke-final-aggregation/out/full_25session_baseline_9_14/full/policy_attempts/full40_20260916_h2o_static_safe/seed20260906/config.yaml,,,,,,True,,,,24.2265625,True,full_gpu,True,,balanced_two_gpu,1,persistent,27792.447668965906,19753,31465.78668989241,,,50.0,37.296875,11.921875,11.921875,11.921875,1208.480539964512,unknown,True,,True,,False,,15393.5869140625,False,full_lru,False,,,full_gpu,,,risk_evidence_insufficient,0.0,full precision exact profile,133.02201102487743,,,,hybrid-session-025-turn-3,11.921875,0.0,11.921875,0.0,,/DATACENTER3/zhenxiang.wang/work/TailGuardKV/.worktrees/baseline-smoke-final-aggregation/out/full_25session_baseline_9_14/full/policy_attempts/full40_20260916_h2o_static_safe/seed20260906,,,hybrid-session-025,summary,133.77138995565474,3,risk_evidence_insufficient
full_gpu,13.0,0.1,False,True,online_qwen,True,,/DATACENTER3/zhenxiang.wang/work/TailGuardKV/.worktrees/baseline-smoke-final-aggregation/out/full_25session_baseline_9_14/full/policy_attempts/full40_20260916_h2o_static_safe/seed20260906/config.yaml,,,,,,True,,,,12.0859375,True,full_gpu,True,,balanced_two_gpu,1,persistent,27792.447668965906,19753,31465.78668989241,,,50.0,39.3203125,14.109375,14.109375,14.109375,1223.5978648532182,unknown,True,,True,,False,,15443.99755859375,False,full_lru,False,,,full_gpu,,,risk_evidence_insufficient,0.0,full precision exact profile,148.63947895355523,,,,hybrid-session-026-turn-3,14.109375,0.0,14.109375,0.0,,/DATACENTER3/zhenxiang.wang/work/TailGuardKV/.worktrees/baseline-smoke-final-aggregation/out/full_25session_baseline_9_14/full/policy_attempts/full40_20260916_h2o_static_safe/seed20260906,,,hybrid-session-026,qa,149.35009088367224,3,risk_evidence_insufficient
full_gpu,13.0,0.1,False,True,online_qwen,True,,/DATACENTER3/zhenxiang.wang/work/TailGuardKV/.worktrees/baseline-smoke-final-aggregation/out/full_25session_baseline_9_14/full/policy_attempts/full40_20260916_h2o_static_safe/seed20260906/config.yaml,,,,,,True,,,,13.2890625,True,full_gpu,True,,balanced_two_gpu,1,persistent,27792.447668965906,19753,31465.78668989241,,,50.0,39.8125,13.78125,13.78125,13.78125,1213.3593449834734,unknown,True,,True,,False,,15438.0341796875,False,full_lru,False,,,full_gpu,,,risk_evidence_insufficient,0.0,full precision exact profile,145.10773704387248,,,,hybrid-session-002-turn-4,13.78125,0.0,13.78125,0.0,,/DATACENTER3/zhenxiang.wang/work/TailGuardKV/.worktrees/baseline-smoke-final-aggregation/out/full_25session_baseline_9_14/full/policy_attempts/full40_20260916_h2o_static_safe/seed20260906,,,hybrid-session-002,qa,145.83517401479185,4,risk_evidence_insufficient
full_gpu,13.0,0.1,False,True,online_qwen,True,,/DATACENTER3/zhenxiang.wang/work/TailGuardKV/.worktrees/baseline-smoke-final-aggregation/out/full_25session_baseline_9_14/full/policy_attempts/full40_20260916_h2o_static_safe/seed20260906/config.yaml,,,,,,True,,,,11.921875,True,full_gpu,True,,balanced_two_gpu,1,persistent,27792.447668965906,19753,31465.78668989241,,,50.0,40.8515625,12.9609375,12.9609375,12.9609375,1222.2527209669352,unknown,True,,True,,False,,15414.90625,False,full_lru,False,,,full_gpu,,,risk_evidence_insufficient,0.030691862106323242,full precision exact profile,145.0084620155394,,,,hybrid-session-003-turn-4,12.9609375,0.0,12.9609375,0.0,,/DATACENTER3/zhenxiang.wang/work/TailGuardKV/.worktrees/baseline-smoke-final-aggregation/out/full_25session_baseline_9_14/full/policy_attempts/full40_20260916_h2o_static_safe/seed20260906,,,hybrid-session-003,summary,145.74952516704798,4,risk_evidence_insufficient
full_gpu,13.0,0.1,False,True,online_qwen,True,,/DATACENTER3/zhenxiang.wang/work/TailGuardKV/.worktrees/baseline-smoke-final-aggregation/out/full_25session_baseline_9_14/full/policy_attempts/full40_20260916_h2o_static_safe/seed20260906/config.yaml,,,,,,True,,,,14.109375,True,full_gpu,True,,balanced_two_gpu,1,persistent,27792.447668965906,19753,31465.78668989241,,,50.0,41.2890625,14.546875,14.546875,14.546875,1238.1109350826591,unknown,True,,True,,False,,15460.39404296875,False,full_lru,False,,,full_gpu,,,risk_evidence_insufficient,0.0,full precision exact profile,153.15196011215448,,,,hybrid-session-004-turn-4,14.546875,0.0,14.546875,0.0,,/DATACENTER3/zhenxiang.wang/work/TailGuardKV/.worktrees/baseline-smoke-final-aggregation/out/full_25session_baseline_9_14/full/policy_attempts/full40_20260916_h2o_static_safe/seed20260906,,,hybrid-session-004,qa,153.87648693285882,4,risk_evidence_insufficient
full_gpu,13.0,0.1,False,True,online_qwen,True,,/DATACENTER3/zhenxiang.wang/work/TailGuardKV/.worktrees/baseline-smoke-final-aggregation/out/full_25session_baseline_9_14/full/policy_attempts/full40_20260916_h2o_static_safe/seed20260906/config.yaml,,,,,,True,,,,13.78125,True,full_gpu,True,,balanced_two_gpu,1,persistent,27792.447668965906,19753,31465.78668989241,,,50.0,40.90625,13.3984375,13.3984375,13.3984375,1209.6718337852508,unknown,True,,True,,False,,15429.587890625,False,full_lru,False,,,full_gpu,,,risk_evidence_insufficient,0.0,full precision exact profile,136.10765105113387,,,,hybrid-session-005-turn-4,13.3984375,0.0,13.3984375,0.0,,/DATACENTER3/zhenxiang.wang/work/TailGuardKV/.worktrees/baseline-smoke-final-aggregation/out/full_25session_baseline_9_14/full/policy_attempts/full40_20260916_h2o_static_safe/seed20260906,,,hybrid-session-005,summary,136.81961898691952,4,risk_evidence_insufficient
full_gpu,13.0,0.1,False,True,online_qwen,True,,/DATACENTER3/zhenxiang.wang/work/TailGuardKV/.worktrees/baseline-smoke-final-aggregation/out/full_25session_baseline_9_14/full/policy_attempts/full40_20260916_h2o_static_safe/seed20260906/config.yaml,,,,,,True,,,,12.9609375,True,full_gpu,True,,balanced_two_gpu,1,persistent,27792.447668965906,19753,31465.78668989241,,,50.0,44.515625,16.5703125,16.5703125,16.5703125,1267.573829041794,unknown,True,,True,,False,,15517.6826171875,False,full_lru,False,,,full_gpu,,,risk_evidence_insufficient,0.0,full precision exact profile,197.35869113355875,,,,hybrid-session-006-turn-4,16.5703125,0.0,16.5703125,0.0,,/DATACENTER3/zhenxiang.wang/work/TailGuardKV/.worktrees/baseline-smoke-final-aggregation/out/full_25session_baseline_9_14/full/policy_attempts/full40_20260916_h2o_static_safe/seed20260906,,,hybrid-session-006,qa,198.0935491155833,4,risk_evidence_insufficient
full_gpu,13.0,0.1,True,True,online_qwen,True,,/DATACENTER3/zhenxiang.wang/work/TailGuardKV/.worktrees/baseline-smoke-final-aggregation/out/full_25session_baseline_9_14/full/policy_attempts/full40_20260916_h2o_static_safe/seed20260906/config.yaml,,,,,,True,,,,14.546875,True,full_gpu,True,,balanced_two_gpu,1,persistent,27792.447668965906,19753,31465.78668989241,,,50.0,42.765625,12.796875,12.796875,12.796875,1202.0006058737636,unknown,True,0.0,True,,False,,15416.501953125,False,full_lru,False,,,full_gpu,,,risk_evidence_insufficient,0.0,full precision exact profile,133.01442516967654,,,,hybrid-session-009-turn-4,12.796875,0.0,12.796875,0.0,,/DATACENTER3/zhenxiang.wang/work/TailGuardKV/.worktrees/baseline-smoke-final-aggregation/out/full_25session_baseline_9_14/full/policy_attempts/full40_20260916_h2o_static_safe/seed20260906,,,hybrid-session-009,summary,133.68463702499866,4,risk_evidence_insufficient
full_gpu,13.0,0.1,False,True,online_qwen,True,,/DATACENTER3/zhenxiang.wang/work/TailGuardKV/.worktrees/baseline-smoke-final-aggregation/out/full_25session_baseline_9_14/full/policy_attempts/full40_20260916_h2o_static_safe/seed20260906/config.yaml,,,,,,True,,,,13.3984375,True,full_gpu,True,,balanced_two_gpu,1,persistent,27792.447668965906,19753,31465.78668989241,,,50.0,43.2578125,13.890625,13.890625,13.890625,1231.0800289269537,unknown,True,,True,,False,,15444.126953125,False,full_lru,False,,,full_gpu,,,risk_evidence_insufficient,0.0,full precision exact profile,148.04405509494245,,,,hybrid-session-010-turn-4,13.890625,0.0,13.890625,0.0,,/DATACENTER3/zhenxiang.wang/work/TailGuardKV/.worktrees/baseline-smoke-final-aggregation/out/full_25session_baseline_9_14/full/policy_attempts/full40_20260916_h2o_static_safe/seed20260906,,,hybrid-session-010,qa,148.76781194470823,4,risk_evidence_insufficient
full_gpu,13.0,0.1,True,True,online_qwen,True,,/DATACENTER3/zhenxiang.wang/work/TailGuardKV/.worktrees/baseline-smoke-final-aggregation/out/full_25session_baseline_9_14/full/policy_attempts/full40_20260916_h2o_static_safe/seed20260906/config.yaml,,,,,,True,,,,16.5703125,True,full_gpu,True,,balanced_two_gpu,1,persistent,27792.447668965906,19753,31465.78668989241,,,50.0,39.703125,13.015625,13.015625,13.015625,1220.7185870502144,unknown,True,0.0,True,,False,,15421.1416015625,False,full_lru,False,,,full_gpu,,,risk_evidence_insufficient,0.0,full precision exact profile,144.74702812731266,,,,hybrid-session-013-turn-4,13.015625,0.0,13.015625,0.0,,/DATACENTER3/zhenxiang.wang/work/TailGuardKV/.worktrees/baseline-smoke-final-aggregation/out/full_25session_baseline_9_14/full/policy_attempts/full40_20260916_h2o_static_safe/seed20260906,,,hybrid-session-013,summary,145.43587295338511,4,risk_evidence_insufficient
full_gpu,13.0,0.1,False,True,online_qwen,True,,/DATACENTER3/zhenxiang.wang/work/TailGuardKV/.worktrees/baseline-smoke-final-aggregation/out/full_25session_baseline_9_14/full/policy_attempts/full40_20260916_h2o_static_safe/seed20260906/config.yaml,,,,,,True,,,,12.796875,True,full_gpu,True,,balanced_two_gpu,1,persistent,27792.447668965906,19753,31465.78668989241,,,50.0,41.890625,14.984375,14.984375,14.984375,1252.878410043195,unknown,True,,True,,False,,15471.36767578125,False,full_lru,False,,,full_gpu,,,risk_evidence_insufficient,0.0,full precision exact profile,188.46238404512405,,,,hybrid-session-016-turn-4,14.984375,0.0,14.984375,0.0,,/DATACENTER3/zhenxiang.wang/work/TailGuardKV/.worktrees/baseline-smoke-final-aggregation/out/full_25session_baseline_9_14/full/policy_attempts/full40_20260916_h2o_static_safe/seed20260906,,,hybrid-session-016,qa,189.15329314768314,4,risk_evidence_insufficient
full_gpu,13.0,0.1,False,True,online_qwen,True,,/DATACENTER3/zhenxiang.wang/work/TailGuardKV/.worktrees/baseline-smoke-final-aggregation/out/full_25session_baseline_9_14/full/policy_attempts/full40_20260916_h2o_static_safe/seed20260906/config.yaml,,,,,,True,,,,13.890625,True,full_gpu,True,,balanced_two_gpu,1,persistent,27792.447668965906,19753,31465.78668989241,,,50.0,41.890625,13.890625,13.890625,13.890625,1195.5284350551665,unknown,True,,True,,False,,15443.251953125,False,full_lru,False,,,full_gpu,,,risk_evidence_insufficient,0.0,full precision exact profile,128.74692608602345,,,,hybrid-session-020-turn-4,13.890625,0.0,13.890625,0.0,,/DATACENTER3/zhenxiang.wang/work/TailGuardKV/.worktrees/baseline-smoke-final-aggregation/out/full_25session_baseline_9_14/full/policy_attempts/full40_20260916_h2o_static_safe/seed20260906,,,hybrid-session-020,qa,129.47137211449444,4,risk_evidence_insufficient
full_gpu,13.0,0.1,False,True,online_qwen,True,,/DATACENTER3/zhenxiang.wang/work/TailGuardKV/.worktrees/baseline-smoke-final-aggregation/out/full_25session_baseline_9_14/full/policy_attempts/full40_20260916_h2o_static_safe/seed20260906/config.yaml,,,,,,True,,,,13.015625,True,full_gpu,True,,balanced_two_gpu,1,persistent,27792.447668965906,19753,31465.78668989241,,,50.0,44.078125,15.203125,15.203125,15.203125,1268.5291799716651,unknown,True,,True,,False,,15478.6953125,False,full_lru,False,,,full_gpu,,,risk_evidence_insufficient,0.0,full precision exact profile,193.83869995363057,,,,hybrid-session-021-turn-4,15.203125,0.0,15.203125,0.0,,/DATACENTER3/zhenxiang.wang/work/TailGuardKV/.worktrees/baseline-smoke-final-aggregation/out/full_25session_baseline_9_14/full/policy_attempts/full40_20260916_h2o_static_safe/seed20260906,,,hybrid-session-021,summary,194.5510278455913,4,risk_evidence_insufficient
full_gpu,13.0,0.1,False,True,online_qwen,True,,/DATACENTER3/zhenxiang.wang/work/TailGuardKV/.worktrees/baseline-smoke-final-aggregation/out/full_25session_baseline_9_14/full/policy_attempts/full40_20260916_h2o_static_safe/seed20260906/config.yaml,,,,,,True,,,,14.984375,True,full_gpu,True,,balanced_two_gpu,1,persistent,27792.447668965906,19753,31465.78668989241,,,50.0,42.765625,13.671875,13.671875,13.671875,1205.6503139901906,unknown,True,,True,,False,,15437.91943359375,False,full_lru,False,,,full_gpu,,,risk_evidence_insufficient,0.0,full precision exact profile,133.94091394729912,,,,hybrid-session-025-turn-4,13.671875,0.0,13.671875,0.0,,/DATACENTER3/zhenxiang.wang/work/TailGuardKV/.worktrees/baseline-smoke-final-aggregation/out/full_25session_baseline_9_14/full/policy_attempts/full40_20260916_h2o_static_safe/seed20260906,,,hybrid-session-025,summary,134.69316507689655,4,risk_evidence_insufficient
full_gpu,13.0,0.1,False,True,online_qwen,True,,/DATACENTER3/zhenxiang.wang/work/TailGuardKV/.worktrees/baseline-smoke-final-aggregation/out/full_25session_baseline_9_14/full/policy_attempts/full40_20260916_h2o_static_safe/seed20260906/config.yaml,,,,,,True,,,,13.890625,True,full_gpu,True,,balanced_two_gpu,1,persistent,27792.447668965906,19753,31465.78668989241,,,50.0,45.171875,16.296875,16.296875,16.296875,1267.3723259940743,unknown,True,,True,,False,,15509.67333984375,False,full_lru,False,,,full_gpu,,,risk_evidence_insufficient,0.0,full precision exact profile,195.222619920969,,,,hybrid-session-026-turn-4,16.296875,0.0,16.296875,0.0,,/DATACENTER3/zhenxiang.wang/work/TailGuardKV/.worktrees/baseline-smoke-final-aggregation/out/full_25session_baseline_9_14/full/policy_attempts/full40_20260916_h2o_static_safe/seed20260906,,,hybrid-session-026,qa,195.91592508368194,4,risk_evidence_insufficient
kivi_4bit_residual64,1.0,0.1,False,False,online_qwen,False,,/DATACENTER3/zhenxiang.wang/work/TailGuardKV/.worktrees/baseline-smoke-final-aggregation/out/full_25session_baseline_9_14/full/policy_attempts/full40_20260916_h2o_static_safe/seed20260906/config.yaml,,,,,0.1,True,,0.05,,0,False,kivi_4bit_residual64,True,,balanced_two_gpu,1,persistent,29251.866195118055,21615,33120.1731772162,,,50.0,2.078125,2.078125,2.078125,2.078125,4933.344746939838,unknown,True,,True,,False,,15070.54150390625,True,static_best,False,0.0,0.0,kivi_4bit_residual64,0.0,,risk_evidence_insufficient,0.0,static_best,0.0,,,,hybrid-session-002-turn-0,2.078125,0.0,2.078125,0.0,0.0,/DATACENTER3/zhenxiang.wang/work/TailGuardKV/.worktrees/baseline-smoke-final-aggregation/out/full_25session_baseline_9_14/full/policy_attempts/full40_20260916_h2o_static_safe/seed20260906,True,calibrated safe,hybrid-session-002,chat,3742.9241409990937,0,risk_evidence_insufficient
kivi_4bit_residual64,2.0,0.1,False,False,online_qwen,False,,/DATACENTER3/zhenxiang.wang/work/TailGuardKV/.worktrees/baseline-smoke-final-aggregation/out/full_25session_baseline_9_14/full/policy_attempts/full40_20260916_h2o_static_safe/seed20260906/config.yaml,,,,,0.1,True,,0.05,,0,False,kivi_4bit_residual64,True,,balanced_two_gpu,1,persistent,29251.866195118055,21615,33120.1731772162,,,50.0,3.5546875,1.4765625,1.4765625,1.4765625,1261.8012051098049,unknown,True,,True,,False,,15055.19384765625,True,static_best,False,0.0,0.0,kivi_4bit_residual64,0.0,,risk_evidence_insufficient,0.0,static_best,0.0,,,,hybrid-session-003-turn-0,1.4765625,0.0,1.4765625,0.0,0.0,/DATACENTER3/zhenxiang.wang/work/TailGuardKV/.worktrees/baseline-smoke-final-aggregation/out/full_25session_baseline_9_14/full/policy_attempts/full40_20260916_h2o_static_safe/seed20260906,True,calibrated safe,hybrid-session-003,chat,84.83620500192046,0,risk_evidence_insufficient
kivi_4bit_residual64,3.0,0.1,False,False,online_qwen,False,,/DATACENTER3/zhenxiang.wang/work/TailGuardKV/.worktrees/baseline-smoke-final-aggregation/out/full_25session_baseline_9_14/full/policy_attempts/full40_20260916_h2o_static_safe/seed20260906/config.yaml,,,,,0.1,True,,0.05,,0,False,kivi_4bit_residual64,True,,balanced_two_gpu,1,persistent,29251.866195118055,21615,33120.1731772162,,,50.0,5.3046875,1.75,1.75,1.75,1270.905879093334,unknown,True,,True,,False,,15063.70947265625,True,static_best,False,0.0,0.0,kivi_4bit_residual64,0.0,,risk_evidence_insufficient,0.0,static_best,0.0,,,,hybrid-session-004-turn-0,1.75,0.0,1.75,0.0,0.0,/DATACENTER3/zhenxiang.wang/work/TailGuardKV/.worktrees/baseline-smoke-final-aggregation/out/full_25session_baseline_9_14/full/policy_attempts/full40_20260916_h2o_static_safe/seed20260906,True,calibrated safe,hybrid-session-004,chat,95.55492200888693,0,risk_evidence_insufficient
kivi_4bit_residual64,4.0,0.1,False,False,online_qwen,False,,/DATACENTER3/zhenxiang.wang/work/TailGuardKV/.worktrees/baseline-smoke-final-aggregation/out/full_25session_baseline_9_14/full/policy_attempts/full40_20260916_h2o_static_safe/seed20260906/config.yaml,,,,,0.1,True,,0.05,,0,False,kivi_4bit_residual64,True,,balanced_two_gpu,1,persistent,29251.866195118055,21615,33120.1731772162,,,50.0,7.21875,1.9140625,1.9140625,1.9140625,1275.1561130862683,unknown,True,,True,,False,,15070.26806640625,True,static_best,False,0.0,0.0,kivi_4bit_residual64,0.0,,risk_evidence_insufficient,0.0,static_best,0.0,,,,hybrid-session-005-turn-0,1.9140625,0.0,1.9140625,0.0,0.0,/DATACENTER3/zhenxiang.wang/work/TailGuardKV/.worktrees/baseline-smoke-final-aggregation/out/full_25session_baseline_9_14/full/policy_attempts/full40_20260916_h2o_static_safe/seed20260906,True,calibrated safe,hybrid-session-005,chat,98.17182389087975,0,risk_evidence_insufficient
kivi_4bit_residual64,5.0,0.1,False,False,online_qwen,False,,/DATACENTER3/zhenxiang.wang/work/TailGuardKV/.worktrees/baseline-smoke-final-aggregation/out/full_25session_baseline_9_14/full/policy_attempts/full40_20260916_h2o_static_safe/seed20260906/config.yaml,,,,,0.1,True,,0.05,,0,False,kivi_4bit_residual64,True,,balanced_two_gpu,1,persistent,29251.866195118055,21615,33120.1731772162,,,50.0,9.84375,2.625,2.625,2.625,1281.449310015887,unknown,True,,True,,False,,15093.27587890625,True,static_best,False,0.0,0.0,kivi_4bit_residual64,0.0,,risk_evidence_insufficient,0.0,static_best,0.0,,,,hybrid-session-006-turn-0,2.625,0.0,2.625,0.0,0.0,/DATACENTER3/zhenxiang.wang/work/TailGuardKV/.worktrees/baseline-smoke-final-aggregation/out/full_25session_baseline_9_14/full/policy_attempts/full40_20260916_h2o_static_safe/seed20260906,True,calibrated safe,hybrid-session-006,chat,99.32513209059834,0,risk_evidence_insufficient
kivi_4bit_residual64,6.0,0.1,False,False,online_qwen,False,,/DATACENTER3/zhenxiang.wang/work/TailGuardKV/.worktrees/baseline-smoke-final-aggregation/out/full_25session_baseline_9_14/full/policy_attempts/full40_20260916_h2o_static_safe/seed20260906/config.yaml,,,,,0.1,True,,0.05,,0,False,kivi_4bit_residual64,True,,balanced_two_gpu,1,persistent,29251.866195118055,21615,33120.1731772162,,,50.0,11.5390625,1.6953125,1.6953125,1.6953125,1270.8348638843745,unknown,True,,True,,False,,15068.48681640625,True,static_best,False,0.0,0.0,kivi_4bit_residual64,0.0,,risk_evidence_insufficient,0.0,static_best,0.0,,,,hybrid-session-009-turn-0,1.6953125,0.0,1.6953125,0.0,0.0,/DATACENTER3/zhenxiang.wang/work/TailGuardKV/.worktrees/baseline-smoke-final-aggregation/out/full_25session_baseline_9_14/full/policy_attempts/full40_20260916_h2o_static_safe/seed20260906,True,calibrated safe,hybrid-session-009,chat,86.37737389653921,0,risk_evidence_insufficient
kivi_4bit_residual64,7.0,0.1,False,False,online_qwen,False,,/DATACENTER3/zhenxiang.wang/work/TailGuardKV/.worktrees/baseline-smoke-final-aggregation/out/full_25session_baseline_9_14/full/policy_attempts/full40_20260916_h2o_static_safe/seed20260906/config.yaml,,,,,0.1,True,,0.05,,0,False,kivi_4bit_residual64,True,,balanced_two_gpu,1,persistent,29251.866195118055,21615,33120.1731772162,,,50.0,13.0703125,1.53125,1.53125,1.53125,1253.025793004781,unknown,True,,True,,False,,15065.87646484375,True,static_best,False,0.0,0.0,kivi_4bit_residual64,0.0,,risk_evidence_insufficient,0.0,static_best,0.0,,,,hybrid-session-010-turn-0,1.53125,0.0,1.53125,0.0,0.0,/DATACENTER3/zhenxiang.wang/work/TailGuardKV/.worktrees/baseline-smoke-final-aggregation/out/full_25session_baseline_9_14/full/policy_attempts/full40_20260916_h2o_static_safe/seed20260906,True,calibrated safe,hybrid-session-010,chat,84.7036549821496,0,risk_evidence_insufficient
kivi_4bit_residual64,8.0,0.1,False,False,online_qwen,False,,/DATACENTER3/zhenxiang.wang/work/TailGuardKV/.worktrees/baseline-smoke-final-aggregation/out/full_25session_baseline_9_14/full/policy_attempts/full40_20260916_h2o_static_safe/seed20260906/config.yaml,,,,,0.1,True,,0.05,,0,False,kivi_4bit_residual64,True,,balanced_two_gpu,1,persistent,29251.866195118055,21615,33120.1731772162,,,50.0,14.875,1.8046875,1.8046875,1.8046875,1282.475666841492,unknown,True,,True,,False,,15074.73681640625,True,static_best,False,0.0,0.0,kivi_4bit_residual64,0.0,,risk_evidence_insufficient,0.0,static_best,0.0,,,,hybrid-session-013-turn-0,1.8046875,0.0,1.8046875,0.0,0.0,/DATACENTER3/zhenxiang.wang/work/TailGuardKV/.worktrees/baseline-smoke-final-aggregation/out/full_25session_baseline_9_14/full/policy_attempts/full40_20260916_h2o_static_safe/seed20260906,True,calibrated safe,hybrid-session-013,chat,97.21443196758628,0,risk_evidence_insufficient
kivi_4bit_residual64,9.0,0.1,False,False,online_qwen,False,,/DATACENTER3/zhenxiang.wang/work/TailGuardKV/.worktrees/baseline-smoke-final-aggregation/out/full_25session_baseline_9_14/full/policy_attempts/full40_20260916_h2o_static_safe/seed20260906/config.yaml,,,,,0.1,True,,0.05,,0,False,kivi_4bit_residual64,True,,balanced_two_gpu,1,persistent,29251.866195118055,21615,33120.1731772162,,,50.0,17.5,2.625,2.625,2.625,1283.647766103968,unknown,True,,True,,False,,15100.93212890625,True,static_best,False,0.0,0.0,kivi_4bit_residual64,0.0,,risk_evidence_insufficient,0.0,static_best,0.0,,,,hybrid-session-016-turn-0,2.625,0.0,2.625,0.0,0.0,/DATACENTER3/zhenxiang.wang/work/TailGuardKV/.worktrees/baseline-smoke-final-aggregation/out/full_25session_baseline_9_14/full/policy_attempts/full40_20260916_h2o_static_safe/seed20260906,True,calibrated safe,hybrid-session-016,chat,99.8377709183842,0,risk_evidence_insufficient
kivi_4bit_residual64,10.0,0.1,False,False,online_qwen,False,,/DATACENTER3/zhenxiang.wang/work/TailGuardKV/.worktrees/baseline-smoke-final-aggregation/out/full_25session_baseline_9_14/full/policy_attempts/full40_20260916_h2o_static_safe/seed20260906/config.yaml,,,,,0.1,True,,0.05,,0,False,kivi_4bit_residual64,True,,balanced_two_gpu,1,persistent,29251.866195118055,21615,33120.1731772162,,,50.0,19.90625,2.40625,2.40625,2.40625,1293.9674579538405,unknown,True,,True,,False,,15095.79541015625,True,static_best,False,0.0,0.0,kivi_4bit_residual64,0.0,,risk_evidence_insufficient,0.0,static_best,0.0,,,,hybrid-session-020-turn-0,2.40625,0.0,2.40625,0.0,0.0,/DATACENTER3/zhenxiang.wang/work/TailGuardKV/.worktrees/baseline-smoke-final-aggregation/out/full_25session_baseline_9_14/full/policy_attempts/full40_20260916_h2o_static_safe/seed20260906,True,calibrated safe,hybrid-session-020,chat,100.34062690101564,0,risk_evidence_insufficient
kivi_4bit_residual64,11.0,0.1,False,False,online_qwen,False,,/DATACENTER3/zhenxiang.wang/work/TailGuardKV/.worktrees/baseline-smoke-final-aggregation/out/full_25session_baseline_9_14/full/policy_attempts/full40_20260916_h2o_static_safe/seed20260906/config.yaml,,,,,0.1,True,,0.05,,0,False,kivi_4bit_residual64,True,,balanced_two_gpu,1,persistent,29251.866195118055,21615,33120.1731772162,,,50.0,22.203125,2.296875,2.296875,2.296875,1288.736732909456,unknown,True,,True,,False,,15095.17822265625,True,static_best,False,0.0,0.0,kivi_4bit_residual64,0.0,,risk_evidence_insufficient,0.0,static_best,0.0,,,,hybrid-session-021-turn-0,2.296875,0.0,2.296875,0.0,0.0,/DATACENTER3/zhenxiang.wang/work/TailGuardKV/.worktrees/baseline-smoke-final-aggregation/out/full_25session_baseline_9_14/full/policy_attempts/full40_20260916_h2o_static_safe/seed20260906,True,calibrated safe,hybrid-session-021,chat,97.13132889010012,0,risk_evidence_insufficient
kivi_4bit_residual64,12.0,0.1,False,False,online_qwen,False,,/DATACENTER3/zhenxiang.wang/work/TailGuardKV/.worktrees/baseline-smoke-final-aggregation/out/full_25session_baseline_9_14/full/policy_attempts/full40_20260916_h2o_static_safe/seed20260906/config.yaml,,,,,0.1,True,,0.05,,0,False,kivi_4bit_residual64,True,,balanced_two_gpu,1,persistent,29251.866195118055,21615,33120.1731772162,,,50.0,24.171875,1.96875,1.96875,1.96875,1294.7283321991563,unknown,True,,True,,False,,15088.40478515625,True,static_best,False,0.0,0.0,kivi_4bit_residual64,0.0,,risk_evidence_insufficient,0.0,static_best,0.0,,,,hybrid-session-025-turn-0,1.96875,0.0,1.96875,0.0,0.0,/DATACENTER3/zhenxiang.wang/work/TailGuardKV/.worktrees/baseline-smoke-final-aggregation/out/full_25session_baseline_9_14/full/policy_attempts/full40_20260916_h2o_static_safe/seed20260906,True,calibrated safe,hybrid-session-025,chat,97.4801171105355,0,risk_evidence_insufficient
kivi_4bit_residual64,13.0,0.1,False,False,online_qwen,False,,/DATACENTER3/zhenxiang.wang/work/TailGuardKV/.worktrees/baseline-smoke-final-aggregation/out/full_25session_baseline_9_14/full/policy_attempts/full40_20260916_h2o_static_safe/seed20260906/config.yaml,,,,,0.1,True,,0.05,,0,False,kivi_4bit_residual64,True,,balanced_two_gpu,1,persistent,29251.866195118055,21615,33120.1731772162,,,50.0,26.359375,2.1875,2.1875,2.1875,1312.7895591314882,unknown,True,,True,,False,,15096.42041015625,True,static_best,False,0.0,0.0,kivi_4bit_residual64,0.0,,risk_evidence_insufficient,0.0,static_best,0.0,,,,hybrid-session-026-turn-0,2.1875,0.0,2.1875,0.0,0.0,/DATACENTER3/zhenxiang.wang/work/TailGuardKV/.worktrees/baseline-smoke-final-aggregation/out/full_25session_baseline_9_14/full/policy_attempts/full40_20260916_h2o_static_safe/seed20260906,True,calibrated safe,hybrid-session-026,chat,99.19127100147307,0,risk_evidence_insufficient
kivi_4bit_residual64,13.0,0.1,False,False,online_qwen,False,,/DATACENTER3/zhenxiang.wang/work/TailGuardKV/.worktrees/baseline-smoke-final-aggregation/out/full_25session_baseline_9_14/full/policy_attempts/full40_20260916_h2o_static_safe/seed20260906/config.yaml,,,,,0.1,True,,0.05,,0,False,kivi_4bit_residual64,True,,balanced_two_gpu,1,persistent,29251.866195118055,21615,33120.1731772162,,,50.0,26.829345703125,2.548095703125,2.548095703125,0.469970703125,5100.473673082888,unknown,True,,True,,False,,15088.02685546875,True,static_best,False,0.0,0.0,kivi_4bit_residual64,0.0,,risk_evidence_insufficient,0.0,static_best,0.0,,,,hybrid-session-002-turn-1,2.548095703125,2.078125,2.548095703125,0.0,0.0,/DATACENTER3/zhenxiang.wang/work/TailGuardKV/.worktrees/baseline-smoke-final-aggregation/out/full_25session_baseline_9_14/full/policy_attempts/full40_20260916_h2o_static_safe/seed20260906,True,calibrated safe,hybrid-session-002,chat,98.49564894102514,1,risk_evidence_insufficient
kivi_4bit_residual64,13.0,0.1,True,False,online_qwen,False,,/DATACENTER3/zhenxiang.wang/work/TailGuardKV/.worktrees/baseline-smoke-final-aggregation/out/full_25session_baseline_9_14/full/policy_attempts/full40_20260916_h2o_static_safe/seed20260906/config.yaml,,,,,0.1,True,,0.05,,0,False,kivi_4bit_residual64,True,,balanced_two_gpu,1,persistent,29251.866195118055,21615,33120.1731772162,,,50.0,28.251220703125,2.8984375,2.8984375,1.421875,1608.6931030731648,unknown,True,,True,,False,,15078.74658203125,True,static_best,False,0.0,0.0,kivi_4bit_residual64,0.0,,risk_evidence_insufficient,0.0,static_best,0.0,,,,hybrid-session-003-turn-1,2.8984375,1.4765625,2.8984375,0.0,0.0,/DATACENTER3/zhenxiang.wang/work/TailGuardKV/.worktrees/baseline-smoke-final-aggregation/out/full_25session_baseline_9_14/full/policy_attempts/full40_20260916_h2o_static_safe/seed20260906,True,calibrated safe,hybrid-session-003,chat,121.73181888647377,1,risk_evidence_insufficient
kivi_4bit_residual64,13.0,0.1,False,False,online_qwen,False,,/DATACENTER3/zhenxiang.wang/work/TailGuardKV/.worktrees/baseline-smoke-final-aggregation/out/full_25session_baseline_9_14/full/policy_attempts/full40_20260916_h2o_static_safe/seed20260906/config.yaml,,,,,0.1,True,,0.05,,0,False,kivi_4bit_residual64,True,,balanced_two_gpu,1,persistent,29251.866195118055,21615,33120.1731772162,,,50.0,29.76708984375,3.265869140625,3.265869140625,1.515869140625,2021.206706063822,unknown,True,,True,,False,,15128.7724609375,True,static_best,False,0.0,0.0,kivi_4bit_residual64,0.0,,risk_evidence_insufficient,0.0,static_best,0.0,,,,hybrid-session-004-turn-1,3.265869140625,1.75,3.265869140625,0.0,0.0,/DATACENTER3/zhenxiang.wang/work/TailGuardKV/.worktrees/baseline-smoke-final-aggregation/out/full_25session_baseline_9_14/full/policy_attempts/full40_20260916_h2o_static_safe/seed20260906,True,calibrated safe,hybrid-session-004,chat,167.91445203125477,1,risk_evidence_insufficient
kivi_4bit_residual64,13.0,0.1,False,False,online_qwen,False,,/DATACENTER3/zhenxiang.wang/work/TailGuardKV/.worktrees/baseline-smoke-final-aggregation/out/full_25session_baseline_9_14/full/policy_attempts/full40_20260916_h2o_static_safe/seed20260906/config.yaml,,,,,0.1,True,,0.05,,0,False,kivi_4bit_residual64,True,,balanced_two_gpu,1,persistent,29251.866195118055,21615,33120.1731772162,,,50.0,30.65234375,2.79931640625,2.79931640625,0.88525390625,2418.9613529015332,unknown,True,,True,,False,,15106.55908203125,True,static_best,False,0.0,0.0,kivi_4bit_residual64,0.0,,risk_evidence_insufficient,0.0,static_best,0.0,,,,hybrid-session-005-turn-1,2.79931640625,1.9140625,2.79931640625,0.0,0.0,/DATACENTER3/zhenxiang.wang/work/TailGuardKV/.worktrees/baseline-smoke-final-aggregation/out/full_25session_baseline_9_14/full/policy_attempts/full40_20260916_h2o_static_safe/seed20260906,True,calibrated safe,hybrid-session-005,chat,115.65180099569261,1,risk_evidence_insufficient
kivi_4bit_residual64,13.0,0.1,False,False,online_qwen,False,,/DATACENTER3/zhenxiang.wang/work/TailGuardKV/.worktrees/baseline-smoke-final-aggregation/out/full_25session_baseline_9_14/full/policy_attempts/full40_20260916_h2o_static_safe/seed20260906/config.yaml,,,,,0.1,True,,0.05,,0,False,kivi_4bit_residual64,True,,balanced_two_gpu,1,persistent,29251.866195118055,21615,33120.1731772162,,,50.0,31.47265625,3.4453125,3.4453125,0.8203125,2513.3508059661835,unknown,True,,True,,False,,15114.3935546875,True,static_best,False,0.0,0.0,kivi_4bit_residual64,0.0,,risk_evidence_insufficient,0.0,static_best,0.0,,,,hybrid-session-006-turn-1,3.4453125,2.625,3.4453125,0.0,0.0,/DATACENTER3/zhenxiang.wang/work/TailGuardKV/.worktrees/baseline-smoke-final-aggregation/out/full_25session_baseline_9_14/full/policy_attempts/full40_20260916_h2o_static_safe/seed20260906,True,calibrated safe,hybrid-session-006,chat,189.83680615201592,1,risk_evidence_insufficient
kivi_4bit_residual64,13.0,0.1,False,False,online_qwen,False,,/DATACENTER3/zhenxiang.wang/work/TailGuardKV/.worktrees/baseline-smoke-final-aggregation/out/full_25session_baseline_9_14/full/policy_attempts/full40_20260916_h2o_static_safe/seed20260906/config.yaml,,,,,0.1,True,,0.05,,0,False,kivi_4bit_residual64,True,,balanced_two_gpu,1,persistent,29251.866195118055,21615,33120.1731772162,,,50.0,33.16796875,3.390625,3.390625,1.6953125,1460.5123901274055,unknown,True,,True,,False,,15090.15771484375,True,static_best,False,0.0,0.0,kivi_4bit_residual64,0.0,,risk_evidence_insufficient,0.0,static_best,0.0,,,,hybrid-session-009-turn-1,3.390625,1.6953125,3.390625,0.0,0.0,/DATACENTER3/zhenxiang.wang/work/TailGuardKV/.worktrees/baseline-smoke-final-aggregation/out/full_25session_baseline_9_14/full/policy_attempts/full40_20260916_h2o_static_safe/seed20260906,True,calibrated safe,hybrid-session-009,chat,112.32430511154234,1,risk_evidence_insufficient
kivi_4bit_residual64,13.0,0.1,False,False,online_qwen,False,,/DATACENTER3/zhenxiang.wang/work/TailGuardKV/.worktrees/baseline-smoke-final-aggregation/out/full_25session_baseline_9_14/full/policy_attempts/full40_20260916_h2o_static_safe/seed20260906/config.yaml,,,,,0.1,True,,0.05,,0,False,kivi_4bit_residual64,True,,balanced_two_gpu,1,persistent,29251.866195118055,21615,33120.1731772162,,,50.0,34.80859375,3.171875,3.171875,1.640625,1277.469830121845,unknown,True,,True,,False,,15090.34130859375,True,static_best,False,0.0,0.0,kivi_4bit_residual64,0.0,,risk_evidence_insufficient,0.0,static_best,0.0,,,,hybrid-session-010-turn-1,3.171875,1.53125,3.171875,0.0,0.0,/DATACENTER3/zhenxiang.wang/work/TailGuardKV/.worktrees/baseline-smoke-final-aggregation/out/full_25session_baseline_9_14/full/policy_attempts/full40_20260916_h2o_static_safe/seed20260906,True,calibrated safe,hybrid-session-010,chat,84.82312597334385,1,risk_evidence_insufficient
kivi_4bit_residual64,13.0,0.1,False,False,online_qwen,False,,/DATACENTER3/zhenxiang.wang/work/TailGuardKV/.worktrees/baseline-smoke-final-aggregation/out/full_25session_baseline_9_14/full/policy_attempts/full40_20260916_h2o_static_safe/seed20260906/config.yaml,,,,,0.1,True,,0.05,,0,False,kivi_4bit_residual64,True,,balanced_two_gpu,1,persistent,29251.866195118055,21615,33120.1731772162,,,50.0,36.23046875,3.2265625,3.2265625,1.421875,1287.7888530492783,unknown,True,,True,,False,,15086.74462890625,True,static_best,False,0.0,0.0,kivi_4bit_residual64,0.0,,risk_evidence_insufficient,0.0,static_best,0.0,,,,hybrid-session-013-turn-1,3.2265625,1.8046875,3.2265625,0.0,0.0,/DATACENTER3/zhenxiang.wang/work/TailGuardKV/.worktrees/baseline-smoke-final-aggregation/out/full_25session_baseline_9_14/full/policy_attempts/full40_20260916_h2o_static_safe/seed20260906,True,calibrated safe,hybrid-session-013,chat,83.83597107604146,1,risk_evidence_insufficient
kivi_4bit_residual64,13.0,0.1,False,False,online_qwen,False,,/DATACENTER3/zhenxiang.wang/work/TailGuardKV/.worktrees/baseline-smoke-final-aggregation/out/full_25session_baseline_9_14/full/policy_attempts/full40_20260916_h2o_static_safe/seed20260906/config.yaml,,,,,0.1,True,,0.05,,0,False,kivi_4bit_residual64,True,,balanced_two_gpu,1,persistent,29251.866195118055,21615,33120.1731772162,,,50.0,36.297119140625,2.691650390625,2.691650390625,0.066650390625,1751.590868923813,unknown,True,,True,,False,,15089.38818359375,True,static_best,False,0.0,0.0,kivi_4bit_residual64,0.0,,risk_evidence_insufficient,0.0,static_best,0.0,,,,hybrid-session-016-turn-1,2.691650390625,2.625,2.691650390625,0.0,0.0,/DATACENTER3/zhenxiang.wang/work/TailGuardKV/.worktrees/baseline-smoke-final-aggregation/out/full_25session_baseline_9_14/full/policy_attempts/full40_20260916_h2o_static_safe/seed20260906,True,calibrated safe,hybrid-session-016,chat,84.03284195810556,1,risk_evidence_insufficient
kivi_4bit_residual64,13.0,0.1,False,False,online_qwen,False,,/DATACENTER3/zhenxiang.wang/work/TailGuardKV/.worktrees/baseline-smoke-final-aggregation/out/full_25session_baseline_9_14/full/policy_attempts/full40_20260916_h2o_static_safe/seed20260906/config.yaml,,,,,0.1,True,,0.05,,0,False,kivi_4bit_residual64,True,,balanced_two_gpu,1,persistent,29251.866195118055,21615,33120.1731772162,,,50.0,36.690185546875,2.79931640625,2.79931640625,0.39306640625,1903.9902370423079,unknown,True,,True,,False,,15100.35595703125,True,static_best,False,0.0,0.0,kivi_4bit_residual64,0.0,,risk_evidence_insufficient,0.0,static_best,0.0,,,,hybrid-session-020-turn-1,2.79931640625,2.40625,2.79931640625,0.0,0.0,/DATACENTER3/zhenxiang.wang/work/TailGuardKV/.worktrees/baseline-smoke-final-aggregation/out/full_25session_baseline_9_14/full/policy_attempts/full40_20260916_h2o_static_safe/seed20260906,True,calibrated safe,hybrid-session-020,chat,96.69373719953,1,risk_evidence_insufficient
kivi_4bit_residual64,13.0,0.1,False,False,online_qwen,False,,/DATACENTER3/zhenxiang.wang/work/TailGuardKV/.worktrees/baseline-smoke-final-aggregation/out/full_25session_baseline_9_14/full/policy_attempts/full40_20260916_h2o_static_safe/seed20260906/config.yaml,,,,,0.1,True,,0.05,,0,False,kivi_4bit_residual64,True,,balanced_two_gpu,1,persistent,29251.866195118055,21615,33120.1731772162,,,50.0,37.3720703125,2.978759765625,2.978759765625,0.681884765625,1967.489160131663,unknown,True,,True,,False,,15109.2490234375,True,static_best,False,0.0,0.0,kivi_4bit_residual64,0.0,,risk_evidence_insufficient,0.0,static_best,0.0,,,,hybrid-session-021-turn-1,2.978759765625,2.296875,2.978759765625,0.0,0.0,/DATACENTER3/zhenxiang.wang/work/TailGuardKV/.worktrees/baseline-smoke-final-aggregation/out/full_25session_baseline_9_14/full/policy_attempts/full40_20260916_h2o_static_safe/seed20260906,True,calibrated safe,hybrid-session-021,chat,155.1398269366473,1,risk_evidence_insufficient
kivi_4bit_residual64,13.0,0.1,False,False,online_qwen,False,,/DATACENTER3/zhenxiang.wang/work/TailGuardKV/.worktrees/baseline-smoke-final-aggregation/out/full_25session_baseline_9_14/full/policy_attempts/full40_20260916_h2o_static_safe/seed20260906/config.yaml,,,,,0.1,True,,0.05,,0,False,kivi_4bit_residual64,True,,balanced_two_gpu,1,persistent,29251.866195118055,21615,33120.1731772162,,,50.0,38.6845703125,3.28125,3.28125,1.3125,1285.2365609724075,unknown,True,,True,,False,,15085.52294921875,True,static_best,False,0.005128205128205128,0.005128205128205128,kivi_4bit_residual64,0.005128205128205128,,risk_evidence_insufficient,0.0,static_best,0.0,,,,hybrid-session-025-turn-1,3.28125,1.96875,3.28125,0.0,0.005128205128205128,/DATACENTER3/zhenxiang.wang/work/TailGuardKV/.worktrees/baseline-smoke-final-aggregation/out/full_25session_baseline_9_14/full/policy_attempts/full40_20260916_h2o_static_safe/seed20260906,True,calibrated safe,hybrid-session-025,chat,83.79698102362454,1,risk_evidence_insufficient
kivi_4bit_residual64,13.0,0.1,False,False,online_qwen,False,,/DATACENTER3/zhenxiang.wang/work/TailGuardKV/.worktrees/baseline-smoke-final-aggregation/out/full_25session_baseline_9_14/full/policy_attempts/full40_20260916_h2o_static_safe/seed20260906/config.yaml,,,,,0.1,True,,0.05,,0,False,kivi_4bit_residual64,True,,balanced_two_gpu,1,persistent,29251.866195118055,21615,33120.1731772162,,,50.0,39.547607421875,3.050537109375,3.050537109375,0.863037109375,1994.9184018187225,unknown,True,,True,,False,,15117.2783203125,True,static_best,False,0.0,0.0,kivi_4bit_residual64,0.0,,risk_evidence_insufficient,0.0,static_best,0.0,,,,hybrid-session-026-turn-1,3.050537109375,2.1875,3.050537109375,0.0,0.0,/DATACENTER3/zhenxiang.wang/work/TailGuardKV/.worktrees/baseline-smoke-final-aggregation/out/full_25session_baseline_9_14/full/policy_attempts/full40_20260916_h2o_static_safe/seed20260906,True,calibrated safe,hybrid-session-026,chat,157.4212198611349,1,risk_evidence_insufficient
kivi_4bit_residual64,13.0,0.1,True,False,online_qwen,False,,/DATACENTER3/zhenxiang.wang/work/TailGuardKV/.worktrees/baseline-smoke-final-aggregation/out/full_25session_baseline_9_14/full/policy_attempts/full40_20260916_h2o_static_safe/seed20260906/config.yaml,,,,,0.1,True,,0.05,,0,False,kivi_4bit_residual64,True,,balanced_two_gpu,1,persistent,29251.866195118055,21615,33120.1731772162,,,50.0,41.591552734375,4.592041015625,4.592041015625,2.0439453125,2108.4099248982966,unknown,True,,True,,False,,15237.5693359375,True,static_best,False,0.0,0.0,kivi_4bit_residual64,0.0,,risk_evidence_insufficient,0.0,static_best,0.0,,,,hybrid-session-002-turn-2,4.592041015625,2.548095703125,4.592041015625,0.0,0.0,/DATACENTER3/zhenxiang.wang/work/TailGuardKV/.worktrees/baseline-smoke-final-aggregation/out/full_25session_baseline_9_14/full/policy_attempts/full40_20260916_h2o_static_safe/seed20260906,True,calibrated safe,hybrid-session-002,qa,211.75788110122085,2,risk_evidence_insufficient
kivi_4bit_residual64,13.0,0.1,False,False,online_qwen,False,,/DATACENTER3/zhenxiang.wang/work/TailGuardKV/.worktrees/baseline-smoke-final-aggregation/out/full_25session_baseline_9_14/full/policy_attempts/full40_20260916_h2o_static_safe/seed20260906/config.yaml,,,,,0.1,True,,0.05,,0,False,kivi_4bit_residual64,True,,balanced_two_gpu,1,persistent,29251.866195118055,21615,33120.1731772162,,,50.0,43.84228515625,5.149169921875,5.149169921875,2.250732421875,2051.1068599298596,unknown,True,,True,,False,,15238.6494140625,True,static_best,False,0.0,0.0,kivi_4bit_residual64,0.0,,risk_evidence_insufficient,0.0,static_best,0.0,,,,hybrid-session-003-turn-2,5.149169921875,2.8984375,5.149169921875,0.0,0.0,/DATACENTER3/zhenxiang.wang/work/TailGuardKV/.worktrees/baseline-smoke-final-aggregation/out/full_25session_baseline_9_14/full/policy_attempts/full40_20260916_h2o_static_safe/seed20260906,True,calibrated safe,hybrid-session-003,summary,185.07277802564204,2,risk_evidence_insufficient
kivi_4bit_residual64,13.0,0.1,False,False,online_qwen,False,,/DATACENTER3/zhenxiang.wang/work/TailGuardKV/.worktrees/baseline-smoke-final-aggregation/out/full_25session_baseline_9_14/full/policy_attempts/full40_20260916_h2o_static_safe/seed20260906/config.yaml,,,,,0.1,True,,0.05,,0,False,kivi_4bit_residual64,True,,balanced_two_gpu,1,persistent,29251.866195118055,21615,33120.1731772162,,,50.0,45.347900390625,4.771484375,4.771484375,1.505615234375,2074.5693990029395,unknown,True,,True,,False,,15217.580078125,True,static_best,False,0.03418803418803419,0.03418803418803419,kivi_4bit_residual64,0.03418803418803419,,risk_evidence_insufficient,0.0,static_best,0.0,,,,hybrid-session-004-turn-2,4.771484375,3.265869140625,4.771484375,0.0,0.3418803418803419,/DATACENTER3/zhenxiang.wang/work/TailGuardKV/.worktrees/baseline-smoke-final-aggregation/out/full_25session_baseline_9_14/full/policy_attempts/full40_20260916_h2o_static_safe/seed20260906,False,calibrated unsafe,hybrid-session-004,qa,193.87352117337286,2,risk_evidence_insufficient
kivi_4bit_residual64,13.0,0.1,False,False,online_qwen,False,,/DATACENTER3/zhenxiang.wang/work/TailGuardKV/.worktrees/baseline-smoke-final-aggregation/out/full_25session_baseline_9_14/full/policy_attempts/full40_20260916_h2o_static_safe/seed20260906/config.yaml,,,,,0.1,True,,0.05,,0,False,kivi_4bit_residual64,True,,balanced_two_gpu,1,persistent,29251.866195118055,21615,33120.1731772162,,,50.0,47.06884765625,4.520263671875,4.520263671875,1.720947265625,2059.3001879751682,unknown,True,,True,,False,,15228.064453125,True,static_best,False,0.0,0.0,kivi_4bit_residual64,0.0,,risk_evidence_insufficient,0.0,static_best,0.0,,,,hybrid-session-005-turn-2,4.520263671875,2.79931640625,4.520263671875,0.0,0.0,/DATACENTER3/zhenxiang.wang/work/TailGuardKV/.worktrees/baseline-smoke-final-aggregation/out/full_25session_baseline_9_14/full/policy_attempts/full40_20260916_h2o_static_safe/seed20260906,True,calibrated safe,hybrid-session-005,summary,194.28886682726443,2,risk_evidence_insufficient
kivi_4bit_residual64,13.0,0.1,False,False,online_qwen,False,,/DATACENTER3/zhenxiang.wang/work/TailGuardKV/.worktrees/baseline-smoke-final-aggregation/out/full_25session_baseline_9_14/full/policy_attempts/full40_20260916_h2o_static_safe/seed20260906/config.yaml,,,,,0.1,True,,0.05,,0,False,kivi_4bit_residual64,True,,balanced_two_gpu,1,persistent,29251.866195118055,21615,33120.1731772162,,,50.0,49.68701171875,6.0634765625,6.0634765625,2.6181640625,2040.2882311027497,unknown,True,,True,,False,,15265.92138671875,True,static_best,False,0.03418803418803419,0.03418803418803419,kivi_4bit_residual64,0.03418803418803419,,risk_evidence_insufficient,0.0,static_best,0.0,,,,hybrid-session-006-turn-2,6.0634765625,3.4453125,6.0634765625,0.0,0.3418803418803419,/DATACENTER3/zhenxiang.wang/work/TailGuardKV/.worktrees/baseline-smoke-final-aggregation/out/full_25session_baseline_9_14/full/policy_attempts/full40_20260916_h2o_static_safe/seed20260906,False,calibrated unsafe,hybrid-session-006,qa,196.25972397625446,2,risk_evidence_insufficient
kivi_4bit_residual64,13.0,0.1,False,True,online_qwen,True,,/DATACENTER3/zhenxiang.wang/work/TailGuardKV/.worktrees/baseline-smoke-final-aggregation/out/full_25session_baseline_9_14/full/policy_attempts/full40_20260916_h2o_static_safe/seed20260906/config.yaml,,,,,0.1,True,,0.05,,3.171875,False,kivi_4bit_residual64,True,,balanced_two_gpu,1,persistent,29251.866195118055,21615,33120.1731772162,,,50.0,48.130126953125,5.005615234375,5.005615234375,1.614990234375,2024.9814009293914,unknown,True,,True,,False,,15225.28515625,True,static_best,False,0.0,0.0,kivi_4bit_residual64,0.0,,risk_evidence_insufficient,0.0,static_best,0.0,,,,hybrid-session-009-turn-2,5.005615234375,3.390625,5.005615234375,0.0,0.0,/DATACENTER3/zhenxiang.wang/work/TailGuardKV/.worktrees/baseline-smoke-final-aggregation/out/full_25session_baseline_9_14/full/policy_attempts/full40_20260916_h2o_static_safe/seed20260906,True,calibrated safe,hybrid-session-009,summary,165.05296202376485,2,risk_evidence_insufficient
kivi_4bit_residual64,13.0,0.1,False,True,online_qwen,True,,/DATACENTER3/zhenxiang.wang/work/TailGuardKV/.worktrees/baseline-smoke-final-aggregation/out/full_25session_baseline_9_14/full/policy_attempts/full40_20260916_h2o_static_safe/seed20260906/config.yaml,,,,,0.1,True,,0.05,,5.918212890625,False,kivi_4bit_residual64,True,,balanced_two_gpu,1,persistent,29251.866195118055,21615,33120.1731772162,,,50.0,47.791748046875,5.579833984375,5.579833984375,5.579833984375,2061.0815631225705,unknown,True,,True,,False,,15341.66259765625,True,static_best,False,0.0,0.0,kivi_4bit_residual64,0.0,,risk_evidence_insufficient,0.0,static_best,208.0044229514897,,,,hybrid-session-010-turn-2,5.579833984375,0.0,5.579833984375,0.0,0.0,/DATACENTER3/zhenxiang.wang/work/TailGuardKV/.worktrees/baseline-smoke-final-aggregation/out/full_25session_baseline_9_14/full/policy_attempts/full40_20260916_h2o_static_safe/seed20260906,True,calibrated safe,hybrid-session-010,qa,208.70125200599432,2,risk_evidence_insufficient
kivi_4bit_residual64,13.0,0.1,True,False,online_qwen,False,,/DATACENTER3/zhenxiang.wang/work/TailGuardKV/.worktrees/baseline-smoke-final-aggregation/out/full_25session_baseline_9_14/full/policy_attempts/full40_20260916_h2o_static_safe/seed20260906/config.yaml,,,,,0.1,True,,0.05,"OutOfMemoryError: CUDA out of memory. Tried to allocate 98.00 MiB. GPU 0 has a total capacity of 10.75 GiB of which 23.62 MiB is free. Including non-PyTorch memory, this process has 7.82 GiB memory in use. Process 23678 has 2.90 GiB memory in use. Of the allocated memory 6.91 GiB is allocated by PyTorch, and 116.56 MiB is reserved by PyTorch but unallocated. If reserved but unallocated memory is large try setting PYTORCH_CUDA_ALLOC_CONF=expandable_segments:True to avoid fragmentation.  See documentation for Memory Management  (https://pytorch.org/docs/stable/notes/cuda.html#environment-variables)",47.791748046875,False,kivi_4bit_residual64,True,,balanced_two_gpu,1,persistent,29251.866195118055,21615,33120.1731772162,true,,50.0,0.0,,,,,unknown,False,,False,,False,,,True,static_best,False,0.0,0.0,kivi_4bit_residual64,0.0,,risk_evidence_insufficient,0.0,static_best,0.0,,,,hybrid-session-013-turn-2,0.0,0.0,,0.0,0.0,/DATACENTER3/zhenxiang.wang/work/TailGuardKV/.worktrees/baseline-smoke-final-aggregation/out/full_25session_baseline_9_14/full/policy_attempts/full40_20260916_h2o_static_safe/seed20260906,True,calibrated safe,hybrid-session-013,summary,,2,risk_evidence_insufficient
kivi_4bit_residual64,13.0,0.1,False,False,online_qwen,False,,/DATACENTER3/zhenxiang.wang/work/TailGuardKV/.worktrees/baseline-smoke-final-aggregation/out/full_25session_baseline_9_14/full/policy_attempts/full40_20260916_h2o_static_safe/seed20260906/config.yaml,,,,,0.1,True,,0.05,,0,False,kivi_4bit_residual64,True,,balanced_two_gpu,1,persistent,29251.866195118055,21615,33120.1731772162,,,50.0,4.69970703125,4.69970703125,4.69970703125,4.69970703125,43519.743721961975,unknown,True,,True,,False,,15307.64306640625,True,static_best,False,0.0,0.0,kivi_4bit_residual64,0.0,,risk_evidence_insufficient,0.0,static_best,42226.169687958434,,,,hybrid-session-016-turn-2,4.69970703125,0.0,4.69970703125,0.0,0.0,/DATACENTER3/zhenxiang.wang/work/TailGuardKV/.worktrees/baseline-smoke-final-aggregation/out/full_25session_baseline_9_14/full/policy_attempts/full40_20260916_h2o_static_safe/seed20260906,True,calibrated safe,hybrid-session-016,qa,42227.09110591747,2,risk_evidence_insufficient
kivi_4bit_residual64,13.0,0.1,True,False,online_qwen,False,,/DATACENTER3/zhenxiang.wang/work/TailGuardKV/.worktrees/baseline-smoke-final-aggregation/out/full_25session_baseline_9_14/full/policy_attempts/full40_20260916_h2o_static_safe/seed20260906/config.yaml,,,,,0.1,True,,0.05,,0,False,kivi_4bit_residual64,True,,balanced_two_gpu,1,persistent,29251.866195118055,21615,33120.1731772162,,,50.0,9.435302734375,4.735595703125,4.735595703125,4.735595703125,2149.97324696742,unknown,True,,True,,False,,15313.55322265625,True,static_best,False,0.03418803418803419,0.03418803418803419,kivi_4bit_residual64,0.03418803418803419,,risk_evidence_insufficient,0.0,static_best,219.07785907387733,,,,hybrid-session-020-turn-2,4.735595703125,0.0,4.735595703125,0.0,0.3418803418803419,/DATACENTER3/zhenxiang.wang/work/TailGuardKV/.worktrees/baseline-smoke-final-aggregation/out/full_25session_baseline_9_14/full/policy_attempts/full40_20260916_h2o_static_safe/seed20260906,False,calibrated unsafe,hybrid-session-020,qa,219.9794240295887,2,risk_evidence_insufficient
kivi_4bit_residual64,13.0,0.1,False,False,online_qwen,False,,/DATACENTER3/zhenxiang.wang/work/TailGuardKV/.worktrees/baseline-smoke-final-aggregation/out/full_25session_baseline_9_14/full/policy_attempts/full40_20260916_h2o_static_safe/seed20260906/config.yaml,,,,,0.1,True,,0.05,,0,False,kivi_4bit_residual64,True,,balanced_two_gpu,1,persistent,29251.866195118055,21615,33120.1731772162,,,50.0,14.52978515625,5.094482421875,5.094482421875,5.094482421875,2088.395392987877,unknown,True,,True,,False,,15331.34814453125,True,static_best,False,0.0,0.0,kivi_4bit_residual64,0.0,,risk_evidence_insufficient,0.0,static_best,229.06093089841306,,,,hybrid-session-021-turn-2,5.094482421875,0.0,5.094482421875,0.0,0.0,/DATACENTER3/zhenxiang.wang/work/TailGuardKV/.worktrees/baseline-smoke-final-aggregation/out/full_25session_baseline_9_14/full/policy_attempts/full40_20260916_h2o_static_safe/seed20260906,True,calibrated safe,hybrid-session-021,summary,229.813331970945,2,risk_evidence_insufficient
kivi_4bit_residual64,13.0,0.1,False,False,online_qwen,False,,/DATACENTER3/zhenxiang.wang/work/TailGuardKV/.worktrees/baseline-smoke-final-aggregation/out/full_25session_baseline_9_14/full/policy_attempts/full40_20260916_h2o_static_safe/seed20260906/config.yaml,,,,,0.1,True,,0.05,,0,False,kivi_4bit_residual64,True,,balanced_two_gpu,1,persistent,29251.866195118055,21615,33120.1731772162,,,50.0,19.966064453125,5.436279296875,5.436279296875,5.436279296875,2074.260739143938,unknown,True,,True,,False,,15301.99658203125,True,static_best,False,0.0,0.0,kivi_4bit_residual64,0.0,,risk_evidence_insufficient,0.0,static_best,207.857248140499,,,,hybrid-session-025-turn-2,5.436279296875,0.0,5.436279296875,0.0,0.0,/DATACENTER3/zhenxiang.wang/work/TailGuardKV/.worktrees/baseline-smoke-final-aggregation/out/full_25session_baseline_9_14/full/policy_attempts/full40_20260916_h2o_static_safe/seed20260906,True,calibrated safe,hybrid-session-025,summary,208.59474106691778,2,risk_evidence_insufficient
kivi_4bit_residual64,13.0,0.1,False,False,online_qwen,False,,/DATACENTER3/zhenxiang.wang/work/TailGuardKV/.worktrees/baseline-smoke-final-aggregation/out/full_25session_baseline_9_14/full/policy_attempts/full40_20260916_h2o_static_safe/seed20260906/config.yaml,,,,,0.1,True,,0.05,,0,False,kivi_4bit_residual64,True,,balanced_two_gpu,1,persistent,29251.866195118055,21615,33120.1731772162,,,50.0,25.168212890625,5.2021484375,5.2021484375,5.2021484375,2088.0399679299444,unknown,True,,True,,False,,15346.38427734375,True,static_best,False,0.03418803418803419,0.03418803418803419,kivi_4bit_residual64,0.03418803418803419,,risk_evidence_insufficient,0.0,static_best,224.7480540536344,,,,hybrid-session-026-turn-2,5.2021484375,0.0,5.2021484375,0.0,0.3418803418803419,/DATACENTER3/zhenxiang.wang/work/TailGuardKV/.worktrees/baseline-smoke-final-aggregation/out/full_25session_baseline_9_14/full/policy_attempts/full40_20260916_h2o_static_safe/seed20260906,False,calibrated unsafe,hybrid-session-026,qa,225.44831689447165,2,risk_evidence_insufficient
kivi_4bit_residual64,13.0,0.1,False,False,online_qwen,False,,/DATACENTER3/zhenxiang.wang/work/TailGuardKV/.worktrees/baseline-smoke-final-aggregation/out/full_25session_baseline_9_14/full/policy_attempts/full40_20260916_h2o_static_safe/seed20260906/config.yaml,,,,,0.1,True,,0.05,,0,False,kivi_4bit_residual64,True,,balanced_two_gpu,1,persistent,29251.866195118055,21615,33120.1731772162,,,50.0,31.62646484375,6.458251953125,6.458251953125,6.458251953125,2118.0828190408647,unknown,True,,True,,False,,15404.61376953125,True,static_best,False,0.0,0.0,kivi_4bit_residual64,0.0,,risk_evidence_insufficient,0.0,static_best,243.07047598995268,,,,hybrid-session-002-turn-3,6.458251953125,0.0,6.458251953125,0.0,0.0,/DATACENTER3/zhenxiang.wang/work/TailGuardKV/.worktrees/baseline-smoke-final-aggregation/out/full_25session_baseline_9_14/full/policy_attempts/full40_20260916_h2o_static_safe/seed20260906,True,calibrated safe,hybrid-session-002,qa,243.775021051988,3,risk_evidence_insufficient
kivi_4bit_residual64,13.0,0.1,False,False,online_qwen,False,,/DATACENTER3/zhenxiang.wang/work/TailGuardKV/.worktrees/baseline-smoke-final-aggregation/out/full_25session_baseline_9_14/full/policy_attempts/full40_20260916_h2o_static_safe/seed20260906/config.yaml,,,,,0.1,True,,0.05,,0,False,kivi_4bit_residual64,True,,balanced_two_gpu,1,persistent,29251.866195118055,21615,33120.1731772162,,,50.0,37.366943359375,5.740478515625,5.740478515625,5.740478515625,2096.3548419531435,unknown,True,,True,,False,,15380.37939453125,True,static_best,False,0.0,0.0,kivi_4bit_residual64,0.0,,risk_evidence_insufficient,0.0,static_best,245.19994715228677,,,,hybrid-session-003-turn-3,5.740478515625,0.0,5.740478515625,0.0,0.0,/DATACENTER3/zhenxiang.wang/work/TailGuardKV/.worktrees/baseline-smoke-final-aggregation/out/full_25session_baseline_9_14/full/policy_attempts/full40_20260916_h2o_static_safe/seed20260906,True,calibrated safe,hybrid-session-003,summary,245.89369888417423,3,risk_evidence_insufficient
kivi_4bit_residual64,13.0,0.1,False,False,online_qwen,False,,/DATACENTER3/zhenxiang.wang/work/TailGuardKV/.worktrees/baseline-smoke-final-aggregation/out/full_25session_baseline_9_14/full/policy_attempts/full40_20260916_h2o_static_safe/seed20260906/config.yaml,,,,,0.1,True,,0.05,,0,False,kivi_4bit_residual64,True,,balanced_two_gpu,1,persistent,29251.866195118055,21615,33120.1731772162,,,50.0,43.46630859375,6.099365234375,6.099365234375,6.099365234375,2096.517215948552,unknown,True,,True,,False,,15401.99267578125,True,static_best,False,0.03418803418803419,0.03418803418803419,kivi_4bit_residual64,0.03418803418803419,,risk_evidence_insufficient,0.0,static_best,241.5696531534195,,,,hybrid-session-004-turn-3,6.099365234375,0.0,6.099365234375,0.0,0.3418803418803419,/DATACENTER3/zhenxiang.wang/work/TailGuardKV/.worktrees/baseline-smoke-final-aggregation/out/full_25session_baseline_9_14/full/policy_attempts/full40_20260916_h2o_static_safe/seed20260906,False,calibrated unsafe,hybrid-session-004,qa,242.22018686123192,3,risk_evidence_insufficient
kivi_4bit_residual64,13.0,0.1,False,False,online_qwen,False,,/DATACENTER3/zhenxiang.wang/work/TailGuardKV/.worktrees/baseline-smoke-final-aggregation/out/full_25session_baseline_9_14/full/policy_attempts/full40_20260916_h2o_static_safe/seed20260906/config.yaml,,,,,0.1,True,,0.05,,0,False,kivi_4bit_residual64,True,,balanced_two_gpu,1,persistent,29251.866195118055,21615,33120.1731772162,,,50.0,49.278564453125,5.812255859375,5.812255859375,5.812255859375,2091.1818109452724,unknown,True,,True,,False,,15395.22900390625,True,static_best,False,0.0,0.0,kivi_4bit_residual64,0.0,,risk_evidence_insufficient,0.0,static_best,238.63190808333457,,,,hybrid-session-005-turn-3,5.812255859375,0.0,5.812255859375,0.0,0.0,/DATACENTER3/zhenxiang.wang/work/TailGuardKV/.worktrees/baseline-smoke-final-aggregation/out/full_25session_baseline_9_14/full/policy_attempts/full40_20260916_h2o_static_safe/seed20260906,True,calibrated safe,hybrid-session-005,summary,239.3056619912386,3,risk_evidence_insufficient
kivi_4bit_residual64,13.0,0.1,False,True,online_qwen,True,,/DATACENTER3/zhenxiang.wang/work/TailGuardKV/.worktrees/baseline-smoke-final-aggregation/out/full_25session_baseline_9_14/full/policy_attempts/full40_20260916_h2o_static_safe/seed20260906/config.yaml,,,,,0.1,True,,0.05,,9.435302734375,False,kivi_4bit_residual64,True,,balanced_two_gpu,1,persistent,29251.866195118055,21615,33120.1731772162,,,50.0,46.533935546875,6.690673828125,6.690673828125,6.690673828125,2163.073498988524,unknown,True,,True,,False,,15487.4912109375,True,static_best,False,0.0,0.0,kivi_4bit_residual64,0.0,,risk_evidence_insufficient,0.0,static_best,302.99761495552957,,,,hybrid-session-006-turn-3,6.690673828125,0.0,6.690673828125,0.0,0.0,/DATACENTER3/zhenxiang.wang/work/TailGuardKV/.worktrees/baseline-smoke-final-aggregation/out/full_25session_baseline_9_14/full/policy_attempts/full40_20260916_h2o_static_safe/seed20260906,True,calibrated safe,hybrid-session-006,qa,303.6909617949277,3,risk_evidence_insufficient
kivi_4bit_residual64,13.0,0.1,False,True,online_qwen,True,,/DATACENTER3/zhenxiang.wang/work/TailGuardKV/.worktrees/baseline-smoke-final-aggregation/out/full_25session_baseline_9_14/full/policy_attempts/full40_20260916_h2o_static_safe/seed20260906/config.yaml,,,,,0.1,True,,0.05,,5.094482421875,False,kivi_4bit_residual64,True,,balanced_two_gpu,1,persistent,29251.866195118055,21615,33120.1731772162,,,50.0,47.036376953125,5.596923828125,5.596923828125,5.596923828125,2107.054380932823,unknown,True,,True,,False,,15389.36962890625,True,static_best,False,0.0,0.0,kivi_4bit_residual64,0.0,,risk_evidence_insufficient,0.0,static_best,225.85446992889047,,,,hybrid-session-009-turn-3,5.596923828125,0.0,5.596923828125,0.0,0.0,/DATACENTER3/zhenxiang.wang/work/TailGuardKV/.worktrees/baseline-smoke-final-aggregation/out/full_25session_baseline_9_14/full/policy_attempts/full40_20260916_h2o_static_safe/seed20260906,True,calibrated safe,hybrid-session-009,summary,226.50082292966545,3,risk_evidence_insufficient
kivi_4bit_residual64,13.0,0.1,False,True,online_qwen,True,,/DATACENTER3/zhenxiang.wang/work/TailGuardKV/.worktrees/baseline-smoke-final-aggregation/out/full_25session_baseline_9_14/full/policy_attempts/full40_20260916_h2o_static_safe/seed20260906/config.yaml,,,,,0.1,True,,0.05,,5.436279296875,False,kivi_4bit_residual64,True,,balanced_two_gpu,1,persistent,29251.866195118055,21615,33120.1731772162,,,50.0,47.66357421875,6.0634765625,6.0634765625,6.0634765625,2090.3349961154163,unknown,True,,True,,False,,15410.16162109375,True,static_best,False,0.0,0.0,kivi_4bit_residual64,0.0,,risk_evidence_insufficient,0.0,static_best,239.4167841412127,,,,hybrid-session-010-turn-3,6.0634765625,0.0,6.0634765625,0.0,0.0,/DATACENTER3/zhenxiang.wang/work/TailGuardKV/.worktrees/baseline-smoke-final-aggregation/out/full_25session_baseline_9_14/full/policy_attempts/full40_20260916_h2o_static_safe/seed20260906,True,calibrated safe,hybrid-session-010,qa,240.08330912329257,3,risk_evidence_insufficient
kivi_4bit_residual64,13.0,0.1,False,True,online_qwen,True,,/DATACENTER3/zhenxiang.wang/work/TailGuardKV/.worktrees/baseline-smoke-final-aggregation/out/full_25session_baseline_9_14/full/policy_attempts/full40_20260916_h2o_static_safe/seed20260906/config.yaml,,,,,0.1,True,,0.05,,5.2021484375,False,kivi_4bit_residual64,True,,balanced_two_gpu,1,persistent,29251.866195118055,21615,33120.1731772162,,,50.0,46.301513671875,3.840087890625,3.840087890625,3.840087890625,2006.6571179777384,unknown,True,,True,,False,,15220.86962890625,True,static_best,False,0.0,0.0,kivi_4bit_residual64,0.0,,risk_evidence_insufficient,0.0,static_best,173.3737289905548,,,,hybrid-session-013-turn-3,3.840087890625,0.0,3.840087890625,0.0,0.0,/DATACENTER3/zhenxiang.wang/work/TailGuardKV/.worktrees/baseline-smoke-final-aggregation/out/full_25session_baseline_9_14/full/policy_attempts/full40_20260916_h2o_static_safe/seed20260906,True,calibrated safe,hybrid-session-013,summary,174.0234661847353,3,risk_evidence_insufficient
kivi_4bit_residual64,13.0,0.1,False,True,online_qwen,True,,/DATACENTER3/zhenxiang.wang/work/TailGuardKV/.worktrees/baseline-smoke-final-aggregation/out/full_25session_baseline_9_14/full/policy_attempts/full40_20260916_h2o_static_safe/seed20260906/config.yaml,,,,,0.1,True,,0.05,,6.458251953125,False,kivi_4bit_residual64,True,,balanced_two_gpu,1,persistent,29251.866195118055,21615,33120.1731772162,,,50.0,46.229736328125,6.386474609375,6.386474609375,6.386474609375,2633.1901501398534,unknown,True,,True,,False,,15423.95947265625,True,static_best,False,0.0,0.0,kivi_4bit_residual64,0.0,,risk_evidence_insufficient,0.0,static_best,263.74845299869776,,,,hybrid-session-016-turn-3,6.386474609375,0.0,6.386474609375,0.0,0.0,/DATACENTER3/zhenxiang.wang/work/TailGuardKV/.worktrees/baseline-smoke-final-aggregation/out/full_25session_baseline_9_14/full/policy_attempts/full40_20260916_h2o_static_safe/seed20260906,True,calibrated safe,hybrid-session-016,qa,264.5392359700054,3,risk_evidence_insufficient
kivi_4bit_residual64,13.0,0.1,False,True,online_qwen,True,,/DATACENTER3/zhenxiang.wang/work/TailGuardKV/.worktrees/baseline-smoke-final-aggregation/out/full_25session_baseline_9_14/full/policy_attempts/full40_20260916_h2o_static_safe/seed20260906/config.yaml,,,,,0.1,True,,0.05,,5.740478515625,False,kivi_4bit_residual64,True,,balanced_two_gpu,1,persistent,29251.866195118055,21615,33120.1731772162,,,50.0,46.875732421875,6.386474609375,6.386474609375,6.386474609375,2264.3601009622216,unknown,True,,True,,False,,15423.89111328125,True,static_best,False,0.0,0.0,kivi_4bit_residual64,0.0,,risk_evidence_insufficient,0.0,static_best,258.9860879816115,,,,hybrid-session-020-turn-3,6.386474609375,0.0,6.386474609375,0.0,0.0,/DATACENTER3/zhenxiang.wang/work/TailGuardKV/.worktrees/baseline-smoke-final-aggregation/out/full_25session_baseline_9_14/full/policy_attempts/full40_20260916_h2o_static_safe/seed20260906,True,calibrated safe,hybrid-session-020,qa,259.7236060537398,3,risk_evidence_insufficient
kivi_4bit_residual64,13.0,0.1,False,True,online_qwen,True,,/DATACENTER3/zhenxiang.wang/work/TailGuardKV/.worktrees/baseline-smoke-final-aggregation/out/full_25session_baseline_9_14/full/policy_attempts/full40_20260916_h2o_static_safe/seed20260906/config.yaml,,,,,0.1,True,,0.05,,6.099365234375,False,kivi_4bit_residual64,True,,balanced_two_gpu,1,persistent,29251.866195118055,21615,33120.1731772162,,,50.0,47.521728515625,6.745361328125,6.745361328125,6.745361328125,2093.689023051411,unknown,True,,True,,False,,15440.17822265625,True,static_best,False,0.0,0.0,kivi_4bit_residual64,0.0,,risk_evidence_insufficient,0.0,static_best,248.02630697377026,,,,hybrid-session-021-turn-3,6.745361328125,0.0,6.745361328125,0.0,0.0,/DATACENTER3/zhenxiang.wang/work/TailGuardKV/.worktrees/baseline-smoke-final-aggregation/out/full_25session_baseline_9_14/full/policy_attempts/full40_20260916_h2o_static_safe/seed20260906,True,calibrated safe,hybrid-session-021,summary,248.68463608436286,3,risk_evidence_insufficient
kivi_4bit_residual64,13.0,0.1,False,True,online_qwen,True,,/DATACENTER3/zhenxiang.wang/work/TailGuardKV/.worktrees/baseline-smoke-final-aggregation/out/full_25session_baseline_9_14/full/policy_attempts/full40_20260916_h2o_static_safe/seed20260906/config.yaml,,,,,0.1,True,,0.05,,5.812255859375,False,kivi_4bit_residual64,True,,balanced_two_gpu,1,persistent,29251.866195118055,21615,33120.1731772162,,,50.0,47.5576171875,5.84814453125,5.84814453125,5.84814453125,2102.6287130080163,unknown,True,,True,,False,,15400.72021484375,True,static_best,False,0.0,0.0,kivi_4bit_residual64,0.0,,risk_evidence_insufficient,0.0,static_best,241.0846878774464,,,,hybrid-session-025-turn-3,5.84814453125,0.0,5.84814453125,0.0,0.0,/DATACENTER3/zhenxiang.wang/work/TailGuardKV/.worktrees/baseline-smoke-final-aggregation/out/full_25session_baseline_9_14/full/policy_attempts/full40_20260916_h2o_static_safe/seed20260906,True,calibrated safe,hybrid-session-025,summary,241.70521995984018,3,risk_evidence_insufficient
kivi_4bit_residual64,13.0,0.1,False,True,online_qwen,True,,/DATACENTER3/zhenxiang.wang/work/TailGuardKV/.worktrees/baseline-smoke-final-aggregation/out/full_25session_baseline_9_14/full/policy_attempts/full40_20260916_h2o_static_safe/seed20260906/config.yaml,,,,,0.1,True,,0.05,,6.690673828125,False,kivi_4bit_residual64,True,,balanced_two_gpu,1,persistent,29251.866195118055,21615,33120.1731772162,,,50.0,46.552734375,5.685791015625,5.685791015625,5.685791015625,2136.694780085236,unknown,True,,True,,False,,15445.77001953125,True,static_best,False,0.03418803418803419,0.03418803418803419,kivi_4bit_residual64,0.03418803418803419,,risk_evidence_insufficient,0.0,static_best,242.86377103999257,,,,hybrid-session-026-turn-3,5.685791015625,0.0,5.685791015625,0.0,0.3418803418803419,/DATACENTER3/zhenxiang.wang/work/TailGuardKV/.worktrees/baseline-smoke-final-aggregation/out/full_25session_baseline_9_14/full/policy_attempts/full40_20260916_h2o_static_safe/seed20260906,False,calibrated unsafe,hybrid-session-026,qa,243.51885518990457,3,risk_evidence_insufficient
kivi_4bit_residual64,13.0,0.1,False,True,online_qwen,True,,/DATACENTER3/zhenxiang.wang/work/TailGuardKV/.worktrees/baseline-smoke-final-aggregation/out/full_25session_baseline_9_14/full/policy_attempts/full40_20260916_h2o_static_safe/seed20260906/config.yaml,,,,,0.1,True,,0.05,,5.596923828125,False,kivi_4bit_residual64,True,,balanced_two_gpu,1,persistent,29251.866195118055,21615,33120.1731772162,,,50.0,47.71826171875,6.762451171875,6.762451171875,6.762451171875,2193.79031797871,unknown,True,,True,,False,,15487.7783203125,True,static_best,False,0.0,0.0,kivi_4bit_residual64,0.0,,risk_evidence_insufficient,0.0,static_best,290.7524979673326,,,,hybrid-session-002-turn-4,6.762451171875,0.0,6.762451171875,0.0,0.0,/DATACENTER3/zhenxiang.wang/work/TailGuardKV/.worktrees/baseline-smoke-final-aggregation/out/full_25session_baseline_9_14/full/policy_attempts/full40_20260916_h2o_static_safe/seed20260906,True,calibrated safe,hybrid-session-002,qa,291.43096203915775,4,risk_evidence_insufficient
kivi_4bit_residual64,13.0,0.1,False,True,online_qwen,True,,/DATACENTER3/zhenxiang.wang/work/TailGuardKV/.worktrees/baseline-smoke-final-aggregation/out/full_25session_baseline_9_14/full/policy_attempts/full40_20260916_h2o_static_safe/seed20260906/config.yaml,,,,,0.1,True,,0.05,,6.0634765625,False,kivi_4bit_residual64,True,,balanced_two_gpu,1,persistent,29251.866195118055,21615,33120.1731772162,,,50.0,47.699462890625,6.044677734375,6.044677734375,6.044677734375,2150.9411009028554,unknown,True,,True,,False,,15461.54736328125,True,static_best,False,0.0,0.0,kivi_4bit_residual64,0.0,,risk_evidence_insufficient,0.0,static_best,246.02151894941926,,,,hybrid-session-003-turn-4,6.044677734375,0.0,6.044677734375,0.0,0.0,/DATACENTER3/zhenxiang.wang/work/TailGuardKV/.worktrees/baseline-smoke-final-aggregation/out/full_25session_baseline_9_14/full/policy_attempts/full40_20260916_h2o_static_safe/seed20260906,True,calibrated safe,hybrid-session-003,summary,246.71365995891392,4,risk_evidence_insufficient
kivi_4bit_residual64,13.0,0.1,False,True,online_qwen,True,,/DATACENTER3/zhenxiang.wang/work/TailGuardKV/.worktrees/baseline-smoke-final-aggregation/out/full_25session_baseline_9_14/full/policy_attempts/full40_20260916_h2o_static_safe/seed20260906/config.yaml,,,,,0.1,True,,0.05,,10.2265625,False,kivi_4bit_residual64,True,,balanced_two_gpu,1,persistent,29251.866195118055,21615,33120.1731772162,,,50.0,43.87646484375,6.403564453125,6.403564453125,6.403564453125,2174.715236062184,unknown,True,,True,,False,,15475.2724609375,True,static_best,False,0.0,0.0,kivi_4bit_residual64,0.0,,risk_evidence_insufficient,0.0,static_best,291.7411650996655,,,,hybrid-session-004-turn-4,6.403564453125,0.0,6.403564453125,0.0,0.0,/DATACENTER3/zhenxiang.wang/work/TailGuardKV/.worktrees/baseline-smoke-final-aggregation/out/full_25session_baseline_9_14/full/policy_attempts/full40_20260916_h2o_static_safe/seed20260906,True,calibrated safe,hybrid-session-004,qa,292.41718095727265,4,risk_evidence_insufficient
kivi_4bit_residual64,13.0,0.1,False,False,online_qwen,False,,/DATACENTER3/zhenxiang.wang/work/TailGuardKV/.worktrees/baseline-smoke-final-aggregation/out/full_25session_baseline_9_14/full/policy_attempts/full40_20260916_h2o_static_safe/seed20260906/config.yaml,,,,,0.1,True,,0.05,,0,False,kivi_4bit_residual64,True,,balanced_two_gpu,1,persistent,29251.866195118055,21615,33120.1731772162,,,50.0,49.95703125,6.08056640625,6.08056640625,6.08056640625,2600.454199127853,unknown,True,,True,,False,,15457.70849609375,True,static_best,False,0.0,0.0,kivi_4bit_residual64,0.0,,risk_evidence_insufficient,0.0,static_best,247.2775459755212,,,,hybrid-session-005-turn-4,6.08056640625,0.0,6.08056640625,0.0,0.0,/DATACENTER3/zhenxiang.wang/work/TailGuardKV/.worktrees/baseline-smoke-final-aggregation/out/full_25session_baseline_9_14/full/policy_attempts/full40_20260916_h2o_static_safe/seed20260906,True,calibrated safe,hybrid-session-005,summary,247.89665010757744,4,risk_evidence_insufficient
kivi_4bit_residual64,13.0,0.1,False,True,online_qwen,True,,/DATACENTER3/zhenxiang.wang/work/TailGuardKV/.worktrees/baseline-smoke-final-aggregation/out/full_25session_baseline_9_14/full/policy_attempts/full40_20260916_h2o_static_safe/seed20260906/config.yaml,,,,,0.1,True,,0.05,,13.1318359375,False,kivi_4bit_residual64,True,,balanced_two_gpu,1,persistent,29251.866195118055,21615,33120.1731772162,,,50.0,43.820068359375,6.994873046875,6.994873046875,6.994873046875,2707.0375769399107,unknown,True,,True,,False,,15550.0966796875,True,static_best,False,0.0,0.0,kivi_4bit_residual64,0.0,,risk_evidence_insufficient,0.0,static_best,317.9224329069257,,,,hybrid-session-006-turn-4,6.994873046875,0.0,6.994873046875,0.0,0.0,/DATACENTER3/zhenxiang.wang/work/TailGuardKV/.worktrees/baseline-smoke-final-aggregation/out/full_25session_baseline_9_14/full/policy_attempts/full40_20260916_h2o_static_safe/seed20260906,True,calibrated safe,hybrid-session-006,qa,318.7105960678309,4,risk_evidence_insufficient
kivi_4bit_residual64,13.0,0.1,True,False,online_qwen,False,,/DATACENTER3/zhenxiang.wang/work/TailGuardKV/.worktrees/baseline-smoke-final-aggregation/out/full_25session_baseline_9_14/full/policy_attempts/full40_20260916_h2o_static_safe/seed20260906/config.yaml,,,,,0.1,True,,0.05,,0,False,kivi_4bit_residual64,True,,balanced_two_gpu,1,persistent,29251.866195118055,21615,33120.1731772162,,,50.0,49.72119140625,5.901123046875,5.901123046875,5.901123046875,2682.996047893539,unknown,True,,True,,False,,15451.99658203125,True,static_best,False,0.0,0.0,kivi_4bit_residual64,0.0,,risk_evidence_insufficient,0.0,static_best,267.99762691371143,,,,hybrid-session-009-turn-4,5.901123046875,0.0,5.901123046875,0.0,0.0,/DATACENTER3/zhenxiang.wang/work/TailGuardKV/.worktrees/baseline-smoke-final-aggregation/out/full_25session_baseline_9_14/full/policy_attempts/full40_20260916_h2o_static_safe/seed20260906,True,calibrated safe,hybrid-session-009,summary,268.7669009901583,4,risk_evidence_insufficient
kivi_4bit_residual64,13.0,0.1,False,True,online_qwen,True,,/DATACENTER3/zhenxiang.wang/work/TailGuardKV/.worktrees/baseline-smoke-final-aggregation/out/full_25session_baseline_9_14/full/policy_attempts/full40_20260916_h2o_static_safe/seed20260906/config.yaml,,,,,0.1,True,,0.05,,11.533935546875,False,kivi_4bit_residual64,True,,balanced_two_gpu,1,persistent,29251.866195118055,21615,33120.1731772162,,,50.0,44.554931640625,6.36767578125,6.36767578125,6.36767578125,2158.2972081378102,unknown,True,,True,,False,,15474.080078125,True,static_best,False,0.0,0.0,kivi_4bit_residual64,0.0,,risk_evidence_insufficient,0.0,static_best,310.7656540814787,,,,hybrid-session-010-turn-4,6.36767578125,0.0,6.36767578125,0.0,0.0,/DATACENTER3/zhenxiang.wang/work/TailGuardKV/.worktrees/baseline-smoke-final-aggregation/out/full_25session_baseline_9_14/full/policy_attempts/full40_20260916_h2o_static_safe/seed20260906,True,calibrated safe,hybrid-session-010,qa,311.53722503222525,4,risk_evidence_insufficient
kivi_4bit_residual64,13.0,0.1,True,False,online_qwen,False,,/DATACENTER3/zhenxiang.wang/work/TailGuardKV/.worktrees/baseline-smoke-final-aggregation/out/full_25session_baseline_9_14/full/policy_attempts/full40_20260916_h2o_static_safe/seed20260906/config.yaml,,,,,0.1,True,,0.05,"OutOfMemoryError: CUDA out of memory. Tried to allocate 20.00 MiB. GPU 0 has a total capacity of 10.75 GiB of which 19.62 MiB is free. Including non-PyTorch memory, this process has 7.83 GiB memory in use. Process 25743 has 2.90 GiB memory in use. Of the allocated memory 6.92 GiB is allocated by PyTorch, and 111.73 MiB is reserved by PyTorch but unallocated. If reserved but unallocated memory is large try setting PYTORCH_CUDA_ALLOC_CONF=expandable_segments:True to avoid fragmentation.  See documentation for Memory Management  (https://pytorch.org/docs/stable/notes/cuda.html#environment-variables)",44.554931640625,False,kivi_4bit_residual64,True,,balanced_two_gpu,1,persistent,29251.866195118055,21615,33120.1731772162,true,,50.0,0.0,,,,,unknown,False,,False,,False,,,True,static_best,False,0.0,0.0,kivi_4bit_residual64,0.0,,risk_evidence_insufficient,0.0,static_best,0.0,,,,hybrid-session-013-turn-4,0.0,0.0,,0.0,0.0,/DATACENTER3/zhenxiang.wang/work/TailGuardKV/.worktrees/baseline-smoke-final-aggregation/out/full_25session_baseline_9_14/full/policy_attempts/full40_20260916_h2o_static_safe/seed20260906,True,calibrated safe,hybrid-session-013,summary,,4,risk_evidence_insufficient
kivi_4bit_residual64,13.0,0.1,False,False,online_qwen,False,,/DATACENTER3/zhenxiang.wang/work/TailGuardKV/.worktrees/baseline-smoke-final-aggregation/out/full_25session_baseline_9_14/full/policy_attempts/full40_20260916_h2o_static_safe/seed20260906/config.yaml,,,,,0.1,True,,0.05,,0,False,kivi_4bit_residual64,True,,balanced_two_gpu,1,persistent,29251.866195118055,21615,33120.1731772162,,,50.0,6.690673828125,6.690673828125,6.690673828125,6.690673828125,44087.180101156235,unknown,True,,True,,False,,15438.0126953125,True,static_best,False,0.0,0.0,kivi_4bit_residual64,0.0,,risk_evidence_insufficient,0.0,static_best,42164.6403841041,,,,hybrid-session-016-turn-4,6.690673828125,0.0,6.690673828125,0.0,0.0,/DATACENTER3/zhenxiang.wang/work/TailGuardKV/.worktrees/baseline-smoke-final-aggregation/out/full_25session_baseline_9_14/full/policy_attempts/full40_20260916_h2o_static_safe/seed20260906,True,calibrated safe,hybrid-session-016,qa,42165.54024427384,4,risk_evidence_insufficient
kivi_4bit_residual64,13.0,0.1,False,False,online_qwen,False,,/DATACENTER3/zhenxiang.wang/work/TailGuardKV/.worktrees/baseline-smoke-final-aggregation/out/full_25session_baseline_9_14/full/policy_attempts/full40_20260916_h2o_static_safe/seed20260906/config.yaml,,,,,0.1,True,,0.05,,0,False,kivi_4bit_residual64,True,,balanced_two_gpu,1,persistent,29251.866195118055,21615,33120.1731772162,,,50.0,13.38134765625,6.690673828125,6.690673828125,6.690673828125,2209.749098867178,unknown,True,,True,,False,,15444.7119140625,True,static_best,False,0.0,0.0,kivi_4bit_residual64,0.0,,risk_evidence_insufficient,0.0,static_best,284.4073420856148,,,,hybrid-session-020-turn-4,6.690673828125,0.0,6.690673828125,0.0,0.0,/DATACENTER3/zhenxiang.wang/work/TailGuardKV/.worktrees/baseline-smoke-final-aggregation/out/full_25session_baseline_9_14/full/policy_attempts/full40_20260916_h2o_static_safe/seed20260906,True,calibrated safe,hybrid-session-020,qa,285.14249389991164,4,risk_evidence_insufficient
kivi_4bit_residual64,13.0,0.1,False,False,online_qwen,False,,/DATACENTER3/zhenxiang.wang/work/TailGuardKV/.worktrees/baseline-smoke-final-aggregation/out/full_25session_baseline_9_14/full/policy_attempts/full40_20260916_h2o_static_safe/seed20260906/config.yaml,,,,,0.1,True,,0.05,,0,False,kivi_4bit_residual64,True,,balanced_two_gpu,1,persistent,29251.866195118055,21615,33120.1731772162,,,50.0,20.430908203125,7.049560546875,7.049560546875,7.049560546875,2170.584320090711,unknown,True,,True,,False,,15466.6689453125,True,static_best,False,0.0,0.0,kivi_4bit_residual64,0.0,,risk_evidence_insufficient,0.0,static_best,291.5447079576552,,,,hybrid-session-021-turn-4,7.049560546875,0.0,7.049560546875,0.0,0.0,/DATACENTER3/zhenxiang.wang/work/TailGuardKV/.worktrees/baseline-smoke-final-aggregation/out/full_25session_baseline_9_14/full/policy_attempts/full40_20260916_h2o_static_safe/seed20260906,True,calibrated safe,hybrid-session-021,summary,292.25198389030993,4,risk_evidence_insufficient
kivi_4bit_residual64,13.0,0.1,False,False,online_qwen,False,,/DATACENTER3/zhenxiang.wang/work/TailGuardKV/.worktrees/baseline-smoke-final-aggregation/out/full_25session_baseline_9_14/full/policy_attempts/full40_20260916_h2o_static_safe/seed20260906/config.yaml,,,,,0.1,True,,0.05,,0,False,kivi_4bit_residual64,True,,balanced_two_gpu,1,persistent,29251.866195118055,21615,33120.1731772162,,,50.0,26.583251953125,6.15234375,6.15234375,6.15234375,2203.2356881536543,unknown,True,,True,,False,,15442.7470703125,True,static_best,False,0.0,0.0,kivi_4bit_residual64,0.0,,risk_evidence_insufficient,0.0,static_best,290.8785839099437,,,,hybrid-session-025-turn-4,6.15234375,0.0,6.15234375,0.0,0.0,/DATACENTER3/zhenxiang.wang/work/TailGuardKV/.worktrees/baseline-smoke-final-aggregation/out/full_25session_baseline_9_14/full/policy_attempts/full40_20260916_h2o_static_safe/seed20260906,True,calibrated safe,hybrid-session-025,summary,291.5625621099025,4,risk_evidence_insufficient
kivi_4bit_residual64,13.0,0.1,False,False,online_qwen,False,,/DATACENTER3/zhenxiang.wang/work/TailGuardKV/.worktrees/baseline-smoke-final-aggregation/out/full_25session_baseline_9_14/full/policy_attempts/full40_20260916_h2o_static_safe/seed20260906/config.yaml,,,,,0.1,True,,0.05,,0,False,kivi_4bit_residual64,True,,balanced_two_gpu,1,persistent,29251.866195118055,21615,33120.1731772162,,,50.0,33.7763671875,7.193115234375,7.193115234375,7.193115234375,2198.5441548749804,unknown,True,,True,,False,,15485.1865234375,True,static_best,False,0.03418803418803419,0.03418803418803419,kivi_4bit_residual64,0.03418803418803419,,risk_evidence_insufficient,0.0,static_best,296.94403521716595,,,,hybrid-session-026-turn-4,7.193115234375,0.0,7.193115234375,0.0,0.3418803418803419,/DATACENTER3/zhenxiang.wang/work/TailGuardKV/.worktrees/baseline-smoke-final-aggregation/out/full_25session_baseline_9_14/full/policy_attempts/full40_20260916_h2o_static_safe/seed20260906,False,calibrated unsafe,hybrid-session-026,qa,297.62070486322045,4,risk_evidence_insufficient
kivi_4bit_residual64,1.0,0.1,False,False,online_qwen,False,,/DATACENTER3/zhenxiang.wang/work/TailGuardKV/.worktrees/baseline-smoke-final-aggregation/out/full_25session_baseline_9_14/full/policy_attempts/full40_20260916_h2o_static_safe/seed20260906/config.yaml,,,,,0.1,True,,0.05,,0,False,kivi_4bit_residual64,True,,balanced_two_gpu,1,persistent,27482.959030894563,26954,31517.638318939134,,,50.0,2.078125,2.078125,2.078125,2.078125,5383.216817164794,unknown,True,,True,,False,,15070.54150390625,True,static_safe,False,0.0,0.0,kivi_4bit_residual64,0.0,,risk_evidence_insufficient,0.0,static_safe,0.0,,,,hybrid-session-002-turn-0,2.078125,0.0,2.078125,0.0,0.0,/DATACENTER3/zhenxiang.wang/work/TailGuardKV/.worktrees/baseline-smoke-final-aggregation/out/full_25session_baseline_9_14/full/policy_attempts/full40_20260916_h2o_static_safe/seed20260906,True,calibrated safe,hybrid-session-002,chat,3851.7215130850673,0,risk_evidence_insufficient
kivi_4bit_residual64,2.0,0.1,False,False,online_qwen,False,,/DATACENTER3/zhenxiang.wang/work/TailGuardKV/.worktrees/baseline-smoke-final-aggregation/out/full_25session_baseline_9_14/full/policy_attempts/full40_20260916_h2o_static_safe/seed20260906/config.yaml,,,,,0.1,True,,0.05,,0,False,kivi_4bit_residual64,True,,balanced_two_gpu,1,persistent,27482.959030894563,26954,31517.638318939134,,,50.0,3.5546875,1.4765625,1.4765625,1.4765625,1666.3986740168184,unknown,True,,True,,False,,15055.19384765625,True,static_safe,False,0.0,0.0,kivi_4bit_residual64,0.0,,risk_evidence_insufficient,0.0,static_safe,0.0,,,,hybrid-session-003-turn-0,1.4765625,0.0,1.4765625,0.0,0.0,/DATACENTER3/zhenxiang.wang/work/TailGuardKV/.worktrees/baseline-smoke-final-aggregation/out/full_25session_baseline_9_14/full/policy_attempts/full40_20260916_h2o_static_safe/seed20260906,True,calibrated safe,hybrid-session-003,chat,106.45615891553462,0,risk_evidence_insufficient
kivi_4bit_residual64,3.0,0.1,False,False,online_qwen,False,,/DATACENTER3/zhenxiang.wang/work/TailGuardKV/.worktrees/baseline-smoke-final-aggregation/out/full_25session_baseline_9_14/full/policy_attempts/full40_20260916_h2o_static_safe/seed20260906/config.yaml,,,,,0.1,True,,0.05,,0,False,kivi_4bit_residual64,True,,balanced_two_gpu,1,persistent,27482.959030894563,26954,31517.638318939134,,,50.0,5.3046875,1.75,1.75,1.75,1650.2288449555635,unknown,True,,True,,False,,15063.70947265625,True,static_safe,False,0.0,0.0,kivi_4bit_residual64,0.0,,risk_evidence_insufficient,0.0,static_safe,0.0,,,,hybrid-session-004-turn-0,1.75,0.0,1.75,0.0,0.0,/DATACENTER3/zhenxiang.wang/work/TailGuardKV/.worktrees/baseline-smoke-final-aggregation/out/full_25session_baseline_9_14/full/policy_attempts/full40_20260916_h2o_static_safe/seed20260906,True,calibrated safe,hybrid-session-004,chat,112.20466205850244,0,risk_evidence_insufficient
kivi_4bit_residual64,4.0,0.1,False,False,online_qwen,False,,/DATACENTER3/zhenxiang.wang/work/TailGuardKV/.worktrees/baseline-smoke-final-aggregation/out/full_25session_baseline_9_14/full/policy_attempts/full40_20260916_h2o_static_safe/seed20260906/config.yaml,,,,,0.1,True,,0.05,,0,False,kivi_4bit_residual64,True,,balanced_two_gpu,1,persistent,27482.959030894563,26954,31517.638318939134,,,50.0,7.21875,1.9140625,1.9140625,1.9140625,1668.6590749304742,unknown,True,,True,,False,,15070.26806640625,True,static_safe,False,0.0,0.0,kivi_4bit_residual64,0.0,,risk_evidence_insufficient,0.0,static_safe,0.0,,,,hybrid-session-005-turn-0,1.9140625,0.0,1.9140625,0.0,0.0,/DATACENTER3/zhenxiang.wang/work/TailGuardKV/.worktrees/baseline-smoke-final-aggregation/out/full_25session_baseline_9_14/full/policy_attempts/full40_20260916_h2o_static_safe/seed20260906,True,calibrated safe,hybrid-session-005,chat,121.32511800155044,0,risk_evidence_insufficient
kivi_4bit_residual64,5.0,0.1,False,False,online_qwen,False,,/DATACENTER3/zhenxiang.wang/work/TailGuardKV/.worktrees/baseline-smoke-final-aggregation/out/full_25session_baseline_9_14/full/policy_attempts/full40_20260916_h2o_static_safe/seed20260906/config.yaml,,,,,0.1,True,,0.05,,0,False,kivi_4bit_residual64,True,,balanced_two_gpu,1,persistent,27482.959030894563,26954,31517.638318939134,,,50.0,9.84375,2.625,2.625,2.625,1662.1901099570096,unknown,True,,True,,False,,15093.27587890625,True,static_safe,False,0.0,0.0,kivi_4bit_residual64,0.0,,risk_evidence_insufficient,0.0,static_safe,0.0,,,,hybrid-session-006-turn-0,2.625,0.0,2.625,0.0,0.0,/DATACENTER3/zhenxiang.wang/work/TailGuardKV/.worktrees/baseline-smoke-final-aggregation/out/full_25session_baseline_9_14/full/policy_attempts/full40_20260916_h2o_static_safe/seed20260906,True,calibrated safe,hybrid-session-006,chat,120.33178005367517,0,risk_evidence_insufficient
kivi_4bit_residual64,6.0,0.1,False,False,online_qwen,False,,/DATACENTER3/zhenxiang.wang/work/TailGuardKV/.worktrees/baseline-smoke-final-aggregation/out/full_25session_baseline_9_14/full/policy_attempts/full40_20260916_h2o_static_safe/seed20260906/config.yaml,,,,,0.1,True,,0.05,,0,False,kivi_4bit_residual64,True,,balanced_two_gpu,1,persistent,27482.959030894563,26954,31517.638318939134,,,50.0,11.5390625,1.6953125,1.6953125,1.6953125,1659.6524671185762,unknown,True,,True,,False,,15068.48681640625,True,static_safe,False,0.0,0.0,kivi_4bit_residual64,0.0,,risk_evidence_insufficient,0.0,static_safe,0.0,,,,hybrid-session-009-turn-0,1.6953125,0.0,1.6953125,0.0,0.0,/DATACENTER3/zhenxiang.wang/work/TailGuardKV/.worktrees/baseline-smoke-final-aggregation/out/full_25session_baseline_9_14/full/policy_attempts/full40_20260916_h2o_static_safe/seed20260906,True,calibrated safe,hybrid-session-009,chat,114.79000700637698,0,risk_evidence_insufficient
kivi_4bit_residual64,7.0,0.1,False,False,online_qwen,False,,/DATACENTER3/zhenxiang.wang/work/TailGuardKV/.worktrees/baseline-smoke-final-aggregation/out/full_25session_baseline_9_14/full/policy_attempts/full40_20260916_h2o_static_safe/seed20260906/config.yaml,,,,,0.1,True,,0.05,,0,False,kivi_4bit_residual64,True,,balanced_two_gpu,1,persistent,27482.959030894563,26954,31517.638318939134,,,50.0,13.0703125,1.53125,1.53125,1.53125,1651.8036930356175,unknown,True,,True,,False,,15065.87646484375,True,static_safe,False,0.0,0.0,kivi_4bit_residual64,0.0,,risk_evidence_insufficient,0.0,static_safe,0.0,,,,hybrid-session-010-turn-0,1.53125,0.0,1.53125,0.0,0.0,/DATACENTER3/zhenxiang.wang/work/TailGuardKV/.worktrees/baseline-smoke-final-aggregation/out/full_25session_baseline_9_14/full/policy_attempts/full40_20260916_h2o_static_safe/seed20260906,True,calibrated safe,hybrid-session-010,chat,111.86060099862516,0,risk_evidence_insufficient
kivi_4bit_residual64,8.0,0.1,False,False,online_qwen,False,,/DATACENTER3/zhenxiang.wang/work/TailGuardKV/.worktrees/baseline-smoke-final-aggregation/out/full_25session_baseline_9_14/full/policy_attempts/full40_20260916_h2o_static_safe/seed20260906/config.yaml,,,,,0.1,True,,0.05,,0,False,kivi_4bit_residual64,True,,balanced_two_gpu,1,persistent,27482.959030894563,26954,31517.638318939134,,,50.0,14.875,1.8046875,1.8046875,1.8046875,1673.9508658647537,unknown,True,,True,,False,,15074.73681640625,True,static_safe,False,0.0,0.0,kivi_4bit_residual64,0.0,,risk_evidence_insufficient,0.0,static_safe,0.0,,,,hybrid-session-013-turn-0,1.8046875,0.0,1.8046875,0.0,0.0,/DATACENTER3/zhenxiang.wang/work/TailGuardKV/.worktrees/baseline-smoke-final-aggregation/out/full_25session_baseline_9_14/full/policy_attempts/full40_20260916_h2o_static_safe/seed20260906,True,calibrated safe,hybrid-session-013,chat,120.31783699057996,0,risk_evidence_insufficient
kivi_4bit_residual64,9.0,0.1,False,False,online_qwen,False,,/DATACENTER3/zhenxiang.wang/work/TailGuardKV/.worktrees/baseline-smoke-final-aggregation/out/full_25session_baseline_9_14/full/policy_attempts/full40_20260916_h2o_static_safe/seed20260906/config.yaml,,,,,0.1,True,,0.05,,0,False,kivi_4bit_residual64,True,,balanced_two_gpu,1,persistent,27482.959030894563,26954,31517.638318939134,,,50.0,17.5,2.625,2.625,2.625,1663.9700781088322,unknown,True,,True,,False,,15100.93212890625,True,static_safe,False,0.0,0.0,kivi_4bit_residual64,0.0,,risk_evidence_insufficient,0.0,static_safe,0.0,,,,hybrid-session-016-turn-0,2.625,0.0,2.625,0.0,0.0,/DATACENTER3/zhenxiang.wang/work/TailGuardKV/.worktrees/baseline-smoke-final-aggregation/out/full_25session_baseline_9_14/full/policy_attempts/full40_20260916_h2o_static_safe/seed20260906,True,calibrated safe,hybrid-session-016,chat,119.86148706637323,0,risk_evidence_insufficient
kivi_4bit_residual64,10.0,0.1,False,False,online_qwen,False,,/DATACENTER3/zhenxiang.wang/work/TailGuardKV/.worktrees/baseline-smoke-final-aggregation/out/full_25session_baseline_9_14/full/policy_attempts/full40_20260916_h2o_static_safe/seed20260906/config.yaml,,,,,0.1,True,,0.05,,0,False,kivi_4bit_residual64,True,,balanced_two_gpu,1,persistent,27482.959030894563,26954,31517.638318939134,,,50.0,19.90625,2.40625,2.40625,2.40625,1668.6746419873089,unknown,True,,True,,False,,15095.79541015625,True,static_safe,False,0.0,0.0,kivi_4bit_residual64,0.0,,risk_evidence_insufficient,0.0,static_safe,0.0,,,,hybrid-session-020-turn-0,2.40625,0.0,2.40625,0.0,0.0,/DATACENTER3/zhenxiang.wang/work/TailGuardKV/.worktrees/baseline-smoke-final-aggregation/out/full_25session_baseline_9_14/full/policy_attempts/full40_20260916_h2o_static_safe/seed20260906,True,calibrated safe,hybrid-session-020,chat,120.57111179456115,0,risk_evidence_insufficient
kivi_4bit_residual64,11.0,0.1,False,False,online_qwen,False,,/DATACENTER3/zhenxiang.wang/work/TailGuardKV/.worktrees/baseline-smoke-final-aggregation/out/full_25session_baseline_9_14/full/policy_attempts/full40_20260916_h2o_static_safe/seed20260906/config.yaml,,,,,0.1,True,,0.05,,0,False,kivi_4bit_residual64,True,,balanced_two_gpu,1,persistent,27482.959030894563,26954,31517.638318939134,,,50.0,22.203125,2.296875,2.296875,2.296875,1668.4804279357195,unknown,True,,True,,False,,15095.17822265625,True,static_safe,False,0.0,0.0,kivi_4bit_residual64,0.0,,risk_evidence_insufficient,0.0,static_safe,0.0,,,,hybrid-session-021-turn-0,2.296875,0.0,2.296875,0.0,0.0,/DATACENTER3/zhenxiang.wang/work/TailGuardKV/.worktrees/baseline-smoke-final-aggregation/out/full_25session_baseline_9_14/full/policy_attempts/full40_20260916_h2o_static_safe/seed20260906,True,calibrated safe,hybrid-session-021,chat,116.2590419407934,0,risk_evidence_insufficient
kivi_4bit_residual64,12.0,0.1,False,False,online_qwen,False,,/DATACENTER3/zhenxiang.wang/work/TailGuardKV/.worktrees/baseline-smoke-final-aggregation/out/full_25session_baseline_9_14/full/policy_attempts/full40_20260916_h2o_static_safe/seed20260906/config.yaml,,,,,0.1,True,,0.05,,0,False,kivi_4bit_residual64,True,,balanced_two_gpu,1,persistent,27482.959030894563,26954,31517.638318939134,,,50.0,24.171875,1.96875,1.96875,1.96875,1662.5458199996501,unknown,True,,True,,False,,15088.40478515625,True,static_safe,False,0.0,0.0,kivi_4bit_residual64,0.0,,risk_evidence_insufficient,0.0,static_safe,0.0,,,,hybrid-session-025-turn-0,1.96875,0.0,1.96875,0.0,0.0,/DATACENTER3/zhenxiang.wang/work/TailGuardKV/.worktrees/baseline-smoke-final-aggregation/out/full_25session_baseline_9_14/full/policy_attempts/full40_20260916_h2o_static_safe/seed20260906,True,calibrated safe,hybrid-session-025,chat,117.91611695662141,0,risk_evidence_insufficient
kivi_4bit_residual64,13.0,0.1,False,False,online_qwen,False,,/DATACENTER3/zhenxiang.wang/work/TailGuardKV/.worktrees/baseline-smoke-final-aggregation/out/full_25session_baseline_9_14/full/policy_attempts/full40_20260916_h2o_static_safe/seed20260906/config.yaml,,,,,0.1,True,,0.05,,0,False,kivi_4bit_residual64,True,,balanced_two_gpu,1,persistent,27482.959030894563,26954,31517.638318939134,,,50.0,26.359375,2.1875,2.1875,2.1875,1675.6173130124807,unknown,True,,True,,False,,15096.42041015625,True,static_safe,False,0.0,0.0,kivi_4bit_residual64,0.0,,risk_evidence_insufficient,0.0,static_safe,0.0,,,,hybrid-session-026-turn-0,2.1875,0.0,2.1875,0.0,0.0,/DATACENTER3/zhenxiang.wang/work/TailGuardKV/.worktrees/baseline-smoke-final-aggregation/out/full_25session_baseline_9_14/full/policy_attempts/full40_20260916_h2o_static_safe/seed20260906,True,calibrated safe,hybrid-session-026,chat,123.22972901165485,0,risk_evidence_insufficient
kivi_4bit_residual64,13.0,0.1,False,False,online_qwen,False,,/DATACENTER3/zhenxiang.wang/work/TailGuardKV/.worktrees/baseline-smoke-final-aggregation/out/full_25session_baseline_9_14/full/policy_attempts/full40_20260916_h2o_static_safe/seed20260906/config.yaml,,,,,0.1,True,,0.05,,0,False,kivi_4bit_residual64,True,,balanced_two_gpu,1,persistent,27482.959030894563,26954,31517.638318939134,,,50.0,26.829345703125,2.548095703125,2.548095703125,0.469970703125,5052.578333998099,unknown,True,,True,,False,,15088.02685546875,True,static_safe,False,0.0,0.0,kivi_4bit_residual64,0.0,,risk_evidence_insufficient,0.0,static_safe,0.0,,,,hybrid-session-002-turn-1,2.548095703125,2.078125,2.548095703125,0.0,0.0,/DATACENTER3/zhenxiang.wang/work/TailGuardKV/.worktrees/baseline-smoke-final-aggregation/out/full_25session_baseline_9_14/full/policy_attempts/full40_20260916_h2o_static_safe/seed20260906,True,calibrated safe,hybrid-session-002,chat,120.20132108591497,1,risk_evidence_insufficient
kivi_4bit_residual64,13.0,0.1,True,False,online_qwen,False,,/DATACENTER3/zhenxiang.wang/work/TailGuardKV/.worktrees/baseline-smoke-final-aggregation/out/full_25session_baseline_9_14/full/policy_attempts/full40_20260916_h2o_static_safe/seed20260906/config.yaml,,,,,0.1,True,,0.05,,0,False,kivi_4bit_residual64,True,,balanced_two_gpu,1,persistent,27482.959030894563,26954,31517.638318939134,,,50.0,28.251220703125,2.8984375,2.8984375,1.421875,1614.1763189807534,unknown,True,,True,,False,,15078.74658203125,True,static_safe,False,0.0,0.0,kivi_4bit_residual64,0.0,,risk_evidence_insufficient,0.0,static_safe,0.0,,,,hybrid-session-003-turn-1,2.8984375,1.4765625,2.8984375,0.0,0.0,/DATACENTER3/zhenxiang.wang/work/TailGuardKV/.worktrees/baseline-smoke-final-aggregation/out/full_25session_baseline_9_14/full/policy_attempts/full40_20260916_h2o_static_safe/seed20260906,True,calibrated safe,hybrid-session-003,chat,112.23617591895163,1,risk_evidence_insufficient
kivi_4bit_residual64,13.0,0.1,False,False,online_qwen,False,,/DATACENTER3/zhenxiang.wang/work/TailGuardKV/.worktrees/baseline-smoke-final-aggregation/out/full_25session_baseline_9_14/full/policy_attempts/full40_20260916_h2o_static_safe/seed20260906/config.yaml,,,,,0.1,True,,0.05,,0,False,kivi_4bit_residual64,True,,balanced_two_gpu,1,persistent,27482.959030894563,26954,31517.638318939134,,,50.0,29.76708984375,3.265869140625,3.265869140625,1.515869140625,2616.6039458476007,unknown,True,,True,,False,,15128.7724609375,True,static_safe,False,0.0,0.0,kivi_4bit_residual64,0.0,,risk_evidence_insufficient,0.0,static_safe,0.0,,,,hybrid-session-004-turn-1,3.265869140625,1.75,3.265869140625,0.0,0.0,/DATACENTER3/zhenxiang.wang/work/TailGuardKV/.worktrees/baseline-smoke-final-aggregation/out/full_25session_baseline_9_14/full/policy_attempts/full40_20260916_h2o_static_safe/seed20260906,True,calibrated safe,hybrid-session-004,chat,244.53666084446013,1,risk_evidence_insufficient
kivi_4bit_residual64,13.0,0.1,False,False,online_qwen,False,,/DATACENTER3/zhenxiang.wang/work/TailGuardKV/.worktrees/baseline-smoke-final-aggregation/out/full_25session_baseline_9_14/full/policy_attempts/full40_20260916_h2o_static_safe/seed20260906/config.yaml,,,,,0.1,True,,0.05,,0,False,kivi_4bit_residual64,True,,balanced_two_gpu,1,persistent,27482.959030894563,26954,31517.638318939134,,,50.0,30.65234375,2.79931640625,2.79931640625,0.88525390625,2451.1724731419235,unknown,True,,True,,False,,15106.55908203125,True,static_safe,False,0.0,0.0,kivi_4bit_residual64,0.0,,risk_evidence_insufficient,0.0,static_safe,0.0,,,,hybrid-session-005-turn-1,2.79931640625,1.9140625,2.79931640625,0.0,0.0,/DATACENTER3/zhenxiang.wang/work/TailGuardKV/.worktrees/baseline-smoke-final-aggregation/out/full_25session_baseline_9_14/full/policy_attempts/full40_20260916_h2o_static_safe/seed20260906,True,calibrated safe,hybrid-session-005,chat,125.80584408715367,1,risk_evidence_insufficient
kivi_4bit_residual64,13.0,0.1,False,False,online_qwen,False,,/DATACENTER3/zhenxiang.wang/work/TailGuardKV/.worktrees/baseline-smoke-final-aggregation/out/full_25session_baseline_9_14/full/policy_attempts/full40_20260916_h2o_static_safe/seed20260906/config.yaml,,,,,0.1,True,,0.05,,0,False,kivi_4bit_residual64,True,,balanced_two_gpu,1,persistent,27482.959030894563,26954,31517.638318939134,,,50.0,31.47265625,3.4453125,3.4453125,0.8203125,2011.90723804757,unknown,True,,True,,False,,15115.2509765625,True,static_safe,False,0.0,0.0,kivi_4bit_residual64,0.0,,risk_evidence_insufficient,0.0,static_safe,0.0,,,,hybrid-session-006-turn-1,3.4453125,2.625,3.4453125,0.0,0.0,/DATACENTER3/zhenxiang.wang/work/TailGuardKV/.worktrees/baseline-smoke-final-aggregation/out/full_25session_baseline_9_14/full/policy_attempts/full40_20260916_h2o_static_safe/seed20260906,True,calibrated safe,hybrid-session-006,chat,163.76349818892777,1,risk_evidence_insufficient
kivi_4bit_residual64,13.0,0.1,False,False,online_qwen,False,,/DATACENTER3/zhenxiang.wang/work/TailGuardKV/.worktrees/baseline-smoke-final-aggregation/out/full_25session_baseline_9_14/full/policy_attempts/full40_20260916_h2o_static_safe/seed20260906/config.yaml,,,,,0.1,True,,0.05,,0,False,kivi_4bit_residual64,True,,balanced_two_gpu,1,persistent,27482.959030894563,26954,31517.638318939134,,,50.0,33.16796875,3.390625,3.390625,1.6953125,1669.1345470026135,unknown,True,,True,,False,,15090.15771484375,True,static_safe,False,0.0,0.0,kivi_4bit_residual64,0.0,,risk_evidence_insufficient,0.0,static_safe,0.0,,,,hybrid-session-009-turn-1,3.390625,1.6953125,3.390625,0.0,0.0,/DATACENTER3/zhenxiang.wang/work/TailGuardKV/.worktrees/baseline-smoke-final-aggregation/out/full_25session_baseline_9_14/full/policy_attempts/full40_20260916_h2o_static_safe/seed20260906,True,calibrated safe,hybrid-session-009,chat,118.66449401713908,1,risk_evidence_insufficient
kivi_4bit_residual64,13.0,0.1,False,False,online_qwen,False,,/DATACENTER3/zhenxiang.wang/work/TailGuardKV/.worktrees/baseline-smoke-final-aggregation/out/full_25session_baseline_9_14/full/policy_attempts/full40_20260916_h2o_static_safe/seed20260906/config.yaml,,,,,0.1,True,,0.05,,0,False,kivi_4bit_residual64,True,,balanced_two_gpu,1,persistent,27482.959030894563,26954,31517.638318939134,,,50.0,34.80859375,3.171875,3.171875,1.640625,1644.3621329963207,unknown,True,,True,,False,,15090.34130859375,True,static_safe,False,0.0,0.0,kivi_4bit_residual64,0.0,,risk_evidence_insufficient,0.0,static_safe,0.0,,,,hybrid-session-010-turn-1,3.171875,1.53125,3.171875,0.0,0.0,/DATACENTER3/zhenxiang.wang/work/TailGuardKV/.worktrees/baseline-smoke-final-aggregation/out/full_25session_baseline_9_14/full/policy_attempts/full40_20260916_h2o_static_safe/seed20260906,True,calibrated safe,hybrid-session-010,chat,104.25167507492006,1,risk_evidence_insufficient
kivi_4bit_residual64,13.0,0.1,False,False,online_qwen,False,,/DATACENTER3/zhenxiang.wang/work/TailGuardKV/.worktrees/baseline-smoke-final-aggregation/out/full_25session_baseline_9_14/full/policy_attempts/full40_20260916_h2o_static_safe/seed20260906/config.yaml,,,,,0.1,True,,0.05,,0,False,kivi_4bit_residual64,True,,balanced_two_gpu,1,persistent,27482.959030894563,26954,31517.638318939134,,,50.0,36.23046875,3.2265625,3.2265625,1.421875,1675.843785982579,unknown,True,,True,,False,,15086.74462890625,True,static_safe,False,0.0,0.0,kivi_4bit_residual64,0.0,,risk_evidence_insufficient,0.0,static_safe,0.0,,,,hybrid-session-013-turn-1,3.2265625,1.8046875,3.2265625,0.0,0.0,/DATACENTER3/zhenxiang.wang/work/TailGuardKV/.worktrees/baseline-smoke-final-aggregation/out/full_25session_baseline_9_14/full/policy_attempts/full40_20260916_h2o_static_safe/seed20260906,True,calibrated safe,hybrid-session-013,chat,99.34788406826556,1,risk_evidence_insufficient
kivi_4bit_residual64,13.0,0.1,False,False,online_qwen,False,,/DATACENTER3/zhenxiang.wang/work/TailGuardKV/.worktrees/baseline-smoke-final-aggregation/out/full_25session_baseline_9_14/full/policy_attempts/full40_20260916_h2o_static_safe/seed20260906/config.yaml,,,,,0.1,True,,0.05,,0,False,kivi_4bit_residual64,True,,balanced_two_gpu,1,persistent,27482.959030894563,26954,31517.638318939134,,,50.0,36.297119140625,2.691650390625,2.691650390625,0.066650390625,2259.0417459141463,unknown,True,,True,,False,,15089.38818359375,True,static_safe,False,0.0,0.0,kivi_4bit_residual64,0.0,,risk_evidence_insufficient,0.0,static_safe,0.0,,,,hybrid-session-016-turn-1,2.691650390625,2.625,2.691650390625,0.0,0.0,/DATACENTER3/zhenxiang.wang/work/TailGuardKV/.worktrees/baseline-smoke-final-aggregation/out/full_25session_baseline_9_14/full/policy_attempts/full40_20260916_h2o_static_safe/seed20260906,True,calibrated safe,hybrid-session-016,chat,116.11467693001032,1,risk_evidence_insufficient
kivi_4bit_residual64,13.0,0.1,False,False,online_qwen,False,,/DATACENTER3/zhenxiang.wang/work/TailGuardKV/.worktrees/baseline-smoke-final-aggregation/out/full_25session_baseline_9_14/full/policy_attempts/full40_20260916_h2o_static_safe/seed20260906/config.yaml,,,,,0.1,True,,0.05,,0,False,kivi_4bit_residual64,True,,balanced_two_gpu,1,persistent,27482.959030894563,26954,31517.638318939134,,,50.0,36.690185546875,2.79931640625,2.79931640625,0.39306640625,2456.0339068993926,unknown,True,,True,,False,,15100.35595703125,True,static_safe,False,0.0,0.0,kivi_4bit_residual64,0.0,,risk_evidence_insufficient,0.0,static_safe,0.0,,,,hybrid-session-020-turn-1,2.79931640625,2.40625,2.79931640625,0.0,0.0,/DATACENTER3/zhenxiang.wang/work/TailGuardKV/.worktrees/baseline-smoke-final-aggregation/out/full_25session_baseline_9_14/full/policy_attempts/full40_20260916_h2o_static_safe/seed20260906,True,calibrated safe,hybrid-session-020,chat,121.92174093797803,1,risk_evidence_insufficient
kivi_4bit_residual64,13.0,0.1,False,False,online_qwen,False,,/DATACENTER3/zhenxiang.wang/work/TailGuardKV/.worktrees/baseline-smoke-final-aggregation/out/full_25session_baseline_9_14/full/policy_attempts/full40_20260916_h2o_static_safe/seed20260906/config.yaml,,,,,0.1,True,,0.05,,0,False,kivi_4bit_residual64,True,,balanced_two_gpu,1,persistent,27482.959030894563,26954,31517.638318939134,,,50.0,37.3720703125,2.978759765625,2.978759765625,0.681884765625,2562.5920679885894,unknown,True,,True,,False,,15109.2490234375,True,static_safe,False,0.0,0.0,kivi_4bit_residual64,0.0,,risk_evidence_insufficient,0.0,static_safe,0.0,,,,hybrid-session-021-turn-1,2.978759765625,2.296875,2.978759765625,0.0,0.0,/DATACENTER3/zhenxiang.wang/work/TailGuardKV/.worktrees/baseline-smoke-final-aggregation/out/full_25session_baseline_9_14/full/policy_attempts/full40_20260916_h2o_static_safe/seed20260906,True,calibrated safe,hybrid-session-021,chat,182.99466813914478,1,risk_evidence_insufficient
kivi_4bit_residual64,13.0,0.1,False,False,online_qwen,False,,/DATACENTER3/zhenxiang.wang/work/TailGuardKV/.worktrees/baseline-smoke-final-aggregation/out/full_25session_baseline_9_14/full/policy_attempts/full40_20260916_h2o_static_safe/seed20260906/config.yaml,,,,,0.1,True,,0.05,,0,False,kivi_4bit_residual64,True,,balanced_two_gpu,1,persistent,27482.959030894563,26954,31517.638318939134,,,50.0,38.6845703125,3.28125,3.28125,1.3125,1654.1874720714986,unknown,True,,True,,False,,15085.52294921875,True,static_safe,False,0.005128205128205128,0.005128205128205128,kivi_4bit_residual64,0.005128205128205128,,risk_evidence_insufficient,0.0,static_safe,0.0,,,,hybrid-session-025-turn-1,3.28125,1.96875,3.28125,0.0,0.005128205128205128,/DATACENTER3/zhenxiang.wang/work/TailGuardKV/.worktrees/baseline-smoke-final-aggregation/out/full_25session_baseline_9_14/full/policy_attempts/full40_20260916_h2o_static_safe/seed20260906,True,calibrated safe,hybrid-session-025,chat,119.7504480369389,1,risk_evidence_insufficient
kivi_4bit_residual64,13.0,0.1,False,False,online_qwen,False,,/DATACENTER3/zhenxiang.wang/work/TailGuardKV/.worktrees/baseline-smoke-final-aggregation/out/full_25session_baseline_9_14/full/policy_attempts/full40_20260916_h2o_static_safe/seed20260906/config.yaml,,,,,0.1,True,,0.05,,0,False,kivi_4bit_residual64,True,,balanced_two_gpu,1,persistent,27482.959030894563,26954,31517.638318939134,,,50.0,39.547607421875,3.050537109375,3.050537109375,0.863037109375,2571.729209041223,unknown,True,,True,,False,,15117.2783203125,True,static_safe,False,0.0,0.0,kivi_4bit_residual64,0.0,,risk_evidence_insufficient,0.0,static_safe,0.0,,,,hybrid-session-026-turn-1,3.050537109375,2.1875,3.050537109375,0.0,0.0,/DATACENTER3/zhenxiang.wang/work/TailGuardKV/.worktrees/baseline-smoke-final-aggregation/out/full_25session_baseline_9_14/full/policy_attempts/full40_20260916_h2o_static_safe/seed20260906,True,calibrated safe,hybrid-session-026,chat,187.59473599493504,1,risk_evidence_insufficient
kivi_4bit_residual64,13.0,0.1,True,False,online_qwen,False,,/DATACENTER3/zhenxiang.wang/work/TailGuardKV/.worktrees/baseline-smoke-final-aggregation/out/full_25session_baseline_9_14/full/policy_attempts/full40_20260916_h2o_static_safe/seed20260906/config.yaml,,,,,0.1,True,,0.05,,0,False,kivi_4bit_residual64,True,,balanced_two_gpu,1,persistent,27482.959030894563,26954,31517.638318939134,,,50.0,41.591552734375,4.592041015625,4.592041015625,2.0439453125,2435.631914064288,unknown,True,,True,,False,,15237.5693359375,True,static_safe,False,0.0,0.0,kivi_4bit_residual64,0.0,,risk_evidence_insufficient,0.0,static_safe,0.0,,,,hybrid-session-002-turn-2,4.592041015625,2.548095703125,4.592041015625,0.0,0.0,/DATACENTER3/zhenxiang.wang/work/TailGuardKV/.worktrees/baseline-smoke-final-aggregation/out/full_25session_baseline_9_14/full/policy_attempts/full40_20260916_h2o_static_safe/seed20260906,True,calibrated safe,hybrid-session-002,qa,240.17936899326742,2,risk_evidence_insufficient
kivi_4bit_residual64,13.0,0.1,False,False,online_qwen,False,,/DATACENTER3/zhenxiang.wang/work/TailGuardKV/.worktrees/baseline-smoke-final-aggregation/out/full_25session_baseline_9_14/full/policy_attempts/full40_20260916_h2o_static_safe/seed20260906/config.yaml,,,,,0.1,True,,0.05,,0,False,kivi_4bit_residual64,True,,balanced_two_gpu,1,persistent,27482.959030894563,26954,31517.638318939134,,,50.0,43.84228515625,5.149169921875,5.149169921875,2.250732421875,2582.211087923497,unknown,True,,True,,False,,15238.6494140625,True,static_safe,False,0.0,0.0,kivi_4bit_residual64,0.0,,risk_evidence_insufficient,0.0,static_safe,0.0,,,,hybrid-session-003-turn-2,5.149169921875,2.8984375,5.149169921875,0.0,0.0,/DATACENTER3/zhenxiang.wang/work/TailGuardKV/.worktrees/baseline-smoke-final-aggregation/out/full_25session_baseline_9_14/full/policy_attempts/full40_20260916_h2o_static_safe/seed20260906,True,calibrated safe,hybrid-session-003,summary,219.13983905687928,2,risk_evidence_insufficient
kivi_4bit_residual64,13.0,0.1,False,False,online_qwen,False,,/DATACENTER3/zhenxiang.wang/work/TailGuardKV/.worktrees/baseline-smoke-final-aggregation/out/full_25session_baseline_9_14/full/policy_attempts/full40_20260916_h2o_static_safe/seed20260906/config.yaml,,,,,0.1,True,,0.05,,0,False,kivi_4bit_residual64,True,,balanced_two_gpu,1,persistent,27482.959030894563,26954,31517.638318939134,,,50.0,45.347900390625,4.771484375,4.771484375,1.505615234375,2658.5979470983148,unknown,True,,True,,False,,15217.580078125,True,static_safe,False,0.03418803418803419,0.03418803418803419,kivi_4bit_residual64,0.03418803418803419,,risk_evidence_insufficient,0.0,static_safe,0.0,,,,hybrid-session-004-turn-2,4.771484375,3.265869140625,4.771484375,0.0,0.3418803418803419,/DATACENTER3/zhenxiang.wang/work/TailGuardKV/.worktrees/baseline-smoke-final-aggregation/out/full_25session_baseline_9_14/full/policy_attempts/full40_20260916_h2o_static_safe/seed20260906,False,calibrated unsafe,hybrid-session-004,qa,237.66607092693448,2,risk_evidence_insufficient
kivi_4bit_residual64,13.0,0.1,False,False,online_qwen,False,,/DATACENTER3/zhenxiang.wang/work/TailGuardKV/.worktrees/baseline-smoke-final-aggregation/out/full_25session_baseline_9_14/full/policy_attempts/full40_20260916_h2o_static_safe/seed20260906/config.yaml,,,,,0.1,True,,0.05,,0,False,kivi_4bit_residual64,True,,balanced_two_gpu,1,persistent,27482.959030894563,26954,31517.638318939134,,,50.0,47.06884765625,4.520263671875,4.520263671875,1.720947265625,2654.1276280768216,unknown,True,,True,,False,,15228.064453125,True,static_safe,False,0.0,0.0,kivi_4bit_residual64,0.0,,risk_evidence_insufficient,0.0,static_safe,0.0,,,,hybrid-session-005-turn-2,4.520263671875,2.79931640625,4.520263671875,0.0,0.0,/DATACENTER3/zhenxiang.wang/work/TailGuardKV/.worktrees/baseline-smoke-final-aggregation/out/full_25session_baseline_9_14/full/policy_attempts/full40_20260916_h2o_static_safe/seed20260906,True,calibrated safe,hybrid-session-005,summary,233.7686491664499,2,risk_evidence_insufficient
kivi_4bit_residual64,13.0,0.1,False,False,online_qwen,False,,/DATACENTER3/zhenxiang.wang/work/TailGuardKV/.worktrees/baseline-smoke-final-aggregation/out/full_25session_baseline_9_14/full/policy_attempts/full40_20260916_h2o_static_safe/seed20260906/config.yaml,,,,,0.1,True,,0.05,,0,False,kivi_4bit_residual64,True,,balanced_two_gpu,1,persistent,27482.959030894563,26954,31517.638318939134,,,50.0,49.68701171875,6.0634765625,6.0634765625,2.6181640625,2548.1832541991025,unknown,True,,True,,False,,15265.92138671875,True,static_safe,False,0.03418803418803419,0.03418803418803419,kivi_4bit_residual64,0.03418803418803419,,risk_evidence_insufficient,0.0,static_safe,0.0,,,,hybrid-session-006-turn-2,6.0634765625,3.4453125,6.0634765625,0.0,0.3418803418803419,/DATACENTER3/zhenxiang.wang/work/TailGuardKV/.worktrees/baseline-smoke-final-aggregation/out/full_25session_baseline_9_14/full/policy_attempts/full40_20260916_h2o_static_safe/seed20260906,False,calibrated unsafe,hybrid-session-006,qa,231.59054317511618,2,risk_evidence_insufficient
kivi_4bit_residual64,13.0,0.1,False,True,online_qwen,True,,/DATACENTER3/zhenxiang.wang/work/TailGuardKV/.worktrees/baseline-smoke-final-aggregation/out/full_25session_baseline_9_14/full/policy_attempts/full40_20260916_h2o_static_safe/seed20260906/config.yaml,,,,,0.1,True,,0.05,,3.171875,False,kivi_4bit_residual64,True,,balanced_two_gpu,1,persistent,27482.959030894563,26954,31517.638318939134,,,50.0,48.130126953125,5.005615234375,5.005615234375,1.614990234375,2233.732227003202,unknown,True,,True,,False,,15225.28515625,True,static_safe,False,0.0,0.0,kivi_4bit_residual64,0.0,,risk_evidence_insufficient,0.06182599067687988,static_safe,0.0,,,,hybrid-session-009-turn-2,5.005615234375,3.390625,5.005615234375,0.0,0.0,/DATACENTER3/zhenxiang.wang/work/TailGuardKV/.worktrees/baseline-smoke-final-aggregation/out/full_25session_baseline_9_14/full/policy_attempts/full40_20260916_h2o_static_safe/seed20260906,True,calibrated safe,hybrid-session-009,summary,192.91520910337567,2,risk_evidence_insufficient
kivi_4bit_residual64,13.0,0.1,False,True,online_qwen,True,,/DATACENTER3/zhenxiang.wang/work/TailGuardKV/.worktrees/baseline-smoke-final-aggregation/out/full_25session_baseline_9_14/full/policy_attempts/full40_20260916_h2o_static_safe/seed20260906/config.yaml,,,,,0.1,True,,0.05,,5.918212890625,False,kivi_4bit_residual64,True,,balanced_two_gpu,1,persistent,27482.959030894563,26954,31517.638318939134,,,50.0,47.791748046875,5.579833984375,5.579833984375,5.579833984375,2616.1906749475747,unknown,True,,True,,False,,15341.66259765625,True,static_safe,False,0.0,0.0,kivi_4bit_residual64,0.0,,risk_evidence_insufficient,0.0,static_safe,236.34702689014375,,,,hybrid-session-010-turn-2,5.579833984375,0.0,5.579833984375,0.0,0.0,/DATACENTER3/zhenxiang.wang/work/TailGuardKV/.worktrees/baseline-smoke-final-aggregation/out/full_25session_baseline_9_14/full/policy_attempts/full40_20260916_h2o_static_safe/seed20260906,True,calibrated safe,hybrid-session-010,qa,237.08609491586685,2,risk_evidence_insufficient
kivi_4bit_residual64,13.0,0.1,True,False,online_qwen,False,,/DATACENTER3/zhenxiang.wang/work/TailGuardKV/.worktrees/baseline-smoke-final-aggregation/out/full_25session_baseline_9_14/full/policy_attempts/full40_20260916_h2o_static_safe/seed20260906/config.yaml,,,,,0.1,True,,0.05,"OutOfMemoryError: CUDA out of memory. Tried to allocate 98.00 MiB. GPU 0 has a total capacity of 10.75 GiB of which 23.62 MiB is free. Including non-PyTorch memory, this process has 7.82 GiB memory in use. Process 28867 has 2.90 GiB memory in use. Of the allocated memory 6.91 GiB is allocated by PyTorch, and 116.56 MiB is reserved by PyTorch but unallocated. If reserved but unallocated memory is large try setting PYTORCH_CUDA_ALLOC_CONF=expandable_segments:True to avoid fragmentation.  See documentation for Memory Management  (https://pytorch.org/docs/stable/notes/cuda.html#environment-variables)",47.791748046875,False,kivi_4bit_residual64,True,,balanced_two_gpu,1,persistent,27482.959030894563,26954,31517.638318939134,true,,50.0,0.0,,,,,unknown,False,,False,,False,,,True,static_safe,False,0.0,0.0,kivi_4bit_residual64,0.0,,risk_evidence_insufficient,0.0,static_safe,0.0,,,,hybrid-session-013-turn-2,0.0,0.0,,0.0,0.0,/DATACENTER3/zhenxiang.wang/work/TailGuardKV/.worktrees/baseline-smoke-final-aggregation/out/full_25session_baseline_9_14/full/policy_attempts/full40_20260916_h2o_static_safe/seed20260906,True,calibrated safe,hybrid-session-013,summary,,2,risk_evidence_insufficient
kivi_4bit_residual64,13.0,0.1,False,False,online_qwen,False,,/DATACENTER3/zhenxiang.wang/work/TailGuardKV/.worktrees/baseline-smoke-final-aggregation/out/full_25session_baseline_9_14/full/policy_attempts/full40_20260916_h2o_static_safe/seed20260906/config.yaml,,,,,0.1,True,,0.05,,0,False,kivi_4bit_residual64,True,,balanced_two_gpu,1,persistent,27482.959030894563,26954,31517.638318939134,,,50.0,4.69970703125,4.69970703125,4.69970703125,4.69970703125,44712.68906712532,unknown,True,,True,,False,,15307.64306640625,True,static_safe,False,0.0,0.0,kivi_4bit_residual64,0.0,,risk_evidence_insufficient,0.0,static_safe,42821.28330704756,,,,hybrid-session-016-turn-2,4.69970703125,0.0,4.69970703125,0.0,0.0,/DATACENTER3/zhenxiang.wang/work/TailGuardKV/.worktrees/baseline-smoke-final-aggregation/out/full_25session_baseline_9_14/full/policy_attempts/full40_20260916_h2o_static_safe/seed20260906,True,calibrated safe,hybrid-session-016,qa,42822.19416311011,2,risk_evidence_insufficient
kivi_4bit_residual64,13.0,0.1,True,False,online_qwen,False,,/DATACENTER3/zhenxiang.wang/work/TailGuardKV/.worktrees/baseline-smoke-final-aggregation/out/full_25session_baseline_9_14/full/policy_attempts/full40_20260916_h2o_static_safe/seed20260906/config.yaml,,,,,0.1,True,,0.05,,0,False,kivi_4bit_residual64,True,,balanced_two_gpu,1,persistent,27482.959030894563,26954,31517.638318939134,,,50.0,9.435302734375,4.735595703125,4.735595703125,4.735595703125,2214.669934939593,unknown,True,,True,,False,,15313.55322265625,True,static_safe,False,0.03418803418803419,0.03418803418803419,kivi_4bit_residual64,0.03418803418803419,,risk_evidence_insufficient,0.0,static_safe,227.20555309206247,,,,hybrid-session-020-turn-2,4.735595703125,0.0,4.735595703125,0.0,0.3418803418803419,/DATACENTER3/zhenxiang.wang/work/TailGuardKV/.worktrees/baseline-smoke-final-aggregation/out/full_25session_baseline_9_14/full/policy_attempts/full40_20260916_h2o_static_safe/seed20260906,False,calibrated unsafe,hybrid-session-020,qa,232.61132393963635,2,risk_evidence_insufficient
kivi_4bit_residual64,13.0,0.1,False,False,online_qwen,False,,/DATACENTER3/zhenxiang.wang/work/TailGuardKV/.worktrees/baseline-smoke-final-aggregation/out/full_25session_baseline_9_14/full/policy_attempts/full40_20260916_h2o_static_safe/seed20260906/config.yaml,,,,,0.1,True,,0.05,,0,False,kivi_4bit_residual64,True,,balanced_two_gpu,1,persistent,27482.959030894563,26954,31517.638318939134,,,50.0,14.52978515625,5.094482421875,5.094482421875,5.094482421875,2686.956409132108,unknown,True,,True,,False,,15331.34814453125,True,static_safe,False,0.0,0.0,kivi_4bit_residual64,0.0,,risk_evidence_insufficient,0.0,static_safe,297.38648096099496,,,,hybrid-session-021-turn-2,5.094482421875,0.0,5.094482421875,0.0,0.0,/DATACENTER3/zhenxiang.wang/work/TailGuardKV/.worktrees/baseline-smoke-final-aggregation/out/full_25session_baseline_9_14/full/policy_attempts/full40_20260916_h2o_static_safe/seed20260906,True,calibrated safe,hybrid-session-021,summary,298.21655713021755,2,risk_evidence_insufficient
kivi_4bit_residual64,13.0,0.1,False,False,online_qwen,False,,/DATACENTER3/zhenxiang.wang/work/TailGuardKV/.worktrees/baseline-smoke-final-aggregation/out/full_25session_baseline_9_14/full/policy_attempts/full40_20260916_h2o_static_safe/seed20260906/config.yaml,,,,,0.1,True,,0.05,,0,False,kivi_4bit_residual64,True,,balanced_two_gpu,1,persistent,27482.959030894563,26954,31517.638318939134,,,50.0,19.966064453125,5.436279296875,5.436279296875,5.436279296875,2664.3018908798695,unknown,True,,True,,False,,15301.99658203125,True,static_safe,False,0.0,0.0,kivi_4bit_residual64,0.0,,risk_evidence_insufficient,0.0,static_safe,242.52908304333687,,,,hybrid-session-025-turn-2,5.436279296875,0.0,5.436279296875,0.0,0.0,/DATACENTER3/zhenxiang.wang/work/TailGuardKV/.worktrees/baseline-smoke-final-aggregation/out/full_25session_baseline_9_14/full/policy_attempts/full40_20260916_h2o_static_safe/seed20260906,True,calibrated safe,hybrid-session-025,summary,243.38183901272714,2,risk_evidence_insufficient
kivi_4bit_residual64,13.0,0.1,False,False,online_qwen,False,,/DATACENTER3/zhenxiang.wang/work/TailGuardKV/.worktrees/baseline-smoke-final-aggregation/out/full_25session_baseline_9_14/full/policy_attempts/full40_20260916_h2o_static_safe/seed20260906/config.yaml,,,,,0.1,True,,0.05,,0,False,kivi_4bit_residual64,True,,balanced_two_gpu,1,persistent,27482.959030894563,26954,31517.638318939134,,,50.0,25.168212890625,5.2021484375,5.2021484375,5.2021484375,2663.068396039307,unknown,True,,True,,False,,15346.38427734375,True,static_safe,False,0.03418803418803419,0.03418803418803419,kivi_4bit_residual64,0.03418803418803419,,risk_evidence_insufficient,0.0,static_safe,253.9345279801637,,,,hybrid-session-026-turn-2,5.2021484375,0.0,5.2021484375,0.0,0.3418803418803419,/DATACENTER3/zhenxiang.wang/work/TailGuardKV/.worktrees/baseline-smoke-final-aggregation/out/full_25session_baseline_9_14/full/policy_attempts/full40_20260916_h2o_static_safe/seed20260906,False,calibrated unsafe,hybrid-session-026,qa,254.85723605379462,2,risk_evidence_insufficient
kivi_4bit_residual64,13.0,0.1,False,False,online_qwen,False,,/DATACENTER3/zhenxiang.wang/work/TailGuardKV/.worktrees/baseline-smoke-final-aggregation/out/full_25session_baseline_9_14/full/policy_attempts/full40_20260916_h2o_static_safe/seed20260906/config.yaml,,,,,0.1,True,,0.05,,0,False,kivi_4bit_residual64,True,,balanced_two_gpu,1,persistent,27482.959030894563,26954,31517.638318939134,,,50.0,31.5546875,6.386474609375,6.386474609375,6.386474609375,2703.2432521227747,unknown,True,,True,,False,,15402.80908203125,True,static_safe,False,0.0,0.0,kivi_4bit_residual64,0.0,,risk_evidence_insufficient,0.0,static_safe,276.04610100388527,,,,hybrid-session-002-turn-3,6.386474609375,0.0,6.386474609375,0.0,0.0,/DATACENTER3/zhenxiang.wang/work/TailGuardKV/.worktrees/baseline-smoke-final-aggregation/out/full_25session_baseline_9_14/full/policy_attempts/full40_20260916_h2o_static_safe/seed20260906,True,calibrated safe,hybrid-session-002,qa,276.8979351967573,3,risk_evidence_insufficient
kivi_4bit_residual64,13.0,0.1,False,False,online_qwen,False,,/DATACENTER3/zhenxiang.wang/work/TailGuardKV/.worktrees/baseline-smoke-final-aggregation/out/full_25session_baseline_9_14/full/policy_attempts/full40_20260916_h2o_static_safe/seed20260906/config.yaml,,,,,0.1,True,,0.05,,0,False,kivi_4bit_residual64,True,,balanced_two_gpu,1,persistent,27482.959030894563,26954,31517.638318939134,,,50.0,37.295166015625,5.740478515625,5.740478515625,5.740478515625,2687.2228460852057,unknown,True,,True,,False,,15380.31103515625,True,static_safe,False,0.0,0.0,kivi_4bit_residual64,0.0,,risk_evidence_insufficient,0.0,static_safe,270.05459810607135,,,,hybrid-session-003-turn-3,5.740478515625,0.0,5.740478515625,0.0,0.0,/DATACENTER3/zhenxiang.wang/work/TailGuardKV/.worktrees/baseline-smoke-final-aggregation/out/full_25session_baseline_9_14/full/policy_attempts/full40_20260916_h2o_static_safe/seed20260906,True,calibrated safe,hybrid-session-003,summary,271.0437751375139,3,risk_evidence_insufficient
kivi_4bit_residual64,13.0,0.1,False,False,online_qwen,False,,/DATACENTER3/zhenxiang.wang/work/TailGuardKV/.worktrees/baseline-smoke-final-aggregation/out/full_25session_baseline_9_14/full/policy_attempts/full40_20260916_h2o_static_safe/seed20260906/config.yaml,,,,,0.1,True,,0.05,,0,False,kivi_4bit_residual64,True,,balanced_two_gpu,1,persistent,27482.959030894563,26954,31517.638318939134,,,50.0,43.39453125,6.099365234375,6.099365234375,6.099365234375,2122.987220995128,unknown,True,,True,,False,,15401.92431640625,True,static_safe,False,0.03418803418803419,0.03418803418803419,kivi_4bit_residual64,0.03418803418803419,,risk_evidence_insufficient,0.0,static_safe,251.66008388623595,,,,hybrid-session-004-turn-3,6.099365234375,0.0,6.099365234375,0.0,0.3418803418803419,/DATACENTER3/zhenxiang.wang/work/TailGuardKV/.worktrees/baseline-smoke-final-aggregation/out/full_25session_baseline_9_14/full/policy_attempts/full40_20260916_h2o_static_safe/seed20260906,False,calibrated unsafe,hybrid-session-004,qa,252.53049610182643,3,risk_evidence_insufficient
kivi_4bit_residual64,13.0,0.1,False,False,online_qwen,False,,/DATACENTER3/zhenxiang.wang/work/TailGuardKV/.worktrees/baseline-smoke-final-aggregation/out/full_25session_baseline_9_14/full/policy_attempts/full40_20260916_h2o_static_safe/seed20260906/config.yaml,,,,,0.1,True,,0.05,,0,False,kivi_4bit_residual64,True,,balanced_two_gpu,1,persistent,27482.959030894563,26954,31517.638318939134,,,50.0,49.206787109375,5.812255859375,5.812255859375,5.812255859375,2374.990904936567,unknown,True,,True,,False,,15395.16064453125,True,static_safe,False,0.0,0.0,kivi_4bit_residual64,0.0,,risk_evidence_insufficient,0.0,static_safe,271.3426509872079,,,,hybrid-session-005-turn-3,5.812255859375,0.0,5.812255859375,0.0,0.0,/DATACENTER3/zhenxiang.wang/work/TailGuardKV/.worktrees/baseline-smoke-final-aggregation/out/full_25session_baseline_9_14/full/policy_attempts/full40_20260916_h2o_static_safe/seed20260906,True,calibrated safe,hybrid-session-005,summary,272.2676210105419,3,risk_evidence_insufficient
kivi_4bit_residual64,13.0,0.1,False,True,online_qwen,True,,/DATACENTER3/zhenxiang.wang/work/TailGuardKV/.worktrees/baseline-smoke-final-aggregation/out/full_25session_baseline_9_14/full/policy_attempts/full40_20260916_h2o_static_safe/seed20260906/config.yaml,,,,,0.1,True,,0.05,,9.435302734375,False,kivi_4bit_residual64,True,,balanced_two_gpu,1,persistent,27482.959030894563,26954,31517.638318939134,,,50.0,46.462158203125,6.690673828125,6.690673828125,6.690673828125,2781.170291127637,unknown,True,,True,,False,,15487.4228515625,True,static_safe,False,0.0,0.0,kivi_4bit_residual64,0.0,,risk_evidence_insufficient,0.0,static_safe,328.68299819529057,,,,hybrid-session-006-turn-3,6.690673828125,0.0,6.690673828125,0.0,0.0,/DATACENTER3/zhenxiang.wang/work/TailGuardKV/.worktrees/baseline-smoke-final-aggregation/out/full_25session_baseline_9_14/full/policy_attempts/full40_20260916_h2o_static_safe/seed20260906,True,calibrated safe,hybrid-session-006,qa,329.5096210204065,3,risk_evidence_insufficient
kivi_4bit_residual64,13.0,0.1,False,True,online_qwen,True,,/DATACENTER3/zhenxiang.wang/work/TailGuardKV/.worktrees/baseline-smoke-final-aggregation/out/full_25session_baseline_9_14/full/policy_attempts/full40_20260916_h2o_static_safe/seed20260906/config.yaml,,,,,0.1,True,,0.05,,5.094482421875,False,kivi_4bit_residual64,True,,balanced_two_gpu,1,persistent,27482.959030894563,26954,31517.638318939134,,,50.0,46.964599609375,5.596923828125,5.596923828125,5.596923828125,2696.9950611237437,unknown,True,,True,,False,,15389.30126953125,True,static_safe,False,0.0,0.0,kivi_4bit_residual64,0.0,,risk_evidence_insufficient,0.0,static_safe,260.6504389550537,,,,hybrid-session-009-turn-3,5.596923828125,0.0,5.596923828125,0.0,0.0,/DATACENTER3/zhenxiang.wang/work/TailGuardKV/.worktrees/baseline-smoke-final-aggregation/out/full_25session_baseline_9_14/full/policy_attempts/full40_20260916_h2o_static_safe/seed20260906,True,calibrated safe,hybrid-session-009,summary,261.598511133343,3,risk_evidence_insufficient
kivi_4bit_residual64,13.0,0.1,False,True,online_qwen,True,,/DATACENTER3/zhenxiang.wang/work/TailGuardKV/.worktrees/baseline-smoke-final-aggregation/out/full_25session_baseline_9_14/full/policy_attempts/full40_20260916_h2o_static_safe/seed20260906/config.yaml,,,,,0.1,True,,0.05,,5.436279296875,False,kivi_4bit_residual64,True,,balanced_two_gpu,1,persistent,27482.959030894563,26954,31517.638318939134,,,50.0,47.591796875,6.0634765625,6.0634765625,6.0634765625,2672.3425260279328,unknown,True,,True,,False,,15410.09326171875,True,static_safe,False,0.0,0.0,kivi_4bit_residual64,0.0,,risk_evidence_insufficient,0.0,static_safe,265.8285670913756,,,,hybrid-session-010-turn-3,6.0634765625,0.0,6.0634765625,0.0,0.0,/DATACENTER3/zhenxiang.wang/work/TailGuardKV/.worktrees/baseline-smoke-final-aggregation/out/full_25session_baseline_9_14/full/policy_attempts/full40_20260916_h2o_static_safe/seed20260906,True,calibrated safe,hybrid-session-010,qa,266.70361403375864,3,risk_evidence_insufficient
kivi_4bit_residual64,13.0,0.1,False,True,online_qwen,True,,/DATACENTER3/zhenxiang.wang/work/TailGuardKV/.worktrees/baseline-smoke-final-aggregation/out/full_25session_baseline_9_14/full/policy_attempts/full40_20260916_h2o_static_safe/seed20260906/config.yaml,,,,,0.1,True,,0.05,,5.2021484375,False,kivi_4bit_residual64,True,,balanced_two_gpu,1,persistent,27482.959030894563,26954,31517.638318939134,,,50.0,46.229736328125,3.840087890625,3.840087890625,3.840087890625,2623.6579581163824,unknown,True,,True,,False,,15220.80126953125,True,static_safe,False,0.0,0.0,kivi_4bit_residual64,0.0,,risk_evidence_insufficient,0.0,static_safe,201.34806912392378,,,,hybrid-session-013-turn-3,3.840087890625,0.0,3.840087890625,0.0,0.0,/DATACENTER3/zhenxiang.wang/work/TailGuardKV/.worktrees/baseline-smoke-final-aggregation/out/full_25session_baseline_9_14/full/policy_attempts/full40_20260916_h2o_static_safe/seed20260906,True,calibrated safe,hybrid-session-013,summary,202.1616161800921,3,risk_evidence_insufficient
kivi_4bit_residual64,13.0,0.1,False,True,online_qwen,True,,/DATACENTER3/zhenxiang.wang/work/TailGuardKV/.worktrees/baseline-smoke-final-aggregation/out/full_25session_baseline_9_14/full/policy_attempts/full40_20260916_h2o_static_safe/seed20260906/config.yaml,,,,,0.1,True,,0.05,,6.386474609375,False,kivi_4bit_residual64,True,,balanced_two_gpu,1,persistent,27482.959030894563,26954,31517.638318939134,,,50.0,46.229736328125,6.386474609375,6.386474609375,6.386474609375,2689.0897711273283,unknown,True,,True,,False,,15423.89111328125,True,static_safe,False,0.0,0.0,kivi_4bit_residual64,0.0,,risk_evidence_insufficient,0.0,static_safe,262.4826228711754,,,,hybrid-session-016-turn-3,6.386474609375,0.0,6.386474609375,0.0,0.0,/DATACENTER3/zhenxiang.wang/work/TailGuardKV/.worktrees/baseline-smoke-final-aggregation/out/full_25session_baseline_9_14/full/policy_attempts/full40_20260916_h2o_static_safe/seed20260906,True,calibrated safe,hybrid-session-016,qa,263.30960099585354,3,risk_evidence_insufficient
kivi_4bit_residual64,13.0,0.1,False,True,online_qwen,True,,/DATACENTER3/zhenxiang.wang/work/TailGuardKV/.worktrees/baseline-smoke-final-aggregation/out/full_25session_baseline_9_14/full/policy_attempts/full40_20260916_h2o_static_safe/seed20260906/config.yaml,,,,,0.1,True,,0.05,,5.740478515625,False,kivi_4bit_residual64,True,,balanced_two_gpu,1,persistent,27482.959030894563,26954,31517.638318939134,,,50.0,46.875732421875,6.386474609375,6.386474609375,6.386474609375,2701.2617259752005,unknown,True,,True,,False,,15423.89111328125,True,static_safe,False,0.0,0.0,kivi_4bit_residual64,0.0,,risk_evidence_insufficient,0.0,static_safe,263.5775210801512,,,,hybrid-session-020-turn-3,6.386474609375,0.0,6.386474609375,0.0,0.0,/DATACENTER3/zhenxiang.wang/work/TailGuardKV/.worktrees/baseline-smoke-final-aggregation/out/full_25session_baseline_9_14/full/policy_attempts/full40_20260916_h2o_static_safe/seed20260906,True,calibrated safe,hybrid-session-020,qa,264.40899609588087,3,risk_evidence_insufficient
kivi_4bit_residual64,13.0,0.1,False,True,online_qwen,True,,/DATACENTER3/zhenxiang.wang/work/TailGuardKV/.worktrees/baseline-smoke-final-aggregation/out/full_25session_baseline_9_14/full/policy_attempts/full40_20260916_h2o_static_safe/seed20260906/config.yaml,,,,,0.1,True,,0.05,,6.099365234375,False,kivi_4bit_residual64,True,,balanced_two_gpu,1,persistent,27482.959030894563,26954,31517.638318939134,,,50.0,47.521728515625,6.745361328125,6.745361328125,6.745361328125,2731.775772990659,unknown,True,,True,,False,,15440.17822265625,True,static_safe,False,0.0,0.0,kivi_4bit_residual64,0.0,,risk_evidence_insufficient,0.0,static_safe,273.54332990944386,,,,hybrid-session-021-turn-3,6.745361328125,0.0,6.745361328125,0.0,0.0,/DATACENTER3/zhenxiang.wang/work/TailGuardKV/.worktrees/baseline-smoke-final-aggregation/out/full_25session_baseline_9_14/full/policy_attempts/full40_20260916_h2o_static_safe/seed20260906,True,calibrated safe,hybrid-session-021,summary,274.4129579514265,3,risk_evidence_insufficient
kivi_4bit_residual64,13.0,0.1,False,True,online_qwen,True,,/DATACENTER3/zhenxiang.wang/work/TailGuardKV/.worktrees/baseline-smoke-final-aggregation/out/full_25session_baseline_9_14/full/policy_attempts/full40_20260916_h2o_static_safe/seed20260906/config.yaml,,,,,0.1,True,,0.05,,5.812255859375,False,kivi_4bit_residual64,True,,balanced_two_gpu,1,persistent,27482.959030894563,26954,31517.638318939134,,,50.0,47.5576171875,5.84814453125,5.84814453125,5.84814453125,2663.884119829163,unknown,True,,True,,False,,15400.72021484375,True,static_safe,False,0.0,0.0,kivi_4bit_residual64,0.0,,risk_evidence_insufficient,0.0,static_safe,271.83746197260916,,,,hybrid-session-025-turn-3,5.84814453125,0.0,5.84814453125,0.0,0.0,/DATACENTER3/zhenxiang.wang/work/TailGuardKV/.worktrees/baseline-smoke-final-aggregation/out/full_25session_baseline_9_14/full/policy_attempts/full40_20260916_h2o_static_safe/seed20260906,True,calibrated safe,hybrid-session-025,summary,272.62537204660475,3,risk_evidence_insufficient
kivi_4bit_residual64,13.0,0.1,False,True,online_qwen,True,,/DATACENTER3/zhenxiang.wang/work/TailGuardKV/.worktrees/baseline-smoke-final-aggregation/out/full_25session_baseline_9_14/full/policy_attempts/full40_20260916_h2o_static_safe/seed20260906/config.yaml,,,,,0.1,True,,0.05,,6.690673828125,False,kivi_4bit_residual64,True,,balanced_two_gpu,1,persistent,27482.959030894563,26954,31517.638318939134,,,50.0,46.552734375,5.685791015625,5.685791015625,5.685791015625,2743.2972439564764,unknown,True,,True,,False,,15445.77001953125,True,static_safe,False,0.03418803418803419,0.03418803418803419,kivi_4bit_residual64,0.03418803418803419,,risk_evidence_insufficient,0.0,static_safe,275.2933690790087,,,,hybrid-session-026-turn-3,5.685791015625,0.0,5.685791015625,0.0,0.3418803418803419,/DATACENTER3/zhenxiang.wang/work/TailGuardKV/.worktrees/baseline-smoke-final-aggregation/out/full_25session_baseline_9_14/full/policy_attempts/full40_20260916_h2o_static_safe/seed20260906,False,calibrated unsafe,hybrid-session-026,qa,276.1325500905514,3,risk_evidence_insufficient
kivi_4bit_residual64,13.0,0.1,False,True,online_qwen,True,,/DATACENTER3/zhenxiang.wang/work/TailGuardKV/.worktrees/baseline-smoke-final-aggregation/out/full_25session_baseline_9_14/full/policy_attempts/full40_20260916_h2o_static_safe/seed20260906/config.yaml,,,,,0.1,True,,0.05,,5.596923828125,False,kivi_4bit_residual64,True,,balanced_two_gpu,1,persistent,27482.959030894563,26954,31517.638318939134,,,50.0,47.646484375,6.690673828125,6.690673828125,6.690673828125,2741.673074895516,unknown,True,,True,,False,,15484.7021484375,True,static_safe,False,0.0,0.0,kivi_4bit_residual64,0.0,,risk_evidence_insufficient,0.0,static_safe,308.8693101890385,,,,hybrid-session-002-turn-4,6.690673828125,0.0,6.690673828125,0.0,0.0,/DATACENTER3/zhenxiang.wang/work/TailGuardKV/.worktrees/baseline-smoke-final-aggregation/out/full_25session_baseline_9_14/full/policy_attempts/full40_20260916_h2o_static_safe/seed20260906,True,calibrated safe,hybrid-session-002,qa,309.6730918623507,4,risk_evidence_insufficient
kivi_4bit_residual64,13.0,0.1,False,True,online_qwen,True,,/DATACENTER3/zhenxiang.wang/work/TailGuardKV/.worktrees/baseline-smoke-final-aggregation/out/full_25session_baseline_9_14/full/policy_attempts/full40_20260916_h2o_static_safe/seed20260906/config.yaml,,,,,0.1,True,,0.05,,6.0634765625,False,kivi_4bit_residual64,True,,balanced_two_gpu,1,persistent,27482.959030894563,26954,31517.638318939134,,,50.0,47.627685546875,6.044677734375,6.044677734375,6.044677734375,2755.3352368995547,unknown,True,,True,,False,,15461.45166015625,True,static_safe,False,0.0,0.0,kivi_4bit_residual64,0.0,,risk_evidence_insufficient,0.0,static_safe,274.52103793621063,,,,hybrid-session-003-turn-4,6.044677734375,0.0,6.044677734375,0.0,0.0,/DATACENTER3/zhenxiang.wang/work/TailGuardKV/.worktrees/baseline-smoke-final-aggregation/out/full_25session_baseline_9_14/full/policy_attempts/full40_20260916_h2o_static_safe/seed20260906,True,calibrated safe,hybrid-session-003,summary,275.2782490570098,4,risk_evidence_insufficient
kivi_4bit_residual64,13.0,0.1,False,True,online_qwen,True,,/DATACENTER3/zhenxiang.wang/work/TailGuardKV/.worktrees/baseline-smoke-final-aggregation/out/full_25session_baseline_9_14/full/policy_attempts/full40_20260916_h2o_static_safe/seed20260906/config.yaml,,,,,0.1,True,,0.05,,10.2265625,False,kivi_4bit_residual64,True,,balanced_two_gpu,1,persistent,27482.959030894563,26954,31517.638318939134,,,50.0,43.8046875,6.403564453125,6.403564453125,6.403564453125,2753.8096790667623,unknown,True,,True,,False,,15475.1767578125,True,static_safe,False,0.0,0.0,kivi_4bit_residual64,0.0,,risk_evidence_insufficient,0.0,static_safe,314.14458295330405,,,,hybrid-session-004-turn-4,6.403564453125,0.0,6.403564453125,0.0,0.0,/DATACENTER3/zhenxiang.wang/work/TailGuardKV/.worktrees/baseline-smoke-final-aggregation/out/full_25session_baseline_9_14/full/policy_attempts/full40_20260916_h2o_static_safe/seed20260906,True,calibrated safe,hybrid-session-004,qa,314.92121890187263,4,risk_evidence_insufficient
kivi_4bit_residual64,13.0,0.1,False,False,online_qwen,False,,/DATACENTER3/zhenxiang.wang/work/TailGuardKV/.worktrees/baseline-smoke-final-aggregation/out/full_25session_baseline_9_14/full/policy_attempts/full40_20260916_h2o_static_safe/seed20260906/config.yaml,,,,,0.1,True,,0.05,,0,False,kivi_4bit_residual64,True,,balanced_two_gpu,1,persistent,27482.959030894563,26954,31517.638318939134,,,50.0,49.88525390625,6.08056640625,6.08056640625,6.08056640625,2740.675870096311,unknown,True,,True,,False,,15457.61279296875,True,static_safe,False,0.0,0.0,kivi_4bit_residual64,0.0,,risk_evidence_insufficient,0.0,static_safe,274.6742069721222,,,,hybrid-session-005-turn-4,6.08056640625,0.0,6.08056640625,0.0,0.0,/DATACENTER3/zhenxiang.wang/work/TailGuardKV/.worktrees/baseline-smoke-final-aggregation/out/full_25session_baseline_9_14/full/policy_attempts/full40_20260916_h2o_static_safe/seed20260906,True,calibrated safe,hybrid-session-005,summary,275.57198610156775,4,risk_evidence_insufficient
kivi_4bit_residual64,13.0,0.1,False,True,online_qwen,True,,/DATACENTER3/zhenxiang.wang/work/TailGuardKV/.worktrees/baseline-smoke-final-aggregation/out/full_25session_baseline_9_14/full/policy_attempts/full40_20260916_h2o_static_safe/seed20260906/config.yaml,,,,,0.1,True,,0.05,,13.1318359375,False,kivi_4bit_residual64,True,,balanced_two_gpu,1,persistent,27482.959030894563,26954,31517.638318939134,,,50.0,43.748291015625,6.994873046875,6.994873046875,6.994873046875,2751.6826409846544,unknown,True,,True,,False,,15550.0009765625,True,static_safe,False,0.0,0.0,kivi_4bit_residual64,0.0,,risk_evidence_insufficient,0.0,static_safe,322.47623102739453,,,,hybrid-session-006-turn-4,6.994873046875,0.0,6.994873046875,0.0,0.0,/DATACENTER3/zhenxiang.wang/work/TailGuardKV/.worktrees/baseline-smoke-final-aggregation/out/full_25session_baseline_9_14/full/policy_attempts/full40_20260916_h2o_static_safe/seed20260906,True,calibrated safe,hybrid-session-006,qa,323.31673917360604,4,risk_evidence_insufficient
kivi_4bit_residual64,13.0,0.1,True,False,online_qwen,False,,/DATACENTER3/zhenxiang.wang/work/TailGuardKV/.worktrees/baseline-smoke-final-aggregation/out/full_25session_baseline_9_14/full/policy_attempts/full40_20260916_h2o_static_safe/seed20260906/config.yaml,,,,,0.1,True,,0.05,,0,False,kivi_4bit_residual64,True,,balanced_two_gpu,1,persistent,27482.959030894563,26954,31517.638318939134,,,50.0,49.6494140625,5.901123046875,5.901123046875,5.901123046875,2730.1054769195616,unknown,True,,True,,False,,15451.90087890625,True,static_safe,False,0.0,0.0,kivi_4bit_residual64,0.0,,risk_evidence_insufficient,0.0,static_safe,275.37053916603327,,,,hybrid-session-009-turn-4,5.901123046875,0.0,5.901123046875,0.0,0.0,/DATACENTER3/zhenxiang.wang/work/TailGuardKV/.worktrees/baseline-smoke-final-aggregation/out/full_25session_baseline_9_14/full/policy_attempts/full40_20260916_h2o_static_safe/seed20260906,True,calibrated safe,hybrid-session-009,summary,276.0879350826144,4,risk_evidence_insufficient
kivi_4bit_residual64,13.0,0.1,False,True,online_qwen,True,,/DATACENTER3/zhenxiang.wang/work/TailGuardKV/.worktrees/baseline-smoke-final-aggregation/out/full_25session_baseline_9_14/full/policy_attempts/full40_20260916_h2o_static_safe/seed20260906/config.yaml,,,,,0.1,True,,0.05,,11.533935546875,False,kivi_4bit_residual64,True,,balanced_two_gpu,1,persistent,27482.959030894563,26954,31517.638318939134,,,50.0,44.483154296875,6.36767578125,6.36767578125,6.36767578125,2760.104798944667,unknown,True,,True,,False,,15473.984375,True,static_safe,False,0.0,0.0,kivi_4bit_residual64,0.0,,risk_evidence_insufficient,0.0,static_safe,316.54992420226336,,,,hybrid-session-010-turn-4,6.36767578125,0.0,6.36767578125,0.0,0.0,/DATACENTER3/zhenxiang.wang/work/TailGuardKV/.worktrees/baseline-smoke-final-aggregation/out/full_25session_baseline_9_14/full/policy_attempts/full40_20260916_h2o_static_safe/seed20260906,True,calibrated safe,hybrid-session-010,qa,317.6141600124538,4,risk_evidence_insufficient
kivi_4bit_residual64,13.0,0.1,True,False,online_qwen,False,,/DATACENTER3/zhenxiang.wang/work/TailGuardKV/.worktrees/baseline-smoke-final-aggregation/out/full_25session_baseline_9_14/full/policy_attempts/full40_20260916_h2o_static_safe/seed20260906/config.yaml,,,,,0.1,True,,0.05,"OutOfMemoryError: CUDA out of memory. Tried to allocate 20.00 MiB. GPU 0 has a total capacity of 10.75 GiB of which 17.62 MiB is free. Including non-PyTorch memory, this process has 7.83 GiB memory in use. Process 31125 has 2.90 GiB memory in use. Of the allocated memory 6.92 GiB is allocated by PyTorch, and 113.78 MiB is reserved by PyTorch but unallocated. If reserved but unallocated memory is large try setting PYTORCH_CUDA_ALLOC_CONF=expandable_segments:True to avoid fragmentation.  See documentation for Memory Management  (https://pytorch.org/docs/stable/notes/cuda.html#environment-variables)",44.483154296875,False,kivi_4bit_residual64,True,,balanced_two_gpu,1,persistent,27482.959030894563,26954,31517.638318939134,true,,50.0,0.0,,,,,unknown,False,,False,,False,,,True,static_safe,False,0.0,0.0,kivi_4bit_residual64,0.0,,risk_evidence_insufficient,0.0,static_safe,0.0,,,,hybrid-session-013-turn-4,0.0,0.0,,0.0,0.0,/DATACENTER3/zhenxiang.wang/work/TailGuardKV/.worktrees/baseline-smoke-final-aggregation/out/full_25session_baseline_9_14/full/policy_attempts/full40_20260916_h2o_static_safe/seed20260906,True,calibrated safe,hybrid-session-013,summary,,4,risk_evidence_insufficient
kivi_4bit_residual64,13.0,0.1,False,False,online_qwen,False,,/DATACENTER3/zhenxiang.wang/work/TailGuardKV/.worktrees/baseline-smoke-final-aggregation/out/full_25session_baseline_9_14/full/policy_attempts/full40_20260916_h2o_static_safe/seed20260906/config.yaml,,,,,0.1,True,,0.05,,0,False,kivi_4bit_residual64,True,,balanced_two_gpu,1,persistent,27482.959030894563,26954,31517.638318939134,,,50.0,6.690673828125,6.690673828125,6.690673828125,6.690673828125,45232.50025296211,unknown,True,,True,,False,,15438.0126953125,True,static_safe,False,0.0,0.0,kivi_4bit_residual64,0.0,,risk_evidence_insufficient,0.0,static_safe,43380.812640950084,,,,hybrid-session-016-turn-4,6.690673828125,0.0,6.690673828125,0.0,0.0,/DATACENTER3/zhenxiang.wang/work/TailGuardKV/.worktrees/baseline-smoke-final-aggregation/out/full_25session_baseline_9_14/full/policy_attempts/full40_20260916_h2o_static_safe/seed20260906,True,calibrated safe,hybrid-session-016,qa,43381.81666093506,4,risk_evidence_insufficient
kivi_4bit_residual64,13.0,0.1,False,False,online_qwen,False,,/DATACENTER3/zhenxiang.wang/work/TailGuardKV/.worktrees/baseline-smoke-final-aggregation/out/full_25session_baseline_9_14/full/policy_attempts/full40_20260916_h2o_static_safe/seed20260906/config.yaml,,,,,0.1,True,,0.05,,0,False,kivi_4bit_residual64,True,,balanced_two_gpu,1,persistent,27482.959030894563,26954,31517.638318939134,,,50.0,13.38134765625,6.690673828125,6.690673828125,6.690673828125,2698.2192078139633,unknown,True,,True,,False,,15444.7119140625,True,static_safe,False,0.0,0.0,kivi_4bit_residual64,0.0,,risk_evidence_insufficient,0.0,static_safe,301.95056181401014,,,,hybrid-session-020-turn-4,6.690673828125,0.0,6.690673828125,0.0,0.0,/DATACENTER3/zhenxiang.wang/work/TailGuardKV/.worktrees/baseline-smoke-final-aggregation/out/full_25session_baseline_9_14/full/policy_attempts/full40_20260916_h2o_static_safe/seed20260906,True,calibrated safe,hybrid-session-020,qa,302.83706984482706,4,risk_evidence_insufficient
kivi_4bit_residual64,13.0,0.1,False,False,online_qwen,False,,/DATACENTER3/zhenxiang.wang/work/TailGuardKV/.worktrees/baseline-smoke-final-aggregation/out/full_25session_baseline_9_14/full/policy_attempts/full40_20260916_h2o_static_safe/seed20260906/config.yaml,,,,,0.1,True,,0.05,,0,False,kivi_4bit_residual64,True,,balanced_two_gpu,1,persistent,27482.959030894563,26954,31517.638318939134,,,50.0,20.430908203125,7.049560546875,7.049560546875,7.049560546875,2691.3092678878456,unknown,True,,True,,False,,15466.6689453125,True,static_safe,False,0.0,0.0,kivi_4bit_residual64,0.0,,risk_evidence_insufficient,0.0,static_safe,323.2347199227661,,,,hybrid-session-021-turn-4,7.049560546875,0.0,7.049560546875,0.0,0.0,/DATACENTER3/zhenxiang.wang/work/TailGuardKV/.worktrees/baseline-smoke-final-aggregation/out/full_25session_baseline_9_14/full/policy_attempts/full40_20260916_h2o_static_safe/seed20260906,True,calibrated safe,hybrid-session-021,summary,324.0281098987907,4,risk_evidence_insufficient
kivi_4bit_residual64,13.0,0.1,False,False,online_qwen,False,,/DATACENTER3/zhenxiang.wang/work/TailGuardKV/.worktrees/baseline-smoke-final-aggregation/out/full_25session_baseline_9_14/full/policy_attempts/full40_20260916_h2o_static_safe/seed20260906/config.yaml,,,,,0.1,True,,0.05,,0,False,kivi_4bit_residual64,True,,balanced_two_gpu,1,persistent,27482.959030894563,26954,31517.638318939134,,,50.0,26.583251953125,6.15234375,6.15234375,6.15234375,2704.7365559265018,unknown,True,,True,,False,,15442.7470703125,True,static_safe,False,0.0,0.0,kivi_4bit_residual64,0.0,,risk_evidence_insufficient,0.0,static_safe,313.22355195879936,,,,hybrid-session-025-turn-4,6.15234375,0.0,6.15234375,0.0,0.0,/DATACENTER3/zhenxiang.wang/work/TailGuardKV/.worktrees/baseline-smoke-final-aggregation/out/full_25session_baseline_9_14/full/policy_attempts/full40_20260916_h2o_static_safe/seed20260906,True,calibrated safe,hybrid-session-025,summary,314.13056794553995,4,risk_evidence_insufficient
kivi_4bit_residual64,13.0,0.1,False,False,online_qwen,False,,/DATACENTER3/zhenxiang.wang/work/TailGuardKV/.worktrees/baseline-smoke-final-aggregation/out/full_25session_baseline_9_14/full/policy_attempts/full40_20260916_h2o_static_safe/seed20260906/config.yaml,,,,,0.1,True,,0.05,,0,False,kivi_4bit_residual64,True,,balanced_two_gpu,1,persistent,27482.959030894563,26954,31517.638318939134,,,50.0,33.7763671875,7.193115234375,7.193115234375,7.193115234375,2716.430321801454,unknown,True,,True,,False,,15485.1865234375,True,static_safe,False,0.03418803418803419,0.03418803418803419,kivi_4bit_residual64,0.03418803418803419,,risk_evidence_insufficient,0.0,static_safe,316.83828704990447,,,,hybrid-session-026-turn-4,7.193115234375,0.0,7.193115234375,0.0,0.3418803418803419,/DATACENTER3/zhenxiang.wang/work/TailGuardKV/.worktrees/baseline-smoke-final-aggregation/out/full_25session_baseline_9_14/full/policy_attempts/full40_20260916_h2o_static_safe/seed20260906,False,calibrated unsafe,hybrid-session-026,qa,317.67694279551506,4,risk_evidence_insufficient
kivi_2bit_residual64,1.0,0.1,False,False,online_qwen,False,5.0,/DATACENTER3/zhenxiang.wang/work/TailGuardKV/.worktrees/baseline-smoke-final-aggregation/out/full_25session_baseline_9_14/full/policy_attempts/full40_20260916_h2o_static_safe/seed20260906/config.yaml,,,,,0.1,True,,0.05,,0,False,kivi_2bit_residual64,True,,balanced_two_gpu,1,persistent,27025.06605698727,32484,31060.034815920517,,,50.0,2.078125,2.078125,2.078125,2.078125,5467.911845073104,unknown,True,,True,,False,,15070.54150390625,True,utility_dynamic,True,0.0,0.0,kivi_2bit_residual64,0.0,,risk_evidence_insufficient,0.0,utility_dynamic,0.0,,,,hybrid-session-002-turn-0,2.078125,0.0,2.078125,0.0,0.0,/DATACENTER3/zhenxiang.wang/work/TailGuardKV/.worktrees/baseline-smoke-final-aggregation/out/full_25session_baseline_9_14/full/policy_attempts/full40_20260916_h2o_static_safe/seed20260906,True,,hybrid-session-002,chat,3900.8772941306233,0,risk_evidence_insufficient
kivi_2bit_residual64,2.0,0.1,False,False,online_qwen,False,4.0,/DATACENTER3/zhenxiang.wang/work/TailGuardKV/.worktrees/baseline-smoke-final-aggregation/out/full_25session_baseline_9_14/full/policy_attempts/full40_20260916_h2o_static_safe/seed20260906/config.yaml,,,,,0.1,True,,0.05,,0,False,kivi_2bit_residual64,True,,balanced_two_gpu,1,persistent,27025.06605698727,32484,31060.034815920517,,,50.0,3.5546875,1.4765625,1.4765625,1.4765625,1688.3884470444173,unknown,True,,True,,False,,15055.19384765625,True,utility_dynamic,True,0.0,0.0,kivi_2bit_residual64,0.0,,risk_evidence_insufficient,0.0,utility_dynamic,0.0,,,,hybrid-session-003-turn-0,1.4765625,0.0,1.4765625,0.0,0.0,/DATACENTER3/zhenxiang.wang/work/TailGuardKV/.worktrees/baseline-smoke-final-aggregation/out/full_25session_baseline_9_14/full/policy_attempts/full40_20260916_h2o_static_safe/seed20260906,True,,hybrid-session-003,chat,94.61161703802645,0,risk_evidence_insufficient
kivi_2bit_residual64,3.0,0.1,False,False,online_qwen,False,4.0,/DATACENTER3/zhenxiang.wang/work/TailGuardKV/.worktrees/baseline-smoke-final-aggregation/out/full_25session_baseline_9_14/full/policy_attempts/full40_20260916_h2o_static_safe/seed20260906/config.yaml,,,,,0.1,True,,0.05,,0,False,kivi_2bit_residual64,True,,balanced_two_gpu,1,persistent,27025.06605698727,32484,31060.034815920517,,,50.0,5.3046875,1.75,1.75,1.75,1680.6484069675207,unknown,True,,True,,False,,15063.70947265625,True,utility_dynamic,True,0.0,0.0,kivi_2bit_residual64,0.0,,risk_evidence_insufficient,0.0,utility_dynamic,0.0,,,,hybrid-session-004-turn-0,1.75,0.0,1.75,0.0,0.0,/DATACENTER3/zhenxiang.wang/work/TailGuardKV/.worktrees/baseline-smoke-final-aggregation/out/full_25session_baseline_9_14/full/policy_attempts/full40_20260916_h2o_static_safe/seed20260906,True,,hybrid-session-004,chat,115.18884892575443,0,risk_evidence_insufficient
kivi_2bit_residual64,4.0,0.1,False,False,online_qwen,False,4.0,/DATACENTER3/zhenxiang.wang/work/TailGuardKV/.worktrees/baseline-smoke-final-aggregation/out/full_25session_baseline_9_14/full/policy_attempts/full40_20260916_h2o_static_safe/seed20260906/config.yaml,,,,,0.1,True,,0.05,,0,False,kivi_2bit_residual64,True,,balanced_two_gpu,1,persistent,27025.06605698727,32484,31060.034815920517,,,50.0,7.21875,1.9140625,1.9140625,1.9140625,1697.496143868193,unknown,True,,True,,False,,15070.26806640625,True,utility_dynamic,True,0.0,0.0,kivi_2bit_residual64,0.0,,risk_evidence_insufficient,0.0,utility_dynamic,0.0,,,,hybrid-session-005-turn-0,1.9140625,0.0,1.9140625,0.0,0.0,/DATACENTER3/zhenxiang.wang/work/TailGuardKV/.worktrees/baseline-smoke-final-aggregation/out/full_25session_baseline_9_14/full/policy_attempts/full40_20260916_h2o_static_safe/seed20260906,True,,hybrid-session-005,chat,123.2702590059489,0,risk_evidence_insufficient
kivi_2bit_residual64,5.0,0.1,False,False,online_qwen,False,4.0,/DATACENTER3/zhenxiang.wang/work/TailGuardKV/.worktrees/baseline-smoke-final-aggregation/out/full_25session_baseline_9_14/full/policy_attempts/full40_20260916_h2o_static_safe/seed20260906/config.yaml,,,,,0.1,True,,0.05,,0,False,kivi_2bit_residual64,True,,balanced_two_gpu,1,persistent,27025.06605698727,32484,31060.034815920517,,,50.0,9.84375,2.625,2.625,2.625,1687.996715074405,unknown,True,,True,,False,,15093.27587890625,True,utility_dynamic,True,0.0,0.0,kivi_2bit_residual64,0.0,,risk_evidence_insufficient,0.0,utility_dynamic,0.0,,,,hybrid-session-006-turn-0,2.625,0.0,2.625,0.0,0.0,/DATACENTER3/zhenxiang.wang/work/TailGuardKV/.worktrees/baseline-smoke-final-aggregation/out/full_25session_baseline_9_14/full/policy_attempts/full40_20260916_h2o_static_safe/seed20260906,True,,hybrid-session-006,chat,126.65414996445179,0,risk_evidence_insufficient
kivi_2bit_residual64,6.0,0.1,False,False,online_qwen,False,4.0,/DATACENTER3/zhenxiang.wang/work/TailGuardKV/.worktrees/baseline-smoke-final-aggregation/out/full_25session_baseline_9_14/full/policy_attempts/full40_20260916_h2o_static_safe/seed20260906/config.yaml,,,,,0.1,True,,0.05,,0,False,kivi_2bit_residual64,True,,balanced_two_gpu,1,persistent,27025.06605698727,32484,31060.034815920517,,,50.0,11.5390625,1.6953125,1.6953125,1.6953125,1675.181739963591,unknown,True,,True,,False,,15068.48681640625,True,utility_dynamic,True,0.0,0.0,kivi_2bit_residual64,0.0,,risk_evidence_insufficient,0.0,utility_dynamic,0.0,,,,hybrid-session-009-turn-0,1.6953125,0.0,1.6953125,0.0,0.0,/DATACENTER3/zhenxiang.wang/work/TailGuardKV/.worktrees/baseline-smoke-final-aggregation/out/full_25session_baseline_9_14/full/policy_attempts/full40_20260916_h2o_static_safe/seed20260906,True,,hybrid-session-009,chat,106.77483584731817,0,risk_evidence_insufficient
kivi_2bit_residual64,7.0,0.1,False,False,online_qwen,False,4.0,/DATACENTER3/zhenxiang.wang/work/TailGuardKV/.worktrees/baseline-smoke-final-aggregation/out/full_25session_baseline_9_14/full/policy_attempts/full40_20260916_h2o_static_safe/seed20260906/config.yaml,,,,,0.1,True,,0.05,,0,False,kivi_2bit_residual64,True,,balanced_two_gpu,1,persistent,27025.06605698727,32484,31060.034815920517,,,50.0,13.0703125,1.53125,1.53125,1.53125,1525.9432981256396,unknown,True,,True,,False,,15065.87646484375,True,utility_dynamic,True,0.0,0.0,kivi_2bit_residual64,0.0,,risk_evidence_insufficient,0.0,utility_dynamic,0.0,,,,hybrid-session-010-turn-0,1.53125,0.0,1.53125,0.0,0.0,/DATACENTER3/zhenxiang.wang/work/TailGuardKV/.worktrees/baseline-smoke-final-aggregation/out/full_25session_baseline_9_14/full/policy_attempts/full40_20260916_h2o_static_safe/seed20260906,True,,hybrid-session-010,chat,116.2711069919169,0,risk_evidence_insufficient
kivi_2bit_residual64,8.0,0.1,False,False,online_qwen,False,4.0,/DATACENTER3/zhenxiang.wang/work/TailGuardKV/.worktrees/baseline-smoke-final-aggregation/out/full_25session_baseline_9_14/full/policy_attempts/full40_20260916_h2o_static_safe/seed20260906/config.yaml,,,,,0.1,True,,0.05,,0,False,kivi_2bit_residual64,True,,balanced_two_gpu,1,persistent,27025.06605698727,32484,31060.034815920517,,,50.0,14.875,1.8046875,1.8046875,1.8046875,1689.6226010285318,unknown,True,,True,,False,,15074.73681640625,True,utility_dynamic,True,0.0,0.0,kivi_2bit_residual64,0.0,,risk_evidence_insufficient,0.0,utility_dynamic,0.0,,,,hybrid-session-013-turn-0,1.8046875,0.0,1.8046875,0.0,0.0,/DATACENTER3/zhenxiang.wang/work/TailGuardKV/.worktrees/baseline-smoke-final-aggregation/out/full_25session_baseline_9_14/full/policy_attempts/full40_20260916_h2o_static_safe/seed20260906,True,,hybrid-session-013,chat,116.35806015692651,0,risk_evidence_insufficient
kivi_2bit_residual64,9.0,0.1,False,False,online_qwen,False,4.0,/DATACENTER3/zhenxiang.wang/work/TailGuardKV/.worktrees/baseline-smoke-final-aggregation/out/full_25session_baseline_9_14/full/policy_attempts/full40_20260916_h2o_static_safe/seed20260906/config.yaml,,,,,0.1,True,,0.05,,0,False,kivi_2bit_residual64,True,,balanced_two_gpu,1,persistent,27025.06605698727,32484,31060.034815920517,,,50.0,17.5,2.625,2.625,2.625,1434.1591880656779,unknown,True,,True,,False,,15100.93212890625,True,utility_dynamic,True,0.0,0.0,kivi_2bit_residual64,0.0,,risk_evidence_insufficient,0.0,utility_dynamic,0.0,,,,hybrid-session-016-turn-0,2.625,0.0,2.625,0.0,0.0,/DATACENTER3/zhenxiang.wang/work/TailGuardKV/.worktrees/baseline-smoke-final-aggregation/out/full_25session_baseline_9_14/full/policy_attempts/full40_20260916_h2o_static_safe/seed20260906,True,,hybrid-session-016,chat,122.82815505750477,0,risk_evidence_insufficient
kivi_2bit_residual32,10.0,0.1,False,False,online_qwen,False,2.0,/DATACENTER3/zhenxiang.wang/work/TailGuardKV/.worktrees/baseline-smoke-final-aggregation/out/full_25session_baseline_9_14/full/policy_attempts/full40_20260916_h2o_static_safe/seed20260906/config.yaml,,,,,0.1,True,,0.05,,17.5,False,kivi_2bit_residual64,True,,balanced_two_gpu,1,persistent,27025.06605698727,32484,31060.034815920517,,,50.0,1.4287109375,1.4287109375,1.4287109375,1.4287109375,46246.87861418724,unknown,True,,True,,False,,15078.29541015625,True,utility_dynamic,True,0.0,0.0,kivi_2bit_residual32,0.0,,risk_evidence_insufficient,0.0,utility_dynamic,0.0,,,,hybrid-session-020-turn-0,1.4287109375,0.0,1.4287109375,0.0,0.0,/DATACENTER3/zhenxiang.wang/work/TailGuardKV/.worktrees/baseline-smoke-final-aggregation/out/full_25session_baseline_9_14/full/policy_attempts/full40_20260916_h2o_static_safe/seed20260906,True,,hybrid-session-020,chat,41197.60959130153,0,risk_evidence_insufficient
kivi_2bit_residual64,11.0,0.1,False,False,online_qwen,False,4.0,/DATACENTER3/zhenxiang.wang/work/TailGuardKV/.worktrees/baseline-smoke-final-aggregation/out/full_25session_baseline_9_14/full/policy_attempts/full40_20260916_h2o_static_safe/seed20260906/config.yaml,,,,,0.1,True,,0.05,,1.4287109375,False,kivi_2bit_residual64,True,,balanced_two_gpu,1,persistent,27025.06605698727,32484,31060.034815920517,,,50.0,2.296875,2.296875,2.296875,2.296875,42327.03125810623,unknown,True,,True,,False,,15075.94775390625,True,utility_dynamic,True,0.0,0.0,kivi_2bit_residual64,0.0,,risk_evidence_insufficient,0.0,utility_dynamic,0.0,,,,hybrid-session-021-turn-0,2.296875,0.0,2.296875,0.0,0.0,/DATACENTER3/zhenxiang.wang/work/TailGuardKV/.worktrees/baseline-smoke-final-aggregation/out/full_25session_baseline_9_14/full/policy_attempts/full40_20260916_h2o_static_safe/seed20260906,True,,hybrid-session-021,chat,40775.530533943325,0,risk_evidence_insufficient
kivi_2bit_residual64,12.0,0.1,False,False,online_qwen,False,4.0,/DATACENTER3/zhenxiang.wang/work/TailGuardKV/.worktrees/baseline-smoke-final-aggregation/out/full_25session_baseline_9_14/full/policy_attempts/full40_20260916_h2o_static_safe/seed20260906/config.yaml,,,,,0.1,True,,0.05,,0,False,kivi_2bit_residual64,True,,balanced_two_gpu,1,persistent,27025.06605698727,32484,31060.034815920517,,,50.0,4.265625,1.96875,1.96875,1.96875,1675.625205039978,unknown,True,,True,,False,,15068.49853515625,True,utility_dynamic,True,0.0,0.0,kivi_2bit_residual64,0.0,,risk_evidence_insufficient,0.0,utility_dynamic,0.0,,,,hybrid-session-025-turn-0,1.96875,0.0,1.96875,0.0,0.0,/DATACENTER3/zhenxiang.wang/work/TailGuardKV/.worktrees/baseline-smoke-final-aggregation/out/full_25session_baseline_9_14/full/policy_attempts/full40_20260916_h2o_static_safe/seed20260906,True,,hybrid-session-025,chat,113.57514886185527,0,risk_evidence_insufficient
kivi_2bit_residual64,13.0,0.1,False,False,online_qwen,False,4.0,/DATACENTER3/zhenxiang.wang/work/TailGuardKV/.worktrees/baseline-smoke-final-aggregation/out/full_25session_baseline_9_14/full/policy_attempts/full40_20260916_h2o_static_safe/seed20260906/config.yaml,,,,,0.1,True,,0.05,,0,False,kivi_2bit_residual64,True,,balanced_two_gpu,1,persistent,27025.06605698727,32484,31060.034815920517,,,50.0,6.453125,2.1875,2.1875,2.1875,1658.9422798715532,unknown,True,,True,,False,,15076.51416015625,True,utility_dynamic,True,0.0,0.0,kivi_2bit_residual64,0.0,,risk_evidence_insufficient,0.0,utility_dynamic,0.0,,,,hybrid-session-026-turn-0,2.1875,0.0,2.1875,0.0,0.0,/DATACENTER3/zhenxiang.wang/work/TailGuardKV/.worktrees/baseline-smoke-final-aggregation/out/full_25session_baseline_9_14/full/policy_attempts/full40_20260916_h2o_static_safe/seed20260906,True,,hybrid-session-026,chat,109.49352895841002,0,risk_evidence_insufficient
kivi_2bit_residual64,13.0,0.1,False,False,online_qwen,False,8.0,/DATACENTER3/zhenxiang.wang/work/TailGuardKV/.worktrees/baseline-smoke-final-aggregation/out/full_25session_baseline_9_14/full/policy_attempts/full40_20260916_h2o_static_safe/seed20260906/config.yaml,,,,,0.1,True,,0.05,,0,False,kivi_2bit_residual64,True,,balanced_two_gpu,1,persistent,27025.06605698727,32484,31060.034815920517,,,50.0,8.823486328125,2.370361328125,2.370361328125,2.370361328125,5133.553639054298,unknown,True,,True,,False,,15129.29931640625,True,utility_dynamic,False,0.0,0.0,kivi_2bit_residual64,0.0,,risk_evidence_insufficient,0.0,utility_dynamic,118.68847999721766,,,,hybrid-session-002-turn-1,2.370361328125,0.0,2.370361328125,0.0,0.0,/DATACENTER3/zhenxiang.wang/work/TailGuardKV/.worktrees/baseline-smoke-final-aggregation/out/full_25session_baseline_9_14/full/policy_attempts/full40_20260916_h2o_static_safe/seed20260906,True,,hybrid-session-002,chat,119.51113305985928,1,risk_evidence_insufficient
kivi_2bit_residual64,13.0,0.1,True,False,online_qwen,False,8.0,/DATACENTER3/zhenxiang.wang/work/TailGuardKV/.worktrees/baseline-smoke-final-aggregation/out/full_25session_baseline_9_14/full/policy_attempts/full40_20260916_h2o_static_safe/seed20260906/config.yaml,,,,,0.1,True,,0.05,,0,False,kivi_2bit_residual64,True,,balanced_two_gpu,1,persistent,27025.06605698727,32484,31060.034815920517,,,50.0,11.831298828125,3.0078125,3.0078125,3.0078125,1306.625918019563,unknown,True,,True,,False,,15104.04345703125,True,utility_dynamic,False,0.0,0.0,kivi_2bit_residual64,0.0,,risk_evidence_insufficient,0.0,utility_dynamic,107.65043599531054,,,,hybrid-session-003-turn-1,3.0078125,0.0,3.0078125,0.0,0.0,/DATACENTER3/zhenxiang.wang/work/TailGuardKV/.worktrees/baseline-smoke-final-aggregation/out/full_25session_baseline_9_14/full/policy_attempts/full40_20260916_h2o_static_safe/seed20260906,True,,hybrid-session-003,chat,108.69537899270654,1,risk_evidence_insufficient
kivi_2bit_residual64,13.0,0.1,False,False,online_qwen,False,8.0,/DATACENTER3/zhenxiang.wang/work/TailGuardKV/.worktrees/baseline-smoke-final-aggregation/out/full_25session_baseline_9_14/full/policy_attempts/full40_20260916_h2o_static_safe/seed20260906/config.yaml,,,,,0.1,True,,0.05,,0,False,kivi_2bit_residual64,True,,balanced_two_gpu,1,persistent,27025.06605698727,32484,31060.034815920517,,,50.0,14.85107421875,3.019775390625,3.019775390625,3.019775390625,2082.9811331350356,unknown,True,,True,,False,,15163.99853515625,True,utility_dynamic,False,0.0,0.0,kivi_2bit_residual64,0.0,,risk_evidence_insufficient,0.0,utility_dynamic,208.1729199271649,,,,hybrid-session-004-turn-1,3.019775390625,0.0,3.019775390625,0.0,0.0,/DATACENTER3/zhenxiang.wang/work/TailGuardKV/.worktrees/baseline-smoke-final-aggregation/out/full_25session_baseline_9_14/full/policy_attempts/full40_20260916_h2o_static_safe/seed20260906,True,,hybrid-session-004,chat,209.03738006018102,1,risk_evidence_insufficient
kivi_2bit_residual64,13.0,0.1,False,False,online_qwen,False,8.0,/DATACENTER3/zhenxiang.wang/work/TailGuardKV/.worktrees/baseline-smoke-final-aggregation/out/full_25session_baseline_9_14/full/policy_attempts/full40_20260916_h2o_static_safe/seed20260906/config.yaml,,,,,0.1,True,,0.05,,0,False,kivi_2bit_residual64,True,,balanced_two_gpu,1,persistent,27025.06605698727,32484,31060.034815920517,,,50.0,17.44873046875,2.59765625,2.59765625,2.59765625,2564.6901689469814,unknown,True,,True,,False,,15147.91943359375,True,utility_dynamic,False,0.0,0.0,kivi_2bit_residual64,0.0,,risk_evidence_insufficient,0.0,utility_dynamic,194.3090611603111,,,,hybrid-session-005-turn-1,2.59765625,0.0,2.59765625,0.0,0.0,/DATACENTER3/zhenxiang.wang/work/TailGuardKV/.worktrees/baseline-smoke-final-aggregation/out/full_25session_baseline_9_14/full/policy_attempts/full40_20260916_h2o_static_safe/seed20260906,True,,hybrid-session-005,chat,195.04909799434245,1,risk_evidence_insufficient
kivi_2bit_residual64,13.0,0.1,False,False,online_qwen,False,8.0,/DATACENTER3/zhenxiang.wang/work/TailGuardKV/.worktrees/baseline-smoke-final-aggregation/out/full_25session_baseline_9_14/full/policy_attempts/full40_20260916_h2o_static_safe/seed20260906/config.yaml,,,,,0.1,True,,0.05,,0,False,kivi_2bit_residual64,True,,balanced_two_gpu,1,persistent,27025.06605698727,32484,31060.034815920517,,,50.0,20.630859375,3.18212890625,3.18212890625,3.18212890625,2580.071759177372,unknown,True,,True,,False,,15175.58642578125,True,utility_dynamic,False,0.0,0.0,kivi_2bit_residual64,0.0,,risk_evidence_insufficient,0.0,utility_dynamic,197.85105902701616,,,,hybrid-session-006-turn-1,3.18212890625,0.0,3.18212890625,0.0,0.0,/DATACENTER3/zhenxiang.wang/work/TailGuardKV/.worktrees/baseline-smoke-final-aggregation/out/full_25session_baseline_9_14/full/policy_attempts/full40_20260916_h2o_static_safe/seed20260906,True,,hybrid-session-006,chat,204.21940996311605,1,risk_evidence_insufficient
kivi_2bit_residual64,13.0,0.1,False,False,online_qwen,False,8.0,/DATACENTER3/zhenxiang.wang/work/TailGuardKV/.worktrees/baseline-smoke-final-aggregation/out/full_25session_baseline_9_14/full/policy_attempts/full40_20260916_h2o_static_safe/seed20260906/config.yaml,,,,,0.1,True,,0.05,,0,False,kivi_2bit_residual64,True,,balanced_two_gpu,1,persistent,27025.06605698727,32484,31060.034815920517,,,50.0,22.708984375,2.078125,2.078125,2.078125,1720.6955389119685,unknown,True,,True,,False,,15129.22900390625,True,utility_dynamic,False,0.0,0.0,kivi_2bit_residual64,0.0,,risk_evidence_insufficient,0.0,utility_dynamic,123.50120209157467,,,,hybrid-session-009-turn-1,2.078125,0.0,2.078125,0.0,0.0,/DATACENTER3/zhenxiang.wang/work/TailGuardKV/.worktrees/baseline-smoke-final-aggregation/out/full_25session_baseline_9_14/full/policy_attempts/full40_20260916_h2o_static_safe/seed20260906,True,,hybrid-session-009,chat,124.34887397103012,1,risk_evidence_insufficient
kivi_2bit_residual64,13.0,0.1,False,False,online_qwen,False,8.0,/DATACENTER3/zhenxiang.wang/work/TailGuardKV/.worktrees/baseline-smoke-final-aggregation/out/full_25session_baseline_9_14/full/policy_attempts/full40_20260916_h2o_static_safe/seed20260906/config.yaml,,,,,0.1,True,,0.05,,0,False,kivi_2bit_residual64,True,,balanced_two_gpu,1,persistent,27025.06605698727,32484,31060.034815920517,,,50.0,25.990234375,3.28125,3.28125,3.28125,1677.4533330462873,unknown,True,,True,,False,,15125.26025390625,True,utility_dynamic,False,0.0,0.0,kivi_2bit_residual64,0.0,,risk_evidence_insufficient,0.0,utility_dynamic,120.21556380204856,,,,hybrid-session-010-turn-1,3.28125,0.0,3.28125,0.0,0.0,/DATACENTER3/zhenxiang.wang/work/TailGuardKV/.worktrees/baseline-smoke-final-aggregation/out/full_25session_baseline_9_14/full/policy_attempts/full40_20260916_h2o_static_safe/seed20260906,True,,hybrid-session-010,chat,120.97363313660026,1,risk_evidence_insufficient
kivi_2bit_residual64,13.0,0.1,False,False,online_qwen,False,8.0,/DATACENTER3/zhenxiang.wang/work/TailGuardKV/.worktrees/baseline-smoke-final-aggregation/out/full_25session_baseline_9_14/full/policy_attempts/full40_20260916_h2o_static_safe/seed20260906/config.yaml,,,,,0.1,True,,0.05,,0,False,kivi_2bit_residual64,True,,balanced_two_gpu,1,persistent,27025.06605698727,32484,31060.034815920517,,,50.0,29.326171875,3.3359375,3.3359375,3.3359375,1680.1085059996694,unknown,True,,True,,False,,15130.05322265625,True,utility_dynamic,False,0.0,0.0,kivi_2bit_residual64,0.0,,risk_evidence_insufficient,0.0,utility_dynamic,125.83752302452922,,,,hybrid-session-013-turn-1,3.3359375,0.0,3.3359375,0.0,0.0,/DATACENTER3/zhenxiang.wang/work/TailGuardKV/.worktrees/baseline-smoke-final-aggregation/out/full_25session_baseline_9_14/full/policy_attempts/full40_20260916_h2o_static_safe/seed20260906,True,,hybrid-session-013,chat,126.83351710438728,1,risk_evidence_insufficient
kivi_2bit_residual64,13.0,0.1,False,False,online_qwen,False,7.0,/DATACENTER3/zhenxiang.wang/work/TailGuardKV/.worktrees/baseline-smoke-final-aggregation/out/full_25session_baseline_9_14/full/policy_attempts/full40_20260916_h2o_static_safe/seed20260906/config.yaml,,,,,0.1,True,,0.05,,0,False,kivi_2bit_residual64,True,,balanced_two_gpu,1,persistent,27025.06605698727,32484,31060.034815920517,,,50.0,31.826416015625,2.500244140625,2.500244140625,2.500244140625,2285.1246600039303,unknown,True,,True,,False,,15157.59423828125,True,utility_dynamic,True,0.0,0.0,kivi_2bit_residual64,0.0,,risk_evidence_insufficient,0.0,utility_dynamic,119.46737696416676,,,,hybrid-session-016-turn-1,2.500244140625,0.0,2.500244140625,0.0,0.0,/DATACENTER3/zhenxiang.wang/work/TailGuardKV/.worktrees/baseline-smoke-final-aggregation/out/full_25session_baseline_9_14/full/policy_attempts/full40_20260916_h2o_static_safe/seed20260906,True,,hybrid-session-016,chat,120.30207505449653,1,risk_evidence_insufficient
kivi_2bit_residual64,,,False,False,,False,7.0,/DATACENTER3/zhenxiang.wang/work/TailGuardKV/.worktrees/baseline-smoke-final-aggregation/out/full_25session_baseline_9_14/full/policy_attempts/full40_20260916_h2o_static_safe/seed20260906/config.yaml,,,,,0.1,True,,0.05,worker cache control failed,,False,,,,,,,,,,,,,,,,,,unknown,False,,False,,False,,,True,utility_dynamic,True,0.0,,kivi_2bit_residual64,,,risk_evidence_insufficient,,utility_dynamic,,,,,hybrid-session-020-turn-1,,,,,0.0,/DATACENTER3/zhenxiang.wang/work/TailGuardKV/.worktrees/baseline-smoke-final-aggregation/out/full_25session_baseline_9_14/full/policy_attempts/full40_20260916_h2o_static_safe/seed20260906,True,,hybrid-session-020,chat,,1,risk_evidence_insufficient
kivi_2bit_residual64,13.0,0.1,False,False,online_qwen,False,7.0,/DATACENTER3/zhenxiang.wang/work/TailGuardKV/.worktrees/baseline-smoke-final-aggregation/out/full_25session_baseline_9_14/full/policy_attempts/full40_20260916_h2o_static_safe/seed20260906/config.yaml,,,,,0.1,True,,0.05,,0,False,kivi_2bit_residual64,True,,balanced_two_gpu,1,persistent,27025.06605698727,32484,31060.034815920517,,,50.0,32.224609375,2.695068359375,2.695068359375,0.398193359375,2586.578009882942,unknown,True,,True,,False,,15105.0947265625,True,utility_dynamic,True,0.0,0.0,kivi_2bit_residual64,0.0,,risk_evidence_insufficient,0.0,utility_dynamic,0.0,,,,hybrid-session-021-turn-1,2.695068359375,2.296875,2.695068359375,0.0,0.0,/DATACENTER3/zhenxiang.wang/work/TailGuardKV/.worktrees/baseline-smoke-final-aggregation/out/full_25session_baseline_9_14/full/policy_attempts/full40_20260916_h2o_static_safe/seed20260906,True,,hybrid-session-021,chat,193.3150039985776,1,risk_evidence_insufficient
kivi_2bit_residual64,13.0,0.1,False,False,online_qwen,False,7.0,/DATACENTER3/zhenxiang.wang/work/TailGuardKV/.worktrees/baseline-smoke-final-aggregation/out/full_25session_baseline_9_14/full/policy_attempts/full40_20260916_h2o_static_safe/seed20260906/config.yaml,,,,,0.1,True,,0.05,,0,False,kivi_2bit_residual64,True,,balanced_two_gpu,1,persistent,27025.06605698727,32484,31060.034815920517,,,50.0,33.537109375,3.28125,3.28125,1.3125,1669.3653617985547,unknown,True,,True,,False,,15080.39599609375,True,utility_dynamic,True,0.005128205128205128,0.005128205128205128,kivi_2bit_residual64,0.005128205128205128,,risk_evidence_insufficient,0.0,utility_dynamic,0.0,,,,hybrid-session-025-turn-1,3.28125,1.96875,3.28125,0.0,0.005128205128205128,/DATACENTER3/zhenxiang.wang/work/TailGuardKV/.worktrees/baseline-smoke-final-aggregation/out/full_25session_baseline_9_14/full/policy_attempts/full40_20260916_h2o_static_safe/seed20260906,True,,hybrid-session-025,chat,114.31917292065918,1,risk_evidence_insufficient
kivi_2bit_residual64,13.0,0.1,False,False,online_qwen,False,7.0,/DATACENTER3/zhenxiang.wang/work/TailGuardKV/.worktrees/baseline-smoke-final-aggregation/out/full_25session_baseline_9_14/full/policy_attempts/full40_20260916_h2o_static_safe/seed20260906/config.yaml,,,,,0.1,True,,0.05,,0,False,kivi_2bit_residual64,True,,balanced_two_gpu,1,persistent,27025.06605698727,32484,31060.034815920517,,,50.0,34.109619140625,2.760009765625,2.760009765625,0.572509765625,2592.812820104882,unknown,True,,True,,False,,15112.5107421875,True,utility_dynamic,True,0.0,0.0,kivi_2bit_residual64,0.0,,risk_evidence_insufficient,0.0,utility_dynamic,0.0,,,,hybrid-session-026-turn-1,2.760009765625,2.1875,2.760009765625,0.0,0.0,/DATACENTER3/zhenxiang.wang/work/TailGuardKV/.worktrees/baseline-smoke-final-aggregation/out/full_25session_baseline_9_14/full/policy_attempts/full40_20260916_h2o_static_safe/seed20260906,True,,hybrid-session-026,chat,192.6064919680357,1,risk_evidence_insufficient
kivi_2bit_residual64,13.0,0.1,True,False,online_qwen,False,7.0,/DATACENTER3/zhenxiang.wang/work/TailGuardKV/.worktrees/baseline-smoke-final-aggregation/out/full_25session_baseline_9_14/full/policy_attempts/full40_20260916_h2o_static_safe/seed20260906/config.yaml,,,,,0.1,True,,0.05,,0,False,kivi_2bit_residual64,True,,balanced_two_gpu,1,persistent,27025.06605698727,32484,31060.034815920517,,,50.0,35.292236328125,3.552978515625,3.552978515625,1.1826171875,2293.829719070345,unknown,True,,True,,False,,15231.17578125,True,utility_dynamic,True,0.0,0.0,kivi_2bit_residual64,0.0,,risk_evidence_insufficient,0.0,utility_dynamic,0.0,,,,hybrid-session-002-turn-2,3.552978515625,2.370361328125,3.552978515625,0.0,0.0,/DATACENTER3/zhenxiang.wang/work/TailGuardKV/.worktrees/baseline-smoke-final-aggregation/out/full_25session_baseline_9_14/full/policy_attempts/full40_20260916_h2o_static_safe/seed20260906,True,,hybrid-session-002,qa,239.65176404453814,2,risk_evidence_insufficient
kivi_2bit_residual64,13.0,0.1,False,False,online_qwen,False,4.0,/DATACENTER3/zhenxiang.wang/work/TailGuardKV/.worktrees/baseline-smoke-final-aggregation/out/full_25session_baseline_9_14/full/policy_attempts/full40_20260916_h2o_static_safe/seed20260906/config.yaml,,,,,0.1,True,,0.05,,0,False,kivi_2bit_residual64,True,,balanced_two_gpu,1,persistent,27025.06605698727,32484,31060.034815920517,,,50.0,36.6748046875,4.390380859375,4.390380859375,1.382568359375,2594.595889095217,unknown,True,,True,,False,,15231.16796875,True,utility_dynamic,True,0.0,0.0,kivi_2bit_residual64,0.0,,risk_evidence_insufficient,0.0,utility_dynamic,0.0,,,,hybrid-session-003-turn-2,4.390380859375,3.0078125,4.390380859375,0.0,0.0,/DATACENTER3/zhenxiang.wang/work/TailGuardKV/.worktrees/baseline-smoke-final-aggregation/out/full_25session_baseline_9_14/full/policy_attempts/full40_20260916_h2o_static_safe/seed20260906,True,,hybrid-session-003,summary,210.6064110994339,2,risk_evidence_insufficient
kivi_2bit_residual64,13.0,0.1,False,False,online_qwen,False,1.0,/DATACENTER3/zhenxiang.wang/work/TailGuardKV/.worktrees/baseline-smoke-final-aggregation/out/full_25session_baseline_9_14/full/policy_attempts/full40_20260916_h2o_static_safe/seed20260906/config.yaml,,,,,0.1,True,,0.05,,0,False,kivi_2bit_residual64,True,,balanced_two_gpu,1,persistent,27025.06605698727,32484,31060.034815920517,,,50.0,37.370361328125,3.71533203125,3.71533203125,0.695556640625,2663.9199510682374,unknown,True,,True,,False,,15209.8828125,True,utility_dynamic,True,0.03418803418803419,0.03418803418803419,kivi_2bit_residual64,0.03418803418803419,,risk_evidence_insufficient,0.0,utility_dynamic,0.0,,,,hybrid-session-004-turn-2,3.71533203125,3.019775390625,3.71533203125,0.0,0.3418803418803419,/DATACENTER3/zhenxiang.wang/work/TailGuardKV/.worktrees/baseline-smoke-final-aggregation/out/full_25session_baseline_9_14/full/policy_attempts/full40_20260916_h2o_static_safe/seed20260906,False,,hybrid-session-004,qa,238.50104003213346,2,risk_evidence_insufficient
kivi_2bit_residual64,13.0,0.1,False,False,online_qwen,False,4.0,/DATACENTER3/zhenxiang.wang/work/TailGuardKV/.worktrees/baseline-smoke-final-aggregation/out/full_25session_baseline_9_14/full/policy_attempts/full40_20260916_h2o_static_safe/seed20260906/config.yaml,,,,,0.1,True,,0.05,,0,False,kivi_2bit_residual64,True,,balanced_two_gpu,1,persistent,27025.06605698727,32484,31060.034815920517,,,50.0,38.2607421875,3.488037109375,3.488037109375,0.890380859375,2668.500930070877,unknown,True,,True,,False,,15219.546875,True,utility_dynamic,True,0.0,0.0,kivi_2bit_residual64,0.0,,risk_evidence_insufficient,0.0,utility_dynamic,0.0,,,,hybrid-session-005-turn-2,3.488037109375,2.59765625,3.488037109375,0.0,0.0,/DATACENTER3/zhenxiang.wang/work/TailGuardKV/.worktrees/baseline-smoke-final-aggregation/out/full_25session_baseline_9_14/full/policy_attempts/full40_20260916_h2o_static_safe/seed20260906,True,,hybrid-session-005,summary,224.2296759504825,2,risk_evidence_insufficient
kivi_2bit_residual64,13.0,0.1,False,False,online_qwen,False,1.0,/DATACENTER3/zhenxiang.wang/work/TailGuardKV/.worktrees/baseline-smoke-final-aggregation/out/full_25session_baseline_9_14/full/policy_attempts/full40_20260916_h2o_static_safe/seed20260906/config.yaml,,,,,0.1,True,,0.05,,0,False,kivi_2bit_residual64,True,,balanced_two_gpu,1,persistent,27025.06605698727,32484,31060.034815920517,,,50.0,39.962890625,4.88427734375,4.88427734375,1.7021484375,2310.308241052553,unknown,True,,True,,False,,15256.22802734375,True,utility_dynamic,True,0.03418803418803419,0.03418803418803419,kivi_2bit_residual64,0.03418803418803419,,risk_evidence_insufficient,0.0,utility_dynamic,0.0,,,,hybrid-session-006-turn-2,4.88427734375,3.18212890625,4.88427734375,0.0,0.3418803418803419,/DATACENTER3/zhenxiang.wang/work/TailGuardKV/.worktrees/baseline-smoke-final-aggregation/out/full_25session_baseline_9_14/full/policy_attempts/full40_20260916_h2o_static_safe/seed20260906,False,,hybrid-session-006,qa,246.6081310994923,2,risk_evidence_insufficient
kivi_2bit_residual64,13.0,0.1,False,False,online_qwen,False,4.0,/DATACENTER3/zhenxiang.wang/work/TailGuardKV/.worktrees/baseline-smoke-final-aggregation/out/full_25session_baseline_9_14/full/policy_attempts/full40_20260916_h2o_static_safe/seed20260906/config.yaml,,,,,0.1,True,,0.05,,0,False,kivi_2bit_residual64,True,,balanced_two_gpu,1,persistent,27025.06605698727,32484,31060.034815920517,,,50.0,42.145263671875,4.260498046875,4.260498046875,2.182373046875,2131.493778899312,unknown,True,,True,,False,,15216.177734375,True,utility_dynamic,True,0.0,0.0,kivi_2bit_residual64,0.0,,risk_evidence_insufficient,0.0,utility_dynamic,0.0,,,,hybrid-session-009-turn-2,4.260498046875,2.078125,4.260498046875,0.0,0.0,/DATACENTER3/zhenxiang.wang/work/TailGuardKV/.worktrees/baseline-smoke-final-aggregation/out/full_25session_baseline_9_14/full/policy_attempts/full40_20260916_h2o_static_safe/seed20260906,True,,hybrid-session-009,summary,217.57579082623124,2,risk_evidence_insufficient
full_gpu,13.0,0.1,False,False,online_qwen,False,1.0,/DATACENTER3/zhenxiang.wang/work/TailGuardKV/.worktrees/baseline-smoke-final-aggregation/out/full_25session_baseline_9_14/full/policy_attempts/full40_20260916_h2o_static_safe/seed20260906/config.yaml,,,,,0.1,True,,0.05,,42.145263671875,True,,,,balanced_two_gpu,,persistent,,,,,exact fallback,50.0,10.3359375,10.3359375,10.3359375,10.3359375,43170.493906736374,unknown,True,,True,,False,,15299.84765625,True,utility_dynamic,True,0.0,0.0,full_gpu,0.0,,risk_evidence_insufficient,0.0,utility_dynamic,42061.4704165142,,,,hybrid-session-010-turn-2,10.3359375,0.0,10.3359375,0.0,0.0,/DATACENTER3/zhenxiang.wang/work/TailGuardKV/.worktrees/baseline-smoke-final-aggregation/out/full_25session_baseline_9_14/full/policy_attempts/full40_20260916_h2o_static_safe/seed20260906,True,,hybrid-session-010,qa,42062.44234777987,2,risk_evidence_insufficient
kivi_2bit_residual64,13.0,0.1,True,False,online_qwen,False,8.0,/DATACENTER3/zhenxiang.wang/work/TailGuardKV/.worktrees/baseline-smoke-final-aggregation/out/full_25session_baseline_9_14/full/policy_attempts/full40_20260916_h2o_static_safe/seed20260906/config.yaml,,,,,0.1,True,,0.05,,10.3359375,False,kivi_2bit_residual64,True,,balanced_two_gpu,1,persistent,27025.06605698727,32484,31060.034815920517,,,50.0,4.48779296875,4.48779296875,4.48779296875,4.48779296875,47962.288625240326,unknown,True,,True,,False,,15282.14990234375,True,utility_dynamic,False,0.0,0.0,kivi_2bit_residual64,0.0,,risk_evidence_insufficient,0.0,utility_dynamic,45521.23650110327,,,,hybrid-session-013-turn-2,4.48779296875,0.0,4.48779296875,0.0,0.0,/DATACENTER3/zhenxiang.wang/work/TailGuardKV/.worktrees/baseline-smoke-final-aggregation/out/full_25session_baseline_9_14/full/policy_attempts/full40_20260916_h2o_static_safe/seed20260906,True,,hybrid-session-013,summary,45522.23734132014,2,risk_evidence_insufficient
kivi_2bit_residual64,13.0,0.1,False,False,online_qwen,False,8.0,/DATACENTER3/zhenxiang.wang/work/TailGuardKV/.worktrees/baseline-smoke-final-aggregation/out/full_25session_baseline_9_14/full/policy_attempts/full40_20260916_h2o_static_safe/seed20260906/config.yaml,,,,,0.1,True,,0.05,,0,False,kivi_2bit_residual64,True,,balanced_two_gpu,1,persistent,27025.06605698727,32484,31060.034815920517,,,50.0,8.0732421875,3.58544921875,3.58544921875,3.58544921875,2726.316526066512,unknown,True,,True,,False,,15310.38427734375,True,utility_dynamic,False,0.0,0.0,kivi_2bit_residual64,0.0,,risk_evidence_insufficient,0.0,utility_dynamic,241.78779288195074,,,,hybrid-session-016-turn-2,3.58544921875,0.0,3.58544921875,0.0,0.0,/DATACENTER3/zhenxiang.wang/work/TailGuardKV/.worktrees/baseline-smoke-final-aggregation/out/full_25session_baseline_9_14/full/policy_attempts/full40_20260916_h2o_static_safe/seed20260906,True,,hybrid-session-016,qa,242.58592911064625,2,risk_evidence_insufficient
kivi_2bit_residual64,,0.1,True,False,,False,1.0,/DATACENTER3/zhenxiang.wang/work/TailGuardKV/.worktrees/baseline-smoke-final-aggregation/out/full_25session_baseline_9_14/full/policy_attempts/full40_20260916_h2o_static_safe/seed20260906/config.yaml,,,,,0.1,True,,0.05,worker cache control failed,,False,,,,,,,,,,,,,,,,,,unknown,False,,False,,False,,,True,utility_dynamic,False,0.03418803418803419,0.03418803418803419,kivi_2bit_residual64,0.03418803418803419,,risk_evidence_insufficient,,utility_dynamic,,,,,hybrid-session-020-turn-2,,,,,0.3418803418803419,/DATACENTER3/zhenxiang.wang/work/TailGuardKV/.worktrees/baseline-smoke-final-aggregation/out/full_25session_baseline_9_14/full/policy_attempts/full40_20260916_h2o_static_safe/seed20260906,False,,hybrid-session-020,qa,,2,risk_evidence_insufficient
kivi_2bit_residual64,13.0,0.1,False,False,online_qwen,False,8.0,/DATACENTER3/zhenxiang.wang/work/TailGuardKV/.worktrees/baseline-smoke-final-aggregation/out/full_25session_baseline_9_14/full/policy_attempts/full40_20260916_h2o_static_safe/seed20260906/config.yaml,,,,,0.1,True,,0.05,,0,False,kivi_2bit_residual64,True,,balanced_two_gpu,1,persistent,27025.06605698727,32484,31060.034815920517,,,50.0,12.015869140625,3.942626953125,3.942626953125,3.942626953125,2759.2340109404176,unknown,True,,True,,False,,15328.89501953125,True,utility_dynamic,False,0.0,0.0,kivi_2bit_residual64,0.0,,risk_evidence_insufficient,0.0,utility_dynamic,283.32170308567584,,,,hybrid-session-021-turn-2,3.942626953125,0.0,3.942626953125,0.0,0.0,/DATACENTER3/zhenxiang.wang/work/TailGuardKV/.worktrees/baseline-smoke-final-aggregation/out/full_25session_baseline_9_14/full/policy_attempts/full40_20260916_h2o_static_safe/seed20260906,True,,hybrid-session-021,summary,284.31888297200203,2,risk_evidence_insufficient
kivi_2bit_residual64,13.0,0.1,False,False,online_qwen,False,8.0,/DATACENTER3/zhenxiang.wang/work/TailGuardKV/.worktrees/baseline-smoke-final-aggregation/out/full_25session_baseline_9_14/full/policy_attempts/full40_20260916_h2o_static_safe/seed20260906/config.yaml,,,,,0.1,True,,0.05,,0,False,kivi_2bit_residual64,True,,balanced_two_gpu,1,persistent,27025.06605698727,32484,31060.034815920517,,,50.0,16.60107421875,4.585205078125,4.585205078125,4.585205078125,2670.1682889834046,unknown,True,,True,,False,,15299.38916015625,True,utility_dynamic,False,0.0,0.0,kivi_2bit_residual64,0.0,,risk_evidence_insufficient,0.0,utility_dynamic,236.93886818364263,,,,hybrid-session-025-turn-2,4.585205078125,0.0,4.585205078125,0.0,0.0,/DATACENTER3/zhenxiang.wang/work/TailGuardKV/.worktrees/baseline-smoke-final-aggregation/out/full_25session_baseline_9_14/full/policy_attempts/full40_20260916_h2o_static_safe/seed20260906,True,,hybrid-session-025,summary,237.80792905017734,2,risk_evidence_insufficient
kivi_2bit_residual64,13.0,0.1,False,False,online_qwen,False,1.0,/DATACENTER3/zhenxiang.wang/work/TailGuardKV/.worktrees/baseline-smoke-final-aggregation/out/full_25session_baseline_9_14/full/policy_attempts/full40_20260916_h2o_static_safe/seed20260906/config.yaml,,,,,0.1,True,,0.05,,0,False,kivi_2bit_residual64,True,,balanced_two_gpu,1,persistent,27025.06605698727,32484,31060.034815920517,,,50.0,20.608642578125,4.007568359375,4.007568359375,4.007568359375,2705.992354080081,unknown,True,,True,,False,,15341.05126953125,True,utility_dynamic,False,0.03418803418803419,0.03418803418803419,kivi_2bit_residual64,0.03418803418803419,,risk_evidence_insufficient,0.0,utility_dynamic,259.2350859194994,,,,hybrid-session-026-turn-2,4.007568359375,0.0,4.007568359375,0.0,0.3418803418803419,/DATACENTER3/zhenxiang.wang/work/TailGuardKV/.worktrees/baseline-smoke-final-aggregation/out/full_25session_baseline_9_14/full/policy_attempts/full40_20260916_h2o_static_safe/seed20260906,False,,hybrid-session-026,qa,260.2023701183498,2,risk_evidence_insufficient
kivi_2bit_residual64,13.0,0.1,False,False,online_qwen,False,8.0,/DATACENTER3/zhenxiang.wang/work/TailGuardKV/.worktrees/baseline-smoke-final-aggregation/out/full_25session_baseline_9_14/full/policy_attempts/full40_20260916_h2o_static_safe/seed20260906/config.yaml,,,,,0.1,True,,0.05,,0,False,kivi_2bit_residual64,True,,balanced_two_gpu,1,persistent,27025.06605698727,32484,31060.034815920517,,,50.0,25.752685546875,5.14404296875,5.14404296875,5.14404296875,2752.6288048829883,unknown,True,,True,,False,,15397.36474609375,True,utility_dynamic,False,0.0,0.0,kivi_2bit_residual64,0.0,,risk_evidence_insufficient,0.0,utility_dynamic,279.6920568216592,,,,hybrid-session-002-turn-3,5.14404296875,0.0,5.14404296875,0.0,0.0,/DATACENTER3/zhenxiang.wang/work/TailGuardKV/.worktrees/baseline-smoke-final-aggregation/out/full_25session_baseline_9_14/full/policy_attempts/full40_20260916_h2o_static_safe/seed20260906,True,,hybrid-session-002,qa,280.50947678275406,3,risk_evidence_insufficient
kivi_2bit_residual64,13.0,0.1,False,False,online_qwen,False,8.0,/DATACENTER3/zhenxiang.wang/work/TailGuardKV/.worktrees/baseline-smoke-final-aggregation/out/full_25session_baseline_9_14/full/policy_attempts/full40_20260916_h2o_static_safe/seed20260906/config.yaml,,,,,0.1,True,,0.05,,0,False,kivi_2bit_residual64,True,,balanced_two_gpu,1,persistent,27025.06605698727,32484,31060.034815920517,,,50.0,30.27978515625,4.527099609375,4.527099609375,4.527099609375,2727.001303108409,unknown,True,,True,,False,,15373.36572265625,True,utility_dynamic,False,0.0,0.0,kivi_2bit_residual64,0.0,,risk_evidence_insufficient,0.0,utility_dynamic,278.10840401798487,,,,hybrid-session-003-turn-3,4.527099609375,0.0,4.527099609375,0.0,0.0,/DATACENTER3/zhenxiang.wang/work/TailGuardKV/.worktrees/baseline-smoke-final-aggregation/out/full_25session_baseline_9_14/full/policy_attempts/full40_20260916_h2o_static_safe/seed20260906,True,,hybrid-session-003,summary,279.06843600794673,3,risk_evidence_insufficient
kivi_2bit_residual64,13.0,0.1,False,False,online_qwen,False,1.0,/DATACENTER3/zhenxiang.wang/work/TailGuardKV/.worktrees/baseline-smoke-final-aggregation/out/full_25session_baseline_9_14/full/policy_attempts/full40_20260916_h2o_static_safe/seed20260906/config.yaml,,,,,0.1,True,,0.05,,0,False,kivi_2bit_residual64,True,,balanced_two_gpu,1,persistent,27025.06605698727,32484,31060.034815920517,,,50.0,35.61865234375,5.3388671875,5.3388671875,5.3388671875,2703.293248079717,unknown,True,,True,,False,,15417.01708984375,True,utility_dynamic,True,0.03418803418803419,0.03418803418803419,kivi_2bit_residual64,0.03418803418803419,,risk_evidence_insufficient,0.0,utility_dynamic,268.17929511889815,,,,hybrid-session-004-turn-3,5.3388671875,0.0,5.3388671875,0.0,0.3418803418803419,/DATACENTER3/zhenxiang.wang/work/TailGuardKV/.worktrees/baseline-smoke-final-aggregation/out/full_25session_baseline_9_14/full/policy_attempts/full40_20260916_h2o_static_safe/seed20260906,False,,hybrid-session-004,qa,268.9897201489657,3,risk_evidence_insufficient
kivi_2bit_residual64,13.0,0.1,False,False,online_qwen,False,4.0,/DATACENTER3/zhenxiang.wang/work/TailGuardKV/.worktrees/baseline-smoke-final-aggregation/out/full_25session_baseline_9_14/full/policy_attempts/full40_20260916_h2o_static_safe/seed20260906/config.yaml,,,,,0.1,True,,0.05,,0,False,kivi_2bit_residual64,True,,balanced_two_gpu,1,persistent,27025.06605698727,32484,31060.034815920517,,,50.0,40.210693359375,4.592041015625,4.592041015625,4.592041015625,2686.612379970029,unknown,True,,True,,False,,15386.22705078125,True,utility_dynamic,True,0.0,0.0,kivi_2bit_residual64,0.0,,risk_evidence_insufficient,0.0,utility_dynamic,271.093828137964,,,,hybrid-session-005-turn-3,4.592041015625,0.0,4.592041015625,0.0,0.0,/DATACENTER3/zhenxiang.wang/work/TailGuardKV/.worktrees/baseline-smoke-final-aggregation/out/full_25session_baseline_9_14/full/policy_attempts/full40_20260916_h2o_static_safe/seed20260906,True,,hybrid-session-005,summary,271.93532697856426,3,risk_evidence_insufficient
kivi_2bit_residual64,13.0,0.1,False,False,online_qwen,False,2.0,/DATACENTER3/zhenxiang.wang/work/TailGuardKV/.worktrees/baseline-smoke-final-aggregation/out/full_25session_baseline_9_14/full/policy_attempts/full40_20260916_h2o_static_safe/seed20260906/config.yaml,,,,,0.1,True,,0.05,,0,False,kivi_2bit_residual64,True,,balanced_two_gpu,1,persistent,27025.06605698727,32484,31060.034815920517,,,50.0,45.26416015625,5.053466796875,5.053466796875,5.053466796875,2197.6616710890085,unknown,True,,True,,False,,15476.8544921875,True,utility_dynamic,True,0.0,0.0,kivi_2bit_residual64,0.0,,risk_evidence_insufficient,0.0,utility_dynamic,297.2361471038312,,,,hybrid-session-006-turn-3,5.053466796875,0.0,5.053466796875,0.0,0.0,/DATACENTER3/zhenxiang.wang/work/TailGuardKV/.worktrees/baseline-smoke-final-aggregation/out/full_25session_baseline_9_14/full/policy_attempts/full40_20260916_h2o_static_safe/seed20260906,True,,hybrid-session-006,qa,297.9436370078474,3,risk_evidence_insufficient
full_gpu,13.0,0.1,False,False,online_qwen,False,1.0,/DATACENTER3/zhenxiang.wang/work/TailGuardKV/.worktrees/baseline-smoke-final-aggregation/out/full_25session_baseline_9_14/full/policy_attempts/full40_20260916_h2o_static_safe/seed20260906/config.yaml,,,,,0.1,True,,0.05,,45.26416015625,True,,,,balanced_two_gpu,,persistent,,,,,exact fallback,50.0,12.1953125,12.1953125,12.1953125,12.1953125,42857.98170995712,unknown,True,,True,,False,,15351.02197265625,True,utility_dynamic,True,0.0,0.0,full_gpu,0.0,,risk_evidence_insufficient,0.0,utility_dynamic,41769.037133742124,,,,hybrid-session-009-turn-3,12.1953125,0.0,12.1953125,0.0,0.0,/DATACENTER3/zhenxiang.wang/work/TailGuardKV/.worktrees/baseline-smoke-final-aggregation/out/full_25session_baseline_9_14/full/policy_attempts/full40_20260916_h2o_static_safe/seed20260906,True,,hybrid-session-009,summary,41770.093194868416,3,risk_evidence_insufficient
kivi_2bit_residual64,13.0,0.1,False,False,online_qwen,False,8.0,/DATACENTER3/zhenxiang.wang/work/TailGuardKV/.worktrees/baseline-smoke-final-aggregation/out/full_25session_baseline_9_14/full/policy_attempts/full40_20260916_h2o_static_safe/seed20260906/config.yaml,,,,,0.1,True,,0.05,,12.1953125,False,kivi_2bit_residual64,True,,balanced_two_gpu,1,persistent,27025.06605698727,32484,31060.034815920517,,,50.0,4.786865234375,4.786865234375,4.786865234375,4.786865234375,45439.79987215996,unknown,True,,True,,False,,15361.26220703125,True,utility_dynamic,False,0.0,0.0,kivi_2bit_residual64,0.0,,risk_evidence_insufficient,0.0,utility_dynamic,43260.44108316116,,,,hybrid-session-010-turn-3,4.786865234375,0.0,4.786865234375,0.0,0.0,/DATACENTER3/zhenxiang.wang/work/TailGuardKV/.worktrees/baseline-smoke-final-aggregation/out/full_25session_baseline_9_14/full/policy_attempts/full40_20260916_h2o_static_safe/seed20260906,True,,hybrid-session-010,qa,43261.316434180364,3,risk_evidence_insufficient
kivi_2bit_residual64,13.0,0.1,False,False,online_qwen,False,8.0,/DATACENTER3/zhenxiang.wang/work/TailGuardKV/.worktrees/baseline-smoke-final-aggregation/out/full_25session_baseline_9_14/full/policy_attempts/full40_20260916_h2o_static_safe/seed20260906/config.yaml,,,,,0.1,True,,0.05,,0,False,kivi_2bit_residual64,True,,balanced_two_gpu,1,persistent,27025.06605698727,32484,31060.034815920517,,,50.0,9.346435546875,4.5595703125,4.5595703125,4.5595703125,2661.7543750908226,unknown,True,,True,,False,,15353.74169921875,True,utility_dynamic,False,0.0,0.0,kivi_2bit_residual64,0.0,,risk_evidence_insufficient,0.0,utility_dynamic,262.41268194280565,,,,hybrid-session-013-turn-3,4.5595703125,0.0,4.5595703125,0.0,0.0,/DATACENTER3/zhenxiang.wang/work/TailGuardKV/.worktrees/baseline-smoke-final-aggregation/out/full_25session_baseline_9_14/full/policy_attempts/full40_20260916_h2o_static_safe/seed20260906,True,,hybrid-session-013,summary,263.2632690947503,3,risk_evidence_insufficient
kivi_2bit_residual64,13.0,0.1,False,False,online_qwen,False,8.0,/DATACENTER3/zhenxiang.wang/work/TailGuardKV/.worktrees/baseline-smoke-final-aggregation/out/full_25session_baseline_9_14/full/policy_attempts/full40_20260916_h2o_static_safe/seed20260906/config.yaml,,,,,0.1,True,,0.05,,0,False,kivi_2bit_residual64,True,,balanced_two_gpu,1,persistent,27025.06605698727,32484,31060.034815920517,,,50.0,14.425537109375,5.0791015625,5.0791015625,5.0791015625,2716.602449072525,unknown,True,,True,,False,,15383.04443359375,True,utility_dynamic,False,0.0,0.0,kivi_2bit_residual64,0.0,,risk_evidence_insufficient,0.0,utility_dynamic,275.28970898129046,,,,hybrid-session-016-turn-3,5.0791015625,0.0,5.0791015625,0.0,0.0,/DATACENTER3/zhenxiang.wang/work/TailGuardKV/.worktrees/baseline-smoke-final-aggregation/out/full_25session_baseline_9_14/full/policy_attempts/full40_20260916_h2o_static_safe/seed20260906,True,,hybrid-session-016,qa,276.0585700161755,3,risk_evidence_insufficient
kivi_2bit_residual64,,,False,False,,False,8.0,/DATACENTER3/zhenxiang.wang/work/TailGuardKV/.worktrees/baseline-smoke-final-aggregation/out/full_25session_baseline_9_14/full/policy_attempts/full40_20260916_h2o_static_safe/seed20260906/config.yaml,,,,,0.1,True,,0.05,worker cache control failed,,False,,,,,,,,,,,,,,,,,,unknown,False,,False,,False,,,True,utility_dynamic,False,0.0,,kivi_2bit_residual64,,,risk_evidence_insufficient,,utility_dynamic,,,,,hybrid-session-020-turn-3,,,,,0.0,/DATACENTER3/zhenxiang.wang/work/TailGuardKV/.worktrees/baseline-smoke-final-aggregation/out/full_25session_baseline_9_14/full/policy_attempts/full40_20260916_h2o_static_safe/seed20260906,True,,hybrid-session-020,qa,,3,risk_evidence_insufficient
kivi_2bit_residual64,13.0,0.1,False,False,online_qwen,False,8.0,/DATACENTER3/zhenxiang.wang/work/TailGuardKV/.worktrees/baseline-smoke-final-aggregation/out/full_25session_baseline_9_14/full/policy_attempts/full40_20260916_h2o_static_safe/seed20260906/config.yaml,,,,,0.1,True,,0.05,,0,False,kivi_2bit_residual64,True,,balanced_two_gpu,1,persistent,27025.06605698727,32484,31060.034815920517,,,50.0,19.86181640625,5.436279296875,5.436279296875,5.436279296875,2678.3024470787495,unknown,True,,True,,False,,15406.00439453125,True,utility_dynamic,False,0.0,0.0,kivi_2bit_residual64,0.0,,risk_evidence_insufficient,0.0,utility_dynamic,271.9436420593411,,,,hybrid-session-021-turn-3,5.436279296875,0.0,5.436279296875,0.0,0.0,/DATACENTER3/zhenxiang.wang/work/TailGuardKV/.worktrees/baseline-smoke-final-aggregation/out/full_25session_baseline_9_14/full/policy_attempts/full40_20260916_h2o_static_safe/seed20260906,True,,hybrid-session-021,summary,272.6768529973924,3,risk_evidence_insufficient
kivi_2bit_residual64,13.0,0.1,False,False,online_qwen,False,8.0,/DATACENTER3/zhenxiang.wang/work/TailGuardKV/.worktrees/baseline-smoke-final-aggregation/out/full_25session_baseline_9_14/full/policy_attempts/full40_20260916_h2o_static_safe/seed20260906/config.yaml,,,,,0.1,True,,0.05,,0,False,kivi_2bit_residual64,True,,balanced_two_gpu,1,persistent,27025.06605698727,32484,31060.034815920517,,,50.0,24.518798828125,4.656982421875,4.656982421875,4.656982421875,2209.923765156418,unknown,True,,True,,False,,15373.30126953125,True,utility_dynamic,False,0.0,0.0,kivi_2bit_residual64,0.0,,risk_evidence_insufficient,0.0,utility_dynamic,269.22705699689686,,,,hybrid-session-025-turn-3,4.656982421875,0.0,4.656982421875,0.0,0.0,/DATACENTER3/zhenxiang.wang/work/TailGuardKV/.worktrees/baseline-smoke-final-aggregation/out/full_25session_baseline_9_14/full/policy_attempts/full40_20260916_h2o_static_safe/seed20260906,True,,hybrid-session-025,summary,270.03870299085975,3,risk_evidence_insufficient
kivi_2bit_residual64,13.0,0.1,False,False,online_qwen,False,1.0,/DATACENTER3/zhenxiang.wang/work/TailGuardKV/.worktrees/baseline-smoke-final-aggregation/out/full_25session_baseline_9_14/full/policy_attempts/full40_20260916_h2o_static_safe/seed20260906/config.yaml,,,,,0.1,True,,0.05,,0,False,kivi_2bit_residual64,True,,balanced_two_gpu,1,persistent,27025.06605698727,32484,31060.034815920517,,,50.0,28.630615234375,4.11181640625,4.11181640625,4.11181640625,2754.2469929903746,unknown,True,,True,,False,,15419.01513671875,True,utility_dynamic,False,0.03418803418803419,0.03418803418803419,kivi_2bit_residual64,0.03418803418803419,,risk_evidence_insufficient,0.0,utility_dynamic,275.7023167796433,,,,hybrid-session-026-turn-3,4.11181640625,0.0,4.11181640625,0.0,0.3418803418803419,/DATACENTER3/zhenxiang.wang/work/TailGuardKV/.worktrees/baseline-smoke-final-aggregation/out/full_25session_baseline_9_14/full/policy_attempts/full40_20260916_h2o_static_safe/seed20260906,False,,hybrid-session-026,qa,276.5536308288574,3,risk_evidence_insufficient
kivi_2bit_residual64,13.0,0.1,False,False,online_qwen,False,7.0,/DATACENTER3/zhenxiang.wang/work/TailGuardKV/.worktrees/baseline-smoke-final-aggregation/out/full_25session_baseline_9_14/full/policy_attempts/full40_20260916_h2o_static_safe/seed20260906/config.yaml,,,,,0.1,True,,0.05,,0,False,kivi_2bit_residual64,True,,balanced_two_gpu,1,persistent,27025.06605698727,32484,31060.034815920517,,,50.0,33.716552734375,5.0859375,5.0859375,5.0859375,2778.9942079689354,unknown,True,,True,,False,,15466.228515625,True,utility_dynamic,True,0.0,0.0,kivi_2bit_residual64,0.0,,risk_evidence_insufficient,0.0,utility_dynamic,327.3961010854691,,,,hybrid-session-002-turn-4,5.0859375,0.0,5.0859375,0.0,0.0,/DATACENTER3/zhenxiang.wang/work/TailGuardKV/.worktrees/baseline-smoke-final-aggregation/out/full_25session_baseline_9_14/full/policy_attempts/full40_20260916_h2o_static_safe/seed20260906,True,,hybrid-session-002,qa,328.23903881944716,4,risk_evidence_insufficient
kivi_2bit_residual64,13.0,0.1,False,False,online_qwen,False,4.0,/DATACENTER3/zhenxiang.wang/work/TailGuardKV/.worktrees/baseline-smoke-final-aggregation/out/full_25session_baseline_9_14/full/policy_attempts/full40_20260916_h2o_static_safe/seed20260906/config.yaml,,,,,0.1,True,,0.05,,0,False,kivi_2bit_residual64,True,,balanced_two_gpu,1,persistent,27025.06605698727,32484,31060.034815920517,,,50.0,38.185546875,4.468994140625,4.468994140625,4.468994140625,2755.1724212244153,unknown,True,,True,,False,,15444.53759765625,True,utility_dynamic,True,0.0,0.0,kivi_2bit_residual64,0.0,,risk_evidence_insufficient,0.0,utility_dynamic,277.0501710474491,,,,hybrid-session-003-turn-4,4.468994140625,0.0,4.468994140625,0.0,0.0,/DATACENTER3/zhenxiang.wang/work/TailGuardKV/.worktrees/baseline-smoke-final-aggregation/out/full_25session_baseline_9_14/full/policy_attempts/full40_20260916_h2o_static_safe/seed20260906,True,,hybrid-session-003,summary,278.04543101228774,4,risk_evidence_insufficient
kivi_2bit_residual64,13.0,0.1,False,False,online_qwen,False,2.0,/DATACENTER3/zhenxiang.wang/work/TailGuardKV/.worktrees/baseline-smoke-final-aggregation/out/full_25session_baseline_9_14/full/policy_attempts/full40_20260916_h2o_static_safe/seed20260906/config.yaml,,,,,0.1,True,,0.05,,0,False,kivi_2bit_residual64,True,,balanced_two_gpu,1,persistent,27025.06605698727,32484,31060.034815920517,,,50.0,43.46630859375,5.28076171875,5.28076171875,5.28076171875,2762.073454912752,unknown,True,,True,,False,,15484.994140625,True,utility_dynamic,True,0.0,0.0,kivi_2bit_residual64,0.0,,risk_evidence_insufficient,0.0,utility_dynamic,324.88291594199836,,,,hybrid-session-004-turn-4,5.28076171875,0.0,5.28076171875,0.0,0.0,/DATACENTER3/zhenxiang.wang/work/TailGuardKV/.worktrees/baseline-smoke-final-aggregation/out/full_25session_baseline_9_14/full/policy_attempts/full40_20260916_h2o_static_safe/seed20260906,True,,hybrid-session-004,qa,325.86479489691556,4,risk_evidence_insufficient
full_gpu,13.0,0.1,False,False,online_qwen,False,1.0,/DATACENTER3/zhenxiang.wang/work/TailGuardKV/.worktrees/baseline-smoke-final-aggregation/out/full_25session_baseline_9_14/full/policy_attempts/full40_20260916_h2o_static_safe/seed20260906/config.yaml,,,,,0.1,True,,0.05,,43.46630859375,True,,,,balanced_two_gpu,,persistent,,,,,exact fallback,50.0,14.765625,14.765625,14.765625,14.765625,41278.91080188751,unknown,True,,True,,False,,15424.96142578125,True,utility_dynamic,True,0.0,0.0,full_gpu,0.0,,risk_evidence_insufficient,0.0,utility_dynamic,40185.875481834635,,,,hybrid-session-005-turn-4,14.765625,0.0,14.765625,0.0,0.0,/DATACENTER3/zhenxiang.wang/work/TailGuardKV/.worktrees/baseline-smoke-final-aggregation/out/full_25session_baseline_9_14/full/policy_attempts/full40_20260916_h2o_static_safe/seed20260906,True,,hybrid-session-005,summary,40186.66168805398,4,risk_evidence_insufficient
kivi_2bit_residual64,13.0,0.1,False,False,online_qwen,False,8.0,/DATACENTER3/zhenxiang.wang/work/TailGuardKV/.worktrees/baseline-smoke-final-aggregation/out/full_25session_baseline_9_14/full/policy_attempts/full40_20260916_h2o_static_safe/seed20260906/config.yaml,,,,,0.1,True,,0.05,,14.765625,False,kivi_2bit_residual64,True,,balanced_two_gpu,1,persistent,27025.06605698727,32484,31060.034815920517,,,50.0,4.995361328125,4.995361328125,4.995361328125,4.995361328125,45487.05081796646,unknown,True,,True,,False,,15499.1884765625,True,utility_dynamic,False,0.0,0.0,kivi_2bit_residual64,0.0,,risk_evidence_insufficient,0.0,utility_dynamic,43594.74357605353,,,,hybrid-session-006-turn-4,4.995361328125,0.0,4.995361328125,0.0,0.0,/DATACENTER3/zhenxiang.wang/work/TailGuardKV/.worktrees/baseline-smoke-final-aggregation/out/full_25session_baseline_9_14/full/policy_attempts/full40_20260916_h2o_static_safe/seed20260906,True,,hybrid-session-006,qa,43595.74661000073,4,risk_evidence_insufficient
kivi_2bit_residual64,13.0,0.1,True,False,online_qwen,False,8.0,/DATACENTER3/zhenxiang.wang/work/TailGuardKV/.worktrees/baseline-smoke-final-aggregation/out/full_25session_baseline_9_14/full/policy_attempts/full40_20260916_h2o_static_safe/seed20260906/config.yaml,,,,,0.1,True,,0.05,,0,False,kivi_2bit_residual64,True,,balanced_two_gpu,1,persistent,27025.06605698727,32484,31060.034815920517,,,50.0,9.107177734375,4.11181640625,4.11181640625,4.11181640625,2259.6095001790673,unknown,True,,True,,False,,15399.43701171875,True,utility_dynamic,False,0.0,0.0,kivi_2bit_residual64,0.0,,risk_evidence_insufficient,0.0,utility_dynamic,274.7597929555923,,,,hybrid-session-009-turn-4,4.11181640625,0.0,4.11181640625,0.0,0.0,/DATACENTER3/zhenxiang.wang/work/TailGuardKV/.worktrees/baseline-smoke-final-aggregation/out/full_25session_baseline_9_14/full/policy_attempts/full40_20260916_h2o_static_safe/seed20260906,True,,hybrid-session-009,summary,275.7516670972109,4,risk_evidence_insufficient
kivi_2bit_residual64,13.0,0.1,False,False,online_qwen,False,8.0,/DATACENTER3/zhenxiang.wang/work/TailGuardKV/.worktrees/baseline-smoke-final-aggregation/out/full_25session_baseline_9_14/full/policy_attempts/full40_20260916_h2o_static_safe/seed20260906/config.yaml,,,,,0.1,True,,0.05,,0,False,kivi_2bit_residual64,True,,balanced_two_gpu,1,persistent,27025.06605698727,32484,31060.034815920517,,,50.0,13.8359375,4.728759765625,4.728759765625,4.728759765625,2726.0418289806694,unknown,True,,True,,False,,15430.3291015625,True,utility_dynamic,False,0.0,0.0,kivi_2bit_residual64,0.0,,risk_evidence_insufficient,0.0,utility_dynamic,314.0877950936556,,,,hybrid-session-010-turn-4,4.728759765625,0.0,4.728759765625,0.0,0.0,/DATACENTER3/zhenxiang.wang/work/TailGuardKV/.worktrees/baseline-smoke-final-aggregation/out/full_25session_baseline_9_14/full/policy_attempts/full40_20260916_h2o_static_safe/seed20260906,True,,hybrid-session-010,qa,314.91126981563866,4,risk_evidence_insufficient
kivi_2bit_residual64,13.0,0.1,True,False,online_qwen,False,8.0,/DATACENTER3/zhenxiang.wang/work/TailGuardKV/.worktrees/baseline-smoke-final-aggregation/out/full_25session_baseline_9_14/full/policy_attempts/full40_20260916_h2o_static_safe/seed20260906/config.yaml,,,,,0.1,True,,0.05,,0,False,kivi_2bit_residual64,True,,balanced_two_gpu,1,persistent,27025.06605698727,32484,31060.034815920517,,,50.0,18.33740234375,4.50146484375,4.50146484375,4.50146484375,2699.5111480355263,unknown,True,,True,,False,,15426.09033203125,True,utility_dynamic,False,0.0,0.0,kivi_2bit_residual64,0.0,,risk_evidence_insufficient,0.0,utility_dynamic,275.9224269539118,,,,hybrid-session-013-turn-4,4.50146484375,0.0,4.50146484375,0.0,0.0,/DATACENTER3/zhenxiang.wang/work/TailGuardKV/.worktrees/baseline-smoke-final-aggregation/out/full_25session_baseline_9_14/full/policy_attempts/full40_20260916_h2o_static_safe/seed20260906,True,,hybrid-session-013,summary,276.70273394323885,4,risk_evidence_insufficient
kivi_2bit_residual64,13.0,0.1,False,False,online_qwen,False,8.0,/DATACENTER3/zhenxiang.wang/work/TailGuardKV/.worktrees/baseline-smoke-final-aggregation/out/full_25session_baseline_9_14/full/policy_attempts/full40_20260916_h2o_static_safe/seed20260906/config.yaml,,,,,0.1,True,,0.05,,0,False,kivi_2bit_residual64,True,,balanced_two_gpu,1,persistent,27025.06605698727,32484,31060.034815920517,,,50.0,23.3583984375,5.02099609375,5.02099609375,5.02099609375,2716.6828541085124,unknown,True,,True,,False,,15452.923828125,True,utility_dynamic,False,0.0,0.0,kivi_2bit_residual64,0.0,,risk_evidence_insufficient,0.0,utility_dynamic,320.7500309217721,,,,hybrid-session-016-turn-4,5.02099609375,0.0,5.02099609375,0.0,0.0,/DATACENTER3/zhenxiang.wang/work/TailGuardKV/.worktrees/baseline-smoke-final-aggregation/out/full_25session_baseline_9_14/full/policy_attempts/full40_20260916_h2o_static_safe/seed20260906,True,,hybrid-session-016,qa,321.5548889711499,4,risk_evidence_insufficient
kivi_2bit_residual64,,,False,False,,False,8.0,/DATACENTER3/zhenxiang.wang/work/TailGuardKV/.worktrees/baseline-smoke-final-aggregation/out/full_25session_baseline_9_14/full/policy_attempts/full40_20260916_h2o_static_safe/seed20260906/config.yaml,,,,,0.1,True,,0.05,worker cache control failed,,False,,,,,,,,,,,,,,,,,,unknown,False,,False,,False,,,True,utility_dynamic,False,0.0,,kivi_2bit_residual64,,,risk_evidence_insufficient,,utility_dynamic,,,,,hybrid-session-020-turn-4,,,,,0.0,/DATACENTER3/zhenxiang.wang/work/TailGuardKV/.worktrees/baseline-smoke-final-aggregation/out/full_25session_baseline_9_14/full/policy_attempts/full40_20260916_h2o_static_safe/seed20260906,True,,hybrid-session-020,qa,,4,risk_evidence_insufficient
kivi_2bit_residual64,13.0,0.1,False,False,online_qwen,False,8.0,/DATACENTER3/zhenxiang.wang/work/TailGuardKV/.worktrees/baseline-smoke-final-aggregation/out/full_25session_baseline_9_14/full/policy_attempts/full40_20260916_h2o_static_safe/seed20260906/config.yaml,,,,,0.1,True,,0.05,,0,False,kivi_2bit_residual64,True,,balanced_two_gpu,1,persistent,27025.06605698727,32484,31060.034815920517,,,50.0,28.736572265625,5.378173828125,5.378173828125,5.378173828125,2521.348437992856,unknown,True,,True,,False,,15474.2763671875,True,utility_dynamic,False,0.0,0.0,kivi_2bit_residual64,0.0,,risk_evidence_insufficient,0.0,utility_dynamic,319.82788001187146,,,,hybrid-session-021-turn-4,5.378173828125,0.0,5.378173828125,0.0,0.0,/DATACENTER3/zhenxiang.wang/work/TailGuardKV/.worktrees/baseline-smoke-final-aggregation/out/full_25session_baseline_9_14/full/policy_attempts/full40_20260916_h2o_static_safe/seed20260906,True,,hybrid-session-021,summary,320.6642421428114,4,risk_evidence_insufficient
kivi_2bit_residual64,13.0,0.1,False,False,online_qwen,False,7.0,/DATACENTER3/zhenxiang.wang/work/TailGuardKV/.worktrees/baseline-smoke-final-aggregation/out/full_25session_baseline_9_14/full/policy_attempts/full40_20260916_h2o_static_safe/seed20260906/config.yaml,,,,,0.1,True,,0.05,,0,False,kivi_2bit_residual64,True,,balanced_two_gpu,1,persistent,27025.06605698727,32484,31060.034815920517,,,50.0,33.302978515625,4.56640625,4.56640625,4.56640625,2712.737422902137,unknown,True,,True,,False,,15449.6103515625,True,utility_dynamic,True,0.0,0.0,kivi_2bit_residual64,0.0,,risk_evidence_insufficient,0.0,utility_dynamic,308.9260580018163,,,,hybrid-session-025-turn-4,4.56640625,0.0,4.56640625,0.0,0.0,/DATACENTER3/zhenxiang.wang/work/TailGuardKV/.worktrees/baseline-smoke-final-aggregation/out/full_25session_baseline_9_14/full/policy_attempts/full40_20260916_h2o_static_safe/seed20260906,True,,hybrid-session-025,summary,309.7747089341283,4,risk_evidence_insufficient
kivi_2bit_residual64,13.0,0.1,False,False,online_qwen,False,1.0,/DATACENTER3/zhenxiang.wang/work/TailGuardKV/.worktrees/baseline-smoke-final-aggregation/out/full_25session_baseline_9_14/full/policy_attempts/full40_20260916_h2o_static_safe/seed20260906/config.yaml,,,,,0.1,True,,0.05,,0,False,kivi_2bit_residual64,True,,balanced_two_gpu,1,persistent,27025.06605698727,32484,31060.034815920517,,,50.0,38.778564453125,5.4755859375,5.4755859375,5.4755859375,2748.4448510222137,unknown,True,,True,,False,,15488.689453125,True,utility_dynamic,True,0.03418803418803419,0.03418803418803419,kivi_2bit_residual64,0.03418803418803419,,risk_evidence_insufficient,0.0,utility_dynamic,323.2878919225186,,,,hybrid-session-026-turn-4,5.4755859375,0.0,5.4755859375,0.0,0.3418803418803419,/DATACENTER3/zhenxiang.wang/work/TailGuardKV/.worktrees/baseline-smoke-final-aggregation/out/full_25session_baseline_9_14/full/policy_attempts/full40_20260916_h2o_static_safe/seed20260906,False,,hybrid-session-026,qa,324.01508605107665,4,risk_evidence_insufficient
kivi_2bit_residual64,1.0,0.1,False,False,online_qwen,False,5.0,/DATACENTER3/zhenxiang.wang/work/TailGuardKV/.worktrees/baseline-smoke-final-aggregation/out/full_25session_baseline_9_14/full/policy_attempts/full40_20260916_h2o_static_safe/seed20260906/config.yaml,,,,,0.1,True,,0.05,,0,False,kivi_2bit_residual64,True,,balanced_two_gpu,1,persistent,27013.151733903214,41926,31206.343356054276,,,50.0,2.078125,2.078125,2.078125,2.078125,5370.358438929543,unknown,True,,True,,False,,15070.54150390625,True,uncalibrated_dynamic,True,0.0,0.0,kivi_2bit_residual64,0.0,,risk_evidence_insufficient,0.0,uncalibrated_dynamic,0.0,,,,hybrid-session-002-turn-0,2.078125,0.0,2.078125,0.0,0.0,/DATACENTER3/zhenxiang.wang/work/TailGuardKV/.worktrees/baseline-smoke-final-aggregation/out/full_25session_baseline_9_14/full/policy_attempts/full40_20260916_h2o_static_safe/seed20260906,True,point_prediction_eligible,hybrid-session-002,chat,3826.627997914329,0,risk_evidence_insufficient
kivi_2bit_residual64,2.0,0.1,False,False,online_qwen,False,4.0,/DATACENTER3/zhenxiang.wang/work/TailGuardKV/.worktrees/baseline-smoke-final-aggregation/out/full_25session_baseline_9_14/full/policy_attempts/full40_20260916_h2o_static_safe/seed20260906/config.yaml,,,,,0.1,True,,0.05,,0,False,kivi_2bit_residual64,True,,balanced_two_gpu,1,persistent,27013.151733903214,41926,31206.343356054276,,,50.0,3.5546875,1.4765625,1.4765625,1.4765625,1618.311343016103,unknown,True,,True,,False,,15055.19384765625,True,uncalibrated_dynamic,True,0.0,0.0,kivi_2bit_residual64,0.0,,risk_evidence_insufficient,0.0,uncalibrated_dynamic,0.0,,,,hybrid-session-003-turn-0,1.4765625,0.0,1.4765625,0.0,0.0,/DATACENTER3/zhenxiang.wang/work/TailGuardKV/.worktrees/baseline-smoke-final-aggregation/out/full_25session_baseline_9_14/full/policy_attempts/full40_20260916_h2o_static_safe/seed20260906,True,point_prediction_eligible,hybrid-session-003,chat,111.12196114845574,0,risk_evidence_insufficient
kivi_2bit_residual64,3.0,0.1,False,False,online_qwen,False,4.0,/DATACENTER3/zhenxiang.wang/work/TailGuardKV/.worktrees/baseline-smoke-final-aggregation/out/full_25session_baseline_9_14/full/policy_attempts/full40_20260916_h2o_static_safe/seed20260906/config.yaml,,,,,0.1,True,,0.05,,0,False,kivi_2bit_residual64,True,,balanced_two_gpu,1,persistent,27013.151733903214,41926,31206.343356054276,,,50.0,5.3046875,1.75,1.75,1.75,1655.2904059644789,unknown,True,,True,,False,,15063.70947265625,True,uncalibrated_dynamic,True,0.0,0.0,kivi_2bit_residual64,0.0,,risk_evidence_insufficient,0.0,uncalibrated_dynamic,0.0,,,,hybrid-session-004-turn-0,1.75,0.0,1.75,0.0,0.0,/DATACENTER3/zhenxiang.wang/work/TailGuardKV/.worktrees/baseline-smoke-final-aggregation/out/full_25session_baseline_9_14/full/policy_attempts/full40_20260916_h2o_static_safe/seed20260906,True,point_prediction_eligible,hybrid-session-004,chat,110.07297597825527,0,risk_evidence_insufficient
kivi_2bit_residual64,4.0,0.1,False,False,online_qwen,False,4.0,/DATACENTER3/zhenxiang.wang/work/TailGuardKV/.worktrees/baseline-smoke-final-aggregation/out/full_25session_baseline_9_14/full/policy_attempts/full40_20260916_h2o_static_safe/seed20260906/config.yaml,,,,,0.1,True,,0.05,,0,False,kivi_2bit_residual64,True,,balanced_two_gpu,1,persistent,27013.151733903214,41926,31206.343356054276,,,50.0,7.21875,1.9140625,1.9140625,1.9140625,1572.260179091245,unknown,True,,True,,False,,15070.26806640625,True,uncalibrated_dynamic,True,0.0,0.0,kivi_2bit_residual64,0.0,,risk_evidence_insufficient,0.0,uncalibrated_dynamic,0.0,,,,hybrid-session-005-turn-0,1.9140625,0.0,1.9140625,0.0,0.0,/DATACENTER3/zhenxiang.wang/work/TailGuardKV/.worktrees/baseline-smoke-final-aggregation/out/full_25session_baseline_9_14/full/policy_attempts/full40_20260916_h2o_static_safe/seed20260906,True,point_prediction_eligible,hybrid-session-005,chat,122.29804904200137,0,risk_evidence_insufficient
kivi_2bit_residual64,5.0,0.1,False,False,online_qwen,False,4.0,/DATACENTER3/zhenxiang.wang/work/TailGuardKV/.worktrees/baseline-smoke-final-aggregation/out/full_25session_baseline_9_14/full/policy_attempts/full40_20260916_h2o_static_safe/seed20260906/config.yaml,,,,,0.1,True,,0.05,,0,False,kivi_2bit_residual64,True,,balanced_two_gpu,1,persistent,27013.151733903214,41926,31206.343356054276,,,50.0,9.84375,2.625,2.625,2.625,1678.7646929733455,unknown,True,,True,,False,,15093.27587890625,True,uncalibrated_dynamic,True,0.0,0.0,kivi_2bit_residual64,0.0,,risk_evidence_insufficient,0.0,uncalibrated_dynamic,0.0,,,,hybrid-session-006-turn-0,2.625,0.0,2.625,0.0,0.0,/DATACENTER3/zhenxiang.wang/work/TailGuardKV/.worktrees/baseline-smoke-final-aggregation/out/full_25session_baseline_9_14/full/policy_attempts/full40_20260916_h2o_static_safe/seed20260906,True,point_prediction_eligible,hybrid-session-006,chat,122.28864687494934,0,risk_evidence_insufficient
kivi_2bit_residual64,6.0,0.1,False,False,online_qwen,False,4.0,/DATACENTER3/zhenxiang.wang/work/TailGuardKV/.worktrees/baseline-smoke-final-aggregation/out/full_25session_baseline_9_14/full/policy_attempts/full40_20260916_h2o_static_safe/seed20260906/config.yaml,,,,,0.1,True,,0.05,,0,False,kivi_2bit_residual64,True,,balanced_two_gpu,1,persistent,27013.151733903214,41926,31206.343356054276,,,50.0,11.5390625,1.6953125,1.6953125,1.6953125,1662.308509927243,unknown,True,,True,,False,,15068.48681640625,True,uncalibrated_dynamic,True,0.0,0.0,kivi_2bit_residual64,0.0,,risk_evidence_insufficient,0.0,uncalibrated_dynamic,0.0,,,,hybrid-session-009-turn-0,1.6953125,0.0,1.6953125,0.0,0.0,/DATACENTER3/zhenxiang.wang/work/TailGuardKV/.worktrees/baseline-smoke-final-aggregation/out/full_25session_baseline_9_14/full/policy_attempts/full40_20260916_h2o_static_safe/seed20260906,True,point_prediction_eligible,hybrid-session-009,chat,109.47919799946249,0,risk_evidence_insufficient
kivi_2bit_residual64,7.0,0.1,False,False,online_qwen,False,4.0,/DATACENTER3/zhenxiang.wang/work/TailGuardKV/.worktrees/baseline-smoke-final-aggregation/out/full_25session_baseline_9_14/full/policy_attempts/full40_20260916_h2o_static_safe/seed20260906/config.yaml,,,,,0.1,True,,0.05,,0,False,kivi_2bit_residual64,True,,balanced_two_gpu,1,persistent,27013.151733903214,41926,31206.343356054276,,,50.0,13.0703125,1.53125,1.53125,1.53125,1673.1831061188132,unknown,True,,True,,False,,15065.87646484375,True,uncalibrated_dynamic,True,0.0,0.0,kivi_2bit_residual64,0.0,,risk_evidence_insufficient,0.0,uncalibrated_dynamic,0.0,,,,hybrid-session-010-turn-0,1.53125,0.0,1.53125,0.0,0.0,/DATACENTER3/zhenxiang.wang/work/TailGuardKV/.worktrees/baseline-smoke-final-aggregation/out/full_25session_baseline_9_14/full/policy_attempts/full40_20260916_h2o_static_safe/seed20260906,True,point_prediction_eligible,hybrid-session-010,chat,116.84967414475977,0,risk_evidence_insufficient
kivi_2bit_residual64,8.0,0.1,False,False,online_qwen,False,4.0,/DATACENTER3/zhenxiang.wang/work/TailGuardKV/.worktrees/baseline-smoke-final-aggregation/out/full_25session_baseline_9_14/full/policy_attempts/full40_20260916_h2o_static_safe/seed20260906/config.yaml,,,,,0.1,True,,0.05,,0,False,kivi_2bit_residual64,True,,balanced_two_gpu,1,persistent,27013.151733903214,41926,31206.343356054276,,,50.0,14.875,1.8046875,1.8046875,1.8046875,1666.6377699002624,unknown,True,,True,,False,,15074.73681640625,True,uncalibrated_dynamic,True,0.0,0.0,kivi_2bit_residual64,0.0,,risk_evidence_insufficient,0.0,uncalibrated_dynamic,0.0,,,,hybrid-session-013-turn-0,1.8046875,0.0,1.8046875,0.0,0.0,/DATACENTER3/zhenxiang.wang/work/TailGuardKV/.worktrees/baseline-smoke-final-aggregation/out/full_25session_baseline_9_14/full/policy_attempts/full40_20260916_h2o_static_safe/seed20260906,True,point_prediction_eligible,hybrid-session-013,chat,107.0559008512646,0,risk_evidence_insufficient
kivi_2bit_residual64,9.0,0.1,False,False,online_qwen,False,4.0,/DATACENTER3/zhenxiang.wang/work/TailGuardKV/.worktrees/baseline-smoke-final-aggregation/out/full_25session_baseline_9_14/full/policy_attempts/full40_20260916_h2o_static_safe/seed20260906/config.yaml,,,,,0.1,True,,0.05,,0,False,kivi_2bit_residual64,True,,balanced_two_gpu,1,persistent,27013.151733903214,41926,31206.343356054276,,,50.0,17.5,2.625,2.625,2.625,1663.0982977803797,unknown,True,,True,,False,,15100.93212890625,True,uncalibrated_dynamic,True,0.0,0.0,kivi_2bit_residual64,0.0,,risk_evidence_insufficient,0.0,uncalibrated_dynamic,0.0,,,,hybrid-session-016-turn-0,2.625,0.0,2.625,0.0,0.0,/DATACENTER3/zhenxiang.wang/work/TailGuardKV/.worktrees/baseline-smoke-final-aggregation/out/full_25session_baseline_9_14/full/policy_attempts/full40_20260916_h2o_static_safe/seed20260906,True,point_prediction_eligible,hybrid-session-016,chat,115.10064895264804,0,risk_evidence_insufficient
kivi_2bit_residual32,10.0,0.1,False,False,online_qwen,False,2.0,/DATACENTER3/zhenxiang.wang/work/TailGuardKV/.worktrees/baseline-smoke-final-aggregation/out/full_25session_baseline_9_14/full/policy_attempts/full40_20260916_h2o_static_safe/seed20260906/config.yaml,,,,,0.1,True,,0.05,,17.5,False,kivi_2bit_residual64,True,,balanced_two_gpu,1,persistent,27013.151733903214,41926,31206.343356054276,,,50.0,1.4287109375,1.4287109375,1.4287109375,1.4287109375,40458.878124952316,unknown,True,,True,,False,,15078.29541015625,True,uncalibrated_dynamic,True,0.0,0.0,kivi_2bit_residual32,0.0,,risk_evidence_insufficient,0.0,uncalibrated_dynamic,0.0,,,,hybrid-session-020-turn-0,1.4287109375,0.0,1.4287109375,0.0,0.0,/DATACENTER3/zhenxiang.wang/work/TailGuardKV/.worktrees/baseline-smoke-final-aggregation/out/full_25session_baseline_9_14/full/policy_attempts/full40_20260916_h2o_static_safe/seed20260906,True,point_prediction_eligible,hybrid-session-020,chat,35132.813028879464,0,risk_evidence_insufficient
kivi_2bit_residual64,11.0,0.1,False,False,online_qwen,False,4.0,/DATACENTER3/zhenxiang.wang/work/TailGuardKV/.worktrees/baseline-smoke-final-aggregation/out/full_25session_baseline_9_14/full/policy_attempts/full40_20260916_h2o_static_safe/seed20260906/config.yaml,,,,,0.1,True,,0.05,,1.4287109375,False,kivi_2bit_residual64,True,,balanced_two_gpu,1,persistent,27013.151733903214,41926,31206.343356054276,,,50.0,2.296875,2.296875,2.296875,2.296875,42855.07821893692,unknown,True,,True,,False,,15075.94775390625,True,uncalibrated_dynamic,True,0.0,0.0,kivi_2bit_residual64,0.0,,risk_evidence_insufficient,0.0,uncalibrated_dynamic,0.0,,,,hybrid-session-021-turn-0,2.296875,0.0,2.296875,0.0,0.0,/DATACENTER3/zhenxiang.wang/work/TailGuardKV/.worktrees/baseline-smoke-final-aggregation/out/full_25session_baseline_9_14/full/policy_attempts/full40_20260916_h2o_static_safe/seed20260906,True,point_prediction_eligible,hybrid-session-021,chat,41628.508656019345,0,risk_evidence_insufficient
kivi_2bit_residual64,12.0,0.1,False,False,online_qwen,False,4.0,/DATACENTER3/zhenxiang.wang/work/TailGuardKV/.worktrees/baseline-smoke-final-aggregation/out/full_25session_baseline_9_14/full/policy_attempts/full40_20260916_h2o_static_safe/seed20260906/config.yaml,,,,,0.1,True,,0.05,,0,False,kivi_2bit_residual64,True,,balanced_two_gpu,1,persistent,27013.151733903214,41926,31206.343356054276,,,50.0,4.265625,1.96875,1.96875,1.96875,1683.1187449861318,unknown,True,,True,,False,,15068.49853515625,True,uncalibrated_dynamic,True,0.0,0.0,kivi_2bit_residual64,0.0,,risk_evidence_insufficient,0.0,uncalibrated_dynamic,0.0,,,,hybrid-session-025-turn-0,1.96875,0.0,1.96875,0.0,0.0,/DATACENTER3/zhenxiang.wang/work/TailGuardKV/.worktrees/baseline-smoke-final-aggregation/out/full_25session_baseline_9_14/full/policy_attempts/full40_20260916_h2o_static_safe/seed20260906,True,point_prediction_eligible,hybrid-session-025,chat,123.09674615971744,0,risk_evidence_insufficient
kivi_2bit_residual64,13.0,0.1,False,False,online_qwen,False,4.0,/DATACENTER3/zhenxiang.wang/work/TailGuardKV/.worktrees/baseline-smoke-final-aggregation/out/full_25session_baseline_9_14/full/policy_attempts/full40_20260916_h2o_static_safe/seed20260906/config.yaml,,,,,0.1,True,,0.05,,0,False,kivi_2bit_residual64,True,,balanced_two_gpu,1,persistent,27013.151733903214,41926,31206.343356054276,,,50.0,6.453125,2.1875,2.1875,2.1875,1684.6478250809014,unknown,True,,True,,False,,15076.51416015625,True,uncalibrated_dynamic,True,0.0,0.0,kivi_2bit_residual64,0.0,,risk_evidence_insufficient,0.0,uncalibrated_dynamic,0.0,,,,hybrid-session-026-turn-0,2.1875,0.0,2.1875,0.0,0.0,/DATACENTER3/zhenxiang.wang/work/TailGuardKV/.worktrees/baseline-smoke-final-aggregation/out/full_25session_baseline_9_14/full/policy_attempts/full40_20260916_h2o_static_safe/seed20260906,True,point_prediction_eligible,hybrid-session-026,chat,121.04282109066844,0,risk_evidence_insufficient
kivi_4bit_residual64,13.0,0.1,False,False,online_qwen,False,8.0,/DATACENTER3/zhenxiang.wang/work/TailGuardKV/.worktrees/baseline-smoke-final-aggregation/out/full_25session_baseline_9_14/full/policy_attempts/full40_20260916_h2o_static_safe/seed20260906/config.yaml,,,,,0.1,True,,0.05,,6.453125,False,kivi_2bit_residual64,True,,balanced_two_gpu,1,persistent,27013.151733903214,41926,31206.343356054276,,,50.0,2.619873046875,2.619873046875,2.619873046875,2.619873046875,46541.284991025925,unknown,True,,True,,False,,15122.84619140625,True,uncalibrated_dynamic,False,0.0,0.0,kivi_4bit_residual64,0.0,,risk_evidence_insufficient,0.0,uncalibrated_dynamic,41721.295706059784,,,,hybrid-session-002-turn-1,2.619873046875,0.0,2.619873046875,0.0,0.0,/DATACENTER3/zhenxiang.wang/work/TailGuardKV/.worktrees/baseline-smoke-final-aggregation/out/full_25session_baseline_9_14/full/policy_attempts/full40_20260916_h2o_static_safe/seed20260906,True,point_prediction_eligible,hybrid-session-002,chat,41722.24676498957,1,risk_evidence_insufficient
kivi_4bit_residual64,,0.1,True,False,,False,8.0,/DATACENTER3/zhenxiang.wang/work/TailGuardKV/.worktrees/baseline-smoke-final-aggregation/out/full_25session_baseline_9_14/full/policy_attempts/full40_20260916_h2o_static_safe/seed20260906/config.yaml,,,,,0.1,True,,0.05,worker cache control failed,,False,,,,,,,,,,,,,,,,,,unknown,False,,False,,False,,,True,uncalibrated_dynamic,False,0.0,0.0,kivi_4bit_residual64,0.0,,risk_evidence_insufficient,,uncalibrated_dynamic,,,,,hybrid-session-003-turn-1,,,,,0.0,/DATACENTER3/zhenxiang.wang/work/TailGuardKV/.worktrees/baseline-smoke-final-aggregation/out/full_25session_baseline_9_14/full/policy_attempts/full40_20260916_h2o_static_safe/seed20260906,True,point_prediction_eligible,hybrid-session-003,chat,,1,risk_evidence_insufficient
kivi_4bit_residual64,,,False,False,,False,8.0,/DATACENTER3/zhenxiang.wang/work/TailGuardKV/.worktrees/baseline-smoke-final-aggregation/out/full_25session_baseline_9_14/full/policy_attempts/full40_20260916_h2o_static_safe/seed20260906/config.yaml,,,,,0.1,True,,0.05,worker cache control failed,,False,,,,,,,,,,,,,,,,,,unknown,False,,False,,False,,,True,uncalibrated_dynamic,False,0.0,,kivi_4bit_residual64,,,risk_evidence_insufficient,,uncalibrated_dynamic,,,,,hybrid-session-004-turn-1,,,,,0.0,/DATACENTER3/zhenxiang.wang/work/TailGuardKV/.worktrees/baseline-smoke-final-aggregation/out/full_25session_baseline_9_14/full/policy_attempts/full40_20260916_h2o_static_safe/seed20260906,True,point_prediction_eligible,hybrid-session-004,chat,,1,risk_evidence_insufficient
kivi_4bit_residual64,,,False,False,,False,8.0,/DATACENTER3/zhenxiang.wang/work/TailGuardKV/.worktrees/baseline-smoke-final-aggregation/out/full_25session_baseline_9_14/full/policy_attempts/full40_20260916_h2o_static_safe/seed20260906/config.yaml,,,,,0.1,True,,0.05,worker cache control failed,,False,,,,,,,,,,,,,,,,,,unknown,False,,False,,False,,,True,uncalibrated_dynamic,False,0.0,,kivi_4bit_residual64,,,risk_evidence_insufficient,,uncalibrated_dynamic,,,,,hybrid-session-005-turn-1,,,,,0.0,/DATACENTER3/zhenxiang.wang/work/TailGuardKV/.worktrees/baseline-smoke-final-aggregation/out/full_25session_baseline_9_14/full/policy_attempts/full40_20260916_h2o_static_safe/seed20260906,True,point_prediction_eligible,hybrid-session-005,chat,,1,risk_evidence_insufficient
kivi_4bit_residual64,,,False,False,,False,8.0,/DATACENTER3/zhenxiang.wang/work/TailGuardKV/.worktrees/baseline-smoke-final-aggregation/out/full_25session_baseline_9_14/full/policy_attempts/full40_20260916_h2o_static_safe/seed20260906/config.yaml,,,,,0.1,True,,0.05,worker cache control failed,,False,,,,,,,,,,,,,,,,,,unknown,False,,False,,False,,,True,uncalibrated_dynamic,False,0.0,,kivi_4bit_residual64,,,risk_evidence_insufficient,,uncalibrated_dynamic,,,,,hybrid-session-006-turn-1,,,,,0.0,/DATACENTER3/zhenxiang.wang/work/TailGuardKV/.worktrees/baseline-smoke-final-aggregation/out/full_25session_baseline_9_14/full/policy_attempts/full40_20260916_h2o_static_safe/seed20260906,True,point_prediction_eligible,hybrid-session-006,chat,,1,risk_evidence_insufficient
kivi_4bit_residual64,,,False,False,,False,8.0,/DATACENTER3/zhenxiang.wang/work/TailGuardKV/.worktrees/baseline-smoke-final-aggregation/out/full_25session_baseline_9_14/full/policy_attempts/full40_20260916_h2o_static_safe/seed20260906/config.yaml,,,,,0.1,True,,0.05,worker cache control failed,,False,,,,,,,,,,,,,,,,,,unknown,False,,False,,False,,,True,uncalibrated_dynamic,False,0.0,,kivi_4bit_residual64,,,risk_evidence_insufficient,,uncalibrated_dynamic,,,,,hybrid-session-009-turn-1,,,,,0.0,/DATACENTER3/zhenxiang.wang/work/TailGuardKV/.worktrees/baseline-smoke-final-aggregation/out/full_25session_baseline_9_14/full/policy_attempts/full40_20260916_h2o_static_safe/seed20260906,True,point_prediction_eligible,hybrid-session-009,chat,,1,risk_evidence_insufficient
kivi_4bit_residual64,,,False,False,,False,8.0,/DATACENTER3/zhenxiang.wang/work/TailGuardKV/.worktrees/baseline-smoke-final-aggregation/out/full_25session_baseline_9_14/full/policy_attempts/full40_20260916_h2o_static_safe/seed20260906/config.yaml,,,,,0.1,True,,0.05,worker cache control failed,,False,,,,,,,,,,,,,,,,,,unknown,False,,False,,False,,,True,uncalibrated_dynamic,False,0.0,,kivi_4bit_residual64,,,risk_evidence_insufficient,,uncalibrated_dynamic,,,,,hybrid-session-010-turn-1,,,,,0.0,/DATACENTER3/zhenxiang.wang/work/TailGuardKV/.worktrees/baseline-smoke-final-aggregation/out/full_25session_baseline_9_14/full/policy_attempts/full40_20260916_h2o_static_safe/seed20260906,True,point_prediction_eligible,hybrid-session-010,chat,,1,risk_evidence_insufficient
kivi_4bit_residual64,,,False,False,,False,8.0,/DATACENTER3/zhenxiang.wang/work/TailGuardKV/.worktrees/baseline-smoke-final-aggregation/out/full_25session_baseline_9_14/full/policy_attempts/full40_20260916_h2o_static_safe/seed20260906/config.yaml,,,,,0.1,True,,0.05,worker cache control failed,,False,,,,,,,,,,,,,,,,,,unknown,False,,False,,False,,,True,uncalibrated_dynamic,False,0.0,,kivi_4bit_residual64,,,risk_evidence_insufficient,,uncalibrated_dynamic,,,,,hybrid-session-013-turn-1,,,,,0.0,/DATACENTER3/zhenxiang.wang/work/TailGuardKV/.worktrees/baseline-smoke-final-aggregation/out/full_25session_baseline_9_14/full/policy_attempts/full40_20260916_h2o_static_safe/seed20260906,True,point_prediction_eligible,hybrid-session-013,chat,,1,risk_evidence_insufficient
kivi_4bit_residual64,,,False,False,,False,8.0,/DATACENTER3/zhenxiang.wang/work/TailGuardKV/.worktrees/baseline-smoke-final-aggregation/out/full_25session_baseline_9_14/full/policy_attempts/full40_20260916_h2o_static_safe/seed20260906/config.yaml,,,,,0.1,True,,0.05,worker cache control failed,,False,,,,,,,,,,,,,,,,,,unknown,False,,False,,False,,,True,uncalibrated_dynamic,False,0.0,,kivi_4bit_residual64,,,risk_evidence_insufficient,,uncalibrated_dynamic,,,,,hybrid-session-016-turn-1,,,,,0.0,/DATACENTER3/zhenxiang.wang/work/TailGuardKV/.worktrees/baseline-smoke-final-aggregation/out/full_25session_baseline_9_14/full/policy_attempts/full40_20260916_h2o_static_safe/seed20260906,True,point_prediction_eligible,hybrid-session-016,chat,,1,risk_evidence_insufficient
kivi_4bit_residual64,,,False,False,,False,8.0,/DATACENTER3/zhenxiang.wang/work/TailGuardKV/.worktrees/baseline-smoke-final-aggregation/out/full_25session_baseline_9_14/full/policy_attempts/full40_20260916_h2o_static_safe/seed20260906/config.yaml,,,,,0.1,True,,0.05,worker cache control failed,,False,,,,,,,,,,,,,,,,,,unknown,False,,False,,False,,,True,uncalibrated_dynamic,False,0.0,,kivi_4bit_residual64,,,risk_evidence_insufficient,,uncalibrated_dynamic,,,,,hybrid-session-020-turn-1,,,,,0.0,/DATACENTER3/zhenxiang.wang/work/TailGuardKV/.worktrees/baseline-smoke-final-aggregation/out/full_25session_baseline_9_14/full/policy_attempts/full40_20260916_h2o_static_safe/seed20260906,True,point_prediction_eligible,hybrid-session-020,chat,,1,risk_evidence_insufficient
kivi_4bit_residual64,,,False,False,,False,8.0,/DATACENTER3/zhenxiang.wang/work/TailGuardKV/.worktrees/baseline-smoke-final-aggregation/out/full_25session_baseline_9_14/full/policy_attempts/full40_20260916_h2o_static_safe/seed20260906/config.yaml,,,,,0.1,True,,0.05,worker cache control failed,,False,,,,,,,,,,,,,,,,,,unknown,False,,False,,False,,,True,uncalibrated_dynamic,False,0.0,,kivi_4bit_residual64,,,risk_evidence_insufficient,,uncalibrated_dynamic,,,,,hybrid-session-021-turn-1,,,,,0.0,/DATACENTER3/zhenxiang.wang/work/TailGuardKV/.worktrees/baseline-smoke-final-aggregation/out/full_25session_baseline_9_14/full/policy_attempts/full40_20260916_h2o_static_safe/seed20260906,True,point_prediction_eligible,hybrid-session-021,chat,,1,risk_evidence_insufficient
kivi_4bit_residual64,,,False,False,,False,8.0,/DATACENTER3/zhenxiang.wang/work/TailGuardKV/.worktrees/baseline-smoke-final-aggregation/out/full_25session_baseline_9_14/full/policy_attempts/full40_20260916_h2o_static_safe/seed20260906/config.yaml,,,,,0.1,True,,0.05,worker cache control failed,,False,,,,,,,,,,,,,,,,,,unknown,False,,False,,False,,,True,uncalibrated_dynamic,False,0.005128205128205128,,kivi_4bit_residual64,,,risk_evidence_insufficient,,uncalibrated_dynamic,,,,,hybrid-session-025-turn-1,,,,,0.005128205128205128,/DATACENTER3/zhenxiang.wang/work/TailGuardKV/.worktrees/baseline-smoke-final-aggregation/out/full_25session_baseline_9_14/full/policy_attempts/full40_20260916_h2o_static_safe/seed20260906,True,point_prediction_eligible,hybrid-session-025,chat,,1,risk_evidence_insufficient
kivi_4bit_residual64,,,False,False,,False,8.0,/DATACENTER3/zhenxiang.wang/work/TailGuardKV/.worktrees/baseline-smoke-final-aggregation/out/full_25session_baseline_9_14/full/policy_attempts/full40_20260916_h2o_static_safe/seed20260906/config.yaml,,,,,0.1,True,,0.05,worker cache control failed,,False,,,,,,,,,,,,,,,,,,unknown,False,,False,,False,,,True,uncalibrated_dynamic,False,0.0,,kivi_4bit_residual64,,,risk_evidence_insufficient,,uncalibrated_dynamic,,,,,hybrid-session-026-turn-1,,,,,0.0,/DATACENTER3/zhenxiang.wang/work/TailGuardKV/.worktrees/baseline-smoke-final-aggregation/out/full_25session_baseline_9_14/full/policy_attempts/full40_20260916_h2o_static_safe/seed20260906,True,point_prediction_eligible,hybrid-session-026,chat,,1,risk_evidence_insufficient
kivi_4bit_residual64,13.0,0.1,True,False,online_qwen,False,8.0,/DATACENTER3/zhenxiang.wang/work/TailGuardKV/.worktrees/baseline-smoke-final-aggregation/out/full_25session_baseline_9_14/full/policy_attempts/full40_20260916_h2o_static_safe/seed20260906/config.yaml,,,,,0.1,True,,0.05,,0,False,kivi_2bit_residual64,True,,balanced_two_gpu,1,persistent,27013.151733903214,41926,31206.343356054276,,,50.0,4.663818359375,4.663818359375,4.663818359375,2.0439453125,2722.93539904058,unknown,True,,True,,False,,15200.16015625,True,uncalibrated_dynamic,False,0.0,0.0,kivi_4bit_residual64,0.0,,risk_evidence_insufficient,0.0,uncalibrated_dynamic,0.0,,,,hybrid-session-002-turn-2,4.663818359375,2.619873046875,4.663818359375,0.0,0.0,/DATACENTER3/zhenxiang.wang/work/TailGuardKV/.worktrees/baseline-smoke-final-aggregation/out/full_25session_baseline_9_14/full/policy_attempts/full40_20260916_h2o_static_safe/seed20260906,True,point_prediction_eligible,hybrid-session-002,qa,275.5390538368374,2,risk_evidence_insufficient
kivi_4bit_residual64,,,False,False,,False,8.0,/DATACENTER3/zhenxiang.wang/work/TailGuardKV/.worktrees/baseline-smoke-final-aggregation/out/full_25session_baseline_9_14/full/policy_attempts/full40_20260916_h2o_static_safe/seed20260906/config.yaml,,,,,0.1,True,,0.05,worker cache control failed,,False,,,,,,,,,,,,,,,,,,unknown,False,,False,,False,,,True,uncalibrated_dynamic,False,0.0,,kivi_4bit_residual64,,,risk_evidence_insufficient,,uncalibrated_dynamic,,,,,hybrid-session-003-turn-2,,,,,0.0,/DATACENTER3/zhenxiang.wang/work/TailGuardKV/.worktrees/baseline-smoke-final-aggregation/out/full_25session_baseline_9_14/full/policy_attempts/full40_20260916_h2o_static_safe/seed20260906,True,point_prediction_eligible,hybrid-session-003,summary,,2,risk_evidence_insufficient
kivi_4bit_residual64,,,False,False,,False,1.0,/DATACENTER3/zhenxiang.wang/work/TailGuardKV/.worktrees/baseline-smoke-final-aggregation/out/full_25session_baseline_9_14/full/policy_attempts/full40_20260916_h2o_static_safe/seed20260906/config.yaml,,,,,0.1,True,,0.05,worker cache control failed,,False,,,,,,,,,,,,,,,,,,unknown,False,,False,,False,,,True,uncalibrated_dynamic,False,0.03418803418803419,,kivi_4bit_residual64,,,risk_evidence_insufficient,,uncalibrated_dynamic,,,,,hybrid-session-004-turn-2,,,,,0.3418803418803419,/DATACENTER3/zhenxiang.wang/work/TailGuardKV/.worktrees/baseline-smoke-final-aggregation/out/full_25session_baseline_9_14/full/policy_attempts/full40_20260916_h2o_static_safe/seed20260906,False,point_prediction_eligible,hybrid-session-004,qa,,2,risk_evidence_insufficient
kivi_4bit_residual64,,,False,False,,False,8.0,/DATACENTER3/zhenxiang.wang/work/TailGuardKV/.worktrees/baseline-smoke-final-aggregation/out/full_25session_baseline_9_14/full/policy_attempts/full40_20260916_h2o_static_safe/seed20260906/config.yaml,,,,,0.1,True,,0.05,worker cache control failed,,False,,,,,,,,,,,,,,,,,,unknown,False,,False,,False,,,True,uncalibrated_dynamic,False,0.0,,kivi_4bit_residual64,,,risk_evidence_insufficient,,uncalibrated_dynamic,,,,,hybrid-session-005-turn-2,,,,,0.0,/DATACENTER3/zhenxiang.wang/work/TailGuardKV/.worktrees/baseline-smoke-final-aggregation/out/full_25session_baseline_9_14/full/policy_attempts/full40_20260916_h2o_static_safe/seed20260906,True,point_prediction_eligible,hybrid-session-005,summary,,2,risk_evidence_insufficient
kivi_4bit_residual64,,,False,False,,False,1.0,/DATACENTER3/zhenxiang.wang/work/TailGuardKV/.worktrees/baseline-smoke-final-aggregation/out/full_25session_baseline_9_14/full/policy_attempts/full40_20260916_h2o_static_safe/seed20260906/config.yaml,,,,,0.1,True,,0.05,worker cache control failed,,False,,,,,,,,,,,,,,,,,,unknown,False,,False,,False,,,True,uncalibrated_dynamic,False,0.03418803418803419,,kivi_4bit_residual64,,,risk_evidence_insufficient,,uncalibrated_dynamic,,,,,hybrid-session-006-turn-2,,,,,0.3418803418803419,/DATACENTER3/zhenxiang.wang/work/TailGuardKV/.worktrees/baseline-smoke-final-aggregation/out/full_25session_baseline_9_14/full/policy_attempts/full40_20260916_h2o_static_safe/seed20260906,False,point_prediction_eligible,hybrid-session-006,qa,,2,risk_evidence_insufficient
kivi_4bit_residual64,,,False,False,,False,8.0,/DATACENTER3/zhenxiang.wang/work/TailGuardKV/.worktrees/baseline-smoke-final-aggregation/out/full_25session_baseline_9_14/full/policy_attempts/full40_20260916_h2o_static_safe/seed20260906/config.yaml,,,,,0.1,True,,0.05,worker cache control failed,,False,,,,,,,,,,,,,,,,,,unknown,False,,False,,False,,,True,uncalibrated_dynamic,False,0.0,,kivi_4bit_residual64,,,risk_evidence_insufficient,,uncalibrated_dynamic,,,,,hybrid-session-009-turn-2,,,,,0.0,/DATACENTER3/zhenxiang.wang/work/TailGuardKV/.worktrees/baseline-smoke-final-aggregation/out/full_25session_baseline_9_14/full/policy_attempts/full40_20260916_h2o_static_safe/seed20260906,True,point_prediction_eligible,hybrid-session-009,summary,,2,risk_evidence_insufficient
kivi_4bit_residual64,,,False,False,,False,8.0,/DATACENTER3/zhenxiang.wang/work/TailGuardKV/.worktrees/baseline-smoke-final-aggregation/out/full_25session_baseline_9_14/full/policy_attempts/full40_20260916_h2o_static_safe/seed20260906/config.yaml,,,,,0.1,True,,0.05,worker cache control failed,,False,,,,,,,,,,,,,,,,,,unknown,False,,False,,False,,,True,uncalibrated_dynamic,False,0.0,,kivi_4bit_residual64,,,risk_evidence_insufficient,,uncalibrated_dynamic,,,,,hybrid-session-010-turn-2,,,,,0.0,/DATACENTER3/zhenxiang.wang/work/TailGuardKV/.worktrees/baseline-smoke-final-aggregation/out/full_25session_baseline_9_14/full/policy_attempts/full40_20260916_h2o_static_safe/seed20260906,True,point_prediction_eligible,hybrid-session-010,qa,,2,risk_evidence_insufficient
kivi_4bit_residual64,,0.1,True,False,,False,8.0,/DATACENTER3/zhenxiang.wang/work/TailGuardKV/.worktrees/baseline-smoke-final-aggregation/out/full_25session_baseline_9_14/full/policy_attempts/full40_20260916_h2o_static_safe/seed20260906/config.yaml,,,,,0.1,True,,0.05,worker cache control failed,,False,,,,,,,,,,,,,,,,,,unknown,False,,False,,False,,,True,uncalibrated_dynamic,False,0.0,0.0,kivi_4bit_residual64,0.0,,risk_evidence_insufficient,,uncalibrated_dynamic,,,,,hybrid-session-013-turn-2,,,,,0.0,/DATACENTER3/zhenxiang.wang/work/TailGuardKV/.worktrees/baseline-smoke-final-aggregation/out/full_25session_baseline_9_14/full/policy_attempts/full40_20260916_h2o_static_safe/seed20260906,True,point_prediction_eligible,hybrid-session-013,summary,,2,risk_evidence_insufficient
kivi_4bit_residual64,,,False,False,,False,8.0,/DATACENTER3/zhenxiang.wang/work/TailGuardKV/.worktrees/baseline-smoke-final-aggregation/out/full_25session_baseline_9_14/full/policy_attempts/full40_20260916_h2o_static_safe/seed20260906/config.yaml,,,,,0.1,True,,0.05,worker cache control failed,,False,,,,,,,,,,,,,,,,,,unknown,False,,False,,False,,,True,uncalibrated_dynamic,False,0.0,,kivi_4bit_residual64,,,risk_evidence_insufficient,,uncalibrated_dynamic,,,,,hybrid-session-016-turn-2,,,,,0.0,/DATACENTER3/zhenxiang.wang/work/TailGuardKV/.worktrees/baseline-smoke-final-aggregation/out/full_25session_baseline_9_14/full/policy_attempts/full40_20260916_h2o_static_safe/seed20260906,True,point_prediction_eligible,hybrid-session-016,qa,,2,risk_evidence_insufficient
kivi_4bit_residual64,,0.1,True,False,,False,1.0,/DATACENTER3/zhenxiang.wang/work/TailGuardKV/.worktrees/baseline-smoke-final-aggregation/out/full_25session_baseline_9_14/full/policy_attempts/full40_20260916_h2o_static_safe/seed20260906/config.yaml,,,,,0.1,True,,0.05,worker cache control failed,,False,,,,,,,,,,,,,,,,,,unknown,False,,False,,False,,,True,uncalibrated_dynamic,False,0.03418803418803419,0.03418803418803419,kivi_4bit_residual64,0.03418803418803419,,risk_evidence_insufficient,,uncalibrated_dynamic,,,,,hybrid-session-020-turn-2,,,,,0.3418803418803419,/DATACENTER3/zhenxiang.wang/work/TailGuardKV/.worktrees/baseline-smoke-final-aggregation/out/full_25session_baseline_9_14/full/policy_attempts/full40_20260916_h2o_static_safe/seed20260906,False,point_prediction_eligible,hybrid-session-020,qa,,2,risk_evidence_insufficient
kivi_4bit_residual64,,,False,False,,False,8.0,/DATACENTER3/zhenxiang.wang/work/TailGuardKV/.worktrees/baseline-smoke-final-aggregation/out/full_25session_baseline_9_14/full/policy_attempts/full40_20260916_h2o_static_safe/seed20260906/config.yaml,,,,,0.1,True,,0.05,worker cache control failed,,False,,,,,,,,,,,,,,,,,,unknown,False,,False,,False,,,True,uncalibrated_dynamic,False,0.0,,kivi_4bit_residual64,,,risk_evidence_insufficient,,uncalibrated_dynamic,,,,,hybrid-session-021-turn-2,,,,,0.0,/DATACENTER3/zhenxiang.wang/work/TailGuardKV/.worktrees/baseline-smoke-final-aggregation/out/full_25session_baseline_9_14/full/policy_attempts/full40_20260916_h2o_static_safe/seed20260906,True,point_prediction_eligible,hybrid-session-021,summary,,2,risk_evidence_insufficient
kivi_4bit_residual64,,,False,False,,False,8.0,/DATACENTER3/zhenxiang.wang/work/TailGuardKV/.worktrees/baseline-smoke-final-aggregation/out/full_25session_baseline_9_14/full/policy_attempts/full40_20260916_h2o_static_safe/seed20260906/config.yaml,,,,,0.1,True,,0.05,worker cache control failed,,False,,,,,,,,,,,,,,,,,,unknown,False,,False,,False,,,True,uncalibrated_dynamic,False,0.0,,kivi_4bit_residual64,,,risk_evidence_insufficient,,uncalibrated_dynamic,,,,,hybrid-session-025-turn-2,,,,,0.0,/DATACENTER3/zhenxiang.wang/work/TailGuardKV/.worktrees/baseline-smoke-final-aggregation/out/full_25session_baseline_9_14/full/policy_attempts/full40_20260916_h2o_static_safe/seed20260906,True,point_prediction_eligible,hybrid-session-025,summary,,2,risk_evidence_insufficient
kivi_4bit_residual64,,,False,False,,False,1.0,/DATACENTER3/zhenxiang.wang/work/TailGuardKV/.worktrees/baseline-smoke-final-aggregation/out/full_25session_baseline_9_14/full/policy_attempts/full40_20260916_h2o_static_safe/seed20260906/config.yaml,,,,,0.1,True,,0.05,worker cache control failed,,False,,,,,,,,,,,,,,,,,,unknown,False,,False,,False,,,True,uncalibrated_dynamic,False,0.03418803418803419,,kivi_4bit_residual64,,,risk_evidence_insufficient,,uncalibrated_dynamic,,,,,hybrid-session-026-turn-2,,,,,0.3418803418803419,/DATACENTER3/zhenxiang.wang/work/TailGuardKV/.worktrees/baseline-smoke-final-aggregation/out/full_25session_baseline_9_14/full/policy_attempts/full40_20260916_h2o_static_safe/seed20260906,False,point_prediction_eligible,hybrid-session-026,qa,,2,risk_evidence_insufficient
kivi_4bit_residual64,13.0,0.1,False,False,online_qwen,False,8.0,/DATACENTER3/zhenxiang.wang/work/TailGuardKV/.worktrees/baseline-smoke-final-aggregation/out/full_25session_baseline_9_14/full/policy_attempts/full40_20260916_h2o_static_safe/seed20260906/config.yaml,,,,,0.1,True,,0.05,,0,False,kivi_2bit_residual64,True,,balanced_two_gpu,1,persistent,27013.151733903214,41926,31206.343356054276,,,50.0,6.27880859375,6.27880859375,6.27880859375,1.614990234375,2615.08205300197,unknown,True,,True,,False,,15084.52734375,True,uncalibrated_dynamic,False,0.0,0.0,kivi_4bit_residual64,0.0,,risk_evidence_insufficient,0.0,uncalibrated_dynamic,0.0,,,,hybrid-session-002-turn-3,6.27880859375,4.663818359375,6.27880859375,0.0,0.0,/DATACENTER3/zhenxiang.wang/work/TailGuardKV/.worktrees/baseline-smoke-final-aggregation/out/full_25session_baseline_9_14/full/policy_attempts/full40_20260916_h2o_static_safe/seed20260906,True,point_prediction_eligible,hybrid-session-002,qa,217.81774214468896,3,risk_evidence_insufficient
kivi_4bit_residual64,,,False,False,,False,8.0,/DATACENTER3/zhenxiang.wang/work/TailGuardKV/.worktrees/baseline-smoke-final-aggregation/out/full_25session_baseline_9_14/full/policy_attempts/full40_20260916_h2o_static_safe/seed20260906/config.yaml,,,,,0.1,True,,0.05,worker cache control failed,,False,,,,,,,,,,,,,,,,,,unknown,False,,False,,False,,,True,uncalibrated_dynamic,False,0.0,,kivi_4bit_residual64,,,risk_evidence_insufficient,,uncalibrated_dynamic,,,,,hybrid-session-003-turn-3,,,,,0.0,/DATACENTER3/zhenxiang.wang/work/TailGuardKV/.worktrees/baseline-smoke-final-aggregation/out/full_25session_baseline_9_14/full/policy_attempts/full40_20260916_h2o_static_safe/seed20260906,True,point_prediction_eligible,hybrid-session-003,summary,,3,risk_evidence_insufficient
kivi_4bit_residual64,,,False,False,,False,1.0,/DATACENTER3/zhenxiang.wang/work/TailGuardKV/.worktrees/baseline-smoke-final-aggregation/out/full_25session_baseline_9_14/full/policy_attempts/full40_20260916_h2o_static_safe/seed20260906/config.yaml,,,,,0.1,True,,0.05,worker cache control failed,,False,,,,,,,,,,,,,,,,,,unknown,False,,False,,False,,,True,uncalibrated_dynamic,False,0.03418803418803419,,kivi_4bit_residual64,,,risk_evidence_insufficient,,uncalibrated_dynamic,,,,,hybrid-session-004-turn-3,,,,,0.3418803418803419,/DATACENTER3/zhenxiang.wang/work/TailGuardKV/.worktrees/baseline-smoke-final-aggregation/out/full_25session_baseline_9_14/full/policy_attempts/full40_20260916_h2o_static_safe/seed20260906,False,point_prediction_eligible,hybrid-session-004,qa,,3,risk_evidence_insufficient
kivi_4bit_residual64,,,False,False,,False,8.0,/DATACENTER3/zhenxiang.wang/work/TailGuardKV/.worktrees/baseline-smoke-final-aggregation/out/full_25session_baseline_9_14/full/policy_attempts/full40_20260916_h2o_static_safe/seed20260906/config.yaml,,,,,0.1,True,,0.05,worker cache control failed,,False,,,,,,,,,,,,,,,,,,unknown,False,,False,,False,,,True,uncalibrated_dynamic,False,0.0,,kivi_4bit_residual64,,,risk_evidence_insufficient,,uncalibrated_dynamic,,,,,hybrid-session-005-turn-3,,,,,0.0,/DATACENTER3/zhenxiang.wang/work/TailGuardKV/.worktrees/baseline-smoke-final-aggregation/out/full_25session_baseline_9_14/full/policy_attempts/full40_20260916_h2o_static_safe/seed20260906,True,point_prediction_eligible,hybrid-session-005,summary,,3,risk_evidence_insufficient
kivi_4bit_residual64,,,False,False,,False,8.0,/DATACENTER3/zhenxiang.wang/work/TailGuardKV/.worktrees/baseline-smoke-final-aggregation/out/full_25session_baseline_9_14/full/policy_attempts/full40_20260916_h2o_static_safe/seed20260906/config.yaml,,,,,0.1,True,,0.05,worker cache control failed,,False,,,,,,,,,,,,,,,,,,unknown,False,,False,,False,,,True,uncalibrated_dynamic,False,0.0,,kivi_4bit_residual64,,,risk_evidence_insufficient,,uncalibrated_dynamic,,,,,hybrid-session-006-turn-3,,,,,0.0,/DATACENTER3/zhenxiang.wang/work/TailGuardKV/.worktrees/baseline-smoke-final-aggregation/out/full_25session_baseline_9_14/full/policy_attempts/full40_20260916_h2o_static_safe/seed20260906,True,point_prediction_eligible,hybrid-session-006,qa,,3,risk_evidence_insufficient
kivi_4bit_residual64,,,False,False,,False,8.0,/DATACENTER3/zhenxiang.wang/work/TailGuardKV/.worktrees/baseline-smoke-final-aggregation/out/full_25session_baseline_9_14/full/policy_attempts/full40_20260916_h2o_static_safe/seed20260906/config.yaml,,,,,0.1,True,,0.05,worker cache control failed,,False,,,,,,,,,,,,,,,,,,unknown,False,,False,,False,,,True,uncalibrated_dynamic,False,0.0,,kivi_4bit_residual64,,,risk_evidence_insufficient,,uncalibrated_dynamic,,,,,hybrid-session-009-turn-3,,,,,0.0,/DATACENTER3/zhenxiang.wang/work/TailGuardKV/.worktrees/baseline-smoke-final-aggregation/out/full_25session_baseline_9_14/full/policy_attempts/full40_20260916_h2o_static_safe/seed20260906,True,point_prediction_eligible,hybrid-session-009,summary,,3,risk_evidence_insufficient
kivi_4bit_residual64,,,False,False,,False,8.0,/DATACENTER3/zhenxiang.wang/work/TailGuardKV/.worktrees/baseline-smoke-final-aggregation/out/full_25session_baseline_9_14/full/policy_attempts/full40_20260916_h2o_static_safe/seed20260906/config.yaml,,,,,0.1,True,,0.05,worker cache control failed,,False,,,,,,,,,,,,,,,,,,unknown,False,,False,,False,,,True,uncalibrated_dynamic,False,0.0,,kivi_4bit_residual64,,,risk_evidence_insufficient,,uncalibrated_dynamic,,,,,hybrid-session-010-turn-3,,,,,0.0,/DATACENTER3/zhenxiang.wang/work/TailGuardKV/.worktrees/baseline-smoke-final-aggregation/out/full_25session_baseline_9_14/full/policy_attempts/full40_20260916_h2o_static_safe/seed20260906,True,point_prediction_eligible,hybrid-session-010,qa,,3,risk_evidence_insufficient
kivi_4bit_residual64,,,False,False,,False,8.0,/DATACENTER3/zhenxiang.wang/work/TailGuardKV/.worktrees/baseline-smoke-final-aggregation/out/full_25session_baseline_9_14/full/policy_attempts/full40_20260916_h2o_static_safe/seed20260906/config.yaml,,,,,0.1,True,,0.05,worker cache control failed,,False,,,,,,,,,,,,,,,,,,unknown,False,,False,,False,,,True,uncalibrated_dynamic,False,0.0,,kivi_4bit_residual64,,,risk_evidence_insufficient,,uncalibrated_dynamic,,,,,hybrid-session-013-turn-3,,,,,0.0,/DATACENTER3/zhenxiang.wang/work/TailGuardKV/.worktrees/baseline-smoke-final-aggregation/out/full_25session_baseline_9_14/full/policy_attempts/full40_20260916_h2o_static_safe/seed20260906,True,point_prediction_eligible,hybrid-session-013,summary,,3,risk_evidence_insufficient
kivi_4bit_residual64,,,False,False,,False,8.0,/DATACENTER3/zhenxiang.wang/work/TailGuardKV/.worktrees/baseline-smoke-final-aggregation/out/full_25session_baseline_9_14/full/policy_attempts/full40_20260916_h2o_static_safe/seed20260906/config.yaml,,,,,0.1,True,,0.05,worker cache control failed,,False,,,,,,,,,,,,,,,,,,unknown,False,,False,,False,,,True,uncalibrated_dynamic,False,0.0,,kivi_4bit_residual64,,,risk_evidence_insufficient,,uncalibrated_dynamic,,,,,hybrid-session-016-turn-3,,,,,0.0,/DATACENTER3/zhenxiang.wang/work/TailGuardKV/.worktrees/baseline-smoke-final-aggregation/out/full_25session_baseline_9_14/full/policy_attempts/full40_20260916_h2o_static_safe/seed20260906,True,point_prediction_eligible,hybrid-session-016,qa,,3,risk_evidence_insufficient
kivi_4bit_residual64,,,False,False,,False,8.0,/DATACENTER3/zhenxiang.wang/work/TailGuardKV/.worktrees/baseline-smoke-final-aggregation/out/full_25session_baseline_9_14/full/policy_attempts/full40_20260916_h2o_static_safe/seed20260906/config.yaml,,,,,0.1,True,,0.05,worker cache control failed,,False,,,,,,,,,,,,,,,,,,unknown,False,,False,,False,,,True,uncalibrated_dynamic,False,0.0,,kivi_4bit_residual64,,,risk_evidence_insufficient,,uncalibrated_dynamic,,,,,hybrid-session-020-turn-3,,,,,0.0,/DATACENTER3/zhenxiang.wang/work/TailGuardKV/.worktrees/baseline-smoke-final-aggregation/out/full_25session_baseline_9_14/full/policy_attempts/full40_20260916_h2o_static_safe/seed20260906,True,point_prediction_eligible,hybrid-session-020,qa,,3,risk_evidence_insufficient
kivi_4bit_residual64,,,False,False,,False,8.0,/DATACENTER3/zhenxiang.wang/work/TailGuardKV/.worktrees/baseline-smoke-final-aggregation/out/full_25session_baseline_9_14/full/policy_attempts/full40_20260916_h2o_static_safe/seed20260906/config.yaml,,,,,0.1,True,,0.05,worker cache control failed,,False,,,,,,,,,,,,,,,,,,unknown,False,,False,,False,,,True,uncalibrated_dynamic,False,0.0,,kivi_4bit_residual64,,,risk_evidence_insufficient,,uncalibrated_dynamic,,,,,hybrid-session-021-turn-3,,,,,0.0,/DATACENTER3/zhenxiang.wang/work/TailGuardKV/.worktrees/baseline-smoke-final-aggregation/out/full_25session_baseline_9_14/full/policy_attempts/full40_20260916_h2o_static_safe/seed20260906,True,point_prediction_eligible,hybrid-session-021,summary,,3,risk_evidence_insufficient
kivi_4bit_residual64,,,False,False,,False,8.0,/DATACENTER3/zhenxiang.wang/work/TailGuardKV/.worktrees/baseline-smoke-final-aggregation/out/full_25session_baseline_9_14/full/policy_attempts/full40_20260916_h2o_static_safe/seed20260906/config.yaml,,,,,0.1,True,,0.05,worker cache control failed,,False,,,,,,,,,,,,,,,,,,unknown,False,,False,,False,,,True,uncalibrated_dynamic,False,0.0,,kivi_4bit_residual64,,,risk_evidence_insufficient,,uncalibrated_dynamic,,,,,hybrid-session-025-turn-3,,,,,0.0,/DATACENTER3/zhenxiang.wang/work/TailGuardKV/.worktrees/baseline-smoke-final-aggregation/out/full_25session_baseline_9_14/full/policy_attempts/full40_20260916_h2o_static_safe/seed20260906,True,point_prediction_eligible,hybrid-session-025,summary,,3,risk_evidence_insufficient
kivi_4bit_residual64,,,False,False,,False,1.0,/DATACENTER3/zhenxiang.wang/work/TailGuardKV/.worktrees/baseline-smoke-final-aggregation/out/full_25session_baseline_9_14/full/policy_attempts/full40_20260916_h2o_static_safe/seed20260906/config.yaml,,,,,0.1,True,,0.05,worker cache control failed,,False,,,,,,,,,,,,,,,,,,unknown,False,,False,,False,,,True,uncalibrated_dynamic,False,0.03418803418803419,,kivi_4bit_residual64,,,risk_evidence_insufficient,,uncalibrated_dynamic,,,,,hybrid-session-026-turn-3,,,,,0.3418803418803419,/DATACENTER3/zhenxiang.wang/work/TailGuardKV/.worktrees/baseline-smoke-final-aggregation/out/full_25session_baseline_9_14/full/policy_attempts/full40_20260916_h2o_static_safe/seed20260906,False,point_prediction_eligible,hybrid-session-026,qa,,3,risk_evidence_insufficient
kivi_4bit_residual64,13.0,0.1,False,False,online_qwen,False,8.0,/DATACENTER3/zhenxiang.wang/work/TailGuardKV/.worktrees/baseline-smoke-final-aggregation/out/full_25session_baseline_9_14/full/policy_attempts/full40_20260916_h2o_static_safe/seed20260906/config.yaml,,,,,0.1,True,,0.05,,0,False,kivi_2bit_residual64,True,,balanced_two_gpu,1,persistent,27013.151733903214,41926,31206.343356054276,,,50.0,6.51123046875,6.51123046875,6.51123046875,0.232421875,2144.668158143759,unknown,True,,True,,False,,15076.865234375,True,uncalibrated_dynamic,False,0.0,0.0,kivi_4bit_residual64,0.0,,risk_evidence_insufficient,0.0,uncalibrated_dynamic,0.0,,,,hybrid-session-002-turn-4,6.51123046875,6.27880859375,6.51123046875,0.0,0.0,/DATACENTER3/zhenxiang.wang/work/TailGuardKV/.worktrees/baseline-smoke-final-aggregation/out/full_25session_baseline_9_14/full/policy_attempts/full40_20260916_h2o_static_safe/seed20260906,True,point_prediction_eligible,hybrid-session-002,qa,224.44602218456566,4,risk_evidence_insufficient
kivi_4bit_residual64,,,False,False,,False,8.0,/DATACENTER3/zhenxiang.wang/work/TailGuardKV/.worktrees/baseline-smoke-final-aggregation/out/full_25session_baseline_9_14/full/policy_attempts/full40_20260916_h2o_static_safe/seed20260906/config.yaml,,,,,0.1,True,,0.05,worker cache control failed,,False,,,,,,,,,,,,,,,,,,unknown,False,,False,,False,,,True,uncalibrated_dynamic,False,0.0,,kivi_4bit_residual64,,,risk_evidence_insufficient,,uncalibrated_dynamic,,,,,hybrid-session-003-turn-4,,,,,0.0,/DATACENTER3/zhenxiang.wang/work/TailGuardKV/.worktrees/baseline-smoke-final-aggregation/out/full_25session_baseline_9_14/full/policy_attempts/full40_20260916_h2o_static_safe/seed20260906,True,point_prediction_eligible,hybrid-session-003,summary,,4,risk_evidence_insufficient
kivi_4bit_residual64,,,False,False,,False,8.0,/DATACENTER3/zhenxiang.wang/work/TailGuardKV/.worktrees/baseline-smoke-final-aggregation/out/full_25session_baseline_9_14/full/policy_attempts/full40_20260916_h2o_static_safe/seed20260906/config.yaml,,,,,0.1,True,,0.05,worker cache control failed,,False,,,,,,,,,,,,,,,,,,unknown,False,,False,,False,,,True,uncalibrated_dynamic,False,0.0,,kivi_4bit_residual64,,,risk_evidence_insufficient,,uncalibrated_dynamic,,,,,hybrid-session-004-turn-4,,,,,0.0,/DATACENTER3/zhenxiang.wang/work/TailGuardKV/.worktrees/baseline-smoke-final-aggregation/out/full_25session_baseline_9_14/full/policy_attempts/full40_20260916_h2o_static_safe/seed20260906,True,point_prediction_eligible,hybrid-session-004,qa,,4,risk_evidence_insufficient
kivi_4bit_residual64,,,False,False,,False,8.0,/DATACENTER3/zhenxiang.wang/work/TailGuardKV/.worktrees/baseline-smoke-final-aggregation/out/full_25session_baseline_9_14/full/policy_attempts/full40_20260916_h2o_static_safe/seed20260906/config.yaml,,,,,0.1,True,,0.05,worker cache control failed,,False,,,,,,,,,,,,,,,,,,unknown,False,,False,,False,,,True,uncalibrated_dynamic,False,0.0,,kivi_4bit_residual64,,,risk_evidence_insufficient,,uncalibrated_dynamic,,,,,hybrid-session-005-turn-4,,,,,0.0,/DATACENTER3/zhenxiang.wang/work/TailGuardKV/.worktrees/baseline-smoke-final-aggregation/out/full_25session_baseline_9_14/full/policy_attempts/full40_20260916_h2o_static_safe/seed20260906,True,point_prediction_eligible,hybrid-session-005,summary,,4,risk_evidence_insufficient
kivi_4bit_residual64,,,False,False,,False,8.0,/DATACENTER3/zhenxiang.wang/work/TailGuardKV/.worktrees/baseline-smoke-final-aggregation/out/full_25session_baseline_9_14/full/policy_attempts/full40_20260916_h2o_static_safe/seed20260906/config.yaml,,,,,0.1,True,,0.05,worker cache control failed,,False,,,,,,,,,,,,,,,,,,unknown,False,,False,,False,,,True,uncalibrated_dynamic,False,0.0,,kivi_4bit_residual64,,,risk_evidence_insufficient,,uncalibrated_dynamic,,,,,hybrid-session-006-turn-4,,,,,0.0,/DATACENTER3/zhenxiang.wang/work/TailGuardKV/.worktrees/baseline-smoke-final-aggregation/out/full_25session_baseline_9_14/full/policy_attempts/full40_20260916_h2o_static_safe/seed20260906,True,point_prediction_eligible,hybrid-session-006,qa,,4,risk_evidence_insufficient
kivi_4bit_residual64,,0.1,True,False,,False,8.0,/DATACENTER3/zhenxiang.wang/work/TailGuardKV/.worktrees/baseline-smoke-final-aggregation/out/full_25session_baseline_9_14/full/policy_attempts/full40_20260916_h2o_static_safe/seed20260906/config.yaml,,,,,0.1,True,,0.05,worker cache control failed,,False,,,,,,,,,,,,,,,,,,unknown,False,,False,,False,,,True,uncalibrated_dynamic,False,0.0,0.0,kivi_4bit_residual64,0.0,,risk_evidence_insufficient,,uncalibrated_dynamic,,,,,hybrid-session-009-turn-4,,,,,0.0,/DATACENTER3/zhenxiang.wang/work/TailGuardKV/.worktrees/baseline-smoke-final-aggregation/out/full_25session_baseline_9_14/full/policy_attempts/full40_20260916_h2o_static_safe/seed20260906,True,point_prediction_eligible,hybrid-session-009,summary,,4,risk_evidence_insufficient
kivi_4bit_residual64,,,False,False,,False,8.0,/DATACENTER3/zhenxiang.wang/work/TailGuardKV/.worktrees/baseline-smoke-final-aggregation/out/full_25session_baseline_9_14/full/policy_attempts/full40_20260916_h2o_static_safe/seed20260906/config.yaml,,,,,0.1,True,,0.05,worker cache control failed,,False,,,,,,,,,,,,,,,,,,unknown,False,,False,,False,,,True,uncalibrated_dynamic,False,0.0,,kivi_4bit_residual64,,,risk_evidence_insufficient,,uncalibrated_dynamic,,,,,hybrid-session-010-turn-4,,,,,0.0,/DATACENTER3/zhenxiang.wang/work/TailGuardKV/.worktrees/baseline-smoke-final-aggregation/out/full_25session_baseline_9_14/full/policy_attempts/full40_20260916_h2o_static_safe/seed20260906,True,point_prediction_eligible,hybrid-session-010,qa,,4,risk_evidence_insufficient
kivi_4bit_residual64,,0.1,True,False,,False,8.0,/DATACENTER3/zhenxiang.wang/work/TailGuardKV/.worktrees/baseline-smoke-final-aggregation/out/full_25session_baseline_9_14/full/policy_attempts/full40_20260916_h2o_static_safe/seed20260906/config.yaml,,,,,0.1,True,,0.05,worker cache control failed,,False,,,,,,,,,,,,,,,,,,unknown,False,,False,,False,,,True,uncalibrated_dynamic,False,0.0,0.0,kivi_4bit_residual64,0.0,,risk_evidence_insufficient,,uncalibrated_dynamic,,,,,hybrid-session-013-turn-4,,,,,0.0,/DATACENTER3/zhenxiang.wang/work/TailGuardKV/.worktrees/baseline-smoke-final-aggregation/out/full_25session_baseline_9_14/full/policy_attempts/full40_20260916_h2o_static_safe/seed20260906,True,point_prediction_eligible,hybrid-session-013,summary,,4,risk_evidence_insufficient
kivi_4bit_residual64,,,False,False,,False,8.0,/DATACENTER3/zhenxiang.wang/work/TailGuardKV/.worktrees/baseline-smoke-final-aggregation/out/full_25session_baseline_9_14/full/policy_attempts/full40_20260916_h2o_static_safe/seed20260906/config.yaml,,,,,0.1,True,,0.05,worker cache control failed,,False,,,,,,,,,,,,,,,,,,unknown,False,,False,,False,,,True,uncalibrated_dynamic,False,0.0,,kivi_4bit_residual64,,,risk_evidence_insufficient,,uncalibrated_dynamic,,,,,hybrid-session-016-turn-4,,,,,0.0,/DATACENTER3/zhenxiang.wang/work/TailGuardKV/.worktrees/baseline-smoke-final-aggregation/out/full_25session_baseline_9_14/full/policy_attempts/full40_20260916_h2o_static_safe/seed20260906,True,point_prediction_eligible,hybrid-session-016,qa,,4,risk_evidence_insufficient
kivi_4bit_residual64,,,False,False,,False,8.0,/DATACENTER3/zhenxiang.wang/work/TailGuardKV/.worktrees/baseline-smoke-final-aggregation/out/full_25session_baseline_9_14/full/policy_attempts/full40_20260916_h2o_static_safe/seed20260906/config.yaml,,,,,0.1,True,,0.05,worker cache control failed,,False,,,,,,,,,,,,,,,,,,unknown,False,,False,,False,,,True,uncalibrated_dynamic,False,0.0,,kivi_4bit_residual64,,,risk_evidence_insufficient,,uncalibrated_dynamic,,,,,hybrid-session-020-turn-4,,,,,0.0,/DATACENTER3/zhenxiang.wang/work/TailGuardKV/.worktrees/baseline-smoke-final-aggregation/out/full_25session_baseline_9_14/full/policy_attempts/full40_20260916_h2o_static_safe/seed20260906,True,point_prediction_eligible,hybrid-session-020,qa,,4,risk_evidence_insufficient
kivi_4bit_residual64,,,False,False,,False,8.0,/DATACENTER3/zhenxiang.wang/work/TailGuardKV/.worktrees/baseline-smoke-final-aggregation/out/full_25session_baseline_9_14/full/policy_attempts/full40_20260916_h2o_static_safe/seed20260906/config.yaml,,,,,0.1,True,,0.05,worker cache control failed,,False,,,,,,,,,,,,,,,,,,unknown,False,,False,,False,,,True,uncalibrated_dynamic,False,0.0,,kivi_4bit_residual64,,,risk_evidence_insufficient,,uncalibrated_dynamic,,,,,hybrid-session-021-turn-4,,,,,0.0,/DATACENTER3/zhenxiang.wang/work/TailGuardKV/.worktrees/baseline-smoke-final-aggregation/out/full_25session_baseline_9_14/full/policy_attempts/full40_20260916_h2o_static_safe/seed20260906,True,point_prediction_eligible,hybrid-session-021,summary,,4,risk_evidence_insufficient
kivi_4bit_residual64,,,False,False,,False,8.0,/DATACENTER3/zhenxiang.wang/work/TailGuardKV/.worktrees/baseline-smoke-final-aggregation/out/full_25session_baseline_9_14/full/policy_attempts/full40_20260916_h2o_static_safe/seed20260906/config.yaml,,,,,0.1,True,,0.05,worker cache control failed,,False,,,,,,,,,,,,,,,,,,unknown,False,,False,,False,,,True,uncalibrated_dynamic,False,0.0,,kivi_4bit_residual64,,,risk_evidence_insufficient,,uncalibrated_dynamic,,,,,hybrid-session-025-turn-4,,,,,0.0,/DATACENTER3/zhenxiang.wang/work/TailGuardKV/.worktrees/baseline-smoke-final-aggregation/out/full_25session_baseline_9_14/full/policy_attempts/full40_20260916_h2o_static_safe/seed20260906,True,point_prediction_eligible,hybrid-session-025,summary,,4,risk_evidence_insufficient
kivi_4bit_residual64,,,False,False,,False,1.0,/DATACENTER3/zhenxiang.wang/work/TailGuardKV/.worktrees/baseline-smoke-final-aggregation/out/full_25session_baseline_9_14/full/policy_attempts/full40_20260916_h2o_static_safe/seed20260906/config.yaml,,,,,0.1,True,,0.05,worker cache control failed,,False,,,,,,,,,,,,,,,,,,unknown,False,,False,,False,,,True,uncalibrated_dynamic,False,0.03418803418803419,,kivi_4bit_residual64,,,risk_evidence_insufficient,,uncalibrated_dynamic,,,,,hybrid-session-026-turn-4,,,,,0.3418803418803419,/DATACENTER3/zhenxiang.wang/work/TailGuardKV/.worktrees/baseline-smoke-final-aggregation/out/full_25session_baseline_9_14/full/policy_attempts/full40_20260916_h2o_static_safe/seed20260906,False,point_prediction_eligible,hybrid-session-026,qa,,4,risk_evidence_insufficient
