policy,memory_budget_mib,epsilon,delta,session_id,count,p95_ttft_ms,mean_ttft_ms,p95_quality_loss,mean_quality_loss,mean_kv_cache_memory_mib,violation_rate
full_lru,80.0,0.05,0.05,hybrid-session-002,5.0,3833.787051960826,859.9360229913145,,,8.4,
full_lru,80.0,0.05,0.05,hybrid-session-003,5.0,135.9428761061281,100.1239591743797,,,7.6234375,
full_lru,80.0,0.05,0.05,hybrid-session-004,5.0,151.74458385445178,110.66098660230637,,,9.0234375,
full_lru,80.0,0.05,0.05,hybrid-session-005,5.0,149.2546449881047,105.39431241340935,,,8.35625,
full_lru,80.0,0.05,0.05,hybrid-session-006,5.0,189.89088502712548,121.80711245164275,,,10.4234375,
full_lru,80.0,0.05,0.05,hybrid-session-009,5.0,146.8987779226154,106.11496511846781,,,7.5140625,
full_lru,80.0,0.05,0.05,hybrid-session-010,5.0,139.75762715563178,109.61250965483487,,,8.0171875,
full_lru,80.0,0.05,0.05,hybrid-session-013,5.0,147.5416061002761,105.75401452369988,,,7.6890625,
full_lru,80.0,0.05,0.05,hybrid-session-016,5.0,193.47579404711723,124.23861902207136,,,9.0671875,
full_lru,80.0,0.05,0.05,hybrid-session-020,5.0,136.12114312127233,107.76922958903015,,,8.509375,
full_lru,80.0,0.05,0.05,hybrid-session-021,5.0,194.53722494654357,126.44709097221494,,,9.296875,
full_lru,80.0,0.05,0.05,hybrid-session-025,5.0,134.62600694037974,107.78303840197623,,,8.1265625,
full_lru,80.0,0.05,0.05,hybrid-session-026,5.0,199.56723507493734,130.17082936130464,,,9.7671875,
static_best,80.0,0.05,0.05,hybrid-session-002,5.0,3815.606023184955,913.2450712379068,,,4.37294921875,
static_best,80.0,0.05,0.05,hybrid-session-003,5.0,227.29658195748925,170.9660687483847,,,4.161376953125,
static_best,80.0,0.05,0.05,hybrid-session-004,5.0,237.47011506929994,188.38487141765654,,,4.558544921875,
static_best,80.0,0.05,0.05,hybrid-session-005,5.0,229.00475515052676,168.49456443451345,,,4.332958984375,
static_best,80.0,0.05,0.05,hybrid-session-006,5.0,231.69971513561904,186.68468398973346,,,5.06337890625,
static_best,80.0,0.05,0.05,hybrid-session-009,5.0,210.04934702068567,163.17173182033002,,,4.217431640625,
static_best,80.0,0.05,0.05,hybrid-session-010,5.0,285.8044260647148,185.02101409249008,,,4.370556640625,
static_best,80.0,0.05,0.05,hybrid-session-013,5.0,278.92963704653084,185.7581158168614,,,4.27109375,
static_best,80.0,0.05,0.05,hybrid-session-016,5.0,275.96612297929823,185.15219087712467,,,4.345947265625,
static_best,80.0,0.05,0.05,hybrid-session-020,5.0,232.00121289119124,169.92626353166997,,,4.488818359375,
static_best,80.0,0.05,0.05,hybrid-session-021,5.0,241.1775100044906,189.95313700288534,,,4.70380859375,
static_best,80.0,0.05,0.05,hybrid-session-025,5.0,275.4317868966609,184.4281503930688,,,4.372265625,
static_best,80.0,0.05,0.05,hybrid-session-026,5.0,330.1108148880303,209.67736635357141,,,4.746533203125,
static_safe,80.0,0.05,0.05,hybrid-session-002,5.0,3624.28873591125,849.84443904832,,,4.37294921875,
static_safe,80.0,0.05,0.05,hybrid-session-003,5.0,189.9466949980706,129.06791297718883,,,4.161376953125,
static_safe,80.0,0.05,0.05,hybrid-session-004,5.0,188.7354899663478,141.05237419717014,,,4.558544921875,
static_safe,80.0,0.05,0.05,hybrid-session-005,5.0,190.92898699454963,143.03997945971787,,,4.332958984375,
static_safe,80.0,0.05,0.05,hybrid-session-006,5.0,201.8709850963205,165.31016039662063,,,5.06337890625,
static_safe,80.0,0.05,0.05,hybrid-session-009,5.0,199.18103492818773,140.29581476934254,,,4.217431640625,
static_safe,80.0,0.05,0.05,hybrid-session-010,5.0,286.87019809149206,164.30030134506524,,,4.4638671875,
static_safe,80.0,0.05,0.05,hybrid-session-013,5.0,239.10121293738484,156.21108883060515,,,4.378759765625,
static_safe,80.0,0.05,0.05,hybrid-session-016,5.0,252.27192207239568,156.32229107432067,,,4.345947265625,
static_safe,80.0,0.05,0.05,hybrid-session-020,5.0,407.3440129868686,188.26418477110565,,,4.345263671875,
static_safe,80.0,0.05,0.05,hybrid-session-021,5.0,271.6798400506377,175.4291200544685,,,4.56025390625,
static_safe,80.0,0.05,0.05,hybrid-session-025,5.0,171.0823280736804,134.94536033831537,,,4.422509765625,
static_safe,80.0,0.05,0.05,hybrid-session-026,5.0,190.5505619943142,150.39611086249352,,,4.79677734375,
uncalibrated_dynamic,80.0,0.05,0.05,hybrid-session-002,5.0,45329.63139011152,18818.28297025785,,,4.2177734375,
uncalibrated_dynamic,80.0,0.05,0.05,hybrid-session-003,5.0,44384.41075394489,9014.55092036277,,,4.261865234375,
uncalibrated_dynamic,80.0,0.05,0.05,hybrid-session-004,5.0,316.5981499478221,210.7215644326061,,,4.458056640625,
uncalibrated_dynamic,80.0,0.05,0.05,hybrid-session-005,5.0,274.41146899946034,187.9774923902005,,,4.22529296875,
uncalibrated_dynamic,80.0,0.05,0.05,hybrid-session-006,5.0,324.3065639398992,221.85283000580966,,,5.203515625,
uncalibrated_dynamic,80.0,0.05,0.05,hybrid-session-009,5.0,271.1408669129014,177.6739447377622,,,4.317919921875,
uncalibrated_dynamic,80.0,0.05,0.05,hybrid-session-010,5.0,322.9774748906493,195.43661661446095,,,4.514111328125,
uncalibrated_dynamic,80.0,0.05,0.05,hybrid-session-013,5.0,273.0425929185003,195.0444124173373,,,4.4146484375,
uncalibrated_dynamic,80.0,0.05,0.05,hybrid-session-016,5.0,326.0210598818958,206.84972200542688,,,4.3818359375,
uncalibrated_dynamic,80.0,0.05,0.05,hybrid-session-020,5.0,310.51497207954526,196.48181558586657,,,4.589306640625,
uncalibrated_dynamic,80.0,0.05,0.05,hybrid-session-021,5.0,322.2345830872655,193.76178504899144,,,4.57802734375,
uncalibrated_dynamic,80.0,0.05,0.05,hybrid-session-025,5.0,40690.57296558283,8246.064092110842,,,6.253173828125,
uncalibrated_dynamic,80.0,0.05,0.05,hybrid-session-026,5.0,44060.268162043765,17320.999829108267,,,4.333984375,
utility_dynamic,80.0,0.05,0.05,hybrid-session-002,5.0,3687.4436440411955,863.610524032265,,,3.55400390625,
utility_dynamic,80.0,0.05,0.05,hybrid-session-003,5.0,185.1157550700009,141.16147668100893,,,3.472998046875,
utility_dynamic,80.0,0.05,0.05,hybrid-session-004,5.0,194.4618229754269,155.7107117958367,,,3.715673828125,
utility_dynamic,80.0,0.05,0.05,hybrid-session-005,5.0,198.7517869565636,142.36806761473417,,,3.514697265625,
utility_dynamic,80.0,0.05,0.05,hybrid-session-006,5.0,196.7913769185543,154.1923528071493,,,4.05576171875,
utility_dynamic,80.0,0.05,0.05,hybrid-session-009,5.0,206.6310339141637,139.3874458502978,,,3.537255859375,
utility_dynamic,80.0,0.05,0.05,hybrid-session-010,5.0,209.35076498426497,147.48128596693277,,,3.707470703125,
utility_dynamic,80.0,0.05,0.05,hybrid-session-013,5.0,211.4344530273229,152.45682885870337,,,3.62373046875,
utility_dynamic,80.0,0.05,0.05,hybrid-session-016,5.0,225.42576887644827,147.88258280605078,,,3.7078125,
utility_dynamic,80.0,0.05,0.05,hybrid-session-020,5.0,224.97679200023413,149.56244216300547,,,3.665087890625,
utility_dynamic,80.0,0.05,0.05,hybrid-session-021,5.0,229.71114492975175,164.46991278789937,,,3.85751953125,
utility_dynamic,80.0,0.05,0.05,hybrid-session-025,5.0,169.26281689666212,136.9931731838733,,,3.725927734375,
utility_dynamic,80.0,0.05,0.05,hybrid-session-026,5.0,191.13679486326873,152.20271782018244,,,3.93955078125,
full_lru,80.0,0.05,0.1,hybrid-session-002,5.0,4080.772372195497,916.8016258161515,,,8.4,
full_lru,80.0,0.05,0.1,hybrid-session-003,5.0,147.29862799867988,120.40497618727386,,,7.6234375,
full_lru,80.0,0.05,0.1,hybrid-session-004,5.0,151.86443994753063,129.11979043856263,,,9.0234375,
full_lru,80.0,0.05,0.1,hybrid-session-005,5.0,137.54854002036154,120.49915799871087,,,8.35625,
full_lru,80.0,0.05,0.1,hybrid-session-006,5.0,200.05935104563832,137.41583516821265,,,10.4234375,
full_lru,80.0,0.05,0.1,hybrid-session-009,5.0,137.366842944175,113.17089679650962,,,7.5140625,
full_lru,80.0,0.05,0.1,hybrid-session-010,5.0,149.9213099014014,123.68524358607829,,,8.0171875,
full_lru,80.0,0.05,0.1,hybrid-session-013,5.0,136.82162598706782,119.62624117732048,,,7.6890625,
full_lru,80.0,0.05,0.1,hybrid-session-016,5.0,177.40504909306765,131.26853862777352,,,9.0671875,
full_lru,80.0,0.05,0.1,hybrid-session-020,5.0,136.42344693653286,121.11118896864355,,,8.509375,
full_lru,80.0,0.05,0.1,hybrid-session-021,5.0,175.24282005615532,131.9185521453619,,,9.296875,
full_lru,80.0,0.05,0.1,hybrid-session-025,5.0,134.43779991939664,121.27229580655694,,,8.1265625,
full_lru,80.0,0.05,0.1,hybrid-session-026,5.0,200.12613106518984,141.1134491674602,,,9.7671875,
static_best,80.0,0.05,0.1,hybrid-session-002,5.0,3790.393474046141,884.0969239827245,,,4.37294921875,
static_best,80.0,0.05,0.1,hybrid-session-003,5.0,184.81553602032363,143.0399644188583,,,4.161376953125,
static_best,80.0,0.05,0.1,hybrid-session-004,5.0,195.25756780058146,155.3819480817765,,,4.558544921875,
static_best,80.0,0.05,0.1,hybrid-session-005,5.0,204.6748271677643,149.78208425454795,,,4.332958984375,
static_best,80.0,0.05,0.1,hybrid-session-006,5.0,234.75816217251122,167.1526586636901,,,5.06337890625,
static_best,80.0,0.05,0.1,hybrid-session-009,5.0,195.43799199163914,146.47356527857482,,,4.217431640625,
static_best,80.0,0.05,0.1,hybrid-session-010,5.0,273.6367939505726,164.567985618487,,,4.370556640625,
static_best,80.0,0.05,0.1,hybrid-session-013,5.0,272.0161459874362,170.18738919869065,,,4.27109375,
static_best,80.0,0.05,0.1,hybrid-session-016,5.0,268.9885429572314,159.04137114994228,,,4.345947265625,
static_best,80.0,0.05,0.1,hybrid-session-020,5.0,204.76247696205974,149.70860294997692,,,4.488818359375,
static_best,80.0,0.05,0.1,hybrid-session-021,5.0,203.38313514366746,159.33992085047066,,,4.70380859375,
static_best,80.0,0.05,0.1,hybrid-session-025,5.0,268.62935815006495,158.6184930987656,,,4.372265625,
static_best,80.0,0.05,0.1,hybrid-session-026,5.0,328.9078320376575,183.81209718063474,,,4.746533203125,
static_safe,80.0,0.05,0.1,hybrid-session-002,5.0,3869.974476052448,925.4359095357358,,,4.37294921875,
static_safe,80.0,0.05,0.1,hybrid-session-003,5.0,220.79189913347363,169.25797602161765,,,4.161376953125,
static_safe,80.0,0.05,0.1,hybrid-session-004,5.0,229.9641571007669,178.8265592418611,,,4.558544921875,
static_safe,80.0,0.05,0.1,hybrid-session-005,5.0,231.16960702463984,170.20880044437945,,,4.332958984375,
static_safe,80.0,0.05,0.1,hybrid-session-006,5.0,241.79752683266997,188.79351615905762,,,5.06337890625,
static_safe,80.0,0.05,0.1,hybrid-session-009,5.0,212.5370530411601,166.08628761023283,,,4.217431640625,
static_safe,80.0,0.05,0.1,hybrid-session-010,5.0,321.98916585184634,193.3651423547417,,,4.4638671875,
static_safe,80.0,0.05,0.1,hybrid-session-013,5.0,283.8826479855925,190.6181120313704,,,4.27109375,
static_safe,80.0,0.05,0.1,hybrid-session-016,5.0,275.6480958778411,191.98089875280857,,,4.345947265625,
static_safe,80.0,0.05,0.1,hybrid-session-020,5.0,315.6324641313404,195.03261833451688,,,4.445751953125,
static_safe,80.0,0.05,0.1,hybrid-session-021,5.0,324.49189596809447,211.45837400108576,,,4.667919921875,
static_safe,80.0,0.05,0.1,hybrid-session-025,5.0,268.06112495251,179.40745200030506,,,4.372265625,
static_safe,80.0,0.05,0.1,hybrid-session-026,5.0,316.12133514136076,205.9600085951388,,,4.746533203125,
uncalibrated_dynamic,80.0,0.05,0.1,hybrid-session-002,5.0,45194.1928791441,17684.963713878395,,,4.2177734375,
uncalibrated_dynamic,80.0,0.05,0.1,hybrid-session-003,5.0,45059.72760298848,9147.506686742603,,,4.261865234375,
uncalibrated_dynamic,80.0,0.05,0.1,hybrid-session-004,5.0,319.96806315146387,210.9400580637157,,,4.458056640625,
uncalibrated_dynamic,80.0,0.05,0.1,hybrid-session-005,5.0,277.8946729376912,189.36124281026423,,,4.22529296875,
uncalibrated_dynamic,80.0,0.05,0.1,hybrid-session-006,5.0,327.80477381311357,221.71340296044946,,,5.203515625,
uncalibrated_dynamic,80.0,0.05,0.1,hybrid-session-009,5.0,267.2248110175133,174.26618835888803,,,4.317919921875,
uncalibrated_dynamic,80.0,0.05,0.1,hybrid-session-010,5.0,327.44929986074567,191.7175967246294,,,4.514111328125,
uncalibrated_dynamic,80.0,0.05,0.1,hybrid-session-013,5.0,279.74770101718605,184.6763042267412,,,4.4146484375,
uncalibrated_dynamic,80.0,0.05,0.1,hybrid-session-016,5.0,308.6915221065283,203.7030960433185,,,4.3818359375,
uncalibrated_dynamic,80.0,0.05,0.1,hybrid-session-020,5.0,316.6973008774221,203.45949460752308,,,4.388330078125,
uncalibrated_dynamic,80.0,0.05,0.1,hybrid-session-021,5.0,319.33277705684304,219.29826140403748,,,4.6033203125,
uncalibrated_dynamic,80.0,0.05,0.1,hybrid-session-025,5.0,40940.67824197933,8319.97673159279,,,6.253173828125,
uncalibrated_dynamic,80.0,0.05,0.1,hybrid-session-026,5.0,43977.49198319763,17665.87078126557,,,4.333984375,
utility_dynamic,80.0,0.05,0.1,hybrid-session-002,5.0,4174.896785058081,988.277568295598,,,3.55400390625,
utility_dynamic,80.0,0.05,0.1,hybrid-session-003,5.0,234.7019100561738,169.98743200674653,,,3.472998046875,
utility_dynamic,80.0,0.05,0.1,hybrid-session-004,5.0,231.2466709408909,186.1866773571819,,,3.715673828125,
utility_dynamic,80.0,0.05,0.1,hybrid-session-005,5.0,237.38521081395447,172.0043020322919,,,3.514697265625,
utility_dynamic,80.0,0.05,0.1,hybrid-session-006,5.0,236.34616099298,186.3632446154952,,,4.05576171875,
utility_dynamic,80.0,0.05,0.1,hybrid-session-009,5.0,209.44976713508368,159.13495887070894,,,3.537255859375,
utility_dynamic,80.0,0.05,0.1,hybrid-session-010,5.0,214.78527085855603,156.3340041320771,,,3.707470703125,
utility_dynamic,80.0,0.05,0.1,hybrid-session-013,5.0,207.85159594379365,164.01964472606778,,,3.62373046875,
utility_dynamic,80.0,0.05,0.1,hybrid-session-016,5.0,242.03768698498607,174.1306978277862,,,3.7078125,
utility_dynamic,80.0,0.05,0.1,hybrid-session-020,5.0,232.87538602016866,170.61996520496905,,,3.665087890625,
utility_dynamic,80.0,0.05,0.1,hybrid-session-021,5.0,241.79243808612227,183.09655520133674,,,3.85751953125,
utility_dynamic,80.0,0.05,0.1,hybrid-session-025,5.0,206.93726395256817,156.86624934896827,,,3.725927734375,
utility_dynamic,80.0,0.05,0.1,hybrid-session-026,5.0,195.22486510686576,171.21111410669982,,,3.93955078125,
full_lru,80.0,0.1,0.05,hybrid-session-002,5.0,3896.101319929585,882.1706865914166,,,8.4,
full_lru,80.0,0.1,0.05,hybrid-session-003,5.0,150.6253369152546,121.54368697665632,,,7.6234375,
full_lru,80.0,0.1,0.05,hybrid-session-004,5.0,146.42414706759155,129.36807861551642,,,9.0234375,
full_lru,80.0,0.1,0.05,hybrid-session-005,5.0,151.0136858560145,122.016911348328,,,8.35625,
full_lru,80.0,0.1,0.05,hybrid-session-006,5.0,201.25706703402102,136.2407959997654,,,10.4234375,
full_lru,80.0,0.1,0.05,hybrid-session-009,5.0,132.7072260901332,117.50692422501743,,,7.5140625,
full_lru,80.0,0.1,0.05,hybrid-session-010,5.0,149.7629249934107,117.93669611215591,,,8.0171875,
full_lru,80.0,0.1,0.05,hybrid-session-013,5.0,144.85806203447282,118.30332954414189,,,7.6890625,
full_lru,80.0,0.1,0.05,hybrid-session-016,5.0,194.92827099747956,134.65916784480214,,,9.0671875,
full_lru,80.0,0.1,0.05,hybrid-session-020,5.0,139.26962087862194,123.88141914270818,,,8.509375,
full_lru,80.0,0.1,0.05,hybrid-session-021,5.0,196.07443292625248,138.1560078356415,,,9.296875,
full_lru,80.0,0.1,0.05,hybrid-session-025,5.0,142.81603484414518,118.14373172819614,,,8.1265625,
full_lru,80.0,0.1,0.05,hybrid-session-026,5.0,201.11276814714074,139.18457701802254,,,9.7671875,
static_best,80.0,0.1,0.05,hybrid-session-002,5.0,3610.295110149309,848.797785770148,,,4.37294921875,
static_best,80.0,0.1,0.05,hybrid-session-003,5.0,213.56232091784477,144.20441002584994,,,4.161376953125,
static_best,80.0,0.1,0.05,hybrid-session-004,5.0,202.85868481732905,172.11994612589478,,,4.558544921875,
static_best,80.0,0.1,0.05,hybrid-session-005,5.0,219.18295696377754,152.35516857355833,,,4.332958984375,
static_best,80.0,0.1,0.05,hybrid-session-006,5.0,198.01320182159543,154.76205158047378,,,5.06337890625,
static_best,80.0,0.1,0.05,hybrid-session-009,5.0,182.16477194800973,139.35736217536032,,,4.217431640625,
static_best,80.0,0.1,0.05,hybrid-session-010,5.0,296.49120196700096,166.23721574433148,,,4.4638671875,
static_best,80.0,0.1,0.05,hybrid-session-013,5.0,277.1576920058578,151.92626137286425,,,4.364404296875,
static_best,80.0,0.1,0.05,hybrid-session-016,5.0,245.70088111795485,143.9313561655581,,,4.345947265625,
static_best,80.0,0.1,0.05,hybrid-session-020,5.0,247.0970458816737,151.4349855016917,,,4.345263671875,
static_best,80.0,0.1,0.05,hybrid-session-021,5.0,290.1383170392364,193.04804299026728,,,4.689453125,
static_best,80.0,0.1,0.05,hybrid-session-025,5.0,245.02078420482576,158.24828227050602,,,4.372265625,
static_best,80.0,0.1,0.05,hybrid-session-026,5.0,289.2154611181468,177.0837348420173,,,4.732177734375,
static_safe,80.0,0.1,0.05,hybrid-session-002,5.0,3759.354069828987,878.0883198138326,,,4.37294921875,
static_safe,80.0,0.1,0.05,hybrid-session-003,5.0,188.03812912665308,136.34768100455403,,,4.161376953125,
static_safe,80.0,0.1,0.05,hybrid-session-004,5.0,200.84295701235533,161.04027410037816,,,4.558544921875,
static_safe,80.0,0.1,0.05,hybrid-session-005,5.0,192.330899881199,153.4543277695775,,,4.332958984375,
static_safe,80.0,0.1,0.05,hybrid-session-006,5.0,202.16158404946327,160.19191038794816,,,5.06337890625,
static_safe,80.0,0.1,0.05,hybrid-session-009,5.0,168.56221691705287,135.45579817146063,,,4.217431640625,
static_safe,80.0,0.1,0.05,hybrid-session-010,5.0,276.2230110820383,158.5469427984208,,,4.370556640625,
static_safe,80.0,0.1,0.05,hybrid-session-013,5.0,244.04114694334567,157.0237571373582,,,4.27109375,
static_safe,80.0,0.1,0.05,hybrid-session-016,5.0,241.27432517707348,154.68378504738212,,,4.345947265625,
static_safe,80.0,0.1,0.05,hybrid-session-020,5.0,193.92265286296606,141.01024977862835,,,4.488818359375,
static_safe,80.0,0.1,0.05,hybrid-session-021,5.0,196.34714000858366,153.08527639135718,,,4.70380859375,
static_safe,80.0,0.1,0.05,hybrid-session-025,5.0,242.95317707583308,154.5388624072075,,,4.372265625,
static_safe,80.0,0.1,0.05,hybrid-session-026,5.0,297.53998504020274,176.8415182363242,,,4.746533203125,
uncalibrated_dynamic,80.0,0.1,0.05,hybrid-session-002,5.0,44770.59926796146,18541.693158140777,,,4.2177734375,
uncalibrated_dynamic,80.0,0.1,0.05,hybrid-session-003,5.0,44642.848520070314,9038.715270812809,,,4.261865234375,
uncalibrated_dynamic,80.0,0.1,0.05,hybrid-session-004,5.0,313.8880259357393,192.86320977844298,,,4.458056640625,
uncalibrated_dynamic,80.0,0.1,0.05,hybrid-session-005,5.0,244.1719090566039,178.35595039650798,,,4.22529296875,
uncalibrated_dynamic,80.0,0.1,0.05,hybrid-session-006,5.0,306.4461429603398,210.72659995406866,,,5.203515625,
uncalibrated_dynamic,80.0,0.1,0.05,hybrid-session-009,5.0,253.77231580205262,169.64903841726482,,,4.317919921875,
uncalibrated_dynamic,80.0,0.1,0.05,hybrid-session-010,5.0,290.2876401785761,180.50866443663836,,,4.514111328125,
uncalibrated_dynamic,80.0,0.1,0.05,hybrid-session-013,5.0,243.90102387405932,173.1457554269582,,,4.4146484375,
uncalibrated_dynamic,80.0,0.1,0.05,hybrid-session-016,5.0,307.1681009605527,195.197640825063,,,4.575634765625,
uncalibrated_dynamic,80.0,0.1,0.05,hybrid-session-020,5.0,324.279383989051,195.049142325297,,,4.388330078125,
uncalibrated_dynamic,80.0,0.1,0.05,hybrid-session-021,5.0,307.9213569872081,203.0320493504405,,,4.6033203125,
uncalibrated_dynamic,80.0,0.1,0.05,hybrid-session-025,5.0,41961.140963992104,8513.72522014156,,,6.253173828125,
uncalibrated_dynamic,80.0,0.1,0.05,hybrid-session-026,5.0,45585.948374858126,18006.52811479904,,,4.333984375,
utility_dynamic,80.0,0.1,0.05,hybrid-session-002,5.0,3609.0684751980007,849.1850548889488,,,3.55400390625,
utility_dynamic,80.0,0.1,0.05,hybrid-session-003,5.0,183.9289190247655,135.52178335376084,,,3.472998046875,
utility_dynamic,80.0,0.1,0.05,hybrid-session-004,5.0,199.64272412471473,159.03041763231158,,,3.715673828125,
utility_dynamic,80.0,0.1,0.05,hybrid-session-005,5.0,194.27244015969336,141.84924722649157,,,3.514697265625,
utility_dynamic,80.0,0.1,0.05,hybrid-session-006,5.0,195.07544115185738,151.7294152174145,,,4.05576171875,
utility_dynamic,80.0,0.1,0.05,hybrid-session-009,5.0,167.51981084235013,131.6906299907714,,,3.537255859375,
utility_dynamic,80.0,0.1,0.05,hybrid-session-010,5.0,179.3830229435116,132.58626055903733,,,3.707470703125,
utility_dynamic,80.0,0.1,0.05,hybrid-session-013,5.0,188.56299202889204,137.06760839559138,,,3.62373046875,
utility_dynamic,80.0,0.1,0.05,hybrid-session-016,5.0,223.60416199080646,152.01542619615793,,,3.7078125,
utility_dynamic,80.0,0.1,0.05,hybrid-session-020,5.0,202.54786009900272,150.18923725001514,,,3.665087890625,
utility_dynamic,80.0,0.1,0.05,hybrid-session-021,5.0,199.35018219985068,164.93934504687786,,,3.85751953125,
utility_dynamic,80.0,0.1,0.05,hybrid-session-025,5.0,174.06254704110324,141.73174919560552,,,3.725927734375,
utility_dynamic,80.0,0.1,0.05,hybrid-session-026,5.0,190.1656191330403,154.7336797695607,,,3.93955078125,
full_lru,80.0,0.1,0.1,hybrid-session-002,5.0,3977.6436700485647,900.8476246148348,,,8.4,
full_lru,80.0,0.1,0.1,hybrid-session-003,5.0,146.93860593251884,122.13013181462884,,,7.6234375,
full_lru,80.0,0.1,0.1,hybrid-session-004,5.0,165.90308398008347,126.0760588105768,,,9.0234375,
full_lru,80.0,0.1,0.1,hybrid-session-005,5.0,151.38208610005677,121.64641921408474,,,8.35625,
full_lru,80.0,0.1,0.1,hybrid-session-006,5.0,193.20842903107405,137.74841441772878,,,10.4234375,
full_lru,80.0,0.1,0.1,hybrid-session-009,5.0,132.68264406360686,121.243637194857,,,7.5140625,
full_lru,80.0,0.1,0.1,hybrid-session-010,5.0,152.16991491615772,116.56926237046719,,,8.0171875,
full_lru,80.0,0.1,0.1,hybrid-session-013,5.0,149.24386097118258,119.28193741478026,,,7.6890625,
full_lru,80.0,0.1,0.1,hybrid-session-016,5.0,187.5201240181923,134.6778606530279,,,9.0671875,
full_lru,80.0,0.1,0.1,hybrid-session-020,5.0,152.67440886236727,127.06762757152319,,,8.509375,
full_lru,80.0,0.1,0.1,hybrid-session-021,5.0,181.10565398819745,133.21735272184014,,,9.296875,
full_lru,80.0,0.1,0.1,hybrid-session-025,5.0,153.38602592237294,125.50535663031042,,,8.1265625,
full_lru,80.0,0.1,0.1,hybrid-session-026,5.0,185.2646330371499,137.90275594219565,,,9.7671875,
static_best,80.0,0.1,0.1,hybrid-session-002,5.0,3737.3825828544796,873.0634491425008,,,4.37294921875,
static_best,80.0,0.1,0.1,hybrid-session-003,5.0,188.0427747964859,130.78986732289195,,,4.161376953125,
static_best,80.0,0.1,0.1,hybrid-session-004,5.0,198.15479801036417,144.56623517908156,,,4.558544921875,
static_best,80.0,0.1,0.1,hybrid-session-005,5.0,194.76055493578315,137.63794261030853,,,4.332958984375,
static_best,80.0,0.1,0.1,hybrid-session-006,5.0,200.61196200549603,145.68761200644076,,,5.06337890625,
static_best,80.0,0.1,0.1,hybrid-session-009,5.0,170.2838649507612,131.23743757605553,,,4.217431640625,
static_best,80.0,0.1,0.1,hybrid-session-010,5.0,324.58543800748885,167.43658715859056,,,4.4638671875,
static_best,80.0,0.1,0.1,hybrid-session-013,5.0,243.15247498452663,157.10566202178597,,,4.378759765625,
static_best,80.0,0.1,0.1,hybrid-session-016,5.0,253.0686240643263,156.5776975825429,,,4.345947265625,
static_best,80.0,0.1,0.1,hybrid-session-020,5.0,244.49734203517437,157.06934076733887,,,4.345263671875,
static_best,80.0,0.1,0.1,hybrid-session-021,5.0,243.43199795112014,170.33886015415192,,,4.56025390625,
static_best,80.0,0.1,0.1,hybrid-session-025,5.0,171.1428058333695,132.16544138267636,,,4.422509765625,
static_best,80.0,0.1,0.1,hybrid-session-026,5.0,189.3867428880185,150.59385020285845,,,4.79677734375,
static_safe,80.0,0.1,0.1,hybrid-session-002,5.0,3864.9776510428637,922.2079089377075,,,4.37294921875,
static_safe,80.0,0.1,0.1,hybrid-session-003,5.0,232.15688113123178,168.07313882745802,,,4.161376953125,
static_safe,80.0,0.1,0.1,hybrid-session-004,5.0,237.94327699579298,185.39218590594828,,,4.558544921875,
static_safe,80.0,0.1,0.1,hybrid-session-005,5.0,234.58065604791045,173.1376606039703,,,4.332958984375,
static_safe,80.0,0.1,0.1,hybrid-session-006,5.0,240.92127988114953,180.7127044070512,,,5.06337890625,
static_safe,80.0,0.1,0.1,hybrid-session-009,5.0,197.22718396224082,158.88411165215075,,,4.217431640625,
static_safe,80.0,0.1,0.1,hybrid-session-010,5.0,324.3004239629954,195.5791721586138,,,4.4638671875,
static_safe,80.0,0.1,0.1,hybrid-session-013,5.0,282.423387048766,192.82229216769338,,,4.27109375,
static_safe,80.0,0.1,0.1,hybrid-session-016,5.0,278.65677094087005,189.23085001297295,,,4.345947265625,
static_safe,80.0,0.1,0.1,hybrid-session-020,5.0,314.97028400190175,195.09894661605358,,,4.445751953125,
static_safe,80.0,0.1,0.1,hybrid-session-021,5.0,323.3255979139358,208.3523423410952,,,4.667919921875,
static_safe,80.0,0.1,0.1,hybrid-session-025,5.0,275.27140104211867,182.64451483264565,,,4.372265625,
static_safe,80.0,0.1,0.1,hybrid-session-026,5.0,318.99239984340966,207.32421190477908,,,4.746533203125,
uncalibrated_dynamic,80.0,0.1,0.1,hybrid-session-002,5.0,44912.293656829745,18694.51041319035,,,4.2177734375,
uncalibrated_dynamic,80.0,0.1,0.1,hybrid-session-003,5.0,44020.83012667671,8937.887697054446,,,4.261865234375,
uncalibrated_dynamic,80.0,0.1,0.1,hybrid-session-004,5.0,324.1723880637437,213.33048967644572,,,4.458056640625,
uncalibrated_dynamic,80.0,0.1,0.1,hybrid-session-005,5.0,275.76605998910964,184.16870939545333,,,4.22529296875,
uncalibrated_dynamic,80.0,0.1,0.1,hybrid-session-006,5.0,324.7059569694102,218.43507383018732,,,5.203515625,
uncalibrated_dynamic,80.0,0.1,0.1,hybrid-session-009,5.0,283.2995520438999,171.29357159137726,,,4.317919921875,
uncalibrated_dynamic,80.0,0.1,0.1,hybrid-session-010,5.0,315.06220903247595,189.74280366674066,,,4.514111328125,
uncalibrated_dynamic,80.0,0.1,0.1,hybrid-session-013,5.0,261.69732096605003,182.0216730237007,,,4.4146484375,
uncalibrated_dynamic,80.0,0.1,0.1,hybrid-session-016,5.0,322.7643109858036,192.4070212058723,,,4.3818359375,
uncalibrated_dynamic,80.0,0.1,0.1,hybrid-session-020,5.0,307.6551950071007,198.51338281296194,,,4.589306640625,
uncalibrated_dynamic,80.0,0.1,0.1,hybrid-session-021,5.0,320.59569493867457,205.00730881467462,,,4.57802734375,
uncalibrated_dynamic,80.0,0.1,0.1,hybrid-session-025,5.0,42278.39303015545,8576.72751648128,,,6.253173828125,
uncalibrated_dynamic,80.0,0.1,0.1,hybrid-session-026,5.0,44476.561513166875,17786.84976101592,,,4.333984375,
utility_dynamic,80.0,0.1,0.1,hybrid-session-002,5.0,3984.3427769374102,948.2833886519074,,,3.55400390625,
utility_dynamic,80.0,0.1,0.1,hybrid-session-003,5.0,233.43795887194574,170.59118812903762,,,3.472998046875,
utility_dynamic,80.0,0.1,0.1,hybrid-session-004,5.0,206.6707769408822,178.36440694518387,,,3.715673828125,
utility_dynamic,80.0,0.1,0.1,hybrid-session-005,5.0,237.3349170666188,172.3097815643996,,,3.514697265625,
utility_dynamic,80.0,0.1,0.1,hybrid-session-006,5.0,240.13802711851895,189.26149639301002,,,4.05576171875,
utility_dynamic,80.0,0.1,0.1,hybrid-session-009,5.0,221.65419696830213,160.04859316162765,,,3.537255859375,
utility_dynamic,80.0,0.1,0.1,hybrid-session-010,5.0,210.652177920565,165.21245455369353,,,3.707470703125,
utility_dynamic,80.0,0.1,0.1,hybrid-session-013,5.0,217.42330095730722,166.92265942692757,,,3.62373046875,
utility_dynamic,80.0,0.1,0.1,hybrid-session-016,5.0,237.67490009777248,174.55244339071214,,,3.7078125,
utility_dynamic,80.0,0.1,0.1,hybrid-session-020,5.0,237.3794859740883,175.44296379201114,,,3.665087890625,
utility_dynamic,80.0,0.1,0.1,hybrid-session-021,5.0,249.53182297758758,189.31219200603664,,,3.85751953125,
utility_dynamic,80.0,0.1,0.1,hybrid-session-025,5.0,207.89414597675204,149.5622720103711,,,3.725927734375,
utility_dynamic,80.0,0.1,0.1,hybrid-session-026,5.0,228.5151481628418,173.3205263968557,,,3.93955078125,
full_lru,96.0,0.05,0.05,hybrid-session-002,5.0,3907.2937280870974,873.580197384581,,,8.4,
full_lru,96.0,0.05,0.05,hybrid-session-003,5.0,136.79517689161003,100.56925602257252,,,7.6234375,
full_lru,96.0,0.05,0.05,hybrid-session-004,5.0,152.21350686624646,113.20381793193519,,,9.0234375,
full_lru,96.0,0.05,0.05,hybrid-session-005,5.0,146.77275996655226,107.25820357911289,,,8.35625,
full_lru,96.0,0.05,0.05,hybrid-session-006,5.0,200.10523404926062,134.25646242685616,,,10.4234375,
full_lru,96.0,0.05,0.05,hybrid-session-009,5.0,127.88997404277325,105.52371041849256,,,7.6125,
full_lru,96.0,0.05,0.05,hybrid-session-010,5.0,134.39897308126092,105.61909503303468,,,8.1046875,
full_lru,96.0,0.05,0.05,hybrid-session-013,5.0,128.76877398230135,104.53119836747646,,,7.6890625,
full_lru,96.0,0.05,0.05,hybrid-session-016,5.0,169.40130200237036,118.64319476298988,,,9.0671875,
full_lru,96.0,0.05,0.05,hybrid-session-020,5.0,134.12173208780587,109.97641892172396,,,8.509375,
full_lru,96.0,0.05,0.05,hybrid-session-021,5.0,172.19230183400214,120.7681733649224,,,9.296875,
full_lru,96.0,0.05,0.05,hybrid-session-025,5.0,134.77271609008312,108.03421484306455,,,8.1265625,
full_lru,96.0,0.05,0.05,hybrid-session-026,5.0,174.31824491359293,124.45721919648349,,,9.7671875,
static_best,96.0,0.05,0.05,hybrid-session-002,5.0,3836.9482858106494,922.6818653289229,,,4.37294921875,
static_best,96.0,0.05,0.05,hybrid-session-003,5.0,223.32031396217644,174.15724322199821,,,4.161376953125,
static_best,96.0,0.05,0.05,hybrid-session-004,5.0,235.011420911178,194.15240255184472,,,4.558544921875,
static_best,96.0,0.05,0.05,hybrid-session-005,5.0,229.47295405901968,172.23856537602842,,,4.332958984375,
static_best,96.0,0.05,0.05,hybrid-session-006,5.0,243.5626091901213,187.08992167375982,,,5.06337890625,
static_best,96.0,0.05,0.05,hybrid-session-009,5.0,211.7374970111996,159.26962443627417,,,4.217431640625,
static_best,96.0,0.05,0.05,hybrid-session-010,5.0,212.44457107968628,156.36657373979688,,,4.413623046875,
static_best,96.0,0.05,0.05,hybrid-session-013,5.0,210.2737908717245,162.64155395328999,,,4.31416015625,
static_best,96.0,0.05,0.05,hybrid-session-016,5.0,243.7722091563046,174.1521880030632,,,4.489501953125,
static_best,96.0,0.05,0.05,hybrid-session-020,5.0,237.30775201693177,172.84299721941352,,,4.488818359375,
static_best,96.0,0.05,0.05,hybrid-session-021,5.0,239.14188495837152,187.81794398091733,,,4.70380859375,
static_best,96.0,0.05,0.05,hybrid-session-025,5.0,215.80354403704405,164.77250861935318,,,4.422509765625,
static_best,96.0,0.05,0.05,hybrid-session-026,5.0,232.16313892044127,182.47796897776425,,,4.79677734375,
static_safe,96.0,0.05,0.05,hybrid-session-002,5.0,3848.9005300216377,920.7797029521316,,,4.37294921875,
static_safe,96.0,0.05,0.05,hybrid-session-003,5.0,230.6037067901343,174.35180260799825,,,4.161376953125,
static_safe,96.0,0.05,0.05,hybrid-session-004,5.0,237.80521797016263,191.9835103675723,,,4.558544921875,
static_safe,96.0,0.05,0.05,hybrid-session-005,5.0,237.87517100572586,170.4774382058531,,,4.332958984375,
static_safe,96.0,0.05,0.05,hybrid-session-006,5.0,239.79997704736888,188.50046577863395,,,5.06337890625,
static_safe,96.0,0.05,0.05,hybrid-session-009,5.0,200.7320811972022,155.83421466872096,,,4.217431640625,
static_safe,96.0,0.05,0.05,hybrid-session-010,5.0,221.23645897954702,165.0820259936154,,,4.413623046875,
static_safe,96.0,0.05,0.05,hybrid-session-013,5.0,222.37159591168165,166.02711738087237,,,4.31416015625,
static_safe,96.0,0.05,0.05,hybrid-session-016,5.0,240.5618131160736,165.51867625676095,,,4.489501953125,
static_safe,96.0,0.05,0.05,hybrid-session-020,5.0,243.36906801909208,175.81516299396753,,,4.488818359375,
static_safe,96.0,0.05,0.05,hybrid-session-021,5.0,240.86753907613456,190.56169698014855,,,4.70380859375,
static_safe,96.0,0.05,0.05,hybrid-session-025,5.0,214.4204219803214,169.99563202261925,,,4.422509765625,
static_safe,96.0,0.05,0.05,hybrid-session-026,5.0,231.71367403119802,191.84370203875005,,,4.79677734375,
uncalibrated_dynamic,96.0,0.05,0.05,hybrid-session-002,5.0,3832.3719408363104,921.6180105693638,,,4.37294921875,
uncalibrated_dynamic,96.0,0.05,0.05,hybrid-session-003,5.0,216.96445089764893,168.57242775149643,,,4.161376953125,
uncalibrated_dynamic,96.0,0.05,0.05,hybrid-session-004,5.0,232.72200301289558,185.33004359342158,,,4.558544921875,
uncalibrated_dynamic,96.0,0.05,0.05,hybrid-session-005,5.0,234.12856017239392,176.19918840937316,,,4.332958984375,
uncalibrated_dynamic,96.0,0.05,0.05,hybrid-session-006,5.0,230.5954610928893,185.08723685517907,,,5.06337890625,
uncalibrated_dynamic,96.0,0.05,0.05,hybrid-session-009,5.0,202.69756601192057,164.58983677439392,,,4.217431640625,
uncalibrated_dynamic,96.0,0.05,0.05,hybrid-session-010,5.0,207.35902106389403,164.78231218643486,,,4.413623046875,
uncalibrated_dynamic,96.0,0.05,0.05,hybrid-session-013,5.0,210.7449050527066,168.24574721977115,,,4.31416015625,
uncalibrated_dynamic,96.0,0.05,0.05,hybrid-session-016,5.0,238.9303029049188,173.23404890485108,,,4.489501953125,
uncalibrated_dynamic,96.0,0.05,0.05,hybrid-session-020,5.0,231.05915798805654,172.58945917710662,,,4.488818359375,
uncalibrated_dynamic,96.0,0.05,0.05,hybrid-session-021,5.0,44631.51896396652,9064.067316569388,,,4.2451171875,
uncalibrated_dynamic,96.0,0.05,0.05,hybrid-session-025,5.0,45223.32017015666,9176.45976759307,,,4.372265625,
uncalibrated_dynamic,96.0,0.05,0.05,hybrid-session-026,5.0,335.3379820473492,212.0190723799169,,,4.746533203125,
utility_dynamic,96.0,0.05,0.05,hybrid-session-002,5.0,3898.900145897642,929.9100584350526,,,3.55400390625,
utility_dynamic,96.0,0.05,0.05,hybrid-session-003,5.0,215.81474808044732,164.60974840447307,,,3.472998046875,
utility_dynamic,96.0,0.05,0.05,hybrid-session-004,5.0,227.88683394901454,186.90050919540226,,,3.715673828125,
utility_dynamic,96.0,0.05,0.05,hybrid-session-005,5.0,227.06044279038906,169.6707755792886,,,3.514697265625,
utility_dynamic,96.0,0.05,0.05,hybrid-session-006,5.0,235.02674116753042,181.2539389822632,,,4.05576171875,
utility_dynamic,96.0,0.05,0.05,hybrid-session-009,5.0,203.12094292603433,160.164595535025,,,3.537255859375,
utility_dynamic,96.0,0.05,0.05,hybrid-session-010,5.0,207.01245800592005,158.23810794390738,,,3.707470703125,
utility_dynamic,96.0,0.05,0.05,hybrid-session-013,5.0,201.29540911875665,155.31540564261377,,,3.62373046875,
utility_dynamic,96.0,0.05,0.05,hybrid-session-016,5.0,231.32138792425394,167.6230343990028,,,3.7078125,
utility_dynamic,96.0,0.05,0.05,hybrid-session-020,5.0,234.90869998931885,168.24314263649285,,,3.665087890625,
utility_dynamic,96.0,0.05,0.05,hybrid-session-021,5.0,231.43585794605315,188.5124578140676,,,3.85751953125,
utility_dynamic,96.0,0.05,0.05,hybrid-session-025,5.0,194.36645391397178,152.41966973990202,,,3.725927734375,
utility_dynamic,96.0,0.05,0.05,hybrid-session-026,5.0,200.68877912126482,174.61971906013787,,,3.93955078125,
full_lru,96.0,0.05,0.1,hybrid-session-002,5.0,4169.927090173587,931.9940430577844,,,8.4,
full_lru,96.0,0.05,0.1,hybrid-session-003,5.0,155.34634585492313,121.74460631795228,,,7.6234375,
full_lru,96.0,0.05,0.1,hybrid-session-004,5.0,151.05967200361192,127.66288938000798,,,9.0234375,
full_lru,96.0,0.05,0.1,hybrid-session-005,5.0,150.7969310041517,122.41030242294073,,,8.35625,
full_lru,96.0,0.05,0.1,hybrid-session-006,5.0,192.71394005045295,136.55991801060736,,,10.4234375,
full_lru,96.0,0.05,0.1,hybrid-session-009,5.0,147.4104810040444,120.29228140600026,,,7.6125,
full_lru,96.0,0.05,0.1,hybrid-session-010,5.0,152.04310812987387,126.50823201984167,,,8.1046875,
full_lru,96.0,0.05,0.1,hybrid-session-013,5.0,152.2842140402645,125.09801117703319,,,7.6890625,
full_lru,96.0,0.05,0.1,hybrid-session-016,5.0,194.8435918893665,136.58823277801275,,,9.0671875,
full_lru,96.0,0.05,0.1,hybrid-session-020,5.0,136.38352206908166,123.8671490456909,,,8.509375,
full_lru,96.0,0.05,0.1,hybrid-session-021,5.0,195.91779704205692,135.49633189104497,,,9.296875,
full_lru,96.0,0.05,0.1,hybrid-session-025,5.0,135.9997030813247,121.33307978510857,,,8.1265625,
full_lru,96.0,0.05,0.1,hybrid-session-026,5.0,200.3107899799943,140.9126908518374,,,9.7671875,
static_best,96.0,0.05,0.1,hybrid-session-002,5.0,3815.1083779521286,898.2290352229029,,,4.37294921875,
static_best,96.0,0.05,0.1,hybrid-session-003,5.0,212.9535530693829,145.63454538583755,,,4.161376953125,
static_best,96.0,0.05,0.1,hybrid-session-004,5.0,199.7624880168587,162.89872699417174,,,4.558544921875,
static_best,96.0,0.05,0.1,hybrid-session-005,5.0,198.33718286827207,146.65745892561972,,,4.332958984375,
static_best,96.0,0.05,0.1,hybrid-session-006,5.0,203.98372900672257,159.8838934674859,,,5.06337890625,
static_best,96.0,0.05,0.1,hybrid-session-009,5.0,172.04300384037197,133.69041956029832,,,4.217431640625,
static_best,96.0,0.05,0.1,hybrid-session-010,5.0,182.08793317899108,134.13840443827212,,,4.413623046875,
static_best,96.0,0.05,0.1,hybrid-session-013,5.0,188.309988938272,138.47906882874668,,,4.31416015625,
static_best,96.0,0.05,0.1,hybrid-session-016,5.0,198.6069509293884,139.99027800746262,,,4.489501953125,
static_best,96.0,0.05,0.1,hybrid-session-020,5.0,195.0174670200795,143.5552745591849,,,4.488818359375,
static_best,96.0,0.05,0.1,hybrid-session-021,5.0,197.80754786916077,153.07713760994375,,,4.70380859375,
static_best,96.0,0.05,0.1,hybrid-session-025,5.0,170.28314294293523,136.11139585264027,,,4.422509765625,
static_best,96.0,0.05,0.1,hybrid-session-026,5.0,192.38774618133903,158.60050399787724,,,4.79677734375,
static_safe,96.0,0.05,0.1,hybrid-session-002,5.0,3619.065634906292,856.5030265599489,,,4.37294921875,
static_safe,96.0,0.05,0.1,hybrid-session-003,5.0,186.51226116344333,140.35940039902925,,,4.161376953125,
static_safe,96.0,0.05,0.1,hybrid-session-004,5.0,196.13504805602133,158.6909235920757,,,4.558544921875,
static_safe,96.0,0.05,0.1,hybrid-session-005,5.0,192.70655186846852,141.46355972625315,,,4.332958984375,
static_safe,96.0,0.05,0.1,hybrid-session-006,5.0,195.9296220447868,153.11648854985833,,,5.06337890625,
static_safe,96.0,0.05,0.1,hybrid-session-009,5.0,169.7930609807372,131.98998398147523,,,4.217431640625,
static_safe,96.0,0.05,0.1,hybrid-session-010,5.0,179.30278996936977,132.00713177211583,,,4.413623046875,
static_safe,96.0,0.05,0.1,hybrid-session-013,5.0,190.85403601638973,137.55554258823395,,,4.31416015625,
static_safe,96.0,0.05,0.1,hybrid-session-016,5.0,234.84138492494822,147.32113499194384,,,4.489501953125,
static_safe,96.0,0.05,0.1,hybrid-session-020,5.0,225.47328495420516,147.11756757460535,,,4.488818359375,
static_safe,96.0,0.05,0.1,hybrid-session-021,5.0,230.52352317608893,160.45892923139036,,,4.70380859375,
static_safe,96.0,0.05,0.1,hybrid-session-025,5.0,200.9470360353589,145.2735594008118,,,4.422509765625,
static_safe,96.0,0.05,0.1,hybrid-session-026,5.0,202.1720940247178,163.6556452140212,,,4.79677734375,
uncalibrated_dynamic,96.0,0.05,0.1,hybrid-session-002,5.0,3819.79422387667,892.0157919637859,,,4.37294921875,
uncalibrated_dynamic,96.0,0.05,0.1,hybrid-session-003,5.0,186.44597800448537,143.8342835754156,,,4.161376953125,
uncalibrated_dynamic,96.0,0.05,0.1,hybrid-session-004,5.0,198.87977209873497,161.78499101661146,,,4.558544921875,
uncalibrated_dynamic,96.0,0.05,0.1,hybrid-session-005,5.0,227.36737388186157,153.77315897494555,,,4.332958984375,
uncalibrated_dynamic,96.0,0.05,0.1,hybrid-session-006,5.0,200.55318996310234,159.60968676954508,,,5.06337890625,
uncalibrated_dynamic,96.0,0.05,0.1,hybrid-session-009,5.0,171.75741214305162,136.44085666164756,,,4.217431640625,
uncalibrated_dynamic,96.0,0.05,0.1,hybrid-session-010,5.0,175.89791398495436,135.93496647663414,,,4.413623046875,
uncalibrated_dynamic,96.0,0.05,0.1,hybrid-session-013,5.0,181.78561911918223,136.5042930468917,,,4.31416015625,
uncalibrated_dynamic,96.0,0.05,0.1,hybrid-session-016,5.0,196.52753695845604,140.32926317304373,,,4.489501953125,
uncalibrated_dynamic,96.0,0.05,0.1,hybrid-session-020,5.0,194.03811497613788,142.95438760891557,,,4.488818359375,
uncalibrated_dynamic,96.0,0.05,0.1,hybrid-session-021,5.0,45534.71993582137,9228.211458580196,,,4.2451171875,
uncalibrated_dynamic,96.0,0.05,0.1,hybrid-session-025,5.0,44824.47025109641,9071.081443409621,,,4.372265625,
uncalibrated_dynamic,96.0,0.05,0.1,hybrid-session-026,5.0,299.2552579380572,178.2257076818496,,,4.746533203125,
utility_dynamic,96.0,0.05,0.1,hybrid-session-002,5.0,3713.624784955755,868.3700869325548,,,3.55400390625,
utility_dynamic,96.0,0.05,0.1,hybrid-session-003,5.0,206.73003909178078,143.11779122799635,,,3.472998046875,
utility_dynamic,96.0,0.05,0.1,hybrid-session-004,5.0,228.84512320160866,161.67875062674284,,,3.715673828125,
utility_dynamic,96.0,0.05,0.1,hybrid-session-005,5.0,230.6448700837791,154.97409482486546,,,3.514697265625,
utility_dynamic,96.0,0.05,0.1,hybrid-session-006,5.0,229.67901919037104,165.97072361037135,,,4.05576171875,
utility_dynamic,96.0,0.05,0.1,hybrid-session-009,5.0,176.59334908239543,132.70243704319,,,3.537255859375,
utility_dynamic,96.0,0.05,0.1,hybrid-session-010,5.0,175.7440729998052,139.13084995001554,,,3.707470703125,
utility_dynamic,96.0,0.05,0.1,hybrid-session-013,5.0,212.1798729058355,141.78578667342663,,,3.62373046875,
utility_dynamic,96.0,0.05,0.1,hybrid-session-016,5.0,193.50565713830292,139.0374676324427,,,3.7078125,
utility_dynamic,96.0,0.05,0.1,hybrid-session-020,5.0,197.4121939856559,141.93913517519832,,,3.665087890625,
utility_dynamic,96.0,0.05,0.1,hybrid-session-021,5.0,199.35034587979317,156.73620700836182,,,3.85751953125,
utility_dynamic,96.0,0.05,0.1,hybrid-session-025,5.0,173.4855859540403,142.02278605662286,,,3.725927734375,
utility_dynamic,96.0,0.05,0.1,hybrid-session-026,5.0,207.7064230106771,158.25072242878377,,,3.93955078125,
full_lru,96.0,0.1,0.05,hybrid-session-002,5.0,3902.8469959739596,882.1814949158579,,,8.4,
full_lru,96.0,0.1,0.05,hybrid-session-003,5.0,148.81833991967142,122.8567395824939,,,7.6234375,
full_lru,96.0,0.1,0.05,hybrid-session-004,5.0,146.44742291420698,128.42190759256482,,,9.0234375,
full_lru,96.0,0.1,0.05,hybrid-session-005,5.0,132.8044121619314,117.37413736991584,,,8.35625,
full_lru,96.0,0.1,0.05,hybrid-session-006,5.0,177.74336994625628,138.16694035194814,,,10.4234375,
full_lru,96.0,0.1,0.05,hybrid-session-009,5.0,127.9400228522718,114.2867130227387,,,7.6125,
full_lru,96.0,0.1,0.05,hybrid-session-010,5.0,134.38753690570593,120.94747871160507,,,8.1046875,
full_lru,96.0,0.1,0.05,hybrid-session-013,5.0,130.07327099330723,115.50102983601391,,,7.6890625,
full_lru,96.0,0.1,0.05,hybrid-session-016,5.0,191.4738428313285,132.67378001473844,,,9.0671875,
full_lru,96.0,0.1,0.05,hybrid-session-020,5.0,143.90850882045925,122.81444254331291,,,8.509375,
full_lru,96.0,0.1,0.05,hybrid-session-021,5.0,177.0712579600513,133.18899464793503,,,9.296875,
full_lru,96.0,0.1,0.05,hybrid-session-025,5.0,150.91716102324426,123.20191259495914,,,8.1265625,
full_lru,96.0,0.1,0.05,hybrid-session-026,5.0,183.13900800421834,139.40252363681793,,,9.7671875,
static_best,96.0,0.1,0.05,hybrid-session-002,5.0,3773.8659251481295,886.990051344037,,,4.37294921875,
static_best,96.0,0.1,0.05,hybrid-session-003,5.0,181.85606901533902,142.17882761731744,,,4.161376953125,
static_best,96.0,0.1,0.05,hybrid-session-004,5.0,192.74759921245277,156.17701765149832,,,4.558544921875,
static_best,96.0,0.1,0.05,hybrid-session-005,5.0,190.71813113987446,141.10441603697836,,,4.332958984375,
static_best,96.0,0.1,0.05,hybrid-session-006,5.0,194.30977292358875,152.00708359479904,,,5.06337890625,
static_best,96.0,0.1,0.05,hybrid-session-009,5.0,167.7573760971427,133.16326173953712,,,4.217431640625,
static_best,96.0,0.1,0.05,hybrid-session-010,5.0,174.67749980278313,131.06109956279397,,,4.413623046875,
static_best,96.0,0.1,0.05,hybrid-session-013,5.0,185.49959501251578,136.63906562142074,,,4.31416015625,
static_best,96.0,0.1,0.05,hybrid-session-016,5.0,233.88728708960116,153.66648943163455,,,4.489501953125,
static_best,96.0,0.1,0.05,hybrid-session-020,5.0,200.30410401523113,148.00095106475055,,,4.488818359375,
static_best,96.0,0.1,0.05,hybrid-session-021,5.0,202.81294197775424,158.69591203518212,,,4.70380859375,
static_best,96.0,0.1,0.05,hybrid-session-025,5.0,201.94249507039785,139.73006941378117,,,4.422509765625,
static_best,96.0,0.1,0.05,hybrid-session-026,5.0,188.75259696505964,156.92389379255474,,,4.79677734375,
static_safe,96.0,0.1,0.05,hybrid-session-002,5.0,3687.4607228673995,893.8238071743399,,,4.37294921875,
static_safe,96.0,0.1,0.05,hybrid-session-003,5.0,219.78641394525766,168.83262475021183,,,4.161376953125,
static_safe,96.0,0.1,0.05,hybrid-session-004,5.0,242.1677620150149,177.94204405508935,,,4.558544921875,
static_safe,96.0,0.1,0.05,hybrid-session-005,5.0,236.12965806387365,175.50489357672632,,,4.332958984375,
static_safe,96.0,0.1,0.05,hybrid-session-006,5.0,240.4855638742447,188.2707261480391,,,5.06337890625,
static_safe,96.0,0.1,0.05,hybrid-session-009,5.0,211.6974308155477,163.7110702227801,,,4.217431640625,
static_safe,96.0,0.1,0.05,hybrid-session-010,5.0,222.06515609286726,161.80731719359756,,,4.413623046875,
static_safe,96.0,0.1,0.05,hybrid-session-013,5.0,214.31558905169368,163.70864296332002,,,4.31416015625,
static_safe,96.0,0.1,0.05,hybrid-session-016,5.0,239.9956549052149,173.4192161820829,,,4.489501953125,
static_safe,96.0,0.1,0.05,hybrid-session-020,5.0,236.84328701347113,176.35594066232443,,,4.488818359375,
static_safe,96.0,0.1,0.05,hybrid-session-021,5.0,244.1668501123786,191.2329528015107,,,4.70380859375,
static_safe,96.0,0.1,0.05,hybrid-session-025,5.0,213.3885850198567,163.29063875600696,,,4.422509765625,
static_safe,96.0,0.1,0.05,hybrid-session-026,5.0,230.94734200276434,182.89537080563605,,,4.79677734375,
uncalibrated_dynamic,96.0,0.1,0.05,hybrid-session-002,5.0,3811.769906897098,917.8504367824644,,,4.37294921875,
uncalibrated_dynamic,96.0,0.1,0.05,hybrid-session-003,5.0,224.84608786180615,166.50893175974488,,,4.161376953125,
uncalibrated_dynamic,96.0,0.1,0.05,hybrid-session-004,5.0,224.5541070587933,186.81435002945364,,,4.558544921875,
uncalibrated_dynamic,96.0,0.1,0.05,hybrid-session-005,5.0,235.117084113881,172.8417344391346,,,4.332958984375,
uncalibrated_dynamic,96.0,0.1,0.05,hybrid-session-006,5.0,238.2295741699636,194.0918774344027,,,5.06337890625,
uncalibrated_dynamic,96.0,0.1,0.05,hybrid-session-009,5.0,208.73146783560514,160.53797975182533,,,4.217431640625,
uncalibrated_dynamic,96.0,0.1,0.05,hybrid-session-010,5.0,210.1555080153048,156.8586657755077,,,4.413623046875,
uncalibrated_dynamic,96.0,0.1,0.05,hybrid-session-013,5.0,214.4823509734124,166.23059641569853,,,4.31416015625,
uncalibrated_dynamic,96.0,0.1,0.05,hybrid-session-016,5.0,245.5532648600638,174.98681494034827,,,4.489501953125,
uncalibrated_dynamic,96.0,0.1,0.05,hybrid-session-020,5.0,239.4474670290947,174.03309936635196,,,4.488818359375,
uncalibrated_dynamic,96.0,0.1,0.05,hybrid-session-021,5.0,44744.814782161266,9095.467260431498,,,4.342529296875,
uncalibrated_dynamic,96.0,0.1,0.05,hybrid-session-025,5.0,45811.36597927101,9291.506820826606,,,4.372265625,
uncalibrated_dynamic,96.0,0.1,0.05,hybrid-session-026,5.0,339.34333990328014,211.4642291329801,,,4.746533203125,
utility_dynamic,96.0,0.1,0.05,hybrid-session-002,5.0,3787.7643529791385,910.3244928177446,,,3.55400390625,
utility_dynamic,96.0,0.1,0.05,hybrid-session-003,5.0,218.8166829291731,169.07387282699347,,,3.472998046875,
utility_dynamic,96.0,0.1,0.05,hybrid-session-004,5.0,233.1432590726763,185.0519466213882,,,3.715673828125,
utility_dynamic,96.0,0.1,0.05,hybrid-session-005,5.0,230.41266505606472,166.54339893721044,,,3.514697265625,
utility_dynamic,96.0,0.1,0.05,hybrid-session-006,5.0,237.53233812749386,185.19339845515788,,,4.05576171875,
utility_dynamic,96.0,0.1,0.05,hybrid-session-009,5.0,210.9335248824209,164.90374295972288,,,3.537255859375,
utility_dynamic,96.0,0.1,0.05,hybrid-session-010,5.0,223.78828306682408,164.14108821190894,,,3.707470703125,
utility_dynamic,96.0,0.1,0.05,hybrid-session-013,5.0,207.07651390694082,145.70637834258378,,,3.62373046875,
utility_dynamic,96.0,0.1,0.05,hybrid-session-016,5.0,172.60977299883962,140.35522835329175,,,3.7078125,
utility_dynamic,96.0,0.1,0.05,hybrid-session-020,5.0,208.00347300246358,150.3656261600554,,,3.665087890625,
utility_dynamic,96.0,0.1,0.05,hybrid-session-021,5.0,208.98670610040426,167.20941737294197,,,3.85751953125,
utility_dynamic,96.0,0.1,0.05,hybrid-session-025,5.0,207.88567117415369,148.86714643798769,,,3.725927734375,
utility_dynamic,96.0,0.1,0.05,hybrid-session-026,5.0,232.58505598641932,187.49772999435663,,,3.93955078125,
full_lru,96.0,0.1,0.1,hybrid-session-002,5.0,3994.9376739095896,904.164014570415,,,8.4,
full_lru,96.0,0.1,0.1,hybrid-session-003,5.0,153.11721805483103,117.54255099222064,,,7.6234375,
full_lru,96.0,0.1,0.1,hybrid-session-004,5.0,147.22397387959063,128.64071736112237,,,9.0234375,
full_lru,96.0,0.1,0.1,hybrid-session-005,5.0,149.07330297864974,125.41071837767959,,,8.35625,
full_lru,96.0,0.1,0.1,hybrid-session-006,5.0,186.47586996667087,136.62842833437026,,,10.4234375,
full_lru,96.0,0.1,0.1,hybrid-session-009,5.0,138.7854190543294,117.91735123842955,,,7.6125,
full_lru,96.0,0.1,0.1,hybrid-session-010,5.0,150.83024790510535,126.40179339796305,,,8.1046875,
full_lru,96.0,0.1,0.1,hybrid-session-013,5.0,144.9990610126406,120.65689656883478,,,7.6890625,
full_lru,96.0,0.1,0.1,hybrid-session-016,5.0,182.2329021524638,135.39943383075297,,,9.0671875,
full_lru,96.0,0.1,0.1,hybrid-session-020,5.0,136.79938693530858,122.64129221439362,,,8.509375,
full_lru,96.0,0.1,0.1,hybrid-session-021,5.0,174.27552095614374,131.9041750393808,,,9.296875,
full_lru,96.0,0.1,0.1,hybrid-session-025,5.0,134.69120720401406,121.18552499450743,,,8.1265625,
full_lru,96.0,0.1,0.1,hybrid-session-026,5.0,195.50979300402105,139.5585001911968,,,9.7671875,
static_best,96.0,0.1,0.1,hybrid-session-002,5.0,3710.0486089475453,870.7510671578348,,,4.37294921875,
static_best,96.0,0.1,0.1,hybrid-session-003,5.0,183.21695202030241,130.12972162105143,,,4.161376953125,
static_best,96.0,0.1,0.1,hybrid-session-004,5.0,198.50058783777058,153.51687101647258,,,4.558544921875,
static_best,96.0,0.1,0.1,hybrid-session-005,5.0,191.93296716548502,140.96971079707146,,,4.332958984375,
static_best,96.0,0.1,0.1,hybrid-session-006,5.0,204.44622007198632,156.61124303005636,,,5.06337890625,
static_best,96.0,0.1,0.1,hybrid-session-009,5.0,201.96324097923934,132.46973021887243,,,4.217431640625,
static_best,96.0,0.1,0.1,hybrid-session-010,5.0,208.36323499679565,135.93194941058755,,,4.413623046875,
static_best,96.0,0.1,0.1,hybrid-session-013,5.0,205.592209007591,138.64365643821657,,,4.31416015625,
static_best,96.0,0.1,0.1,hybrid-session-016,5.0,194.79249906726182,146.4991378132254,,,4.489501953125,
static_best,96.0,0.1,0.1,hybrid-session-020,5.0,199.77017282508314,141.93579801358283,,,4.488818359375,
static_best,96.0,0.1,0.1,hybrid-session-021,5.0,202.14092801325023,153.98032944649458,,,4.70380859375,
static_best,96.0,0.1,0.1,hybrid-session-025,5.0,172.0773559063673,133.21813698858023,,,4.422509765625,
static_best,96.0,0.1,0.1,hybrid-session-026,5.0,192.27018603123724,154.1480212006718,,,4.79677734375,
static_safe,96.0,0.1,0.1,hybrid-session-002,5.0,3573.0168242007494,859.0449888259172,,,4.37294921875,
static_safe,96.0,0.1,0.1,hybrid-session-003,5.0,211.91741107031703,147.53785743378103,,,4.161376953125,
static_safe,96.0,0.1,0.1,hybrid-session-004,5.0,195.389939006418,163.25649041682482,,,4.558544921875,
static_safe,96.0,0.1,0.1,hybrid-session-005,5.0,195.08414599113166,143.08480555191636,,,4.332958984375,
static_safe,96.0,0.1,0.1,hybrid-session-006,5.0,197.50665803439915,155.44019122608006,,,5.06337890625,
static_safe,96.0,0.1,0.1,hybrid-session-009,5.0,171.67726205661893,136.32223163731396,,,4.217431640625,
static_safe,96.0,0.1,0.1,hybrid-session-010,5.0,176.4885000884533,133.21104906499386,,,4.413623046875,
static_safe,96.0,0.1,0.1,hybrid-session-013,5.0,187.31729499995708,141.42564963549376,,,4.31416015625,
static_safe,96.0,0.1,0.1,hybrid-session-016,5.0,197.82544812187552,142.49217659235,,,4.489501953125,
static_safe,96.0,0.1,0.1,hybrid-session-020,5.0,198.5087599605322,147.5743616465479,,,4.488818359375,
static_safe,96.0,0.1,0.1,hybrid-session-021,5.0,198.45475116744637,157.0760294329375,,,4.70380859375,
static_safe,96.0,0.1,0.1,hybrid-session-025,5.0,170.63049180433154,133.24667220003903,,,4.422509765625,
static_safe,96.0,0.1,0.1,hybrid-session-026,5.0,191.3429880514741,158.72565056197345,,,4.79677734375,
uncalibrated_dynamic,96.0,0.1,0.1,hybrid-session-002,5.0,3513.935521012172,837.4945258256048,,,4.37294921875,
uncalibrated_dynamic,96.0,0.1,0.1,hybrid-session-003,5.0,226.82093107141554,157.92554304935038,,,4.161376953125,
uncalibrated_dynamic,96.0,0.1,0.1,hybrid-session-004,5.0,244.02500805445015,171.74638733267784,,,4.558544921875,
uncalibrated_dynamic,96.0,0.1,0.1,hybrid-session-005,5.0,204.39068716950715,153.39776282198727,,,4.332958984375,
uncalibrated_dynamic,96.0,0.1,0.1,hybrid-session-006,5.0,199.55054484307766,165.36232819780707,,,5.06337890625,
uncalibrated_dynamic,96.0,0.1,0.1,hybrid-session-009,5.0,193.11045994982123,149.6414506342262,,,4.217431640625,
uncalibrated_dynamic,96.0,0.1,0.1,hybrid-session-010,5.0,207.75479497388005,149.9937241896987,,,4.413623046875,
uncalibrated_dynamic,96.0,0.1,0.1,hybrid-session-013,5.0,186.2068970222026,146.6107914224267,,,4.31416015625,
uncalibrated_dynamic,96.0,0.1,0.1,hybrid-session-016,5.0,237.4796150252223,151.45637919194996,,,4.489501953125,
uncalibrated_dynamic,96.0,0.1,0.1,hybrid-session-020,5.0,207.93868601322174,147.7370291016996,,,4.488818359375,
uncalibrated_dynamic,96.0,0.1,0.1,hybrid-session-021,5.0,43886.50710912421,8902.623592007905,,,4.2451171875,
uncalibrated_dynamic,96.0,0.1,0.1,hybrid-session-025,5.0,44003.39532887563,8906.961907980964,,,4.465576171875,
uncalibrated_dynamic,96.0,0.1,0.1,hybrid-session-026,5.0,297.1031500492245,178.82646000944078,,,4.73935546875,
utility_dynamic,96.0,0.1,0.1,hybrid-session-002,5.0,3810.714758001268,888.432036805898,,,3.55400390625,
utility_dynamic,96.0,0.1,0.1,hybrid-session-003,5.0,186.27073103561997,140.84093840792775,,,3.472998046875,
utility_dynamic,96.0,0.1,0.1,hybrid-session-004,5.0,195.61236002482474,155.91921019367874,,,3.715673828125,
utility_dynamic,96.0,0.1,0.1,hybrid-session-005,5.0,196.21861400082707,141.26135865226388,,,3.514697265625,
utility_dynamic,96.0,0.1,0.1,hybrid-session-006,5.0,196.95372297428548,152.0457432139665,,,4.05576171875,
utility_dynamic,96.0,0.1,0.1,hybrid-session-009,5.0,167.93991904705763,132.20179877243936,,,3.537255859375,
utility_dynamic,96.0,0.1,0.1,hybrid-session-010,5.0,179.10415213555098,132.36481524072587,,,3.707470703125,
utility_dynamic,96.0,0.1,0.1,hybrid-session-013,5.0,182.80522502027452,135.00878438353539,,,3.62373046875,
utility_dynamic,96.0,0.1,0.1,hybrid-session-016,5.0,236.19008995592594,145.7879614084959,,,3.7078125,
utility_dynamic,96.0,0.1,0.1,hybrid-session-020,5.0,210.72828210890293,143.09863825328648,,,3.665087890625,
utility_dynamic,96.0,0.1,0.1,hybrid-session-021,5.0,195.76211809180677,151.0327564086765,,,3.85751953125,
utility_dynamic,96.0,0.1,0.1,hybrid-session-025,5.0,168.7799720093608,134.66316242702305,,,3.725927734375,
utility_dynamic,96.0,0.1,0.1,hybrid-session-026,5.0,227.3699559736997,158.07151505723596,,,3.93955078125,
full_lru,120.258,0.05,0.05,hybrid-session-002,5.0,2035.3944147937,511.98775097727776,,,8.4,
full_lru,120.258,0.05,0.05,hybrid-session-003,5.0,147.99278881400824,118.59423071146011,,,7.6234375,
full_lru,120.258,0.05,0.05,hybrid-session-004,5.0,161.44527308642864,128.76737439073622,,,9.0234375,
full_lru,120.258,0.05,0.05,hybrid-session-005,5.0,145.4750399570912,122.82807906158268,,,8.35625,
full_lru,120.258,0.05,0.05,hybrid-session-006,5.0,200.9321739897132,141.91166781820357,,,10.4234375,
full_lru,120.258,0.05,0.05,hybrid-session-009,5.0,147.23810786381364,121.21782572939992,,,7.6125,
full_lru,120.258,0.05,0.05,hybrid-session-010,5.0,152.49527688138187,126.55140003189445,,,8.1046875,
full_lru,120.258,0.05,0.05,hybrid-session-013,5.0,143.17923597991467,117.55970097146928,,,7.809375,
full_lru,120.258,0.05,0.05,hybrid-session-016,5.0,194.96690691448748,136.3567680120468,,,9.05625,
full_lru,120.258,0.05,0.05,hybrid-session-020,5.0,155.56191210635006,126.21690281666815,,,8.6625,
full_lru,120.258,0.05,0.05,hybrid-session-021,5.0,197.85377196967602,138.0042658187449,,,9.3296875,
full_lru,120.258,0.05,0.05,hybrid-session-025,5.0,137.5300840009004,124.40613340586424,,,8.1265625,
full_lru,120.258,0.05,0.05,hybrid-session-026,5.0,213.6281810235232,142.64581222087145,,,9.7671875,
static_best,120.258,0.05,0.05,hybrid-session-002,5.0,3948.972148122266,939.980287430808,,,4.37294921875,
static_best,120.258,0.05,0.05,hybrid-session-003,5.0,218.48538098856807,166.68291757814586,,,4.161376953125,
static_best,120.258,0.05,0.05,hybrid-session-004,5.0,232.60177206248045,186.0187455546111,,,4.558544921875,
static_best,120.258,0.05,0.05,hybrid-session-005,5.0,242.13364999741316,164.13932438008487,,,4.332958984375,
static_best,120.258,0.05,0.05,hybrid-session-006,5.0,237.22648108378053,190.7631262205541,,,5.06337890625,
static_best,120.258,0.05,0.05,hybrid-session-009,5.0,213.6926450766623,166.30956921726465,,,4.217431640625,
static_best,120.258,0.05,0.05,hybrid-session-010,5.0,218.60379097051919,165.28836297802627,,,4.413623046875,
static_best,120.258,0.05,0.05,hybrid-session-013,5.0,215.62254498712718,166.0080953501165,,,4.31416015625,
static_best,120.258,0.05,0.05,hybrid-session-016,5.0,217.45573286898434,166.6025996208191,,,4.489501953125,
static_best,120.258,0.05,0.05,hybrid-session-020,5.0,217.12623280473053,166.23152918182313,,,4.488818359375,
static_best,120.258,0.05,0.05,hybrid-session-021,5.0,239.2101299483329,186.41927377320826,,,4.70380859375,
static_best,120.258,0.05,0.05,hybrid-session-025,5.0,216.0757789388299,163.67089417763054,,,4.422509765625,
static_best,120.258,0.05,0.05,hybrid-session-026,5.0,210.38614097051322,180.063833668828,,,4.79677734375,
static_safe,120.258,0.05,0.05,hybrid-session-002,5.0,4007.178741041571,951.6477651894093,,,4.37294921875,
static_safe,120.258,0.05,0.05,hybrid-session-003,5.0,231.90684197470546,169.0893953666091,,,4.161376953125,
static_safe,120.258,0.05,0.05,hybrid-session-004,5.0,256.7876991815865,192.14978916570544,,,4.558544921875,
static_safe,120.258,0.05,0.05,hybrid-session-005,5.0,241.71458487398922,177.07238434813917,,,4.332958984375,
static_safe,120.258,0.05,0.05,hybrid-session-006,5.0,238.7535299640149,188.36773461662233,,,5.06337890625,
static_safe,120.258,0.05,0.05,hybrid-session-009,5.0,217.56177791394293,165.17198416404426,,,4.217431640625,
static_safe,120.258,0.05,0.05,hybrid-session-010,5.0,216.7623108252883,166.9198030140251,,,4.413623046875,
static_safe,120.258,0.05,0.05,hybrid-session-013,5.0,229.90900999866426,172.81455034390092,,,4.31416015625,
static_safe,120.258,0.05,0.05,hybrid-session-016,5.0,239.31629001162946,169.45748878642917,,,4.489501953125,
static_safe,120.258,0.05,0.05,hybrid-session-020,5.0,241.16580584086478,170.9000337868929,,,4.488818359375,
static_safe,120.258,0.05,0.05,hybrid-session-021,5.0,241.66721617802978,193.3014609850943,,,4.70380859375,
static_safe,120.258,0.05,0.05,hybrid-session-025,5.0,213.4479209780693,165.3514596633613,,,4.422509765625,
static_safe,120.258,0.05,0.05,hybrid-session-026,5.0,235.6689020525664,190.17825657501817,,,4.79677734375,
uncalibrated_dynamic,120.258,0.05,0.05,hybrid-session-002,5.0,3951.6666000708938,923.1325639877468,,,4.37294921875,
uncalibrated_dynamic,120.258,0.05,0.05,hybrid-session-003,5.0,185.76984503306448,145.30855561606586,,,4.161376953125,
uncalibrated_dynamic,120.258,0.05,0.05,hybrid-session-004,5.0,206.3837351743132,161.9923268444836,,,4.558544921875,
uncalibrated_dynamic,120.258,0.05,0.05,hybrid-session-005,5.0,196.00029988214374,143.16749856807292,,,4.332958984375,
uncalibrated_dynamic,120.258,0.05,0.05,hybrid-session-006,5.0,197.9873930104077,160.81075719557703,,,5.06337890625,
uncalibrated_dynamic,120.258,0.05,0.05,hybrid-session-009,5.0,167.26609994657338,135.73893699795008,,,4.217431640625,
uncalibrated_dynamic,120.258,0.05,0.05,hybrid-session-010,5.0,179.1682280600071,131.16042134352028,,,4.413623046875,
uncalibrated_dynamic,120.258,0.05,0.05,hybrid-session-013,5.0,185.47284184023738,141.396090015769,,,4.31416015625,
uncalibrated_dynamic,120.258,0.05,0.05,hybrid-session-016,5.0,199.1015560925007,141.8994096107781,,,4.489501953125,
uncalibrated_dynamic,120.258,0.05,0.05,hybrid-session-020,5.0,195.33029617741704,140.08471621200442,,,4.488818359375,
uncalibrated_dynamic,120.258,0.05,0.05,hybrid-session-021,5.0,228.51627692580223,165.10315439663827,,,4.70380859375,
uncalibrated_dynamic,120.258,0.05,0.05,hybrid-session-025,5.0,172.33835090883076,139.20253203250468,,,4.422509765625,
uncalibrated_dynamic,120.258,0.05,0.05,hybrid-session-026,5.0,190.70620485581458,153.2358741387725,,,4.79677734375,
utility_dynamic,120.258,0.05,0.05,hybrid-session-002,5.0,3685.744122834876,862.071042181924,,,3.55400390625,
utility_dynamic,120.258,0.05,0.05,hybrid-session-003,5.0,182.9736919607967,137.14577602222562,,,3.472998046875,
utility_dynamic,120.258,0.05,0.05,hybrid-session-004,5.0,204.09143902361393,160.73621860705316,,,3.715673828125,
utility_dynamic,120.258,0.05,0.05,hybrid-session-005,5.0,202.01391517184675,147.9672689922154,,,3.514697265625,
utility_dynamic,120.258,0.05,0.05,hybrid-session-006,5.0,196.08390820212662,151.34183247573674,,,4.05576171875,
utility_dynamic,120.258,0.05,0.05,hybrid-session-009,5.0,166.68838798068464,129.8185309395194,,,3.537255859375,
utility_dynamic,120.258,0.05,0.05,hybrid-session-010,5.0,175.77563389204443,131.76848459988832,,,3.707470703125,
utility_dynamic,120.258,0.05,0.05,hybrid-session-013,5.0,189.64563496410847,136.88889280892909,,,3.62373046875,
utility_dynamic,120.258,0.05,0.05,hybrid-session-016,5.0,197.02228996902704,138.6231807526201,,,3.7078125,
utility_dynamic,120.258,0.05,0.05,hybrid-session-020,5.0,193.1912701111287,142.11730929091573,,,3.665087890625,
utility_dynamic,120.258,0.05,0.05,hybrid-session-021,5.0,194.52428887598217,153.05083435960114,,,3.85751953125,
utility_dynamic,120.258,0.05,0.05,hybrid-session-025,5.0,177.59580607526004,138.97705250419676,,,3.725927734375,
utility_dynamic,120.258,0.05,0.05,hybrid-session-026,5.0,199.65846999548376,154.6634421683848,,,3.93955078125,
full_lru,120.258,0.05,0.1,hybrid-session-002,5.0,3948.5550629906356,884.0422635432333,,,8.4,
full_lru,120.258,0.05,0.1,hybrid-session-003,5.0,133.53601400740445,105.80733576789498,,,7.6234375,
full_lru,120.258,0.05,0.1,hybrid-session-004,5.0,153.1436829827726,117.82108978368342,,,9.0234375,
full_lru,120.258,0.05,0.1,hybrid-session-005,5.0,146.35802013799548,114.61361479014158,,,8.35625,
full_lru,120.258,0.05,0.1,hybrid-session-006,5.0,195.50957600586116,128.76083278097212,,,10.4234375,
full_lru,120.258,0.05,0.1,hybrid-session-009,5.0,146.9160569831729,104.75579034537077,,,7.6125,
full_lru,120.258,0.05,0.1,hybrid-session-010,5.0,141.7634729295969,110.23252098821104,,,8.1046875,
full_lru,120.258,0.05,0.1,hybrid-session-013,5.0,135.47282805666327,105.78904841095209,,,7.809375,
full_lru,120.258,0.05,0.1,hybrid-session-016,5.0,174.82872703112662,118.79327460192144,,,9.05625,
full_lru,120.258,0.05,0.1,hybrid-session-020,5.0,135.44354401528835,109.73897529765964,,,8.6625,
full_lru,120.258,0.05,0.1,hybrid-session-021,5.0,175.37330999039114,123.73755276203156,,,9.3296875,
full_lru,120.258,0.05,0.1,hybrid-session-025,5.0,134.92977898567915,110.84448443725705,,,8.1265625,
full_lru,120.258,0.05,0.1,hybrid-session-026,5.0,179.7696880530566,125.58439201675355,,,9.7671875,
static_best,120.258,0.05,0.1,hybrid-session-002,5.0,4044.227370992303,966.5065854322165,,,4.37294921875,
static_best,120.258,0.05,0.1,hybrid-session-003,5.0,225.45075393281877,172.23438513465226,,,4.161376953125,
static_best,120.258,0.05,0.1,hybrid-session-004,5.0,212.95044012367725,184.4068706035614,,,4.558544921875,
static_best,120.258,0.05,0.1,hybrid-session-005,5.0,240.64951995387673,176.95078700780869,,,4.332958984375,
static_best,120.258,0.05,0.1,hybrid-session-006,5.0,240.41994800791144,190.19957901909947,,,5.06337890625,
static_best,120.258,0.05,0.1,hybrid-session-009,5.0,228.27444900758564,173.43090055510402,,,4.217431640625,
static_best,120.258,0.05,0.1,hybrid-session-010,5.0,218.82527507841587,167.83319604583085,,,4.413623046875,
static_best,120.258,0.05,0.1,hybrid-session-013,5.0,207.57885184139013,166.5056993253529,,,4.31416015625,
static_best,120.258,0.05,0.1,hybrid-session-016,5.0,244.6657600812614,173.5128054395318,,,4.489501953125,
static_best,120.258,0.05,0.1,hybrid-session-020,5.0,242.80333681963384,172.710365569219,,,4.488818359375,
static_best,120.258,0.05,0.1,hybrid-session-021,5.0,244.55530010163784,187.09553540684283,,,4.70380859375,
static_best,120.258,0.05,0.1,hybrid-session-025,5.0,214.119658106938,167.42708859965205,,,4.422509765625,
static_best,120.258,0.05,0.1,hybrid-session-026,5.0,232.09100612439215,181.95971357636154,,,4.79677734375,
static_safe,120.258,0.05,0.1,hybrid-session-002,5.0,3846.6594459023327,861.1239515710622,,,4.37294921875,
static_safe,120.258,0.05,0.1,hybrid-session-003,5.0,132.84122804179788,96.19231657125056,,,4.161376953125,
static_safe,120.258,0.05,0.1,hybrid-session-004,5.0,142.55612110719085,116.62846659310162,,,4.558544921875,
static_safe,120.258,0.05,0.1,hybrid-session-005,5.0,141.99671894311905,104.27228822372854,,,4.332958984375,
static_safe,120.258,0.05,0.1,hybrid-session-006,5.0,141.78777509368956,114.14384641684592,,,5.06337890625,
static_safe,120.258,0.05,0.1,hybrid-session-009,5.0,128.15701216459274,95.5165974330157,,,4.217431640625,
static_safe,120.258,0.05,0.1,hybrid-session-010,5.0,136.2041928805411,97.32373836450279,,,4.413623046875,
static_safe,120.258,0.05,0.1,hybrid-session-013,5.0,122.2704800311476,98.83672660216689,,,4.31416015625,
static_safe,120.258,0.05,0.1,hybrid-session-016,5.0,143.22335994802415,101.69403660111129,,,4.489501953125,
static_safe,120.258,0.05,0.1,hybrid-session-020,5.0,140.05736098624766,104.61196880787611,,,4.488818359375,
static_safe,120.258,0.05,0.1,hybrid-session-021,5.0,148.72197806835175,113.01707462407649,,,4.70380859375,
static_safe,120.258,0.05,0.1,hybrid-session-025,5.0,125.77095697633922,98.49238004535437,,,4.422509765625,
static_safe,120.258,0.05,0.1,hybrid-session-026,5.0,138.60342605039477,112.64029056765139,,,4.79677734375,
uncalibrated_dynamic,120.258,0.05,0.1,hybrid-session-002,5.0,3752.2184010595083,901.4267062302679,,,4.37294921875,
uncalibrated_dynamic,120.258,0.05,0.1,hybrid-session-003,5.0,222.39855607040226,166.60371059551835,,,4.161376953125,
uncalibrated_dynamic,120.258,0.05,0.1,hybrid-session-004,5.0,225.9768289513886,185.06192439235747,,,4.558544921875,
uncalibrated_dynamic,120.258,0.05,0.1,hybrid-session-005,5.0,225.99042509682477,176.53101100586355,,,4.332958984375,
uncalibrated_dynamic,120.258,0.05,0.1,hybrid-session-006,5.0,228.5849319305271,181.8430820479989,,,5.06337890625,
uncalibrated_dynamic,120.258,0.05,0.1,hybrid-session-009,5.0,215.81307402811944,169.60032717324793,,,4.217431640625,
uncalibrated_dynamic,120.258,0.05,0.1,hybrid-session-010,5.0,218.27185386791825,165.91630559414625,,,4.413623046875,
uncalibrated_dynamic,120.258,0.05,0.1,hybrid-session-013,5.0,212.2922579292208,158.55207270942628,,,4.31416015625,
uncalibrated_dynamic,120.258,0.05,0.1,hybrid-session-016,5.0,247.35037679784,174.5898177381605,,,4.489501953125,
uncalibrated_dynamic,120.258,0.05,0.1,hybrid-session-020,5.0,239.96928799897432,171.75263077951968,,,4.488818359375,
uncalibrated_dynamic,120.258,0.05,0.1,hybrid-session-021,5.0,239.284988027066,187.47487640939653,,,4.70380859375,
uncalibrated_dynamic,120.258,0.05,0.1,hybrid-session-025,5.0,210.426279110834,164.68988182023168,,,4.422509765625,
uncalibrated_dynamic,120.258,0.05,0.1,hybrid-session-026,5.0,237.48403787612915,185.65220879390836,,,4.79677734375,
utility_dynamic,120.258,0.05,0.1,hybrid-session-002,5.0,1646.9953400082886,475.2110878471285,,,3.55400390625,
utility_dynamic,120.258,0.05,0.1,hybrid-session-003,5.0,218.76499196514487,159.2682390473783,,,3.472998046875,
utility_dynamic,120.258,0.05,0.1,hybrid-session-004,5.0,231.19430802762508,173.68147880770266,,,3.715673828125,
utility_dynamic,120.258,0.05,0.1,hybrid-session-005,5.0,231.99125798419118,162.85346196964383,,,3.514697265625,
utility_dynamic,120.258,0.05,0.1,hybrid-session-006,5.0,238.81331086158752,184.78286298923194,,,4.05576171875,
utility_dynamic,120.258,0.05,0.1,hybrid-session-009,5.0,213.71664013713598,151.71184036880732,,,3.537255859375,
utility_dynamic,120.258,0.05,0.1,hybrid-session-010,5.0,212.79920497909188,152.3673377931118,,,3.707470703125,
utility_dynamic,120.258,0.05,0.1,hybrid-session-013,5.0,216.86762408353388,158.1430216319859,,,3.62373046875,
utility_dynamic,120.258,0.05,0.1,hybrid-session-016,5.0,225.79901409335434,161.2682697828859,,,3.7078125,
utility_dynamic,120.258,0.05,0.1,hybrid-session-020,5.0,244.4587079808116,164.71274918876588,,,3.665087890625,
utility_dynamic,120.258,0.05,0.1,hybrid-session-021,5.0,234.6672099083662,179.2948005720973,,,3.85751953125,
utility_dynamic,120.258,0.05,0.1,hybrid-session-025,5.0,219.791455892846,155.44895036146045,,,3.725927734375,
utility_dynamic,120.258,0.05,0.1,hybrid-session-026,5.0,226.10512585379183,176.72883705236018,,,3.93955078125,
full_lru,120.258,0.1,0.05,hybrid-session-002,5.0,4155.617602169514,924.4461502879858,,,8.4,
full_lru,120.258,0.1,0.05,hybrid-session-003,5.0,143.57143081724644,107.89357796311378,,,7.6234375,
full_lru,120.258,0.1,0.05,hybrid-session-004,5.0,146.22993604280055,110.83410321734846,,,9.0234375,
full_lru,120.258,0.1,0.05,hybrid-session-005,5.0,149.2800449486822,106.90119173377752,,,8.35625,
full_lru,120.258,0.1,0.05,hybrid-session-006,5.0,189.7073369473219,119.81388214044273,,,10.4234375,
full_lru,120.258,0.1,0.05,hybrid-session-009,5.0,140.78858285211027,105.87386596016586,,,7.6125,
full_lru,120.258,0.1,0.05,hybrid-session-010,5.0,150.67715290933847,107.43613173253834,,,8.1046875,
full_lru,120.258,0.1,0.05,hybrid-session-013,5.0,147.5373620633036,104.5342096593231,,,7.809375,
full_lru,120.258,0.1,0.05,hybrid-session-016,5.0,179.149208124727,117.33889360912144,,,9.05625,
full_lru,120.258,0.1,0.05,hybrid-session-020,5.0,142.82321697100997,105.97212081775069,,,8.6625,
full_lru,120.258,0.1,0.05,hybrid-session-021,5.0,179.74808206781745,117.94817461632192,,,9.3296875,
full_lru,120.258,0.1,0.05,hybrid-session-025,5.0,133.73199198395014,108.42791460454464,,,8.1265625,
full_lru,120.258,0.1,0.05,hybrid-session-026,5.0,179.3549540452659,123.89847375452518,,,9.7671875,
static_best,120.258,0.1,0.05,hybrid-session-002,5.0,3930.0002581439912,938.9481636229903,,,4.37294921875,
static_best,120.258,0.1,0.05,hybrid-session-003,5.0,229.59338407963514,170.27280335314572,,,4.161376953125,
static_best,120.258,0.1,0.05,hybrid-session-004,5.0,233.66021900437772,188.6137188412249,,,4.558544921875,
static_best,120.258,0.1,0.05,hybrid-session-005,5.0,237.55853902548552,174.8990106396377,,,4.332958984375,
static_best,120.258,0.1,0.05,hybrid-session-006,5.0,235.8882778789848,188.30090695992112,,,5.06337890625,
static_best,120.258,0.1,0.05,hybrid-session-009,5.0,212.67907391302288,162.2580578085035,,,4.217431640625,
static_best,120.258,0.1,0.05,hybrid-session-010,5.0,219.4465701468289,165.49926409497857,,,4.413623046875,
static_best,120.258,0.1,0.05,hybrid-session-013,5.0,218.32813695073128,164.5497711841017,,,4.31416015625,
static_best,120.258,0.1,0.05,hybrid-session-016,5.0,244.3642639555037,174.83367356471717,,,4.489501953125,
static_best,120.258,0.1,0.05,hybrid-session-020,5.0,235.95880600623786,174.04919816181064,,,4.488818359375,
static_best,120.258,0.1,0.05,hybrid-session-021,5.0,242.77828400954604,185.52530142478645,,,4.70380859375,
static_best,120.258,0.1,0.05,hybrid-session-025,5.0,219.78667797520757,168.68496434763074,,,4.422509765625,
static_best,120.258,0.1,0.05,hybrid-session-026,5.0,215.05786199122667,183.7233405560255,,,4.79677734375,
static_safe,120.258,0.1,0.05,hybrid-session-002,5.0,3894.9480741284788,929.456827044487,,,4.37294921875,
static_safe,120.258,0.1,0.05,hybrid-session-003,5.0,219.68867117539048,165.30919382348657,,,4.161376953125,
static_safe,120.258,0.1,0.05,hybrid-session-004,5.0,247.6748931221664,186.1388964112848,,,4.558544921875,
static_safe,120.258,0.1,0.05,hybrid-session-005,5.0,229.870880022645,167.99710299819708,,,4.332958984375,
static_safe,120.258,0.1,0.05,hybrid-session-006,5.0,240.06761005148292,187.08727778866887,,,5.06337890625,
static_safe,120.258,0.1,0.05,hybrid-session-009,5.0,211.14038303494453,161.33310459554195,,,4.217431640625,
static_safe,120.258,0.1,0.05,hybrid-session-010,5.0,211.7465529590845,162.02423158101737,,,4.413623046875,
static_safe,120.258,0.1,0.05,hybrid-session-013,5.0,206.76492201164365,162.14413521811366,,,4.31416015625,
static_safe,120.258,0.1,0.05,hybrid-session-016,5.0,234.26612420007586,168.0736624635756,,,4.489501953125,
static_safe,120.258,0.1,0.05,hybrid-session-020,5.0,227.64159995131195,162.6973011996597,,,4.488818359375,
static_safe,120.258,0.1,0.05,hybrid-session-021,5.0,237.9618100821972,184.2834483832121,,,4.70380859375,
static_safe,120.258,0.1,0.05,hybrid-session-025,5.0,201.69531391002238,155.1549599505961,,,4.422509765625,
static_safe,120.258,0.1,0.05,hybrid-session-026,5.0,228.30168879590929,180.64033314585686,,,4.79677734375,
uncalibrated_dynamic,120.258,0.1,0.05,hybrid-session-002,5.0,3818.099873838946,914.7476211190224,,,4.37294921875,
uncalibrated_dynamic,120.258,0.1,0.05,hybrid-session-003,5.0,215.29807802289724,165.6384193804115,,,4.161376953125,
uncalibrated_dynamic,120.258,0.1,0.05,hybrid-session-004,5.0,260.4756229557097,198.55480436235666,,,4.558544921875,
uncalibrated_dynamic,120.258,0.1,0.05,hybrid-session-005,5.0,228.02120610140264,167.93118333444,,,4.332958984375,
uncalibrated_dynamic,120.258,0.1,0.05,hybrid-session-006,5.0,207.86491711623967,170.7964620552957,,,5.06337890625,
uncalibrated_dynamic,120.258,0.1,0.05,hybrid-session-009,5.0,208.51162890903652,163.53337159380317,,,4.217431640625,
uncalibrated_dynamic,120.258,0.1,0.05,hybrid-session-010,5.0,200.658043846488,157.1699047461152,,,4.413623046875,
uncalibrated_dynamic,120.258,0.1,0.05,hybrid-session-013,5.0,209.32539482600987,146.32595758885145,,,4.31416015625,
uncalibrated_dynamic,120.258,0.1,0.05,hybrid-session-016,5.0,213.43355486169457,150.56324237957597,,,4.489501953125,
uncalibrated_dynamic,120.258,0.1,0.05,hybrid-session-020,5.0,209.61904805153608,152.71904105320573,,,4.488818359375,
uncalibrated_dynamic,120.258,0.1,0.05,hybrid-session-021,5.0,201.1981790419668,163.13655814155936,,,4.70380859375,
uncalibrated_dynamic,120.258,0.1,0.05,hybrid-session-025,5.0,204.74822912365198,161.65238679386675,,,4.422509765625,
uncalibrated_dynamic,120.258,0.1,0.05,hybrid-session-026,5.0,220.9523560013622,184.2784275766462,,,4.79677734375,
utility_dynamic,120.258,0.1,0.05,hybrid-session-002,5.0,3727.9707030393183,902.0738129969686,,,3.55400390625,
utility_dynamic,120.258,0.1,0.05,hybrid-session-003,5.0,228.74363092705607,168.42896081507206,,,3.472998046875,
utility_dynamic,120.258,0.1,0.05,hybrid-session-004,5.0,231.81859403848648,188.77469757571816,,,3.715673828125,
utility_dynamic,120.258,0.1,0.05,hybrid-session-005,5.0,235.33090017735958,172.746403189376,,,3.514697265625,
utility_dynamic,120.258,0.1,0.05,hybrid-session-006,5.0,239.5788999274373,190.72801717557013,,,4.05576171875,
utility_dynamic,120.258,0.1,0.05,hybrid-session-009,5.0,212.84501487389207,160.80507282167673,,,3.537255859375,
utility_dynamic,120.258,0.1,0.05,hybrid-session-010,5.0,206.49355393834412,166.3041991647333,,,3.707470703125,
utility_dynamic,120.258,0.1,0.05,hybrid-session-013,5.0,203.7958379369229,159.84200281091034,,,3.62373046875,
utility_dynamic,120.258,0.1,0.05,hybrid-session-016,5.0,237.39164997823536,171.50133815594018,,,3.7078125,
utility_dynamic,120.258,0.1,0.05,hybrid-session-020,5.0,240.25884503498673,172.1423841547221,,,3.665087890625,
utility_dynamic,120.258,0.1,0.05,hybrid-session-021,5.0,244.3207900505513,191.74347836524248,,,3.85751953125,
utility_dynamic,120.258,0.1,0.05,hybrid-session-025,5.0,219.88832484930754,166.27964680083096,,,3.725927734375,
utility_dynamic,120.258,0.1,0.05,hybrid-session-026,5.0,233.99016889743507,183.14369260333478,,,3.93955078125,
full_lru,120.258,0.1,0.1,hybrid-session-002,5.0,3901.2970610056072,871.9656645786017,,,8.4,
full_lru,120.258,0.1,0.1,hybrid-session-003,5.0,147.437185049057,103.82928941398859,,,7.6234375,
full_lru,120.258,0.1,0.1,hybrid-session-004,5.0,146.18537994101644,108.48951903171837,,,9.0234375,
full_lru,120.258,0.1,0.1,hybrid-session-005,5.0,146.4276860933751,112.20122803933918,,,8.35625,
full_lru,120.258,0.1,0.1,hybrid-session-006,5.0,200.0847989693284,120.86966885253787,,,10.4234375,
full_lru,120.258,0.1,0.1,hybrid-session-009,5.0,126.96651485748589,100.4381604027003,,,7.6125,
full_lru,120.258,0.1,0.1,hybrid-session-010,5.0,150.4534708801657,106.15290133282542,,,8.1046875,
full_lru,120.258,0.1,0.1,hybrid-session-013,5.0,143.28218391165137,103.82563187740743,,,7.809375,
full_lru,120.258,0.1,0.1,hybrid-session-016,5.0,193.97991592995822,120.67135903052986,,,9.05625,
full_lru,120.258,0.1,0.1,hybrid-session-020,5.0,134.67419194057584,106.11153575591743,,,8.6625,
full_lru,120.258,0.1,0.1,hybrid-session-021,5.0,175.56305788457394,117.98823461867869,,,9.3296875,
full_lru,120.258,0.1,0.1,hybrid-session-025,5.0,134.69021394848824,111.09792338684201,,,8.1265625,
full_lru,120.258,0.1,0.1,hybrid-session-026,5.0,179.76984498091042,124.95888955891132,,,9.7671875,
static_best,120.258,0.1,0.1,hybrid-session-002,5.0,3696.0385041311383,895.8394356071949,,,4.37294921875,
static_best,120.258,0.1,0.1,hybrid-session-003,5.0,229.68628304079175,163.8404649682343,,,4.161376953125,
static_best,120.258,0.1,0.1,hybrid-session-004,5.0,237.18580603599548,190.34130396321416,,,4.558544921875,
static_best,120.258,0.1,0.1,hybrid-session-005,5.0,241.92560510709882,173.68527366779745,,,4.332958984375,
static_best,120.258,0.1,0.1,hybrid-session-006,5.0,240.94786308705807,189.33854093775153,,,5.06337890625,
static_best,120.258,0.1,0.1,hybrid-session-009,5.0,219.04767490923405,164.19731336645782,,,4.217431640625,
static_best,120.258,0.1,0.1,hybrid-session-010,5.0,217.75560802780092,172.45150096714497,,,4.413623046875,
static_best,120.258,0.1,0.1,hybrid-session-013,5.0,205.23886289447546,163.63273239694536,,,4.31416015625,
static_best,120.258,0.1,0.1,hybrid-session-016,5.0,236.93825607188046,175.78105507418513,,,4.489501953125,
static_best,120.258,0.1,0.1,hybrid-session-020,5.0,228.74167701229453,169.9738543946296,,,4.488818359375,
static_best,120.258,0.1,0.1,hybrid-session-021,5.0,236.52635607868433,186.19614718481898,,,4.70380859375,
static_best,120.258,0.1,0.1,hybrid-session-025,5.0,211.70761995017529,160.8685600105673,,,4.422509765625,
static_best,120.258,0.1,0.1,hybrid-session-026,5.0,206.91817603074014,183.83627673611045,,,4.79677734375,
static_safe,120.258,0.1,0.1,hybrid-session-002,5.0,3861.318111186847,928.468671021983,,,4.37294921875,
static_safe,120.258,0.1,0.1,hybrid-session-003,5.0,229.0425980463624,172.10578597150743,,,4.161376953125,
static_safe,120.258,0.1,0.1,hybrid-session-004,5.0,230.97461485303938,183.9984301943332,,,4.558544921875,
static_safe,120.258,0.1,0.1,hybrid-session-005,5.0,237.071085954085,174.7853613924235,,,4.332958984375,
static_safe,120.258,0.1,0.1,hybrid-session-006,5.0,239.35188702307642,189.25502682104707,,,5.06337890625,
static_safe,120.258,0.1,0.1,hybrid-session-009,5.0,208.85450509376824,160.33546174876392,,,4.217431640625,
static_safe,120.258,0.1,0.1,hybrid-session-010,5.0,214.47325381450355,165.12417891062796,,,4.413623046875,
static_safe,120.258,0.1,0.1,hybrid-session-013,5.0,208.54350086301565,149.523861752823,,,4.31416015625,
static_safe,120.258,0.1,0.1,hybrid-session-016,5.0,212.2895708307624,151.1843559332192,,,4.489501953125,
static_safe,120.258,0.1,0.1,hybrid-session-020,5.0,208.54976982809603,151.60315479151905,,,4.488818359375,
static_safe,120.258,0.1,0.1,hybrid-session-021,5.0,207.49432616867125,164.73631309345365,,,4.70380859375,
static_safe,120.258,0.1,0.1,hybrid-session-025,5.0,207.16434996575117,145.22384339943528,,,4.422509765625,
static_safe,120.258,0.1,0.1,hybrid-session-026,5.0,231.7141320090741,181.31951773539186,,,4.79677734375,
uncalibrated_dynamic,120.258,0.1,0.1,hybrid-session-002,5.0,3973.3067750930786,948.0592830106616,,,4.37294921875,
uncalibrated_dynamic,120.258,0.1,0.1,hybrid-session-003,5.0,218.51090900599957,168.87937462888658,,,4.161376953125,
uncalibrated_dynamic,120.258,0.1,0.1,hybrid-session-004,5.0,235.6127540115267,178.04959416389465,,,4.558544921875,
uncalibrated_dynamic,120.258,0.1,0.1,hybrid-session-005,5.0,234.13765709847212,171.19086598977447,,,4.332958984375,
uncalibrated_dynamic,120.258,0.1,0.1,hybrid-session-006,5.0,239.49826299212873,185.02258155494928,,,5.06337890625,
uncalibrated_dynamic,120.258,0.1,0.1,hybrid-session-009,5.0,213.59441289678216,161.6479644086212,,,4.217431640625,
uncalibrated_dynamic,120.258,0.1,0.1,hybrid-session-010,5.0,211.41168917529285,165.57083106599748,,,4.413623046875,
uncalibrated_dynamic,120.258,0.1,0.1,hybrid-session-013,5.0,215.49007017165422,165.84093067795038,,,4.31416015625,
uncalibrated_dynamic,120.258,0.1,0.1,hybrid-session-016,5.0,244.01032901369035,173.88429096899927,,,4.489501953125,
uncalibrated_dynamic,120.258,0.1,0.1,hybrid-session-020,5.0,235.64615310169756,171.2328310124576,,,4.488818359375,
uncalibrated_dynamic,120.258,0.1,0.1,hybrid-session-021,5.0,237.04759101383388,188.76243932172656,,,4.70380859375,
uncalibrated_dynamic,120.258,0.1,0.1,hybrid-session-025,5.0,209.5992579124868,160.7292396016419,,,4.422509765625,
uncalibrated_dynamic,120.258,0.1,0.1,hybrid-session-026,5.0,233.16566203720868,187.25989935919642,,,4.79677734375,
utility_dynamic,120.258,0.1,0.1,hybrid-session-002,5.0,3657.761578913778,885.4738777503371,,,3.55400390625,
utility_dynamic,120.258,0.1,0.1,hybrid-session-003,5.0,213.9290098566562,167.17037791386247,,,3.472998046875,
utility_dynamic,120.258,0.1,0.1,hybrid-session-004,5.0,231.33973707444966,189.44613155908883,,,3.715673828125,
utility_dynamic,120.258,0.1,0.1,hybrid-session-005,5.0,230.99702899344265,171.1829800158739,,,3.514697265625,
utility_dynamic,120.258,0.1,0.1,hybrid-session-006,5.0,229.6657778788358,182.96537771821022,,,4.05576171875,
utility_dynamic,120.258,0.1,0.1,hybrid-session-009,5.0,202.4694150313735,159.50212199240923,,,3.537255859375,
utility_dynamic,120.258,0.1,0.1,hybrid-session-010,5.0,204.18871310539544,157.85200307145715,,,3.707470703125,
utility_dynamic,120.258,0.1,0.1,hybrid-session-013,5.0,237.53616609610617,172.22241661511362,,,3.62373046875,
utility_dynamic,120.258,0.1,0.1,hybrid-session-016,5.0,229.6080980449915,162.90009319782257,,,3.7078125,
utility_dynamic,120.258,0.1,0.1,hybrid-session-020,5.0,227.90548391640186,173.05270158685744,,,3.665087890625,
utility_dynamic,120.258,0.1,0.1,hybrid-session-021,5.0,238.33055282011628,187.29090662673116,,,3.85751953125,
utility_dynamic,120.258,0.1,0.1,hybrid-session-025,5.0,207.6596941333264,160.48298361711204,,,3.725927734375,
utility_dynamic,120.258,0.1,0.1,hybrid-session-026,5.0,220.4085609409958,187.98947855830193,,,3.93955078125,
full_lru,469.602,0.05,0.05,hybrid-session-002,5.0,3163.938991026953,702.5101711973548,,,9.0125,
full_lru,469.602,0.05,0.05,hybrid-session-003,5.0,93.22132682427764,75.83228377625346,,,8.0828125,
full_lru,469.602,0.05,0.05,hybrid-session-004,5.0,95.24875320494175,81.62210420705378,,,9.3296875,
full_lru,469.602,0.05,0.05,hybrid-session-005,5.0,90.18317796289921,78.83372879587114,,,8.96875,
full_lru,469.602,0.05,0.05,hybrid-session-006,5.0,101.43024381250143,83.06891992688179,,,10.740625,
full_lru,469.602,0.05,0.05,hybrid-session-009,5.0,95.44940595515072,77.15552519075572,,,8.09375,
full_lru,469.602,0.05,0.05,hybrid-session-010,5.0,99.4627051986754,77.95159756205976,,,8.4328125,
full_lru,469.602,0.05,0.05,hybrid-session-013,5.0,100.0718919094652,81.3975851982832,,,8.246875,
full_lru,469.602,0.05,0.05,hybrid-session-016,5.0,121.32244510576129,83.93100430257618,,,9.1328125,
full_lru,469.602,0.05,0.05,hybrid-session-020,5.0,96.91551513969898,80.55983297526836,,,9.1546875,
full_lru,469.602,0.05,0.05,hybrid-session-021,5.0,110.6276260688901,86.81167480535805,,,9.49375,
full_lru,469.602,0.05,0.05,hybrid-session-025,5.0,109.0671718120575,88.37948353029788,,,8.3890625,
full_lru,469.602,0.05,0.05,hybrid-session-026,5.0,108.28221286647022,91.6154817212373,,,9.646875,
static_best,469.602,0.05,0.05,hybrid-session-002,5.0,3882.709776982665,911.5120862144977,,,4.37294921875,
static_best,469.602,0.05,0.05,hybrid-session-003,5.0,215.9365841653198,153.57729839161038,,,4.161376953125,
static_best,469.602,0.05,0.05,hybrid-session-004,5.0,210.1520630531013,180.20652425475419,,,4.558544921875,
static_best,469.602,0.05,0.05,hybrid-session-005,5.0,238.49320597946644,172.2317616455257,,,4.332958984375,
static_best,469.602,0.05,0.05,hybrid-session-006,5.0,238.18165413103998,187.13467880152166,,,5.06337890625,
static_best,469.602,0.05,0.05,hybrid-session-009,5.0,213.89988902956247,166.52002334594727,,,4.217431640625,
static_best,469.602,0.05,0.05,hybrid-session-010,5.0,219.38950708135962,162.6101260073483,,,4.413623046875,
static_best,469.602,0.05,0.05,hybrid-session-013,5.0,205.65382880158722,164.12262511439621,,,4.31416015625,
static_best,469.602,0.05,0.05,hybrid-session-016,5.0,235.51382799632847,173.3410969376564,,,4.489501953125,
static_best,469.602,0.05,0.05,hybrid-session-020,5.0,204.7385040204972,162.20838902518153,,,4.488818359375,
static_best,469.602,0.05,0.05,hybrid-session-021,5.0,242.97870020382106,182.02696130611002,,,4.70380859375,
static_best,469.602,0.05,0.05,hybrid-session-025,5.0,210.2247360162437,151.05607635341585,,,4.422509765625,
static_best,469.602,0.05,0.05,hybrid-session-026,5.0,234.5209689810872,171.13001039251685,,,4.79677734375,
static_safe,469.602,0.05,0.05,hybrid-session-002,5.0,3775.865000905469,890.6412717420608,,,4.37294921875,
static_safe,469.602,0.05,0.05,hybrid-session-003,5.0,212.22611493431032,143.4052821714431,,,4.161376953125,
static_safe,469.602,0.05,0.05,hybrid-session-004,5.0,228.50877698510885,165.57258241809905,,,4.558544921875,
static_safe,469.602,0.05,0.05,hybrid-session-005,5.0,242.6356067880988,153.65333734080195,,,4.332958984375,
static_safe,469.602,0.05,0.05,hybrid-session-006,5.0,231.93235299549997,160.5057844426483,,,5.06337890625,
static_safe,469.602,0.05,0.05,hybrid-session-009,5.0,192.05559906549752,143.04260914213955,,,4.217431640625,
static_safe,469.602,0.05,0.05,hybrid-session-010,5.0,205.02675091847777,139.78524757549167,,,4.413623046875,
static_safe,469.602,0.05,0.05,hybrid-session-013,5.0,210.05570283159614,141.7788878083229,,,4.31416015625,
static_safe,469.602,0.05,0.05,hybrid-session-016,5.0,200.78930188901722,145.5587374046445,,,4.489501953125,
static_safe,469.602,0.05,0.05,hybrid-session-020,5.0,196.73064490780234,145.816222531721,,,4.488818359375,
static_safe,469.602,0.05,0.05,hybrid-session-021,5.0,197.94753892347217,160.18541031517088,,,4.70380859375,
static_safe,469.602,0.05,0.05,hybrid-session-025,5.0,204.6758639626205,147.27707644924521,,,4.422509765625,
static_safe,469.602,0.05,0.05,hybrid-session-026,5.0,205.8967889752239,160.71997610852122,,,4.79677734375,
uncalibrated_dynamic,469.602,0.05,0.05,hybrid-session-002,5.0,3821.360195055604,886.987364012748,,,4.37294921875,
uncalibrated_dynamic,469.602,0.05,0.05,hybrid-session-003,5.0,183.21378412656486,145.21586168557405,,,4.161376953125,
uncalibrated_dynamic,469.602,0.05,0.05,hybrid-session-004,5.0,203.21679790504277,159.7822575364262,,,4.558544921875,
uncalibrated_dynamic,469.602,0.05,0.05,hybrid-session-005,5.0,193.7247810419649,143.98165387101471,,,4.332958984375,
uncalibrated_dynamic,469.602,0.05,0.05,hybrid-session-006,5.0,198.08769808150828,156.51673576794565,,,5.06337890625,
uncalibrated_dynamic,469.602,0.05,0.05,hybrid-session-009,5.0,172.0610661432147,139.99568806029856,,,4.217431640625,
uncalibrated_dynamic,469.602,0.05,0.05,hybrid-session-010,5.0,175.38073100149632,136.91450580954552,,,4.413623046875,
uncalibrated_dynamic,469.602,0.05,0.05,hybrid-session-013,5.0,220.60038102790713,143.8302197959274,,,4.31416015625,
uncalibrated_dynamic,469.602,0.05,0.05,hybrid-session-016,5.0,230.5893381126225,142.11910422891378,,,4.489501953125,
uncalibrated_dynamic,469.602,0.05,0.05,hybrid-session-020,5.0,192.85391294397414,137.87437262944877,,,4.488818359375,
uncalibrated_dynamic,469.602,0.05,0.05,hybrid-session-021,5.0,199.85411781817675,147.9410505387932,,,4.70380859375,
uncalibrated_dynamic,469.602,0.05,0.05,hybrid-session-025,5.0,168.9532441087067,127.4537751916796,,,4.422509765625,
uncalibrated_dynamic,469.602,0.05,0.05,hybrid-session-026,5.0,191.8178249616176,146.98754381388426,,,4.79677734375,
utility_dynamic,469.602,0.05,0.05,hybrid-session-002,5.0,3767.615607008338,902.5751980021596,,,3.55400390625,
utility_dynamic,469.602,0.05,0.05,hybrid-session-003,5.0,216.02794690988958,169.27754692733288,,,3.472998046875,
utility_dynamic,469.602,0.05,0.05,hybrid-session-004,5.0,230.36625306122005,185.93963314779103,,,3.715673828125,
utility_dynamic,469.602,0.05,0.05,hybrid-session-005,5.0,226.2713280506432,167.09646279923618,,,3.514697265625,
utility_dynamic,469.602,0.05,0.05,hybrid-session-006,5.0,240.89696304872632,185.78808601014316,,,4.05576171875,
utility_dynamic,469.602,0.05,0.05,hybrid-session-009,5.0,204.02281498536468,150.07419767789543,,,3.537255859375,
utility_dynamic,469.602,0.05,0.05,hybrid-session-010,5.0,210.8416771516204,156.8651963956654,,,3.707470703125,
utility_dynamic,469.602,0.05,0.05,hybrid-session-013,5.0,222.41831989958882,159.50788776390254,,,3.62373046875,
utility_dynamic,469.602,0.05,0.05,hybrid-session-016,5.0,227.188654942438,164.5191707648337,,,3.7078125,
utility_dynamic,469.602,0.05,0.05,hybrid-session-020,5.0,233.1627239473164,170.5480811651796,,,3.665087890625,
utility_dynamic,469.602,0.05,0.05,hybrid-session-021,5.0,232.5903179589659,187.2957056388259,,,3.85751953125,
utility_dynamic,469.602,0.05,0.05,hybrid-session-025,5.0,216.99000895023346,157.11668077856302,,,3.725927734375,
utility_dynamic,469.602,0.05,0.05,hybrid-session-026,5.0,226.43952001817524,175.52033849060535,,,3.93955078125,
full_lru,469.602,0.05,0.1,hybrid-session-002,5.0,4195.654951967299,919.1665322054178,,,9.0125,
full_lru,469.602,0.05,0.1,hybrid-session-003,5.0,114.95562409982085,95.48317636363208,,,8.0828125,
full_lru,469.602,0.05,0.1,hybrid-session-004,5.0,104.02417019940913,94.73912161774933,,,9.3296875,
full_lru,469.602,0.05,0.1,hybrid-session-005,5.0,109.09358295612037,96.7018764000386,,,8.96875,
full_lru,469.602,0.05,0.1,hybrid-session-006,5.0,114.89967489615083,96.06192712672055,,,10.740625,
full_lru,469.602,0.05,0.1,hybrid-session-009,5.0,104.0844819508493,93.45356957055628,,,8.09375,
full_lru,469.602,0.05,0.1,hybrid-session-010,5.0,95.91431100852787,91.03294862434268,,,8.4328125,
full_lru,469.602,0.05,0.1,hybrid-session-013,5.0,109.34441885910928,95.66646893508732,,,8.246875,
full_lru,469.602,0.05,0.1,hybrid-session-016,5.0,112.05686186440289,96.18634236976504,,,9.1328125,
full_lru,469.602,0.05,0.1,hybrid-session-020,5.0,111.39374901540577,97.00617277994752,,,9.1546875,
full_lru,469.602,0.05,0.1,hybrid-session-021,5.0,117.05239000730217,98.20868643000722,,,9.49375,
full_lru,469.602,0.05,0.1,hybrid-session-025,5.0,105.67549406550825,93.04043678566813,,,8.3890625,
full_lru,469.602,0.05,0.1,hybrid-session-026,5.0,104.56745303235948,92.01527396216989,,,9.646875,
static_best,469.602,0.05,0.1,hybrid-session-002,5.0,3780.1795210689306,885.6084361672401,,,4.37294921875,
static_best,469.602,0.05,0.1,hybrid-session-003,5.0,192.95061007142067,139.762223046273,,,4.161376953125,
static_best,469.602,0.05,0.1,hybrid-session-004,5.0,195.30306989327073,156.9275735411793,,,4.558544921875,
static_best,469.602,0.05,0.1,hybrid-session-005,5.0,200.1902509946376,145.65033745020628,,,4.332958984375,
static_best,469.602,0.05,0.1,hybrid-session-006,5.0,197.38486409187317,155.6467784103006,,,5.06337890625,
static_best,469.602,0.05,0.1,hybrid-session-009,5.0,169.08856108784676,133.23509120382369,,,4.217431640625,
static_best,469.602,0.05,0.1,hybrid-session-010,5.0,180.32130296342075,134.02901818044484,,,4.413623046875,
static_best,469.602,0.05,0.1,hybrid-session-013,5.0,190.34384307451546,135.71971617639065,,,4.31416015625,
static_best,469.602,0.05,0.1,hybrid-session-016,5.0,239.55659894272685,147.99135685898364,,,4.489501953125,
static_best,469.602,0.05,0.1,hybrid-session-020,5.0,202.28600106202066,141.5945904329419,,,4.488818359375,
static_best,469.602,0.05,0.1,hybrid-session-021,5.0,196.64531503804028,154.9033127259463,,,4.70380859375,
static_best,469.602,0.05,0.1,hybrid-session-025,5.0,175.5257761105895,135.21048445254564,,,4.422509765625,
static_best,469.602,0.05,0.1,hybrid-session-026,5.0,195.83547092042863,153.5701252054423,,,4.79677734375,
static_safe,469.602,0.05,0.1,hybrid-session-002,5.0,3680.7309959549457,863.0740733351558,,,4.37294921875,
static_safe,469.602,0.05,0.1,hybrid-session-003,5.0,185.0880531128496,135.38450822234154,,,4.161376953125,
static_safe,469.602,0.05,0.1,hybrid-session-004,5.0,193.7061680946499,154.18977923691273,,,4.558544921875,
static_safe,469.602,0.05,0.1,hybrid-session-005,5.0,194.4612271618098,143.63788021728396,,,4.332958984375,
static_safe,469.602,0.05,0.1,hybrid-session-006,5.0,197.37858907319605,153.11940941028297,,,5.06337890625,
static_safe,469.602,0.05,0.1,hybrid-session-009,5.0,174.3295642081648,134.77599364705384,,,4.217431640625,
static_safe,469.602,0.05,0.1,hybrid-session-010,5.0,177.07278509624302,134.24785239621997,,,4.413623046875,
static_safe,469.602,0.05,0.1,hybrid-session-013,5.0,185.13105204328895,136.11916480585933,,,4.31416015625,
static_safe,469.602,0.05,0.1,hybrid-session-016,5.0,230.63689516857266,145.91761361807585,,,4.489501953125,
static_safe,469.602,0.05,0.1,hybrid-session-020,5.0,230.25077697820961,147.09009677171707,,,4.488818359375,
static_safe,469.602,0.05,0.1,hybrid-session-021,5.0,202.4630990345031,153.64342364482582,,,4.70380859375,
static_safe,469.602,0.05,0.1,hybrid-session-025,5.0,202.53704697825015,139.80467659421265,,,4.422509765625,
static_safe,469.602,0.05,0.1,hybrid-session-026,5.0,188.55286110192537,150.82629839889705,,,4.79677734375,
uncalibrated_dynamic,469.602,0.05,0.1,hybrid-session-002,5.0,3595.9396259859204,845.8727990277112,,,4.37294921875,
uncalibrated_dynamic,469.602,0.05,0.1,hybrid-session-003,5.0,187.7271318808198,139.06611939892173,,,4.161376953125,
uncalibrated_dynamic,469.602,0.05,0.1,hybrid-session-004,5.0,197.57948792539537,156.5702376421541,,,4.558544921875,
uncalibrated_dynamic,469.602,0.05,0.1,hybrid-session-005,5.0,197.29735585860908,142.28383703157306,,,4.332958984375,
uncalibrated_dynamic,469.602,0.05,0.1,hybrid-session-006,5.0,196.82431197725236,155.4171501658857,,,5.06337890625,
uncalibrated_dynamic,469.602,0.05,0.1,hybrid-session-009,5.0,168.08356600813568,131.9585686083883,,,4.217431640625,
uncalibrated_dynamic,469.602,0.05,0.1,hybrid-session-010,5.0,177.64332820661366,134.71063524484634,,,4.413623046875,
uncalibrated_dynamic,469.602,0.05,0.1,hybrid-session-013,5.0,181.95752101019025,136.39121209271252,,,4.31416015625,
uncalibrated_dynamic,469.602,0.05,0.1,hybrid-session-016,5.0,202.30368711054325,139.85640602186322,,,4.489501953125,
uncalibrated_dynamic,469.602,0.05,0.1,hybrid-session-020,5.0,200.96549694426358,141.74371943809092,,,4.488818359375,
uncalibrated_dynamic,469.602,0.05,0.1,hybrid-session-021,5.0,204.015543917194,168.4813840314746,,,4.70380859375,
uncalibrated_dynamic,469.602,0.05,0.1,hybrid-session-025,5.0,204.07489011995494,148.7822836264968,,,4.422509765625,
uncalibrated_dynamic,469.602,0.05,0.1,hybrid-session-026,5.0,194.07678488641977,154.6162793878466,,,4.79677734375,
utility_dynamic,469.602,0.05,0.1,hybrid-session-002,5.0,3904.4064150657505,908.259986853227,,,3.55400390625,
utility_dynamic,469.602,0.05,0.1,hybrid-session-003,5.0,189.61364892311394,140.0954069569707,,,3.472998046875,
utility_dynamic,469.602,0.05,0.1,hybrid-session-004,5.0,198.61377705819905,156.93891099654138,,,3.715673828125,
utility_dynamic,469.602,0.05,0.1,hybrid-session-005,5.0,191.37526885606349,140.46826418489218,,,3.514697265625,
utility_dynamic,469.602,0.05,0.1,hybrid-session-006,5.0,195.5202710814774,153.5114782396704,,,4.05576171875,
utility_dynamic,469.602,0.05,0.1,hybrid-session-009,5.0,170.28561211191118,131.2955942004919,,,3.537255859375,
utility_dynamic,469.602,0.05,0.1,hybrid-session-010,5.0,175.7182450965047,137.05918663181365,,,3.707470703125,
utility_dynamic,469.602,0.05,0.1,hybrid-session-013,5.0,187.43406608700752,144.53536793589592,,,3.62373046875,
utility_dynamic,469.602,0.05,0.1,hybrid-session-016,5.0,207.05964579246938,151.11780688166618,,,3.7078125,
utility_dynamic,469.602,0.05,0.1,hybrid-session-020,5.0,211.46735502406955,150.87410905398428,,,3.665087890625,
utility_dynamic,469.602,0.05,0.1,hybrid-session-021,5.0,206.36531081981957,162.682128790766,,,3.85751953125,
utility_dynamic,469.602,0.05,0.1,hybrid-session-025,5.0,178.86742996051908,142.6555703394115,,,3.725927734375,
utility_dynamic,469.602,0.05,0.1,hybrid-session-026,5.0,206.00321982055902,158.18938803859055,,,3.93955078125,
full_lru,469.602,0.1,0.05,hybrid-session-002,5.0,3984.9970820359886,862.0998168364167,,,9.0125,
full_lru,469.602,0.1,0.05,hybrid-session-003,5.0,101.49118886329234,81.0547195840627,,,8.0828125,
full_lru,469.602,0.1,0.05,hybrid-session-004,5.0,102.76408796198666,84.15891439653933,,,9.3296875,
full_lru,469.602,0.1,0.05,hybrid-session-005,5.0,105.32061499543488,85.1053724065423,,,8.96875,
full_lru,469.602,0.1,0.05,hybrid-session-006,5.0,100.48487898893654,79.33735460974276,,,10.740625,
full_lru,469.602,0.1,0.05,hybrid-session-009,5.0,94.05689896084368,77.01098737306893,,,8.09375,
full_lru,469.602,0.1,0.05,hybrid-session-010,5.0,90.90328100137413,77.8381104581058,,,8.4328125,
full_lru,469.602,0.1,0.05,hybrid-session-013,5.0,96.50911903008819,77.88940640166402,,,8.246875,
full_lru,469.602,0.1,0.05,hybrid-session-016,5.0,97.18753397464752,85.58557736687362,,,9.1328125,
full_lru,469.602,0.1,0.05,hybrid-session-020,5.0,96.61302901804447,83.65050498396158,,,9.1546875,
full_lru,469.602,0.1,0.05,hybrid-session-021,5.0,99.79096404276788,87.78469283133745,,,9.49375,
full_lru,469.602,0.1,0.05,hybrid-session-025,5.0,93.15411886200309,83.31351689994335,,,8.3890625,
full_lru,469.602,0.1,0.05,hybrid-session-026,5.0,84.70068103633821,81.79852226749063,,,9.646875,
static_best,469.602,0.1,0.05,hybrid-session-002,5.0,3876.389187062159,922.3147866781801,,,4.37294921875,
static_best,469.602,0.1,0.05,hybrid-session-003,5.0,215.96475993283093,161.4570409990847,,,4.161376953125,
static_best,469.602,0.1,0.05,hybrid-session-004,5.0,241.4519579615444,190.11332518421113,,,4.558544921875,
static_best,469.602,0.1,0.05,hybrid-session-005,5.0,198.7185818143189,156.61896355450153,,,4.332958984375,
static_best,469.602,0.1,0.05,hybrid-session-006,5.0,251.51191116310656,181.68432102538645,,,5.06337890625,
static_best,469.602,0.1,0.05,hybrid-session-009,5.0,220.1165040023625,157.46691678650677,,,4.217431640625,
static_best,469.602,0.1,0.05,hybrid-session-010,5.0,208.89348699711263,154.38668802380562,,,4.413623046875,
static_best,469.602,0.1,0.05,hybrid-session-013,5.0,218.24753587134182,159.63379070162773,,,4.31416015625,
static_best,469.602,0.1,0.05,hybrid-session-016,5.0,243.03063680417836,163.29940194264054,,,4.489501953125,
static_best,469.602,0.1,0.05,hybrid-session-020,5.0,232.67937102355063,162.41143699735403,,,4.488818359375,
static_best,469.602,0.1,0.05,hybrid-session-021,5.0,239.93532010354102,178.8692666683346,,,4.70380859375,
static_best,469.602,0.1,0.05,hybrid-session-025,5.0,195.55422919802368,148.64721139892936,,,4.422509765625,
static_best,469.602,0.1,0.05,hybrid-session-026,5.0,228.50962588563561,170.0536911841482,,,4.79677734375,
static_safe,469.602,0.1,0.05,hybrid-session-002,5.0,3738.4467979427427,873.3837970066816,,,4.37294921875,
static_safe,469.602,0.1,0.05,hybrid-session-003,5.0,187.75332695804536,139.71455018036067,,,4.161376953125,
static_safe,469.602,0.1,0.05,hybrid-session-004,5.0,191.41475204378366,157.93187343515456,,,4.558544921875,
static_safe,469.602,0.1,0.05,hybrid-session-005,5.0,192.72111007012427,142.32471846044064,,,4.332958984375,
static_safe,469.602,0.1,0.05,hybrid-session-006,5.0,196.13470393233,153.71085219085217,,,5.06337890625,
static_safe,469.602,0.1,0.05,hybrid-session-009,5.0,168.13687095418572,131.7454094067216,,,4.217431640625,
static_safe,469.602,0.1,0.05,hybrid-session-010,5.0,174.90897281095386,131.63486029952765,,,4.413623046875,
static_safe,469.602,0.1,0.05,hybrid-session-013,5.0,196.68605783954263,138.68181663565338,,,4.31416015625,
static_safe,469.602,0.1,0.05,hybrid-session-016,5.0,202.2303498815745,141.5835696272552,,,4.489501953125,
static_safe,469.602,0.1,0.05,hybrid-session-020,5.0,197.49208795838058,142.1272085979581,,,4.488818359375,
static_safe,469.602,0.1,0.05,hybrid-session-021,5.0,200.25265589356422,161.41706639900804,,,4.70380859375,
static_safe,469.602,0.1,0.05,hybrid-session-025,5.0,169.93313608691096,132.64091820456088,,,4.422509765625,
static_safe,469.602,0.1,0.05,hybrid-session-026,5.0,196.64844404906034,153.95581759512424,,,4.79677734375,
uncalibrated_dynamic,469.602,0.1,0.05,hybrid-session-002,5.0,3660.690481076017,869.6132752113044,,,4.37294921875,
uncalibrated_dynamic,469.602,0.1,0.05,hybrid-session-003,5.0,211.09934500418603,145.1233500149101,,,4.161376953125,
uncalibrated_dynamic,469.602,0.1,0.05,hybrid-session-004,5.0,200.40814601816237,163.3823220152408,,,4.558544921875,
uncalibrated_dynamic,469.602,0.1,0.05,hybrid-session-005,5.0,197.24651286378503,149.8211921658367,,,4.332958984375,
uncalibrated_dynamic,469.602,0.1,0.05,hybrid-session-006,5.0,197.47409992851317,144.05980873852968,,,5.06337890625,
uncalibrated_dynamic,469.602,0.1,0.05,hybrid-session-009,5.0,173.3366099651903,134.7851957194507,,,4.217431640625,
uncalibrated_dynamic,469.602,0.1,0.05,hybrid-session-010,5.0,179.66037709265947,134.5249094069004,,,4.413623046875,
uncalibrated_dynamic,469.602,0.1,0.05,hybrid-session-013,5.0,187.3872319702059,140.37039522081614,,,4.31416015625,
uncalibrated_dynamic,469.602,0.1,0.05,hybrid-session-016,5.0,202.38340995274484,147.9192702099681,,,4.489501953125,
uncalibrated_dynamic,469.602,0.1,0.05,hybrid-session-020,5.0,196.21762493625283,148.4750873874873,,,4.488818359375,
uncalibrated_dynamic,469.602,0.1,0.05,hybrid-session-021,5.0,198.640211019665,160.7387499883771,,,4.70380859375,
uncalibrated_dynamic,469.602,0.1,0.05,hybrid-session-025,5.0,206.71809604391456,141.5052279829979,,,4.422509765625,
uncalibrated_dynamic,469.602,0.1,0.05,hybrid-session-026,5.0,190.22306590341032,155.2202650345862,,,4.79677734375,
utility_dynamic,469.602,0.1,0.05,hybrid-session-002,5.0,3761.0557498410344,886.2363367341459,,,3.55400390625,
utility_dynamic,469.602,0.1,0.05,hybrid-session-003,5.0,184.6313290297985,143.25722064822912,,,3.472998046875,
utility_dynamic,469.602,0.1,0.05,hybrid-session-004,5.0,198.27448506839573,160.88053644634783,,,3.715673828125,
utility_dynamic,469.602,0.1,0.05,hybrid-session-005,5.0,198.3993521425873,147.5220626220107,,,3.514697265625,
utility_dynamic,469.602,0.1,0.05,hybrid-session-006,5.0,204.8406230751425,160.63693021424115,,,4.05576171875,
utility_dynamic,469.602,0.1,0.05,hybrid-session-009,5.0,172.04074119217694,133.33999128080904,,,3.537255859375,
utility_dynamic,469.602,0.1,0.05,hybrid-session-010,5.0,182.64547386206686,137.54753419198096,,,3.707470703125,
utility_dynamic,469.602,0.1,0.05,hybrid-session-013,5.0,191.37138104997575,136.91413179039955,,,3.62373046875,
utility_dynamic,469.602,0.1,0.05,hybrid-session-016,5.0,237.60870704427361,153.821309376508,,,3.7078125,
utility_dynamic,469.602,0.1,0.05,hybrid-session-020,5.0,197.2546388860792,147.22676295787096,,,3.665087890625,
utility_dynamic,469.602,0.1,0.05,hybrid-session-021,5.0,200.3146968781948,160.9137173742056,,,3.85751953125,
utility_dynamic,469.602,0.1,0.05,hybrid-session-025,5.0,175.54554110392928,141.4669300429523,,,3.725927734375,
utility_dynamic,469.602,0.1,0.05,hybrid-session-026,5.0,194.2208071704954,157.5934282504022,,,3.93955078125,
full_lru,469.602,0.1,0.1,hybrid-session-002,5.0,3997.0296979881823,887.7695586532354,,,9.0125,
full_lru,469.602,0.1,0.1,hybrid-session-003,5.0,121.52590998448431,107.51505717635155,,,8.0828125,
full_lru,469.602,0.1,0.1,hybrid-session-004,5.0,119.5752969942987,106.83952579274774,,,9.3296875,
full_lru,469.602,0.1,0.1,hybrid-session-005,5.0,120.85089599713683,105.25709306821227,,,8.96875,
full_lru,469.602,0.1,0.1,hybrid-session-006,5.0,117.74472007527947,105.19303502514958,,,10.740625,
full_lru,469.602,0.1,0.1,hybrid-session-009,5.0,111.3559880759567,100.7794686127454,,,8.09375,
full_lru,469.602,0.1,0.1,hybrid-session-010,5.0,116.9128380715847,105.6209372356534,,,8.4328125,
full_lru,469.602,0.1,0.1,hybrid-session-013,5.0,121.77107506431639,106.00243178196251,,,8.246875,
full_lru,469.602,0.1,0.1,hybrid-session-016,5.0,123.09940019622445,100.20992020145059,,,9.1328125,
full_lru,469.602,0.1,0.1,hybrid-session-020,5.0,108.83933189325035,98.72300694696605,,,9.1546875,
full_lru,469.602,0.1,0.1,hybrid-session-021,5.0,121.48307892493904,106.44048121757805,,,9.49375,
full_lru,469.602,0.1,0.1,hybrid-session-025,5.0,129.1544910054654,106.17159102112055,,,8.3890625,
full_lru,469.602,0.1,0.1,hybrid-session-026,5.0,127.46162712574005,106.6759780049324,,,9.646875,
static_best,469.602,0.1,0.1,hybrid-session-002,5.0,3878.3677788451314,929.4959828723222,,,4.37294921875,
static_best,469.602,0.1,0.1,hybrid-session-003,5.0,220.9796269889921,167.72007602266967,,,4.161376953125,
static_best,469.602,0.1,0.1,hybrid-session-004,5.0,245.52603112533689,189.45678719319403,,,4.558544921875,
static_best,469.602,0.1,0.1,hybrid-session-005,5.0,234.86917885020375,175.47851805575192,,,4.332958984375,
static_best,469.602,0.1,0.1,hybrid-session-006,5.0,241.12135916948318,182.60532743297517,,,5.06337890625,
static_best,469.602,0.1,0.1,hybrid-session-009,5.0,219.45523098111153,162.75146477855742,,,4.217431640625,
static_best,469.602,0.1,0.1,hybrid-session-010,5.0,214.22615298070014,160.9928515739739,,,4.413623046875,
static_best,469.602,0.1,0.1,hybrid-session-013,5.0,222.02482586726546,166.36699410155416,,,4.31416015625,
static_best,469.602,0.1,0.1,hybrid-session-016,5.0,236.17066093720496,173.39215422980487,,,4.489501953125,
static_best,469.602,0.1,0.1,hybrid-session-020,5.0,231.89634294249117,173.56880805455148,,,4.488818359375,
static_best,469.602,0.1,0.1,hybrid-session-021,5.0,250.94529194757342,191.15953943692148,,,4.70380859375,
static_best,469.602,0.1,0.1,hybrid-session-025,5.0,211.47619793191552,163.11453692615032,,,4.422509765625,
static_best,469.602,0.1,0.1,hybrid-session-026,5.0,242.69130290485919,187.72087912075222,,,4.79677734375,
static_safe,469.602,0.1,0.1,hybrid-session-002,5.0,3945.396682014689,937.2471820097417,,,4.37294921875,
static_safe,469.602,0.1,0.1,hybrid-session-003,5.0,220.35942203365266,163.0616680253297,,,4.161376953125,
static_safe,469.602,0.1,0.1,hybrid-session-004,5.0,240.2136460877955,168.23240839876235,,,4.558544921875,
static_safe,469.602,0.1,0.1,hybrid-session-005,5.0,236.12253880128264,153.8803183939308,,,4.332958984375,
static_safe,469.602,0.1,0.1,hybrid-session-006,5.0,238.07251593098044,171.29163700155914,,,5.06337890625,
static_safe,469.602,0.1,0.1,hybrid-session-009,5.0,219.9435238726437,155.633017513901,,,4.217431640625,
static_safe,469.602,0.1,0.1,hybrid-session-010,5.0,208.64481921307743,158.11229548417032,,,4.413623046875,
static_safe,469.602,0.1,0.1,hybrid-session-013,5.0,217.5027320627123,161.72780017368495,,,4.31416015625,
static_safe,469.602,0.1,0.1,hybrid-session-016,5.0,245.36008294671774,162.00677938759327,,,4.489501953125,
static_safe,469.602,0.1,0.1,hybrid-session-020,5.0,229.34446390718222,162.2160967439413,,,4.488818359375,
static_safe,469.602,0.1,0.1,hybrid-session-021,5.0,245.5559829249978,184.61217158474028,,,4.70380859375,
static_safe,469.602,0.1,0.1,hybrid-session-025,5.0,209.4520479440689,159.52082695439458,,,4.422509765625,
static_safe,469.602,0.1,0.1,hybrid-session-026,5.0,234.4540269114077,180.01915295608342,,,4.79677734375,
uncalibrated_dynamic,469.602,0.1,0.1,hybrid-session-002,5.0,3575.507774949074,846.5405766386539,,,4.37294921875,
uncalibrated_dynamic,469.602,0.1,0.1,hybrid-session-003,5.0,187.59692297317088,138.17773698829114,,,4.161376953125,
uncalibrated_dynamic,469.602,0.1,0.1,hybrid-session-004,5.0,195.14219393022358,155.9735142160207,,,4.558544921875,
uncalibrated_dynamic,469.602,0.1,0.1,hybrid-session-005,5.0,192.02329008840024,142.29056043550372,,,4.332958984375,
uncalibrated_dynamic,469.602,0.1,0.1,hybrid-session-006,5.0,199.00133297778666,153.87551742605865,,,5.06337890625,
uncalibrated_dynamic,469.602,0.1,0.1,hybrid-session-009,5.0,170.30814802274108,133.37678615935147,,,4.217431640625,
uncalibrated_dynamic,469.602,0.1,0.1,hybrid-session-010,5.0,177.33115586452186,138.26198792085052,,,4.413623046875,
uncalibrated_dynamic,469.602,0.1,0.1,hybrid-session-013,5.0,184.18771610595286,143.45558723434806,,,4.31416015625,
uncalibrated_dynamic,469.602,0.1,0.1,hybrid-session-016,5.0,230.74325290508568,150.03168778494,,,4.489501953125,
uncalibrated_dynamic,469.602,0.1,0.1,hybrid-session-020,5.0,225.20665801130235,147.72056746296585,,,4.488818359375,
uncalibrated_dynamic,469.602,0.1,0.1,hybrid-session-021,5.0,201.49928890168667,155.1764561329037,,,4.70380859375,
uncalibrated_dynamic,469.602,0.1,0.1,hybrid-session-025,5.0,173.2118260115385,134.30909174494445,,,4.422509765625,
uncalibrated_dynamic,469.602,0.1,0.1,hybrid-session-026,5.0,223.09290803968906,158.8226594030857,,,4.79677734375,
utility_dynamic,469.602,0.1,0.1,hybrid-session-002,5.0,3769.1039638593793,878.9190012495965,,,3.55400390625,
utility_dynamic,469.602,0.1,0.1,hybrid-session-003,5.0,184.52890100888908,135.67075883038342,,,3.472998046875,
utility_dynamic,469.602,0.1,0.1,hybrid-session-004,5.0,187.1255689766258,151.9531131722033,,,3.715673828125,
utility_dynamic,469.602,0.1,0.1,hybrid-session-005,5.0,195.91512507759035,140.73320226743817,,,3.514697265625,
utility_dynamic,469.602,0.1,0.1,hybrid-session-006,5.0,197.00597506016493,149.95687240734696,,,4.05576171875,
utility_dynamic,469.602,0.1,0.1,hybrid-session-009,5.0,163.82423997856677,131.0418277978897,,,3.537255859375,
utility_dynamic,469.602,0.1,0.1,hybrid-session-010,5.0,174.0060830488801,129.84767463058233,,,3.707470703125,
utility_dynamic,469.602,0.1,0.1,hybrid-session-013,5.0,180.03428797237575,135.05240180529654,,,3.62373046875,
utility_dynamic,469.602,0.1,0.1,hybrid-session-016,5.0,195.13859902508557,138.2847434375435,,,3.7078125,
utility_dynamic,469.602,0.1,0.1,hybrid-session-020,5.0,195.92941203154624,139.43008403293788,,,3.665087890625,
utility_dynamic,469.602,0.1,0.1,hybrid-session-021,5.0,203.10716587118804,152.84490194171667,,,3.85751953125,
utility_dynamic,469.602,0.1,0.1,hybrid-session-025,5.0,192.9542210418731,137.11021104827523,,,3.725927734375,
utility_dynamic,469.602,0.1,0.1,hybrid-session-026,5.0,219.86286202445626,154.32456200942397,,,3.93955078125,
