action_profile,active_session_count,audit_rate,audit_selected,backend_budget_hit,backend_name,budget_hit,candidate_safe_count,config,controller_cg_ms,controller_overhead_ms,controller_qrp_ms,controller_stc_ms,delta,diagnostic_only,drift_state,epsilon,error,evicted_kv_mib,exact,extra_warm_profile,extra_warm_profile_success,extra_worker_cuda_visible_devices,extra_worker_device_strategy,extra_worker_generation,extra_worker_mode,extra_worker_model_load_ms,extra_worker_pid,extra_worker_startup_ms,fallback_reason,global_budget_mib,global_resident_kv_mib,kv_cache_memory_mib,kv_cumulative_mib,kv_incremental_mib,latency_ms,length_bucket,measured,observed_quality_loss,ok,optimality_gap,oracle,oracle_cost_ms,peak_memory_mib,placeholder,policy,policy_budget_filtered,pred_loss,predicted_quality_loss,primary_profile,quality_estimate,quality_loss,quality_status,queue_delay_ms,reason,recompute_ms,rejected_pred_loss,rejected_profile,rejected_risk_upper,request_id,resident_kv_mib_after,resident_kv_mib_before,resident_memory_mib,restore_ms,risk_upper,run_dir,safe,safety_reason,session_id,task,ttft_ms,turn_index,violation_status,split_seed
full_gpu,1.0,0.1,False,False,online_qwen,False,,/DATACENTER3/zhenxiang.wang/work/TailGuardKV/.worktrees/baseline-smoke-final-aggregation/out/full_25session_baseline_9_14/full/policy_attempts/full40_20260916_h2o_static_safe/seed20260906/config.yaml,,,,,,True,,,,0,True,full_gpu,True,,balanced_two_gpu,1,persistent,28569.113719975576,10935,32272.41833205335,,96.0,2.078125,2.078125,2.078125,2.078125,4991.641664877534,unknown,True,,True,,False,,15070.54150390625,False,full_lru,False,,,full_gpu,,,risk_evidence_insufficient,0.0,full precision exact profile,0.0,,,,hybrid-session-002-turn-0,2.078125,0.0,2.078125,0.0,,/DATACENTER3/zhenxiang.wang/work/TailGuardKV/.worktrees/baseline-smoke-final-aggregation/out/full_25session_baseline_9_14/full/policy_attempts/full40_20260916_h2o_static_safe/seed20260906,,,hybrid-session-002,chat,3902.8469959739596,0,risk_evidence_insufficient,20260906
full_gpu,2.0,0.1,False,False,online_qwen,False,,/DATACENTER3/zhenxiang.wang/work/TailGuardKV/.worktrees/baseline-smoke-final-aggregation/out/full_25session_baseline_9_14/full/policy_attempts/full40_20260916_h2o_static_safe/seed20260906/config.yaml,,,,,,True,,,,0,True,full_gpu,True,,balanced_two_gpu,1,persistent,28569.113719975576,10935,32272.41833205335,,96.0,3.5546875,1.4765625,1.4765625,1.4765625,1528.700317023322,unknown,True,,True,,False,,15055.19384765625,False,full_lru,False,,,full_gpu,,,risk_evidence_insufficient,0.0,full precision exact profile,0.0,,,,hybrid-session-003-turn-0,1.4765625,0.0,1.4765625,0.0,,/DATACENTER3/zhenxiang.wang/work/TailGuardKV/.worktrees/baseline-smoke-final-aggregation/out/full_25session_baseline_9_14/full/policy_attempts/full40_20260916_h2o_static_safe/seed20260906,,,hybrid-session-003,chat,97.58980595506728,0,risk_evidence_insufficient,20260906
full_gpu,3.0,0.1,False,False,online_qwen,False,,/DATACENTER3/zhenxiang.wang/work/TailGuardKV/.worktrees/baseline-smoke-final-aggregation/out/full_25session_baseline_9_14/full/policy_attempts/full40_20260916_h2o_static_safe/seed20260906/config.yaml,,,,,,True,,,,0,True,full_gpu,True,,balanced_two_gpu,1,persistent,28569.113719975576,10935,32272.41833205335,,96.0,5.3046875,1.75,1.75,1.75,1565.5844558496028,unknown,True,,True,,False,,15063.70947265625,False,full_lru,False,,,full_gpu,,,risk_evidence_insufficient,0.0,full precision exact profile,0.0,,,,hybrid-session-004-turn-0,1.75,0.0,1.75,0.0,,/DATACENTER3/zhenxiang.wang/work/TailGuardKV/.worktrees/baseline-smoke-final-aggregation/out/full_25session_baseline_9_14/full/policy_attempts/full40_20260916_h2o_static_safe/seed20260906,,,hybrid-session-004,chat,115.76169496402144,0,risk_evidence_insufficient,20260906
full_gpu,4.0,0.1,False,False,online_qwen,False,,/DATACENTER3/zhenxiang.wang/work/TailGuardKV/.worktrees/baseline-smoke-final-aggregation/out/full_25session_baseline_9_14/full/policy_attempts/full40_20260916_h2o_static_safe/seed20260906/config.yaml,,,,,,True,,,,0,True,full_gpu,True,,balanced_two_gpu,1,persistent,28569.113719975576,10935,32272.41833205335,,96.0,7.21875,1.9140625,1.9140625,1.9140625,1565.109764924273,unknown,True,,True,,False,,15070.26806640625,False,full_lru,False,,,full_gpu,,,risk_evidence_insufficient,0.0,full precision exact profile,0.0,,,,hybrid-session-005-turn-0,1.9140625,0.0,1.9140625,0.0,,/DATACENTER3/zhenxiang.wang/work/TailGuardKV/.worktrees/baseline-smoke-final-aggregation/out/full_25session_baseline_9_14/full/policy_attempts/full40_20260916_h2o_static_safe/seed20260906,,,hybrid-session-005,chat,113.11728088185191,0,risk_evidence_insufficient,20260906
full_gpu,5.0,0.1,False,False,online_qwen,False,,/DATACENTER3/zhenxiang.wang/work/TailGuardKV/.worktrees/baseline-smoke-final-aggregation/out/full_25session_baseline_9_14/full/policy_attempts/full40_20260916_h2o_static_safe/seed20260906/config.yaml,,,,,,True,,,,0,True,full_gpu,True,,balanced_two_gpu,1,persistent,28569.113719975576,10935,32272.41833205335,,96.0,9.84375,2.625,2.625,2.625,1541.2653000093997,unknown,True,,True,,False,,15093.27587890625,False,full_lru,False,,,full_gpu,,,risk_evidence_insufficient,0.0,full precision exact profile,0.0,,,,hybrid-session-006-turn-0,2.625,0.0,2.625,0.0,,/DATACENTER3/zhenxiang.wang/work/TailGuardKV/.worktrees/baseline-smoke-final-aggregation/out/full_25session_baseline_9_14/full/policy_attempts/full40_20260916_h2o_static_safe/seed20260906,,,hybrid-session-006,chat,106.42967885360122,0,risk_evidence_insufficient,20260906
full_gpu,6.0,0.1,False,False,online_qwen,False,,/DATACENTER3/zhenxiang.wang/work/TailGuardKV/.worktrees/baseline-smoke-final-aggregation/out/full_25session_baseline_9_14/full/policy_attempts/full40_20260916_h2o_static_safe/seed20260906/config.yaml,,,,,,True,,,,0,True,full_gpu,True,,balanced_two_gpu,1,persistent,28569.113719975576,10935,32272.41833205335,,96.0,11.5390625,1.6953125,1.6953125,1.6953125,1546.8340390361845,unknown,True,,True,,False,,15068.48681640625,False,full_lru,False,,,full_gpu,,,risk_evidence_insufficient,0.0,full precision exact profile,0.0,,,,hybrid-session-009-turn-0,1.6953125,0.0,1.6953125,0.0,,/DATACENTER3/zhenxiang.wang/work/TailGuardKV/.worktrees/baseline-smoke-final-aggregation/out/full_25session_baseline_9_14/full/policy_attempts/full40_20260916_h2o_static_safe/seed20260906,,,hybrid-session-009,chat,99.25559000112116,0,risk_evidence_insufficient,20260906
full_gpu,7.0,0.1,False,False,online_qwen,False,,/DATACENTER3/zhenxiang.wang/work/TailGuardKV/.worktrees/baseline-smoke-final-aggregation/out/full_25session_baseline_9_14/full/policy_attempts/full40_20260916_h2o_static_safe/seed20260906/config.yaml,,,,,,True,,,,0,True,full_gpu,True,,balanced_two_gpu,1,persistent,28569.113719975576,10935,32272.41833205335,,96.0,13.0703125,1.53125,1.53125,1.53125,1565.7990179024637,unknown,True,,True,,False,,15065.87646484375,False,full_lru,False,,,full_gpu,,,risk_evidence_insufficient,0.0,full precision exact profile,0.0,,,,hybrid-session-010-turn-0,1.53125,0.0,1.53125,0.0,,/DATACENTER3/zhenxiang.wang/work/TailGuardKV/.worktrees/baseline-smoke-final-aggregation/out/full_25session_baseline_9_14/full/policy_attempts/full40_20260916_h2o_static_safe/seed20260906,,,hybrid-session-010,chat,102.67859301529825,0,risk_evidence_insufficient,20260906
full_gpu,8.0,0.1,False,False,online_qwen,False,,/DATACENTER3/zhenxiang.wang/work/TailGuardKV/.worktrees/baseline-smoke-final-aggregation/out/full_25session_baseline_9_14/full/policy_attempts/full40_20260916_h2o_static_safe/seed20260906/config.yaml,,,,,,True,,,,0,True,full_gpu,True,,balanced_two_gpu,1,persistent,28569.113719975576,10935,32272.41833205335,,96.0,14.875,1.8046875,1.8046875,1.8046875,1541.85635689646,unknown,True,,True,,False,,15074.73681640625,False,full_lru,False,,,full_gpu,,,risk_evidence_insufficient,0.0,full precision exact profile,0.0,,,,hybrid-session-013-turn-0,1.8046875,0.0,1.8046875,0.0,,/DATACENTER3/zhenxiang.wang/work/TailGuardKV/.worktrees/baseline-smoke-final-aggregation/out/full_25session_baseline_9_14/full/policy_attempts/full40_20260916_h2o_static_safe/seed20260906,,,hybrid-session-013,chat,98.52493111975491,0,risk_evidence_insufficient,20260906
full_gpu,9.0,0.1,False,False,online_qwen,False,,/DATACENTER3/zhenxiang.wang/work/TailGuardKV/.worktrees/baseline-smoke-final-aggregation/out/full_25session_baseline_9_14/full/policy_attempts/full40_20260916_h2o_static_safe/seed20260906/config.yaml,,,,,,True,,,,0,True,full_gpu,True,,balanced_two_gpu,1,persistent,28569.113719975576,10935,32272.41833205335,,96.0,17.5,2.625,2.625,2.625,1566.1477739922702,unknown,True,,True,,False,,15100.93212890625,False,full_lru,False,,,full_gpu,,,risk_evidence_insufficient,0.0,full precision exact profile,0.0,,,,hybrid-session-016-turn-0,2.625,0.0,2.625,0.0,,/DATACENTER3/zhenxiang.wang/work/TailGuardKV/.worktrees/baseline-smoke-final-aggregation/out/full_25session_baseline_9_14/full/policy_attempts/full40_20260916_h2o_static_safe/seed20260906,,,hybrid-session-016,chat,99.28249288350344,0,risk_evidence_insufficient,20260906
full_gpu,10.0,0.1,False,False,online_qwen,False,,/DATACENTER3/zhenxiang.wang/work/TailGuardKV/.worktrees/baseline-smoke-final-aggregation/out/full_25session_baseline_9_14/full/policy_attempts/full40_20260916_h2o_static_safe/seed20260906/config.yaml,,,,,,True,,,,0,True,full_gpu,True,,balanced_two_gpu,1,persistent,28569.113719975576,10935,32272.41833205335,,96.0,19.90625,2.40625,2.40625,2.40625,1543.530800146982,unknown,True,,True,,False,,15095.79541015625,False,full_lru,False,,,full_gpu,,,risk_evidence_insufficient,0.0,full precision exact profile,0.0,,,,hybrid-session-020-turn-0,2.40625,0.0,2.40625,0.0,,/DATACENTER3/zhenxiang.wang/work/TailGuardKV/.worktrees/baseline-smoke-final-aggregation/out/full_25session_baseline_9_14/full/policy_attempts/full40_20260916_h2o_static_safe/seed20260906,,,hybrid-session-020,chat,106.82303016074002,0,risk_evidence_insufficient,20260906
full_gpu,11.0,0.1,False,False,online_qwen,False,,/DATACENTER3/zhenxiang.wang/work/TailGuardKV/.worktrees/baseline-smoke-final-aggregation/out/full_25session_baseline_9_14/full/policy_attempts/full40_20260916_h2o_static_safe/seed20260906/config.yaml,,,,,,True,,,,0,True,full_gpu,True,,balanced_two_gpu,1,persistent,28569.113719975576,10935,32272.41833205335,,96.0,22.203125,2.296875,2.296875,2.296875,1495.1302399858832,unknown,True,,True,,False,,15095.17822265625,False,full_lru,False,,,full_gpu,,,risk_evidence_insufficient,0.0,full precision exact profile,0.0,,,,hybrid-session-021-turn-0,2.296875,0.0,2.296875,0.0,,/DATACENTER3/zhenxiang.wang/work/TailGuardKV/.worktrees/baseline-smoke-final-aggregation/out/full_25session_baseline_9_14/full/policy_attempts/full40_20260916_h2o_static_safe/seed20260906,,,hybrid-session-021,chat,112.33844212256372,0,risk_evidence_insufficient,20260906
full_gpu,12.0,0.1,False,False,online_qwen,False,,/DATACENTER3/zhenxiang.wang/work/TailGuardKV/.worktrees/baseline-smoke-final-aggregation/out/full_25session_baseline_9_14/full/policy_attempts/full40_20260916_h2o_static_safe/seed20260906/config.yaml,,,,,,True,,,,0,True,full_gpu,True,,balanced_two_gpu,1,persistent,28569.113719975576,10935,32272.41833205335,,96.0,24.171875,1.96875,1.96875,1.96875,1543.9138789661229,unknown,True,,True,,False,,15088.40478515625,False,full_lru,False,,,full_gpu,,,risk_evidence_insufficient,0.0,full precision exact profile,0.0,,,,hybrid-session-025-turn-0,1.96875,0.0,1.96875,0.0,,/DATACENTER3/zhenxiang.wang/work/TailGuardKV/.worktrees/baseline-smoke-final-aggregation/out/full_25session_baseline_9_14/full/policy_attempts/full40_20260916_h2o_static_safe/seed20260906,,,hybrid-session-025,chat,110.96518696285784,0,risk_evidence_insufficient,20260906
full_gpu,13.0,0.1,False,False,online_qwen,False,,/DATACENTER3/zhenxiang.wang/work/TailGuardKV/.worktrees/baseline-smoke-final-aggregation/out/full_25session_baseline_9_14/full/policy_attempts/full40_20260916_h2o_static_safe/seed20260906/config.yaml,,,,,,True,,,,0,True,full_gpu,True,,balanced_two_gpu,1,persistent,28569.113719975576,10935,32272.41833205335,,96.0,26.359375,2.1875,2.1875,2.1875,1358.2026090007275,unknown,True,,True,,False,,15096.42041015625,False,full_lru,False,,,full_gpu,,,risk_evidence_insufficient,0.0,full precision exact profile,0.0,,,,hybrid-session-026-turn-0,2.1875,0.0,2.1875,0.0,,/DATACENTER3/zhenxiang.wang/work/TailGuardKV/.worktrees/baseline-smoke-final-aggregation/out/full_25session_baseline_9_14/full/policy_attempts/full40_20260916_h2o_static_safe/seed20260906,,,hybrid-session-026,chat,115.43769994750619,0,risk_evidence_insufficient,20260906
full_gpu,13.0,0.1,False,False,online_qwen,False,,/DATACENTER3/zhenxiang.wang/work/TailGuardKV/.worktrees/baseline-smoke-final-aggregation/out/full_25session_baseline_9_14/full/policy_attempts/full40_20260916_h2o_static_safe/seed20260906/config.yaml,,,,,,True,,,,0,True,full_gpu,True,,balanced_two_gpu,1,persistent,28569.113719975576,10935,32272.41833205335,,96.0,28.1640625,3.8828125,3.8828125,1.8046875,1566.940441960469,unknown,True,,True,,False,,15088.02685546875,False,full_lru,False,,,full_gpu,,,risk_evidence_insufficient,0.0,full precision exact profile,0.0,,,,hybrid-session-002-turn-1,3.8828125,2.078125,3.8828125,0.0,,/DATACENTER3/zhenxiang.wang/work/TailGuardKV/.worktrees/baseline-smoke-final-aggregation/out/full_25session_baseline_9_14/full/policy_attempts/full40_20260916_h2o_static_safe/seed20260906,,,hybrid-session-002,chat,106.53502610512078,1,risk_evidence_insufficient,20260906
full_gpu,13.0,0.1,True,False,online_qwen,False,,/DATACENTER3/zhenxiang.wang/work/TailGuardKV/.worktrees/baseline-smoke-final-aggregation/out/full_25session_baseline_9_14/full/policy_attempts/full40_20260916_h2o_static_safe/seed20260906/config.yaml,,,,,,True,,,,0,True,full_gpu,True,,balanced_two_gpu,1,persistent,28569.113719975576,10935,32272.41833205335,,96.0,29.5859375,2.8984375,2.8984375,1.421875,1556.7997540347278,unknown,True,0.0,True,,False,,15080.05908203125,False,full_lru,False,,,full_gpu,,,risk_evidence_insufficient,0.0,full precision exact profile,0.0,,,,hybrid-session-003-turn-1,2.8984375,1.4765625,2.8984375,0.0,,/DATACENTER3/zhenxiang.wang/work/TailGuardKV/.worktrees/baseline-smoke-final-aggregation/out/full_25session_baseline_9_14/full/policy_attempts/full40_20260916_h2o_static_safe/seed20260906,,,hybrid-session-003,chat,120.80610496923327,1,risk_evidence_insufficient,20260906
full_gpu,13.0,0.1,False,False,online_qwen,False,,/DATACENTER3/zhenxiang.wang/work/TailGuardKV/.worktrees/baseline-smoke-final-aggregation/out/full_25session_baseline_9_14/full/policy_attempts/full40_20260916_h2o_static_safe/seed20260906/config.yaml,,,,,,True,,,,0,True,full_gpu,True,,balanced_two_gpu,1,persistent,28569.113719975576,10935,32272.41833205335,,96.0,32.8125,4.9765625,4.9765625,3.2265625,1569.9229929596186,unknown,True,,True,,False,,15131.58349609375,False,full_lru,False,,,full_gpu,,,risk_evidence_insufficient,0.0,full precision exact profile,0.0,,,,hybrid-session-004-turn-1,4.9765625,1.75,4.9765625,0.0,,/DATACENTER3/zhenxiang.wang/work/TailGuardKV/.worktrees/baseline-smoke-final-aggregation/out/full_25session_baseline_9_14/full/policy_attempts/full40_20260916_h2o_static_safe/seed20260906,,,hybrid-session-004,chat,115.2478689327836,1,risk_evidence_insufficient,20260906
full_gpu,13.0,0.1,False,False,online_qwen,False,,/DATACENTER3/zhenxiang.wang/work/TailGuardKV/.worktrees/baseline-smoke-final-aggregation/out/full_25session_baseline_9_14/full/policy_attempts/full40_20260916_h2o_static_safe/seed20260906/config.yaml,,,,,,True,,,,0,True,full_gpu,True,,balanced_two_gpu,1,persistent,28569.113719975576,10935,32272.41833205335,,96.0,35.1640625,4.265625,4.265625,2.3515625,1229.5136300381273,unknown,True,,True,,False,,15109.59716796875,False,full_lru,False,,,full_gpu,,,risk_evidence_insufficient,0.0,full precision exact profile,0.0,,,,hybrid-session-005-turn-1,4.265625,1.9140625,4.265625,0.0,,/DATACENTER3/zhenxiang.wang/work/TailGuardKV/.worktrees/baseline-smoke-final-aggregation/out/full_25session_baseline_9_14/full/policy_attempts/full40_20260916_h2o_static_safe/seed20260906,,,hybrid-session-005,chat,93.21077493950725,1,risk_evidence_insufficient,20260906
full_gpu,13.0,0.1,False,False,online_qwen,False,,/DATACENTER3/zhenxiang.wang/work/TailGuardKV/.worktrees/baseline-smoke-final-aggregation/out/full_25session_baseline_9_14/full/policy_attempts/full40_20260916_h2o_static_safe/seed20260906/config.yaml,,,,,,True,,,,0,True,full_gpu,True,,balanced_two_gpu,1,persistent,28569.113719975576,10935,32272.41833205335,,96.0,37.7890625,5.25,5.25,2.625,1567.4925069324672,unknown,True,,True,,False,,15121.36279296875,False,full_lru,False,,,full_gpu,,,risk_evidence_insufficient,0.0,full precision exact profile,0.0,,,,hybrid-session-006-turn-1,5.25,2.625,5.25,0.0,,/DATACENTER3/zhenxiang.wang/work/TailGuardKV/.worktrees/baseline-smoke-final-aggregation/out/full_25session_baseline_9_14/full/policy_attempts/full40_20260916_h2o_static_safe/seed20260906,,,hybrid-session-006,chat,117.96664586290717,1,risk_evidence_insufficient,20260906
full_gpu,13.0,0.1,False,False,online_qwen,False,,/DATACENTER3/zhenxiang.wang/work/TailGuardKV/.worktrees/baseline-smoke-final-aggregation/out/full_25session_baseline_9_14/full/policy_attempts/full40_20260916_h2o_static_safe/seed20260906/config.yaml,,,,,,True,,,,0,True,full_gpu,True,,balanced_two_gpu,1,persistent,28569.113719975576,10935,32272.41833205335,,96.0,39.484375,3.390625,3.390625,1.6953125,1552.9671900440007,unknown,True,,True,,False,,15096.43310546875,False,full_lru,False,,,full_gpu,,,risk_evidence_insufficient,0.0,full precision exact profile,0.0,,,,hybrid-session-009-turn-1,3.390625,1.6953125,3.390625,0.0,,/DATACENTER3/zhenxiang.wang/work/TailGuardKV/.worktrees/baseline-smoke-final-aggregation/out/full_25session_baseline_9_14/full/policy_attempts/full40_20260916_h2o_static_safe/seed20260906,,,hybrid-session-009,chat,105.59501708485186,1,risk_evidence_insufficient,20260906
full_gpu,13.0,0.1,False,False,online_qwen,False,,/DATACENTER3/zhenxiang.wang/work/TailGuardKV/.worktrees/baseline-smoke-final-aggregation/out/full_25session_baseline_9_14/full/policy_attempts/full40_20260916_h2o_static_safe/seed20260906/config.yaml,,,,,,True,,,,0,True,full_gpu,True,,balanced_two_gpu,1,persistent,28569.113719975576,10935,32272.41833205335,,96.0,41.125,3.171875,3.171875,1.640625,1542.6607779227197,unknown,True,,True,,False,,15096.61669921875,False,full_lru,False,,,full_gpu,,,risk_evidence_insufficient,0.0,full precision exact profile,0.0,,,,hybrid-session-010-turn-1,3.171875,1.53125,3.171875,0.0,,/DATACENTER3/zhenxiang.wang/work/TailGuardKV/.worktrees/baseline-smoke-final-aggregation/out/full_25session_baseline_9_14/full/policy_attempts/full40_20260916_h2o_static_safe/seed20260906,,,hybrid-session-010,chat,109.09510590136051,1,risk_evidence_insufficient,20260906
full_gpu,13.0,0.1,False,False,online_qwen,False,,/DATACENTER3/zhenxiang.wang/work/TailGuardKV/.worktrees/baseline-smoke-final-aggregation/out/full_25session_baseline_9_14/full/policy_attempts/full40_20260916_h2o_static_safe/seed20260906/config.yaml,,,,,,True,,,,0,True,full_gpu,True,,balanced_two_gpu,1,persistent,28569.113719975576,10935,32272.41833205335,,96.0,42.546875,3.2265625,3.2265625,1.421875,1581.701999064535,unknown,True,,True,,False,,15093.02001953125,False,full_lru,False,,,full_gpu,,,risk_evidence_insufficient,0.0,full precision exact profile,0.0,,,,hybrid-session-013-turn-1,3.2265625,1.8046875,3.2265625,0.0,,/DATACENTER3/zhenxiang.wang/work/TailGuardKV/.worktrees/baseline-smoke-final-aggregation/out/full_25session_baseline_9_14/full/policy_attempts/full40_20260916_h2o_static_safe/seed20260906,,,hybrid-session-013,chat,105.55898817256093,1,risk_evidence_insufficient,20260906
full_gpu,13.0,0.1,False,False,online_qwen,False,,/DATACENTER3/zhenxiang.wang/work/TailGuardKV/.worktrees/baseline-smoke-final-aggregation/out/full_25session_baseline_9_14/full/policy_attempts/full40_20260916_h2o_static_safe/seed20260906/config.yaml,,,,,,True,,,,0,True,full_gpu,True,,balanced_two_gpu,1,persistent,28569.113719975576,10935,32272.41833205335,,96.0,44.0234375,4.1015625,4.1015625,1.4765625,1561.9016571436077,unknown,True,,True,,False,,15095.66357421875,False,full_lru,False,,,full_gpu,,,risk_evidence_insufficient,0.0,full precision exact profile,0.0,,,,hybrid-session-016-turn-1,4.1015625,2.625,4.1015625,0.0,,/DATACENTER3/zhenxiang.wang/work/TailGuardKV/.worktrees/baseline-smoke-final-aggregation/out/full_25session_baseline_9_14/full/policy_attempts/full40_20260916_h2o_static_safe/seed20260906,,,hybrid-session-016,chat,105.02596315927804,1,risk_evidence_insufficient,20260906
full_gpu,13.0,0.1,False,False,online_qwen,False,,/DATACENTER3/zhenxiang.wang/work/TailGuardKV/.worktrees/baseline-smoke-final-aggregation/out/full_25session_baseline_9_14/full/policy_attempts/full40_20260916_h2o_static_safe/seed20260906/config.yaml,,,,,,True,,,,0,True,full_gpu,True,,balanced_two_gpu,1,persistent,28569.113719975576,10935,32272.41833205335,,96.0,45.8828125,4.265625,4.265625,1.859375,1568.4574120678008,unknown,True,,True,,False,,15108.05615234375,False,full_lru,False,,,full_gpu,,,risk_evidence_insufficient,0.0,full precision exact profile,0.0,,,,hybrid-session-020-turn-1,4.265625,2.40625,4.265625,0.0,,/DATACENTER3/zhenxiang.wang/work/TailGuardKV/.worktrees/baseline-smoke-final-aggregation/out/full_25session_baseline_9_14/full/policy_attempts/full40_20260916_h2o_static_safe/seed20260906,,,hybrid-session-020,chat,111.19729885831475,1,risk_evidence_insufficient,20260906
full_gpu,13.0,0.1,False,False,online_qwen,False,,/DATACENTER3/zhenxiang.wang/work/TailGuardKV/.worktrees/baseline-smoke-final-aggregation/out/full_25session_baseline_9_14/full/policy_attempts/full40_20260916_h2o_static_safe/seed20260906/config.yaml,,,,,,True,,,,0,True,full_gpu,True,,balanced_two_gpu,1,persistent,28569.113719975576,10935,32272.41833205335,,96.0,48.125,4.5390625,4.5390625,2.2421875,1568.4602579567581,unknown,True,,True,,False,,15119.6455078125,False,full_lru,False,,,full_gpu,,,risk_evidence_insufficient,0.0,full precision exact profile,0.0,,,,hybrid-session-021-turn-1,4.5390625,2.296875,4.5390625,0.0,,/DATACENTER3/zhenxiang.wang/work/TailGuardKV/.worktrees/baseline-smoke-final-aggregation/out/full_25session_baseline_9_14/full/policy_attempts/full40_20260916_h2o_static_safe/seed20260906,,,hybrid-session-021,chat,112.40239604376256,1,risk_evidence_insufficient,20260906
full_gpu,13.0,0.1,False,False,online_qwen,False,,/DATACENTER3/zhenxiang.wang/work/TailGuardKV/.worktrees/baseline-smoke-final-aggregation/out/full_25session_baseline_9_14/full/policy_attempts/full40_20260916_h2o_static_safe/seed20260906/config.yaml,,,,,,True,,,,0,True,full_gpu,True,,balanced_two_gpu,1,persistent,28569.113719975576,10935,32272.41833205335,,96.0,49.4375,3.28125,3.28125,1.3125,1555.9065621346235,unknown,True,,True,,False,,15096.18701171875,False,full_lru,False,,,full_gpu,,,risk_evidence_insufficient,0.0,full precision exact profile,0.0,,,,hybrid-session-025-turn-1,3.28125,1.96875,3.28125,0.0,,/DATACENTER3/zhenxiang.wang/work/TailGuardKV/.worktrees/baseline-smoke-final-aggregation/out/full_25session_baseline_9_14/full/policy_attempts/full40_20260916_h2o_static_safe/seed20260906,,,hybrid-session-025,chat,102.82105999067426,1,risk_evidence_insufficient,20260906
full_gpu,13.0,0.1,False,False,online_qwen,False,,/DATACENTER3/zhenxiang.wang/work/TailGuardKV/.worktrees/baseline-smoke-final-aggregation/out/full_25session_baseline_9_14/full/policy_attempts/full40_20260916_h2o_static_safe/seed20260906/config.yaml,,,,,,True,,,,0,True,full_gpu,True,,balanced_two_gpu,1,persistent,28569.113719975576,10935,32272.41833205335,,96.0,51.8984375,4.6484375,4.6484375,2.4609375,1567.634018138051,unknown,True,,True,,False,,15129.2470703125,False,full_lru,False,,,full_gpu,,,risk_evidence_insufficient,0.0,full precision exact profile,0.0,,,,hybrid-session-026-turn-1,4.6484375,2.1875,4.6484375,0.0,,/DATACENTER3/zhenxiang.wang/work/TailGuardKV/.worktrees/baseline-smoke-final-aggregation/out/full_25session_baseline_9_14/full/policy_attempts/full40_20260916_h2o_static_safe/seed20260906,,,hybrid-session-026,chat,115.67476810887456,1,risk_evidence_insufficient,20260906
full_gpu,13.0,0.1,True,False,online_qwen,False,,/DATACENTER3/zhenxiang.wang/work/TailGuardKV/.worktrees/baseline-smoke-final-aggregation/out/full_25session_baseline_9_14/full/policy_attempts/full40_20260916_h2o_static_safe/seed20260906/config.yaml,,,,,,True,,,,0,True,full_gpu,True,,balanced_two_gpu,1,persistent,28569.113719975576,10935,32272.41833205335,,96.0,58.6796875,10.6640625,10.6640625,6.78125,1364.7636761888862,unknown,True,0.0,True,,False,,15255.1044921875,False,full_lru,False,,,full_gpu,,,risk_evidence_insufficient,0.0,full precision exact profile,0.0,,,,hybrid-session-002-turn-2,10.6640625,3.8828125,10.6640625,0.0,,/DATACENTER3/zhenxiang.wang/work/TailGuardKV/.worktrees/baseline-smoke-final-aggregation/out/full_25session_baseline_9_14/full/policy_attempts/full40_20260916_h2o_static_safe/seed20260906,,,hybrid-session-002,qa,126.6082061920315,2,risk_evidence_insufficient,20260906
full_gpu,13.0,0.1,False,False,online_qwen,False,,/DATACENTER3/zhenxiang.wang/work/TailGuardKV/.worktrees/baseline-smoke-final-aggregation/out/full_25session_baseline_9_14/full/policy_attempts/full40_20260916_h2o_static_safe/seed20260906/config.yaml,,,,,,True,,,,0,True,full_gpu,True,,balanced_two_gpu,1,persistent,28569.113719975576,10935,32272.41833205335,,96.0,65.4609375,9.6796875,9.6796875,6.78125,1587.5913058407605,unknown,True,,True,,False,,15261.8818359375,False,full_lru,False,,,full_gpu,,,risk_evidence_insufficient,0.0,full precision exact profile,0.0,,,,hybrid-session-003-turn-2,9.6796875,2.8984375,9.6796875,0.0,,/DATACENTER3/zhenxiang.wang/work/TailGuardKV/.worktrees/baseline-smoke-final-aggregation/out/full_25session_baseline_9_14/full/policy_attempts/full40_20260916_h2o_static_safe/seed20260906,,,hybrid-session-003,summary,127.36888602375984,2,risk_evidence_insufficient,20260906
full_gpu,13.0,0.1,False,False,online_qwen,False,,/DATACENTER3/zhenxiang.wang/work/TailGuardKV/.worktrees/baseline-smoke-final-aggregation/out/full_25session_baseline_9_14/full/policy_attempts/full40_20260916_h2o_static_safe/seed20260906/config.yaml,,,,,,True,,,,0,True,full_gpu,True,,balanced_two_gpu,1,persistent,28569.113719975576,10935,32272.41833205335,,96.0,71.421875,10.9375,10.9375,5.9609375,1591.3885470945388,unknown,True,,True,,False,,15244.06396484375,False,full_lru,False,,,full_gpu,,,risk_evidence_insufficient,0.0,full precision exact profile,0.0,,,,hybrid-session-004-turn-2,10.9375,4.9765625,10.9375,0.0,,/DATACENTER3/zhenxiang.wang/work/TailGuardKV/.worktrees/baseline-smoke-final-aggregation/out/full_25session_baseline_9_14/full/policy_attempts/full40_20260916_h2o_static_safe/seed20260906,,,hybrid-session-004,qa,119.34070312418044,2,risk_evidence_insufficient,20260906
full_gpu,13.0,0.1,False,False,online_qwen,False,,/DATACENTER3/zhenxiang.wang/work/TailGuardKV/.worktrees/baseline-smoke-final-aggregation/out/full_25session_baseline_9_14/full/policy_attempts/full40_20260916_h2o_static_safe/seed20260906/config.yaml,,,,,,True,,,,0,True,full_gpu,True,,balanced_two_gpu,1,persistent,28569.113719975576,10935,32272.41833205335,,96.0,77.7109375,10.5546875,10.5546875,6.2890625,1580.5457569658756,unknown,True,,True,,False,,15259.09375,False,full_lru,False,,,full_gpu,,,risk_evidence_insufficient,0.0,full precision exact profile,0.0,,,,hybrid-session-005-turn-2,10.5546875,4.265625,10.5546875,0.0,,/DATACENTER3/zhenxiang.wang/work/TailGuardKV/.worktrees/baseline-smoke-final-aggregation/out/full_25session_baseline_9_14/full/policy_attempts/full40_20260916_h2o_static_safe/seed20260906,,,hybrid-session-005,summary,116.10842100344598,2,risk_evidence_insufficient,20260906
full_gpu,13.0,0.1,False,False,online_qwen,False,,/DATACENTER3/zhenxiang.wang/work/TailGuardKV/.worktrees/baseline-smoke-final-aggregation/out/full_25session_baseline_9_14/full/policy_attempts/full40_20260916_h2o_static_safe/seed20260906/config.yaml,,,,,,True,,,,0,True,full_gpu,True,,balanced_two_gpu,1,persistent,28569.113719975576,10935,32272.41833205335,,96.0,85.3671875,12.90625,12.90625,7.65625,1593.469789950177,unknown,True,,True,,False,,15305.1865234375,False,full_lru,False,,,full_gpu,,,risk_evidence_insufficient,0.0,full precision exact profile,0.0,,,,hybrid-session-006-turn-2,12.90625,5.25,12.90625,0.0,,/DATACENTER3/zhenxiang.wang/work/TailGuardKV/.worktrees/baseline-smoke-final-aggregation/out/full_25session_baseline_9_14/full/policy_attempts/full40_20260916_h2o_static_safe/seed20260906,,,hybrid-session-006,qa,135.864197043702,2,risk_evidence_insufficient,20260906
full_gpu,13.0,0.1,False,False,online_qwen,False,,/DATACENTER3/zhenxiang.wang/work/TailGuardKV/.worktrees/baseline-smoke-final-aggregation/out/full_25session_baseline_9_14/full/policy_attempts/full40_20260916_h2o_static_safe/seed20260906/config.yaml,,,,,,True,,,,0,True,full_gpu,True,,balanced_two_gpu,1,persistent,28569.113719975576,10935,32272.41833205335,,96.0,91.4375,9.4609375,9.4609375,6.0703125,1576.6827799379826,unknown,True,,True,,False,,15266.98779296875,False,full_lru,False,,,full_gpu,,,risk_evidence_insufficient,0.0,full precision exact profile,0.0,,,,hybrid-session-009-turn-2,9.4609375,3.390625,9.4609375,0.0,,/DATACENTER3/zhenxiang.wang/work/TailGuardKV/.worktrees/baseline-smoke-final-aggregation/out/full_25session_baseline_9_14/full/policy_attempts/full40_20260916_h2o_static_safe/seed20260906,,,hybrid-session-009,summary,119.05573005788028,2,risk_evidence_insufficient,20260906
full_gpu,13.0,0.1,False,True,online_qwen,True,,/DATACENTER3/zhenxiang.wang/work/TailGuardKV/.worktrees/baseline-smoke-final-aggregation/out/full_25session_baseline_9_14/full/policy_attempts/full40_20260916_h2o_static_safe/seed20260906/config.yaml,,,,,,True,,,,3.2265625,True,full_gpu,True,,balanced_two_gpu,1,persistent,28569.113719975576,10935,32272.41833205335,,96.0,95.15625,10.1171875,10.1171875,6.9453125,1594.5603197906166,unknown,True,,True,,False,,15297.248046875,False,full_lru,False,,,full_gpu,,,risk_evidence_insufficient,0.0,full precision exact profile,0.0,,,,hybrid-session-010-turn-2,10.1171875,3.171875,10.1171875,0.0,,/DATACENTER3/zhenxiang.wang/work/TailGuardKV/.worktrees/baseline-smoke-final-aggregation/out/full_25session_baseline_9_14/full/policy_attempts/full40_20260916_h2o_static_safe/seed20260906,,,hybrid-session-010,qa,125.52241794764996,2,risk_evidence_insufficient,20260906
full_gpu,13.0,0.1,True,True,online_qwen,True,,/DATACENTER3/zhenxiang.wang/work/TailGuardKV/.worktrees/baseline-smoke-final-aggregation/out/full_25session_baseline_9_14/full/policy_attempts/full40_20260916_h2o_static_safe/seed20260906/config.yaml,,,,,,True,,,,8.3671875,True,full_gpu,True,,balanced_two_gpu,1,persistent,28569.113719975576,10935,32272.41833205335,,96.0,95.921875,9.1328125,9.1328125,9.1328125,1571.8347919173539,unknown,True,0.0,True,,False,,15361.89111328125,False,full_lru,False,,,full_gpu,,,risk_evidence_insufficient,0.0,full precision exact profile,121.48782680742443,,,,hybrid-session-013-turn-2,9.1328125,0.0,9.1328125,0.0,,/DATACENTER3/zhenxiang.wang/work/TailGuardKV/.worktrees/baseline-smoke-final-aggregation/out/full_25session_baseline_9_14/full/policy_attempts/full40_20260916_h2o_static_safe/seed20260906,,,hybrid-session-013,summary,122.39126395434141,2,risk_evidence_insufficient,20260906
full_gpu,13.0,0.1,False,True,online_qwen,True,,/DATACENTER3/zhenxiang.wang/work/TailGuardKV/.worktrees/baseline-smoke-final-aggregation/out/full_25session_baseline_9_14/full/policy_attempts/full40_20260916_h2o_static_safe/seed20260906/config.yaml,,,,,,True,,,,12.46875,True,full_gpu,True,,balanced_two_gpu,1,persistent,28569.113719975576,10935,32272.41833205335,,96.0,94.1171875,10.6640625,10.6640625,10.6640625,1457.544227130711,unknown,True,,True,,False,,15404.79931640625,False,full_lru,False,,,full_gpu,,,risk_evidence_insufficient,0.0,full precision exact profile,126.33949797600508,,,,hybrid-session-016-turn-2,10.6640625,0.0,10.6640625,0.0,,/DATACENTER3/zhenxiang.wang/work/TailGuardKV/.worktrees/baseline-smoke-final-aggregation/out/full_25session_baseline_9_14/full/policy_attempts/full40_20260916_h2o_static_safe/seed20260906,,,hybrid-session-016,qa,127.19201412983239,2,risk_evidence_insufficient,20260906
full_gpu,13.0,0.1,True,True,online_qwen,True,,/DATACENTER3/zhenxiang.wang/work/TailGuardKV/.worktrees/baseline-smoke-final-aggregation/out/full_25session_baseline_9_14/full/policy_attempts/full40_20260916_h2o_static_safe/seed20260906/config.yaml,,,,,,True,,,,10.6640625,True,full_gpu,True,,balanced_two_gpu,1,persistent,28569.113719975576,10935,32272.41833205335,,96.0,93.3515625,9.8984375,9.8984375,9.8984375,1227.1949988789856,unknown,True,0.0,True,,False,,15381.923828125,False,full_lru,False,,,full_gpu,,,risk_evidence_insufficient,0.0,full precision exact profile,116.7835989035666,,,,hybrid-session-020-turn-2,9.8984375,0.0,9.8984375,0.0,,/DATACENTER3/zhenxiang.wang/work/TailGuardKV/.worktrees/baseline-smoke-final-aggregation/out/full_25session_baseline_9_14/full/policy_attempts/full40_20260916_h2o_static_safe/seed20260906,,,hybrid-session-020,qa,117.64117307029665,2,risk_evidence_insufficient,20260906
full_gpu,13.0,0.1,False,True,online_qwen,True,,/DATACENTER3/zhenxiang.wang/work/TailGuardKV/.worktrees/baseline-smoke-final-aggregation/out/full_25session_baseline_9_14/full/policy_attempts/full40_20260916_h2o_static_safe/seed20260906/config.yaml,,,,,,True,,,,9.6796875,True,full_gpu,True,,balanced_two_gpu,1,persistent,28569.113719975576,10935,32272.41833205335,,96.0,94.828125,11.15625,11.15625,11.15625,1287.4928249511868,unknown,True,,True,,False,,15416.50537109375,False,full_lru,False,,,full_gpu,,,risk_evidence_insufficient,0.0,full precision exact profile,123.62636416219175,,,,hybrid-session-021-turn-2,11.15625,0.0,11.15625,0.0,,/DATACENTER3/zhenxiang.wang/work/TailGuardKV/.worktrees/baseline-smoke-final-aggregation/out/full_25session_baseline_9_14/full/policy_attempts/full40_20260916_h2o_static_safe/seed20260906,,,hybrid-session-021,summary,124.42467198707163,2,risk_evidence_insufficient,20260906
full_gpu,13.0,0.1,False,True,online_qwen,True,,/DATACENTER3/zhenxiang.wang/work/TailGuardKV/.worktrees/baseline-smoke-final-aggregation/out/full_25session_baseline_9_14/full/policy_attempts/full40_20260916_h2o_static_safe/seed20260906/config.yaml,,,,,,True,,,,10.9375,True,full_gpu,True,,balanced_two_gpu,1,persistent,28569.113719975576,10935,32272.41833205335,,96.0,93.6796875,9.7890625,9.7890625,9.7890625,1299.9343229457736,unknown,True,,True,,False,,15381.79296875,False,full_lru,False,,,full_gpu,,,risk_evidence_insufficient,0.0,full precision exact profile,115.70010497234762,,,,hybrid-session-025-turn-2,9.7890625,0.0,9.7890625,0.0,,/DATACENTER3/zhenxiang.wang/work/TailGuardKV/.worktrees/baseline-smoke-final-aggregation/out/full_25session_baseline_9_14/full/policy_attempts/full40_20260916_h2o_static_safe/seed20260906,,,hybrid-session-025,summary,116.41984200105071,2,risk_evidence_insufficient,20260906
full_gpu,13.0,0.1,False,True,online_qwen,True,,/DATACENTER3/zhenxiang.wang/work/TailGuardKV/.worktrees/baseline-smoke-final-aggregation/out/full_25session_baseline_9_14/full/policy_attempts/full40_20260916_h2o_static_safe/seed20260906/config.yaml,,,,,,True,,,,10.5546875,True,full_gpu,True,,balanced_two_gpu,1,persistent,28569.113719975576,10935,32272.41833205335,,96.0,94.71875,11.59375,11.59375,11.59375,1578.498095041141,unknown,True,,True,,False,,15429.00830078125,False,full_lru,False,,,full_gpu,,,risk_evidence_insufficient,0.0,full precision exact profile,134.24139702692628,,,,hybrid-session-026-turn-2,11.59375,0.0,11.59375,0.0,,/DATACENTER3/zhenxiang.wang/work/TailGuardKV/.worktrees/baseline-smoke-final-aggregation/out/full_25session_baseline_9_14/full/policy_attempts/full40_20260916_h2o_static_safe/seed20260906,,,hybrid-session-026,qa,135.0752089638263,2,risk_evidence_insufficient,20260906
full_gpu,13.0,0.1,False,True,online_qwen,True,,/DATACENTER3/zhenxiang.wang/work/TailGuardKV/.worktrees/baseline-smoke-final-aggregation/out/full_25session_baseline_9_14/full/policy_attempts/full40_20260916_h2o_static_safe/seed20260906/config.yaml,,,,,,True,,,,12.90625,True,full_gpu,True,,balanced_two_gpu,1,persistent,28569.113719975576,10935,32272.41833205335,,96.0,93.5703125,11.7578125,11.7578125,11.7578125,1321.4730119798332,unknown,True,,True,,False,,15433.69970703125,False,full_lru,False,,,full_gpu,,,risk_evidence_insufficient,0.0,full precision exact profile,133.63104220479727,,,,hybrid-session-002-turn-3,11.7578125,0.0,11.7578125,0.0,,/DATACENTER3/zhenxiang.wang/work/TailGuardKV/.worktrees/baseline-smoke-final-aggregation/out/full_25session_baseline_9_14/full/policy_attempts/full40_20260916_h2o_static_safe/seed20260906,,,hybrid-session-002,qa,134.45375114679337,3,risk_evidence_insufficient,20260906
full_gpu,13.0,0.1,False,True,online_qwen,True,,/DATACENTER3/zhenxiang.wang/work/TailGuardKV/.worktrees/baseline-smoke-final-aggregation/out/full_25session_baseline_9_14/full/policy_attempts/full40_20260916_h2o_static_safe/seed20260906/config.yaml,,,,,,True,,,,9.4609375,True,full_gpu,True,,balanced_two_gpu,1,persistent,28569.113719975576,10935,32272.41833205335,,96.0,95.265625,11.15625,11.15625,11.15625,1232.970803976059,unknown,True,,True,,False,,15416.72412109375,False,full_lru,False,,,full_gpu,,,risk_evidence_insufficient,0.0,full precision exact profile,119.00081904605031,,,,hybrid-session-003-turn-3,11.15625,0.0,11.15625,0.0,,/DATACENTER3/zhenxiang.wang/work/TailGuardKV/.worktrees/baseline-smoke-final-aggregation/out/full_25session_baseline_9_14/full/policy_attempts/full40_20260916_h2o_static_safe/seed20260906,,,hybrid-session-003,summary,119.7005610447377,3,risk_evidence_insufficient,20260906
full_gpu,13.0,0.1,False,True,online_qwen,True,,/DATACENTER3/zhenxiang.wang/work/TailGuardKV/.worktrees/baseline-smoke-final-aggregation/out/full_25session_baseline_9_14/full/policy_attempts/full40_20260916_h2o_static_safe/seed20260906/config.yaml,,,,,,True,,,,19.25,True,full_gpu,True,,balanced_two_gpu,1,persistent,28569.113719975576,10935,32272.41833205335,,96.0,88.8671875,12.8515625,12.8515625,12.8515625,1273.1876918114722,unknown,True,,True,,False,,15468.306640625,False,full_lru,False,,,full_gpu,,,risk_evidence_insufficient,0.0,full precision exact profile,144.5141388103366,,,,hybrid-session-004-turn-3,12.8515625,0.0,12.8515625,0.0,,/DATACENTER3/zhenxiang.wang/work/TailGuardKV/.worktrees/baseline-smoke-final-aggregation/out/full_25session_baseline_9_14/full/policy_attempts/full40_20260916_h2o_static_safe/seed20260906,,,hybrid-session-004,qa,145.31184802763164,3,risk_evidence_insufficient,20260906
full_gpu,13.0,0.1,False,True,online_qwen,True,,/DATACENTER3/zhenxiang.wang/work/TailGuardKV/.worktrees/baseline-smoke-final-aggregation/out/full_25session_baseline_9_14/full/policy_attempts/full40_20260916_h2o_static_safe/seed20260906/config.yaml,,,,,,True,,,,10.6640625,True,full_gpu,True,,balanced_two_gpu,1,persistent,28569.113719975576,10935,32272.41833205335,,96.0,89.796875,11.59375,11.59375,11.59375,1227.3346651345491,unknown,True,,True,,False,,15424.19580078125,False,full_lru,False,,,full_gpu,,,risk_evidence_insufficient,0.0,full precision exact profile,132.08780880086124,,,,hybrid-session-005-turn-3,11.59375,0.0,11.59375,0.0,,/DATACENTER3/zhenxiang.wang/work/TailGuardKV/.worktrees/baseline-smoke-final-aggregation/out/full_25session_baseline_9_14/full/policy_attempts/full40_20260916_h2o_static_safe/seed20260906,,,hybrid-session-005,summary,132.8044121619314,3,risk_evidence_insufficient,20260906
full_gpu,13.0,0.1,False,True,online_qwen,True,,/DATACENTER3/zhenxiang.wang/work/TailGuardKV/.worktrees/baseline-smoke-final-aggregation/out/full_25session_baseline_9_14/full/policy_attempts/full40_20260916_h2o_static_safe/seed20260906/config.yaml,,,,,,True,,,,9.8984375,True,full_gpu,True,,balanced_two_gpu,1,persistent,28569.113719975576,10935,32272.41833205335,,96.0,94.71875,14.8203125,14.8203125,14.8203125,1246.821291046217,unknown,True,,True,,False,,15516.06591796875,False,full_lru,False,,,full_gpu,,,risk_evidence_insufficient,0.0,full precision exact profile,152.12095505557954,,,,hybrid-session-006-turn-3,14.8203125,0.0,14.8203125,0.0,,/DATACENTER3/zhenxiang.wang/work/TailGuardKV/.worktrees/baseline-smoke-final-aggregation/out/full_25session_baseline_9_14/full/policy_attempts/full40_20260916_h2o_static_safe/seed20260906,,,hybrid-session-006,qa,152.83081005327404,3,risk_evidence_insufficient,20260906
full_gpu,13.0,0.1,False,True,online_qwen,True,,/DATACENTER3/zhenxiang.wang/work/TailGuardKV/.worktrees/baseline-smoke-final-aggregation/out/full_25session_baseline_9_14/full/policy_attempts/full40_20260916_h2o_static_safe/seed20260906/config.yaml,,,,,,True,,,,11.15625,True,full_gpu,True,,balanced_two_gpu,1,persistent,28569.113719975576,10935,32272.41833205335,,96.0,94.3359375,10.7734375,10.7734375,10.7734375,1223.3568711671978,unknown,True,,True,,False,,15407.458984375,False,full_lru,False,,,full_gpu,,,risk_evidence_insufficient,0.0,full precision exact profile,118.84704604744911,,,,hybrid-session-009-turn-3,10.7734375,0.0,10.7734375,0.0,,/DATACENTER3/zhenxiang.wang/work/TailGuardKV/.worktrees/baseline-smoke-final-aggregation/out/full_25session_baseline_9_14/full/policy_attempts/full40_20260916_h2o_static_safe/seed20260906,,,hybrid-session-009,summary,119.58720511756837,3,risk_evidence_insufficient,20260906
full_gpu,13.0,0.1,False,True,online_qwen,True,,/DATACENTER3/zhenxiang.wang/work/TailGuardKV/.worktrees/baseline-smoke-final-aggregation/out/full_25session_baseline_9_14/full/policy_attempts/full40_20260916_h2o_static_safe/seed20260906/config.yaml,,,,,,True,,,,21.3828125,True,full_gpu,True,,balanced_two_gpu,1,persistent,28569.113719975576,10935,32272.41833205335,,96.0,84.765625,11.8125,11.8125,11.8125,1241.416146978736,unknown,True,,True,,False,,15434.7275390625,False,full_lru,False,,,full_gpu,,,risk_evidence_insufficient,0.0,full precision exact profile,133.72183800674975,,,,hybrid-session-010-turn-3,11.8125,0.0,11.8125,0.0,,/DATACENTER3/zhenxiang.wang/work/TailGuardKV/.worktrees/baseline-smoke-final-aggregation/out/full_25session_baseline_9_14/full/policy_attempts/full40_20260916_h2o_static_safe/seed20260906,,,hybrid-session-010,qa,134.38753690570593,3,risk_evidence_insufficient,20260906
full_gpu,13.0,0.1,False,True,online_qwen,True,,/DATACENTER3/zhenxiang.wang/work/TailGuardKV/.worktrees/baseline-smoke-final-aggregation/out/full_25session_baseline_9_14/full/policy_attempts/full40_20260916_h2o_static_safe/seed20260906/config.yaml,,,,,,True,,,,11.7578125,True,full_gpu,True,,balanced_two_gpu,1,persistent,28569.113719975576,10935,32272.41833205335,,96.0,84.2734375,11.265625,11.265625,11.265625,1222.010703990236,unknown,True,,True,,False,,15410.80126953125,False,full_lru,False,,,full_gpu,,,risk_evidence_insufficient,0.0,full precision exact profile,120.23346987552941,,,,hybrid-session-013-turn-3,11.265625,0.0,11.265625,0.0,,/DATACENTER3/zhenxiang.wang/work/TailGuardKV/.worktrees/baseline-smoke-final-aggregation/out/full_25session_baseline_9_14/full/policy_attempts/full40_20260916_h2o_static_safe/seed20260906,,,hybrid-session-013,summary,120.95669494010508,3,risk_evidence_insufficient,20260906
full_gpu,13.0,0.1,False,True,online_qwen,True,,/DATACENTER3/zhenxiang.wang/work/TailGuardKV/.worktrees/baseline-smoke-final-aggregation/out/full_25session_baseline_9_14/full/policy_attempts/full40_20260916_h2o_static_safe/seed20260906/config.yaml,,,,,,True,,,,11.15625,True,full_gpu,True,,balanced_two_gpu,1,persistent,28569.113719975576,10935,32272.41833205335,,96.0,86.078125,12.9609375,12.9609375,12.9609375,1260.3000008966774,unknown,True,,True,,False,,15459.3671875,False,full_lru,False,,,full_gpu,,,risk_evidence_insufficient,0.0,full precision exact profile,139.62015113793314,,,,hybrid-session-016-turn-3,12.9609375,0.0,12.9609375,0.0,,/DATACENTER3/zhenxiang.wang/work/TailGuardKV/.worktrees/baseline-smoke-final-aggregation/out/full_25session_baseline_9_14/full/policy_attempts/full40_20260916_h2o_static_safe/seed20260906,,,hybrid-session-016,qa,140.39458706974983,3,risk_evidence_insufficient,20260906
full_gpu,13.0,0.1,False,True,online_qwen,True,,/DATACENTER3/zhenxiang.wang/work/TailGuardKV/.worktrees/baseline-smoke-final-aggregation/out/full_25session_baseline_9_14/full/policy_attempts/full40_20260916_h2o_static_safe/seed20260906/config.yaml,,,,,,True,,,,12.8515625,True,full_gpu,True,,balanced_two_gpu,1,persistent,28569.113719975576,10935,32272.41833205335,,96.0,85.3125,12.0859375,12.0859375,12.0859375,1233.5262349806726,unknown,True,,True,,False,,15435.35009765625,False,full_lru,False,,,full_gpu,,,risk_evidence_insufficient,0.0,full precision exact profile,133.7686600163579,,,,hybrid-session-020-turn-3,12.0859375,0.0,12.0859375,0.0,,/DATACENTER3/zhenxiang.wang/work/TailGuardKV/.worktrees/baseline-smoke-final-aggregation/out/full_25session_baseline_9_14/full/policy_attempts/full40_20260916_h2o_static_safe/seed20260906,,,hybrid-session-020,qa,134.50220180675387,3,risk_evidence_insufficient,20260906
full_gpu,13.0,0.1,False,True,online_qwen,True,,/DATACENTER3/zhenxiang.wang/work/TailGuardKV/.worktrees/baseline-smoke-final-aggregation/out/full_25session_baseline_9_14/full/policy_attempts/full40_20260916_h2o_static_safe/seed20260906/config.yaml,,,,,,True,,,,11.59375,True,full_gpu,True,,balanced_two_gpu,1,persistent,28569.113719975576,10935,32272.41833205335,,96.0,87.0078125,13.2890625,13.2890625,13.2890625,1239.289120072499,unknown,True,,True,,False,,15468.6796875,False,full_lru,False,,,full_gpu,,,risk_evidence_insufficient,0.0,full precision exact profile,138.9765760395676,,,,hybrid-session-021-turn-3,13.2890625,0.0,13.2890625,0.0,,/DATACENTER3/zhenxiang.wang/work/TailGuardKV/.worktrees/baseline-smoke-final-aggregation/out/full_25session_baseline_9_14/full/policy_attempts/full40_20260916_h2o_static_safe/seed20260906,,,hybrid-session-021,summary,139.70820512622595,3,risk_evidence_insufficient,20260906
full_gpu,13.0,0.1,False,True,online_qwen,True,,/DATACENTER3/zhenxiang.wang/work/TailGuardKV/.worktrees/baseline-smoke-final-aggregation/out/full_25session_baseline_9_14/full/policy_attempts/full40_20260916_h2o_static_safe/seed20260906/config.yaml,,,,,,True,,,,14.8203125,True,full_gpu,True,,balanced_two_gpu,1,persistent,28569.113719975576,10935,32272.41833205335,,96.0,84.109375,11.921875,11.921875,11.921875,1233.5479301400483,unknown,True,,True,,False,,15430.9931640625,False,full_lru,False,,,full_gpu,,,risk_evidence_insufficient,0.0,full precision exact profile,134.12598404102027,,,,hybrid-session-025-turn-3,11.921875,0.0,11.921875,0.0,,/DATACENTER3/zhenxiang.wang/work/TailGuardKV/.worktrees/baseline-smoke-final-aggregation/out/full_25session_baseline_9_14/full/policy_attempts/full40_20260916_h2o_static_safe/seed20260906,,,hybrid-session-025,summary,134.88631299696863,3,risk_evidence_insufficient,20260906
full_gpu,13.0,0.1,False,True,online_qwen,True,,/DATACENTER3/zhenxiang.wang/work/TailGuardKV/.worktrees/baseline-smoke-final-aggregation/out/full_25session_baseline_9_14/full/policy_attempts/full40_20260916_h2o_static_safe/seed20260906/config.yaml,,,,,,True,,,,10.7734375,True,full_gpu,True,,balanced_two_gpu,1,persistent,28569.113719975576,10935,32272.41833205335,,96.0,87.4453125,14.109375,14.109375,14.109375,1361.722658155486,unknown,True,,True,,False,,15490.81005859375,False,full_lru,False,,,full_gpu,,,risk_evidence_insufficient,0.0,full precision exact profile,146.90661104395986,,,,hybrid-session-026-turn-3,14.109375,0.0,14.109375,0.0,,/DATACENTER3/zhenxiang.wang/work/TailGuardKV/.worktrees/baseline-smoke-final-aggregation/out/full_25session_baseline_9_14/full/policy_attempts/full40_20260916_h2o_static_safe/seed20260906,,,hybrid-session-026,qa,147.68593315966427,3,risk_evidence_insufficient,20260906
full_gpu,13.0,0.1,False,True,online_qwen,True,,/DATACENTER3/zhenxiang.wang/work/TailGuardKV/.worktrees/baseline-smoke-final-aggregation/out/full_25session_baseline_9_14/full/policy_attempts/full40_20260916_h2o_static_safe/seed20260906/config.yaml,,,,,,True,,,,11.8125,True,full_gpu,True,,balanced_two_gpu,1,persistent,28569.113719975576,10935,32272.41833205335,,96.0,89.25,13.6171875,13.6171875,13.6171875,1568.1724220048636,unknown,True,,True,,False,,15481.25439453125,False,full_lru,False,,,full_gpu,,,risk_evidence_insufficient,0.0,full precision exact profile,139.58976208232343,,,,hybrid-session-002-turn-4,13.6171875,0.0,13.6171875,0.0,,/DATACENTER3/zhenxiang.wang/work/TailGuardKV/.worktrees/baseline-smoke-final-aggregation/out/full_25session_baseline_9_14/full/policy_attempts/full40_20260916_h2o_static_safe/seed20260906,,,hybrid-session-002,qa,140.46349516138434,4,risk_evidence_insufficient,20260906
full_gpu,13.0,0.1,False,True,online_qwen,True,,/DATACENTER3/zhenxiang.wang/work/TailGuardKV/.worktrees/baseline-smoke-final-aggregation/out/full_25session_baseline_9_14/full/policy_attempts/full40_20260916_h2o_static_safe/seed20260906/config.yaml,,,,,,True,,,,11.265625,True,full_gpu,True,,balanced_two_gpu,1,persistent,28569.113719975576,10935,32272.41833205335,,96.0,90.890625,12.90625,12.90625,12.90625,1019.4496088661253,unknown,True,,True,,False,,15462.1416015625,False,full_lru,False,,,full_gpu,,,risk_evidence_insufficient,0.0,full precision exact profile,148.0072510894388,,,,hybrid-session-003-turn-4,12.90625,0.0,12.90625,0.0,,/DATACENTER3/zhenxiang.wang/work/TailGuardKV/.worktrees/baseline-smoke-final-aggregation/out/full_25session_baseline_9_14/full/policy_attempts/full40_20260916_h2o_static_safe/seed20260906,,,hybrid-session-003,summary,148.81833991967142,4,risk_evidence_insufficient,20260906
full_gpu,13.0,0.1,False,True,online_qwen,True,,/DATACENTER3/zhenxiang.wang/work/TailGuardKV/.worktrees/baseline-smoke-final-aggregation/out/full_25session_baseline_9_14/full/policy_attempts/full40_20260916_h2o_static_safe/seed20260906/config.yaml,,,,,,True,,,,12.9609375,True,full_gpu,True,,balanced_two_gpu,1,persistent,28569.113719975576,10935,32272.41833205335,,96.0,92.53125,14.6015625,14.6015625,14.6015625,870.4483499750495,unknown,True,,True,,False,,15511.36767578125,False,full_lru,False,,,full_gpu,,,risk_evidence_insufficient,0.0,full precision exact profile,146.15311403758824,,,,hybrid-session-004-turn-4,14.6015625,0.0,14.6015625,0.0,,/DATACENTER3/zhenxiang.wang/work/TailGuardKV/.worktrees/baseline-smoke-final-aggregation/out/full_25session_baseline_9_14/full/policy_attempts/full40_20260916_h2o_static_safe/seed20260906,,,hybrid-session-004,qa,146.44742291420698,4,risk_evidence_insufficient,20260906
full_gpu,13.0,0.1,False,True,online_qwen,True,,/DATACENTER3/zhenxiang.wang/work/TailGuardKV/.worktrees/baseline-smoke-final-aggregation/out/full_25session_baseline_9_14/full/policy_attempts/full40_20260916_h2o_static_safe/seed20260906/config.yaml,,,,,,True,,,,12.0859375,True,full_gpu,True,,balanced_two_gpu,1,persistent,28569.113719975576,10935,32272.41833205335,,96.0,93.8984375,13.453125,13.453125,13.453125,837.5506668817252,unknown,True,,True,,False,,15481.1748046875,False,full_lru,False,,,full_gpu,,,risk_evidence_insufficient,0.0,full precision exact profile,131.33215787820518,,,,hybrid-session-005-turn-4,13.453125,0.0,13.453125,0.0,,/DATACENTER3/zhenxiang.wang/work/TailGuardKV/.worktrees/baseline-smoke-final-aggregation/out/full_25session_baseline_9_14/full/policy_attempts/full40_20260916_h2o_static_safe/seed20260906,,,hybrid-session-005,summary,131.62979786284268,4,risk_evidence_insufficient,20260906
full_gpu,13.0,0.1,False,True,online_qwen,True,,/DATACENTER3/zhenxiang.wang/work/TailGuardKV/.worktrees/baseline-smoke-final-aggregation/out/full_25session_baseline_9_14/full/policy_attempts/full40_20260916_h2o_static_safe/seed20260906/config.yaml,,,,,,True,,,,25.2109375,True,full_gpu,True,,balanced_two_gpu,1,persistent,28569.113719975576,10935,32272.41833205335,,96.0,85.203125,16.515625,16.515625,16.515625,881.8942930083722,unknown,True,,True,,False,,15567.58447265625,False,full_lru,False,,,full_gpu,,,risk_evidence_insufficient,0.0,full precision exact profile,177.43825493380427,,,,hybrid-session-006-turn-4,16.515625,0.0,16.515625,0.0,,/DATACENTER3/zhenxiang.wang/work/TailGuardKV/.worktrees/baseline-smoke-final-aggregation/out/full_25session_baseline_9_14/full/policy_attempts/full40_20260916_h2o_static_safe/seed20260906,,,hybrid-session-006,qa,177.74336994625628,4,risk_evidence_insufficient,20260906
full_gpu,13.0,0.1,True,True,online_qwen,True,,/DATACENTER3/zhenxiang.wang/work/TailGuardKV/.worktrees/baseline-smoke-final-aggregation/out/full_25session_baseline_9_14/full/policy_attempts/full40_20260916_h2o_static_safe/seed20260906/config.yaml,,,,,,True,,,,14.109375,True,full_gpu,True,,balanced_two_gpu,1,persistent,28569.113719975576,10935,32272.41833205335,,96.0,83.8359375,12.7421875,12.7421875,12.7421875,831.6591319162399,unknown,True,0.0,True,,False,,15452.04736328125,False,full_lru,False,,,full_gpu,,,risk_evidence_insufficient,0.0,full precision exact profile,127.63302796520293,,,,hybrid-session-009-turn-4,12.7421875,0.0,12.7421875,0.0,,/DATACENTER3/zhenxiang.wang/work/TailGuardKV/.worktrees/baseline-smoke-final-aggregation/out/full_25session_baseline_9_14/full/policy_attempts/full40_20260916_h2o_static_safe/seed20260906,,,hybrid-session-009,summary,127.9400228522718,4,risk_evidence_insufficient,20260906
full_gpu,13.0,0.1,False,True,online_qwen,True,,/DATACENTER3/zhenxiang.wang/work/TailGuardKV/.worktrees/baseline-smoke-final-aggregation/out/full_25session_baseline_9_14/full/policy_attempts/full40_20260916_h2o_static_safe/seed20260906/config.yaml,,,,,,True,,,,13.6171875,True,full_gpu,True,,balanced_two_gpu,1,persistent,28569.113719975576,10935,32272.41833205335,,96.0,84.109375,13.890625,13.890625,13.890625,836.5428359247744,unknown,True,,True,,False,,15485.197265625,False,full_lru,False,,,full_gpu,,,risk_evidence_insufficient,0.0,full precision exact profile,132.74165708571672,,,,hybrid-session-010-turn-4,13.890625,0.0,13.890625,0.0,,/DATACENTER3/zhenxiang.wang/work/TailGuardKV/.worktrees/baseline-smoke-final-aggregation/out/full_25session_baseline_9_14/full/policy_attempts/full40_20260916_h2o_static_safe/seed20260906,,,hybrid-session-010,qa,133.05373978801072,4,risk_evidence_insufficient,20260906
full_gpu,13.0,0.1,True,True,online_qwen,True,,/DATACENTER3/zhenxiang.wang/work/TailGuardKV/.worktrees/baseline-smoke-final-aggregation/out/full_25session_baseline_9_14/full/policy_attempts/full40_20260916_h2o_static_safe/seed20260906/config.yaml,,,,,,True,,,,12.90625,True,full_gpu,True,,balanced_two_gpu,1,persistent,28569.113719975576,10935,32272.41833205335,,96.0,84.21875,13.015625,13.015625,13.015625,1362.3507090378553,unknown,True,0.0,True,,False,,15461.9931640625,False,full_lru,False,,,full_gpu,,,risk_evidence_insufficient,0.0,full precision exact profile,129.7654511872679,,,,hybrid-session-013-turn-4,13.015625,0.0,13.015625,0.0,,/DATACENTER3/zhenxiang.wang/work/TailGuardKV/.worktrees/baseline-smoke-final-aggregation/out/full_25session_baseline_9_14/full/policy_attempts/full40_20260916_h2o_static_safe/seed20260906,,,hybrid-session-013,summary,130.07327099330723,4,risk_evidence_insufficient,20260906
full_gpu,13.0,0.1,False,True,online_qwen,True,,/DATACENTER3/zhenxiang.wang/work/TailGuardKV/.worktrees/baseline-smoke-final-aggregation/out/full_25session_baseline_9_14/full/policy_attempts/full40_20260916_h2o_static_safe/seed20260906/config.yaml,,,,,,True,,,,14.6015625,True,full_gpu,True,,balanced_two_gpu,1,persistent,28569.113719975576,10935,32272.41833205335,,96.0,84.6015625,14.984375,14.984375,14.984375,1283.0566719640046,unknown,True,,True,,False,,15515.88330078125,False,full_lru,False,,,full_gpu,,,risk_evidence_insufficient,0.0,full precision exact profile,190.73782907798886,,,,hybrid-session-016-turn-4,14.984375,0.0,14.984375,0.0,,/DATACENTER3/zhenxiang.wang/work/TailGuardKV/.worktrees/baseline-smoke-final-aggregation/out/full_25session_baseline_9_14/full/policy_attempts/full40_20260916_h2o_static_safe/seed20260906,,,hybrid-session-016,qa,191.4738428313285,4,risk_evidence_insufficient,20260906
full_gpu,13.0,0.1,False,True,online_qwen,True,,/DATACENTER3/zhenxiang.wang/work/TailGuardKV/.worktrees/baseline-smoke-final-aggregation/out/full_25session_baseline_9_14/full/policy_attempts/full40_20260916_h2o_static_safe/seed20260906/config.yaml,,,,,,True,,,,13.453125,True,full_gpu,True,,balanced_two_gpu,1,persistent,28569.113719975576,10935,32272.41833205335,,96.0,85.0390625,13.890625,13.890625,13.890625,1243.0280018597841,unknown,True,,True,,False,,15485.962890625,False,full_lru,False,,,full_gpu,,,risk_evidence_insufficient,0.0,full precision exact profile,143.1995229795575,,,,hybrid-session-020-turn-4,13.890625,0.0,13.890625,0.0,,/DATACENTER3/zhenxiang.wang/work/TailGuardKV/.worktrees/baseline-smoke-final-aggregation/out/full_25session_baseline_9_14/full/policy_attempts/full40_20260916_h2o_static_safe/seed20260906,,,hybrid-session-020,qa,143.90850882045925,4,risk_evidence_insufficient,20260906
full_gpu,13.0,0.1,False,True,online_qwen,True,,/DATACENTER3/zhenxiang.wang/work/TailGuardKV/.worktrees/baseline-smoke-final-aggregation/out/full_25session_baseline_9_14/full/policy_attempts/full40_20260916_h2o_static_safe/seed20260906/config.yaml,,,,,,True,,,,16.515625,True,full_gpu,True,,balanced_two_gpu,1,persistent,28569.113719975576,10935,32272.41833205335,,96.0,83.7265625,15.203125,15.203125,15.203125,1287.3312961310148,unknown,True,,True,,False,,15521.84375,False,full_lru,False,,,full_gpu,,,risk_evidence_insufficient,0.0,full precision exact profile,176.36507493443787,,,,hybrid-session-021-turn-4,15.203125,0.0,15.203125,0.0,,/DATACENTER3/zhenxiang.wang/work/TailGuardKV/.worktrees/baseline-smoke-final-aggregation/out/full_25session_baseline_9_14/full/policy_attempts/full40_20260916_h2o_static_safe/seed20260906,,,hybrid-session-021,summary,177.0712579600513,4,risk_evidence_insufficient,20260906
full_gpu,13.0,0.1,False,True,online_qwen,True,,/DATACENTER3/zhenxiang.wang/work/TailGuardKV/.worktrees/baseline-smoke-final-aggregation/out/full_25session_baseline_9_14/full/policy_attempts/full40_20260916_h2o_static_safe/seed20260906/config.yaml,,,,,,True,,,,12.7421875,True,full_gpu,True,,balanced_two_gpu,1,persistent,28569.113719975576,10935,32272.41833205335,,96.0,84.65625,13.671875,13.671875,13.671875,1247.1072680782527,unknown,True,,True,,False,,15477.56787109375,False,full_lru,False,,,full_gpu,,,risk_evidence_insufficient,0.0,full precision exact profile,150.17721289768815,,,,hybrid-session-025-turn-4,13.671875,0.0,13.671875,0.0,,/DATACENTER3/zhenxiang.wang/work/TailGuardKV/.worktrees/baseline-smoke-final-aggregation/out/full_25session_baseline_9_14/full/policy_attempts/full40_20260916_h2o_static_safe/seed20260906,,,hybrid-session-025,summary,150.91716102324426,4,risk_evidence_insufficient,20260906
full_gpu,13.0,0.1,False,True,online_qwen,True,,/DATACENTER3/zhenxiang.wang/work/TailGuardKV/.worktrees/baseline-smoke-final-aggregation/out/full_25session_baseline_9_14/full/policy_attempts/full40_20260916_h2o_static_safe/seed20260906/config.yaml,,,,,,True,,,,13.890625,True,full_gpu,True,,balanced_two_gpu,1,persistent,28569.113719975576,10935,32272.41833205335,,96.0,87.0625,16.296875,16.296875,16.296875,1275.909440824762,unknown,True,,True,,False,,15551.56396484375,False,full_lru,False,,,full_gpu,,,risk_evidence_insufficient,0.0,full precision exact profile,182.38653289154172,,,,hybrid-session-026-turn-4,16.296875,0.0,16.296875,0.0,,/DATACENTER3/zhenxiang.wang/work/TailGuardKV/.worktrees/baseline-smoke-final-aggregation/out/full_25session_baseline_9_14/full/policy_attempts/full40_20260916_h2o_static_safe/seed20260906,,,hybrid-session-026,qa,183.13900800421834,4,risk_evidence_insufficient,20260906
kivi_4bit_residual64,1.0,0.1,False,False,online_qwen,False,,/DATACENTER3/zhenxiang.wang/work/TailGuardKV/.worktrees/baseline-smoke-final-aggregation/out/full_25session_baseline_9_14/full/policy_attempts/full40_20260916_h2o_static_safe/seed20260906/config.yaml,,,,,0.05,True,,0.1,,0,False,kivi_4bit_residual64,True,,balanced_two_gpu,1,persistent,27403.884783852845,13206,31313.856700900942,,96.0,2.078125,2.078125,2.078125,2.078125,4941.521666944027,unknown,True,,True,,False,,15070.54150390625,True,static_best,False,0.0,0.0,kivi_4bit_residual64,0.0,,risk_evidence_insufficient,0.0,static_best,0.0,,,,hybrid-session-002-turn-0,2.078125,0.0,2.078125,0.0,0.0,/DATACENTER3/zhenxiang.wang/work/TailGuardKV/.worktrees/baseline-smoke-final-aggregation/out/full_25session_baseline_9_14/full/policy_attempts/full40_20260916_h2o_static_safe/seed20260906,True,calibrated safe,hybrid-session-002,chat,3773.8659251481295,0,risk_evidence_insufficient,20260906
kivi_4bit_residual64,2.0,0.1,False,False,online_qwen,False,,/DATACENTER3/zhenxiang.wang/work/TailGuardKV/.worktrees/baseline-smoke-final-aggregation/out/full_25session_baseline_9_14/full/policy_attempts/full40_20260916_h2o_static_safe/seed20260906/config.yaml,,,,,0.05,True,,0.1,,0,False,kivi_4bit_residual64,True,,balanced_two_gpu,1,persistent,27403.884783852845,13206,31313.856700900942,,96.0,3.5546875,1.4765625,1.4765625,1.4765625,1257.0928430650383,unknown,True,,True,,False,,15055.19384765625,True,static_best,False,0.0,0.0,kivi_4bit_residual64,0.0,,risk_evidence_insufficient,0.0,static_best,0.0,,,,hybrid-session-003-turn-0,1.4765625,0.0,1.4765625,0.0,0.0,/DATACENTER3/zhenxiang.wang/work/TailGuardKV/.worktrees/baseline-smoke-final-aggregation/out/full_25session_baseline_9_14/full/policy_attempts/full40_20260916_h2o_static_safe/seed20260906,True,calibrated safe,hybrid-session-003,chat,83.4856741130352,0,risk_evidence_insufficient,20260906
kivi_4bit_residual64,3.0,0.1,False,False,online_qwen,False,,/DATACENTER3/zhenxiang.wang/work/TailGuardKV/.worktrees/baseline-smoke-final-aggregation/out/full_25session_baseline_9_14/full/policy_attempts/full40_20260916_h2o_static_safe/seed20260906/config.yaml,,,,,0.05,True,,0.1,,0,False,kivi_4bit_residual64,True,,balanced_two_gpu,1,persistent,27403.884783852845,13206,31313.856700900942,,96.0,5.3046875,1.75,1.75,1.75,1261.6303600370884,unknown,True,,True,,False,,15063.70947265625,True,static_best,False,0.0,0.0,kivi_4bit_residual64,0.0,,risk_evidence_insufficient,0.0,static_best,0.0,,,,hybrid-session-004-turn-0,1.75,0.0,1.75,0.0,0.0,/DATACENTER3/zhenxiang.wang/work/TailGuardKV/.worktrees/baseline-smoke-final-aggregation/out/full_25session_baseline_9_14/full/policy_attempts/full40_20260916_h2o_static_safe/seed20260906,True,calibrated safe,hybrid-session-004,chat,95.45550588518381,0,risk_evidence_insufficient,20260906
kivi_4bit_residual64,4.0,0.1,False,False,online_qwen,False,,/DATACENTER3/zhenxiang.wang/work/TailGuardKV/.worktrees/baseline-smoke-final-aggregation/out/full_25session_baseline_9_14/full/policy_attempts/full40_20260916_h2o_static_safe/seed20260906/config.yaml,,,,,0.05,True,,0.1,,0,False,kivi_4bit_residual64,True,,balanced_two_gpu,1,persistent,27403.884783852845,13206,31313.856700900942,,96.0,7.21875,1.9140625,1.9140625,1.9140625,1263.0297739524394,unknown,True,,True,,False,,15070.26806640625,True,static_best,False,0.0,0.0,kivi_4bit_residual64,0.0,,risk_evidence_insufficient,0.0,static_best,0.0,,,,hybrid-session-005-turn-0,1.9140625,0.0,1.9140625,0.0,0.0,/DATACENTER3/zhenxiang.wang/work/TailGuardKV/.worktrees/baseline-smoke-final-aggregation/out/full_25session_baseline_9_14/full/policy_attempts/full40_20260916_h2o_static_safe/seed20260906,True,calibrated safe,hybrid-session-005,chat,97.1230249851942,0,risk_evidence_insufficient,20260906
kivi_4bit_residual64,5.0,0.1,False,False,online_qwen,False,,/DATACENTER3/zhenxiang.wang/work/TailGuardKV/.worktrees/baseline-smoke-final-aggregation/out/full_25session_baseline_9_14/full/policy_attempts/full40_20260916_h2o_static_safe/seed20260906/config.yaml,,,,,0.05,True,,0.1,,0,False,kivi_4bit_residual64,True,,balanced_two_gpu,1,persistent,27403.884783852845,13206,31313.856700900942,,96.0,9.84375,2.625,2.625,2.625,1283.1185159739107,unknown,True,,True,,False,,15093.27587890625,True,static_best,False,0.0,0.0,kivi_4bit_residual64,0.0,,risk_evidence_insufficient,0.0,static_best,0.0,,,,hybrid-session-006-turn-0,2.625,0.0,2.625,0.0,0.0,/DATACENTER3/zhenxiang.wang/work/TailGuardKV/.worktrees/baseline-smoke-final-aggregation/out/full_25session_baseline_9_14/full/policy_attempts/full40_20260916_h2o_static_safe/seed20260906,True,calibrated safe,hybrid-session-006,chat,99.57476705312729,0,risk_evidence_insufficient,20260906
kivi_4bit_residual64,6.0,0.1,False,False,online_qwen,False,,/DATACENTER3/zhenxiang.wang/work/TailGuardKV/.worktrees/baseline-smoke-final-aggregation/out/full_25session_baseline_9_14/full/policy_attempts/full40_20260916_h2o_static_safe/seed20260906/config.yaml,,,,,0.05,True,,0.1,,0,False,kivi_4bit_residual64,True,,balanced_two_gpu,1,persistent,27403.884783852845,13206,31313.856700900942,,96.0,11.5390625,1.6953125,1.6953125,1.6953125,1252.3117589298636,unknown,True,,True,,False,,15068.48681640625,True,static_best,False,0.0,0.0,kivi_4bit_residual64,0.0,,risk_evidence_insufficient,0.0,static_best,0.0,,,,hybrid-session-009-turn-0,1.6953125,0.0,1.6953125,0.0,0.0,/DATACENTER3/zhenxiang.wang/work/TailGuardKV/.worktrees/baseline-smoke-final-aggregation/out/full_25session_baseline_9_14/full/policy_attempts/full40_20260916_h2o_static_safe/seed20260906,True,calibrated safe,hybrid-session-009,chat,85.21848381496966,0,risk_evidence_insufficient,20260906
kivi_4bit_residual64,7.0,0.1,False,False,online_qwen,False,,/DATACENTER3/zhenxiang.wang/work/TailGuardKV/.worktrees/baseline-smoke-final-aggregation/out/full_25session_baseline_9_14/full/policy_attempts/full40_20260916_h2o_static_safe/seed20260906/config.yaml,,,,,0.05,True,,0.1,,0,False,kivi_4bit_residual64,True,,balanced_two_gpu,1,persistent,27403.884783852845,13206,31313.856700900942,,96.0,13.0703125,1.53125,1.53125,1.53125,1259.5012518577278,unknown,True,,True,,False,,15065.87646484375,True,static_best,False,0.0,0.0,kivi_4bit_residual64,0.0,,risk_evidence_insufficient,0.0,static_best,0.0,,,,hybrid-session-010-turn-0,1.53125,0.0,1.53125,0.0,0.0,/DATACENTER3/zhenxiang.wang/work/TailGuardKV/.worktrees/baseline-smoke-final-aggregation/out/full_25session_baseline_9_14/full/policy_attempts/full40_20260916_h2o_static_safe/seed20260906,True,calibrated safe,hybrid-session-010,chat,80.35609987564385,0,risk_evidence_insufficient,20260906
kivi_4bit_residual64,8.0,0.1,False,False,online_qwen,False,,/DATACENTER3/zhenxiang.wang/work/TailGuardKV/.worktrees/baseline-smoke-final-aggregation/out/full_25session_baseline_9_14/full/policy_attempts/full40_20260916_h2o_static_safe/seed20260906/config.yaml,,,,,0.05,True,,0.1,,0,False,kivi_4bit_residual64,True,,balanced_two_gpu,1,persistent,27403.884783852845,13206,31313.856700900942,,96.0,14.875,1.8046875,1.8046875,1.8046875,1259.7205450292677,unknown,True,,True,,False,,15074.73681640625,True,static_best,False,0.0,0.0,kivi_4bit_residual64,0.0,,risk_evidence_insufficient,0.0,static_best,0.0,,,,hybrid-session-013-turn-0,1.8046875,0.0,1.8046875,0.0,0.0,/DATACENTER3/zhenxiang.wang/work/TailGuardKV/.worktrees/baseline-smoke-final-aggregation/out/full_25session_baseline_9_14/full/policy_attempts/full40_20260916_h2o_static_safe/seed20260906,True,calibrated safe,hybrid-session-013,chat,95.26434098370373,0,risk_evidence_insufficient,20260906
kivi_4bit_residual64,9.0,0.1,False,False,online_qwen,False,,/DATACENTER3/zhenxiang.wang/work/TailGuardKV/.worktrees/baseline-smoke-final-aggregation/out/full_25session_baseline_9_14/full/policy_attempts/full40_20260916_h2o_static_safe/seed20260906/config.yaml,,,,,0.05,True,,0.1,,0,False,kivi_4bit_residual64,True,,balanced_two_gpu,1,persistent,27403.884783852845,13206,31313.856700900942,,96.0,17.5,2.625,2.625,2.625,1271.9974408391863,unknown,True,,True,,False,,15100.93212890625,True,static_best,False,0.0,0.0,kivi_4bit_residual64,0.0,,risk_evidence_insufficient,0.0,static_best,0.0,,,,hybrid-session-016-turn-0,2.625,0.0,2.625,0.0,0.0,/DATACENTER3/zhenxiang.wang/work/TailGuardKV/.worktrees/baseline-smoke-final-aggregation/out/full_25session_baseline_9_14/full/policy_attempts/full40_20260916_h2o_static_safe/seed20260906,True,calibrated safe,hybrid-session-016,chat,97.9006178677082,0,risk_evidence_insufficient,20260906
kivi_4bit_residual64,10.0,0.1,False,False,online_qwen,False,,/DATACENTER3/zhenxiang.wang/work/TailGuardKV/.worktrees/baseline-smoke-final-aggregation/out/full_25session_baseline_9_14/full/policy_attempts/full40_20260916_h2o_static_safe/seed20260906/config.yaml,,,,,0.05,True,,0.1,,0,False,kivi_4bit_residual64,True,,balanced_two_gpu,1,persistent,27403.884783852845,13206,31313.856700900942,,96.0,19.90625,2.40625,2.40625,2.40625,1285.5660689529032,unknown,True,,True,,False,,15095.79541015625,True,static_best,False,0.0,0.0,kivi_4bit_residual64,0.0,,risk_evidence_insufficient,0.0,static_best,0.0,,,,hybrid-session-020-turn-0,2.40625,0.0,2.40625,0.0,0.0,/DATACENTER3/zhenxiang.wang/work/TailGuardKV/.worktrees/baseline-smoke-final-aggregation/out/full_25session_baseline_9_14/full/policy_attempts/full40_20260916_h2o_static_safe/seed20260906,True,calibrated safe,hybrid-session-020,chat,96.78255603648722,0,risk_evidence_insufficient,20260906
kivi_4bit_residual64,11.0,0.1,False,False,online_qwen,False,,/DATACENTER3/zhenxiang.wang/work/TailGuardKV/.worktrees/baseline-smoke-final-aggregation/out/full_25session_baseline_9_14/full/policy_attempts/full40_20260916_h2o_static_safe/seed20260906/config.yaml,,,,,0.05,True,,0.1,,0,False,kivi_4bit_residual64,True,,balanced_two_gpu,1,persistent,27403.884783852845,13206,31313.856700900942,,96.0,22.203125,2.296875,2.296875,2.296875,1265.2034100610763,unknown,True,,True,,False,,15095.17822265625,True,static_best,False,0.0,0.0,kivi_4bit_residual64,0.0,,risk_evidence_insufficient,0.0,static_best,0.0,,,,hybrid-session-021-turn-0,2.296875,0.0,2.296875,0.0,0.0,/DATACENTER3/zhenxiang.wang/work/TailGuardKV/.worktrees/baseline-smoke-final-aggregation/out/full_25session_baseline_9_14/full/policy_attempts/full40_20260916_h2o_static_safe/seed20260906,True,calibrated safe,hybrid-session-021,chat,97.19343110918999,0,risk_evidence_insufficient,20260906
kivi_4bit_residual64,12.0,0.1,False,False,online_qwen,False,,/DATACENTER3/zhenxiang.wang/work/TailGuardKV/.worktrees/baseline-smoke-final-aggregation/out/full_25session_baseline_9_14/full/policy_attempts/full40_20260916_h2o_static_safe/seed20260906/config.yaml,,,,,0.05,True,,0.1,,0,False,kivi_4bit_residual64,True,,balanced_two_gpu,1,persistent,27403.884783852845,13206,31313.856700900942,,96.0,24.171875,1.96875,1.96875,1.96875,1266.1826880648732,unknown,True,,True,,False,,15088.40478515625,True,static_best,False,0.0,0.0,kivi_4bit_residual64,0.0,,risk_evidence_insufficient,0.0,static_best,0.0,,,,hybrid-session-025-turn-0,1.96875,0.0,1.96875,0.0,0.0,/DATACENTER3/zhenxiang.wang/work/TailGuardKV/.worktrees/baseline-smoke-final-aggregation/out/full_25session_baseline_9_14/full/policy_attempts/full40_20260916_h2o_static_safe/seed20260906,True,calibrated safe,hybrid-session-025,chat,95.1305020134896,0,risk_evidence_insufficient,20260906
kivi_4bit_residual64,13.0,0.1,False,False,online_qwen,False,,/DATACENTER3/zhenxiang.wang/work/TailGuardKV/.worktrees/baseline-smoke-final-aggregation/out/full_25session_baseline_9_14/full/policy_attempts/full40_20260916_h2o_static_safe/seed20260906/config.yaml,,,,,0.05,True,,0.1,,0,False,kivi_4bit_residual64,True,,balanced_two_gpu,1,persistent,27403.884783852845,13206,31313.856700900942,,96.0,26.359375,2.1875,2.1875,2.1875,1279.9632179085165,unknown,True,,True,,False,,15096.42041015625,True,static_best,False,0.0,0.0,kivi_4bit_residual64,0.0,,risk_evidence_insufficient,0.0,static_best,0.0,,,,hybrid-session-026-turn-0,2.1875,0.0,2.1875,0.0,0.0,/DATACENTER3/zhenxiang.wang/work/TailGuardKV/.worktrees/baseline-smoke-final-aggregation/out/full_25session_baseline_9_14/full/policy_attempts/full40_20260916_h2o_static_safe/seed20260906,True,calibrated safe,hybrid-session-026,chat,96.76325507462025,0,risk_evidence_insufficient,20260906
kivi_4bit_residual64,13.0,0.1,False,False,online_qwen,False,,/DATACENTER3/zhenxiang.wang/work/TailGuardKV/.worktrees/baseline-smoke-final-aggregation/out/full_25session_baseline_9_14/full/policy_attempts/full40_20260916_h2o_static_safe/seed20260906/config.yaml,,,,,0.05,True,,0.1,,0,False,kivi_4bit_residual64,True,,balanced_two_gpu,1,persistent,27403.884783852845,13206,31313.856700900942,,96.0,26.829345703125,2.548095703125,2.548095703125,0.469970703125,4797.982159070671,unknown,True,,True,,False,,15088.02685546875,True,static_best,False,0.0,0.0,kivi_4bit_residual64,0.0,,risk_evidence_insufficient,0.0,static_best,0.0,,,,hybrid-session-002-turn-1,2.548095703125,2.078125,2.548095703125,0.0,0.0,/DATACENTER3/zhenxiang.wang/work/TailGuardKV/.worktrees/baseline-smoke-final-aggregation/out/full_25session_baseline_9_14/full/policy_attempts/full40_20260916_h2o_static_safe/seed20260906,True,calibrated safe,hybrid-session-002,chat,95.60173819772899,1,risk_evidence_insufficient,20260906
kivi_4bit_residual64,13.0,0.1,True,False,online_qwen,False,,/DATACENTER3/zhenxiang.wang/work/TailGuardKV/.worktrees/baseline-smoke-final-aggregation/out/full_25session_baseline_9_14/full/policy_attempts/full40_20260916_h2o_static_safe/seed20260906/config.yaml,,,,,0.05,True,,0.1,,0,False,kivi_4bit_residual64,True,,balanced_two_gpu,1,persistent,27403.884783852845,13206,31313.856700900942,,96.0,28.251220703125,2.8984375,2.8984375,1.421875,1304.7045830171555,unknown,True,,True,,False,,15078.74658203125,True,static_best,False,0.0,0.0,kivi_4bit_residual64,0.0,,risk_evidence_insufficient,0.0,static_best,0.0,,,,hybrid-session-003-turn-1,2.8984375,1.4765625,2.8984375,0.0,0.0,/DATACENTER3/zhenxiang.wang/work/TailGuardKV/.worktrees/baseline-smoke-final-aggregation/out/full_25session_baseline_9_14/full/policy_attempts/full40_20260916_h2o_static_safe/seed20260906,True,calibrated safe,hybrid-session-003,chat,95.5346820410341,1,risk_evidence_insufficient,20260906
kivi_4bit_residual64,13.0,0.1,False,False,online_qwen,False,,/DATACENTER3/zhenxiang.wang/work/TailGuardKV/.worktrees/baseline-smoke-final-aggregation/out/full_25session_baseline_9_14/full/policy_attempts/full40_20260916_h2o_static_safe/seed20260906/config.yaml,,,,,0.05,True,,0.1,,0,False,kivi_4bit_residual64,True,,balanced_two_gpu,1,persistent,27403.884783852845,13206,31313.856700900942,,96.0,29.76708984375,3.265869140625,3.265869140625,1.515869140625,1991.6843199171126,unknown,True,,True,,False,,15128.7724609375,True,static_best,False,0.0,0.0,kivi_4bit_residual64,0.0,,risk_evidence_insufficient,0.0,static_best,0.0,,,,hybrid-session-004-turn-1,3.265869140625,1.75,3.265869140625,0.0,0.0,/DATACENTER3/zhenxiang.wang/work/TailGuardKV/.worktrees/baseline-smoke-final-aggregation/out/full_25session_baseline_9_14/full/policy_attempts/full40_20260916_h2o_static_safe/seed20260906,True,calibrated safe,hybrid-session-004,chat,173.61606401391327,1,risk_evidence_insufficient,20260906
kivi_4bit_residual64,13.0,0.1,False,False,online_qwen,False,,/DATACENTER3/zhenxiang.wang/work/TailGuardKV/.worktrees/baseline-smoke-final-aggregation/out/full_25session_baseline_9_14/full/policy_attempts/full40_20260916_h2o_static_safe/seed20260906/config.yaml,,,,,0.05,True,,0.1,,0,False,kivi_4bit_residual64,True,,balanced_two_gpu,1,persistent,27403.884783852845,13206,31313.856700900942,,96.0,30.65234375,2.79931640625,2.79931640625,0.88525390625,1885.987050132826,unknown,True,,True,,False,,15106.55908203125,True,static_best,False,0.0,0.0,kivi_4bit_residual64,0.0,,risk_evidence_insufficient,0.0,static_best,0.0,,,,hybrid-session-005-turn-1,2.79931640625,1.9140625,2.79931640625,0.0,0.0,/DATACENTER3/zhenxiang.wang/work/TailGuardKV/.worktrees/baseline-smoke-final-aggregation/out/full_25session_baseline_9_14/full/policy_attempts/full40_20260916_h2o_static_safe/seed20260906,True,calibrated safe,hybrid-session-005,chat,103.44885219819844,1,risk_evidence_insufficient,20260906
kivi_4bit_residual64,13.0,0.1,False,False,online_qwen,False,,/DATACENTER3/zhenxiang.wang/work/TailGuardKV/.worktrees/baseline-smoke-final-aggregation/out/full_25session_baseline_9_14/full/policy_attempts/full40_20260916_h2o_static_safe/seed20260906/config.yaml,,,,,0.05,True,,0.1,,0,False,kivi_4bit_residual64,True,,balanced_two_gpu,1,persistent,27403.884783852845,13206,31313.856700900942,,96.0,31.47265625,3.4453125,3.4453125,0.8203125,1965.139102889225,unknown,True,,True,,False,,15114.3935546875,True,static_best,False,0.0,0.0,kivi_4bit_residual64,0.0,,risk_evidence_insufficient,0.0,static_best,0.0,,,,hybrid-session-006-turn-1,3.4453125,2.625,3.4453125,0.0,0.0,/DATACENTER3/zhenxiang.wang/work/TailGuardKV/.worktrees/baseline-smoke-final-aggregation/out/full_25session_baseline_9_14/full/policy_attempts/full40_20260916_h2o_static_safe/seed20260906,True,calibrated safe,hybrid-session-006,chat,152.19771000556648,1,risk_evidence_insufficient,20260906
kivi_4bit_residual64,13.0,0.1,False,False,online_qwen,False,,/DATACENTER3/zhenxiang.wang/work/TailGuardKV/.worktrees/baseline-smoke-final-aggregation/out/full_25session_baseline_9_14/full/policy_attempts/full40_20260916_h2o_static_safe/seed20260906/config.yaml,,,,,0.05,True,,0.1,,0,False,kivi_4bit_residual64,True,,balanced_two_gpu,1,persistent,27403.884783852845,13206,31313.856700900942,,96.0,33.16796875,3.390625,3.390625,1.6953125,1265.0829548947513,unknown,True,,True,,False,,15090.15771484375,True,static_best,False,0.0,0.0,kivi_4bit_residual64,0.0,,risk_evidence_insufficient,0.0,static_best,0.0,,,,hybrid-session-009-turn-1,3.390625,1.6953125,3.390625,0.0,0.0,/DATACENTER3/zhenxiang.wang/work/TailGuardKV/.worktrees/baseline-smoke-final-aggregation/out/full_25session_baseline_9_14/full/policy_attempts/full40_20260916_h2o_static_safe/seed20260906,True,calibrated safe,hybrid-session-009,chat,87.49761595390737,1,risk_evidence_insufficient,20260906
kivi_4bit_residual64,13.0,0.1,False,False,online_qwen,False,,/DATACENTER3/zhenxiang.wang/work/TailGuardKV/.worktrees/baseline-smoke-final-aggregation/out/full_25session_baseline_9_14/full/policy_attempts/full40_20260916_h2o_static_safe/seed20260906/config.yaml,,,,,0.05,True,,0.1,,0,False,kivi_4bit_residual64,True,,balanced_two_gpu,1,persistent,27403.884783852845,13206,31313.856700900942,,96.0,34.80859375,3.171875,3.171875,1.640625,1269.813938997686,unknown,True,,True,,False,,15090.34130859375,True,static_best,False,0.0,0.0,kivi_4bit_residual64,0.0,,risk_evidence_insufficient,0.0,static_best,0.0,,,,hybrid-session-010-turn-1,3.171875,1.53125,3.171875,0.0,0.0,/DATACENTER3/zhenxiang.wang/work/TailGuardKV/.worktrees/baseline-smoke-final-aggregation/out/full_25session_baseline_9_14/full/policy_attempts/full40_20260916_h2o_static_safe/seed20260906,True,calibrated safe,hybrid-session-010,chat,88.15711690112948,1,risk_evidence_insufficient,20260906
kivi_4bit_residual64,13.0,0.1,False,False,online_qwen,False,,/DATACENTER3/zhenxiang.wang/work/TailGuardKV/.worktrees/baseline-smoke-final-aggregation/out/full_25session_baseline_9_14/full/policy_attempts/full40_20260916_h2o_static_safe/seed20260906/config.yaml,,,,,0.05,True,,0.1,,0,False,kivi_4bit_residual64,True,,balanced_two_gpu,1,persistent,27403.884783852845,13206,31313.856700900942,,96.0,36.23046875,3.2265625,3.2265625,1.421875,1256.1309828888625,unknown,True,,True,,False,,15086.74462890625,True,static_best,False,0.0,0.0,kivi_4bit_residual64,0.0,,risk_evidence_insufficient,0.0,static_best,0.0,,,,hybrid-session-013-turn-1,3.2265625,1.8046875,3.2265625,0.0,0.0,/DATACENTER3/zhenxiang.wang/work/TailGuardKV/.worktrees/baseline-smoke-final-aggregation/out/full_25session_baseline_9_14/full/policy_attempts/full40_20260916_h2o_static_safe/seed20260906,True,calibrated safe,hybrid-session-013,chat,86.16671897470951,1,risk_evidence_insufficient,20260906
kivi_4bit_residual64,13.0,0.1,False,False,online_qwen,False,,/DATACENTER3/zhenxiang.wang/work/TailGuardKV/.worktrees/baseline-smoke-final-aggregation/out/full_25session_baseline_9_14/full/policy_attempts/full40_20260916_h2o_static_safe/seed20260906/config.yaml,,,,,0.05,True,,0.1,,0,False,kivi_4bit_residual64,True,,balanced_two_gpu,1,persistent,27403.884783852845,13206,31313.856700900942,,96.0,36.297119140625,2.691650390625,2.691650390625,0.066650390625,1733.355041127652,unknown,True,,True,,False,,15089.38818359375,True,static_best,False,0.0,0.0,kivi_4bit_residual64,0.0,,risk_evidence_insufficient,0.0,static_best,0.0,,,,hybrid-session-016-turn-1,2.691650390625,2.625,2.691650390625,0.0,0.0,/DATACENTER3/zhenxiang.wang/work/TailGuardKV/.worktrees/baseline-smoke-final-aggregation/out/full_25session_baseline_9_14/full/policy_attempts/full40_20260916_h2o_static_safe/seed20260906,True,calibrated safe,hybrid-session-016,chat,86.8404321372509,1,risk_evidence_insufficient,20260906
kivi_4bit_residual64,13.0,0.1,False,False,online_qwen,False,,/DATACENTER3/zhenxiang.wang/work/TailGuardKV/.worktrees/baseline-smoke-final-aggregation/out/full_25session_baseline_9_14/full/policy_attempts/full40_20260916_h2o_static_safe/seed20260906/config.yaml,,,,,0.05,True,,0.1,,0,False,kivi_4bit_residual64,True,,balanced_two_gpu,1,persistent,27403.884783852845,13206,31313.856700900942,,96.0,36.690185546875,2.79931640625,2.79931640625,0.39306640625,1866.222260054201,unknown,True,,True,,False,,15100.35595703125,True,static_best,False,0.0,0.0,kivi_4bit_residual64,0.0,,risk_evidence_insufficient,0.0,static_best,0.0,,,,hybrid-session-020-turn-1,2.79931640625,2.40625,2.79931640625,0.0,0.0,/DATACENTER3/zhenxiang.wang/work/TailGuardKV/.worktrees/baseline-smoke-final-aggregation/out/full_25session_baseline_9_14/full/policy_attempts/full40_20260916_h2o_static_safe/seed20260906,True,calibrated safe,hybrid-session-020,chat,99.737165030092,1,risk_evidence_insufficient,20260906
kivi_4bit_residual64,13.0,0.1,False,False,online_qwen,False,,/DATACENTER3/zhenxiang.wang/work/TailGuardKV/.worktrees/baseline-smoke-final-aggregation/out/full_25session_baseline_9_14/full/policy_attempts/full40_20260916_h2o_static_safe/seed20260906/config.yaml,,,,,0.05,True,,0.1,,0,False,kivi_4bit_residual64,True,,balanced_two_gpu,1,persistent,27403.884783852845,13206,31313.856700900942,,96.0,37.3720703125,2.978759765625,2.978759765625,0.681884765625,1963.8972762040794,unknown,True,,True,,False,,15109.2490234375,True,static_best,False,0.0,0.0,kivi_4bit_residual64,0.0,,risk_evidence_insufficient,0.0,static_best,0.0,,,,hybrid-session-021-turn-1,2.978759765625,2.296875,2.978759765625,0.0,0.0,/DATACENTER3/zhenxiang.wang/work/TailGuardKV/.worktrees/baseline-smoke-final-aggregation/out/full_25session_baseline_9_14/full/policy_attempts/full40_20260916_h2o_static_safe/seed20260906,True,calibrated safe,hybrid-session-021,chat,150.6420650985092,1,risk_evidence_insufficient,20260906
kivi_4bit_residual64,13.0,0.1,False,False,online_qwen,False,,/DATACENTER3/zhenxiang.wang/work/TailGuardKV/.worktrees/baseline-smoke-final-aggregation/out/full_25session_baseline_9_14/full/policy_attempts/full40_20260916_h2o_static_safe/seed20260906/config.yaml,,,,,0.05,True,,0.1,,0,False,kivi_4bit_residual64,True,,balanced_two_gpu,1,persistent,27403.884783852845,13206,31313.856700900942,,96.0,38.6845703125,3.28125,3.28125,1.3125,1262.0614650659263,unknown,True,,True,,False,,15085.52294921875,True,static_best,False,0.005128205128205128,0.005128205128205128,kivi_4bit_residual64,0.005128205128205128,,risk_evidence_insufficient,0.0,static_best,0.0,,,,hybrid-session-025-turn-1,3.28125,1.96875,3.28125,0.0,0.005128205128205128,/DATACENTER3/zhenxiang.wang/work/TailGuardKV/.worktrees/baseline-smoke-final-aggregation/out/full_25session_baseline_9_14/full/policy_attempts/full40_20260916_h2o_static_safe/seed20260906,True,calibrated safe,hybrid-session-025,chat,87.39069500006735,1,risk_evidence_insufficient,20260906
kivi_4bit_residual64,13.0,0.1,False,False,online_qwen,False,,/DATACENTER3/zhenxiang.wang/work/TailGuardKV/.worktrees/baseline-smoke-final-aggregation/out/full_25session_baseline_9_14/full/policy_attempts/full40_20260916_h2o_static_safe/seed20260906/config.yaml,,,,,0.05,True,,0.1,,0,False,kivi_4bit_residual64,True,,balanced_two_gpu,1,persistent,27403.884783852845,13206,31313.856700900942,,96.0,39.547607421875,3.050537109375,3.050537109375,0.863037109375,1945.132948923856,unknown,True,,True,,False,,15117.2783203125,True,static_best,False,0.0,0.0,kivi_4bit_residual64,0.0,,risk_evidence_insufficient,0.0,static_best,0.0,,,,hybrid-session-026-turn-1,3.050537109375,2.1875,3.050537109375,0.0,0.0,/DATACENTER3/zhenxiang.wang/work/TailGuardKV/.worktrees/baseline-smoke-final-aggregation/out/full_25session_baseline_9_14/full/policy_attempts/full40_20260916_h2o_static_safe/seed20260906,True,calibrated safe,hybrid-session-026,chat,154.01729801669717,1,risk_evidence_insufficient,20260906
kivi_4bit_residual64,13.0,0.1,True,False,online_qwen,False,,/DATACENTER3/zhenxiang.wang/work/TailGuardKV/.worktrees/baseline-smoke-final-aggregation/out/full_25session_baseline_9_14/full/policy_attempts/full40_20260916_h2o_static_safe/seed20260906/config.yaml,,,,,0.05,True,,0.1,,0,False,kivi_4bit_residual64,True,,balanced_two_gpu,1,persistent,27403.884783852845,13206,31313.856700900942,,96.0,41.591552734375,4.592041015625,4.592041015625,2.0439453125,2027.219498064369,unknown,True,,True,,False,,15237.5693359375,True,static_best,False,0.0,0.0,kivi_4bit_residual64,0.0,,risk_evidence_insufficient,0.0,static_best,0.0,,,,hybrid-session-002-turn-2,4.592041015625,2.548095703125,4.592041015625,0.0,0.0,/DATACENTER3/zhenxiang.wang/work/TailGuardKV/.worktrees/baseline-smoke-final-aggregation/out/full_25session_baseline_9_14/full/policy_attempts/full40_20260916_h2o_static_safe/seed20260906,True,calibrated safe,hybrid-session-002,qa,196.9047780148685,2,risk_evidence_insufficient,20260906
kivi_4bit_residual64,13.0,0.1,False,False,online_qwen,False,,/DATACENTER3/zhenxiang.wang/work/TailGuardKV/.worktrees/baseline-smoke-final-aggregation/out/full_25session_baseline_9_14/full/policy_attempts/full40_20260916_h2o_static_safe/seed20260906/config.yaml,,,,,0.05,True,,0.1,,0,False,kivi_4bit_residual64,True,,balanced_two_gpu,1,persistent,27403.884783852845,13206,31313.856700900942,,96.0,43.84228515625,5.149169921875,5.149169921875,2.250732421875,1997.588800964877,unknown,True,,True,,False,,15238.6494140625,True,static_best,False,0.0,0.0,kivi_4bit_residual64,0.0,,risk_evidence_insufficient,0.0,static_best,0.0,,,,hybrid-session-003-turn-2,5.149169921875,2.8984375,5.149169921875,0.0,0.0,/DATACENTER3/zhenxiang.wang/work/TailGuardKV/.worktrees/baseline-smoke-final-aggregation/out/full_25session_baseline_9_14/full/policy_attempts/full40_20260916_h2o_static_safe/seed20260906,True,calibrated safe,hybrid-session-003,summary,181.85606901533902,2,risk_evidence_insufficient,20260906
kivi_4bit_residual64,13.0,0.1,False,False,online_qwen,False,,/DATACENTER3/zhenxiang.wang/work/TailGuardKV/.worktrees/baseline-smoke-final-aggregation/out/full_25session_baseline_9_14/full/policy_attempts/full40_20260916_h2o_static_safe/seed20260906/config.yaml,,,,,0.05,True,,0.1,,0,False,kivi_4bit_residual64,True,,balanced_two_gpu,1,persistent,27403.884783852845,13206,31313.856700900942,,96.0,45.347900390625,4.771484375,4.771484375,1.505615234375,2026.4693771023303,unknown,True,,True,,False,,15217.580078125,True,static_best,False,0.03418803418803419,0.03418803418803419,kivi_4bit_residual64,0.03418803418803419,,risk_evidence_insufficient,0.0,static_best,0.0,,,,hybrid-session-004-turn-2,4.771484375,3.265869140625,4.771484375,0.0,0.3418803418803419,/DATACENTER3/zhenxiang.wang/work/TailGuardKV/.worktrees/baseline-smoke-final-aggregation/out/full_25session_baseline_9_14/full/policy_attempts/full40_20260916_h2o_static_safe/seed20260906,False,calibrated unsafe,hybrid-session-004,qa,192.74759921245277,2,risk_evidence_insufficient,20260906
kivi_4bit_residual64,13.0,0.1,False,False,online_qwen,False,,/DATACENTER3/zhenxiang.wang/work/TailGuardKV/.worktrees/baseline-smoke-final-aggregation/out/full_25session_baseline_9_14/full/policy_attempts/full40_20260916_h2o_static_safe/seed20260906/config.yaml,,,,,0.05,True,,0.1,,0,False,kivi_4bit_residual64,True,,balanced_two_gpu,1,persistent,27403.884783852845,13206,31313.856700900942,,96.0,47.06884765625,4.520263671875,4.520263671875,1.720947265625,2048.305068165064,unknown,True,,True,,False,,15228.064453125,True,static_best,False,0.0,0.0,kivi_4bit_residual64,0.0,,risk_evidence_insufficient,0.0,static_best,0.0,,,,hybrid-session-005-turn-2,4.520263671875,2.79931640625,4.520263671875,0.0,0.0,/DATACENTER3/zhenxiang.wang/work/TailGuardKV/.worktrees/baseline-smoke-final-aggregation/out/full_25session_baseline_9_14/full/policy_attempts/full40_20260916_h2o_static_safe/seed20260906,True,calibrated safe,hybrid-session-005,summary,190.71813113987446,2,risk_evidence_insufficient,20260906
kivi_4bit_residual64,13.0,0.1,False,False,online_qwen,False,,/DATACENTER3/zhenxiang.wang/work/TailGuardKV/.worktrees/baseline-smoke-final-aggregation/out/full_25session_baseline_9_14/full/policy_attempts/full40_20260916_h2o_static_safe/seed20260906/config.yaml,,,,,0.05,True,,0.1,,0,False,kivi_4bit_residual64,True,,balanced_two_gpu,1,persistent,27403.884783852845,13206,31313.856700900942,,96.0,49.68701171875,6.0634765625,6.0634765625,2.6181640625,2034.272618824616,unknown,True,,True,,False,,15265.92138671875,True,static_best,False,0.03418803418803419,0.03418803418803419,kivi_4bit_residual64,0.03418803418803419,,risk_evidence_insufficient,0.0,static_best,0.0,,,,hybrid-session-006-turn-2,6.0634765625,3.4453125,6.0634765625,0.0,0.3418803418803419,/DATACENTER3/zhenxiang.wang/work/TailGuardKV/.worktrees/baseline-smoke-final-aggregation/out/full_25session_baseline_9_14/full/policy_attempts/full40_20260916_h2o_static_safe/seed20260906,False,calibrated unsafe,hybrid-session-006,qa,194.30977292358875,2,risk_evidence_insufficient,20260906
kivi_4bit_residual64,13.0,0.1,False,False,online_qwen,False,,/DATACENTER3/zhenxiang.wang/work/TailGuardKV/.worktrees/baseline-smoke-final-aggregation/out/full_25session_baseline_9_14/full/policy_attempts/full40_20260916_h2o_static_safe/seed20260906/config.yaml,,,,,0.05,True,,0.1,,0,False,kivi_4bit_residual64,True,,balanced_two_gpu,1,persistent,27403.884783852845,13206,31313.856700900942,,96.0,51.302001953125,5.005615234375,5.005615234375,1.614990234375,1986.7392021697015,unknown,True,,True,,False,,15225.28515625,True,static_best,False,0.0,0.0,kivi_4bit_residual64,0.0,,risk_evidence_insufficient,0.0,static_best,0.0,,,,hybrid-session-009-turn-2,5.005615234375,3.390625,5.005615234375,0.0,0.0,/DATACENTER3/zhenxiang.wang/work/TailGuardKV/.worktrees/baseline-smoke-final-aggregation/out/full_25session_baseline_9_14/full/policy_attempts/full40_20260916_h2o_static_safe/seed20260906,True,calibrated safe,hybrid-session-009,summary,167.7573760971427,2,risk_evidence_insufficient,20260906
kivi_4bit_residual64,13.0,0.1,False,False,online_qwen,False,,/DATACENTER3/zhenxiang.wang/work/TailGuardKV/.worktrees/baseline-smoke-final-aggregation/out/full_25session_baseline_9_14/full/policy_attempts/full40_20260916_h2o_static_safe/seed20260906/config.yaml,,,,,0.05,True,,0.1,,0,False,kivi_4bit_residual64,True,,balanced_two_gpu,1,persistent,27403.884783852845,13206,31313.856700900942,,96.0,53.56640625,5.436279296875,5.436279296875,2.264404296875,1998.9104019477963,unknown,True,,True,,False,,15250.880859375,True,static_best,False,0.0,0.0,kivi_4bit_residual64,0.0,,risk_evidence_insufficient,0.0,static_best,0.0,,,,hybrid-session-010-turn-2,5.436279296875,3.171875,5.436279296875,0.0,0.0,/DATACENTER3/zhenxiang.wang/work/TailGuardKV/.worktrees/baseline-smoke-final-aggregation/out/full_25session_baseline_9_14/full/policy_attempts/full40_20260916_h2o_static_safe/seed20260906,True,calibrated safe,hybrid-session-010,qa,174.67749980278313,2,risk_evidence_insufficient,20260906
kivi_4bit_residual64,13.0,0.1,True,False,online_qwen,False,,/DATACENTER3/zhenxiang.wang/work/TailGuardKV/.worktrees/baseline-smoke-final-aggregation/out/full_25session_baseline_9_14/full/policy_attempts/full40_20260916_h2o_static_safe/seed20260906/config.yaml,,,,,0.05,True,,0.1,,0,False,kivi_4bit_residual64,True,,balanced_two_gpu,1,persistent,27403.884783852845,13206,31313.856700900942,,96.0,55.52490234375,5.18505859375,5.18505859375,1.95849609375,2439.8626680485904,unknown,True,,True,,False,,15241.21484375,True,static_best,False,0.0,0.0,kivi_4bit_residual64,0.0,,risk_evidence_insufficient,0.0,static_best,0.0,,,,hybrid-session-013-turn-2,5.18505859375,3.2265625,5.18505859375,0.0,0.0,/DATACENTER3/zhenxiang.wang/work/TailGuardKV/.worktrees/baseline-smoke-final-aggregation/out/full_25session_baseline_9_14/full/policy_attempts/full40_20260916_h2o_static_safe/seed20260906,True,calibrated safe,hybrid-session-013,summary,185.49959501251578,2,risk_evidence_insufficient,20260906
kivi_4bit_residual64,13.0,0.1,False,False,online_qwen,False,,/DATACENTER3/zhenxiang.wang/work/TailGuardKV/.worktrees/baseline-smoke-final-aggregation/out/full_25session_baseline_9_14/full/policy_attempts/full40_20260916_h2o_static_safe/seed20260906/config.yaml,,,,,0.05,True,,0.1,,0,False,kivi_4bit_residual64,True,,balanced_two_gpu,1,persistent,27403.884783852845,13206,31313.856700900942,,96.0,57.389404296875,4.55615234375,4.55615234375,1.864501953125,2242.6295920740813,unknown,True,,True,,False,,15244.291015625,True,static_best,False,0.0,0.0,kivi_4bit_residual64,0.0,,risk_evidence_insufficient,0.0,static_best,0.0,,,,hybrid-session-016-turn-2,4.55615234375,2.691650390625,4.55615234375,0.0,0.0,/DATACENTER3/zhenxiang.wang/work/TailGuardKV/.worktrees/baseline-smoke-final-aggregation/out/full_25session_baseline_9_14/full/policy_attempts/full40_20260916_h2o_static_safe/seed20260906,True,calibrated safe,hybrid-session-016,qa,233.88728708960116,2,risk_evidence_insufficient,20260906
kivi_4bit_residual64,13.0,0.1,True,False,online_qwen,False,,/DATACENTER3/zhenxiang.wang/work/TailGuardKV/.worktrees/baseline-smoke-final-aggregation/out/full_25session_baseline_9_14/full/policy_attempts/full40_20260916_h2o_static_safe/seed20260906/config.yaml,,,,,0.05,True,,0.1,,0,False,kivi_4bit_residual64,True,,balanced_two_gpu,1,persistent,27403.884783852845,13206,31313.856700900942,,96.0,59.18212890625,4.592041015625,4.592041015625,1.792724609375,2103.1361049972475,unknown,True,,True,,False,,15243.1875,True,static_best,False,0.03418803418803419,0.03418803418803419,kivi_4bit_residual64,0.03418803418803419,,risk_evidence_insufficient,0.0,static_best,0.0,,,,hybrid-session-020-turn-2,4.592041015625,2.79931640625,4.592041015625,0.0,0.3418803418803419,/DATACENTER3/zhenxiang.wang/work/TailGuardKV/.worktrees/baseline-smoke-final-aggregation/out/full_25session_baseline_9_14/full/policy_attempts/full40_20260916_h2o_static_safe/seed20260906,False,calibrated unsafe,hybrid-session-020,qa,200.30410401523113,2,risk_evidence_insufficient,20260906
kivi_4bit_residual64,13.0,0.1,False,False,online_qwen,False,,/DATACENTER3/zhenxiang.wang/work/TailGuardKV/.worktrees/baseline-smoke-final-aggregation/out/full_25session_baseline_9_14/full/policy_attempts/full40_20260916_h2o_static_safe/seed20260906/config.yaml,,,,,0.05,True,,0.1,,0,False,kivi_4bit_residual64,True,,balanced_two_gpu,1,persistent,27403.884783852845,13206,31313.856700900942,,96.0,61.154296875,4.950927734375,4.950927734375,1.97216796875,2088.5509678628296,unknown,True,,True,,False,,15253.3935546875,True,static_best,False,0.0,0.0,kivi_4bit_residual64,0.0,,risk_evidence_insufficient,0.0,static_best,0.0,,,,hybrid-session-021-turn-2,4.950927734375,2.978759765625,4.950927734375,0.0,0.0,/DATACENTER3/zhenxiang.wang/work/TailGuardKV/.worktrees/baseline-smoke-final-aggregation/out/full_25session_baseline_9_14/full/policy_attempts/full40_20260916_h2o_static_safe/seed20260906,True,calibrated safe,hybrid-session-021,summary,202.81294197775424,2,risk_evidence_insufficient,20260906
kivi_4bit_residual64,13.0,0.1,False,False,online_qwen,False,,/DATACENTER3/zhenxiang.wang/work/TailGuardKV/.worktrees/baseline-smoke-final-aggregation/out/full_25session_baseline_9_14/full/policy_attempts/full40_20260916_h2o_static_safe/seed20260906/config.yaml,,,,,0.05,True,,0.1,,0,False,kivi_4bit_residual64,True,,balanced_two_gpu,1,persistent,27403.884783852845,13206,31313.856700900942,,96.0,63.165771484375,5.292724609375,5.292724609375,2.011474609375,2026.1094360612333,unknown,True,,True,,False,,15251.8046875,True,static_best,False,0.0,0.0,kivi_4bit_residual64,0.0,,risk_evidence_insufficient,0.0,static_best,0.0,,,,hybrid-session-025-turn-2,5.292724609375,3.28125,5.292724609375,0.0,0.0,/DATACENTER3/zhenxiang.wang/work/TailGuardKV/.worktrees/baseline-smoke-final-aggregation/out/full_25session_baseline_9_14/full/policy_attempts/full40_20260916_h2o_static_safe/seed20260906,True,calibrated safe,hybrid-session-025,summary,169.86159794032574,2,risk_evidence_insufficient,20260906
kivi_4bit_residual64,13.0,0.1,False,False,online_qwen,False,,/DATACENTER3/zhenxiang.wang/work/TailGuardKV/.worktrees/baseline-smoke-final-aggregation/out/full_25session_baseline_9_14/full/policy_attempts/full40_20260916_h2o_static_safe/seed20260906/config.yaml,,,,,0.05,True,,0.1,,0,False,kivi_4bit_residual64,True,,balanced_two_gpu,1,persistent,27403.884783852845,13206,31313.856700900942,,96.0,65.209716796875,5.094482421875,5.094482421875,2.0439453125,2031.1345311347395,unknown,True,,True,,False,,15260.15673828125,True,static_best,False,0.03418803418803419,0.03418803418803419,kivi_4bit_residual64,0.03418803418803419,,risk_evidence_insufficient,0.0,static_best,0.0,,,,hybrid-session-026-turn-2,5.094482421875,3.050537109375,5.094482421875,0.0,0.3418803418803419,/DATACENTER3/zhenxiang.wang/work/TailGuardKV/.worktrees/baseline-smoke-final-aggregation/out/full_25session_baseline_9_14/full/policy_attempts/full40_20260916_h2o_static_safe/seed20260906,False,calibrated unsafe,hybrid-session-026,qa,188.75259696505964,2,risk_evidence_insufficient,20260906
kivi_4bit_residual64,13.0,0.1,False,False,online_qwen,False,,/DATACENTER3/zhenxiang.wang/work/TailGuardKV/.worktrees/baseline-smoke-final-aggregation/out/full_25session_baseline_9_14/full/policy_attempts/full40_20260916_h2o_static_safe/seed20260906/config.yaml,,,,,0.05,True,,0.1,,0,False,kivi_4bit_residual64,True,,balanced_two_gpu,1,persistent,27403.884783852845,13206,31313.856700900942,,96.0,66.82470703125,6.20703125,6.20703125,1.614990234375,2006.6118440590799,unknown,True,,True,,False,,15144.7421875,True,static_best,False,0.0,0.0,kivi_4bit_residual64,0.0,,risk_evidence_insufficient,0.0,static_best,0.0,,,,hybrid-session-002-turn-3,6.20703125,4.592041015625,6.20703125,0.0,0.0,/DATACENTER3/zhenxiang.wang/work/TailGuardKV/.worktrees/baseline-smoke-final-aggregation/out/full_25session_baseline_9_14/full/policy_attempts/full40_20260916_h2o_static_safe/seed20260906,True,calibrated safe,hybrid-session-002,qa,153.01935118623078,3,risk_evidence_insufficient,20260906
kivi_4bit_residual64,13.0,0.1,False,False,online_qwen,False,,/DATACENTER3/zhenxiang.wang/work/TailGuardKV/.worktrees/baseline-smoke-final-aggregation/out/full_25session_baseline_9_14/full/policy_attempts/full40_20260916_h2o_static_safe/seed20260906/config.yaml,,,,,0.05,True,,0.1,,0,False,kivi_4bit_residual64,True,,balanced_two_gpu,1,persistent,27403.884783852845,13206,31313.856700900942,,96.0,67.20068359375,5.525146484375,5.525146484375,0.3759765625,2047.1012899652123,unknown,True,,True,,False,,15143.60546875,True,static_best,False,0.0,0.0,kivi_4bit_residual64,0.0,,risk_evidence_insufficient,0.0,static_best,0.0,,,,hybrid-session-003-turn-3,5.525146484375,5.149169921875,5.525146484375,0.0,0.0,/DATACENTER3/zhenxiang.wang/work/TailGuardKV/.worktrees/baseline-smoke-final-aggregation/out/full_25session_baseline_9_14/full/policy_attempts/full40_20260916_h2o_static_safe/seed20260906,True,calibrated safe,hybrid-session-003,summary,176.3639859855175,3,risk_evidence_insufficient,20260906
kivi_4bit_residual64,13.0,0.1,False,False,online_qwen,False,,/DATACENTER3/zhenxiang.wang/work/TailGuardKV/.worktrees/baseline-smoke-final-aggregation/out/full_25session_baseline_9_14/full/policy_attempts/full40_20260916_h2o_static_safe/seed20260906/config.yaml,,,,,0.05,True,,0.1,,0,False,kivi_4bit_residual64,True,,balanced_two_gpu,1,persistent,27403.884783852845,13206,31313.856700900942,,96.0,68.815673828125,6.386474609375,6.386474609375,1.614990234375,1993.3704829309136,unknown,True,,True,,False,,15146.689453125,True,static_best,False,0.03418803418803419,0.03418803418803419,kivi_4bit_residual64,0.03418803418803419,,risk_evidence_insufficient,0.0,static_best,0.0,,,,hybrid-session-004-turn-3,6.386474609375,4.771484375,6.386474609375,0.0,0.3418803418803419,/DATACENTER3/zhenxiang.wang/work/TailGuardKV/.worktrees/baseline-smoke-final-aggregation/out/full_25session_baseline_9_14/full/policy_attempts/full40_20260916_h2o_static_safe/seed20260906,False,calibrated unsafe,hybrid-session-004,qa,146.09384001232684,3,risk_evidence_insufficient,20260906
kivi_4bit_residual64,13.0,0.1,False,False,online_qwen,False,,/DATACENTER3/zhenxiang.wang/work/TailGuardKV/.worktrees/baseline-smoke-final-aggregation/out/full_25session_baseline_9_14/full/policy_attempts/full40_20260916_h2o_static_safe/seed20260906/config.yaml,,,,,0.05,True,,0.1,,0,False,kivi_4bit_residual64,True,,balanced_two_gpu,1,persistent,27403.884783852845,13206,31313.856700900942,,96.0,70.394775390625,6.099365234375,6.099365234375,1.5791015625,2009.8012508824468,unknown,True,,True,,False,,15146.791015625,True,static_best,False,0.0,0.0,kivi_4bit_residual64,0.0,,risk_evidence_insufficient,0.0,static_best,0.0,,,,hybrid-session-005-turn-3,6.099365234375,4.520263671875,6.099365234375,0.0,0.0,/DATACENTER3/zhenxiang.wang/work/TailGuardKV/.worktrees/baseline-smoke-final-aggregation/out/full_25session_baseline_9_14/full/policy_attempts/full40_20260916_h2o_static_safe/seed20260906,True,calibrated safe,hybrid-session-005,summary,146.3554878719151,3,risk_evidence_insufficient,20260906
kivi_4bit_residual64,13.0,0.1,False,False,online_qwen,False,,/DATACENTER3/zhenxiang.wang/work/TailGuardKV/.worktrees/baseline-smoke-final-aggregation/out/full_25session_baseline_9_14/full/policy_attempts/full40_20260916_h2o_static_safe/seed20260906/config.yaml,,,,,0.05,True,,0.1,,0,False,kivi_4bit_residual64,True,,balanced_two_gpu,1,persistent,27403.884783852845,13206,31313.856700900942,,96.0,70.806640625,6.475341796875,6.475341796875,0.411865234375,2038.4858308825642,unknown,True,,True,,False,,15148.673828125,True,static_best,False,0.0,0.0,kivi_4bit_residual64,0.0,,risk_evidence_insufficient,0.0,static_best,0.0,,,,hybrid-session-006-turn-3,6.475341796875,6.0634765625,6.475341796875,0.0,0.0,/DATACENTER3/zhenxiang.wang/work/TailGuardKV/.worktrees/baseline-smoke-final-aggregation/out/full_25session_baseline_9_14/full/policy_attempts/full40_20260916_h2o_static_safe/seed20260906,True,calibrated safe,hybrid-session-006,qa,173.36868098936975,3,risk_evidence_insufficient,20260906
kivi_4bit_residual64,13.0,0.1,False,False,online_qwen,False,,/DATACENTER3/zhenxiang.wang/work/TailGuardKV/.worktrees/baseline-smoke-final-aggregation/out/full_25session_baseline_9_14/full/policy_attempts/full40_20260916_h2o_static_safe/seed20260906/config.yaml,,,,,0.05,True,,0.1,,0,False,kivi_4bit_residual64,True,,balanced_two_gpu,1,persistent,27403.884783852845,13206,31313.856700900942,,96.0,71.1826171875,5.381591796875,5.381591796875,0.3759765625,2012.544727884233,unknown,True,,True,,False,,15147.59765625,True,static_best,False,0.0,0.0,kivi_4bit_residual64,0.0,,risk_evidence_insufficient,0.0,static_best,0.0,,,,hybrid-session-009-turn-3,5.381591796875,5.005615234375,5.381591796875,0.0,0.0,/DATACENTER3/zhenxiang.wang/work/TailGuardKV/.worktrees/baseline-smoke-final-aggregation/out/full_25session_baseline_9_14/full/policy_attempts/full40_20260916_h2o_static_safe/seed20260906,True,calibrated safe,hybrid-session-009,summary,166.5230868384242,3,risk_evidence_insufficient,20260906
kivi_4bit_residual64,13.0,0.1,False,False,online_qwen,False,,/DATACENTER3/zhenxiang.wang/work/TailGuardKV/.worktrees/baseline-smoke-final-aggregation/out/full_25session_baseline_9_14/full/policy_attempts/full40_20260916_h2o_static_safe/seed20260906/config.yaml,,,,,0.05,True,,0.1,,0,False,kivi_4bit_residual64,True,,balanced_two_gpu,1,persistent,27403.884783852845,13206,31313.856700900942,,96.0,71.594482421875,5.84814453125,5.84814453125,0.411865234375,2024.7588981874287,unknown,True,,True,,False,,15149.47265625,True,static_best,False,0.0,0.0,kivi_4bit_residual64,0.0,,risk_evidence_insufficient,0.0,static_best,0.0,,,,hybrid-session-010-turn-3,5.84814453125,5.436279296875,5.84814453125,0.0,0.0,/DATACENTER3/zhenxiang.wang/work/TailGuardKV/.worktrees/baseline-smoke-final-aggregation/out/full_25session_baseline_9_14/full/policy_attempts/full40_20260916_h2o_static_safe/seed20260906,True,calibrated safe,hybrid-session-010,qa,166.7127711698413,3,risk_evidence_insufficient,20260906
kivi_4bit_residual64,13.0,0.1,False,False,online_qwen,False,,/DATACENTER3/zhenxiang.wang/work/TailGuardKV/.worktrees/baseline-smoke-final-aggregation/out/full_25session_baseline_9_14/full/policy_attempts/full40_20260916_h2o_static_safe/seed20260906/config.yaml,,,,,0.05,True,,0.1,,0,False,kivi_4bit_residual64,True,,balanced_two_gpu,1,persistent,27403.884783852845,13206,31313.856700900942,,96.0,71.970458984375,5.56103515625,5.56103515625,0.3759765625,2333.8856119662523,unknown,True,,True,,False,,15148.37109375,True,static_best,False,0.0,0.0,kivi_4bit_residual64,0.0,,risk_evidence_insufficient,0.0,static_best,0.0,,,,hybrid-session-013-turn-3,5.56103515625,5.18505859375,5.56103515625,0.0,0.0,/DATACENTER3/zhenxiang.wang/work/TailGuardKV/.worktrees/baseline-smoke-final-aggregation/out/full_25session_baseline_9_14/full/policy_attempts/full40_20260916_h2o_static_safe/seed20260906,True,calibrated safe,hybrid-session-013,summary,171.0942171048373,3,risk_evidence_insufficient,20260906
kivi_4bit_residual64,13.0,0.1,False,False,online_qwen,False,,/DATACENTER3/zhenxiang.wang/work/TailGuardKV/.worktrees/baseline-smoke-final-aggregation/out/full_25session_baseline_9_14/full/policy_attempts/full40_20260916_h2o_static_safe/seed20260906/config.yaml,,,,,0.05,True,,0.1,,0,False,kivi_4bit_residual64,True,,balanced_two_gpu,1,persistent,27403.884783852845,13206,31313.856700900942,,96.0,73.58544921875,6.171142578125,6.171142578125,1.614990234375,2549.448538105935,unknown,True,,True,,False,,15151.431640625,True,static_best,False,0.0,0.0,kivi_4bit_residual64,0.0,,risk_evidence_insufficient,0.0,static_best,0.0,,,,hybrid-session-016-turn-3,6.171142578125,4.55615234375,6.171142578125,0.0,0.0,/DATACENTER3/zhenxiang.wang/work/TailGuardKV/.worktrees/baseline-smoke-final-aggregation/out/full_25session_baseline_9_14/full/policy_attempts/full40_20260916_h2o_static_safe/seed20260906,True,calibrated safe,hybrid-session-016,qa,176.78928608074784,3,risk_evidence_insufficient,20260906
kivi_4bit_residual64,13.0,0.1,False,False,online_qwen,False,,/DATACENTER3/zhenxiang.wang/work/TailGuardKV/.worktrees/baseline-smoke-final-aggregation/out/full_25session_baseline_9_14/full/policy_attempts/full40_20260916_h2o_static_safe/seed20260906/config.yaml,,,,,0.05,True,,0.1,,0,False,kivi_4bit_residual64,True,,balanced_two_gpu,1,persistent,27403.884783852845,13206,31313.856700900942,,96.0,75.200439453125,6.20703125,6.20703125,1.614990234375,2526.020400226116,unknown,True,,True,,False,,15153.041015625,True,static_best,False,0.0,0.0,kivi_4bit_residual64,0.0,,risk_evidence_insufficient,0.0,static_best,0.0,,,,hybrid-session-020-turn-3,6.20703125,4.592041015625,6.20703125,0.0,0.0,/DATACENTER3/zhenxiang.wang/work/TailGuardKV/.worktrees/baseline-smoke-final-aggregation/out/full_25session_baseline_9_14/full/policy_attempts/full40_20260916_h2o_static_safe/seed20260906,True,calibrated safe,hybrid-session-020,qa,170.44815211556852,3,risk_evidence_insufficient,20260906
kivi_4bit_residual64,13.0,0.1,False,False,online_qwen,False,,/DATACENTER3/zhenxiang.wang/work/TailGuardKV/.worktrees/baseline-smoke-final-aggregation/out/full_25session_baseline_9_14/full/policy_attempts/full40_20260916_h2o_static_safe/seed20260906/config.yaml,,,,,0.05,True,,0.1,,0,False,kivi_4bit_residual64,True,,balanced_two_gpu,1,persistent,27403.884783852845,13206,31313.856700900942,,96.0,76.779541015625,6.530029296875,6.530029296875,1.5791015625,2550.341210095212,unknown,True,,True,,False,,15153.134765625,True,static_best,False,0.0,0.0,kivi_4bit_residual64,0.0,,risk_evidence_insufficient,0.0,static_best,0.0,,,,hybrid-session-021-turn-3,6.530029296875,4.950927734375,6.530029296875,0.0,0.0,/DATACENTER3/zhenxiang.wang/work/TailGuardKV/.worktrees/baseline-smoke-final-aggregation/out/full_25session_baseline_9_14/full/policy_attempts/full40_20260916_h2o_static_safe/seed20260906,True,calibrated safe,hybrid-session-021,summary,175.59968307614326,3,risk_evidence_insufficient,20260906
kivi_4bit_residual64,13.0,0.1,False,False,online_qwen,False,,/DATACENTER3/zhenxiang.wang/work/TailGuardKV/.worktrees/baseline-smoke-final-aggregation/out/full_25session_baseline_9_14/full/policy_attempts/full40_20260916_h2o_static_safe/seed20260906/config.yaml,,,,,0.05,True,,0.1,,0,False,kivi_4bit_residual64,True,,balanced_two_gpu,1,persistent,27403.884783852845,13206,31313.856700900942,,96.0,77.155517578125,5.668701171875,5.668701171875,0.3759765625,2555.5700939148664,unknown,True,,True,,False,,15153.517578125,True,static_best,False,0.0,0.0,kivi_4bit_residual64,0.0,,risk_evidence_insufficient,0.0,static_best,0.0,,,,hybrid-session-025-turn-3,5.668701171875,5.292724609375,5.668701171875,0.0,0.0,/DATACENTER3/zhenxiang.wang/work/TailGuardKV/.worktrees/baseline-smoke-final-aggregation/out/full_25session_baseline_9_14/full/policy_attempts/full40_20260916_h2o_static_safe/seed20260906,True,calibrated safe,hybrid-session-025,summary,201.94249507039785,3,risk_evidence_insufficient,20260906
kivi_4bit_residual64,13.0,0.1,False,False,online_qwen,False,,/DATACENTER3/zhenxiang.wang/work/TailGuardKV/.worktrees/baseline-smoke-final-aggregation/out/full_25session_baseline_9_14/full/policy_attempts/full40_20260916_h2o_static_safe/seed20260906/config.yaml,,,,,0.05,True,,0.1,,0,False,kivi_4bit_residual64,True,,balanced_two_gpu,1,persistent,27403.884783852845,13206,31313.856700900942,,96.0,78.7705078125,6.70947265625,6.70947265625,1.614990234375,2527.455640025437,unknown,True,,True,,False,,15156.568359375,True,static_best,False,0.03418803418803419,0.03418803418803419,kivi_4bit_residual64,0.03418803418803419,,risk_evidence_insufficient,0.0,static_best,0.0,,,,hybrid-session-026-turn-3,6.70947265625,5.094482421875,6.70947265625,0.0,0.3418803418803419,/DATACENTER3/zhenxiang.wang/work/TailGuardKV/.worktrees/baseline-smoke-final-aggregation/out/full_25session_baseline_9_14/full/policy_attempts/full40_20260916_h2o_static_safe/seed20260906,False,calibrated unsafe,hybrid-session-026,qa,173.9547390025109,3,risk_evidence_insufficient,20260906
kivi_4bit_residual64,13.0,0.1,False,False,online_qwen,False,,/DATACENTER3/zhenxiang.wang/work/TailGuardKV/.worktrees/baseline-smoke-final-aggregation/out/full_25session_baseline_9_14/full/policy_attempts/full40_20260916_h2o_static_safe/seed20260906/config.yaml,,,,,0.05,True,,0.1,,0,False,kivi_4bit_residual64,True,,balanced_two_gpu,1,persistent,27403.884783852845,13206,31313.856700900942,,96.0,79.0029296875,6.439453125,6.439453125,0.232421875,2578.3433311153203,unknown,True,,True,,False,,15149.53125,True,static_best,False,0.0,0.0,kivi_4bit_residual64,0.0,,risk_evidence_insufficient,0.0,static_best,0.0,,,,hybrid-session-002-turn-4,6.439453125,6.20703125,6.439453125,0.0,0.0,/DATACENTER3/zhenxiang.wang/work/TailGuardKV/.worktrees/baseline-smoke-final-aggregation/out/full_25session_baseline_9_14/full/policy_attempts/full40_20260916_h2o_static_safe/seed20260906,True,calibrated safe,hybrid-session-002,qa,215.55846417322755,4,risk_evidence_insufficient,20260906
kivi_4bit_residual64,13.0,0.1,False,False,online_qwen,False,,/DATACENTER3/zhenxiang.wang/work/TailGuardKV/.worktrees/baseline-smoke-final-aggregation/out/full_25session_baseline_9_14/full/policy_attempts/full40_20260916_h2o_static_safe/seed20260906/config.yaml,,,,,0.05,True,,0.1,,0,False,kivi_4bit_residual64,True,,balanced_two_gpu,1,persistent,27403.884783852845,13206,31313.856700900942,,96.0,79.2353515625,5.757568359375,5.757568359375,0.232421875,2333.070997847244,unknown,True,,True,,False,,15150.970703125,True,static_best,False,0.0,0.0,kivi_4bit_residual64,0.0,,risk_evidence_insufficient,0.0,static_best,0.0,,,,hybrid-session-003-turn-4,5.757568359375,5.525146484375,5.757568359375,0.0,0.0,/DATACENTER3/zhenxiang.wang/work/TailGuardKV/.worktrees/baseline-smoke-final-aggregation/out/full_25session_baseline_9_14/full/policy_attempts/full40_20260916_h2o_static_safe/seed20260906,True,calibrated safe,hybrid-session-003,summary,173.65372693166137,4,risk_evidence_insufficient,20260906
kivi_4bit_residual64,13.0,0.1,False,False,online_qwen,False,,/DATACENTER3/zhenxiang.wang/work/TailGuardKV/.worktrees/baseline-smoke-final-aggregation/out/full_25session_baseline_9_14/full/policy_attempts/full40_20260916_h2o_static_safe/seed20260906/config.yaml,,,,,0.05,True,,0.1,,0,False,kivi_4bit_residual64,True,,balanced_two_gpu,1,persistent,27403.884783852845,13206,31313.856700900942,,96.0,79.4677734375,6.618896484375,6.618896484375,0.232421875,2025.951982010156,unknown,True,,True,,False,,15149.98828125,True,static_best,False,0.0,0.0,kivi_4bit_residual64,0.0,,risk_evidence_insufficient,0.0,static_best,0.0,,,,hybrid-session-004-turn-4,6.618896484375,6.386474609375,6.618896484375,0.0,0.0,/DATACENTER3/zhenxiang.wang/work/TailGuardKV/.worktrees/baseline-smoke-final-aggregation/out/full_25session_baseline_9_14/full/policy_attempts/full40_20260916_h2o_static_safe/seed20260906,True,calibrated safe,hybrid-session-004,qa,172.9720791336149,4,risk_evidence_insufficient,20260906
kivi_4bit_residual64,13.0,0.1,False,False,online_qwen,False,,/DATACENTER3/zhenxiang.wang/work/TailGuardKV/.worktrees/baseline-smoke-final-aggregation/out/full_25session_baseline_9_14/full/policy_attempts/full40_20260916_h2o_static_safe/seed20260906/config.yaml,,,,,0.05,True,,0.1,,0,False,kivi_4bit_residual64,True,,balanced_two_gpu,1,persistent,27403.884783852845,13206,31313.856700900942,,96.0,79.7001953125,6.331787109375,6.331787109375,0.232421875,2006.6340409684926,unknown,True,,True,,False,,15150.234375,True,static_best,False,0.0,0.0,kivi_4bit_residual64,0.0,,risk_evidence_insufficient,0.0,static_best,0.0,,,,hybrid-session-005-turn-4,6.331787109375,6.099365234375,6.331787109375,0.0,0.0,/DATACENTER3/zhenxiang.wang/work/TailGuardKV/.worktrees/baseline-smoke-final-aggregation/out/full_25session_baseline_9_14/full/policy_attempts/full40_20260916_h2o_static_safe/seed20260906,True,calibrated safe,hybrid-session-005,summary,167.87658398970962,4,risk_evidence_insufficient,20260906
kivi_4bit_residual64,13.0,0.1,False,False,online_qwen,False,,/DATACENTER3/zhenxiang.wang/work/TailGuardKV/.worktrees/baseline-smoke-final-aggregation/out/full_25session_baseline_9_14/full/policy_attempts/full40_20260916_h2o_static_safe/seed20260906/config.yaml,,,,,0.05,True,,0.1,,0,False,kivi_4bit_residual64,True,,balanced_two_gpu,1,persistent,27403.884783852845,13206,31313.856700900942,,96.0,79.9326171875,6.707763671875,6.707763671875,0.232421875,1988.4975960012525,unknown,True,,True,,False,,15151.68359375,True,static_best,False,0.0,0.0,kivi_4bit_residual64,0.0,,risk_evidence_insufficient,0.0,static_best,0.0,,,,hybrid-session-006-turn-4,6.707763671875,6.475341796875,6.707763671875,0.0,0.0,/DATACENTER3/zhenxiang.wang/work/TailGuardKV/.worktrees/baseline-smoke-final-aggregation/out/full_25session_baseline_9_14/full/policy_attempts/full40_20260916_h2o_static_safe/seed20260906,True,calibrated safe,hybrid-session-006,qa,140.58448700234294,4,risk_evidence_insufficient,20260906
kivi_4bit_residual64,13.0,0.1,True,False,online_qwen,False,,/DATACENTER3/zhenxiang.wang/work/TailGuardKV/.worktrees/baseline-smoke-final-aggregation/out/full_25session_baseline_9_14/full/policy_attempts/full40_20260916_h2o_static_safe/seed20260906/config.yaml,,,,,0.05,True,,0.1,,0,False,kivi_4bit_residual64,True,,balanced_two_gpu,1,persistent,27403.884783852845,13206,31313.856700900942,,96.0,80.1650390625,5.614013671875,5.614013671875,0.232421875,2146.944412961602,unknown,True,,True,,False,,15151.927734375,True,static_best,False,0.0,0.0,kivi_4bit_residual64,0.0,,risk_evidence_insufficient,0.0,static_best,0.0,,,,hybrid-session-009-turn-4,5.614013671875,5.381591796875,5.614013671875,0.0,0.0,/DATACENTER3/zhenxiang.wang/work/TailGuardKV/.worktrees/baseline-smoke-final-aggregation/out/full_25session_baseline_9_14/full/policy_attempts/full40_20260916_h2o_static_safe/seed20260906,True,calibrated safe,hybrid-session-009,summary,158.81974599324167,4,risk_evidence_insufficient,20260906
kivi_4bit_residual64,13.0,0.1,False,False,online_qwen,False,,/DATACENTER3/zhenxiang.wang/work/TailGuardKV/.worktrees/baseline-smoke-final-aggregation/out/full_25session_baseline_9_14/full/policy_attempts/full40_20260916_h2o_static_safe/seed20260906/config.yaml,,,,,0.05,True,,0.1,,0,False,kivi_4bit_residual64,True,,balanced_two_gpu,1,persistent,27403.884783852845,13206,31313.856700900942,,96.0,80.3974609375,6.08056640625,6.08056640625,0.232421875,2063.0612650420517,unknown,True,,True,,False,,15152.1357421875,True,static_best,False,0.0,0.0,kivi_4bit_residual64,0.0,,risk_evidence_insufficient,0.0,static_best,0.0,,,,hybrid-session-010-turn-4,6.08056640625,5.84814453125,6.08056640625,0.0,0.0,/DATACENTER3/zhenxiang.wang/work/TailGuardKV/.worktrees/baseline-smoke-final-aggregation/out/full_25session_baseline_9_14/full/policy_attempts/full40_20260916_h2o_static_safe/seed20260906,True,calibrated safe,hybrid-session-010,qa,145.4020100645721,4,risk_evidence_insufficient,20260906
kivi_4bit_residual64,13.0,0.1,True,False,online_qwen,False,,/DATACENTER3/zhenxiang.wang/work/TailGuardKV/.worktrees/baseline-smoke-final-aggregation/out/full_25session_baseline_9_14/full/policy_attempts/full40_20260916_h2o_static_safe/seed20260906/config.yaml,,,,,0.05,True,,0.1,,0,False,kivi_4bit_residual64,True,,balanced_two_gpu,1,persistent,27403.884783852845,13206,31313.856700900942,,96.0,80.6298828125,5.79345703125,5.79345703125,0.232421875,2037.6758119091392,unknown,True,,True,,False,,15152.400390625,True,static_best,False,0.0,0.0,kivi_4bit_residual64,0.0,,risk_evidence_insufficient,0.0,static_best,0.0,,,,hybrid-session-013-turn-4,5.79345703125,5.56103515625,5.79345703125,0.0,0.0,/DATACENTER3/zhenxiang.wang/work/TailGuardKV/.worktrees/baseline-smoke-final-aggregation/out/full_25session_baseline_9_14/full/policy_attempts/full40_20260916_h2o_static_safe/seed20260906,True,calibrated safe,hybrid-session-013,summary,145.17045603133738,4,risk_evidence_insufficient,20260906
kivi_4bit_residual64,13.0,0.1,False,False,online_qwen,False,,/DATACENTER3/zhenxiang.wang/work/TailGuardKV/.worktrees/baseline-smoke-final-aggregation/out/full_25session_baseline_9_14/full/policy_attempts/full40_20260916_h2o_static_safe/seed20260906/config.yaml,,,,,0.05,True,,0.1,,0,False,kivi_4bit_residual64,True,,balanced_two_gpu,1,persistent,27403.884783852845,13206,31313.856700900942,,96.0,80.8623046875,6.403564453125,6.403564453125,0.232421875,2064.177199965343,unknown,True,,True,,False,,15151.4375,True,static_best,False,0.0,0.0,kivi_4bit_residual64,0.0,,risk_evidence_insufficient,0.0,static_best,0.0,,,,hybrid-session-016-turn-4,6.403564453125,6.171142578125,6.403564453125,0.0,0.0,/DATACENTER3/zhenxiang.wang/work/TailGuardKV/.worktrees/baseline-smoke-final-aggregation/out/full_25session_baseline_9_14/full/policy_attempts/full40_20260916_h2o_static_safe/seed20260906,True,calibrated safe,hybrid-session-016,qa,172.91482398286462,4,risk_evidence_insufficient,20260906
kivi_4bit_residual64,13.0,0.1,False,False,online_qwen,False,,/DATACENTER3/zhenxiang.wang/work/TailGuardKV/.worktrees/baseline-smoke-final-aggregation/out/full_25session_baseline_9_14/full/policy_attempts/full40_20260916_h2o_static_safe/seed20260906/config.yaml,,,,,0.05,True,,0.1,,0,False,kivi_4bit_residual64,True,,balanced_two_gpu,1,persistent,27403.884783852845,13206,31313.856700900942,,96.0,81.0947265625,6.439453125,6.439453125,0.232421875,2053.087260108441,unknown,True,,True,,False,,15151.69140625,True,static_best,False,0.0,0.0,kivi_4bit_residual64,0.0,,risk_evidence_insufficient,0.0,static_best,0.0,,,,hybrid-session-020-turn-4,6.439453125,6.20703125,6.439453125,0.0,0.0,/DATACENTER3/zhenxiang.wang/work/TailGuardKV/.worktrees/baseline-smoke-final-aggregation/out/full_25session_baseline_9_14/full/policy_attempts/full40_20260916_h2o_static_safe/seed20260906,True,calibrated safe,hybrid-session-020,qa,172.7327781263739,4,risk_evidence_insufficient,20260906
kivi_4bit_residual64,13.0,0.1,False,False,online_qwen,False,,/DATACENTER3/zhenxiang.wang/work/TailGuardKV/.worktrees/baseline-smoke-final-aggregation/out/full_25session_baseline_9_14/full/policy_attempts/full40_20260916_h2o_static_safe/seed20260906/config.yaml,,,,,0.05,True,,0.1,,0,False,kivi_4bit_residual64,True,,balanced_two_gpu,1,persistent,27403.884783852845,13206,31313.856700900942,,96.0,81.3271484375,6.762451171875,6.762451171875,0.232421875,2031.8451907951385,unknown,True,,True,,False,,15151.9296875,True,static_best,False,0.0,0.0,kivi_4bit_residual64,0.0,,risk_evidence_insufficient,0.0,static_best,0.0,,,,hybrid-session-021-turn-4,6.762451171875,6.530029296875,6.762451171875,0.0,0.0,/DATACENTER3/zhenxiang.wang/work/TailGuardKV/.worktrees/baseline-smoke-final-aggregation/out/full_25session_baseline_9_14/full/policy_attempts/full40_20260916_h2o_static_safe/seed20260906,True,calibrated safe,hybrid-session-021,summary,167.2314389143139,4,risk_evidence_insufficient,20260906
kivi_4bit_residual64,13.0,0.1,False,False,online_qwen,False,,/DATACENTER3/zhenxiang.wang/work/TailGuardKV/.worktrees/baseline-smoke-final-aggregation/out/full_25session_baseline_9_14/full/policy_attempts/full40_20260916_h2o_static_safe/seed20260906/config.yaml,,,,,0.05,True,,0.1,,0,False,kivi_4bit_residual64,True,,balanced_two_gpu,1,persistent,27403.884783852845,13206,31313.856700900942,,96.0,81.5595703125,5.901123046875,5.901123046875,0.232421875,2039.9430820252746,unknown,True,,True,,False,,15153.349609375,True,static_best,False,0.0,0.0,kivi_4bit_residual64,0.0,,risk_evidence_insufficient,0.0,static_best,0.0,,,,hybrid-session-025-turn-4,5.901123046875,5.668701171875,5.901123046875,0.0,0.0,/DATACENTER3/zhenxiang.wang/work/TailGuardKV/.worktrees/baseline-smoke-final-aggregation/out/full_25session_baseline_9_14/full/policy_attempts/full40_20260916_h2o_static_safe/seed20260906,True,calibrated safe,hybrid-session-025,summary,144.32505704462528,4,risk_evidence_insufficient,20260906
kivi_4bit_residual64,13.0,0.1,False,False,online_qwen,False,,/DATACENTER3/zhenxiang.wang/work/TailGuardKV/.worktrees/baseline-smoke-final-aggregation/out/full_25session_baseline_9_14/full/policy_attempts/full40_20260916_h2o_static_safe/seed20260906/config.yaml,,,,,0.05,True,,0.1,,0,False,kivi_4bit_residual64,True,,balanced_two_gpu,1,persistent,27403.884783852845,13206,31313.856700900942,,96.0,81.7919921875,6.94189453125,6.94189453125,0.232421875,2042.0500868931413,unknown,True,,True,,False,,15152.40234375,True,static_best,False,0.03418803418803419,0.03418803418803419,kivi_4bit_residual64,0.03418803418803419,,risk_evidence_insufficient,0.0,static_best,0.0,,,,hybrid-session-026-turn-4,6.94189453125,6.70947265625,6.94189453125,0.0,0.3418803418803419,/DATACENTER3/zhenxiang.wang/work/TailGuardKV/.worktrees/baseline-smoke-final-aggregation/out/full_25session_baseline_9_14/full/policy_attempts/full40_20260916_h2o_static_safe/seed20260906,False,calibrated unsafe,hybrid-session-026,qa,171.13157990388572,4,risk_evidence_insufficient,20260906
kivi_4bit_residual64,1.0,0.1,False,False,online_qwen,False,,/DATACENTER3/zhenxiang.wang/work/TailGuardKV/.worktrees/baseline-smoke-final-aggregation/out/full_25session_baseline_9_14/full/policy_attempts/full40_20260916_h2o_static_safe/seed20260906/config.yaml,,,,,0.05,True,,0.1,,0,False,kivi_4bit_residual64,True,,balanced_two_gpu,1,persistent,28299.620846053585,17020,32304.572703083977,,96.0,2.078125,2.078125,2.078125,2.078125,4927.998171886429,unknown,True,,True,,False,,15070.54150390625,True,static_safe,False,0.0,0.0,kivi_4bit_residual64,0.0,,risk_evidence_insufficient,0.0,static_safe,0.0,,,,hybrid-session-002-turn-0,2.078125,0.0,2.078125,0.0,0.0,/DATACENTER3/zhenxiang.wang/work/TailGuardKV/.worktrees/baseline-smoke-final-aggregation/out/full_25session_baseline_9_14/full/policy_attempts/full40_20260916_h2o_static_safe/seed20260906,True,calibrated safe,hybrid-session-002,chat,3687.4607228673995,0,risk_evidence_insufficient,20260906
kivi_4bit_residual64,2.0,0.1,False,False,online_qwen,False,,/DATACENTER3/zhenxiang.wang/work/TailGuardKV/.worktrees/baseline-smoke-final-aggregation/out/full_25session_baseline_9_14/full/policy_attempts/full40_20260916_h2o_static_safe/seed20260906/config.yaml,,,,,0.05,True,,0.1,,0,False,kivi_4bit_residual64,True,,balanced_two_gpu,1,persistent,28299.620846053585,17020,32304.572703083977,,96.0,3.5546875,1.4765625,1.4765625,1.4765625,1634.4359889626503,unknown,True,,True,,False,,15055.19384765625,True,static_safe,False,0.0,0.0,kivi_4bit_residual64,0.0,,risk_evidence_insufficient,0.0,static_safe,0.0,,,,hybrid-session-003-turn-0,1.4765625,0.0,1.4765625,0.0,0.0,/DATACENTER3/zhenxiang.wang/work/TailGuardKV/.worktrees/baseline-smoke-final-aggregation/out/full_25session_baseline_9_14/full/policy_attempts/full40_20260916_h2o_static_safe/seed20260906,True,calibrated safe,hybrid-session-003,chat,109.84823992475867,0,risk_evidence_insufficient,20260906
kivi_4bit_residual64,3.0,0.1,False,False,online_qwen,False,,/DATACENTER3/zhenxiang.wang/work/TailGuardKV/.worktrees/baseline-smoke-final-aggregation/out/full_25session_baseline_9_14/full/policy_attempts/full40_20260916_h2o_static_safe/seed20260906/config.yaml,,,,,0.05,True,,0.1,,0,False,kivi_4bit_residual64,True,,balanced_two_gpu,1,persistent,28299.620846053585,17020,32304.572703083977,,96.0,5.3046875,1.75,1.75,1.75,1672.2845798358321,unknown,True,,True,,False,,15063.70947265625,True,static_safe,False,0.0,0.0,kivi_4bit_residual64,0.0,,risk_evidence_insufficient,0.0,static_safe,0.0,,,,hybrid-session-004-turn-0,1.75,0.0,1.75,0.0,0.0,/DATACENTER3/zhenxiang.wang/work/TailGuardKV/.worktrees/baseline-smoke-final-aggregation/out/full_25session_baseline_9_14/full/policy_attempts/full40_20260916_h2o_static_safe/seed20260906,True,calibrated safe,hybrid-session-004,chat,114.92359498515725,0,risk_evidence_insufficient,20260906
kivi_4bit_residual64,4.0,0.1,False,False,online_qwen,False,,/DATACENTER3/zhenxiang.wang/work/TailGuardKV/.worktrees/baseline-smoke-final-aggregation/out/full_25session_baseline_9_14/full/policy_attempts/full40_20260916_h2o_static_safe/seed20260906/config.yaml,,,,,0.05,True,,0.1,,0,False,kivi_4bit_residual64,True,,balanced_two_gpu,1,persistent,28299.620846053585,17020,32304.572703083977,,96.0,7.21875,1.9140625,1.9140625,1.9140625,1689.7945490200073,unknown,True,,True,,False,,15070.26806640625,True,static_safe,False,0.0,0.0,kivi_4bit_residual64,0.0,,risk_evidence_insufficient,0.0,static_safe,0.0,,,,hybrid-session-005-turn-0,1.9140625,0.0,1.9140625,0.0,0.0,/DATACENTER3/zhenxiang.wang/work/TailGuardKV/.worktrees/baseline-smoke-final-aggregation/out/full_25session_baseline_9_14/full/policy_attempts/full40_20260916_h2o_static_safe/seed20260906,True,calibrated safe,hybrid-session-005,chat,113.2467919960618,0,risk_evidence_insufficient,20260906
kivi_4bit_residual64,5.0,0.1,False,False,online_qwen,False,,/DATACENTER3/zhenxiang.wang/work/TailGuardKV/.worktrees/baseline-smoke-final-aggregation/out/full_25session_baseline_9_14/full/policy_attempts/full40_20260916_h2o_static_safe/seed20260906/config.yaml,,,,,0.05,True,,0.1,,0,False,kivi_4bit_residual64,True,,balanced_two_gpu,1,persistent,28299.620846053585,17020,32304.572703083977,,96.0,9.84375,2.625,2.625,2.625,1689.1222968697548,unknown,True,,True,,False,,15093.27587890625,True,static_safe,False,0.0,0.0,kivi_4bit_residual64,0.0,,risk_evidence_insufficient,0.0,static_safe,0.0,,,,hybrid-session-006-turn-0,2.625,0.0,2.625,0.0,0.0,/DATACENTER3/zhenxiang.wang/work/TailGuardKV/.worktrees/baseline-smoke-final-aggregation/out/full_25session_baseline_9_14/full/policy_attempts/full40_20260916_h2o_static_safe/seed20260906,True,calibrated safe,hybrid-session-006,chat,112.92616790160537,0,risk_evidence_insufficient,20260906
kivi_4bit_residual64,6.0,0.1,False,False,online_qwen,False,,/DATACENTER3/zhenxiang.wang/work/TailGuardKV/.worktrees/baseline-smoke-final-aggregation/out/full_25session_baseline_9_14/full/policy_attempts/full40_20260916_h2o_static_safe/seed20260906/config.yaml,,,,,0.05,True,,0.1,,0,False,kivi_4bit_residual64,True,,balanced_two_gpu,1,persistent,28299.620846053585,17020,32304.572703083977,,96.0,11.5390625,1.6953125,1.6953125,1.6953125,1683.63879295066,unknown,True,,True,,False,,15068.48681640625,True,static_safe,False,0.0,0.0,kivi_4bit_residual64,0.0,,risk_evidence_insufficient,0.0,static_safe,0.0,,,,hybrid-session-009-turn-0,1.6953125,0.0,1.6953125,0.0,0.0,/DATACENTER3/zhenxiang.wang/work/TailGuardKV/.worktrees/baseline-smoke-final-aggregation/out/full_25session_baseline_9_14/full/policy_attempts/full40_20260916_h2o_static_safe/seed20260906,True,calibrated safe,hybrid-session-009,chat,110.94384407624602,0,risk_evidence_insufficient,20260906
kivi_4bit_residual64,7.0,0.1,False,False,online_qwen,False,,/DATACENTER3/zhenxiang.wang/work/TailGuardKV/.worktrees/baseline-smoke-final-aggregation/out/full_25session_baseline_9_14/full/policy_attempts/full40_20260916_h2o_static_safe/seed20260906/config.yaml,,,,,0.05,True,,0.1,,0,False,kivi_4bit_residual64,True,,balanced_two_gpu,1,persistent,28299.620846053585,17020,32304.572703083977,,96.0,13.0703125,1.53125,1.53125,1.53125,1682.157212169841,unknown,True,,True,,False,,15065.87646484375,True,static_safe,False,0.0,0.0,kivi_4bit_residual64,0.0,,risk_evidence_insufficient,0.0,static_safe,0.0,,,,hybrid-session-010-turn-0,1.53125,0.0,1.53125,0.0,0.0,/DATACENTER3/zhenxiang.wang/work/TailGuardKV/.worktrees/baseline-smoke-final-aggregation/out/full_25session_baseline_9_14/full/policy_attempts/full40_20260916_h2o_static_safe/seed20260906,True,calibrated safe,hybrid-session-010,chat,109.91831799037755,0,risk_evidence_insufficient,20260906
kivi_4bit_residual64,8.0,0.1,False,False,online_qwen,False,,/DATACENTER3/zhenxiang.wang/work/TailGuardKV/.worktrees/baseline-smoke-final-aggregation/out/full_25session_baseline_9_14/full/policy_attempts/full40_20260916_h2o_static_safe/seed20260906/config.yaml,,,,,0.05,True,,0.1,,0,False,kivi_4bit_residual64,True,,balanced_two_gpu,1,persistent,28299.620846053585,17020,32304.572703083977,,96.0,14.875,1.8046875,1.8046875,1.8046875,1568.8809659332037,unknown,True,,True,,False,,15074.73681640625,True,static_safe,False,0.0,0.0,kivi_4bit_residual64,0.0,,risk_evidence_insufficient,0.0,static_safe,0.0,,,,hybrid-session-013-turn-0,1.8046875,0.0,1.8046875,0.0,0.0,/DATACENTER3/zhenxiang.wang/work/TailGuardKV/.worktrees/baseline-smoke-final-aggregation/out/full_25session_baseline_9_14/full/policy_attempts/full40_20260916_h2o_static_safe/seed20260906,True,calibrated safe,hybrid-session-013,chat,112.17874707654119,0,risk_evidence_insufficient,20260906
kivi_4bit_residual64,9.0,0.1,False,False,online_qwen,False,,/DATACENTER3/zhenxiang.wang/work/TailGuardKV/.worktrees/baseline-smoke-final-aggregation/out/full_25session_baseline_9_14/full/policy_attempts/full40_20260916_h2o_static_safe/seed20260906/config.yaml,,,,,0.05,True,,0.1,,0,False,kivi_4bit_residual64,True,,balanced_two_gpu,1,persistent,28299.620846053585,17020,32304.572703083977,,96.0,17.5,2.625,2.625,2.625,1692.2411839477718,unknown,True,,True,,False,,15100.93212890625,True,static_safe,False,0.0,0.0,kivi_4bit_residual64,0.0,,risk_evidence_insufficient,0.0,static_safe,0.0,,,,hybrid-session-016-turn-0,2.625,0.0,2.625,0.0,0.0,/DATACENTER3/zhenxiang.wang/work/TailGuardKV/.worktrees/baseline-smoke-final-aggregation/out/full_25session_baseline_9_14/full/policy_attempts/full40_20260916_h2o_static_safe/seed20260906,True,calibrated safe,hybrid-session-016,chat,118.05993807502091,0,risk_evidence_insufficient,20260906
kivi_4bit_residual64,10.0,0.1,False,False,online_qwen,False,,/DATACENTER3/zhenxiang.wang/work/TailGuardKV/.worktrees/baseline-smoke-final-aggregation/out/full_25session_baseline_9_14/full/policy_attempts/full40_20260916_h2o_static_safe/seed20260906/config.yaml,,,,,0.05,True,,0.1,,0,False,kivi_4bit_residual64,True,,balanced_two_gpu,1,persistent,28299.620846053585,17020,32304.572703083977,,96.0,19.90625,2.40625,2.40625,2.40625,1696.6054590884596,unknown,True,,True,,False,,15095.79541015625,True,static_safe,False,0.0,0.0,kivi_4bit_residual64,0.0,,risk_evidence_insufficient,0.0,static_safe,0.0,,,,hybrid-session-020-turn-0,2.40625,0.0,2.40625,0.0,0.0,/DATACENTER3/zhenxiang.wang/work/TailGuardKV/.worktrees/baseline-smoke-final-aggregation/out/full_25session_baseline_9_14/full/policy_attempts/full40_20260916_h2o_static_safe/seed20260906,True,calibrated safe,hybrid-session-020,chat,123.73969214968383,0,risk_evidence_insufficient,20260906
kivi_4bit_residual64,11.0,0.1,False,False,online_qwen,False,,/DATACENTER3/zhenxiang.wang/work/TailGuardKV/.worktrees/baseline-smoke-final-aggregation/out/full_25session_baseline_9_14/full/policy_attempts/full40_20260916_h2o_static_safe/seed20260906/config.yaml,,,,,0.05,True,,0.1,,0,False,kivi_4bit_residual64,True,,balanced_two_gpu,1,persistent,28299.620846053585,17020,32304.572703083977,,96.0,22.203125,2.296875,2.296875,2.296875,1695.0254458934069,unknown,True,,True,,False,,15095.17822265625,True,static_safe,False,0.0,0.0,kivi_4bit_residual64,0.0,,risk_evidence_insufficient,0.0,static_safe,0.0,,,,hybrid-session-021-turn-0,2.296875,0.0,2.296875,0.0,0.0,/DATACENTER3/zhenxiang.wang/work/TailGuardKV/.worktrees/baseline-smoke-final-aggregation/out/full_25session_baseline_9_14/full/policy_attempts/full40_20260916_h2o_static_safe/seed20260906,True,calibrated safe,hybrid-session-021,chat,120.49896200187504,0,risk_evidence_insufficient,20260906
kivi_4bit_residual64,12.0,0.1,False,False,online_qwen,False,,/DATACENTER3/zhenxiang.wang/work/TailGuardKV/.worktrees/baseline-smoke-final-aggregation/out/full_25session_baseline_9_14/full/policy_attempts/full40_20260916_h2o_static_safe/seed20260906/config.yaml,,,,,0.05,True,,0.1,,0,False,kivi_4bit_residual64,True,,balanced_two_gpu,1,persistent,28299.620846053585,17020,32304.572703083977,,96.0,24.171875,1.96875,1.96875,1.96875,1596.2316838558763,unknown,True,,True,,False,,15088.40478515625,True,static_safe,False,0.0,0.0,kivi_4bit_residual64,0.0,,risk_evidence_insufficient,0.0,static_safe,0.0,,,,hybrid-session-025-turn-0,1.96875,0.0,1.96875,0.0,0.0,/DATACENTER3/zhenxiang.wang/work/TailGuardKV/.worktrees/baseline-smoke-final-aggregation/out/full_25session_baseline_9_14/full/policy_attempts/full40_20260916_h2o_static_safe/seed20260906,True,calibrated safe,hybrid-session-025,chat,120.98070583306253,0,risk_evidence_insufficient,20260906
kivi_4bit_residual64,13.0,0.1,False,False,online_qwen,False,,/DATACENTER3/zhenxiang.wang/work/TailGuardKV/.worktrees/baseline-smoke-final-aggregation/out/full_25session_baseline_9_14/full/policy_attempts/full40_20260916_h2o_static_safe/seed20260906/config.yaml,,,,,0.05,True,,0.1,,0,False,kivi_4bit_residual64,True,,balanced_two_gpu,1,persistent,28299.620846053585,17020,32304.572703083977,,96.0,26.359375,2.1875,2.1875,2.1875,1545.4957571346313,unknown,True,,True,,False,,15096.42041015625,True,static_safe,False,0.0,0.0,kivi_4bit_residual64,0.0,,risk_evidence_insufficient,0.0,static_safe,0.0,,,,hybrid-session-026-turn-0,2.1875,0.0,2.1875,0.0,0.0,/DATACENTER3/zhenxiang.wang/work/TailGuardKV/.worktrees/baseline-smoke-final-aggregation/out/full_25session_baseline_9_14/full/policy_attempts/full40_20260916_h2o_static_safe/seed20260906,True,calibrated safe,hybrid-session-026,chat,116.83945613913238,0,risk_evidence_insufficient,20260906
kivi_4bit_residual64,13.0,0.1,False,False,online_qwen,False,,/DATACENTER3/zhenxiang.wang/work/TailGuardKV/.worktrees/baseline-smoke-final-aggregation/out/full_25session_baseline_9_14/full/policy_attempts/full40_20260916_h2o_static_safe/seed20260906/config.yaml,,,,,0.05,True,,0.1,,0,False,kivi_4bit_residual64,True,,balanced_two_gpu,1,persistent,28299.620846053585,17020,32304.572703083977,,96.0,26.829345703125,2.548095703125,2.548095703125,0.469970703125,5367.392915068194,unknown,True,,True,,False,,15088.02685546875,True,static_safe,False,0.0,0.0,kivi_4bit_residual64,0.0,,risk_evidence_insufficient,0.0,static_safe,0.0,,,,hybrid-session-002-turn-1,2.548095703125,2.078125,2.548095703125,0.0,0.0,/DATACENTER3/zhenxiang.wang/work/TailGuardKV/.worktrees/baseline-smoke-final-aggregation/out/full_25session_baseline_9_14/full/policy_attempts/full40_20260916_h2o_static_safe/seed20260906,True,calibrated safe,hybrid-session-002,chat,114.10701903514564,1,risk_evidence_insufficient,20260906
kivi_4bit_residual64,13.0,0.1,True,False,online_qwen,False,,/DATACENTER3/zhenxiang.wang/work/TailGuardKV/.worktrees/baseline-smoke-final-aggregation/out/full_25session_baseline_9_14/full/policy_attempts/full40_20260916_h2o_static_safe/seed20260906/config.yaml,,,,,0.05,True,,0.1,,0,False,kivi_4bit_residual64,True,,balanced_two_gpu,1,persistent,28299.620846053585,17020,32304.572703083977,,96.0,28.251220703125,2.8984375,2.8984375,1.421875,1435.9803651459515,unknown,True,,True,,False,,15078.74658203125,True,static_safe,False,0.0,0.0,kivi_4bit_residual64,0.0,,risk_evidence_insufficient,0.0,static_safe,0.0,,,,hybrid-session-003-turn-1,2.8984375,1.4765625,2.8984375,0.0,0.0,/DATACENTER3/zhenxiang.wang/work/TailGuardKV/.worktrees/baseline-smoke-final-aggregation/out/full_25session_baseline_9_14/full/policy_attempts/full40_20260916_h2o_static_safe/seed20260906,True,calibrated safe,hybrid-session-003,chat,116.98675504885614,1,risk_evidence_insufficient,20260906
kivi_4bit_residual64,13.0,0.1,False,False,online_qwen,False,,/DATACENTER3/zhenxiang.wang/work/TailGuardKV/.worktrees/baseline-smoke-final-aggregation/out/full_25session_baseline_9_14/full/policy_attempts/full40_20260916_h2o_static_safe/seed20260906/config.yaml,,,,,0.05,True,,0.1,,0,False,kivi_4bit_residual64,True,,balanced_two_gpu,1,persistent,28299.620846053585,17020,32304.572703083977,,96.0,29.76708984375,3.265869140625,3.265869140625,1.515869140625,2032.8974421136081,unknown,True,,True,,False,,15128.7724609375,True,static_safe,False,0.0,0.0,kivi_4bit_residual64,0.0,,risk_evidence_insufficient,0.0,static_safe,0.0,,,,hybrid-session-004-turn-1,3.265869140625,1.75,3.265869140625,0.0,0.0,/DATACENTER3/zhenxiang.wang/work/TailGuardKV/.worktrees/baseline-smoke-final-aggregation/out/full_25session_baseline_9_14/full/policy_attempts/full40_20260916_h2o_static_safe/seed20260906,True,calibrated safe,hybrid-session-004,chat,171.6871322132647,1,risk_evidence_insufficient,20260906
kivi_4bit_residual64,13.0,0.1,False,False,online_qwen,False,,/DATACENTER3/zhenxiang.wang/work/TailGuardKV/.worktrees/baseline-smoke-final-aggregation/out/full_25session_baseline_9_14/full/policy_attempts/full40_20260916_h2o_static_safe/seed20260906/config.yaml,,,,,0.05,True,,0.1,,0,False,kivi_4bit_residual64,True,,balanced_two_gpu,1,persistent,28299.620846053585,17020,32304.572703083977,,96.0,30.65234375,2.79931640625,2.79931640625,0.88525390625,2495.98669889383,unknown,True,,True,,False,,15106.55908203125,True,static_safe,False,0.0,0.0,kivi_4bit_residual64,0.0,,risk_evidence_insufficient,0.0,static_safe,0.0,,,,hybrid-session-005-turn-1,2.79931640625,1.9140625,2.79931640625,0.0,0.0,/DATACENTER3/zhenxiang.wang/work/TailGuardKV/.worktrees/baseline-smoke-final-aggregation/out/full_25session_baseline_9_14/full/policy_attempts/full40_20260916_h2o_static_safe/seed20260906,True,calibrated safe,hybrid-session-005,chat,126.30831683054566,1,risk_evidence_insufficient,20260906
kivi_4bit_residual64,13.0,0.1,False,False,online_qwen,False,,/DATACENTER3/zhenxiang.wang/work/TailGuardKV/.worktrees/baseline-smoke-final-aggregation/out/full_25session_baseline_9_14/full/policy_attempts/full40_20260916_h2o_static_safe/seed20260906/config.yaml,,,,,0.05,True,,0.1,,0,False,kivi_4bit_residual64,True,,balanced_two_gpu,1,persistent,28299.620846053585,17020,32304.572703083977,,96.0,31.47265625,3.4453125,3.4453125,0.8203125,2600.9072978049517,unknown,True,,True,,False,,15114.3935546875,True,static_safe,False,0.0,0.0,kivi_4bit_residual64,0.0,,risk_evidence_insufficient,0.0,static_safe,0.0,,,,hybrid-session-006-turn-1,3.4453125,2.625,3.4453125,0.0,0.0,/DATACENTER3/zhenxiang.wang/work/TailGuardKV/.worktrees/baseline-smoke-final-aggregation/out/full_25session_baseline_9_14/full/policy_attempts/full40_20260916_h2o_static_safe/seed20260906,True,calibrated safe,hybrid-session-006,chat,193.87452094815671,1,risk_evidence_insufficient,20260906
kivi_4bit_residual64,13.0,0.1,False,False,online_qwen,False,,/DATACENTER3/zhenxiang.wang/work/TailGuardKV/.worktrees/baseline-smoke-final-aggregation/out/full_25session_baseline_9_14/full/policy_attempts/full40_20260916_h2o_static_safe/seed20260906/config.yaml,,,,,0.05,True,,0.1,,0,False,kivi_4bit_residual64,True,,balanced_two_gpu,1,persistent,28299.620846053585,17020,32304.572703083977,,96.0,33.16796875,3.390625,3.390625,1.6953125,1696.4899559970945,unknown,True,,True,,False,,15090.15771484375,True,static_safe,False,0.0,0.0,kivi_4bit_residual64,0.0,,risk_evidence_insufficient,0.0,static_safe,0.0,,,,hybrid-session-009-turn-1,3.390625,1.6953125,3.390625,0.0,0.0,/DATACENTER3/zhenxiang.wang/work/TailGuardKV/.worktrees/baseline-smoke-final-aggregation/out/full_25session_baseline_9_14/full/policy_attempts/full40_20260916_h2o_static_safe/seed20260906,True,calibrated safe,hybrid-session-009,chat,118.94123815000057,1,risk_evidence_insufficient,20260906
kivi_4bit_residual64,13.0,0.1,False,False,online_qwen,False,,/DATACENTER3/zhenxiang.wang/work/TailGuardKV/.worktrees/baseline-smoke-final-aggregation/out/full_25session_baseline_9_14/full/policy_attempts/full40_20260916_h2o_static_safe/seed20260906/config.yaml,,,,,0.05,True,,0.1,,0,False,kivi_4bit_residual64,True,,balanced_two_gpu,1,persistent,28299.620846053585,17020,32304.572703083977,,96.0,34.80859375,3.171875,3.171875,1.640625,1693.704874953255,unknown,True,,True,,False,,15090.34130859375,True,static_safe,False,0.0,0.0,kivi_4bit_residual64,0.0,,risk_evidence_insufficient,0.0,static_safe,0.0,,,,hybrid-session-010-turn-1,3.171875,1.53125,3.171875,0.0,0.0,/DATACENTER3/zhenxiang.wang/work/TailGuardKV/.worktrees/baseline-smoke-final-aggregation/out/full_25session_baseline_9_14/full/policy_attempts/full40_20260916_h2o_static_safe/seed20260906,True,calibrated safe,hybrid-session-010,chat,112.67684702761471,1,risk_evidence_insufficient,20260906
kivi_4bit_residual64,13.0,0.1,False,False,online_qwen,False,,/DATACENTER3/zhenxiang.wang/work/TailGuardKV/.worktrees/baseline-smoke-final-aggregation/out/full_25session_baseline_9_14/full/policy_attempts/full40_20260916_h2o_static_safe/seed20260906/config.yaml,,,,,0.05,True,,0.1,,0,False,kivi_4bit_residual64,True,,balanced_two_gpu,1,persistent,28299.620846053585,17020,32304.572703083977,,96.0,36.23046875,3.2265625,3.2265625,1.421875,1316.2681318353862,unknown,True,,True,,False,,15086.74462890625,True,static_safe,False,0.0,0.0,kivi_4bit_residual64,0.0,,risk_evidence_insufficient,0.0,static_safe,0.0,,,,hybrid-session-013-turn-1,3.2265625,1.8046875,3.2265625,0.0,0.0,/DATACENTER3/zhenxiang.wang/work/TailGuardKV/.worktrees/baseline-smoke-final-aggregation/out/full_25session_baseline_9_14/full/policy_attempts/full40_20260916_h2o_static_safe/seed20260906,True,calibrated safe,hybrid-session-013,chat,95.5414418131113,1,risk_evidence_insufficient,20260906
kivi_4bit_residual64,13.0,0.1,False,False,online_qwen,False,,/DATACENTER3/zhenxiang.wang/work/TailGuardKV/.worktrees/baseline-smoke-final-aggregation/out/full_25session_baseline_9_14/full/policy_attempts/full40_20260916_h2o_static_safe/seed20260906/config.yaml,,,,,0.05,True,,0.1,,0,False,kivi_4bit_residual64,True,,balanced_two_gpu,1,persistent,28299.620846053585,17020,32304.572703083977,,96.0,36.297119140625,2.691650390625,2.691650390625,0.066650390625,2311.0396661795676,unknown,True,,True,,False,,15089.38818359375,True,static_safe,False,0.0,0.0,kivi_4bit_residual64,0.0,,risk_evidence_insufficient,0.0,static_safe,0.0,,,,hybrid-session-016-turn-1,2.691650390625,2.625,2.691650390625,0.0,0.0,/DATACENTER3/zhenxiang.wang/work/TailGuardKV/.worktrees/baseline-smoke-final-aggregation/out/full_25session_baseline_9_14/full/policy_attempts/full40_20260916_h2o_static_safe/seed20260906,True,calibrated safe,hybrid-session-016,chat,114.73501403816044,1,risk_evidence_insufficient,20260906
kivi_4bit_residual64,13.0,0.1,False,False,online_qwen,False,,/DATACENTER3/zhenxiang.wang/work/TailGuardKV/.worktrees/baseline-smoke-final-aggregation/out/full_25session_baseline_9_14/full/policy_attempts/full40_20260916_h2o_static_safe/seed20260906/config.yaml,,,,,0.05,True,,0.1,,0,False,kivi_4bit_residual64,True,,balanced_two_gpu,1,persistent,28299.620846053585,17020,32304.572703083977,,96.0,36.690185546875,2.79931640625,2.79931640625,0.39306640625,2477.2693109698594,unknown,True,,True,,False,,15100.35595703125,True,static_safe,False,0.0,0.0,kivi_4bit_residual64,0.0,,risk_evidence_insufficient,0.0,static_safe,0.0,,,,hybrid-session-020-turn-1,2.79931640625,2.40625,2.79931640625,0.0,0.0,/DATACENTER3/zhenxiang.wang/work/TailGuardKV/.worktrees/baseline-smoke-final-aggregation/out/full_25session_baseline_9_14/full/policy_attempts/full40_20260916_h2o_static_safe/seed20260906,True,calibrated safe,hybrid-session-020,chat,123.82487510330975,1,risk_evidence_insufficient,20260906
kivi_4bit_residual64,13.0,0.1,False,False,online_qwen,False,,/DATACENTER3/zhenxiang.wang/work/TailGuardKV/.worktrees/baseline-smoke-final-aggregation/out/full_25session_baseline_9_14/full/policy_attempts/full40_20260916_h2o_static_safe/seed20260906/config.yaml,,,,,0.05,True,,0.1,,0,False,kivi_4bit_residual64,True,,balanced_two_gpu,1,persistent,28299.620846053585,17020,32304.572703083977,,96.0,37.3720703125,2.978759765625,2.978759765625,0.681884765625,2610.502139898017,unknown,True,,True,,False,,15109.2490234375,True,static_safe,False,0.0,0.0,kivi_4bit_residual64,0.0,,risk_evidence_insufficient,0.0,static_safe,0.0,,,,hybrid-session-021-turn-1,2.978759765625,2.296875,2.978759765625,0.0,0.0,/DATACENTER3/zhenxiang.wang/work/TailGuardKV/.worktrees/baseline-smoke-final-aggregation/out/full_25session_baseline_9_14/full/policy_attempts/full40_20260916_h2o_static_safe/seed20260906,True,calibrated safe,hybrid-session-021,chat,194.75685385987163,1,risk_evidence_insufficient,20260906
kivi_4bit_residual64,13.0,0.1,False,False,online_qwen,False,,/DATACENTER3/zhenxiang.wang/work/TailGuardKV/.worktrees/baseline-smoke-final-aggregation/out/full_25session_baseline_9_14/full/policy_attempts/full40_20260916_h2o_static_safe/seed20260906/config.yaml,,,,,0.05,True,,0.1,,0,False,kivi_4bit_residual64,True,,balanced_two_gpu,1,persistent,28299.620846053585,17020,32304.572703083977,,96.0,38.6845703125,3.28125,3.28125,1.3125,1703.360134968534,unknown,True,,True,,False,,15085.52294921875,True,static_safe,False,0.005128205128205128,0.005128205128205128,kivi_4bit_residual64,0.005128205128205128,,risk_evidence_insufficient,0.0,static_safe,0.0,,,,hybrid-session-025-turn-1,3.28125,1.96875,3.28125,0.0,0.005128205128205128,/DATACENTER3/zhenxiang.wang/work/TailGuardKV/.worktrees/baseline-smoke-final-aggregation/out/full_25session_baseline_9_14/full/policy_attempts/full40_20260916_h2o_static_safe/seed20260906,True,calibrated safe,hybrid-session-025,chat,120.77999487519264,1,risk_evidence_insufficient,20260906
kivi_4bit_residual64,13.0,0.1,False,False,online_qwen,False,,/DATACENTER3/zhenxiang.wang/work/TailGuardKV/.worktrees/baseline-smoke-final-aggregation/out/full_25session_baseline_9_14/full/policy_attempts/full40_20260916_h2o_static_safe/seed20260906/config.yaml,,,,,0.05,True,,0.1,,0,False,kivi_4bit_residual64,True,,balanced_two_gpu,1,persistent,28299.620846053585,17020,32304.572703083977,,96.0,39.547607421875,3.050537109375,3.050537109375,0.863037109375,2594.9542499147356,unknown,True,,True,,False,,15117.2783203125,True,static_safe,False,0.0,0.0,kivi_4bit_residual64,0.0,,risk_evidence_insufficient,0.0,static_safe,0.0,,,,hybrid-session-026-turn-1,3.050537109375,2.1875,3.050537109375,0.0,0.0,/DATACENTER3/zhenxiang.wang/work/TailGuardKV/.worktrees/baseline-smoke-final-aggregation/out/full_25session_baseline_9_14/full/policy_attempts/full40_20260916_h2o_static_safe/seed20260906,True,calibrated safe,hybrid-session-026,chat,187.78421403840184,1,risk_evidence_insufficient,20260906
kivi_4bit_residual64,13.0,0.1,True,False,online_qwen,False,,/DATACENTER3/zhenxiang.wang/work/TailGuardKV/.worktrees/baseline-smoke-final-aggregation/out/full_25session_baseline_9_14/full/policy_attempts/full40_20260916_h2o_static_safe/seed20260906/config.yaml,,,,,0.05,True,,0.1,,0,False,kivi_4bit_residual64,True,,balanced_two_gpu,1,persistent,28299.620846053585,17020,32304.572703083977,,96.0,41.591552734375,4.592041015625,4.592041015625,2.0439453125,2709.377045975998,unknown,True,,True,,False,,15237.5693359375,True,static_safe,False,0.0,0.0,kivi_4bit_residual64,0.0,,risk_evidence_insufficient,0.0,static_safe,0.0,,,,hybrid-session-002-turn-2,4.592041015625,2.548095703125,4.592041015625,0.0,0.0,/DATACENTER3/zhenxiang.wang/work/TailGuardKV/.worktrees/baseline-smoke-final-aggregation/out/full_25session_baseline_9_14/full/policy_attempts/full40_20260916_h2o_static_safe/seed20260906,True,calibrated safe,hybrid-session-002,qa,246.9254001043737,2,risk_evidence_insufficient,20260906
kivi_4bit_residual64,13.0,0.1,False,False,online_qwen,False,,/DATACENTER3/zhenxiang.wang/work/TailGuardKV/.worktrees/baseline-smoke-final-aggregation/out/full_25session_baseline_9_14/full/policy_attempts/full40_20260916_h2o_static_safe/seed20260906/config.yaml,,,,,0.05,True,,0.1,,0,False,kivi_4bit_residual64,True,,balanced_two_gpu,1,persistent,28299.620846053585,17020,32304.572703083977,,96.0,43.84228515625,5.149169921875,5.149169921875,2.250732421875,2656.4401439391077,unknown,True,,True,,False,,15238.6494140625,True,static_safe,False,0.0,0.0,kivi_4bit_residual64,0.0,,risk_evidence_insufficient,0.0,static_safe,0.0,,,,hybrid-session-003-turn-2,5.149169921875,2.8984375,5.149169921875,0.0,0.0,/DATACENTER3/zhenxiang.wang/work/TailGuardKV/.worktrees/baseline-smoke-final-aggregation/out/full_25session_baseline_9_14/full/policy_attempts/full40_20260916_h2o_static_safe/seed20260906,True,calibrated safe,hybrid-session-003,summary,218.3457559440285,2,risk_evidence_insufficient,20260906
kivi_4bit_residual64,13.0,0.1,False,False,online_qwen,False,,/DATACENTER3/zhenxiang.wang/work/TailGuardKV/.worktrees/baseline-smoke-final-aggregation/out/full_25session_baseline_9_14/full/policy_attempts/full40_20260916_h2o_static_safe/seed20260906/config.yaml,,,,,0.05,True,,0.1,,0,False,kivi_4bit_residual64,True,,balanced_two_gpu,1,persistent,28299.620846053585,17020,32304.572703083977,,96.0,45.347900390625,4.771484375,4.771484375,1.505615234375,2674.397394992411,unknown,True,,True,,False,,15217.580078125,True,static_safe,False,0.03418803418803419,0.03418803418803419,kivi_4bit_residual64,0.03418803418803419,,risk_evidence_insufficient,0.0,static_safe,0.0,,,,hybrid-session-004-turn-2,4.771484375,3.265869140625,4.771484375,0.0,0.3418803418803419,/DATACENTER3/zhenxiang.wang/work/TailGuardKV/.worktrees/baseline-smoke-final-aggregation/out/full_25session_baseline_9_14/full/policy_attempts/full40_20260916_h2o_static_safe/seed20260906,False,calibrated unsafe,hybrid-session-004,qa,242.1677620150149,2,risk_evidence_insufficient,20260906
kivi_4bit_residual64,13.0,0.1,False,False,online_qwen,False,,/DATACENTER3/zhenxiang.wang/work/TailGuardKV/.worktrees/baseline-smoke-final-aggregation/out/full_25session_baseline_9_14/full/policy_attempts/full40_20260916_h2o_static_safe/seed20260906/config.yaml,,,,,0.05,True,,0.1,,0,False,kivi_4bit_residual64,True,,balanced_two_gpu,1,persistent,28299.620846053585,17020,32304.572703083977,,96.0,47.06884765625,4.520263671875,4.520263671875,1.720947265625,2695.181733928621,unknown,True,,True,,False,,15228.064453125,True,static_safe,False,0.0,0.0,kivi_4bit_residual64,0.0,,risk_evidence_insufficient,0.0,static_safe,0.0,,,,hybrid-session-005-turn-2,4.520263671875,2.79931640625,4.520263671875,0.0,0.0,/DATACENTER3/zhenxiang.wang/work/TailGuardKV/.worktrees/baseline-smoke-final-aggregation/out/full_25session_baseline_9_14/full/policy_attempts/full40_20260916_h2o_static_safe/seed20260906,True,calibrated safe,hybrid-session-005,summary,236.12965806387365,2,risk_evidence_insufficient,20260906
kivi_4bit_residual64,13.0,0.1,False,False,online_qwen,False,,/DATACENTER3/zhenxiang.wang/work/TailGuardKV/.worktrees/baseline-smoke-final-aggregation/out/full_25session_baseline_9_14/full/policy_attempts/full40_20260916_h2o_static_safe/seed20260906/config.yaml,,,,,0.05,True,,0.1,,0,False,kivi_4bit_residual64,True,,balanced_two_gpu,1,persistent,28299.620846053585,17020,32304.572703083977,,96.0,49.68701171875,6.0634765625,6.0634765625,2.6181640625,2675.089325988665,unknown,True,,True,,False,,15265.92138671875,True,static_safe,False,0.03418803418803419,0.03418803418803419,kivi_4bit_residual64,0.03418803418803419,,risk_evidence_insufficient,0.0,static_safe,0.0,,,,hybrid-session-006-turn-2,6.0634765625,3.4453125,6.0634765625,0.0,0.3418803418803419,/DATACENTER3/zhenxiang.wang/work/TailGuardKV/.worktrees/baseline-smoke-final-aggregation/out/full_25session_baseline_9_14/full/policy_attempts/full40_20260916_h2o_static_safe/seed20260906,False,calibrated unsafe,hybrid-session-006,qa,240.4855638742447,2,risk_evidence_insufficient,20260906
kivi_4bit_residual64,13.0,0.1,False,False,online_qwen,False,,/DATACENTER3/zhenxiang.wang/work/TailGuardKV/.worktrees/baseline-smoke-final-aggregation/out/full_25session_baseline_9_14/full/policy_attempts/full40_20260916_h2o_static_safe/seed20260906/config.yaml,,,,,0.05,True,,0.1,,0,False,kivi_4bit_residual64,True,,balanced_two_gpu,1,persistent,28299.620846053585,17020,32304.572703083977,,96.0,51.302001953125,5.005615234375,5.005615234375,1.614990234375,2629.516222048551,unknown,True,,True,,False,,15225.28515625,True,static_safe,False,0.0,0.0,kivi_4bit_residual64,0.0,,risk_evidence_insufficient,0.0,static_safe,0.0,,,,hybrid-session-009-turn-2,5.005615234375,3.390625,5.005615234375,0.0,0.0,/DATACENTER3/zhenxiang.wang/work/TailGuardKV/.worktrees/baseline-smoke-final-aggregation/out/full_25session_baseline_9_14/full/policy_attempts/full40_20260916_h2o_static_safe/seed20260906,True,calibrated safe,hybrid-session-009,summary,202.01057405211031,2,risk_evidence_insufficient,20260906
kivi_4bit_residual64,13.0,0.1,False,False,online_qwen,False,,/DATACENTER3/zhenxiang.wang/work/TailGuardKV/.worktrees/baseline-smoke-final-aggregation/out/full_25session_baseline_9_14/full/policy_attempts/full40_20260916_h2o_static_safe/seed20260906/config.yaml,,,,,0.05,True,,0.1,,0,False,kivi_4bit_residual64,True,,balanced_two_gpu,1,persistent,28299.620846053585,17020,32304.572703083977,,96.0,53.56640625,5.436279296875,5.436279296875,2.264404296875,2624.175207922235,unknown,True,,True,,False,,15250.880859375,True,static_safe,False,0.0,0.0,kivi_4bit_residual64,0.0,,risk_evidence_insufficient,0.0,static_safe,0.0,,,,hybrid-session-010-turn-2,5.436279296875,3.171875,5.436279296875,0.0,0.0,/DATACENTER3/zhenxiang.wang/work/TailGuardKV/.worktrees/baseline-smoke-final-aggregation/out/full_25session_baseline_9_14/full/policy_attempts/full40_20260916_h2o_static_safe/seed20260906,True,calibrated safe,hybrid-session-010,qa,208.60223891213536,2,risk_evidence_insufficient,20260906
kivi_4bit_residual64,13.0,0.1,True,False,online_qwen,False,,/DATACENTER3/zhenxiang.wang/work/TailGuardKV/.worktrees/baseline-smoke-final-aggregation/out/full_25session_baseline_9_14/full/policy_attempts/full40_20260916_h2o_static_safe/seed20260906/config.yaml,,,,,0.05,True,,0.1,,0,False,kivi_4bit_residual64,True,,balanced_two_gpu,1,persistent,28299.620846053585,17020,32304.572703083977,,96.0,55.52490234375,5.18505859375,5.18505859375,1.95849609375,2525.185058126226,unknown,True,,True,,False,,15241.21484375,True,static_safe,False,0.0,0.0,kivi_4bit_residual64,0.0,,risk_evidence_insufficient,0.0,static_safe,0.0,,,,hybrid-session-013-turn-2,5.18505859375,3.2265625,5.18505859375,0.0,0.0,/DATACENTER3/zhenxiang.wang/work/TailGuardKV/.worktrees/baseline-smoke-final-aggregation/out/full_25session_baseline_9_14/full/policy_attempts/full40_20260916_h2o_static_safe/seed20260906,True,calibrated safe,hybrid-session-013,summary,214.31558905169368,2,risk_evidence_insufficient,20260906
kivi_4bit_residual64,13.0,0.1,False,False,online_qwen,False,,/DATACENTER3/zhenxiang.wang/work/TailGuardKV/.worktrees/baseline-smoke-final-aggregation/out/full_25session_baseline_9_14/full/policy_attempts/full40_20260916_h2o_static_safe/seed20260906/config.yaml,,,,,0.05,True,,0.1,,0,False,kivi_4bit_residual64,True,,balanced_two_gpu,1,persistent,28299.620846053585,17020,32304.572703083977,,96.0,57.389404296875,4.55615234375,4.55615234375,1.864501953125,2699.4089209474623,unknown,True,,True,,False,,15244.291015625,True,static_safe,False,0.0,0.0,kivi_4bit_residual64,0.0,,risk_evidence_insufficient,0.0,static_safe,0.0,,,,hybrid-session-016-turn-2,4.55615234375,2.691650390625,4.55615234375,0.0,0.0,/DATACENTER3/zhenxiang.wang/work/TailGuardKV/.worktrees/baseline-smoke-final-aggregation/out/full_25session_baseline_9_14/full/policy_attempts/full40_20260916_h2o_static_safe/seed20260906,True,calibrated safe,hybrid-session-016,qa,239.9956549052149,2,risk_evidence_insufficient,20260906
kivi_4bit_residual64,13.0,0.1,True,False,online_qwen,False,,/DATACENTER3/zhenxiang.wang/work/TailGuardKV/.worktrees/baseline-smoke-final-aggregation/out/full_25session_baseline_9_14/full/policy_attempts/full40_20260916_h2o_static_safe/seed20260906/config.yaml,,,,,0.05,True,,0.1,,0,False,kivi_4bit_residual64,True,,balanced_two_gpu,1,persistent,28299.620846053585,17020,32304.572703083977,,96.0,59.18212890625,4.592041015625,4.592041015625,1.792724609375,2706.8997870665044,unknown,True,,True,,False,,15243.1875,True,static_safe,False,0.03418803418803419,0.03418803418803419,kivi_4bit_residual64,0.03418803418803419,,risk_evidence_insufficient,0.0,static_safe,0.0,,,,hybrid-session-020-turn-2,4.592041015625,2.79931640625,4.592041015625,0.0,0.3418803418803419,/DATACENTER3/zhenxiang.wang/work/TailGuardKV/.worktrees/baseline-smoke-final-aggregation/out/full_25session_baseline_9_14/full/policy_attempts/full40_20260916_h2o_static_safe/seed20260906,False,calibrated unsafe,hybrid-session-020,qa,236.84328701347113,2,risk_evidence_insufficient,20260906
kivi_4bit_residual64,13.0,0.1,False,False,online_qwen,False,,/DATACENTER3/zhenxiang.wang/work/TailGuardKV/.worktrees/baseline-smoke-final-aggregation/out/full_25session_baseline_9_14/full/policy_attempts/full40_20260916_h2o_static_safe/seed20260906/config.yaml,,,,,0.05,True,,0.1,,0,False,kivi_4bit_residual64,True,,balanced_two_gpu,1,persistent,28299.620846053585,17020,32304.572703083977,,96.0,61.154296875,4.950927734375,4.950927734375,1.97216796875,2711.087418021634,unknown,True,,True,,False,,15253.3935546875,True,static_safe,False,0.0,0.0,kivi_4bit_residual64,0.0,,risk_evidence_insufficient,0.0,static_safe,0.0,,,,hybrid-session-021-turn-2,4.950927734375,2.978759765625,4.950927734375,0.0,0.0,/DATACENTER3/zhenxiang.wang/work/TailGuardKV/.worktrees/baseline-smoke-final-aggregation/out/full_25session_baseline_9_14/full/policy_attempts/full40_20260916_h2o_static_safe/seed20260906,True,calibrated safe,hybrid-session-021,summary,244.1668501123786,2,risk_evidence_insufficient,20260906
kivi_4bit_residual64,13.0,0.1,False,False,online_qwen,False,,/DATACENTER3/zhenxiang.wang/work/TailGuardKV/.worktrees/baseline-smoke-final-aggregation/out/full_25session_baseline_9_14/full/policy_attempts/full40_20260916_h2o_static_safe/seed20260906/config.yaml,,,,,0.05,True,,0.1,,0,False,kivi_4bit_residual64,True,,balanced_two_gpu,1,persistent,28299.620846053585,17020,32304.572703083977,,96.0,63.165771484375,5.292724609375,5.292724609375,2.011474609375,2640.47739491798,unknown,True,,True,,False,,15251.8046875,True,static_safe,False,0.0,0.0,kivi_4bit_residual64,0.0,,risk_evidence_insufficient,0.0,static_safe,0.0,,,,hybrid-session-025-turn-2,5.292724609375,3.28125,5.292724609375,0.0,0.0,/DATACENTER3/zhenxiang.wang/work/TailGuardKV/.worktrees/baseline-smoke-final-aggregation/out/full_25session_baseline_9_14/full/policy_attempts/full40_20260916_h2o_static_safe/seed20260906,True,calibrated safe,hybrid-session-025,summary,208.04925286211073,2,risk_evidence_insufficient,20260906
kivi_4bit_residual64,13.0,0.1,False,False,online_qwen,False,,/DATACENTER3/zhenxiang.wang/work/TailGuardKV/.worktrees/baseline-smoke-final-aggregation/out/full_25session_baseline_9_14/full/policy_attempts/full40_20260916_h2o_static_safe/seed20260906/config.yaml,,,,,0.05,True,,0.1,,0,False,kivi_4bit_residual64,True,,balanced_two_gpu,1,persistent,28299.620846053585,17020,32304.572703083977,,96.0,65.209716796875,5.094482421875,5.094482421875,2.0439453125,2644.813392078504,unknown,True,,True,,False,,15260.15673828125,True,static_safe,False,0.03418803418803419,0.03418803418803419,kivi_4bit_residual64,0.03418803418803419,,risk_evidence_insufficient,0.0,static_safe,0.0,,,,hybrid-session-026-turn-2,5.094482421875,3.050537109375,5.094482421875,0.0,0.3418803418803419,/DATACENTER3/zhenxiang.wang/work/TailGuardKV/.worktrees/baseline-smoke-final-aggregation/out/full_25session_baseline_9_14/full/policy_attempts/full40_20260916_h2o_static_safe/seed20260906,False,calibrated unsafe,hybrid-session-026,qa,230.94734200276434,2,risk_evidence_insufficient,20260906
kivi_4bit_residual64,13.0,0.1,False,False,online_qwen,False,,/DATACENTER3/zhenxiang.wang/work/TailGuardKV/.worktrees/baseline-smoke-final-aggregation/out/full_25session_baseline_9_14/full/policy_attempts/full40_20260916_h2o_static_safe/seed20260906/config.yaml,,,,,0.05,True,,0.1,,0,False,kivi_4bit_residual64,True,,balanced_two_gpu,1,persistent,28299.620846053585,17020,32304.572703083977,,96.0,66.82470703125,6.20703125,6.20703125,1.614990234375,2468.2097560726106,unknown,True,,True,,False,,15144.7421875,True,static_safe,False,0.0,0.0,kivi_4bit_residual64,0.0,,risk_evidence_insufficient,0.0,static_safe,0.0,,,,hybrid-session-002-turn-3,6.20703125,4.592041015625,6.20703125,0.0,0.0,/DATACENTER3/zhenxiang.wang/work/TailGuardKV/.worktrees/baseline-smoke-final-aggregation/out/full_25session_baseline_9_14/full/policy_attempts/full40_20260916_h2o_static_safe/seed20260906,True,calibrated safe,hybrid-session-002,qa,197.81750300899148,3,risk_evidence_insufficient,20260906
kivi_4bit_residual64,13.0,0.1,False,False,online_qwen,False,,/DATACENTER3/zhenxiang.wang/work/TailGuardKV/.worktrees/baseline-smoke-final-aggregation/out/full_25session_baseline_9_14/full/policy_attempts/full40_20260916_h2o_static_safe/seed20260906/config.yaml,,,,,0.05,True,,0.1,,0,False,kivi_4bit_residual64,True,,balanced_two_gpu,1,persistent,28299.620846053585,17020,32304.572703083977,,96.0,67.20068359375,5.525146484375,5.525146484375,0.3759765625,2677.052198909223,unknown,True,,True,,False,,15143.60546875,True,static_safe,False,0.0,0.0,kivi_4bit_residual64,0.0,,risk_evidence_insufficient,0.0,static_safe,0.0,,,,hybrid-session-003-turn-3,5.525146484375,5.149169921875,5.525146484375,0.0,0.0,/DATACENTER3/zhenxiang.wang/work/TailGuardKV/.worktrees/baseline-smoke-final-aggregation/out/full_25session_baseline_9_14/full/policy_attempts/full40_20260916_h2o_static_safe/seed20260906,True,calibrated safe,hybrid-session-003,summary,219.78641394525766,3,risk_evidence_insufficient,20260906
kivi_4bit_residual64,13.0,0.1,False,False,online_qwen,False,,/DATACENTER3/zhenxiang.wang/work/TailGuardKV/.worktrees/baseline-smoke-final-aggregation/out/full_25session_baseline_9_14/full/policy_attempts/full40_20260916_h2o_static_safe/seed20260906/config.yaml,,,,,0.05,True,,0.1,,0,False,kivi_4bit_residual64,True,,balanced_two_gpu,1,persistent,28299.620846053585,17020,32304.572703083977,,96.0,68.815673828125,6.386474609375,6.386474609375,1.614990234375,2298.4495100099593,unknown,True,,True,,False,,15146.689453125,True,static_safe,False,0.03418803418803419,0.03418803418803419,kivi_4bit_residual64,0.03418803418803419,,risk_evidence_insufficient,0.0,static_safe,0.0,,,,hybrid-session-004-turn-3,6.386474609375,4.771484375,6.386474609375,0.0,0.3418803418803419,/DATACENTER3/zhenxiang.wang/work/TailGuardKV/.worktrees/baseline-smoke-final-aggregation/out/full_25session_baseline_9_14/full/policy_attempts/full40_20260916_h2o_static_safe/seed20260906,False,calibrated unsafe,hybrid-session-004,qa,179.47008204646409,3,risk_evidence_insufficient,20260906
kivi_4bit_residual64,13.0,0.1,False,False,online_qwen,False,,/DATACENTER3/zhenxiang.wang/work/TailGuardKV/.worktrees/baseline-smoke-final-aggregation/out/full_25session_baseline_9_14/full/policy_attempts/full40_20260916_h2o_static_safe/seed20260906/config.yaml,,,,,0.05,True,,0.1,,0,False,kivi_4bit_residual64,True,,balanced_two_gpu,1,persistent,28299.620846053585,17020,32304.572703083977,,96.0,70.394775390625,6.099365234375,6.099365234375,1.5791015625,2312.699447851628,unknown,True,,True,,False,,15146.791015625,True,static_safe,False,0.0,0.0,kivi_4bit_residual64,0.0,,risk_evidence_insufficient,0.0,static_safe,0.0,,,,hybrid-session-005-turn-3,6.099365234375,4.520263671875,6.099365234375,0.0,0.0,/DATACENTER3/zhenxiang.wang/work/TailGuardKV/.worktrees/baseline-smoke-final-aggregation/out/full_25session_baseline_9_14/full/policy_attempts/full40_20260916_h2o_static_safe/seed20260906,True,calibrated safe,hybrid-session-005,summary,183.51348582655191,3,risk_evidence_insufficient,20260906
kivi_4bit_residual64,13.0,0.1,False,False,online_qwen,False,,/DATACENTER3/zhenxiang.wang/work/TailGuardKV/.worktrees/baseline-smoke-final-aggregation/out/full_25session_baseline_9_14/full/policy_attempts/full40_20260916_h2o_static_safe/seed20260906/config.yaml,,,,,0.05,True,,0.1,,0,False,kivi_4bit_residual64,True,,balanced_two_gpu,1,persistent,28299.620846053585,17020,32304.572703083977,,96.0,70.806640625,6.475341796875,6.475341796875,0.411865234375,2663.5042501147836,unknown,True,,True,,False,,15148.673828125,True,static_safe,False,0.0,0.0,kivi_4bit_residual64,0.0,,risk_evidence_insufficient,0.0,static_safe,0.0,,,,hybrid-session-006-turn-3,6.475341796875,6.0634765625,6.475341796875,0.0,0.0,/DATACENTER3/zhenxiang.wang/work/TailGuardKV/.worktrees/baseline-smoke-final-aggregation/out/full_25session_baseline_9_14/full/policy_attempts/full40_20260916_h2o_static_safe/seed20260906,True,calibrated safe,hybrid-session-006,qa,217.27709495462477,3,risk_evidence_insufficient,20260906
kivi_4bit_residual64,13.0,0.1,False,False,online_qwen,False,,/DATACENTER3/zhenxiang.wang/work/TailGuardKV/.worktrees/baseline-smoke-final-aggregation/out/full_25session_baseline_9_14/full/policy_attempts/full40_20260916_h2o_static_safe/seed20260906/config.yaml,,,,,0.05,True,,0.1,,0,False,kivi_4bit_residual64,True,,balanced_two_gpu,1,persistent,28299.620846053585,17020,32304.572703083977,,96.0,71.1826171875,5.381591796875,5.381591796875,0.3759765625,2654.3876780197024,unknown,True,,True,,False,,15147.59765625,True,static_safe,False,0.0,0.0,kivi_4bit_residual64,0.0,,risk_evidence_insufficient,0.0,static_safe,0.0,,,,hybrid-session-009-turn-3,5.381591796875,5.005615234375,5.381591796875,0.0,0.0,/DATACENTER3/zhenxiang.wang/work/TailGuardKV/.worktrees/baseline-smoke-final-aggregation/out/full_25session_baseline_9_14/full/policy_attempts/full40_20260916_h2o_static_safe/seed20260906,True,calibrated safe,hybrid-session-009,summary,211.6974308155477,3,risk_evidence_insufficient,20260906
kivi_4bit_residual64,13.0,0.1,False,False,online_qwen,False,,/DATACENTER3/zhenxiang.wang/work/TailGuardKV/.worktrees/baseline-smoke-final-aggregation/out/full_25session_baseline_9_14/full/policy_attempts/full40_20260916_h2o_static_safe/seed20260906/config.yaml,,,,,0.05,True,,0.1,,0,False,kivi_4bit_residual64,True,,balanced_two_gpu,1,persistent,28299.620846053585,17020,32304.572703083977,,96.0,71.594482421875,5.84814453125,5.84814453125,0.411865234375,2441.357081057504,unknown,True,,True,,False,,15149.47265625,True,static_safe,False,0.0,0.0,kivi_4bit_residual64,0.0,,risk_evidence_insufficient,0.0,static_safe,0.0,,,,hybrid-session-010-turn-3,5.84814453125,5.436279296875,5.84814453125,0.0,0.0,/DATACENTER3/zhenxiang.wang/work/TailGuardKV/.worktrees/baseline-smoke-final-aggregation/out/full_25session_baseline_9_14/full/policy_attempts/full40_20260916_h2o_static_safe/seed20260906,True,calibrated safe,hybrid-session-010,qa,222.06515609286726,3,risk_evidence_insufficient,20260906
kivi_4bit_residual64,13.0,0.1,False,False,online_qwen,False,,/DATACENTER3/zhenxiang.wang/work/TailGuardKV/.worktrees/baseline-smoke-final-aggregation/out/full_25session_baseline_9_14/full/policy_attempts/full40_20260916_h2o_static_safe/seed20260906/config.yaml,,,,,0.05,True,,0.1,,0,False,kivi_4bit_residual64,True,,balanced_two_gpu,1,persistent,28299.620846053585,17020,32304.572703083977,,96.0,71.970458984375,5.56103515625,5.56103515625,0.3759765625,2660.2552449330688,unknown,True,,True,,False,,15148.37109375,True,static_safe,False,0.0,0.0,kivi_4bit_residual64,0.0,,risk_evidence_insufficient,0.0,static_safe,0.0,,,,hybrid-session-013-turn-3,5.56103515625,5.18505859375,5.56103515625,0.0,0.0,/DATACENTER3/zhenxiang.wang/work/TailGuardKV/.worktrees/baseline-smoke-final-aggregation/out/full_25session_baseline_9_14/full/policy_attempts/full40_20260916_h2o_static_safe/seed20260906,True,calibrated safe,hybrid-session-013,summary,209.8110809456557,3,risk_evidence_insufficient,20260906
kivi_4bit_residual64,13.0,0.1,False,False,online_qwen,False,,/DATACENTER3/zhenxiang.wang/work/TailGuardKV/.worktrees/baseline-smoke-final-aggregation/out/full_25session_baseline_9_14/full/policy_attempts/full40_20260916_h2o_static_safe/seed20260906/config.yaml,,,,,0.05,True,,0.1,,0,False,kivi_4bit_residual64,True,,balanced_two_gpu,1,persistent,28299.620846053585,17020,32304.572703083977,,96.0,73.58544921875,6.171142578125,6.171142578125,1.614990234375,2646.632676012814,unknown,True,,True,,False,,15151.431640625,True,static_safe,False,0.0,0.0,kivi_4bit_residual64,0.0,,risk_evidence_insufficient,0.0,static_safe,0.0,,,,hybrid-session-016-turn-3,6.171142578125,4.55615234375,6.171142578125,0.0,0.0,/DATACENTER3/zhenxiang.wang/work/TailGuardKV/.worktrees/baseline-smoke-final-aggregation/out/full_25session_baseline_9_14/full/policy_attempts/full40_20260916_h2o_static_safe/seed20260906,True,calibrated safe,hybrid-session-016,qa,183.3520969375968,3,risk_evidence_insufficient,20260906
kivi_4bit_residual64,13.0,0.1,False,False,online_qwen,False,,/DATACENTER3/zhenxiang.wang/work/TailGuardKV/.worktrees/baseline-smoke-final-aggregation/out/full_25session_baseline_9_14/full/policy_attempts/full40_20260916_h2o_static_safe/seed20260906/config.yaml,,,,,0.05,True,,0.1,,0,False,kivi_4bit_residual64,True,,balanced_two_gpu,1,persistent,28299.620846053585,17020,32304.572703083977,,96.0,75.200439453125,6.20703125,6.20703125,1.614990234375,2598.4849738888443,unknown,True,,True,,False,,15153.041015625,True,static_safe,False,0.0,0.0,kivi_4bit_residual64,0.0,,risk_evidence_insufficient,0.0,static_safe,0.0,,,,hybrid-session-020-turn-3,6.20703125,4.592041015625,6.20703125,0.0,0.0,/DATACENTER3/zhenxiang.wang/work/TailGuardKV/.worktrees/baseline-smoke-final-aggregation/out/full_25session_baseline_9_14/full/policy_attempts/full40_20260916_h2o_static_safe/seed20260906,True,calibrated safe,hybrid-session-020,qa,179.85956999473274,3,risk_evidence_insufficient,20260906
kivi_4bit_residual64,13.0,0.1,False,False,online_qwen,False,,/DATACENTER3/zhenxiang.wang/work/TailGuardKV/.worktrees/baseline-smoke-final-aggregation/out/full_25session_baseline_9_14/full/policy_attempts/full40_20260916_h2o_static_safe/seed20260906/config.yaml,,,,,0.05,True,,0.1,,0,False,kivi_4bit_residual64,True,,balanced_two_gpu,1,persistent,28299.620846053585,17020,32304.572703083977,,96.0,76.779541015625,6.530029296875,6.530029296875,1.5791015625,2628.4013940021396,unknown,True,,True,,False,,15153.134765625,True,static_safe,False,0.0,0.0,kivi_4bit_residual64,0.0,,risk_evidence_insufficient,0.0,static_safe,0.0,,,,hybrid-session-021-turn-3,6.530029296875,4.950927734375,6.530029296875,0.0,0.0,/DATACENTER3/zhenxiang.wang/work/TailGuardKV/.worktrees/baseline-smoke-final-aggregation/out/full_25session_baseline_9_14/full/policy_attempts/full40_20260916_h2o_static_safe/seed20260906,True,calibrated safe,hybrid-session-021,summary,181.36578099802136,3,risk_evidence_insufficient,20260906
kivi_4bit_residual64,13.0,0.1,False,False,online_qwen,False,,/DATACENTER3/zhenxiang.wang/work/TailGuardKV/.worktrees/baseline-smoke-final-aggregation/out/full_25session_baseline_9_14/full/policy_attempts/full40_20260916_h2o_static_safe/seed20260906/config.yaml,,,,,0.05,True,,0.1,,0,False,kivi_4bit_residual64,True,,balanced_two_gpu,1,persistent,28299.620846053585,17020,32304.572703083977,,96.0,77.155517578125,5.668701171875,5.668701171875,0.3759765625,2685.1475390139967,unknown,True,,True,,False,,15153.517578125,True,static_safe,False,0.0,0.0,kivi_4bit_residual64,0.0,,risk_evidence_insufficient,0.0,static_safe,0.0,,,,hybrid-session-025-turn-3,5.668701171875,5.292724609375,5.668701171875,0.0,0.0,/DATACENTER3/zhenxiang.wang/work/TailGuardKV/.worktrees/baseline-smoke-final-aggregation/out/full_25session_baseline_9_14/full/policy_attempts/full40_20260916_h2o_static_safe/seed20260906,True,calibrated safe,hybrid-session-025,summary,213.3885850198567,3,risk_evidence_insufficient,20260906
kivi_4bit_residual64,13.0,0.1,False,False,online_qwen,False,,/DATACENTER3/zhenxiang.wang/work/TailGuardKV/.worktrees/baseline-smoke-final-aggregation/out/full_25session_baseline_9_14/full/policy_attempts/full40_20260916_h2o_static_safe/seed20260906/config.yaml,,,,,0.05,True,,0.1,,0,False,kivi_4bit_residual64,True,,balanced_two_gpu,1,persistent,28299.620846053585,17020,32304.572703083977,,96.0,78.7705078125,6.70947265625,6.70947265625,1.614990234375,2080.311723984778,unknown,True,,True,,False,,15156.568359375,True,static_safe,False,0.03418803418803419,0.03418803418803419,kivi_4bit_residual64,0.03418803418803419,,risk_evidence_insufficient,0.0,static_safe,0.0,,,,hybrid-session-026-turn-3,6.70947265625,5.094482421875,6.70947265625,0.0,0.3418803418803419,/DATACENTER3/zhenxiang.wang/work/TailGuardKV/.worktrees/baseline-smoke-final-aggregation/out/full_25session_baseline_9_14/full/policy_attempts/full40_20260916_h2o_static_safe/seed20260906,False,calibrated unsafe,hybrid-session-026,qa,176.0204448364675,3,risk_evidence_insufficient,20260906
kivi_4bit_residual64,13.0,0.1,False,False,online_qwen,False,,/DATACENTER3/zhenxiang.wang/work/TailGuardKV/.worktrees/baseline-smoke-final-aggregation/out/full_25session_baseline_9_14/full/policy_attempts/full40_20260916_h2o_static_safe/seed20260906/config.yaml,,,,,0.05,True,,0.1,,0,False,kivi_4bit_residual64,True,,balanced_two_gpu,1,persistent,28299.620846053585,17020,32304.572703083977,,96.0,79.0029296875,6.439453125,6.439453125,0.232421875,2656.7752768751234,unknown,True,,True,,False,,15149.53125,True,static_safe,False,0.0,0.0,kivi_4bit_residual64,0.0,,risk_evidence_insufficient,0.0,static_safe,0.0,,,,hybrid-session-002-turn-4,6.439453125,6.20703125,6.439453125,0.0,0.0,/DATACENTER3/zhenxiang.wang/work/TailGuardKV/.worktrees/baseline-smoke-final-aggregation/out/full_25session_baseline_9_14/full/policy_attempts/full40_20260916_h2o_static_safe/seed20260906,True,calibrated safe,hybrid-session-002,qa,222.80839085578918,4,risk_evidence_insufficient,20260906
kivi_4bit_residual64,13.0,0.1,False,False,online_qwen,False,,/DATACENTER3/zhenxiang.wang/work/TailGuardKV/.worktrees/baseline-smoke-final-aggregation/out/full_25session_baseline_9_14/full/policy_attempts/full40_20260916_h2o_static_safe/seed20260906/config.yaml,,,,,0.05,True,,0.1,,0,False,kivi_4bit_residual64,True,,balanced_two_gpu,1,persistent,28299.620846053585,17020,32304.572703083977,,96.0,79.2353515625,5.757568359375,5.757568359375,0.232421875,2665.0183289311826,unknown,True,,True,,False,,15150.970703125,True,static_safe,False,0.0,0.0,kivi_4bit_residual64,0.0,,risk_evidence_insufficient,0.0,static_safe,0.0,,,,hybrid-session-003-turn-4,5.757568359375,5.525146484375,5.757568359375,0.0,0.0,/DATACENTER3/zhenxiang.wang/work/TailGuardKV/.worktrees/baseline-smoke-final-aggregation/out/full_25session_baseline_9_14/full/policy_attempts/full40_20260916_h2o_static_safe/seed20260906,True,calibrated safe,hybrid-session-003,summary,179.1959588881582,4,risk_evidence_insufficient,20260906
kivi_4bit_residual64,13.0,0.1,False,False,online_qwen,False,,/DATACENTER3/zhenxiang.wang/work/TailGuardKV/.worktrees/baseline-smoke-final-aggregation/out/full_25session_baseline_9_14/full/policy_attempts/full40_20260916_h2o_static_safe/seed20260906/config.yaml,,,,,0.05,True,,0.1,,0,False,kivi_4bit_residual64,True,,balanced_two_gpu,1,persistent,28299.620846053585,17020,32304.572703083977,,96.0,79.4677734375,6.618896484375,6.618896484375,0.232421875,2080.868931952864,unknown,True,,True,,False,,15149.98828125,True,static_safe,False,0.0,0.0,kivi_4bit_residual64,0.0,,risk_evidence_insufficient,0.0,static_safe,0.0,,,,hybrid-session-004-turn-4,6.618896484375,6.386474609375,6.618896484375,0.0,0.0,/DATACENTER3/zhenxiang.wang/work/TailGuardKV/.worktrees/baseline-smoke-final-aggregation/out/full_25session_baseline_9_14/full/policy_attempts/full40_20260916_h2o_static_safe/seed20260906,True,calibrated safe,hybrid-session-004,qa,181.46164901554585,4,risk_evidence_insufficient,20260906
kivi_4bit_residual64,13.0,0.1,False,False,online_qwen,False,,/DATACENTER3/zhenxiang.wang/work/TailGuardKV/.worktrees/baseline-smoke-final-aggregation/out/full_25session_baseline_9_14/full/policy_attempts/full40_20260916_h2o_static_safe/seed20260906/config.yaml,,,,,0.05,True,,0.1,,0,False,kivi_4bit_residual64,True,,balanced_two_gpu,1,persistent,28299.620846053585,17020,32304.572703083977,,96.0,79.7001953125,6.331787109375,6.331787109375,0.232421875,2648.7264879979193,unknown,True,,True,,False,,15150.234375,True,static_safe,False,0.0,0.0,kivi_4bit_residual64,0.0,,risk_evidence_insufficient,0.0,static_safe,0.0,,,,hybrid-session-005-turn-4,6.331787109375,6.099365234375,6.331787109375,0.0,0.0,/DATACENTER3/zhenxiang.wang/work/TailGuardKV/.worktrees/baseline-smoke-final-aggregation/out/full_25session_baseline_9_14/full/policy_attempts/full40_20260916_h2o_static_safe/seed20260906,True,calibrated safe,hybrid-session-005,summary,218.32621516659856,4,risk_evidence_insufficient,20260906
kivi_4bit_residual64,13.0,0.1,False,False,online_qwen,False,,/DATACENTER3/zhenxiang.wang/work/TailGuardKV/.worktrees/baseline-smoke-final-aggregation/out/full_25session_baseline_9_14/full/policy_attempts/full40_20260916_h2o_static_safe/seed20260906/config.yaml,,,,,0.05,True,,0.1,,0,False,kivi_4bit_residual64,True,,balanced_two_gpu,1,persistent,28299.620846053585,17020,32304.572703083977,,96.0,79.9326171875,6.707763671875,6.707763671875,0.232421875,2648.616472957656,unknown,True,,True,,False,,15151.68359375,True,static_safe,False,0.0,0.0,kivi_4bit_residual64,0.0,,risk_evidence_insufficient,0.0,static_safe,0.0,,,,hybrid-session-006-turn-4,6.707763671875,6.475341796875,6.707763671875,0.0,0.0,/DATACENTER3/zhenxiang.wang/work/TailGuardKV/.worktrees/baseline-smoke-final-aggregation/out/full_25session_baseline_9_14/full/policy_attempts/full40_20260916_h2o_static_safe/seed20260906,True,calibrated safe,hybrid-session-006,qa,176.79028306156397,4,risk_evidence_insufficient,20260906
kivi_4bit_residual64,13.0,0.1,True,False,online_qwen,False,,/DATACENTER3/zhenxiang.wang/work/TailGuardKV/.worktrees/baseline-smoke-final-aggregation/out/full_25session_baseline_9_14/full/policy_attempts/full40_20260916_h2o_static_safe/seed20260906/config.yaml,,,,,0.05,True,,0.1,,0,False,kivi_4bit_residual64,True,,balanced_two_gpu,1,persistent,28299.620846053585,17020,32304.572703083977,,96.0,80.1650390625,5.614013671875,5.614013671875,0.232421875,2530.6950309313834,unknown,True,,True,,False,,15151.927734375,True,static_safe,False,0.0,0.0,kivi_4bit_residual64,0.0,,risk_evidence_insufficient,0.0,static_safe,0.0,,,,hybrid-session-009-turn-4,5.614013671875,5.381591796875,5.614013671875,0.0,0.0,/DATACENTER3/zhenxiang.wang/work/TailGuardKV/.worktrees/baseline-smoke-final-aggregation/out/full_25session_baseline_9_14/full/policy_attempts/full40_20260916_h2o_static_safe/seed20260906,True,calibrated safe,hybrid-session-009,summary,174.96226401999593,4,risk_evidence_insufficient,20260906
kivi_4bit_residual64,13.0,0.1,False,False,online_qwen,False,,/DATACENTER3/zhenxiang.wang/work/TailGuardKV/.worktrees/baseline-smoke-final-aggregation/out/full_25session_baseline_9_14/full/policy_attempts/full40_20260916_h2o_static_safe/seed20260906/config.yaml,,,,,0.05,True,,0.1,,0,False,kivi_4bit_residual64,True,,balanced_two_gpu,1,persistent,28299.620846053585,17020,32304.572703083977,,96.0,80.3974609375,6.08056640625,6.08056640625,0.232421875,2491.2152069155127,unknown,True,,True,,False,,15152.1357421875,True,static_safe,False,0.0,0.0,kivi_4bit_residual64,0.0,,risk_evidence_insufficient,0.0,static_safe,0.0,,,,hybrid-session-010-turn-4,6.08056640625,5.84814453125,6.08056640625,0.0,0.0,/DATACENTER3/zhenxiang.wang/work/TailGuardKV/.worktrees/baseline-smoke-final-aggregation/out/full_25session_baseline_9_14/full/policy_attempts/full40_20260916_h2o_static_safe/seed20260906,True,calibrated safe,hybrid-session-010,qa,155.7740259449929,4,risk_evidence_insufficient,20260906
kivi_4bit_residual64,13.0,0.1,True,False,online_qwen,False,,/DATACENTER3/zhenxiang.wang/work/TailGuardKV/.worktrees/baseline-smoke-final-aggregation/out/full_25session_baseline_9_14/full/policy_attempts/full40_20260916_h2o_static_safe/seed20260906/config.yaml,,,,,0.05,True,,0.1,,0,False,kivi_4bit_residual64,True,,balanced_two_gpu,1,persistent,28299.620846053585,17020,32304.572703083977,,96.0,80.6298828125,5.79345703125,5.79345703125,0.232421875,2666.108608013019,unknown,True,,True,,False,,15152.400390625,True,static_safe,False,0.0,0.0,kivi_4bit_residual64,0.0,,risk_evidence_insufficient,0.0,static_safe,0.0,,,,hybrid-session-013-turn-4,5.79345703125,5.56103515625,5.79345703125,0.0,0.0,/DATACENTER3/zhenxiang.wang/work/TailGuardKV/.worktrees/baseline-smoke-final-aggregation/out/full_25session_baseline_9_14/full/policy_attempts/full40_20260916_h2o_static_safe/seed20260906,True,calibrated safe,hybrid-session-013,summary,186.6963559295982,4,risk_evidence_insufficient,20260906
kivi_4bit_residual64,13.0,0.1,False,False,online_qwen,False,,/DATACENTER3/zhenxiang.wang/work/TailGuardKV/.worktrees/baseline-smoke-final-aggregation/out/full_25session_baseline_9_14/full/policy_attempts/full40_20260916_h2o_static_safe/seed20260906/config.yaml,,,,,0.05,True,,0.1,,0,False,kivi_4bit_residual64,True,,balanced_two_gpu,1,persistent,28299.620846053585,17020,32304.572703083977,,96.0,80.8623046875,6.403564453125,6.403564453125,0.232421875,2670.3933679964393,unknown,True,,True,,False,,15151.4375,True,static_safe,False,0.0,0.0,kivi_4bit_residual64,0.0,,risk_evidence_insufficient,0.0,static_safe,0.0,,,,hybrid-session-016-turn-4,6.403564453125,6.171142578125,6.403564453125,0.0,0.0,/DATACENTER3/zhenxiang.wang/work/TailGuardKV/.worktrees/baseline-smoke-final-aggregation/out/full_25session_baseline_9_14/full/policy_attempts/full40_20260916_h2o_static_safe/seed20260906,True,calibrated safe,hybrid-session-016,qa,210.9533769544214,4,risk_evidence_insufficient,20260906
kivi_4bit_residual64,13.0,0.1,False,False,online_qwen,False,,/DATACENTER3/zhenxiang.wang/work/TailGuardKV/.worktrees/baseline-smoke-final-aggregation/out/full_25session_baseline_9_14/full/policy_attempts/full40_20260916_h2o_static_safe/seed20260906/config.yaml,,,,,0.05,True,,0.1,,0,False,kivi_4bit_residual64,True,,balanced_two_gpu,1,persistent,28299.620846053585,17020,32304.572703083977,,96.0,81.0947265625,6.439453125,6.439453125,0.232421875,2638.6636970564723,unknown,True,,True,,False,,15151.69140625,True,static_safe,False,0.0,0.0,kivi_4bit_residual64,0.0,,risk_evidence_insufficient,0.0,static_safe,0.0,,,,hybrid-session-020-turn-4,6.439453125,6.20703125,6.439453125,0.0,0.0,/DATACENTER3/zhenxiang.wang/work/TailGuardKV/.worktrees/baseline-smoke-final-aggregation/out/full_25session_baseline_9_14/full/policy_attempts/full40_20260916_h2o_static_safe/seed20260906,True,calibrated safe,hybrid-session-020,qa,217.5122790504247,4,risk_evidence_insufficient,20260906
kivi_4bit_residual64,13.0,0.1,False,False,online_qwen,False,,/DATACENTER3/zhenxiang.wang/work/TailGuardKV/.worktrees/baseline-smoke-final-aggregation/out/full_25session_baseline_9_14/full/policy_attempts/full40_20260916_h2o_static_safe/seed20260906/config.yaml,,,,,0.05,True,,0.1,,0,False,kivi_4bit_residual64,True,,balanced_two_gpu,1,persistent,28299.620846053585,17020,32304.572703083977,,96.0,81.3271484375,6.762451171875,6.762451171875,0.232421875,2514.889173209667,unknown,True,,True,,False,,15151.9296875,True,static_safe,False,0.0,0.0,kivi_4bit_residual64,0.0,,risk_evidence_insufficient,0.0,static_safe,0.0,,,,hybrid-session-021-turn-4,6.762451171875,6.530029296875,6.762451171875,0.0,0.0,/DATACENTER3/zhenxiang.wang/work/TailGuardKV/.worktrees/baseline-smoke-final-aggregation/out/full_25session_baseline_9_14/full/policy_attempts/full40_20260916_h2o_static_safe/seed20260906,True,calibrated safe,hybrid-session-021,summary,215.37631703540683,4,risk_evidence_insufficient,20260906
kivi_4bit_residual64,13.0,0.1,False,False,online_qwen,False,,/DATACENTER3/zhenxiang.wang/work/TailGuardKV/.worktrees/baseline-smoke-final-aggregation/out/full_25session_baseline_9_14/full/policy_attempts/full40_20260916_h2o_static_safe/seed20260906/config.yaml,,,,,0.05,True,,0.1,,0,False,kivi_4bit_residual64,True,,balanced_two_gpu,1,persistent,28299.620846053585,17020,32304.572703083977,,96.0,81.5595703125,5.901123046875,5.901123046875,0.232421875,2101.844397140667,unknown,True,,True,,False,,15153.349609375,True,static_safe,False,0.0,0.0,kivi_4bit_residual64,0.0,,risk_evidence_insufficient,0.0,static_safe,0.0,,,,hybrid-session-025-turn-4,5.901123046875,5.668701171875,5.901123046875,0.0,0.0,/DATACENTER3/zhenxiang.wang/work/TailGuardKV/.worktrees/baseline-smoke-final-aggregation/out/full_25session_baseline_9_14/full/policy_attempts/full40_20260916_h2o_static_safe/seed20260906,True,calibrated safe,hybrid-session-025,summary,153.25465518981218,4,risk_evidence_insufficient,20260906
kivi_4bit_residual64,13.0,0.1,False,False,online_qwen,False,,/DATACENTER3/zhenxiang.wang/work/TailGuardKV/.worktrees/baseline-smoke-final-aggregation/out/full_25session_baseline_9_14/full/policy_attempts/full40_20260916_h2o_static_safe/seed20260906/config.yaml,,,,,0.05,True,,0.1,,0,False,kivi_4bit_residual64,True,,balanced_two_gpu,1,persistent,28299.620846053585,17020,32304.572703083977,,96.0,81.7919921875,6.94189453125,6.94189453125,0.232421875,2619.050082983449,unknown,True,,True,,False,,15152.40234375,True,static_safe,False,0.03418803418803419,0.03418803418803419,kivi_4bit_residual64,0.03418803418803419,,risk_evidence_insufficient,0.0,static_safe,0.0,,,,hybrid-session-026-turn-4,6.94189453125,6.70947265625,6.94189453125,0.0,0.3418803418803419,/DATACENTER3/zhenxiang.wang/work/TailGuardKV/.worktrees/baseline-smoke-final-aggregation/out/full_25session_baseline_9_14/full/policy_attempts/full40_20260916_h2o_static_safe/seed20260906,False,calibrated unsafe,hybrid-session-026,qa,202.88539701141417,4,risk_evidence_insufficient,20260906
kivi_2bit_residual64,1.0,0.1,False,False,online_qwen,False,8.0,/DATACENTER3/zhenxiang.wang/work/TailGuardKV/.worktrees/baseline-smoke-final-aggregation/out/full_25session_baseline_9_14/full/policy_attempts/full40_20260916_h2o_static_safe/seed20260906/config.yaml,,,,,0.05,True,,0.1,,0,False,kivi_2bit_residual64,True,,balanced_two_gpu,1,persistent,27774.708836106583,21335,31900.862184120342,,96.0,2.078125,2.078125,2.078125,2.078125,4985.211218940094,unknown,True,,True,,False,,15070.54150390625,True,utility_dynamic,False,0.0,0.0,kivi_2bit_residual64,0.0,,risk_evidence_insufficient,0.0,utility_dynamic,0.0,,,,hybrid-session-002-turn-0,2.078125,0.0,2.078125,0.0,0.0,/DATACENTER3/zhenxiang.wang/work/TailGuardKV/.worktrees/baseline-smoke-final-aggregation/out/full_25session_baseline_9_14/full/policy_attempts/full40_20260916_h2o_static_safe/seed20260906,True,,hybrid-session-002,chat,3787.7643529791385,0,risk_evidence_insufficient,20260906
kivi_2bit_residual64,2.0,0.1,False,False,online_qwen,False,8.0,/DATACENTER3/zhenxiang.wang/work/TailGuardKV/.worktrees/baseline-smoke-final-aggregation/out/full_25session_baseline_9_14/full/policy_attempts/full40_20260916_h2o_static_safe/seed20260906/config.yaml,,,,,0.05,True,,0.1,,0,False,kivi_2bit_residual64,True,,balanced_two_gpu,1,persistent,27774.708836106583,21335,31900.862184120342,,96.0,3.5546875,1.4765625,1.4765625,1.4765625,1674.627668922767,unknown,True,,True,,False,,15055.19384765625,True,utility_dynamic,False,0.0,0.0,kivi_2bit_residual64,0.0,,risk_evidence_insufficient,0.0,utility_dynamic,0.0,,,,hybrid-session-003-turn-0,1.4765625,0.0,1.4765625,0.0,0.0,/DATACENTER3/zhenxiang.wang/work/TailGuardKV/.worktrees/baseline-smoke-final-aggregation/out/full_25session_baseline_9_14/full/policy_attempts/full40_20260916_h2o_static_safe/seed20260906,True,,hybrid-session-003,chat,120.02916703931987,0,risk_evidence_insufficient,20260906
kivi_2bit_residual64,3.0,0.1,False,False,online_qwen,False,8.0,/DATACENTER3/zhenxiang.wang/work/TailGuardKV/.worktrees/baseline-smoke-final-aggregation/out/full_25session_baseline_9_14/full/policy_attempts/full40_20260916_h2o_static_safe/seed20260906/config.yaml,,,,,0.05,True,,0.1,,0,False,kivi_2bit_residual64,True,,balanced_two_gpu,1,persistent,27774.708836106583,21335,31900.862184120342,,96.0,5.3046875,1.75,1.75,1.75,1673.8472569268197,unknown,True,,True,,False,,15063.70947265625,True,utility_dynamic,False,0.0,0.0,kivi_2bit_residual64,0.0,,risk_evidence_insufficient,0.0,utility_dynamic,0.0,,,,hybrid-session-004-turn-0,1.75,0.0,1.75,0.0,0.0,/DATACENTER3/zhenxiang.wang/work/TailGuardKV/.worktrees/baseline-smoke-final-aggregation/out/full_25session_baseline_9_14/full/policy_attempts/full40_20260916_h2o_static_safe/seed20260906,True,,hybrid-session-004,chat,115.16359611414373,0,risk_evidence_insufficient,20260906
kivi_2bit_residual64,4.0,0.1,False,False,online_qwen,False,8.0,/DATACENTER3/zhenxiang.wang/work/TailGuardKV/.worktrees/baseline-smoke-final-aggregation/out/full_25session_baseline_9_14/full/policy_attempts/full40_20260916_h2o_static_safe/seed20260906/config.yaml,,,,,0.05,True,,0.1,,0,False,kivi_2bit_residual64,True,,balanced_two_gpu,1,persistent,27774.708836106583,21335,31900.862184120342,,96.0,7.21875,1.9140625,1.9140625,1.9140625,1681.4303959254175,unknown,True,,True,,False,,15070.26806640625,True,utility_dynamic,False,0.0,0.0,kivi_2bit_residual64,0.0,,risk_evidence_insufficient,0.0,utility_dynamic,0.0,,,,hybrid-session-005-turn-0,1.9140625,0.0,1.9140625,0.0,0.0,/DATACENTER3/zhenxiang.wang/work/TailGuardKV/.worktrees/baseline-smoke-final-aggregation/out/full_25session_baseline_9_14/full/policy_attempts/full40_20260916_h2o_static_safe/seed20260906,True,,hybrid-session-005,chat,116.81431578472257,0,risk_evidence_insufficient,20260906
kivi_2bit_residual64,5.0,0.1,False,False,online_qwen,False,8.0,/DATACENTER3/zhenxiang.wang/work/TailGuardKV/.worktrees/baseline-smoke-final-aggregation/out/full_25session_baseline_9_14/full/policy_attempts/full40_20260916_h2o_static_safe/seed20260906/config.yaml,,,,,0.05,True,,0.1,,0,False,kivi_2bit_residual64,True,,balanced_two_gpu,1,persistent,27774.708836106583,21335,31900.862184120342,,96.0,9.84375,2.625,2.625,2.625,1676.7503949813545,unknown,True,,True,,False,,15093.27587890625,True,utility_dynamic,False,0.0,0.0,kivi_2bit_residual64,0.0,,risk_evidence_insufficient,0.0,utility_dynamic,0.0,,,,hybrid-session-006-turn-0,2.625,0.0,2.625,0.0,0.0,/DATACENTER3/zhenxiang.wang/work/TailGuardKV/.worktrees/baseline-smoke-final-aggregation/out/full_25session_baseline_9_14/full/policy_attempts/full40_20260916_h2o_static_safe/seed20260906,True,,hybrid-session-006,chat,119.2508121021092,0,risk_evidence_insufficient,20260906
kivi_2bit_residual64,6.0,0.1,False,False,online_qwen,False,8.0,/DATACENTER3/zhenxiang.wang/work/TailGuardKV/.worktrees/baseline-smoke-final-aggregation/out/full_25session_baseline_9_14/full/policy_attempts/full40_20260916_h2o_static_safe/seed20260906/config.yaml,,,,,0.05,True,,0.1,,0,False,kivi_2bit_residual64,True,,balanced_two_gpu,1,persistent,27774.708836106583,21335,31900.862184120342,,96.0,11.5390625,1.6953125,1.6953125,1.6953125,1664.065768942237,unknown,True,,True,,False,,15068.48681640625,True,utility_dynamic,False,0.0,0.0,kivi_2bit_residual64,0.0,,risk_evidence_insufficient,0.0,utility_dynamic,0.0,,,,hybrid-session-009-turn-0,1.6953125,0.0,1.6953125,0.0,0.0,/DATACENTER3/zhenxiang.wang/work/TailGuardKV/.worktrees/baseline-smoke-final-aggregation/out/full_25session_baseline_9_14/full/policy_attempts/full40_20260916_h2o_static_safe/seed20260906,True,,hybrid-session-009,chat,113.86604397557676,0,risk_evidence_insufficient,20260906
kivi_2bit_residual64,7.0,0.1,False,False,online_qwen,False,8.0,/DATACENTER3/zhenxiang.wang/work/TailGuardKV/.worktrees/baseline-smoke-final-aggregation/out/full_25session_baseline_9_14/full/policy_attempts/full40_20260916_h2o_static_safe/seed20260906/config.yaml,,,,,0.05,True,,0.1,,0,False,kivi_2bit_residual64,True,,balanced_two_gpu,1,persistent,27774.708836106583,21335,31900.862184120342,,96.0,13.0703125,1.53125,1.53125,1.53125,1678.866998059675,unknown,True,,True,,False,,15065.87646484375,True,utility_dynamic,False,0.0,0.0,kivi_2bit_residual64,0.0,,risk_evidence_insufficient,0.0,utility_dynamic,0.0,,,,hybrid-session-010-turn-0,1.53125,0.0,1.53125,0.0,0.0,/DATACENTER3/zhenxiang.wang/work/TailGuardKV/.worktrees/baseline-smoke-final-aggregation/out/full_25session_baseline_9_14/full/policy_attempts/full40_20260916_h2o_static_safe/seed20260906,True,,hybrid-session-010,chat,109.71055994741619,0,risk_evidence_insufficient,20260906
kivi_2bit_residual64,8.0,0.1,False,False,online_qwen,False,8.0,/DATACENTER3/zhenxiang.wang/work/TailGuardKV/.worktrees/baseline-smoke-final-aggregation/out/full_25session_baseline_9_14/full/policy_attempts/full40_20260916_h2o_static_safe/seed20260906/config.yaml,,,,,0.05,True,,0.1,,0,False,kivi_2bit_residual64,True,,balanced_two_gpu,1,persistent,27774.708836106583,21335,31900.862184120342,,96.0,14.875,1.8046875,1.8046875,1.8046875,1672.006139997393,unknown,True,,True,,False,,15074.73681640625,True,utility_dynamic,False,0.0,0.0,kivi_2bit_residual64,0.0,,risk_evidence_insufficient,0.0,utility_dynamic,0.0,,,,hybrid-session-013-turn-0,1.8046875,0.0,1.8046875,0.0,0.0,/DATACENTER3/zhenxiang.wang/work/TailGuardKV/.worktrees/baseline-smoke-final-aggregation/out/full_25session_baseline_9_14/full/policy_attempts/full40_20260916_h2o_static_safe/seed20260906,True,,hybrid-session-013,chat,114.66635600663722,0,risk_evidence_insufficient,20260906
kivi_2bit_residual64,9.0,0.1,False,False,online_qwen,False,8.0,/DATACENTER3/zhenxiang.wang/work/TailGuardKV/.worktrees/baseline-smoke-final-aggregation/out/full_25session_baseline_9_14/full/policy_attempts/full40_20260916_h2o_static_safe/seed20260906/config.yaml,,,,,0.05,True,,0.1,,0,False,kivi_2bit_residual64,True,,balanced_two_gpu,1,persistent,27774.708836106583,21335,31900.862184120342,,96.0,17.5,2.625,2.625,2.625,1683.295272057876,unknown,True,,True,,False,,15100.93212890625,True,utility_dynamic,False,0.0,0.0,kivi_2bit_residual64,0.0,,risk_evidence_insufficient,0.0,utility_dynamic,0.0,,,,hybrid-session-016-turn-0,2.625,0.0,2.625,0.0,0.0,/DATACENTER3/zhenxiang.wang/work/TailGuardKV/.worktrees/baseline-smoke-final-aggregation/out/full_25session_baseline_9_14/full/policy_attempts/full40_20260916_h2o_static_safe/seed20260906,True,,hybrid-session-016,chat,116.92249495536089,0,risk_evidence_insufficient,20260906
kivi_2bit_residual64,10.0,0.1,False,False,online_qwen,False,8.0,/DATACENTER3/zhenxiang.wang/work/TailGuardKV/.worktrees/baseline-smoke-final-aggregation/out/full_25session_baseline_9_14/full/policy_attempts/full40_20260916_h2o_static_safe/seed20260906/config.yaml,,,,,0.05,True,,0.1,,0,False,kivi_2bit_residual64,True,,balanced_two_gpu,1,persistent,27774.708836106583,21335,31900.862184120342,,96.0,19.90625,2.40625,2.40625,2.40625,1677.5715132243931,unknown,True,,True,,False,,15095.79541015625,True,utility_dynamic,False,0.0,0.0,kivi_2bit_residual64,0.0,,risk_evidence_insufficient,0.0,utility_dynamic,0.0,,,,hybrid-session-020-turn-0,2.40625,0.0,2.40625,0.0,0.0,/DATACENTER3/zhenxiang.wang/work/TailGuardKV/.worktrees/baseline-smoke-final-aggregation/out/full_25session_baseline_9_14/full/policy_attempts/full40_20260916_h2o_static_safe/seed20260906,True,,hybrid-session-020,chat,111.50412214919925,0,risk_evidence_insufficient,20260906
kivi_2bit_residual64,11.0,0.1,False,False,online_qwen,False,8.0,/DATACENTER3/zhenxiang.wang/work/TailGuardKV/.worktrees/baseline-smoke-final-aggregation/out/full_25session_baseline_9_14/full/policy_attempts/full40_20260916_h2o_static_safe/seed20260906/config.yaml,,,,,0.05,True,,0.1,,0,False,kivi_2bit_residual64,True,,balanced_two_gpu,1,persistent,27774.708836106583,21335,31900.862184120342,,96.0,22.203125,2.296875,2.296875,2.296875,1674.2869110312313,unknown,True,,True,,False,,15095.17822265625,True,utility_dynamic,False,0.0,0.0,kivi_2bit_residual64,0.0,,risk_evidence_insufficient,0.0,utility_dynamic,0.0,,,,hybrid-session-021-turn-0,2.296875,0.0,2.296875,0.0,0.0,/DATACENTER3/zhenxiang.wang/work/TailGuardKV/.worktrees/baseline-smoke-final-aggregation/out/full_25session_baseline_9_14/full/policy_attempts/full40_20260916_h2o_static_safe/seed20260906,True,,hybrid-session-021,chat,124.63712994940579,0,risk_evidence_insufficient,20260906
kivi_2bit_residual64,12.0,0.1,False,False,online_qwen,False,8.0,/DATACENTER3/zhenxiang.wang/work/TailGuardKV/.worktrees/baseline-smoke-final-aggregation/out/full_25session_baseline_9_14/full/policy_attempts/full40_20260916_h2o_static_safe/seed20260906/config.yaml,,,,,0.05,True,,0.1,,0,False,kivi_2bit_residual64,True,,balanced_two_gpu,1,persistent,27774.708836106583,21335,31900.862184120342,,96.0,24.171875,1.96875,1.96875,1.96875,1675.3514769952744,unknown,True,,True,,False,,15088.40478515625,True,utility_dynamic,False,0.0,0.0,kivi_2bit_residual64,0.0,,risk_evidence_insufficient,0.0,utility_dynamic,0.0,,,,hybrid-session-025-turn-0,1.96875,0.0,1.96875,0.0,0.0,/DATACENTER3/zhenxiang.wang/work/TailGuardKV/.worktrees/baseline-smoke-final-aggregation/out/full_25session_baseline_9_14/full/policy_attempts/full40_20260916_h2o_static_safe/seed20260906,True,,hybrid-session-025,chat,119.66467997990549,0,risk_evidence_insufficient,20260906
kivi_2bit_residual64,13.0,0.1,False,False,online_qwen,False,8.0,/DATACENTER3/zhenxiang.wang/work/TailGuardKV/.worktrees/baseline-smoke-final-aggregation/out/full_25session_baseline_9_14/full/policy_attempts/full40_20260916_h2o_static_safe/seed20260906/config.yaml,,,,,0.05,True,,0.1,,0,False,kivi_2bit_residual64,True,,balanced_two_gpu,1,persistent,27774.708836106583,21335,31900.862184120342,,96.0,26.359375,2.1875,2.1875,2.1875,1697.2593229729682,unknown,True,,True,,False,,15096.42041015625,True,utility_dynamic,False,0.0,0.0,kivi_2bit_residual64,0.0,,risk_evidence_insufficient,0.0,utility_dynamic,0.0,,,,hybrid-session-026-turn-0,2.1875,0.0,2.1875,0.0,0.0,/DATACENTER3/zhenxiang.wang/work/TailGuardKV/.worktrees/baseline-smoke-final-aggregation/out/full_25session_baseline_9_14/full/policy_attempts/full40_20260916_h2o_static_safe/seed20260906,True,,hybrid-session-026,chat,115.8632340375334,0,risk_evidence_insufficient,20260906
kivi_2bit_residual64,13.0,0.1,False,False,online_qwen,False,8.0,/DATACENTER3/zhenxiang.wang/work/TailGuardKV/.worktrees/baseline-smoke-final-aggregation/out/full_25session_baseline_9_14/full/policy_attempts/full40_20260916_h2o_static_safe/seed20260906/config.yaml,,,,,0.05,True,,0.1,,0,False,kivi_2bit_residual64,True,,balanced_two_gpu,1,persistent,27774.708836106583,21335,31900.862184120342,,96.0,26.586669921875,2.305419921875,2.305419921875,0.227294921875,5237.909496994689,unknown,True,,True,,False,,15088.02685546875,True,utility_dynamic,False,0.0,0.0,kivi_2bit_residual64,0.0,,risk_evidence_insufficient,0.0,utility_dynamic,0.0,,,,hybrid-session-002-turn-1,2.305419921875,2.078125,2.305419921875,0.0,0.0,/DATACENTER3/zhenxiang.wang/work/TailGuardKV/.worktrees/baseline-smoke-final-aggregation/out/full_25session_baseline_9_14/full/policy_attempts/full40_20260916_h2o_static_safe/seed20260906,True,,hybrid-session-002,chat,116.17216491140425,1,risk_evidence_insufficient,20260906
kivi_2bit_residual64,13.0,0.1,True,False,online_qwen,False,8.0,/DATACENTER3/zhenxiang.wang/work/TailGuardKV/.worktrees/baseline-smoke-final-aggregation/out/full_25session_baseline_9_14/full/policy_attempts/full40_20260916_h2o_static_safe/seed20260906/config.yaml,,,,,0.05,True,,0.1,,0,False,kivi_2bit_residual64,True,,balanced_two_gpu,1,persistent,27774.708836106583,21335,31900.862184120342,,96.0,28.008544921875,2.8984375,2.8984375,1.421875,1442.6790031138808,unknown,True,,True,,False,,15078.50048828125,True,utility_dynamic,False,0.0,0.0,kivi_2bit_residual64,0.0,,risk_evidence_insufficient,0.0,utility_dynamic,0.0,,,,hybrid-session-003-turn-1,2.8984375,1.4765625,2.8984375,0.0,0.0,/DATACENTER3/zhenxiang.wang/work/TailGuardKV/.worktrees/baseline-smoke-final-aggregation/out/full_25session_baseline_9_14/full/policy_attempts/full40_20260916_h2o_static_safe/seed20260906,True,,hybrid-session-003,chat,103.50007005035877,1,risk_evidence_insufficient,20260906
kivi_2bit_residual64,13.0,0.1,False,False,online_qwen,False,8.0,/DATACENTER3/zhenxiang.wang/work/TailGuardKV/.worktrees/baseline-smoke-final-aggregation/out/full_25session_baseline_9_14/full/policy_attempts/full40_20260916_h2o_static_safe/seed20260906/config.yaml,,,,,0.05,True,,0.1,,0,False,kivi_2bit_residual64,True,,balanced_two_gpu,1,persistent,27774.708836106583,21335,31900.862184120342,,96.0,29.21337890625,2.954833984375,2.954833984375,1.204833984375,2597.672553965822,unknown,True,,True,,False,,15128.2666015625,True,utility_dynamic,False,0.0,0.0,kivi_2bit_residual64,0.0,,risk_evidence_insufficient,0.0,utility_dynamic,0.0,,,,hybrid-session-004-turn-1,2.954833984375,1.75,2.954833984375,0.0,0.0,/DATACENTER3/zhenxiang.wang/work/TailGuardKV/.worktrees/baseline-smoke-final-aggregation/out/full_25session_baseline_9_14/full/policy_attempts/full40_20260916_h2o_static_safe/seed20260906,True,,hybrid-session-004,chat,197.91704695671797,1,risk_evidence_insufficient,20260906
kivi_2bit_residual64,13.0,0.1,False,False,online_qwen,False,8.0,/DATACENTER3/zhenxiang.wang/work/TailGuardKV/.worktrees/baseline-smoke-final-aggregation/out/full_25session_baseline_9_14/full/policy_attempts/full40_20260916_h2o_static_safe/seed20260906/config.yaml,,,,,0.05,True,,0.1,,0,False,kivi_2bit_residual64,True,,balanced_two_gpu,1,persistent,27774.708836106583,21335,31900.862184120342,,96.0,29.83203125,2.53271484375,2.53271484375,0.61865234375,1985.3695379570127,unknown,True,,True,,False,,15105.99853515625,True,utility_dynamic,False,0.0,0.0,kivi_2bit_residual64,0.0,,risk_evidence_insufficient,0.0,utility_dynamic,0.0,,,,hybrid-session-005-turn-1,2.53271484375,1.9140625,2.53271484375,0.0,0.0,/DATACENTER3/zhenxiang.wang/work/TailGuardKV/.worktrees/baseline-smoke-final-aggregation/out/full_25session_baseline_9_14/full/policy_attempts/full40_20260916_h2o_static_safe/seed20260906,True,,hybrid-session-005,chat,125.4678089171648,1,risk_evidence_insufficient,20260906
kivi_2bit_residual64,13.0,0.1,False,False,online_qwen,False,8.0,/DATACENTER3/zhenxiang.wang/work/TailGuardKV/.worktrees/baseline-smoke-final-aggregation/out/full_25session_baseline_9_14/full/policy_attempts/full40_20260916_h2o_static_safe/seed20260906/config.yaml,,,,,0.05,True,,0.1,,0,False,kivi_2bit_residual64,True,,balanced_two_gpu,1,persistent,27774.708836106583,21335,31900.862184120342,,96.0,30.32421875,3.1171875,3.1171875,0.4921875,2601.7192848958075,unknown,True,,True,,False,,15113.2998046875,True,utility_dynamic,False,0.0,0.0,kivi_2bit_residual64,0.0,,risk_evidence_insufficient,0.0,utility_dynamic,0.0,,,,hybrid-session-006-turn-1,3.1171875,2.625,3.1171875,0.0,0.0,/DATACENTER3/zhenxiang.wang/work/TailGuardKV/.worktrees/baseline-smoke-final-aggregation/out/full_25session_baseline_9_14/full/policy_attempts/full40_20260916_h2o_static_safe/seed20260906,True,,hybrid-session-006,chat,184.8778580315411,1,risk_evidence_insufficient,20260906
kivi_2bit_residual64,13.0,0.1,False,False,online_qwen,False,8.0,/DATACENTER3/zhenxiang.wang/work/TailGuardKV/.worktrees/baseline-smoke-final-aggregation/out/full_25session_baseline_9_14/full/policy_attempts/full40_20260916_h2o_static_safe/seed20260906/config.yaml,,,,,0.05,True,,0.1,,0,False,kivi_2bit_residual64,True,,balanced_two_gpu,1,persistent,27774.708836106583,21335,31900.862184120342,,96.0,32.01953125,3.390625,3.390625,1.6953125,1687.0616709347814,unknown,True,,True,,False,,15089.00927734375,True,utility_dynamic,False,0.0,0.0,kivi_2bit_residual64,0.0,,risk_evidence_insufficient,0.0,utility_dynamic,0.0,,,,hybrid-session-009-turn-1,3.390625,1.6953125,3.390625,0.0,0.0,/DATACENTER3/zhenxiang.wang/work/TailGuardKV/.worktrees/baseline-smoke-final-aggregation/out/full_25session_baseline_9_14/full/policy_attempts/full40_20260916_h2o_static_safe/seed20260906,True,,hybrid-session-009,chat,117.18481197021902,1,risk_evidence_insufficient,20260906
kivi_2bit_residual64,13.0,0.1,False,False,online_qwen,False,8.0,/DATACENTER3/zhenxiang.wang/work/TailGuardKV/.worktrees/baseline-smoke-final-aggregation/out/full_25session_baseline_9_14/full/policy_attempts/full40_20260916_h2o_static_safe/seed20260906/config.yaml,,,,,0.05,True,,0.1,,0,False,kivi_2bit_residual64,True,,balanced_two_gpu,1,persistent,27774.708836106583,21335,31900.862184120342,,96.0,33.66015625,3.171875,3.171875,1.640625,1672.203434864059,unknown,True,,True,,False,,15089.19287109375,True,utility_dynamic,False,0.0,0.0,kivi_2bit_residual64,0.0,,risk_evidence_insufficient,0.0,utility_dynamic,0.0,,,,hybrid-session-010-turn-1,3.171875,1.53125,3.171875,0.0,0.0,/DATACENTER3/zhenxiang.wang/work/TailGuardKV/.worktrees/baseline-smoke-final-aggregation/out/full_25session_baseline_9_14/full/policy_attempts/full40_20260916_h2o_static_safe/seed20260906,True,,hybrid-session-010,chat,108.29559294506907,1,risk_evidence_insufficient,20260906
kivi_2bit_residual64,13.0,0.1,False,False,online_qwen,False,8.0,/DATACENTER3/zhenxiang.wang/work/TailGuardKV/.worktrees/baseline-smoke-final-aggregation/out/full_25session_baseline_9_14/full/policy_attempts/full40_20260916_h2o_static_safe/seed20260906/config.yaml,,,,,0.05,True,,0.1,,0,False,kivi_2bit_residual64,True,,balanced_two_gpu,1,persistent,27774.708836106583,21335,31900.862184120342,,96.0,35.08203125,3.2265625,3.2265625,1.421875,1678.2423011027277,unknown,True,,True,,False,,15085.59619140625,True,utility_dynamic,False,0.0,0.0,kivi_2bit_residual64,0.0,,risk_evidence_insufficient,0.0,utility_dynamic,0.0,,,,hybrid-session-013-turn-1,3.2265625,1.8046875,3.2265625,0.0,0.0,/DATACENTER3/zhenxiang.wang/work/TailGuardKV/.worktrees/baseline-smoke-final-aggregation/out/full_25session_baseline_9_14/full/policy_attempts/full40_20260916_h2o_static_safe/seed20260906,True,,hybrid-session-013,chat,115.8206129912287,1,risk_evidence_insufficient,20260906
kivi_2bit_residual64,13.0,0.1,False,False,online_qwen,False,8.0,/DATACENTER3/zhenxiang.wang/work/TailGuardKV/.worktrees/baseline-smoke-final-aggregation/out/full_25session_baseline_9_14/full/policy_attempts/full40_20260916_h2o_static_safe/seed20260906/config.yaml,,,,,0.05,True,,0.1,,0,False,kivi_2bit_residual64,True,,balanced_two_gpu,1,persistent,27774.708836106583,21335,31900.862184120342,,96.0,35.08203125,2.625,2.625,0.0,2309.013271937147,unknown,True,,True,,False,,15088.23974609375,True,utility_dynamic,False,0.0,0.0,kivi_2bit_residual64,0.0,,risk_evidence_insufficient,0.0,utility_dynamic,0.0,,,,hybrid-session-016-turn-1,2.625,2.625,2.625,0.0,0.0,/DATACENTER3/zhenxiang.wang/work/TailGuardKV/.worktrees/baseline-smoke-final-aggregation/out/full_25session_baseline_9_14/full/policy_attempts/full40_20260916_h2o_static_safe/seed20260906,True,,hybrid-session-016,chat,105.90805788524449,1,risk_evidence_insufficient,20260906
kivi_2bit_residual64,13.0,0.1,False,False,online_qwen,False,8.0,/DATACENTER3/zhenxiang.wang/work/TailGuardKV/.worktrees/baseline-smoke-final-aggregation/out/full_25session_baseline_9_14/full/policy_attempts/full40_20260916_h2o_static_safe/seed20260906/config.yaml,,,,,0.05,True,,0.1,,0,False,kivi_2bit_residual64,True,,balanced_two_gpu,1,persistent,27774.708836106583,21335,31900.862184120342,,96.0,35.20849609375,2.53271484375,2.53271484375,0.12646484375,2471.689017955214,unknown,True,,True,,False,,15098.94775390625,True,utility_dynamic,False,0.0,0.0,kivi_2bit_residual64,0.0,,risk_evidence_insufficient,0.0,utility_dynamic,0.0,,,,hybrid-session-020-turn-1,2.53271484375,2.40625,2.53271484375,0.0,0.0,/DATACENTER3/zhenxiang.wang/work/TailGuardKV/.worktrees/baseline-smoke-final-aggregation/out/full_25session_baseline_9_14/full/policy_attempts/full40_20260916_h2o_static_safe/seed20260906,True,,hybrid-session-020,chat,116.54405179433525,1,risk_evidence_insufficient,20260906
kivi_2bit_residual64,13.0,0.1,False,False,online_qwen,False,8.0,/DATACENTER3/zhenxiang.wang/work/TailGuardKV/.worktrees/baseline-smoke-final-aggregation/out/full_25session_baseline_9_14/full/policy_attempts/full40_20260916_h2o_static_safe/seed20260906/config.yaml,,,,,0.05,True,,0.1,,0,False,kivi_2bit_residual64,True,,balanced_two_gpu,1,persistent,27774.708836106583,21335,31900.862184120342,,96.0,35.606689453125,2.695068359375,2.695068359375,0.398193359375,2540.7724790275097,unknown,True,,True,,False,,15107.3486328125,True,utility_dynamic,False,0.0,0.0,kivi_2bit_residual64,0.0,,risk_evidence_insufficient,0.0,utility_dynamic,0.0,,,,hybrid-session-021-turn-1,2.695068359375,2.296875,2.695068359375,0.0,0.0,/DATACENTER3/zhenxiang.wang/work/TailGuardKV/.worktrees/baseline-smoke-final-aggregation/out/full_25session_baseline_9_14/full/policy_attempts/full40_20260916_h2o_static_safe/seed20260906,True,,hybrid-session-021,chat,181.62033683620393,1,risk_evidence_insufficient,20260906
kivi_2bit_residual64,13.0,0.1,False,False,online_qwen,False,8.0,/DATACENTER3/zhenxiang.wang/work/TailGuardKV/.worktrees/baseline-smoke-final-aggregation/out/full_25session_baseline_9_14/full/policy_attempts/full40_20260916_h2o_static_safe/seed20260906/config.yaml,,,,,0.05,True,,0.1,,0,False,kivi_2bit_residual64,True,,balanced_two_gpu,1,persistent,27774.708836106583,21335,31900.862184120342,,96.0,36.919189453125,3.28125,3.28125,1.3125,1699.86808183603,unknown,True,,True,,False,,15083.56787109375,True,utility_dynamic,False,0.005128205128205128,0.005128205128205128,kivi_2bit_residual64,0.005128205128205128,,risk_evidence_insufficient,0.0,utility_dynamic,0.0,,,,hybrid-session-025-turn-1,3.28125,1.96875,3.28125,0.0,0.005128205128205128,/DATACENTER3/zhenxiang.wang/work/TailGuardKV/.worktrees/baseline-smoke-final-aggregation/out/full_25session_baseline_9_14/full/policy_attempts/full40_20260916_h2o_static_safe/seed20260906,True,,hybrid-session-025,chat,114.23867498524487,1,risk_evidence_insufficient,20260906
kivi_2bit_residual64,13.0,0.1,False,False,online_qwen,False,8.0,/DATACENTER3/zhenxiang.wang/work/TailGuardKV/.worktrees/baseline-smoke-final-aggregation/out/full_25session_baseline_9_14/full/policy_attempts/full40_20260916_h2o_static_safe/seed20260906/config.yaml,,,,,0.05,True,,0.1,,0,False,kivi_2bit_residual64,True,,balanced_two_gpu,1,persistent,27774.708836106583,21335,31900.862184120342,,96.0,37.49169921875,2.760009765625,2.760009765625,0.572509765625,2603.2068729400635,unknown,True,,True,,False,,15115.0849609375,True,utility_dynamic,False,0.0,0.0,kivi_2bit_residual64,0.0,,risk_evidence_insufficient,0.0,utility_dynamic,0.0,,,,hybrid-session-026-turn-1,2.760009765625,2.1875,2.760009765625,0.0,0.0,/DATACENTER3/zhenxiang.wang/work/TailGuardKV/.worktrees/baseline-smoke-final-aggregation/out/full_25session_baseline_9_14/full/policy_attempts/full40_20260916_h2o_static_safe/seed20260906,True,,hybrid-session-026,chat,191.67249603196979,1,risk_evidence_insufficient,20260906
kivi_2bit_residual64,13.0,0.1,True,False,online_qwen,False,8.0,/DATACENTER3/zhenxiang.wang/work/TailGuardKV/.worktrees/baseline-smoke-final-aggregation/out/full_25session_baseline_9_14/full/policy_attempts/full40_20260916_h2o_static_safe/seed20260906/config.yaml,,,,,0.05,True,,0.1,,0,False,kivi_2bit_residual64,True,,balanced_two_gpu,1,persistent,27774.708836106583,21335,31900.862184120342,,96.0,38.67431640625,3.488037109375,3.488037109375,1.1826171875,2501.067601144314,unknown,True,,True,,False,,15234.7392578125,True,utility_dynamic,False,0.0,0.0,kivi_2bit_residual64,0.0,,risk_evidence_insufficient,0.0,utility_dynamic,0.0,,,,hybrid-session-002-turn-2,3.488037109375,2.305419921875,3.488037109375,0.0,0.0,/DATACENTER3/zhenxiang.wang/work/TailGuardKV/.worktrees/baseline-smoke-final-aggregation/out/full_25session_baseline_9_14/full/policy_attempts/full40_20260916_h2o_static_safe/seed20260906,True,,hybrid-session-002,qa,236.3870081026107,2,risk_evidence_insufficient,20260906
kivi_2bit_residual64,13.0,0.1,False,False,online_qwen,False,8.0,/DATACENTER3/zhenxiang.wang/work/TailGuardKV/.worktrees/baseline-smoke-final-aggregation/out/full_25session_baseline_9_14/full/policy_attempts/full40_20260916_h2o_static_safe/seed20260906/config.yaml,,,,,0.05,True,,0.1,,0,False,kivi_2bit_residual64,True,,balanced_two_gpu,1,persistent,27774.708836106583,21335,31900.862184120342,,96.0,40.101318359375,4.325439453125,4.325439453125,1.427001953125,2634.2566509265453,unknown,True,,True,,False,,15234.7744140625,True,utility_dynamic,False,0.0,0.0,kivi_2bit_residual64,0.0,,risk_evidence_insufficient,0.0,utility_dynamic,0.0,,,,hybrid-session-003-turn-2,4.325439453125,2.8984375,4.325439453125,0.0,0.0,/DATACENTER3/zhenxiang.wang/work/TailGuardKV/.worktrees/baseline-smoke-final-aggregation/out/full_25session_baseline_9_14/full/policy_attempts/full40_20260916_h2o_static_safe/seed20260906,True,,hybrid-session-003,summary,218.8166829291731,2,risk_evidence_insufficient,20260906
kivi_2bit_residual64,13.0,0.1,False,False,online_qwen,False,1.0,/DATACENTER3/zhenxiang.wang/work/TailGuardKV/.worktrees/baseline-smoke-final-aggregation/out/full_25session_baseline_9_14/full/policy_attempts/full40_20260916_h2o_static_safe/seed20260906/config.yaml,,,,,0.05,True,,0.1,,0,False,kivi_2bit_residual64,True,,balanced_two_gpu,1,persistent,27774.708836106583,21335,31900.862184120342,,96.0,40.796875,3.650390625,3.650390625,0.695556640625,2680.8510632254183,unknown,True,,True,,False,,15213.123046875,True,utility_dynamic,False,0.03418803418803419,0.03418803418803419,kivi_2bit_residual64,0.03418803418803419,,risk_evidence_insufficient,0.0,utility_dynamic,0.0,,,,hybrid-session-004-turn-2,3.650390625,2.954833984375,3.650390625,0.0,0.3418803418803419,/DATACENTER3/zhenxiang.wang/work/TailGuardKV/.worktrees/baseline-smoke-final-aggregation/out/full_25session_baseline_9_14/full/policy_attempts/full40_20260916_h2o_static_safe/seed20260906,False,,hybrid-session-004,qa,233.1432590726763,2,risk_evidence_insufficient,20260906
kivi_2bit_residual64,13.0,0.1,False,False,online_qwen,False,8.0,/DATACENTER3/zhenxiang.wang/work/TailGuardKV/.worktrees/baseline-smoke-final-aggregation/out/full_25session_baseline_9_14/full/policy_attempts/full40_20260916_h2o_static_safe/seed20260906/config.yaml,,,,,0.05,True,,0.1,,0,False,kivi_2bit_residual64,True,,balanced_two_gpu,1,persistent,27774.708836106583,21335,31900.862184120342,,96.0,41.687255859375,3.423095703125,3.423095703125,0.890380859375,2670.6973349209875,unknown,True,,True,,False,,15222.767578125,True,utility_dynamic,False,0.0,0.0,kivi_2bit_residual64,0.0,,risk_evidence_insufficient,0.0,utility_dynamic,0.0,,,,hybrid-session-005-turn-2,3.423095703125,2.53271484375,3.423095703125,0.0,0.0,/DATACENTER3/zhenxiang.wang/work/TailGuardKV/.worktrees/baseline-smoke-final-aggregation/out/full_25session_baseline_9_14/full/policy_attempts/full40_20260916_h2o_static_safe/seed20260906,True,,hybrid-session-005,summary,230.41266505606472,2,risk_evidence_insufficient,20260906
kivi_2bit_residual64,13.0,0.1,False,False,online_qwen,False,1.0,/DATACENTER3/zhenxiang.wang/work/TailGuardKV/.worktrees/baseline-smoke-final-aggregation/out/full_25session_baseline_9_14/full/policy_attempts/full40_20260916_h2o_static_safe/seed20260906/config.yaml,,,,,0.05,True,,0.1,,0,False,kivi_2bit_residual64,True,,balanced_two_gpu,1,persistent,27774.708836106583,21335,31900.862184120342,,96.0,43.389404296875,4.8193359375,4.8193359375,1.7021484375,2659.813259029761,unknown,True,,True,,False,,15259.49560546875,True,utility_dynamic,False,0.03418803418803419,0.03418803418803419,kivi_2bit_residual64,0.03418803418803419,,risk_evidence_insufficient,0.0,utility_dynamic,0.0,,,,hybrid-session-006-turn-2,4.8193359375,3.1171875,4.8193359375,0.0,0.3418803418803419,/DATACENTER3/zhenxiang.wang/work/TailGuardKV/.worktrees/baseline-smoke-final-aggregation/out/full_25session_baseline_9_14/full/policy_attempts/full40_20260916_h2o_static_safe/seed20260906,False,,hybrid-session-006,qa,237.53233812749386,2,risk_evidence_insufficient,20260906
kivi_2bit_residual64,13.0,0.1,False,False,online_qwen,False,8.0,/DATACENTER3/zhenxiang.wang/work/TailGuardKV/.worktrees/baseline-smoke-final-aggregation/out/full_25session_baseline_9_14/full/policy_attempts/full40_20260916_h2o_static_safe/seed20260906/config.yaml,,,,,0.05,True,,0.1,,0,False,kivi_2bit_residual64,True,,balanced_two_gpu,1,persistent,27774.708836106583,21335,31900.862184120342,,96.0,44.1943359375,4.195556640625,4.195556640625,0.804931640625,2629.583463072777,unknown,True,,True,,False,,15218.046875,True,utility_dynamic,False,0.0,0.0,kivi_2bit_residual64,0.0,,risk_evidence_insufficient,0.0,utility_dynamic,0.0,,,,hybrid-session-009-turn-2,4.195556640625,3.390625,4.195556640625,0.0,0.0,/DATACENTER3/zhenxiang.wang/work/TailGuardKV/.worktrees/baseline-smoke-final-aggregation/out/full_25session_baseline_9_14/full/policy_attempts/full40_20260916_h2o_static_safe/seed20260906,True,,hybrid-session-009,summary,200.73264394886792,2,risk_evidence_insufficient,20260906
kivi_2bit_residual64,13.0,0.1,False,False,online_qwen,False,8.0,/DATACENTER3/zhenxiang.wang/work/TailGuardKV/.worktrees/baseline-smoke-final-aggregation/out/full_25session_baseline_9_14/full/policy_attempts/full40_20260916_h2o_static_safe/seed20260906/config.yaml,,,,,0.05,True,,0.1,,0,False,kivi_2bit_residual64,True,,balanced_two_gpu,1,persistent,27774.708836106583,21335,31900.862184120342,,96.0,45.607666015625,4.585205078125,4.585205078125,1.413330078125,2602.4313990492374,unknown,True,,True,,False,,15242.794921875,True,utility_dynamic,False,0.0,0.0,kivi_2bit_residual64,0.0,,risk_evidence_insufficient,0.0,utility_dynamic,0.0,,,,hybrid-session-010-turn-2,4.585205078125,3.171875,4.585205078125,0.0,0.0,/DATACENTER3/zhenxiang.wang/work/TailGuardKV/.worktrees/baseline-smoke-final-aggregation/out/full_25session_baseline_9_14/full/policy_attempts/full40_20260916_h2o_static_safe/seed20260906,True,,hybrid-session-010,qa,208.42994307167828,2,risk_evidence_insufficient,20260906
kivi_2bit_residual64,13.0,0.1,True,False,online_qwen,False,8.0,/DATACENTER3/zhenxiang.wang/work/TailGuardKV/.worktrees/baseline-smoke-final-aggregation/out/full_25session_baseline_9_14/full/policy_attempts/full40_20260916_h2o_static_safe/seed20260906/config.yaml,,,,,0.05,True,,0.1,,0,False,kivi_2bit_residual64,True,,balanced_two_gpu,1,persistent,27774.708836106583,21335,31900.862184120342,,96.0,46.739013671875,4.35791015625,4.35791015625,1.13134765625,1155.7841119356453,unknown,True,,True,,False,,15232.30078125,True,utility_dynamic,False,0.0,0.0,kivi_2bit_residual64,0.0,,risk_evidence_insufficient,0.0,utility_dynamic,0.0,,,,hybrid-session-013-turn-2,4.35791015625,3.2265625,4.35791015625,0.0,0.0,/DATACENTER3/zhenxiang.wang/work/TailGuardKV/.worktrees/baseline-smoke-final-aggregation/out/full_25session_baseline_9_14/full/policy_attempts/full40_20260916_h2o_static_safe/seed20260906,True,,hybrid-session-013,summary,119.87195094116032,2,risk_evidence_insufficient,20260906
kivi_2bit_residual64,13.0,0.1,False,False,online_qwen,False,8.0,/DATACENTER3/zhenxiang.wang/work/TailGuardKV/.worktrees/baseline-smoke-final-aggregation/out/full_25session_baseline_9_14/full/policy_attempts/full40_20260916_h2o_static_safe/seed20260906/config.yaml,,,,,0.05,True,,0.1,,0,False,kivi_2bit_residual64,True,,balanced_two_gpu,1,persistent,27774.708836106583,21335,31900.862184120342,,96.0,47.569580078125,3.45556640625,3.45556640625,0.83056640625,1342.2215720638633,unknown,True,,True,,False,,15234.76171875,True,utility_dynamic,False,0.0,0.0,kivi_2bit_residual64,0.0,,risk_evidence_insufficient,0.0,utility_dynamic,0.0,,,,hybrid-session-016-turn-2,3.45556640625,2.625,3.45556640625,0.0,0.0,/DATACENTER3/zhenxiang.wang/work/TailGuardKV/.worktrees/baseline-smoke-final-aggregation/out/full_25session_baseline_9_14/full/policy_attempts/full40_20260916_h2o_static_safe/seed20260906,True,,hybrid-session-016,qa,135.02799510024488,2,risk_evidence_insufficient,20260906
kivi_2bit_residual64,13.0,0.1,True,False,online_qwen,False,1.0,/DATACENTER3/zhenxiang.wang/work/TailGuardKV/.worktrees/baseline-smoke-final-aggregation/out/full_25session_baseline_9_14/full/policy_attempts/full40_20260916_h2o_static_safe/seed20260906/config.yaml,,,,,0.05,True,,0.1,,0,False,kivi_2bit_residual64,True,,balanced_two_gpu,1,persistent,27774.708836106583,21335,31900.862184120342,,96.0,48.52490234375,3.488037109375,3.488037109375,0.955322265625,1353.2246050890535,unknown,True,,True,,False,,15232.82421875,True,utility_dynamic,False,0.03418803418803419,0.03418803418803419,kivi_2bit_residual64,0.03418803418803419,,risk_evidence_insufficient,0.0,utility_dynamic,0.0,,,,hybrid-session-020-turn-2,3.488037109375,2.53271484375,3.488037109375,0.0,0.3418803418803419,/DATACENTER3/zhenxiang.wang/work/TailGuardKV/.worktrees/baseline-smoke-final-aggregation/out/full_25session_baseline_9_14/full/policy_attempts/full40_20260916_h2o_static_safe/seed20260906,False,,hybrid-session-020,qa,136.14755496382713,2,risk_evidence_insufficient,20260906
kivi_2bit_residual64,13.0,0.1,False,False,online_qwen,False,8.0,/DATACENTER3/zhenxiang.wang/work/TailGuardKV/.worktrees/baseline-smoke-final-aggregation/out/full_25session_baseline_9_14/full/policy_attempts/full40_20260916_h2o_static_safe/seed20260906/config.yaml,,,,,0.05,True,,0.1,,0,False,kivi_2bit_residual64,True,,balanced_two_gpu,1,persistent,27774.708836106583,21335,31900.862184120342,,96.0,49.642578125,3.812744140625,3.812744140625,1.11767578125,1343.2085909880698,unknown,True,,True,,False,,15242.1767578125,True,utility_dynamic,False,0.0,0.0,kivi_2bit_residual64,0.0,,risk_evidence_insufficient,0.0,utility_dynamic,0.0,,,,hybrid-session-021-turn-2,3.812744140625,2.695068359375,3.812744140625,0.0,0.0,/DATACENTER3/zhenxiang.wang/work/TailGuardKV/.worktrees/baseline-smoke-final-aggregation/out/full_25session_baseline_9_14/full/policy_attempts/full40_20260916_h2o_static_safe/seed20260906,True,,hybrid-session-021,summary,141.55872003175318,2,risk_evidence_insufficient,20260906
kivi_2bit_residual64,13.0,0.1,False,False,online_qwen,False,8.0,/DATACENTER3/zhenxiang.wang/work/TailGuardKV/.worktrees/baseline-smoke-final-aggregation/out/full_25session_baseline_9_14/full/policy_attempts/full40_20260916_h2o_static_safe/seed20260906/config.yaml,,,,,0.05,True,,0.1,,0,False,kivi_2bit_residual64,True,,balanced_two_gpu,1,persistent,27774.708836106583,21335,31900.862184120342,,96.0,50.816650390625,4.455322265625,4.455322265625,1.174072265625,2358.440847834572,unknown,True,,True,,False,,15239.53515625,True,utility_dynamic,False,0.0,0.0,kivi_2bit_residual64,0.0,,risk_evidence_insufficient,0.0,utility_dynamic,0.0,,,,hybrid-session-025-turn-2,4.455322265625,3.28125,4.455322265625,0.0,0.0,/DATACENTER3/zhenxiang.wang/work/TailGuardKV/.worktrees/baseline-smoke-final-aggregation/out/full_25session_baseline_9_14/full/policy_attempts/full40_20260916_h2o_static_safe/seed20260906,True,,hybrid-session-025,summary,127.54904991015792,2,risk_evidence_insufficient,20260906
kivi_2bit_residual64,13.0,0.1,False,False,online_qwen,False,1.0,/DATACENTER3/zhenxiang.wang/work/TailGuardKV/.worktrees/baseline-smoke-final-aggregation/out/full_25session_baseline_9_14/full/policy_attempts/full40_20260916_h2o_static_safe/seed20260906/config.yaml,,,,,0.05,True,,0.1,,0,False,kivi_2bit_residual64,True,,balanced_two_gpu,1,persistent,27774.708836106583,21335,31900.862184120342,,96.0,51.999267578125,3.942626953125,3.942626953125,1.1826171875,2193.0160170886666,unknown,True,,True,,False,,15247.02587890625,True,utility_dynamic,False,0.03418803418803419,0.03418803418803419,kivi_2bit_residual64,0.03418803418803419,,risk_evidence_insufficient,0.0,utility_dynamic,0.0,,,,hybrid-session-026-turn-2,3.942626953125,2.760009765625,3.942626953125,0.0,0.3418803418803419,/DATACENTER3/zhenxiang.wang/work/TailGuardKV/.worktrees/baseline-smoke-final-aggregation/out/full_25session_baseline_9_14/full/policy_attempts/full40_20260916_h2o_static_safe/seed20260906,False,,hybrid-session-026,qa,232.58505598641932,2,risk_evidence_insufficient,20260906
kivi_2bit_residual64,13.0,0.1,False,False,online_qwen,False,8.0,/DATACENTER3/zhenxiang.wang/work/TailGuardKV/.worktrees/baseline-smoke-final-aggregation/out/full_25session_baseline_9_14/full/policy_attempts/full40_20260916_h2o_static_safe/seed20260906/config.yaml,,,,,0.05,True,,0.1,,0,False,kivi_2bit_residual64,True,,balanced_two_gpu,1,persistent,27774.708836106583,21335,31900.862184120342,,96.0,53.46044921875,4.94921875,4.94921875,1.461181640625,2613.210242940113,unknown,True,,True,,False,,15131.466796875,True,utility_dynamic,False,0.0,0.0,kivi_2bit_residual64,0.0,,risk_evidence_insufficient,0.0,utility_dynamic,0.0,,,,hybrid-session-002-turn-3,4.94921875,3.488037109375,4.94921875,0.0,0.0,/DATACENTER3/zhenxiang.wang/work/TailGuardKV/.worktrees/baseline-smoke-final-aggregation/out/full_25session_baseline_9_14/full/policy_attempts/full40_20260916_h2o_static_safe/seed20260906,True,,hybrid-session-002,qa,188.0580889992416,3,risk_evidence_insufficient,20260906
kivi_2bit_residual64,13.0,0.1,False,False,online_qwen,False,8.0,/DATACENTER3/zhenxiang.wang/work/TailGuardKV/.worktrees/baseline-smoke-final-aggregation/out/full_25session_baseline_9_14/full/policy_attempts/full40_20260916_h2o_static_safe/seed20260906/config.yaml,,,,,0.05,True,,0.1,,0,False,kivi_2bit_residual64,True,,balanced_two_gpu,1,persistent,27774.708836106583,21335,31900.862184120342,,96.0,53.46728515625,4.332275390625,4.332275390625,0.0068359375,2259.1699780896306,unknown,True,,True,,False,,15129.955078125,True,utility_dynamic,False,0.0,0.0,kivi_2bit_residual64,0.0,,risk_evidence_insufficient,0.0,utility_dynamic,0.0,,,,hybrid-session-003-turn-3,4.332275390625,4.325439453125,4.332275390625,0.0,0.0,/DATACENTER3/zhenxiang.wang/work/TailGuardKV/.worktrees/baseline-smoke-final-aggregation/out/full_25session_baseline_9_14/full/policy_attempts/full40_20260916_h2o_static_safe/seed20260906,True,,hybrid-session-003,summary,218.10310217551887,3,risk_evidence_insufficient,20260906
kivi_2bit_residual64,13.0,0.1,False,False,online_qwen,False,1.0,/DATACENTER3/zhenxiang.wang/work/TailGuardKV/.worktrees/baseline-smoke-final-aggregation/out/full_25session_baseline_9_14/full/policy_attempts/full40_20260916_h2o_static_safe/seed20260906/config.yaml,,,,,0.05,True,,0.1,,0,False,kivi_2bit_residual64,True,,balanced_two_gpu,1,persistent,27774.708836106583,21335,31900.862184120342,,96.0,54.928466796875,5.111572265625,5.111572265625,1.461181640625,2632.1410830132663,unknown,True,,True,,False,,15132.888671875,True,utility_dynamic,False,0.03418803418803419,0.03418803418803419,kivi_2bit_residual64,0.03418803418803419,,risk_evidence_insufficient,0.0,utility_dynamic,0.0,,,,hybrid-session-004-turn-3,5.111572265625,3.650390625,5.111572265625,0.0,0.3418803418803419,/DATACENTER3/zhenxiang.wang/work/TailGuardKV/.worktrees/baseline-smoke-final-aggregation/out/full_25session_baseline_9_14/full/policy_attempts/full40_20260916_h2o_static_safe/seed20260906,False,,hybrid-session-004,qa,177.99462494440377,3,risk_evidence_insufficient,20260906
kivi_2bit_residual64,13.0,0.1,False,False,online_qwen,False,8.0,/DATACENTER3/zhenxiang.wang/work/TailGuardKV/.worktrees/baseline-smoke-final-aggregation/out/full_25session_baseline_9_14/full/policy_attempts/full40_20260916_h2o_static_safe/seed20260906/config.yaml,,,,,0.05,True,,0.1,,0,False,kivi_2bit_residual64,True,,balanced_two_gpu,1,persistent,27774.708836106583,21335,31900.862184120342,,96.0,56.357177734375,4.851806640625,4.851806640625,1.4287109375,2031.359823886305,unknown,True,,True,,False,,15132.83984375,True,utility_dynamic,False,0.0,0.0,kivi_2bit_residual64,0.0,,risk_evidence_insufficient,0.0,utility_dynamic,0.0,,,,hybrid-session-005-turn-3,4.851806640625,3.423095703125,4.851806640625,0.0,0.0,/DATACENTER3/zhenxiang.wang/work/TailGuardKV/.worktrees/baseline-smoke-final-aggregation/out/full_25session_baseline_9_14/full/policy_attempts/full40_20260916_h2o_static_safe/seed20260906,True,,hybrid-session-005,summary,154.01209704577923,3,risk_evidence_insufficient,20260906
kivi_2bit_residual64,13.0,0.1,False,False,online_qwen,False,8.0,/DATACENTER3/zhenxiang.wang/work/TailGuardKV/.worktrees/baseline-smoke-final-aggregation/out/full_25session_baseline_9_14/full/policy_attempts/full40_20260916_h2o_static_safe/seed20260906/config.yaml,,,,,0.05,True,,0.1,,0,False,kivi_2bit_residual64,True,,balanced_two_gpu,1,persistent,27774.708836106583,21335,31900.862184120342,,96.0,56.396484375,4.858642578125,4.858642578125,0.039306640625,2652.8401779942214,unknown,True,,True,,False,,15134.353515625,True,utility_dynamic,False,0.0,0.0,kivi_2bit_residual64,0.0,,risk_evidence_insufficient,0.0,utility_dynamic,0.0,,,,hybrid-session-006-turn-3,4.858642578125,4.8193359375,4.858642578125,0.0,0.0,/DATACENTER3/zhenxiang.wang/work/TailGuardKV/.worktrees/baseline-smoke-final-aggregation/out/full_25session_baseline_9_14/full/policy_attempts/full40_20260916_h2o_static_safe/seed20260906,True,,hybrid-session-006,qa,208.97811511531472,3,risk_evidence_insufficient,20260906
kivi_2bit_residual64,13.0,0.1,False,False,online_qwen,False,8.0,/DATACENTER3/zhenxiang.wang/work/TailGuardKV/.worktrees/baseline-smoke-final-aggregation/out/full_25session_baseline_9_14/full/policy_attempts/full40_20260916_h2o_static_safe/seed20260906/config.yaml,,,,,0.05,True,,0.1,,0,False,kivi_2bit_residual64,True,,balanced_two_gpu,1,persistent,27774.708836106583,21335,31900.862184120342,,96.0,56.4033203125,4.202392578125,4.202392578125,0.0068359375,2419.094083830714,unknown,True,,True,,False,,15132.908203125,True,utility_dynamic,False,0.0,0.0,kivi_2bit_residual64,0.0,,risk_evidence_insufficient,0.0,utility_dynamic,0.0,,,,hybrid-session-009-turn-3,4.202392578125,4.195556640625,4.202392578125,0.0,0.0,/DATACENTER3/zhenxiang.wang/work/TailGuardKV/.worktrees/baseline-smoke-final-aggregation/out/full_25session_baseline_9_14/full/policy_attempts/full40_20260916_h2o_static_safe/seed20260906,True,,hybrid-session-009,summary,210.9335248824209,3,risk_evidence_insufficient,20260906
kivi_2bit_residual64,13.0,0.1,False,False,online_qwen,False,8.0,/DATACENTER3/zhenxiang.wang/work/TailGuardKV/.worktrees/baseline-smoke-final-aggregation/out/full_25session_baseline_9_14/full/policy_attempts/full40_20260916_h2o_static_safe/seed20260906/config.yaml,,,,,0.05,True,,0.1,,0,False,kivi_2bit_residual64,True,,balanced_two_gpu,1,persistent,27774.708836106583,21335,31900.862184120342,,96.0,56.442626953125,4.62451171875,4.62451171875,0.039306640625,2628.84941813536,unknown,True,,True,,False,,15134.40625,True,utility_dynamic,False,0.0,0.0,kivi_2bit_residual64,0.0,,risk_evidence_insufficient,0.0,utility_dynamic,0.0,,,,hybrid-session-010-turn-3,4.62451171875,4.585205078125,4.62451171875,0.0,0.0,/DATACENTER3/zhenxiang.wang/work/TailGuardKV/.worktrees/baseline-smoke-final-aggregation/out/full_25session_baseline_9_14/full/policy_attempts/full40_20260916_h2o_static_safe/seed20260906,True,,hybrid-session-010,qa,223.78828306682408,3,risk_evidence_insufficient,20260906
kivi_2bit_residual64,13.0,0.1,False,False,online_qwen,False,8.0,/DATACENTER3/zhenxiang.wang/work/TailGuardKV/.worktrees/baseline-smoke-final-aggregation/out/full_25session_baseline_9_14/full/policy_attempts/full40_20260916_h2o_static_safe/seed20260906/config.yaml,,,,,0.05,True,,0.1,,0,False,kivi_2bit_residual64,True,,balanced_two_gpu,1,persistent,27774.708836106583,21335,31900.862184120342,,96.0,56.449462890625,4.36474609375,4.36474609375,0.0068359375,2651.18136908859,unknown,True,,True,,False,,15132.935546875,True,utility_dynamic,False,0.0,0.0,kivi_2bit_residual64,0.0,,risk_evidence_insufficient,0.0,utility_dynamic,0.0,,,,hybrid-session-013-turn-3,4.36474609375,4.35791015625,4.36474609375,0.0,0.0,/DATACENTER3/zhenxiang.wang/work/TailGuardKV/.worktrees/baseline-smoke-final-aggregation/out/full_25session_baseline_9_14/full/policy_attempts/full40_20260916_h2o_static_safe/seed20260906,True,,hybrid-session-013,summary,207.07651390694082,3,risk_evidence_insufficient,20260906
kivi_2bit_residual64,13.0,0.1,False,False,online_qwen,False,8.0,/DATACENTER3/zhenxiang.wang/work/TailGuardKV/.worktrees/baseline-smoke-final-aggregation/out/full_25session_baseline_9_14/full/policy_attempts/full40_20260916_h2o_static_safe/seed20260906/config.yaml,,,,,0.05,True,,0.1,,0,False,kivi_2bit_residual64,True,,balanced_two_gpu,1,persistent,27774.708836106583,21335,31900.862184120342,,96.0,57.91064453125,4.916748046875,4.916748046875,1.461181640625,2221.76756686531,unknown,True,,True,,False,,15135.845703125,True,utility_dynamic,False,0.0,0.0,kivi_2bit_residual64,0.0,,risk_evidence_insufficient,0.0,utility_dynamic,0.0,,,,hybrid-session-016-turn-3,4.916748046875,3.45556640625,4.916748046875,0.0,0.0,/DATACENTER3/zhenxiang.wang/work/TailGuardKV/.worktrees/baseline-smoke-final-aggregation/out/full_25session_baseline_9_14/full/policy_attempts/full40_20260916_h2o_static_safe/seed20260906,True,,hybrid-session-016,qa,171.30782082676888,3,risk_evidence_insufficient,20260906
kivi_2bit_residual64,13.0,0.1,False,False,online_qwen,False,8.0,/DATACENTER3/zhenxiang.wang/work/TailGuardKV/.worktrees/baseline-smoke-final-aggregation/out/full_25session_baseline_9_14/full/policy_attempts/full40_20260916_h2o_static_safe/seed20260906/config.yaml,,,,,0.05,True,,0.1,,0,False,kivi_2bit_residual64,True,,balanced_two_gpu,1,persistent,27774.708836106583,21335,31900.862184120342,,96.0,59.371826171875,4.94921875,4.94921875,1.461181640625,2594.5950509049,unknown,True,,True,,False,,15137.3046875,True,utility_dynamic,False,0.0,0.0,kivi_2bit_residual64,0.0,,risk_evidence_insufficient,0.0,utility_dynamic,0.0,,,,hybrid-session-020-turn-3,4.94921875,3.488037109375,4.94921875,0.0,0.0,/DATACENTER3/zhenxiang.wang/work/TailGuardKV/.worktrees/baseline-smoke-final-aggregation/out/full_25session_baseline_9_14/full/policy_attempts/full40_20260916_h2o_static_safe/seed20260906,True,,hybrid-session-020,qa,179.6289288904518,3,risk_evidence_insufficient,20260906
kivi_2bit_residual64,13.0,0.1,False,False,online_qwen,False,8.0,/DATACENTER3/zhenxiang.wang/work/TailGuardKV/.worktrees/baseline-smoke-final-aggregation/out/full_25session_baseline_9_14/full/policy_attempts/full40_20260916_h2o_static_safe/seed20260906/config.yaml,,,,,0.05,True,,0.1,,0,False,kivi_2bit_residual64,True,,balanced_two_gpu,1,persistent,27774.708836106583,21335,31900.862184120342,,96.0,60.800537109375,5.241455078125,5.241455078125,1.4287109375,2642.0679839793593,unknown,True,,True,,False,,15137.2421875,True,utility_dynamic,False,0.0,0.0,kivi_2bit_residual64,0.0,,risk_evidence_insufficient,0.0,utility_dynamic,0.0,,,,hybrid-session-021-turn-3,5.241455078125,3.812744140625,5.241455078125,0.0,0.0,/DATACENTER3/zhenxiang.wang/work/TailGuardKV/.worktrees/baseline-smoke-final-aggregation/out/full_25session_baseline_9_14/full/policy_attempts/full40_20260916_h2o_static_safe/seed20260906,True,,hybrid-session-021,summary,179.2441939469427,3,risk_evidence_insufficient,20260906
kivi_2bit_residual64,13.0,0.1,False,False,online_qwen,False,8.0,/DATACENTER3/zhenxiang.wang/work/TailGuardKV/.worktrees/baseline-smoke-final-aggregation/out/full_25session_baseline_9_14/full/policy_attempts/full40_20260916_h2o_static_safe/seed20260906/config.yaml,,,,,0.05,True,,0.1,,0,False,kivi_2bit_residual64,True,,balanced_two_gpu,1,persistent,27774.708836106583,21335,31900.862184120342,,96.0,60.807373046875,4.462158203125,4.462158203125,0.0068359375,2653.243287000805,unknown,True,,True,,False,,15137.255859375,True,utility_dynamic,False,0.0,0.0,kivi_2bit_residual64,0.0,,risk_evidence_insufficient,0.0,utility_dynamic,0.0,,,,hybrid-session-025-turn-3,4.462158203125,4.455322265625,4.462158203125,0.0,0.0,/DATACENTER3/zhenxiang.wang/work/TailGuardKV/.worktrees/baseline-smoke-final-aggregation/out/full_25session_baseline_9_14/full/policy_attempts/full40_20260916_h2o_static_safe/seed20260906,True,,hybrid-session-025,summary,207.88567117415369,3,risk_evidence_insufficient,20260906
kivi_2bit_residual64,13.0,0.1,False,False,online_qwen,False,1.0,/DATACENTER3/zhenxiang.wang/work/TailGuardKV/.worktrees/baseline-smoke-final-aggregation/out/full_25session_baseline_9_14/full/policy_attempts/full40_20260916_h2o_static_safe/seed20260906/config.yaml,,,,,0.05,True,,0.1,,0,False,kivi_2bit_residual64,True,,balanced_two_gpu,1,persistent,27774.708836106583,21335,31900.862184120342,,96.0,62.2685546875,5.40380859375,5.40380859375,1.461181640625,2597.0927248708904,unknown,True,,True,,False,,15140.1484375,True,utility_dynamic,False,0.03418803418803419,0.03418803418803419,kivi_2bit_residual64,0.03418803418803419,,risk_evidence_insufficient,0.0,utility_dynamic,0.0,,,,hybrid-session-026-turn-3,5.40380859375,3.942626953125,5.40380859375,0.0,0.3418803418803419,/DATACENTER3/zhenxiang.wang/work/TailGuardKV/.worktrees/baseline-smoke-final-aggregation/out/full_25session_baseline_9_14/full/policy_attempts/full40_20260916_h2o_static_safe/seed20260906,False,,hybrid-session-026,qa,182.12346802465618,3,risk_evidence_insufficient,20260906
kivi_2bit_residual64,13.0,0.1,False,False,online_qwen,False,8.0,/DATACENTER3/zhenxiang.wang/work/TailGuardKV/.worktrees/baseline-smoke-final-aggregation/out/full_25session_baseline_9_14/full/policy_attempts/full40_20260916_h2o_static_safe/seed20260906/config.yaml,,,,,0.05,True,,0.1,,0,False,kivi_2bit_residual64,True,,balanced_two_gpu,1,persistent,27774.708836106583,21335,31900.862184120342,,96.0,62.2685546875,4.94921875,4.94921875,0.0,2488.517966121435,unknown,True,,True,,False,,15132.76953125,True,utility_dynamic,False,0.0,0.0,kivi_2bit_residual64,0.0,,risk_evidence_insufficient,0.0,utility_dynamic,0.0,,,,hybrid-session-002-turn-4,4.94921875,4.94921875,4.94921875,0.0,0.0,/DATACENTER3/zhenxiang.wang/work/TailGuardKV/.worktrees/baseline-smoke-final-aggregation/out/full_25session_baseline_9_14/full/policy_attempts/full40_20260916_h2o_static_safe/seed20260906,True,,hybrid-session-002,qa,223.24084909632802,4,risk_evidence_insufficient,20260906
kivi_2bit_residual64,13.0,0.1,False,False,online_qwen,False,8.0,/DATACENTER3/zhenxiang.wang/work/TailGuardKV/.worktrees/baseline-smoke-final-aggregation/out/full_25session_baseline_9_14/full/policy_attempts/full40_20260916_h2o_static_safe/seed20260906/config.yaml,,,,,0.05,True,,0.1,,0,False,kivi_2bit_residual64,True,,balanced_two_gpu,1,persistent,27774.708836106583,21335,31900.862184120342,,96.0,62.2685546875,4.332275390625,4.332275390625,0.0,2660.41117394343,unknown,True,,True,,False,,15134.06640625,True,utility_dynamic,False,0.0,0.0,kivi_2bit_residual64,0.0,,risk_evidence_insufficient,0.0,utility_dynamic,0.0,,,,hybrid-session-003-turn-4,4.332275390625,4.332275390625,4.332275390625,0.0,0.0,/DATACENTER3/zhenxiang.wang/work/TailGuardKV/.worktrees/baseline-smoke-final-aggregation/out/full_25session_baseline_9_14/full/policy_attempts/full40_20260916_h2o_static_safe/seed20260906,True,,hybrid-session-003,summary,184.9203419405967,4,risk_evidence_insufficient,20260906
kivi_2bit_residual64,13.0,0.1,False,False,online_qwen,False,8.0,/DATACENTER3/zhenxiang.wang/work/TailGuardKV/.worktrees/baseline-smoke-final-aggregation/out/full_25session_baseline_9_14/full/policy_attempts/full40_20260916_h2o_static_safe/seed20260906/config.yaml,,,,,0.05,True,,0.1,,0,False,kivi_2bit_residual64,True,,balanced_two_gpu,1,persistent,27774.708836106583,21335,31900.862184120342,,96.0,62.2685546875,5.111572265625,5.111572265625,0.0,2644.7001670021564,unknown,True,,True,,False,,15132.509765625,True,utility_dynamic,False,0.0,0.0,kivi_2bit_residual64,0.0,,risk_evidence_insufficient,0.0,utility_dynamic,0.0,,,,hybrid-session-004-turn-4,5.111572265625,5.111572265625,5.111572265625,0.0,0.0,/DATACENTER3/zhenxiang.wang/work/TailGuardKV/.worktrees/baseline-smoke-final-aggregation/out/full_25session_baseline_9_14/full/policy_attempts/full40_20260916_h2o_static_safe/seed20260906,True,,hybrid-session-004,qa,201.04120601899922,4,risk_evidence_insufficient,20260906
kivi_2bit_residual64,13.0,0.1,False,False,online_qwen,False,8.0,/DATACENTER3/zhenxiang.wang/work/TailGuardKV/.worktrees/baseline-smoke-final-aggregation/out/full_25session_baseline_9_14/full/policy_attempts/full40_20260916_h2o_static_safe/seed20260906/config.yaml,,,,,0.05,True,,0.1,,0,False,kivi_2bit_residual64,True,,balanced_two_gpu,1,persistent,27774.708836106583,21335,31900.862184120342,,96.0,62.2685546875,4.851806640625,4.851806640625,0.0,2643.5298318974674,unknown,True,,True,,False,,15132.400390625,True,utility_dynamic,False,0.0,0.0,kivi_2bit_residual64,0.0,,risk_evidence_insufficient,0.0,utility_dynamic,0.0,,,,hybrid-session-005-turn-4,4.851806640625,4.851806640625,4.851806640625,0.0,0.0,/DATACENTER3/zhenxiang.wang/work/TailGuardKV/.worktrees/baseline-smoke-final-aggregation/out/full_25session_baseline_9_14/full/policy_attempts/full40_20260916_h2o_static_safe/seed20260906,True,,hybrid-session-005,summary,206.01010788232088,4,risk_evidence_insufficient,20260906
kivi_2bit_residual64,13.0,0.1,False,False,online_qwen,False,8.0,/DATACENTER3/zhenxiang.wang/work/TailGuardKV/.worktrees/baseline-smoke-final-aggregation/out/full_25session_baseline_9_14/full/policy_attempts/full40_20260916_h2o_static_safe/seed20260906/config.yaml,,,,,0.05,True,,0.1,,0,False,kivi_2bit_residual64,True,,balanced_two_gpu,1,persistent,27774.708836106583,21335,31900.862184120342,,96.0,62.2685546875,4.858642578125,4.858642578125,0.0,2508.4322148468345,unknown,True,,True,,False,,15133.712890625,True,utility_dynamic,False,0.0,0.0,kivi_2bit_residual64,0.0,,risk_evidence_insufficient,0.0,utility_dynamic,0.0,,,,hybrid-session-006-turn-4,4.858642578125,4.858642578125,4.858642578125,0.0,0.0,/DATACENTER3/zhenxiang.wang/work/TailGuardKV/.worktrees/baseline-smoke-final-aggregation/out/full_25session_baseline_9_14/full/policy_attempts/full40_20260916_h2o_static_safe/seed20260906,True,,hybrid-session-006,qa,175.3278688993305,4,risk_evidence_insufficient,20260906
kivi_2bit_residual64,13.0,0.1,True,False,online_qwen,False,8.0,/DATACENTER3/zhenxiang.wang/work/TailGuardKV/.worktrees/baseline-smoke-final-aggregation/out/full_25session_baseline_9_14/full/policy_attempts/full40_20260916_h2o_static_safe/seed20260906/config.yaml,,,,,0.05,True,,0.1,,0,False,kivi_2bit_residual64,True,,balanced_two_gpu,1,persistent,27774.708836106583,21335,31900.862184120342,,96.0,62.2685546875,4.202392578125,4.202392578125,0.0,2247.5185729563236,unknown,True,,True,,False,,15133.6015625,True,utility_dynamic,False,0.0,0.0,kivi_2bit_residual64,0.0,,risk_evidence_insufficient,0.0,utility_dynamic,0.0,,,,hybrid-session-009-turn-4,4.202392578125,4.202392578125,4.202392578125,0.0,0.0,/DATACENTER3/zhenxiang.wang/work/TailGuardKV/.worktrees/baseline-smoke-final-aggregation/out/full_25session_baseline_9_14/full/policy_attempts/full40_20260916_h2o_static_safe/seed20260906,True,,hybrid-session-009,summary,181.8016900215298,4,risk_evidence_insufficient,20260906
kivi_2bit_residual64,13.0,0.1,False,False,online_qwen,False,8.0,/DATACENTER3/zhenxiang.wang/work/TailGuardKV/.worktrees/baseline-smoke-final-aggregation/out/full_25session_baseline_9_14/full/policy_attempts/full40_20260916_h2o_static_safe/seed20260906/config.yaml,,,,,0.05,True,,0.1,,0,False,kivi_2bit_residual64,True,,balanced_two_gpu,1,persistent,27774.708836106583,21335,31900.862184120342,,96.0,62.2685546875,4.62451171875,4.62451171875,0.0,2638.3066580165178,unknown,True,,True,,False,,15133.4462890625,True,utility_dynamic,False,0.0,0.0,kivi_2bit_residual64,0.0,,risk_evidence_insufficient,0.0,utility_dynamic,0.0,,,,hybrid-session-010-turn-4,4.62451171875,4.62451171875,4.62451171875,0.0,0.0,/DATACENTER3/zhenxiang.wang/work/TailGuardKV/.worktrees/baseline-smoke-final-aggregation/out/full_25session_baseline_9_14/full/policy_attempts/full40_20260916_h2o_static_safe/seed20260906,True,,hybrid-session-010,qa,170.48106202855706,4,risk_evidence_insufficient,20260906
kivi_2bit_residual64,13.0,0.1,True,False,online_qwen,False,8.0,/DATACENTER3/zhenxiang.wang/work/TailGuardKV/.worktrees/baseline-smoke-final-aggregation/out/full_25session_baseline_9_14/full/policy_attempts/full40_20260916_h2o_static_safe/seed20260906/config.yaml,,,,,0.05,True,,0.1,,0,False,kivi_2bit_residual64,True,,balanced_two_gpu,1,persistent,27774.708836106583,21335,31900.862184120342,,96.0,62.2685546875,4.36474609375,4.36474609375,0.0,2627.728001913056,unknown,True,,True,,False,,15133.35546875,True,utility_dynamic,False,0.0,0.0,kivi_2bit_residual64,0.0,,risk_evidence_insufficient,0.0,utility_dynamic,0.0,,,,hybrid-session-013-turn-4,4.36474609375,4.36474609375,4.36474609375,0.0,0.0,/DATACENTER3/zhenxiang.wang/work/TailGuardKV/.worktrees/baseline-smoke-final-aggregation/out/full_25session_baseline_9_14/full/policy_attempts/full40_20260916_h2o_static_safe/seed20260906,True,,hybrid-session-013,summary,171.09645786695182,4,risk_evidence_insufficient,20260906
kivi_2bit_residual64,13.0,0.1,False,False,online_qwen,False,8.0,/DATACENTER3/zhenxiang.wang/work/TailGuardKV/.worktrees/baseline-smoke-final-aggregation/out/full_25session_baseline_9_14/full/policy_attempts/full40_20260916_h2o_static_safe/seed20260906/config.yaml,,,,,0.05,True,,0.1,,0,False,kivi_2bit_residual64,True,,balanced_two_gpu,1,persistent,27774.708836106583,21335,31900.862184120342,,96.0,62.2685546875,4.916748046875,4.916748046875,0.0,2079.3353819753975,unknown,True,,True,,False,,15131.83203125,True,utility_dynamic,False,0.0,0.0,kivi_2bit_residual64,0.0,,risk_evidence_insufficient,0.0,utility_dynamic,0.0,,,,hybrid-session-016-turn-4,4.916748046875,4.916748046875,4.916748046875,0.0,0.0,/DATACENTER3/zhenxiang.wang/work/TailGuardKV/.worktrees/baseline-smoke-final-aggregation/out/full_25session_baseline_9_14/full/policy_attempts/full40_20260916_h2o_static_safe/seed20260906,True,,hybrid-session-016,qa,172.60977299883962,4,risk_evidence_insufficient,20260906
kivi_2bit_residual64,13.0,0.1,False,False,online_qwen,False,8.0,/DATACENTER3/zhenxiang.wang/work/TailGuardKV/.worktrees/baseline-smoke-final-aggregation/out/full_25session_baseline_9_14/full/policy_attempts/full40_20260916_h2o_static_safe/seed20260906/config.yaml,,,,,0.05,True,,0.1,,0,False,kivi_2bit_residual64,True,,balanced_two_gpu,1,persistent,27774.708836106583,21335,31900.862184120342,,96.0,62.2685546875,4.94921875,4.94921875,0.0,2632.807089947164,unknown,True,,True,,False,,15131.73046875,True,utility_dynamic,False,0.0,0.0,kivi_2bit_residual64,0.0,,risk_evidence_insufficient,0.0,utility_dynamic,0.0,,,,hybrid-session-020-turn-4,4.94921875,4.94921875,4.94921875,0.0,0.0,/DATACENTER3/zhenxiang.wang/work/TailGuardKV/.worktrees/baseline-smoke-final-aggregation/out/full_25session_baseline_9_14/full/policy_attempts/full40_20260916_h2o_static_safe/seed20260906,True,,hybrid-session-020,qa,208.00347300246358,4,risk_evidence_insufficient,20260906
kivi_2bit_residual64,13.0,0.1,False,False,online_qwen,False,8.0,/DATACENTER3/zhenxiang.wang/work/TailGuardKV/.worktrees/baseline-smoke-final-aggregation/out/full_25session_baseline_9_14/full/policy_attempts/full40_20260916_h2o_static_safe/seed20260906/config.yaml,,,,,0.05,True,,0.1,,0,False,kivi_2bit_residual64,True,,balanced_two_gpu,1,persistent,27774.708836106583,21335,31900.862184120342,,96.0,62.2685546875,5.241455078125,5.241455078125,0.0,2669.239995069802,unknown,True,,True,,False,,15131.607421875,True,utility_dynamic,False,0.0,0.0,kivi_2bit_residual64,0.0,,risk_evidence_insufficient,0.0,utility_dynamic,0.0,,,,hybrid-session-021-turn-4,5.241455078125,5.241455078125,5.241455078125,0.0,0.0,/DATACENTER3/zhenxiang.wang/work/TailGuardKV/.worktrees/baseline-smoke-final-aggregation/out/full_25session_baseline_9_14/full/policy_attempts/full40_20260916_h2o_static_safe/seed20260906,True,,hybrid-session-021,summary,208.98670610040426,4,risk_evidence_insufficient,20260906
kivi_2bit_residual64,13.0,0.1,False,False,online_qwen,False,8.0,/DATACENTER3/zhenxiang.wang/work/TailGuardKV/.worktrees/baseline-smoke-final-aggregation/out/full_25session_baseline_9_14/full/policy_attempts/full40_20260916_h2o_static_safe/seed20260906/config.yaml,,,,,0.05,True,,0.1,,0,False,kivi_2bit_residual64,True,,balanced_two_gpu,1,persistent,27774.708836106583,21335,31900.862184120342,,96.0,62.2685546875,4.462158203125,4.462158203125,0.0,2308.705694042146,unknown,True,,True,,False,,15132.890625,True,utility_dynamic,False,0.0,0.0,kivi_2bit_residual64,0.0,,risk_evidence_insufficient,0.0,utility_dynamic,0.0,,,,hybrid-session-025-turn-4,4.462158203125,4.462158203125,4.462158203125,0.0,0.0,/DATACENTER3/zhenxiang.wang/work/TailGuardKV/.worktrees/baseline-smoke-final-aggregation/out/full_25session_baseline_9_14/full/policy_attempts/full40_20260916_h2o_static_safe/seed20260906,True,,hybrid-session-025,summary,174.99765614047647,4,risk_evidence_insufficient,20260906
kivi_2bit_residual64,13.0,0.1,False,False,online_qwen,False,1.0,/DATACENTER3/zhenxiang.wang/work/TailGuardKV/.worktrees/baseline-smoke-final-aggregation/out/full_25session_baseline_9_14/full/policy_attempts/full40_20260916_h2o_static_safe/seed20260906/config.yaml,,,,,0.05,True,,0.1,,0,False,kivi_2bit_residual64,True,,balanced_two_gpu,1,persistent,27774.708836106583,21335,31900.862184120342,,96.0,62.2685546875,5.40380859375,5.40380859375,0.0,2679.194409865886,unknown,True,,True,,False,,15131.361328125,True,utility_dynamic,False,0.03418803418803419,0.03418803418803419,kivi_2bit_residual64,0.03418803418803419,,risk_evidence_insufficient,0.0,utility_dynamic,0.0,,,,hybrid-session-026-turn-4,5.40380859375,5.40380859375,5.40380859375,0.0,0.3418803418803419,/DATACENTER3/zhenxiang.wang/work/TailGuardKV/.worktrees/baseline-smoke-final-aggregation/out/full_25session_baseline_9_14/full/policy_attempts/full40_20260916_h2o_static_safe/seed20260906,False,,hybrid-session-026,qa,215.24439589120448,4,risk_evidence_insufficient,20260906
kivi_4bit_residual64,1.0,0.1,False,False,online_qwen,False,8.0,/DATACENTER3/zhenxiang.wang/work/TailGuardKV/.worktrees/baseline-smoke-final-aggregation/out/full_25session_baseline_9_14/full/policy_attempts/full40_20260916_h2o_static_safe/seed20260906/config.yaml,,,,,0.05,True,,0.1,,0,False,kivi_4bit_residual64,True,,balanced_two_gpu,1,persistent,28329.763093031943,25894,32331.781128887087,,96.0,2.078125,2.078125,2.078125,2.078125,5015.58252889663,unknown,True,,True,,False,,15070.54150390625,True,uncalibrated_dynamic,False,0.0,0.0,kivi_4bit_residual64,0.0,,risk_evidence_insufficient,0.0,uncalibrated_dynamic,0.0,,,,hybrid-session-002-turn-0,2.078125,0.0,2.078125,0.0,0.0,/DATACENTER3/zhenxiang.wang/work/TailGuardKV/.worktrees/baseline-smoke-final-aggregation/out/full_25session_baseline_9_14/full/policy_attempts/full40_20260916_h2o_static_safe/seed20260906,True,point_prediction_eligible,hybrid-session-002,chat,3811.769906897098,0,risk_evidence_insufficient,20260906
kivi_4bit_residual64,2.0,0.1,False,False,online_qwen,False,8.0,/DATACENTER3/zhenxiang.wang/work/TailGuardKV/.worktrees/baseline-smoke-final-aggregation/out/full_25session_baseline_9_14/full/policy_attempts/full40_20260916_h2o_static_safe/seed20260906/config.yaml,,,,,0.05,True,,0.1,,0,False,kivi_4bit_residual64,True,,balanced_two_gpu,1,persistent,28329.763093031943,25894,32331.781128887087,,96.0,3.5546875,1.4765625,1.4765625,1.4765625,1459.589950973168,unknown,True,,True,,False,,15055.19384765625,True,uncalibrated_dynamic,False,0.0,0.0,kivi_4bit_residual64,0.0,,risk_evidence_insufficient,0.0,uncalibrated_dynamic,0.0,,,,hybrid-session-003-turn-0,1.4765625,0.0,1.4765625,0.0,0.0,/DATACENTER3/zhenxiang.wang/work/TailGuardKV/.worktrees/baseline-smoke-final-aggregation/out/full_25session_baseline_9_14/full/policy_attempts/full40_20260916_h2o_static_safe/seed20260906,True,point_prediction_eligible,hybrid-session-003,chat,110.68182880990207,0,risk_evidence_insufficient,20260906
kivi_4bit_residual64,3.0,0.1,False,False,online_qwen,False,8.0,/DATACENTER3/zhenxiang.wang/work/TailGuardKV/.worktrees/baseline-smoke-final-aggregation/out/full_25session_baseline_9_14/full/policy_attempts/full40_20260916_h2o_static_safe/seed20260906/config.yaml,,,,,0.05,True,,0.1,,0,False,kivi_4bit_residual64,True,,balanced_two_gpu,1,persistent,28329.763093031943,25894,32331.781128887087,,96.0,5.3046875,1.75,1.75,1.75,1683.4523831494153,unknown,True,,True,,False,,15063.70947265625,True,uncalibrated_dynamic,False,0.0,0.0,kivi_4bit_residual64,0.0,,risk_evidence_insufficient,0.0,uncalibrated_dynamic,0.0,,,,hybrid-session-004-turn-0,1.75,0.0,1.75,0.0,0.0,/DATACENTER3/zhenxiang.wang/work/TailGuardKV/.worktrees/baseline-smoke-final-aggregation/out/full_25session_baseline_9_14/full/policy_attempts/full40_20260916_h2o_static_safe/seed20260906,True,point_prediction_eligible,hybrid-session-004,chat,121.35323113761842,0,risk_evidence_insufficient,20260906
kivi_4bit_residual64,4.0,0.1,False,False,online_qwen,False,8.0,/DATACENTER3/zhenxiang.wang/work/TailGuardKV/.worktrees/baseline-smoke-final-aggregation/out/full_25session_baseline_9_14/full/policy_attempts/full40_20260916_h2o_static_safe/seed20260906/config.yaml,,,,,0.05,True,,0.1,,0,False,kivi_4bit_residual64,True,,balanced_two_gpu,1,persistent,28329.763093031943,25894,32331.781128887087,,96.0,7.21875,1.9140625,1.9140625,1.9140625,1632.4473537970334,unknown,True,,True,,False,,15070.26806640625,True,uncalibrated_dynamic,False,0.0,0.0,kivi_4bit_residual64,0.0,,risk_evidence_insufficient,0.0,uncalibrated_dynamic,0.0,,,,hybrid-session-005-turn-0,1.9140625,0.0,1.9140625,0.0,0.0,/DATACENTER3/zhenxiang.wang/work/TailGuardKV/.worktrees/baseline-smoke-final-aggregation/out/full_25session_baseline_9_14/full/policy_attempts/full40_20260916_h2o_static_safe/seed20260906,True,point_prediction_eligible,hybrid-session-005,chat,115.63213192857802,0,risk_evidence_insufficient,20260906
kivi_4bit_residual64,5.0,0.1,False,False,online_qwen,False,8.0,/DATACENTER3/zhenxiang.wang/work/TailGuardKV/.worktrees/baseline-smoke-final-aggregation/out/full_25session_baseline_9_14/full/policy_attempts/full40_20260916_h2o_static_safe/seed20260906/config.yaml,,,,,0.05,True,,0.1,,0,False,kivi_4bit_residual64,True,,balanced_two_gpu,1,persistent,28329.763093031943,25894,32331.781128887087,,96.0,9.84375,2.625,2.625,2.625,1685.4656969662756,unknown,True,,True,,False,,15093.27587890625,True,uncalibrated_dynamic,False,0.0,0.0,kivi_4bit_residual64,0.0,,risk_evidence_insufficient,0.0,uncalibrated_dynamic,0.0,,,,hybrid-session-006-turn-0,2.625,0.0,2.625,0.0,0.0,/DATACENTER3/zhenxiang.wang/work/TailGuardKV/.worktrees/baseline-smoke-final-aggregation/out/full_25session_baseline_9_14/full/policy_attempts/full40_20260916_h2o_static_safe/seed20260906,True,point_prediction_eligible,hybrid-session-006,chat,118.72813105583191,0,risk_evidence_insufficient,20260906
kivi_4bit_residual64,6.0,0.1,False,False,online_qwen,False,8.0,/DATACENTER3/zhenxiang.wang/work/TailGuardKV/.worktrees/baseline-smoke-final-aggregation/out/full_25session_baseline_9_14/full/policy_attempts/full40_20260916_h2o_static_safe/seed20260906/config.yaml,,,,,0.05,True,,0.1,,0,False,kivi_4bit_residual64,True,,balanced_two_gpu,1,persistent,28329.763093031943,25894,32331.781128887087,,96.0,11.5390625,1.6953125,1.6953125,1.6953125,1682.65430489555,unknown,True,,True,,False,,15068.48681640625,True,uncalibrated_dynamic,False,0.0,0.0,kivi_4bit_residual64,0.0,,risk_evidence_insufficient,0.0,uncalibrated_dynamic,0.0,,,,hybrid-session-009-turn-0,1.6953125,0.0,1.6953125,0.0,0.0,/DATACENTER3/zhenxiang.wang/work/TailGuardKV/.worktrees/baseline-smoke-final-aggregation/out/full_25session_baseline_9_14/full/policy_attempts/full40_20260916_h2o_static_safe/seed20260906,True,point_prediction_eligible,hybrid-session-009,chat,112.5716648530215,0,risk_evidence_insufficient,20260906
kivi_4bit_residual64,7.0,0.1,False,False,online_qwen,False,8.0,/DATACENTER3/zhenxiang.wang/work/TailGuardKV/.worktrees/baseline-smoke-final-aggregation/out/full_25session_baseline_9_14/full/policy_attempts/full40_20260916_h2o_static_safe/seed20260906/config.yaml,,,,,0.05,True,,0.1,,0,False,kivi_4bit_residual64,True,,balanced_two_gpu,1,persistent,28329.763093031943,25894,32331.781128887087,,96.0,13.0703125,1.53125,1.53125,1.53125,1669.7011499200016,unknown,True,,True,,False,,15065.87646484375,True,uncalibrated_dynamic,False,0.0,0.0,kivi_4bit_residual64,0.0,,risk_evidence_insufficient,0.0,uncalibrated_dynamic,0.0,,,,hybrid-session-010-turn-0,1.53125,0.0,1.53125,0.0,0.0,/DATACENTER3/zhenxiang.wang/work/TailGuardKV/.worktrees/baseline-smoke-final-aggregation/out/full_25session_baseline_9_14/full/policy_attempts/full40_20260916_h2o_static_safe/seed20260906,True,point_prediction_eligible,hybrid-session-010,chat,112.96445387415588,0,risk_evidence_insufficient,20260906
kivi_4bit_residual64,8.0,0.1,False,False,online_qwen,False,8.0,/DATACENTER3/zhenxiang.wang/work/TailGuardKV/.worktrees/baseline-smoke-final-aggregation/out/full_25session_baseline_9_14/full/policy_attempts/full40_20260916_h2o_static_safe/seed20260906/config.yaml,,,,,0.05,True,,0.1,,0,False,kivi_4bit_residual64,True,,balanced_two_gpu,1,persistent,28329.763093031943,25894,32331.781128887087,,96.0,14.875,1.8046875,1.8046875,1.8046875,1682.1915309410542,unknown,True,,True,,False,,15074.73681640625,True,uncalibrated_dynamic,False,0.0,0.0,kivi_4bit_residual64,0.0,,risk_evidence_insufficient,0.0,uncalibrated_dynamic,0.0,,,,hybrid-session-013-turn-0,1.8046875,0.0,1.8046875,0.0,0.0,/DATACENTER3/zhenxiang.wang/work/TailGuardKV/.worktrees/baseline-smoke-final-aggregation/out/full_25session_baseline_9_14/full/policy_attempts/full40_20260916_h2o_static_safe/seed20260906,True,point_prediction_eligible,hybrid-session-013,chat,117.86702903918922,0,risk_evidence_insufficient,20260906
kivi_4bit_residual64,9.0,0.1,False,False,online_qwen,False,8.0,/DATACENTER3/zhenxiang.wang/work/TailGuardKV/.worktrees/baseline-smoke-final-aggregation/out/full_25session_baseline_9_14/full/policy_attempts/full40_20260916_h2o_static_safe/seed20260906/config.yaml,,,,,0.05,True,,0.1,,0,False,kivi_4bit_residual64,True,,balanced_two_gpu,1,persistent,28329.763093031943,25894,32331.781128887087,,96.0,17.5,2.625,2.625,2.625,1677.857727976516,unknown,True,,True,,False,,15100.93212890625,True,uncalibrated_dynamic,False,0.0,0.0,kivi_4bit_residual64,0.0,,risk_evidence_insufficient,0.0,uncalibrated_dynamic,0.0,,,,hybrid-session-016-turn-0,2.625,0.0,2.625,0.0,0.0,/DATACENTER3/zhenxiang.wang/work/TailGuardKV/.worktrees/baseline-smoke-final-aggregation/out/full_25session_baseline_9_14/full/policy_attempts/full40_20260916_h2o_static_safe/seed20260906,True,point_prediction_eligible,hybrid-session-016,chat,115.99884601309896,0,risk_evidence_insufficient,20260906
kivi_4bit_residual64,10.0,0.1,False,False,online_qwen,False,8.0,/DATACENTER3/zhenxiang.wang/work/TailGuardKV/.worktrees/baseline-smoke-final-aggregation/out/full_25session_baseline_9_14/full/policy_attempts/full40_20260916_h2o_static_safe/seed20260906/config.yaml,,,,,0.05,True,,0.1,,0,False,kivi_4bit_residual64,True,,balanced_two_gpu,1,persistent,28329.763093031943,25894,32331.781128887087,,96.0,19.90625,2.40625,2.40625,2.40625,1684.9692470859736,unknown,True,,True,,False,,15095.79541015625,True,uncalibrated_dynamic,False,0.0,0.0,kivi_4bit_residual64,0.0,,risk_evidence_insufficient,0.0,uncalibrated_dynamic,0.0,,,,hybrid-session-020-turn-0,2.40625,0.0,2.40625,0.0,0.0,/DATACENTER3/zhenxiang.wang/work/TailGuardKV/.worktrees/baseline-smoke-final-aggregation/out/full_25session_baseline_9_14/full/policy_attempts/full40_20260916_h2o_static_safe/seed20260906,True,point_prediction_eligible,hybrid-session-020,chat,112.14347300119698,0,risk_evidence_insufficient,20260906
kivi_4bit_residual64,11.0,0.1,False,False,online_qwen,False,8.0,/DATACENTER3/zhenxiang.wang/work/TailGuardKV/.worktrees/baseline-smoke-final-aggregation/out/full_25session_baseline_9_14/full/policy_attempts/full40_20260916_h2o_static_safe/seed20260906/config.yaml,,,,,0.05,True,,0.1,,0,False,kivi_4bit_residual64,True,,balanced_two_gpu,1,persistent,28329.763093031943,25894,32331.781128887087,,96.0,22.203125,2.296875,2.296875,2.296875,1675.3916121087968,unknown,True,,True,,False,,15095.17822265625,True,uncalibrated_dynamic,False,0.0,0.0,kivi_4bit_residual64,0.0,,risk_evidence_insufficient,0.0,uncalibrated_dynamic,0.0,,,,hybrid-session-021-turn-0,2.296875,0.0,2.296875,0.0,0.0,/DATACENTER3/zhenxiang.wang/work/TailGuardKV/.worktrees/baseline-smoke-final-aggregation/out/full_25session_baseline_9_14/full/policy_attempts/full40_20260916_h2o_static_safe/seed20260906,True,point_prediction_eligible,hybrid-session-021,chat,119.49246213771403,0,risk_evidence_insufficient,20260906
kivi_4bit_residual64,12.0,0.1,False,False,online_qwen,False,8.0,/DATACENTER3/zhenxiang.wang/work/TailGuardKV/.worktrees/baseline-smoke-final-aggregation/out/full_25session_baseline_9_14/full/policy_attempts/full40_20260916_h2o_static_safe/seed20260906/config.yaml,,,,,0.05,True,,0.1,,0,False,kivi_4bit_residual64,True,,balanced_two_gpu,1,persistent,28329.763093031943,25894,32331.781128887087,,96.0,24.171875,1.96875,1.96875,1.96875,1590.820177923888,unknown,True,,True,,False,,15088.40478515625,True,uncalibrated_dynamic,False,0.0,0.0,kivi_4bit_residual64,0.0,,risk_evidence_insufficient,0.0,uncalibrated_dynamic,0.0,,,,hybrid-session-025-turn-0,1.96875,0.0,1.96875,0.0,0.0,/DATACENTER3/zhenxiang.wang/work/TailGuardKV/.worktrees/baseline-smoke-final-aggregation/out/full_25session_baseline_9_14/full/policy_attempts/full40_20260916_h2o_static_safe/seed20260906,True,point_prediction_eligible,hybrid-session-025,chat,116.27221084199846,0,risk_evidence_insufficient,20260906
kivi_4bit_residual64,13.0,0.1,False,False,online_qwen,False,8.0,/DATACENTER3/zhenxiang.wang/work/TailGuardKV/.worktrees/baseline-smoke-final-aggregation/out/full_25session_baseline_9_14/full/policy_attempts/full40_20260916_h2o_static_safe/seed20260906/config.yaml,,,,,0.05,True,,0.1,,0,False,kivi_4bit_residual64,True,,balanced_two_gpu,1,persistent,28329.763093031943,25894,32331.781128887087,,96.0,26.359375,2.1875,2.1875,2.1875,1676.033612107858,unknown,True,,True,,False,,15096.42041015625,True,uncalibrated_dynamic,False,0.0,0.0,kivi_4bit_residual64,0.0,,risk_evidence_insufficient,0.0,uncalibrated_dynamic,0.0,,,,hybrid-session-026-turn-0,2.1875,0.0,2.1875,0.0,0.0,/DATACENTER3/zhenxiang.wang/work/TailGuardKV/.worktrees/baseline-smoke-final-aggregation/out/full_25session_baseline_9_14/full/policy_attempts/full40_20260916_h2o_static_safe/seed20260906,True,point_prediction_eligible,hybrid-session-026,chat,116.22075410559773,0,risk_evidence_insufficient,20260906
kivi_4bit_residual64,13.0,0.1,False,False,online_qwen,False,8.0,/DATACENTER3/zhenxiang.wang/work/TailGuardKV/.worktrees/baseline-smoke-final-aggregation/out/full_25session_baseline_9_14/full/policy_attempts/full40_20260916_h2o_static_safe/seed20260906/config.yaml,,,,,0.05,True,,0.1,,0,False,kivi_4bit_residual64,True,,balanced_two_gpu,1,persistent,28329.763093031943,25894,32331.781128887087,,96.0,26.829345703125,2.548095703125,2.548095703125,0.469970703125,5206.610796973109,unknown,True,,True,,False,,15088.02685546875,True,uncalibrated_dynamic,False,0.0,0.0,kivi_4bit_residual64,0.0,,risk_evidence_insufficient,0.0,uncalibrated_dynamic,0.0,,,,hybrid-session-002-turn-1,2.548095703125,2.078125,2.548095703125,0.0,0.0,/DATACENTER3/zhenxiang.wang/work/TailGuardKV/.worktrees/baseline-smoke-final-aggregation/out/full_25session_baseline_9_14/full/policy_attempts/full40_20260916_h2o_static_safe/seed20260906,True,point_prediction_eligible,hybrid-session-002,chat,111.55529995448887,1,risk_evidence_insufficient,20260906
kivi_4bit_residual64,13.0,0.1,True,False,online_qwen,False,8.0,/DATACENTER3/zhenxiang.wang/work/TailGuardKV/.worktrees/baseline-smoke-final-aggregation/out/full_25session_baseline_9_14/full/policy_attempts/full40_20260916_h2o_static_safe/seed20260906/config.yaml,,,,,0.05,True,,0.1,,0,False,kivi_4bit_residual64,True,,balanced_two_gpu,1,persistent,28329.763093031943,25894,32331.781128887087,,96.0,28.251220703125,2.8984375,2.8984375,1.421875,1374.4064569473267,unknown,True,,True,,False,,15078.74658203125,True,uncalibrated_dynamic,False,0.0,0.0,kivi_4bit_residual64,0.0,,risk_evidence_insufficient,0.0,uncalibrated_dynamic,0.0,,,,hybrid-session-003-turn-1,2.8984375,1.4765625,2.8984375,0.0,0.0,/DATACENTER3/zhenxiang.wang/work/TailGuardKV/.worktrees/baseline-smoke-final-aggregation/out/full_25session_baseline_9_14/full/policy_attempts/full40_20260916_h2o_static_safe/seed20260906,True,point_prediction_eligible,hybrid-session-003,chat,105.12330988422036,1,risk_evidence_insufficient,20260906
kivi_4bit_residual64,13.0,0.1,False,False,online_qwen,False,8.0,/DATACENTER3/zhenxiang.wang/work/TailGuardKV/.worktrees/baseline-smoke-final-aggregation/out/full_25session_baseline_9_14/full/policy_attempts/full40_20260916_h2o_static_safe/seed20260906/config.yaml,,,,,0.05,True,,0.1,,0,False,kivi_4bit_residual64,True,,balanced_two_gpu,1,persistent,28329.763093031943,25894,32331.781128887087,,96.0,29.76708984375,3.265869140625,3.265869140625,1.515869140625,2045.790797099471,unknown,True,,True,,False,,15128.7724609375,True,uncalibrated_dynamic,False,0.0,0.0,kivi_4bit_residual64,0.0,,risk_evidence_insufficient,0.0,uncalibrated_dynamic,0.0,,,,hybrid-session-004-turn-1,3.265869140625,1.75,3.265869140625,0.0,0.0,/DATACENTER3/zhenxiang.wang/work/TailGuardKV/.worktrees/baseline-smoke-final-aggregation/out/full_25session_baseline_9_14/full/policy_attempts/full40_20260916_h2o_static_safe/seed20260906,True,point_prediction_eligible,hybrid-session-004,chat,196.76199206151068,1,risk_evidence_insufficient,20260906
kivi_4bit_residual64,13.0,0.1,False,False,online_qwen,False,8.0,/DATACENTER3/zhenxiang.wang/work/TailGuardKV/.worktrees/baseline-smoke-final-aggregation/out/full_25session_baseline_9_14/full/policy_attempts/full40_20260916_h2o_static_safe/seed20260906/config.yaml,,,,,0.05,True,,0.1,,0,False,kivi_4bit_residual64,True,,balanced_two_gpu,1,persistent,28329.763093031943,25894,32331.781128887087,,96.0,30.65234375,2.79931640625,2.79931640625,0.88525390625,2146.5974720194936,unknown,True,,True,,False,,15106.55908203125,True,uncalibrated_dynamic,False,0.0,0.0,kivi_4bit_residual64,0.0,,risk_evidence_insufficient,0.0,uncalibrated_dynamic,0.0,,,,hybrid-session-005-turn-1,2.79931640625,1.9140625,2.79931640625,0.0,0.0,/DATACENTER3/zhenxiang.wang/work/TailGuardKV/.worktrees/baseline-smoke-final-aggregation/out/full_25session_baseline_9_14/full/policy_attempts/full40_20260916_h2o_static_safe/seed20260906,True,point_prediction_eligible,hybrid-session-005,chat,122.44827905669808,1,risk_evidence_insufficient,20260906
kivi_4bit_residual64,13.0,0.1,False,False,online_qwen,False,8.0,/DATACENTER3/zhenxiang.wang/work/TailGuardKV/.worktrees/baseline-smoke-final-aggregation/out/full_25session_baseline_9_14/full/policy_attempts/full40_20260916_h2o_static_safe/seed20260906/config.yaml,,,,,0.05,True,,0.1,,0,False,kivi_4bit_residual64,True,,balanced_two_gpu,1,persistent,28329.763093031943,25894,32331.781128887087,,96.0,31.47265625,3.4453125,3.4453125,0.8203125,2096.7413070611656,unknown,True,,True,,False,,15114.3935546875,True,uncalibrated_dynamic,False,0.0,0.0,kivi_4bit_residual64,0.0,,risk_evidence_insufficient,0.0,uncalibrated_dynamic,0.0,,,,hybrid-session-006-turn-1,3.4453125,2.625,3.4453125,0.0,0.0,/DATACENTER3/zhenxiang.wang/work/TailGuardKV/.worktrees/baseline-smoke-final-aggregation/out/full_25session_baseline_9_14/full/policy_attempts/full40_20260916_h2o_static_safe/seed20260906,True,point_prediction_eligible,hybrid-session-006,chat,215.60065099038184,1,risk_evidence_insufficient,20260906
kivi_4bit_residual64,13.0,0.1,False,False,online_qwen,False,8.0,/DATACENTER3/zhenxiang.wang/work/TailGuardKV/.worktrees/baseline-smoke-final-aggregation/out/full_25session_baseline_9_14/full/policy_attempts/full40_20260916_h2o_static_safe/seed20260906/config.yaml,,,,,0.05,True,,0.1,,0,False,kivi_4bit_residual64,True,,balanced_two_gpu,1,persistent,28329.763093031943,25894,32331.781128887087,,96.0,33.16796875,3.390625,3.390625,1.6953125,1681.0524619650096,unknown,True,,True,,False,,15090.15771484375,True,uncalibrated_dynamic,False,0.0,0.0,kivi_4bit_residual64,0.0,,risk_evidence_insufficient,0.0,uncalibrated_dynamic,0.0,,,,hybrid-session-009-turn-1,3.390625,1.6953125,3.390625,0.0,0.0,/DATACENTER3/zhenxiang.wang/work/TailGuardKV/.worktrees/baseline-smoke-final-aggregation/out/full_25session_baseline_9_14/full/policy_attempts/full40_20260916_h2o_static_safe/seed20260906,True,point_prediction_eligible,hybrid-session-009,chat,114.09860500134528,1,risk_evidence_insufficient,20260906
kivi_4bit_residual64,13.0,0.1,False,False,online_qwen,False,8.0,/DATACENTER3/zhenxiang.wang/work/TailGuardKV/.worktrees/baseline-smoke-final-aggregation/out/full_25session_baseline_9_14/full/policy_attempts/full40_20260916_h2o_static_safe/seed20260906/config.yaml,,,,,0.05,True,,0.1,,0,False,kivi_4bit_residual64,True,,balanced_two_gpu,1,persistent,28329.763093031943,25894,32331.781128887087,,96.0,34.80859375,3.171875,3.171875,1.640625,1592.3501199577004,unknown,True,,True,,False,,15090.34130859375,True,uncalibrated_dynamic,False,0.0,0.0,kivi_4bit_residual64,0.0,,risk_evidence_insufficient,0.0,uncalibrated_dynamic,0.0,,,,hybrid-session-010-turn-1,3.171875,1.53125,3.171875,0.0,0.0,/DATACENTER3/zhenxiang.wang/work/TailGuardKV/.worktrees/baseline-smoke-final-aggregation/out/full_25session_baseline_9_14/full/policy_attempts/full40_20260916_h2o_static_safe/seed20260906,True,point_prediction_eligible,hybrid-session-010,chat,106.49324604310095,1,risk_evidence_insufficient,20260906
kivi_4bit_residual64,13.0,0.1,False,False,online_qwen,False,8.0,/DATACENTER3/zhenxiang.wang/work/TailGuardKV/.worktrees/baseline-smoke-final-aggregation/out/full_25session_baseline_9_14/full/policy_attempts/full40_20260916_h2o_static_safe/seed20260906/config.yaml,,,,,0.05,True,,0.1,,0,False,kivi_4bit_residual64,True,,balanced_two_gpu,1,persistent,28329.763093031943,25894,32331.781128887087,,96.0,36.23046875,3.2265625,3.2265625,1.421875,1711.107047041878,unknown,True,,True,,False,,15086.74462890625,True,uncalibrated_dynamic,False,0.0,0.0,kivi_4bit_residual64,0.0,,risk_evidence_insufficient,0.0,uncalibrated_dynamic,0.0,,,,hybrid-session-013-turn-1,3.2265625,1.8046875,3.2265625,0.0,0.0,/DATACENTER3/zhenxiang.wang/work/TailGuardKV/.worktrees/baseline-smoke-final-aggregation/out/full_25session_baseline_9_14/full/policy_attempts/full40_20260916_h2o_static_safe/seed20260906,True,point_prediction_eligible,hybrid-session-013,chat,114.75423397496343,1,risk_evidence_insufficient,20260906
kivi_4bit_residual64,13.0,0.1,False,False,online_qwen,False,8.0,/DATACENTER3/zhenxiang.wang/work/TailGuardKV/.worktrees/baseline-smoke-final-aggregation/out/full_25session_baseline_9_14/full/policy_attempts/full40_20260916_h2o_static_safe/seed20260906/config.yaml,,,,,0.05,True,,0.1,,0,False,kivi_4bit_residual64,True,,balanced_two_gpu,1,persistent,28329.763093031943,25894,32331.781128887087,,96.0,36.297119140625,2.691650390625,2.691650390625,0.066650390625,2017.9467538837343,unknown,True,,True,,False,,15089.38818359375,True,uncalibrated_dynamic,False,0.0,0.0,kivi_4bit_residual64,0.0,,risk_evidence_insufficient,0.0,uncalibrated_dynamic,0.0,,,,hybrid-session-016-turn-1,2.691650390625,2.625,2.691650390625,0.0,0.0,/DATACENTER3/zhenxiang.wang/work/TailGuardKV/.worktrees/baseline-smoke-final-aggregation/out/full_25session_baseline_9_14/full/policy_attempts/full40_20260916_h2o_static_safe/seed20260906,True,point_prediction_eligible,hybrid-session-016,chat,114.14702888578176,1,risk_evidence_insufficient,20260906
kivi_4bit_residual64,13.0,0.1,False,False,online_qwen,False,8.0,/DATACENTER3/zhenxiang.wang/work/TailGuardKV/.worktrees/baseline-smoke-final-aggregation/out/full_25session_baseline_9_14/full/policy_attempts/full40_20260916_h2o_static_safe/seed20260906/config.yaml,,,,,0.05,True,,0.1,,0,False,kivi_4bit_residual64,True,,balanced_two_gpu,1,persistent,28329.763093031943,25894,32331.781128887087,,96.0,36.690185546875,2.79931640625,2.79931640625,0.39306640625,2462.967743864283,unknown,True,,True,,False,,15100.35595703125,True,uncalibrated_dynamic,False,0.0,0.0,kivi_4bit_residual64,0.0,,risk_evidence_insufficient,0.0,uncalibrated_dynamic,0.0,,,,hybrid-session-020-turn-1,2.79931640625,2.40625,2.79931640625,0.0,0.0,/DATACENTER3/zhenxiang.wang/work/TailGuardKV/.worktrees/baseline-smoke-final-aggregation/out/full_25session_baseline_9_14/full/policy_attempts/full40_20260916_h2o_static_safe/seed20260906,True,point_prediction_eligible,hybrid-session-020,chat,125.77807693742216,1,risk_evidence_insufficient,20260906
kivi_4bit_residual64,13.0,0.1,False,False,online_qwen,False,8.0,/DATACENTER3/zhenxiang.wang/work/TailGuardKV/.worktrees/baseline-smoke-final-aggregation/out/full_25session_baseline_9_14/full/policy_attempts/full40_20260916_h2o_static_safe/seed20260906/config.yaml,,,,,0.05,True,,0.1,,0,False,kivi_4bit_residual64,True,,balanced_two_gpu,1,persistent,28329.763093031943,25894,32331.781128887087,,96.0,37.3720703125,2.978759765625,2.978759765625,0.681884765625,2599.8549859505147,unknown,True,,True,,False,,15109.2490234375,True,uncalibrated_dynamic,False,0.0,0.0,kivi_4bit_residual64,0.0,,risk_evidence_insufficient,0.0,uncalibrated_dynamic,0.0,,,,hybrid-session-021-turn-1,2.978759765625,2.296875,2.978759765625,0.0,0.0,/DATACENTER3/zhenxiang.wang/work/TailGuardKV/.worktrees/baseline-smoke-final-aggregation/out/full_25session_baseline_9_14/full/policy_attempts/full40_20260916_h2o_static_safe/seed20260906,True,point_prediction_eligible,hybrid-session-021,chat,197.261513909325,1,risk_evidence_insufficient,20260906
kivi_4bit_residual64,13.0,0.1,False,False,online_qwen,False,8.0,/DATACENTER3/zhenxiang.wang/work/TailGuardKV/.worktrees/baseline-smoke-final-aggregation/out/full_25session_baseline_9_14/full/policy_attempts/full40_20260916_h2o_static_safe/seed20260906/config.yaml,,,,,0.05,True,,0.1,,0,False,kivi_4bit_residual64,True,,balanced_two_gpu,1,persistent,28329.763093031943,25894,32331.781128887087,,96.0,38.6845703125,3.28125,3.28125,1.3125,1584.414801094681,unknown,True,,True,,False,,15085.52294921875,True,uncalibrated_dynamic,False,0.005128205128205128,0.005128205128205128,kivi_4bit_residual64,0.005128205128205128,,risk_evidence_insufficient,0.0,uncalibrated_dynamic,0.0,,,,hybrid-session-025-turn-1,3.28125,1.96875,3.28125,0.0,0.005128205128205128,/DATACENTER3/zhenxiang.wang/work/TailGuardKV/.worktrees/baseline-smoke-final-aggregation/out/full_25session_baseline_9_14/full/policy_attempts/full40_20260916_h2o_static_safe/seed20260906,True,point_prediction_eligible,hybrid-session-025,chat,113.20300912484527,1,risk_evidence_insufficient,20260906
kivi_4bit_residual64,13.0,0.1,False,False,online_qwen,False,8.0,/DATACENTER3/zhenxiang.wang/work/TailGuardKV/.worktrees/baseline-smoke-final-aggregation/out/full_25session_baseline_9_14/full/policy_attempts/full40_20260916_h2o_static_safe/seed20260906/config.yaml,,,,,0.05,True,,0.1,,0,False,kivi_4bit_residual64,True,,balanced_two_gpu,1,persistent,28329.763093031943,25894,32331.781128887087,,96.0,39.547607421875,3.050537109375,3.050537109375,0.863037109375,2576.6389679629356,unknown,True,,True,,False,,15117.2783203125,True,uncalibrated_dynamic,False,0.0,0.0,kivi_4bit_residual64,0.0,,risk_evidence_insufficient,0.0,uncalibrated_dynamic,0.0,,,,hybrid-session-026-turn-1,3.050537109375,2.1875,3.050537109375,0.0,0.0,/DATACENTER3/zhenxiang.wang/work/TailGuardKV/.worktrees/baseline-smoke-final-aggregation/out/full_25session_baseline_9_14/full/policy_attempts/full40_20260916_h2o_static_safe/seed20260906,True,point_prediction_eligible,hybrid-session-026,chat,184.95000689290464,1,risk_evidence_insufficient,20260906
kivi_4bit_residual64,13.0,0.1,True,False,online_qwen,False,8.0,/DATACENTER3/zhenxiang.wang/work/TailGuardKV/.worktrees/baseline-smoke-final-aggregation/out/full_25session_baseline_9_14/full/policy_attempts/full40_20260916_h2o_static_safe/seed20260906/config.yaml,,,,,0.05,True,,0.1,,0,False,kivi_4bit_residual64,True,,balanced_two_gpu,1,persistent,28329.763093031943,25894,32331.781128887087,,96.0,41.591552734375,4.592041015625,4.592041015625,2.0439453125,2468.7476619146764,unknown,True,,True,,False,,15237.5693359375,True,uncalibrated_dynamic,False,0.0,0.0,kivi_4bit_residual64,0.0,,risk_evidence_insufficient,0.0,uncalibrated_dynamic,0.0,,,,hybrid-session-002-turn-2,4.592041015625,2.548095703125,4.592041015625,0.0,0.0,/DATACENTER3/zhenxiang.wang/work/TailGuardKV/.worktrees/baseline-smoke-final-aggregation/out/full_25session_baseline_9_14/full/policy_attempts/full40_20260916_h2o_static_safe/seed20260906,True,point_prediction_eligible,hybrid-session-002,qa,247.4052079487592,2,risk_evidence_insufficient,20260906
kivi_4bit_residual64,13.0,0.1,False,False,online_qwen,False,8.0,/DATACENTER3/zhenxiang.wang/work/TailGuardKV/.worktrees/baseline-smoke-final-aggregation/out/full_25session_baseline_9_14/full/policy_attempts/full40_20260916_h2o_static_safe/seed20260906/config.yaml,,,,,0.05,True,,0.1,,0,False,kivi_4bit_residual64,True,,balanced_two_gpu,1,persistent,28329.763093031943,25894,32331.781128887087,,96.0,43.84228515625,5.149169921875,5.149169921875,2.250732421875,2595.5343530513346,unknown,True,,True,,False,,15238.6494140625,True,uncalibrated_dynamic,False,0.0,0.0,kivi_4bit_residual64,0.0,,risk_evidence_insufficient,0.0,uncalibrated_dynamic,0.0,,,,hybrid-session-003-turn-2,5.149169921875,2.8984375,5.149169921875,0.0,0.0,/DATACENTER3/zhenxiang.wang/work/TailGuardKV/.worktrees/baseline-smoke-final-aggregation/out/full_25session_baseline_9_14/full/policy_attempts/full40_20260916_h2o_static_safe/seed20260906,True,point_prediction_eligible,hybrid-session-003,summary,212.2679071035236,2,risk_evidence_insufficient,20260906
kivi_4bit_residual64,13.0,0.1,False,False,online_qwen,False,1.0,/DATACENTER3/zhenxiang.wang/work/TailGuardKV/.worktrees/baseline-smoke-final-aggregation/out/full_25session_baseline_9_14/full/policy_attempts/full40_20260916_h2o_static_safe/seed20260906/config.yaml,,,,,0.05,True,,0.1,,0,False,kivi_4bit_residual64,True,,balanced_two_gpu,1,persistent,28329.763093031943,25894,32331.781128887087,,96.0,45.347900390625,4.771484375,4.771484375,1.505615234375,2516.090593067929,unknown,True,,True,,False,,15217.580078125,True,uncalibrated_dynamic,False,0.03418803418803419,0.03418803418803419,kivi_4bit_residual64,0.03418803418803419,,risk_evidence_insufficient,0.0,uncalibrated_dynamic,0.0,,,,hybrid-session-004-turn-2,4.771484375,3.265869140625,4.771484375,0.0,0.3418803418803419,/DATACENTER3/zhenxiang.wang/work/TailGuardKV/.worktrees/baseline-smoke-final-aggregation/out/full_25session_baseline_9_14/full/policy_attempts/full40_20260916_h2o_static_safe/seed20260906,False,point_prediction_eligible,hybrid-session-004,qa,224.5541070587933,2,risk_evidence_insufficient,20260906
kivi_4bit_residual64,13.0,0.1,False,False,online_qwen,False,8.0,/DATACENTER3/zhenxiang.wang/work/TailGuardKV/.worktrees/baseline-smoke-final-aggregation/out/full_25session_baseline_9_14/full/policy_attempts/full40_20260916_h2o_static_safe/seed20260906/config.yaml,,,,,0.05,True,,0.1,,0,False,kivi_4bit_residual64,True,,balanced_two_gpu,1,persistent,28329.763093031943,25894,32331.781128887087,,96.0,47.06884765625,4.520263671875,4.520263671875,1.720947265625,2474.4763472117484,unknown,True,,True,,False,,15228.064453125,True,uncalibrated_dynamic,False,0.0,0.0,kivi_4bit_residual64,0.0,,risk_evidence_insufficient,0.0,uncalibrated_dynamic,0.0,,,,hybrid-session-005-turn-2,4.520263671875,2.79931640625,4.520263671875,0.0,0.0,/DATACENTER3/zhenxiang.wang/work/TailGuardKV/.worktrees/baseline-smoke-final-aggregation/out/full_25session_baseline_9_14/full/policy_attempts/full40_20260916_h2o_static_safe/seed20260906,True,point_prediction_eligible,hybrid-session-005,summary,235.117084113881,2,risk_evidence_insufficient,20260906
kivi_4bit_residual64,13.0,0.1,False,False,online_qwen,False,1.0,/DATACENTER3/zhenxiang.wang/work/TailGuardKV/.worktrees/baseline-smoke-final-aggregation/out/full_25session_baseline_9_14/full/policy_attempts/full40_20260916_h2o_static_safe/seed20260906/config.yaml,,,,,0.05,True,,0.1,,0,False,kivi_4bit_residual64,True,,balanced_two_gpu,1,persistent,28329.763093031943,25894,32331.781128887087,,96.0,49.68701171875,6.0634765625,6.0634765625,2.6181640625,2643.1103721261024,unknown,True,,True,,False,,15265.92138671875,True,uncalibrated_dynamic,False,0.03418803418803419,0.03418803418803419,kivi_4bit_residual64,0.03418803418803419,,risk_evidence_insufficient,0.0,uncalibrated_dynamic,0.0,,,,hybrid-session-006-turn-2,6.0634765625,3.4453125,6.0634765625,0.0,0.3418803418803419,/DATACENTER3/zhenxiang.wang/work/TailGuardKV/.worktrees/baseline-smoke-final-aggregation/out/full_25session_baseline_9_14/full/policy_attempts/full40_20260916_h2o_static_safe/seed20260906,False,point_prediction_eligible,hybrid-session-006,qa,238.2295741699636,2,risk_evidence_insufficient,20260906
kivi_4bit_residual64,13.0,0.1,False,False,online_qwen,False,8.0,/DATACENTER3/zhenxiang.wang/work/TailGuardKV/.worktrees/baseline-smoke-final-aggregation/out/full_25session_baseline_9_14/full/policy_attempts/full40_20260916_h2o_static_safe/seed20260906/config.yaml,,,,,0.05,True,,0.1,,0,False,kivi_4bit_residual64,True,,balanced_two_gpu,1,persistent,28329.763093031943,25894,32331.781128887087,,96.0,51.302001953125,5.005615234375,5.005615234375,1.614990234375,2627.3157289251685,unknown,True,,True,,False,,15225.28515625,True,uncalibrated_dynamic,False,0.0,0.0,kivi_4bit_residual64,0.0,,risk_evidence_insufficient,0.0,uncalibrated_dynamic,0.0,,,,hybrid-session-009-turn-2,5.005615234375,3.390625,5.005615234375,0.0,0.0,/DATACENTER3/zhenxiang.wang/work/TailGuardKV/.worktrees/baseline-smoke-final-aggregation/out/full_25session_baseline_9_14/full/policy_attempts/full40_20260916_h2o_static_safe/seed20260906,True,point_prediction_eligible,hybrid-session-009,summary,204.52829892747104,2,risk_evidence_insufficient,20260906
kivi_4bit_residual64,13.0,0.1,False,False,online_qwen,False,8.0,/DATACENTER3/zhenxiang.wang/work/TailGuardKV/.worktrees/baseline-smoke-final-aggregation/out/full_25session_baseline_9_14/full/policy_attempts/full40_20260916_h2o_static_safe/seed20260906/config.yaml,,,,,0.05,True,,0.1,,0,False,kivi_4bit_residual64,True,,balanced_two_gpu,1,persistent,28329.763093031943,25894,32331.781128887087,,96.0,53.56640625,5.436279296875,5.436279296875,2.264404296875,2638.4204539936036,unknown,True,,True,,False,,15250.880859375,True,uncalibrated_dynamic,False,0.0,0.0,kivi_4bit_residual64,0.0,,risk_evidence_insufficient,0.0,uncalibrated_dynamic,0.0,,,,hybrid-session-010-turn-2,5.436279296875,3.171875,5.436279296875,0.0,0.0,/DATACENTER3/zhenxiang.wang/work/TailGuardKV/.worktrees/baseline-smoke-final-aggregation/out/full_25session_baseline_9_14/full/policy_attempts/full40_20260916_h2o_static_safe/seed20260906,True,point_prediction_eligible,hybrid-session-010,qa,210.1555080153048,2,risk_evidence_insufficient,20260906
kivi_4bit_residual64,13.0,0.1,True,False,online_qwen,False,8.0,/DATACENTER3/zhenxiang.wang/work/TailGuardKV/.worktrees/baseline-smoke-final-aggregation/out/full_25session_baseline_9_14/full/policy_attempts/full40_20260916_h2o_static_safe/seed20260906/config.yaml,,,,,0.05,True,,0.1,,0,False,kivi_4bit_residual64,True,,balanced_two_gpu,1,persistent,28329.763093031943,25894,32331.781128887087,,96.0,55.52490234375,5.18505859375,5.18505859375,1.95849609375,2418.0749740917236,unknown,True,,True,,False,,15241.21484375,True,uncalibrated_dynamic,False,0.0,0.0,kivi_4bit_residual64,0.0,,risk_evidence_insufficient,0.0,uncalibrated_dynamic,0.0,,,,hybrid-session-013-turn-2,5.18505859375,3.2265625,5.18505859375,0.0,0.0,/DATACENTER3/zhenxiang.wang/work/TailGuardKV/.worktrees/baseline-smoke-final-aggregation/out/full_25session_baseline_9_14/full/policy_attempts/full40_20260916_h2o_static_safe/seed20260906,True,point_prediction_eligible,hybrid-session-013,summary,209.24246800132096,2,risk_evidence_insufficient,20260906
kivi_4bit_residual64,13.0,0.1,False,False,online_qwen,False,8.0,/DATACENTER3/zhenxiang.wang/work/TailGuardKV/.worktrees/baseline-smoke-final-aggregation/out/full_25session_baseline_9_14/full/policy_attempts/full40_20260916_h2o_static_safe/seed20260906/config.yaml,,,,,0.05,True,,0.1,,0,False,kivi_4bit_residual64,True,,balanced_two_gpu,1,persistent,28329.763093031943,25894,32331.781128887087,,96.0,57.389404296875,4.55615234375,4.55615234375,1.864501953125,2648.5970618668944,unknown,True,,True,,False,,15244.291015625,True,uncalibrated_dynamic,False,0.0,0.0,kivi_4bit_residual64,0.0,,risk_evidence_insufficient,0.0,uncalibrated_dynamic,0.0,,,,hybrid-session-016-turn-2,4.55615234375,2.691650390625,4.55615234375,0.0,0.0,/DATACENTER3/zhenxiang.wang/work/TailGuardKV/.worktrees/baseline-smoke-final-aggregation/out/full_25session_baseline_9_14/full/policy_attempts/full40_20260916_h2o_static_safe/seed20260906,True,point_prediction_eligible,hybrid-session-016,qa,245.5532648600638,2,risk_evidence_insufficient,20260906
kivi_4bit_residual64,13.0,0.1,True,False,online_qwen,False,1.0,/DATACENTER3/zhenxiang.wang/work/TailGuardKV/.worktrees/baseline-smoke-final-aggregation/out/full_25session_baseline_9_14/full/policy_attempts/full40_20260916_h2o_static_safe/seed20260906/config.yaml,,,,,0.05,True,,0.1,,0,False,kivi_4bit_residual64,True,,balanced_two_gpu,1,persistent,28329.763093031943,25894,32331.781128887087,,96.0,59.18212890625,4.592041015625,4.592041015625,1.792724609375,2542.0503260102123,unknown,True,,True,,False,,15243.1875,True,uncalibrated_dynamic,False,0.03418803418803419,0.03418803418803419,kivi_4bit_residual64,0.03418803418803419,,risk_evidence_insufficient,0.0,uncalibrated_dynamic,0.0,,,,hybrid-session-020-turn-2,4.592041015625,2.79931640625,4.592041015625,0.0,0.3418803418803419,/DATACENTER3/zhenxiang.wang/work/TailGuardKV/.worktrees/baseline-smoke-final-aggregation/out/full_25session_baseline_9_14/full/policy_attempts/full40_20260916_h2o_static_safe/seed20260906,False,point_prediction_eligible,hybrid-session-020,qa,239.4474670290947,2,risk_evidence_insufficient,20260906
kivi_4bit_residual64,13.0,0.1,False,False,online_qwen,False,8.0,/DATACENTER3/zhenxiang.wang/work/TailGuardKV/.worktrees/baseline-smoke-final-aggregation/out/full_25session_baseline_9_14/full/policy_attempts/full40_20260916_h2o_static_safe/seed20260906/config.yaml,,,,,0.05,True,,0.1,,0,False,kivi_4bit_residual64,True,,balanced_two_gpu,1,persistent,28329.763093031943,25894,32331.781128887087,,96.0,61.154296875,4.950927734375,4.950927734375,1.97216796875,2196.359772933647,unknown,True,,True,,False,,15253.3935546875,True,uncalibrated_dynamic,False,0.0,0.0,kivi_4bit_residual64,0.0,,risk_evidence_insufficient,0.0,uncalibrated_dynamic,0.0,,,,hybrid-session-021-turn-2,4.950927734375,2.978759765625,4.950927734375,0.0,0.0,/DATACENTER3/zhenxiang.wang/work/TailGuardKV/.worktrees/baseline-smoke-final-aggregation/out/full_25session_baseline_9_14/full/policy_attempts/full40_20260916_h2o_static_safe/seed20260906,True,point_prediction_eligible,hybrid-session-021,summary,235.82239891402423,2,risk_evidence_insufficient,20260906
kivi_4bit_residual64,13.0,0.1,False,False,online_qwen,False,8.0,/DATACENTER3/zhenxiang.wang/work/TailGuardKV/.worktrees/baseline-smoke-final-aggregation/out/full_25session_baseline_9_14/full/policy_attempts/full40_20260916_h2o_static_safe/seed20260906/config.yaml,,,,,0.05,True,,0.1,,0,False,kivi_4bit_residual64,True,,balanced_two_gpu,1,persistent,28329.763093031943,25894,32331.781128887087,,96.0,63.165771484375,5.292724609375,5.292724609375,2.011474609375,2622.6244419813156,unknown,True,,True,,False,,15251.8046875,True,uncalibrated_dynamic,False,0.0,0.0,kivi_4bit_residual64,0.0,,risk_evidence_insufficient,0.0,uncalibrated_dynamic,0.0,,,,hybrid-session-025-turn-2,5.292724609375,3.28125,5.292724609375,0.0,0.0,/DATACENTER3/zhenxiang.wang/work/TailGuardKV/.worktrees/baseline-smoke-final-aggregation/out/full_25session_baseline_9_14/full/policy_attempts/full40_20260916_h2o_static_safe/seed20260906,True,point_prediction_eligible,hybrid-session-025,summary,203.43595393933356,2,risk_evidence_insufficient,20260906
kivi_4bit_residual64,13.0,0.1,False,False,online_qwen,False,1.0,/DATACENTER3/zhenxiang.wang/work/TailGuardKV/.worktrees/baseline-smoke-final-aggregation/out/full_25session_baseline_9_14/full/policy_attempts/full40_20260916_h2o_static_safe/seed20260906/config.yaml,,,,,0.05,True,,0.1,,0,False,kivi_4bit_residual64,True,,balanced_two_gpu,1,persistent,28329.763093031943,25894,32331.781128887087,,96.0,65.209716796875,5.094482421875,5.094482421875,2.0439453125,2710.428677033633,unknown,True,,True,,False,,15260.15673828125,True,uncalibrated_dynamic,False,0.03418803418803419,0.03418803418803419,kivi_4bit_residual64,0.03418803418803419,,risk_evidence_insufficient,0.0,uncalibrated_dynamic,0.0,,,,hybrid-session-026-turn-2,5.094482421875,3.050537109375,5.094482421875,0.0,0.3418803418803419,/DATACENTER3/zhenxiang.wang/work/TailGuardKV/.worktrees/baseline-smoke-final-aggregation/out/full_25session_baseline_9_14/full/policy_attempts/full40_20260916_h2o_static_safe/seed20260906,False,point_prediction_eligible,hybrid-session-026,qa,238.76679688692093,2,risk_evidence_insufficient,20260906
kivi_4bit_residual64,13.0,0.1,False,False,online_qwen,False,8.0,/DATACENTER3/zhenxiang.wang/work/TailGuardKV/.worktrees/baseline-smoke-final-aggregation/out/full_25session_baseline_9_14/full/policy_attempts/full40_20260916_h2o_static_safe/seed20260906/config.yaml,,,,,0.05,True,,0.1,,0,False,kivi_4bit_residual64,True,,balanced_two_gpu,1,persistent,28329.763093031943,25894,32331.781128887087,,96.0,66.82470703125,6.20703125,6.20703125,1.614990234375,2579.7290010377765,unknown,True,,True,,False,,15144.7421875,True,uncalibrated_dynamic,False,0.0,0.0,kivi_4bit_residual64,0.0,,risk_evidence_insufficient,0.0,uncalibrated_dynamic,0.0,,,,hybrid-session-002-turn-3,6.20703125,4.592041015625,6.20703125,0.0,0.0,/DATACENTER3/zhenxiang.wang/work/TailGuardKV/.worktrees/baseline-smoke-final-aggregation/out/full_25session_baseline_9_14/full/policy_attempts/full40_20260916_h2o_static_safe/seed20260906,True,point_prediction_eligible,hybrid-session-002,qa,190.58828614652157,3,risk_evidence_insufficient,20260906
kivi_4bit_residual64,13.0,0.1,False,False,online_qwen,False,8.0,/DATACENTER3/zhenxiang.wang/work/TailGuardKV/.worktrees/baseline-smoke-final-aggregation/out/full_25session_baseline_9_14/full/policy_attempts/full40_20260916_h2o_static_safe/seed20260906/config.yaml,,,,,0.05,True,,0.1,,0,False,kivi_4bit_residual64,True,,balanced_two_gpu,1,persistent,28329.763093031943,25894,32331.781128887087,,96.0,67.20068359375,5.525146484375,5.525146484375,0.3759765625,2691.227997886017,unknown,True,,True,,False,,15143.60546875,True,uncalibrated_dynamic,False,0.0,0.0,kivi_4bit_residual64,0.0,,risk_evidence_insufficient,0.0,uncalibrated_dynamic,0.0,,,,hybrid-session-003-turn-3,5.525146484375,5.149169921875,5.525146484375,0.0,0.0,/DATACENTER3/zhenxiang.wang/work/TailGuardKV/.worktrees/baseline-smoke-final-aggregation/out/full_25session_baseline_9_14/full/policy_attempts/full40_20260916_h2o_static_safe/seed20260906,True,point_prediction_eligible,hybrid-session-003,summary,224.84608786180615,3,risk_evidence_insufficient,20260906
kivi_4bit_residual64,13.0,0.1,False,False,online_qwen,False,1.0,/DATACENTER3/zhenxiang.wang/work/TailGuardKV/.worktrees/baseline-smoke-final-aggregation/out/full_25session_baseline_9_14/full/policy_attempts/full40_20260916_h2o_static_safe/seed20260906/config.yaml,,,,,0.05,True,,0.1,,0,False,kivi_4bit_residual64,True,,balanced_two_gpu,1,persistent,28329.763093031943,25894,32331.781128887087,,96.0,68.815673828125,6.386474609375,6.386474609375,1.614990234375,2629.135858034715,unknown,True,,True,,False,,15146.689453125,True,uncalibrated_dynamic,False,0.03418803418803419,0.03418803418803419,kivi_4bit_residual64,0.03418803418803419,,risk_evidence_insufficient,0.0,uncalibrated_dynamic,0.0,,,,hybrid-session-004-turn-3,6.386474609375,4.771484375,6.386474609375,0.0,0.3418803418803419,/DATACENTER3/zhenxiang.wang/work/TailGuardKV/.worktrees/baseline-smoke-final-aggregation/out/full_25session_baseline_9_14/full/policy_attempts/full40_20260916_h2o_static_safe/seed20260906,False,point_prediction_eligible,hybrid-session-004,qa,182.47904791496694,3,risk_evidence_insufficient,20260906
kivi_4bit_residual64,13.0,0.1,False,False,online_qwen,False,8.0,/DATACENTER3/zhenxiang.wang/work/TailGuardKV/.worktrees/baseline-smoke-final-aggregation/out/full_25session_baseline_9_14/full/policy_attempts/full40_20260916_h2o_static_safe/seed20260906/config.yaml,,,,,0.05,True,,0.1,,0,False,kivi_4bit_residual64,True,,balanced_two_gpu,1,persistent,28329.763093031943,25894,32331.781128887087,,96.0,70.394775390625,6.099365234375,6.099365234375,1.5791015625,2217.7622399758548,unknown,True,,True,,False,,15146.791015625,True,uncalibrated_dynamic,False,0.0,0.0,kivi_4bit_residual64,0.0,,risk_evidence_insufficient,0.0,uncalibrated_dynamic,0.0,,,,hybrid-session-005-turn-3,6.099365234375,4.520263671875,6.099365234375,0.0,0.0,/DATACENTER3/zhenxiang.wang/work/TailGuardKV/.worktrees/baseline-smoke-final-aggregation/out/full_25session_baseline_9_14/full/policy_attempts/full40_20260916_h2o_static_safe/seed20260906,True,point_prediction_eligible,hybrid-session-005,summary,175.64980499446392,3,risk_evidence_insufficient,20260906
kivi_4bit_residual64,13.0,0.1,False,False,online_qwen,False,8.0,/DATACENTER3/zhenxiang.wang/work/TailGuardKV/.worktrees/baseline-smoke-final-aggregation/out/full_25session_baseline_9_14/full/policy_attempts/full40_20260916_h2o_static_safe/seed20260906/config.yaml,,,,,0.05,True,,0.1,,0,False,kivi_4bit_residual64,True,,balanced_two_gpu,1,persistent,28329.763093031943,25894,32331.781128887087,,96.0,70.806640625,6.475341796875,6.475341796875,0.411865234375,2395.1496419031173,unknown,True,,True,,False,,15148.673828125,True,uncalibrated_dynamic,False,0.0,0.0,kivi_4bit_residual64,0.0,,risk_evidence_insufficient,0.0,uncalibrated_dynamic,0.0,,,,hybrid-session-006-turn-3,6.475341796875,6.0634765625,6.475341796875,0.0,0.0,/DATACENTER3/zhenxiang.wang/work/TailGuardKV/.worktrees/baseline-smoke-final-aggregation/out/full_25session_baseline_9_14/full/policy_attempts/full40_20260916_h2o_static_safe/seed20260906,True,point_prediction_eligible,hybrid-session-006,qa,216.69961791485548,3,risk_evidence_insufficient,20260906
kivi_4bit_residual64,13.0,0.1,False,False,online_qwen,False,8.0,/DATACENTER3/zhenxiang.wang/work/TailGuardKV/.worktrees/baseline-smoke-final-aggregation/out/full_25session_baseline_9_14/full/policy_attempts/full40_20260916_h2o_static_safe/seed20260906/config.yaml,,,,,0.05,True,,0.1,,0,False,kivi_4bit_residual64,True,,balanced_two_gpu,1,persistent,28329.763093031943,25894,32331.781128887087,,96.0,71.1826171875,5.381591796875,5.381591796875,0.3759765625,2228.0536459293216,unknown,True,,True,,False,,15147.59765625,True,uncalibrated_dynamic,False,0.0,0.0,kivi_4bit_residual64,0.0,,risk_evidence_insufficient,0.0,uncalibrated_dynamic,0.0,,,,hybrid-session-009-turn-3,5.381591796875,5.005615234375,5.381591796875,0.0,0.0,/DATACENTER3/zhenxiang.wang/work/TailGuardKV/.worktrees/baseline-smoke-final-aggregation/out/full_25session_baseline_9_14/full/policy_attempts/full40_20260916_h2o_static_safe/seed20260906,True,point_prediction_eligible,hybrid-session-009,summary,208.73146783560514,3,risk_evidence_insufficient,20260906
kivi_4bit_residual64,13.0,0.1,False,False,online_qwen,False,8.0,/DATACENTER3/zhenxiang.wang/work/TailGuardKV/.worktrees/baseline-smoke-final-aggregation/out/full_25session_baseline_9_14/full/policy_attempts/full40_20260916_h2o_static_safe/seed20260906/config.yaml,,,,,0.05,True,,0.1,,0,False,kivi_4bit_residual64,True,,balanced_two_gpu,1,persistent,28329.763093031943,25894,32331.781128887087,,96.0,71.594482421875,5.84814453125,5.84814453125,0.411865234375,2052.3990849033,unknown,True,,True,,False,,15149.47265625,True,uncalibrated_dynamic,False,0.0,0.0,kivi_4bit_residual64,0.0,,risk_evidence_insufficient,0.0,uncalibrated_dynamic,0.0,,,,hybrid-session-010-turn-3,5.84814453125,5.436279296875,5.84814453125,0.0,0.0,/DATACENTER3/zhenxiang.wang/work/TailGuardKV/.worktrees/baseline-smoke-final-aggregation/out/full_25session_baseline_9_14/full/policy_attempts/full40_20260916_h2o_static_safe/seed20260906,True,point_prediction_eligible,hybrid-session-010,qa,173.3392069581896,3,risk_evidence_insufficient,20260906
kivi_4bit_residual64,13.0,0.1,False,False,online_qwen,False,8.0,/DATACENTER3/zhenxiang.wang/work/TailGuardKV/.worktrees/baseline-smoke-final-aggregation/out/full_25session_baseline_9_14/full/policy_attempts/full40_20260916_h2o_static_safe/seed20260906/config.yaml,,,,,0.05,True,,0.1,,0,False,kivi_4bit_residual64,True,,balanced_two_gpu,1,persistent,28329.763093031943,25894,32331.781128887087,,96.0,71.970458984375,5.56103515625,5.56103515625,0.3759765625,2511.9962198659778,unknown,True,,True,,False,,15148.37109375,True,uncalibrated_dynamic,False,0.0,0.0,kivi_4bit_residual64,0.0,,risk_evidence_insufficient,0.0,uncalibrated_dynamic,0.0,,,,hybrid-session-013-turn-3,5.56103515625,5.18505859375,5.56103515625,0.0,0.0,/DATACENTER3/zhenxiang.wang/work/TailGuardKV/.worktrees/baseline-smoke-final-aggregation/out/full_25session_baseline_9_14/full/policy_attempts/full40_20260916_h2o_static_safe/seed20260906,True,point_prediction_eligible,hybrid-session-013,summary,214.4823509734124,3,risk_evidence_insufficient,20260906
kivi_4bit_residual64,13.0,0.1,False,False,online_qwen,False,8.0,/DATACENTER3/zhenxiang.wang/work/TailGuardKV/.worktrees/baseline-smoke-final-aggregation/out/full_25session_baseline_9_14/full/policy_attempts/full40_20260916_h2o_static_safe/seed20260906/config.yaml,,,,,0.05,True,,0.1,,0,False,kivi_4bit_residual64,True,,balanced_two_gpu,1,persistent,28329.763093031943,25894,32331.781128887087,,96.0,73.58544921875,6.171142578125,6.171142578125,1.614990234375,2379.1898090858012,unknown,True,,True,,False,,15151.431640625,True,uncalibrated_dynamic,False,0.0,0.0,kivi_4bit_residual64,0.0,,risk_evidence_insufficient,0.0,uncalibrated_dynamic,0.0,,,,hybrid-session-016-turn-3,6.171142578125,4.55615234375,6.171142578125,0.0,0.0,/DATACENTER3/zhenxiang.wang/work/TailGuardKV/.worktrees/baseline-smoke-final-aggregation/out/full_25session_baseline_9_14/full/policy_attempts/full40_20260916_h2o_static_safe/seed20260906,True,point_prediction_eligible,hybrid-session-016,qa,184.15399105288088,3,risk_evidence_insufficient,20260906
kivi_4bit_residual64,13.0,0.1,False,False,online_qwen,False,8.0,/DATACENTER3/zhenxiang.wang/work/TailGuardKV/.worktrees/baseline-smoke-final-aggregation/out/full_25session_baseline_9_14/full/policy_attempts/full40_20260916_h2o_static_safe/seed20260906/config.yaml,,,,,0.05,True,,0.1,,0,False,kivi_4bit_residual64,True,,balanced_two_gpu,1,persistent,28329.763093031943,25894,32331.781128887087,,96.0,75.200439453125,6.20703125,6.20703125,1.614990234375,2632.404652191326,unknown,True,,True,,False,,15153.041015625,True,uncalibrated_dynamic,False,0.0,0.0,kivi_4bit_residual64,0.0,,risk_evidence_insufficient,0.0,uncalibrated_dynamic,0.0,,,,hybrid-session-020-turn-3,6.20703125,4.592041015625,6.20703125,0.0,0.0,/DATACENTER3/zhenxiang.wang/work/TailGuardKV/.worktrees/baseline-smoke-final-aggregation/out/full_25session_baseline_9_14/full/policy_attempts/full40_20260916_h2o_static_safe/seed20260906,True,point_prediction_eligible,hybrid-session-020,qa,187.32854397967458,3,risk_evidence_insufficient,20260906
kivi_4bit_residual64,13.0,0.1,False,False,online_qwen,False,8.0,/DATACENTER3/zhenxiang.wang/work/TailGuardKV/.worktrees/baseline-smoke-final-aggregation/out/full_25session_baseline_9_14/full/policy_attempts/full40_20260916_h2o_static_safe/seed20260906/config.yaml,,,,,0.05,True,,0.1,,0,False,kivi_4bit_residual64,True,,balanced_two_gpu,1,persistent,28329.763093031943,25894,32331.781128887087,,96.0,76.779541015625,6.530029296875,6.530029296875,1.5791015625,2612.605094909668,unknown,True,,True,,False,,15153.134765625,True,uncalibrated_dynamic,False,0.0,0.0,kivi_4bit_residual64,0.0,,risk_evidence_insufficient,0.0,uncalibrated_dynamic,0.0,,,,hybrid-session-021-turn-3,6.530029296875,4.950927734375,6.530029296875,0.0,0.0,/DATACENTER3/zhenxiang.wang/work/TailGuardKV/.worktrees/baseline-smoke-final-aggregation/out/full_25session_baseline_9_14/full/policy_attempts/full40_20260916_h2o_static_safe/seed20260906,True,point_prediction_eligible,hybrid-session-021,summary,179.94514503516257,3,risk_evidence_insufficient,20260906
kivi_4bit_residual64,13.0,0.1,False,False,online_qwen,False,7.0,/DATACENTER3/zhenxiang.wang/work/TailGuardKV/.worktrees/baseline-smoke-final-aggregation/out/full_25session_baseline_9_14/full/policy_attempts/full40_20260916_h2o_static_safe/seed20260906/config.yaml,,,,,0.05,True,,0.1,,0,False,kivi_4bit_residual64,True,,balanced_two_gpu,1,persistent,28329.763093031943,25894,32331.781128887087,,96.0,77.155517578125,5.668701171875,5.668701171875,0.3759765625,2469.215214950964,unknown,True,,True,,False,,15153.517578125,True,uncalibrated_dynamic,True,0.0,0.0,kivi_4bit_residual64,0.0,,risk_evidence_insufficient,0.0,uncalibrated_dynamic,0.0,,,,hybrid-session-025-turn-3,5.668701171875,5.292724609375,5.668701171875,0.0,0.0,/DATACENTER3/zhenxiang.wang/work/TailGuardKV/.worktrees/baseline-smoke-final-aggregation/out/full_25session_baseline_9_14/full/policy_attempts/full40_20260916_h2o_static_safe/seed20260906,True,point_prediction_eligible,hybrid-session-025,summary,213.25695095583797,3,risk_evidence_insufficient,20260906
kivi_4bit_residual64,13.0,0.1,False,False,online_qwen,False,1.0,/DATACENTER3/zhenxiang.wang/work/TailGuardKV/.worktrees/baseline-smoke-final-aggregation/out/full_25session_baseline_9_14/full/policy_attempts/full40_20260916_h2o_static_safe/seed20260906/config.yaml,,,,,0.05,True,,0.1,,0,False,kivi_4bit_residual64,True,,balanced_two_gpu,1,persistent,28329.763093031943,25894,32331.781128887087,,96.0,78.7705078125,6.70947265625,6.70947265625,1.614990234375,2578.992565860972,unknown,True,,True,,False,,15156.568359375,True,uncalibrated_dynamic,True,0.03418803418803419,0.03418803418803419,kivi_4bit_residual64,0.03418803418803419,,risk_evidence_insufficient,0.0,uncalibrated_dynamic,0.0,,,,hybrid-session-026-turn-3,6.70947265625,5.094482421875,6.70947265625,0.0,0.3418803418803419,/DATACENTER3/zhenxiang.wang/work/TailGuardKV/.worktrees/baseline-smoke-final-aggregation/out/full_25session_baseline_9_14/full/policy_attempts/full40_20260916_h2o_static_safe/seed20260906,False,point_prediction_eligible,hybrid-session-026,qa,178.0402478761971,3,risk_evidence_insufficient,20260906
kivi_4bit_residual64,13.0,0.1,False,False,online_qwen,False,7.0,/DATACENTER3/zhenxiang.wang/work/TailGuardKV/.worktrees/baseline-smoke-final-aggregation/out/full_25session_baseline_9_14/full/policy_attempts/full40_20260916_h2o_static_safe/seed20260906/config.yaml,,,,,0.05,True,,0.1,,0,False,kivi_4bit_residual64,True,,balanced_two_gpu,1,persistent,28329.763093031943,25894,32331.781128887087,,96.0,79.0029296875,6.439453125,6.439453125,0.232421875,2687.113707885146,unknown,True,,True,,False,,15149.53125,True,uncalibrated_dynamic,True,0.0,0.0,kivi_4bit_residual64,0.0,,risk_evidence_insufficient,0.0,uncalibrated_dynamic,0.0,,,,hybrid-session-002-turn-4,6.439453125,6.20703125,6.439453125,0.0,0.0,/DATACENTER3/zhenxiang.wang/work/TailGuardKV/.worktrees/baseline-smoke-final-aggregation/out/full_25session_baseline_9_14/full/policy_attempts/full40_20260916_h2o_static_safe/seed20260906,True,point_prediction_eligible,hybrid-session-002,qa,227.93348296545446,4,risk_evidence_insufficient,20260906
kivi_4bit_residual64,13.0,0.1,False,False,online_qwen,False,7.0,/DATACENTER3/zhenxiang.wang/work/TailGuardKV/.worktrees/baseline-smoke-final-aggregation/out/full_25session_baseline_9_14/full/policy_attempts/full40_20260916_h2o_static_safe/seed20260906/config.yaml,,,,,0.05,True,,0.1,,0,False,kivi_4bit_residual64,True,,balanced_two_gpu,1,persistent,28329.763093031943,25894,32331.781128887087,,96.0,79.2353515625,5.757568359375,5.757568359375,0.232421875,2641.8210139963776,unknown,True,,True,,False,,15150.970703125,True,uncalibrated_dynamic,True,0.0,0.0,kivi_4bit_residual64,0.0,,risk_evidence_insufficient,0.0,uncalibrated_dynamic,0.0,,,,hybrid-session-003-turn-4,5.757568359375,5.525146484375,5.757568359375,0.0,0.0,/DATACENTER3/zhenxiang.wang/work/TailGuardKV/.worktrees/baseline-smoke-final-aggregation/out/full_25session_baseline_9_14/full/policy_attempts/full40_20260916_h2o_static_safe/seed20260906,True,point_prediction_eligible,hybrid-session-003,summary,179.6255251392722,4,risk_evidence_insufficient,20260906
kivi_4bit_residual64,13.0,0.1,False,False,online_qwen,False,7.0,/DATACENTER3/zhenxiang.wang/work/TailGuardKV/.worktrees/baseline-smoke-final-aggregation/out/full_25session_baseline_9_14/full/policy_attempts/full40_20260916_h2o_static_safe/seed20260906/config.yaml,,,,,0.05,True,,0.1,,0,False,kivi_4bit_residual64,True,,balanced_two_gpu,1,persistent,28329.763093031943,25894,32331.781128887087,,96.0,79.4677734375,6.618896484375,6.618896484375,0.232421875,2611.280787969008,unknown,True,,True,,False,,15149.98828125,True,uncalibrated_dynamic,True,0.0,0.0,kivi_4bit_residual64,0.0,,risk_evidence_insufficient,0.0,uncalibrated_dynamic,0.0,,,,hybrid-session-004-turn-4,6.618896484375,6.386474609375,6.618896484375,0.0,0.0,/DATACENTER3/zhenxiang.wang/work/TailGuardKV/.worktrees/baseline-smoke-final-aggregation/out/full_25session_baseline_9_14/full/policy_attempts/full40_20260916_h2o_static_safe/seed20260906,True,point_prediction_eligible,hybrid-session-004,qa,208.92337197437882,4,risk_evidence_insufficient,20260906
kivi_4bit_residual64,13.0,0.1,False,False,online_qwen,False,7.0,/DATACENTER3/zhenxiang.wang/work/TailGuardKV/.worktrees/baseline-smoke-final-aggregation/out/full_25session_baseline_9_14/full/policy_attempts/full40_20260916_h2o_static_safe/seed20260906/config.yaml,,,,,0.05,True,,0.1,,0,False,kivi_4bit_residual64,True,,balanced_two_gpu,1,persistent,28329.763093031943,25894,32331.781128887087,,96.0,79.7001953125,6.331787109375,6.331787109375,0.232421875,2349.0059380419552,unknown,True,,True,,False,,15150.234375,True,uncalibrated_dynamic,True,0.0,0.0,kivi_4bit_residual64,0.0,,risk_evidence_insufficient,0.0,uncalibrated_dynamic,0.0,,,,hybrid-session-005-turn-4,6.331787109375,6.099365234375,6.331787109375,0.0,0.0,/DATACENTER3/zhenxiang.wang/work/TailGuardKV/.worktrees/baseline-smoke-final-aggregation/out/full_25session_baseline_9_14/full/policy_attempts/full40_20260916_h2o_static_safe/seed20260906,True,point_prediction_eligible,hybrid-session-005,summary,215.36137210205197,4,risk_evidence_insufficient,20260906
kivi_4bit_residual64,13.0,0.1,False,False,online_qwen,False,7.0,/DATACENTER3/zhenxiang.wang/work/TailGuardKV/.worktrees/baseline-smoke-final-aggregation/out/full_25session_baseline_9_14/full/policy_attempts/full40_20260916_h2o_static_safe/seed20260906/config.yaml,,,,,0.05,True,,0.1,,0,False,kivi_4bit_residual64,True,,balanced_two_gpu,1,persistent,28329.763093031943,25894,32331.781128887087,,96.0,79.9326171875,6.707763671875,6.707763671875,0.232421875,2626.188084948808,unknown,True,,True,,False,,15151.68359375,True,uncalibrated_dynamic,True,0.0,0.0,kivi_4bit_residual64,0.0,,risk_evidence_insufficient,0.0,uncalibrated_dynamic,0.0,,,,hybrid-session-006-turn-4,6.707763671875,6.475341796875,6.707763671875,0.0,0.0,/DATACENTER3/zhenxiang.wang/work/TailGuardKV/.worktrees/baseline-smoke-final-aggregation/out/full_25session_baseline_9_14/full/policy_attempts/full40_20260916_h2o_static_safe/seed20260906,True,point_prediction_eligible,hybrid-session-006,qa,181.2014130409807,4,risk_evidence_insufficient,20260906
kivi_4bit_residual64,13.0,0.1,True,False,online_qwen,False,7.0,/DATACENTER3/zhenxiang.wang/work/TailGuardKV/.worktrees/baseline-smoke-final-aggregation/out/full_25session_baseline_9_14/full/policy_attempts/full40_20260916_h2o_static_safe/seed20260906/config.yaml,,,,,0.05,True,,0.1,,0,False,kivi_4bit_residual64,True,,balanced_two_gpu,1,persistent,28329.763093031943,25894,32331.781128887087,,96.0,80.1650390625,5.614013671875,5.614013671875,0.232421875,2180.8072649873793,unknown,True,,True,,False,,15151.927734375,True,uncalibrated_dynamic,True,0.0,0.0,kivi_4bit_residual64,0.0,,risk_evidence_insufficient,0.0,uncalibrated_dynamic,0.0,,,,hybrid-session-009-turn-4,5.614013671875,5.381591796875,5.614013671875,0.0,0.0,/DATACENTER3/zhenxiang.wang/work/TailGuardKV/.worktrees/baseline-smoke-final-aggregation/out/full_25session_baseline_9_14/full/policy_attempts/full40_20260916_h2o_static_safe/seed20260906,True,point_prediction_eligible,hybrid-session-009,summary,162.7598621416837,4,risk_evidence_insufficient,20260906
kivi_4bit_residual64,13.0,0.1,False,False,online_qwen,False,7.0,/DATACENTER3/zhenxiang.wang/work/TailGuardKV/.worktrees/baseline-smoke-final-aggregation/out/full_25session_baseline_9_14/full/policy_attempts/full40_20260916_h2o_static_safe/seed20260906/config.yaml,,,,,0.05,True,,0.1,,0,False,kivi_4bit_residual64,True,,balanced_two_gpu,1,persistent,28329.763093031943,25894,32331.781128887087,,96.0,80.3974609375,6.08056640625,6.08056640625,0.232421875,2652.518074028194,unknown,True,,True,,False,,15152.1357421875,True,uncalibrated_dynamic,True,0.0,0.0,kivi_4bit_residual64,0.0,,risk_evidence_insufficient,0.0,uncalibrated_dynamic,0.0,,,,hybrid-session-010-turn-4,6.08056640625,5.84814453125,6.08056640625,0.0,0.0,/DATACENTER3/zhenxiang.wang/work/TailGuardKV/.worktrees/baseline-smoke-final-aggregation/out/full_25session_baseline_9_14/full/policy_attempts/full40_20260916_h2o_static_safe/seed20260906,True,point_prediction_eligible,hybrid-session-010,qa,181.3409139867872,4,risk_evidence_insufficient,20260906
kivi_4bit_residual64,13.0,0.1,True,False,online_qwen,False,7.0,/DATACENTER3/zhenxiang.wang/work/TailGuardKV/.worktrees/baseline-smoke-final-aggregation/out/full_25session_baseline_9_14/full/policy_attempts/full40_20260916_h2o_static_safe/seed20260906/config.yaml,,,,,0.05,True,,0.1,,0,False,kivi_4bit_residual64,True,,balanced_two_gpu,1,persistent,28329.763093031943,25894,32331.781128887087,,96.0,80.6298828125,5.79345703125,5.79345703125,0.232421875,2573.531914036721,unknown,True,,True,,False,,15152.400390625,True,uncalibrated_dynamic,True,0.0,0.0,kivi_4bit_residual64,0.0,,risk_evidence_insufficient,0.0,uncalibrated_dynamic,0.0,,,,hybrid-session-013-turn-4,5.79345703125,5.56103515625,5.79345703125,0.0,0.0,/DATACENTER3/zhenxiang.wang/work/TailGuardKV/.worktrees/baseline-smoke-final-aggregation/out/full_25session_baseline_9_14/full/policy_attempts/full40_20260916_h2o_static_safe/seed20260906,True,point_prediction_eligible,hybrid-session-013,summary,174.80690008960664,4,risk_evidence_insufficient,20260906
kivi_4bit_residual64,13.0,0.1,False,False,online_qwen,False,7.0,/DATACENTER3/zhenxiang.wang/work/TailGuardKV/.worktrees/baseline-smoke-final-aggregation/out/full_25session_baseline_9_14/full/policy_attempts/full40_20260916_h2o_static_safe/seed20260906/config.yaml,,,,,0.05,True,,0.1,,0,False,kivi_4bit_residual64,True,,balanced_two_gpu,1,persistent,28329.763093031943,25894,32331.781128887087,,96.0,80.8623046875,6.403564453125,6.403564453125,0.232421875,2306.7116918973625,unknown,True,,True,,False,,15151.4375,True,uncalibrated_dynamic,True,0.0,0.0,kivi_4bit_residual64,0.0,,risk_evidence_insufficient,0.0,uncalibrated_dynamic,0.0,,,,hybrid-session-016-turn-4,6.403564453125,6.171142578125,6.403564453125,0.0,0.0,/DATACENTER3/zhenxiang.wang/work/TailGuardKV/.worktrees/baseline-smoke-final-aggregation/out/full_25session_baseline_9_14/full/policy_attempts/full40_20260916_h2o_static_safe/seed20260906,True,point_prediction_eligible,hybrid-session-016,qa,215.08094388991594,4,risk_evidence_insufficient,20260906
kivi_4bit_residual64,13.0,0.1,False,False,online_qwen,False,7.0,/DATACENTER3/zhenxiang.wang/work/TailGuardKV/.worktrees/baseline-smoke-final-aggregation/out/full_25session_baseline_9_14/full/policy_attempts/full40_20260916_h2o_static_safe/seed20260906/config.yaml,,,,,0.05,True,,0.1,,0,False,kivi_4bit_residual64,True,,balanced_two_gpu,1,persistent,28329.763093031943,25894,32331.781128887087,,96.0,81.0947265625,6.439453125,6.439453125,0.232421875,2351.04235005565,unknown,True,,True,,False,,15151.69140625,True,uncalibrated_dynamic,True,0.0,0.0,kivi_4bit_residual64,0.0,,risk_evidence_insufficient,0.0,uncalibrated_dynamic,0.0,,,,hybrid-session-020-turn-4,6.439453125,6.20703125,6.439453125,0.0,0.0,/DATACENTER3/zhenxiang.wang/work/TailGuardKV/.worktrees/baseline-smoke-final-aggregation/out/full_25session_baseline_9_14/full/policy_attempts/full40_20260916_h2o_static_safe/seed20260906,True,point_prediction_eligible,hybrid-session-020,qa,205.4679358843714,4,risk_evidence_insufficient,20260906
kivi_2bit_residual64,13.0,0.1,False,False,online_qwen,False,6.0,/DATACENTER3/zhenxiang.wang/work/TailGuardKV/.worktrees/baseline-smoke-final-aggregation/out/full_25session_baseline_9_14/full/policy_attempts/full40_20260916_h2o_static_safe/seed20260906/config.yaml,,,,,0.05,True,,0.1,,81.0947265625,False,kivi_4bit_residual64,True,,balanced_two_gpu,1,persistent,28329.763093031943,25894,32331.781128887087,,96.0,4.9560546875,4.9560546875,4.9560546875,4.9560546875,46567.02790617943,unknown,True,,True,,False,,15431.5390625,True,uncalibrated_dynamic,True,0.0,0.0,kivi_2bit_residual64,0.0,,risk_evidence_insufficient,0.0,uncalibrated_dynamic,44743.85352641344,,,,hybrid-session-021-turn-4,4.9560546875,0.0,4.9560546875,0.0,0.0,/DATACENTER3/zhenxiang.wang/work/TailGuardKV/.worktrees/baseline-smoke-final-aggregation/out/full_25session_baseline_9_14/full/policy_attempts/full40_20260916_h2o_static_safe/seed20260906,True,point_prediction_eligible,hybrid-session-021,summary,44744.814782161266,4,risk_evidence_insufficient,20260906
kivi_4bit_residual64,13.0,0.1,False,False,online_qwen,False,8.0,/DATACENTER3/zhenxiang.wang/work/TailGuardKV/.worktrees/baseline-smoke-final-aggregation/out/full_25session_baseline_9_14/full/policy_attempts/full40_20260916_h2o_static_safe/seed20260906/config.yaml,,,,,0.05,True,,0.1,,4.9560546875,False,kivi_4bit_residual64,True,,balanced_two_gpu,1,persistent,28329.763093031943,25894,32331.781128887087,,96.0,5.64990234375,5.64990234375,5.64990234375,5.64990234375,47750.759612083435,unknown,True,,True,,False,,15395.69091796875,True,uncalibrated_dynamic,False,0.0,0.0,kivi_4bit_residual64,0.0,,risk_evidence_insufficient,0.0,uncalibrated_dynamic,45810.39630320296,,,,hybrid-session-025-turn-4,5.64990234375,0.0,5.64990234375,0.0,0.0,/DATACENTER3/zhenxiang.wang/work/TailGuardKV/.worktrees/baseline-smoke-final-aggregation/out/full_25session_baseline_9_14/full/policy_attempts/full40_20260916_h2o_static_safe/seed20260906,True,point_prediction_eligible,hybrid-session-025,summary,45811.36597927101,4,risk_evidence_insufficient,20260906
kivi_4bit_residual64,13.0,0.1,False,False,online_qwen,False,1.0,/DATACENTER3/zhenxiang.wang/work/TailGuardKV/.worktrees/baseline-smoke-final-aggregation/out/full_25session_baseline_9_14/full/policy_attempts/full40_20260916_h2o_static_safe/seed20260906/config.yaml,,,,,0.05,True,,0.1,,0,False,kivi_4bit_residual64,True,,balanced_two_gpu,1,persistent,28329.763093031943,25894,32331.781128887087,,96.0,12.340576171875,6.690673828125,6.690673828125,6.690673828125,2470.75352887623,unknown,True,,True,,False,,15443.6865234375,True,uncalibrated_dynamic,False,0.03418803418803419,0.03418803418803419,kivi_4bit_residual64,0.03418803418803419,,risk_evidence_insufficient,0.0,uncalibrated_dynamic,338.4601071011275,,,,hybrid-session-026-turn-4,6.690673828125,0.0,6.690673828125,0.0,0.3418803418803419,/DATACENTER3/zhenxiang.wang/work/TailGuardKV/.worktrees/baseline-smoke-final-aggregation/out/full_25session_baseline_9_14/full/policy_attempts/full40_20260916_h2o_static_safe/seed20260906,False,point_prediction_eligible,hybrid-session-026,qa,339.34333990328014,4,risk_evidence_insufficient,20260906
