action_profile,active_session_count,audit_rate,audit_selected,backend_budget_hit,backend_name,budget_hit,candidate_safe_count,config,controller_cg_ms,controller_overhead_ms,controller_qrp_ms,controller_stc_ms,delta,diagnostic_only,drift_state,epsilon,error,evicted_kv_mib,exact,extra_warm_profile,extra_warm_profile_success,extra_worker_cuda_visible_devices,extra_worker_device_strategy,extra_worker_generation,extra_worker_mode,extra_worker_model_load_ms,extra_worker_pid,extra_worker_startup_ms,fallback_reason,global_budget_mib,global_resident_kv_mib,kv_cache_memory_mib,kv_cumulative_mib,kv_incremental_mib,latency_ms,length_bucket,measured,observed_quality_loss,ok,optimality_gap,oracle,oracle_cost_ms,peak_memory_mib,placeholder,policy,policy_budget_filtered,pred_loss,predicted_quality_loss,primary_profile,quality_estimate,quality_loss,quality_status,queue_delay_ms,reason,recompute_ms,rejected_pred_loss,rejected_profile,rejected_risk_upper,request_id,resident_kv_mib_after,resident_kv_mib_before,resident_memory_mib,restore_ms,risk_upper,run_dir,safe,safety_reason,session_id,task,ttft_ms,turn_index,violation_status,split_seed
full_gpu,1.0,0.1,False,False,online_qwen,False,,/DATACENTER3/zhenxiang.wang/work/TailGuardKV/.worktrees/baseline-smoke-final-aggregation/out/full_25session_baseline_9_14/full/policy_attempts/tight_budget_preflight_20260916_h2o_static_safe/seed20260906/config.yaml,,,,,,True,,,,0,True,full_gpu,True,,balanced_two_gpu,1,persistent,28050.040672998875,18782,31862.919928971678,,469.6015625,2.078125,2.078125,2.078125,2.078125,4978.8415799848735,unknown,True,,True,,False,,15070.54150390625,False,full_lru,False,,,full_gpu,,,risk_evidence_insufficient,0.0,full precision exact profile,0.0,,,,hybrid-session-002-turn-0,2.078125,0.0,2.078125,0.0,,/DATACENTER3/zhenxiang.wang/work/TailGuardKV/.worktrees/baseline-smoke-final-aggregation/out/full_25session_baseline_9_14/full/policy_attempts/tight_budget_preflight_20260916_h2o_static_safe/seed20260906,,,hybrid-session-002,chat,3875.9209839627147,0,risk_evidence_insufficient,20260906
full_gpu,2.0,0.1,False,False,online_qwen,False,,/DATACENTER3/zhenxiang.wang/work/TailGuardKV/.worktrees/baseline-smoke-final-aggregation/out/full_25session_baseline_9_14/full/policy_attempts/tight_budget_preflight_20260916_h2o_static_safe/seed20260906/config.yaml,,,,,,True,,,,0,True,full_gpu,True,,balanced_two_gpu,1,persistent,28050.040672998875,18782,31862.919928971678,,469.6015625,3.5546875,1.4765625,1.4765625,1.4765625,1164.6820579189807,unknown,True,,True,,False,,15055.19384765625,False,full_lru,False,,,full_gpu,,,risk_evidence_insufficient,0.0,full precision exact profile,0.0,,,,hybrid-session-003-turn-0,1.4765625,0.0,1.4765625,0.0,,/DATACENTER3/zhenxiang.wang/work/TailGuardKV/.worktrees/baseline-smoke-final-aggregation/out/full_25session_baseline_9_14/full/policy_attempts/tight_budget_preflight_20260916_h2o_static_safe/seed20260906,,,hybrid-session-003,chat,79.96143703348935,0,risk_evidence_insufficient,20260906
full_gpu,3.0,0.1,False,False,online_qwen,False,,/DATACENTER3/zhenxiang.wang/work/TailGuardKV/.worktrees/baseline-smoke-final-aggregation/out/full_25session_baseline_9_14/full/policy_attempts/tight_budget_preflight_20260916_h2o_static_safe/seed20260906/config.yaml,,,,,,True,,,,0,True,full_gpu,True,,balanced_two_gpu,1,persistent,28050.040672998875,18782,31862.919928971678,,469.6015625,5.3046875,1.75,1.75,1.75,1171.4692590758204,unknown,True,,True,,False,,15063.70947265625,False,full_lru,False,,,full_gpu,,,risk_evidence_insufficient,0.0,full precision exact profile,0.0,,,,hybrid-session-004-turn-0,1.75,0.0,1.75,0.0,,/DATACENTER3/zhenxiang.wang/work/TailGuardKV/.worktrees/baseline-smoke-final-aggregation/out/full_25session_baseline_9_14/full/policy_attempts/tight_budget_preflight_20260916_h2o_static_safe/seed20260906,,,hybrid-session-004,chat,74.90431610494852,0,risk_evidence_insufficient,20260906
full_gpu,4.0,0.1,False,False,online_qwen,False,,/DATACENTER3/zhenxiang.wang/work/TailGuardKV/.worktrees/baseline-smoke-final-aggregation/out/full_25session_baseline_9_14/full/policy_attempts/tight_budget_preflight_20260916_h2o_static_safe/seed20260906/config.yaml,,,,,,True,,,,0,True,full_gpu,True,,balanced_two_gpu,1,persistent,28050.040672998875,18782,31862.919928971678,,469.6015625,7.21875,1.9140625,1.9140625,1.9140625,1174.082674086094,unknown,True,,True,,False,,15070.26806640625,False,full_lru,False,,,full_gpu,,,risk_evidence_insufficient,0.0,full precision exact profile,0.0,,,,hybrid-session-005-turn-0,1.9140625,0.0,1.9140625,0.0,,/DATACENTER3/zhenxiang.wang/work/TailGuardKV/.worktrees/baseline-smoke-final-aggregation/out/full_25session_baseline_9_14/full/policy_attempts/tight_budget_preflight_20260916_h2o_static_safe/seed20260906,,,hybrid-session-005,chat,84.07957898452878,0,risk_evidence_insufficient,20260906
full_gpu,5.0,0.1,False,False,online_qwen,False,,/DATACENTER3/zhenxiang.wang/work/TailGuardKV/.worktrees/baseline-smoke-final-aggregation/out/full_25session_baseline_9_14/full/policy_attempts/tight_budget_preflight_20260916_h2o_static_safe/seed20260906/config.yaml,,,,,,True,,,,0,True,full_gpu,True,,balanced_two_gpu,1,persistent,28050.040672998875,18782,31862.919928971678,,469.6015625,9.84375,2.625,2.625,2.625,1168.450861936435,unknown,True,,True,,False,,15093.27587890625,False,full_lru,False,,,full_gpu,,,risk_evidence_insufficient,0.0,full precision exact profile,0.0,,,,hybrid-session-006-turn-0,2.625,0.0,2.625,0.0,,/DATACENTER3/zhenxiang.wang/work/TailGuardKV/.worktrees/baseline-smoke-final-aggregation/out/full_25session_baseline_9_14/full/policy_attempts/tight_budget_preflight_20260916_h2o_static_safe/seed20260906,,,hybrid-session-006,chat,84.10351001657546,0,risk_evidence_insufficient,20260906
full_gpu,6.0,0.1,False,False,online_qwen,False,,/DATACENTER3/zhenxiang.wang/work/TailGuardKV/.worktrees/baseline-smoke-final-aggregation/out/full_25session_baseline_9_14/full/policy_attempts/tight_budget_preflight_20260916_h2o_static_safe/seed20260906/config.yaml,,,,,,True,,,,0,True,full_gpu,True,,balanced_two_gpu,1,persistent,28050.040672998875,18782,31862.919928971678,,469.6015625,11.5390625,1.6953125,1.6953125,1.6953125,1171.6535310260952,unknown,True,,True,,False,,15068.48681640625,False,full_lru,False,,,full_gpu,,,risk_evidence_insufficient,0.0,full precision exact profile,0.0,,,,hybrid-session-009-turn-0,1.6953125,0.0,1.6953125,0.0,,/DATACENTER3/zhenxiang.wang/work/TailGuardKV/.worktrees/baseline-smoke-final-aggregation/out/full_25session_baseline_9_14/full/policy_attempts/tight_budget_preflight_20260916_h2o_static_safe/seed20260906,,,hybrid-session-009,chat,78.94452498294413,0,risk_evidence_insufficient,20260906
full_gpu,7.0,0.1,False,False,online_qwen,False,,/DATACENTER3/zhenxiang.wang/work/TailGuardKV/.worktrees/baseline-smoke-final-aggregation/out/full_25session_baseline_9_14/full/policy_attempts/tight_budget_preflight_20260916_h2o_static_safe/seed20260906/config.yaml,,,,,,True,,,,0,True,full_gpu,True,,balanced_two_gpu,1,persistent,28050.040672998875,18782,31862.919928971678,,469.6015625,13.0703125,1.53125,1.53125,1.53125,1171.8132980167866,unknown,True,,True,,False,,15065.87646484375,False,full_lru,False,,,full_gpu,,,risk_evidence_insufficient,0.0,full precision exact profile,0.0,,,,hybrid-session-010-turn-0,1.53125,0.0,1.53125,0.0,,/DATACENTER3/zhenxiang.wang/work/TailGuardKV/.worktrees/baseline-smoke-final-aggregation/out/full_25session_baseline_9_14/full/policy_attempts/tight_budget_preflight_20260916_h2o_static_safe/seed20260906,,,hybrid-session-010,chat,79.58287606015801,0,risk_evidence_insufficient,20260906
full_gpu,8.0,0.1,False,False,online_qwen,False,,/DATACENTER3/zhenxiang.wang/work/TailGuardKV/.worktrees/baseline-smoke-final-aggregation/out/full_25session_baseline_9_14/full/policy_attempts/tight_budget_preflight_20260916_h2o_static_safe/seed20260906/config.yaml,,,,,,True,,,,0,True,full_gpu,True,,balanced_two_gpu,1,persistent,28050.040672998875,18782,31862.919928971678,,469.6015625,14.875,1.8046875,1.8046875,1.8046875,1163.5095211677253,unknown,True,,True,,False,,15074.73681640625,False,full_lru,False,,,full_gpu,,,risk_evidence_insufficient,0.0,full precision exact profile,0.0,,,,hybrid-session-013-turn-0,1.8046875,0.0,1.8046875,0.0,,/DATACENTER3/zhenxiang.wang/work/TailGuardKV/.worktrees/baseline-smoke-final-aggregation/out/full_25session_baseline_9_14/full/policy_attempts/tight_budget_preflight_20260916_h2o_static_safe/seed20260906,,,hybrid-session-013,chat,75.31025214120746,0,risk_evidence_insufficient,20260906
full_gpu,9.0,0.1,False,False,online_qwen,False,,/DATACENTER3/zhenxiang.wang/work/TailGuardKV/.worktrees/baseline-smoke-final-aggregation/out/full_25session_baseline_9_14/full/policy_attempts/tight_budget_preflight_20260916_h2o_static_safe/seed20260906/config.yaml,,,,,,True,,,,0,True,full_gpu,True,,balanced_two_gpu,1,persistent,28050.040672998875,18782,31862.919928971678,,469.6015625,17.5,2.625,2.625,2.625,1161.5736971143633,unknown,True,,True,,False,,15100.93212890625,False,full_lru,False,,,full_gpu,,,risk_evidence_insufficient,0.0,full precision exact profile,0.0,,,,hybrid-session-016-turn-0,2.625,0.0,2.625,0.0,,/DATACENTER3/zhenxiang.wang/work/TailGuardKV/.worktrees/baseline-smoke-final-aggregation/out/full_25session_baseline_9_14/full/policy_attempts/tight_budget_preflight_20260916_h2o_static_safe/seed20260906,,,hybrid-session-016,chat,82.7608029358089,0,risk_evidence_insufficient,20260906
full_gpu,10.0,0.1,False,False,online_qwen,False,,/DATACENTER3/zhenxiang.wang/work/TailGuardKV/.worktrees/baseline-smoke-final-aggregation/out/full_25session_baseline_9_14/full/policy_attempts/tight_budget_preflight_20260916_h2o_static_safe/seed20260906/config.yaml,,,,,,True,,,,0,True,full_gpu,True,,balanced_two_gpu,1,persistent,28050.040672998875,18782,31862.919928971678,,469.6015625,19.90625,2.40625,2.40625,2.40625,1193.720812909305,unknown,True,,True,,False,,15095.79541015625,False,full_lru,False,,,full_gpu,,,risk_evidence_insufficient,0.0,full precision exact profile,0.0,,,,hybrid-session-020-turn-0,2.40625,0.0,2.40625,0.0,,/DATACENTER3/zhenxiang.wang/work/TailGuardKV/.worktrees/baseline-smoke-final-aggregation/out/full_25session_baseline_9_14/full/policy_attempts/tight_budget_preflight_20260916_h2o_static_safe/seed20260906,,,hybrid-session-020,chat,82.19894906505942,0,risk_evidence_insufficient,20260906
full_gpu,11.0,0.1,False,False,online_qwen,False,,/DATACENTER3/zhenxiang.wang/work/TailGuardKV/.worktrees/baseline-smoke-final-aggregation/out/full_25session_baseline_9_14/full/policy_attempts/tight_budget_preflight_20260916_h2o_static_safe/seed20260906/config.yaml,,,,,,True,,,,0,True,full_gpu,True,,balanced_two_gpu,1,persistent,28050.040672998875,18782,31862.919928971678,,469.6015625,22.203125,2.296875,2.296875,2.296875,1159.9734460469335,unknown,True,,True,,False,,15095.17822265625,False,full_lru,False,,,full_gpu,,,risk_evidence_insufficient,0.0,full precision exact profile,0.0,,,,hybrid-session-021-turn-0,2.296875,0.0,2.296875,0.0,,/DATACENTER3/zhenxiang.wang/work/TailGuardKV/.worktrees/baseline-smoke-final-aggregation/out/full_25session_baseline_9_14/full/policy_attempts/tight_budget_preflight_20260916_h2o_static_safe/seed20260906,,,hybrid-session-021,chat,83.11197115108371,0,risk_evidence_insufficient,20260906
full_gpu,12.0,0.1,False,False,online_qwen,False,,/DATACENTER3/zhenxiang.wang/work/TailGuardKV/.worktrees/baseline-smoke-final-aggregation/out/full_25session_baseline_9_14/full/policy_attempts/tight_budget_preflight_20260916_h2o_static_safe/seed20260906/config.yaml,,,,,,True,,,,0,True,full_gpu,True,,balanced_two_gpu,1,persistent,28050.040672998875,18782,31862.919928971678,,469.6015625,24.171875,1.96875,1.96875,1.96875,1157.5135178864002,unknown,True,,True,,False,,15088.40478515625,False,full_lru,False,,,full_gpu,,,risk_evidence_insufficient,0.0,full precision exact profile,0.0,,,,hybrid-session-025-turn-0,1.96875,0.0,1.96875,0.0,,/DATACENTER3/zhenxiang.wang/work/TailGuardKV/.worktrees/baseline-smoke-final-aggregation/out/full_25session_baseline_9_14/full/policy_attempts/tight_budget_preflight_20260916_h2o_static_safe/seed20260906,,,hybrid-session-025,chat,81.04742085561156,0,risk_evidence_insufficient,20260906
full_gpu,13.0,0.1,False,False,online_qwen,False,,/DATACENTER3/zhenxiang.wang/work/TailGuardKV/.worktrees/baseline-smoke-final-aggregation/out/full_25session_baseline_9_14/full/policy_attempts/tight_budget_preflight_20260916_h2o_static_safe/seed20260906/config.yaml,,,,,,True,,,,0,True,full_gpu,True,,balanced_two_gpu,1,persistent,28050.040672998875,18782,31862.919928971678,,469.6015625,26.359375,2.1875,2.1875,2.1875,1166.9821490067989,unknown,True,,True,,False,,15096.42041015625,False,full_lru,False,,,full_gpu,,,risk_evidence_insufficient,0.0,full precision exact profile,0.0,,,,hybrid-session-026-turn-0,2.1875,0.0,2.1875,0.0,,/DATACENTER3/zhenxiang.wang/work/TailGuardKV/.worktrees/baseline-smoke-final-aggregation/out/full_25session_baseline_9_14/full/policy_attempts/tight_budget_preflight_20260916_h2o_static_safe/seed20260906,,,hybrid-session-026,chat,77.34170509502292,0,risk_evidence_insufficient,20260906
full_gpu,13.0,0.1,False,False,online_qwen,False,,/DATACENTER3/zhenxiang.wang/work/TailGuardKV/.worktrees/baseline-smoke-final-aggregation/out/full_25session_baseline_9_14/full/policy_attempts/tight_budget_preflight_20260916_h2o_static_safe/seed20260906/config.yaml,,,,,,True,,,,0,True,full_gpu,True,,balanced_two_gpu,1,persistent,28050.040672998875,18782,31862.919928971678,,469.6015625,28.1640625,3.8828125,3.8828125,1.8046875,1162.4703449197114,unknown,True,,True,,False,,15088.02685546875,False,full_lru,False,,,full_gpu,,,risk_evidence_insufficient,0.0,full precision exact profile,0.0,,,,hybrid-session-002-turn-1,3.8828125,2.078125,3.8828125,0.0,,/DATACENTER3/zhenxiang.wang/work/TailGuardKV/.worktrees/baseline-smoke-final-aggregation/out/full_25session_baseline_9_14/full/policy_attempts/tight_budget_preflight_20260916_h2o_static_safe/seed20260906,,,hybrid-session-002,chat,81.857122015208,1,risk_evidence_insufficient,20260906
full_gpu,13.0,0.1,True,False,online_qwen,False,,/DATACENTER3/zhenxiang.wang/work/TailGuardKV/.worktrees/baseline-smoke-final-aggregation/out/full_25session_baseline_9_14/full/policy_attempts/tight_budget_preflight_20260916_h2o_static_safe/seed20260906/config.yaml,,,,,,True,,,,0,True,full_gpu,True,,balanced_two_gpu,1,persistent,28050.040672998875,18782,31862.919928971678,,469.6015625,29.5859375,2.8984375,2.8984375,1.421875,1170.6679339986295,unknown,True,0.0,True,,False,,15080.05908203125,False,full_lru,False,,,full_gpu,,,risk_evidence_insufficient,0.0,full precision exact profile,0.0,,,,hybrid-session-003-turn-1,2.8984375,1.4765625,2.8984375,0.0,,/DATACENTER3/zhenxiang.wang/work/TailGuardKV/.worktrees/baseline-smoke-final-aggregation/out/full_25session_baseline_9_14/full/policy_attempts/tight_budget_preflight_20260916_h2o_static_safe/seed20260906,,,hybrid-session-003,chat,74.82916605658829,1,risk_evidence_insufficient,20260906
full_gpu,13.0,0.1,False,False,online_qwen,False,,/DATACENTER3/zhenxiang.wang/work/TailGuardKV/.worktrees/baseline-smoke-final-aggregation/out/full_25session_baseline_9_14/full/policy_attempts/tight_budget_preflight_20260916_h2o_static_safe/seed20260906/config.yaml,,,,,,True,,,,0,True,full_gpu,True,,balanced_two_gpu,1,persistent,28050.040672998875,18782,31862.919928971678,,469.6015625,32.8125,4.9765625,4.9765625,3.2265625,1181.4766249153763,unknown,True,,True,,False,,15131.58349609375,False,full_lru,False,,,full_gpu,,,risk_evidence_insufficient,0.0,full precision exact profile,0.0,,,,hybrid-session-004-turn-1,4.9765625,1.75,4.9765625,0.0,,/DATACENTER3/zhenxiang.wang/work/TailGuardKV/.worktrees/baseline-smoke-final-aggregation/out/full_25session_baseline_9_14/full/policy_attempts/tight_budget_preflight_20260916_h2o_static_safe/seed20260906,,,hybrid-session-004,chat,90.67897801287472,1,risk_evidence_insufficient,20260906
full_gpu,13.0,0.1,False,False,online_qwen,False,,/DATACENTER3/zhenxiang.wang/work/TailGuardKV/.worktrees/baseline-smoke-final-aggregation/out/full_25session_baseline_9_14/full/policy_attempts/tight_budget_preflight_20260916_h2o_static_safe/seed20260906/config.yaml,,,,,,True,,,,0,True,full_gpu,True,,balanced_two_gpu,1,persistent,28050.040672998875,18782,31862.919928971678,,469.6015625,35.1640625,4.265625,4.265625,2.3515625,1169.0242420881987,unknown,True,,True,,False,,15109.59716796875,False,full_lru,False,,,full_gpu,,,risk_evidence_insufficient,0.0,full precision exact profile,0.0,,,,hybrid-session-005-turn-1,4.265625,1.9140625,4.265625,0.0,,/DATACENTER3/zhenxiang.wang/work/TailGuardKV/.worktrees/baseline-smoke-final-aggregation/out/full_25session_baseline_9_14/full/policy_attempts/tight_budget_preflight_20260916_h2o_static_safe/seed20260906,,,hybrid-session-005,chat,85.35067806951702,1,risk_evidence_insufficient,20260906
full_gpu,13.0,0.1,False,False,online_qwen,False,,/DATACENTER3/zhenxiang.wang/work/TailGuardKV/.worktrees/baseline-smoke-final-aggregation/out/full_25session_baseline_9_14/full/policy_attempts/tight_budget_preflight_20260916_h2o_static_safe/seed20260906/config.yaml,,,,,,True,,,,0,True,full_gpu,True,,balanced_two_gpu,1,persistent,28050.040672998875,18782,31862.919928971678,,469.6015625,37.7890625,5.25,5.25,2.625,1158.1204989925027,unknown,True,,True,,False,,15121.36279296875,False,full_lru,False,,,full_gpu,,,risk_evidence_insufficient,0.0,full precision exact profile,0.0,,,,hybrid-session-006-turn-1,5.25,2.625,5.25,0.0,,/DATACENTER3/zhenxiang.wang/work/TailGuardKV/.worktrees/baseline-smoke-final-aggregation/out/full_25session_baseline_9_14/full/policy_attempts/tight_budget_preflight_20260916_h2o_static_safe/seed20260906,,,hybrid-session-006,chat,79.63977800682187,1,risk_evidence_insufficient,20260906
full_gpu,13.0,0.1,False,False,online_qwen,False,,/DATACENTER3/zhenxiang.wang/work/TailGuardKV/.worktrees/baseline-smoke-final-aggregation/out/full_25session_baseline_9_14/full/policy_attempts/tight_budget_preflight_20260916_h2o_static_safe/seed20260906/config.yaml,,,,,,True,,,,0,True,full_gpu,True,,balanced_two_gpu,1,persistent,28050.040672998875,18782,31862.919928971678,,469.6015625,39.484375,3.390625,3.390625,1.6953125,1175.5212189164013,unknown,True,,True,,False,,15096.43310546875,False,full_lru,False,,,full_gpu,,,risk_evidence_insufficient,0.0,full precision exact profile,0.0,,,,hybrid-session-009-turn-1,3.390625,1.6953125,3.390625,0.0,,/DATACENTER3/zhenxiang.wang/work/TailGuardKV/.worktrees/baseline-smoke-final-aggregation/out/full_25session_baseline_9_14/full/policy_attempts/tight_budget_preflight_20260916_h2o_static_safe/seed20260906,,,hybrid-session-009,chat,81.42685797065496,1,risk_evidence_insufficient,20260906
full_gpu,13.0,0.1,False,False,online_qwen,False,,/DATACENTER3/zhenxiang.wang/work/TailGuardKV/.worktrees/baseline-smoke-final-aggregation/out/full_25session_baseline_9_14/full/policy_attempts/tight_budget_preflight_20260916_h2o_static_safe/seed20260906/config.yaml,,,,,,True,,,,0,True,full_gpu,True,,balanced_two_gpu,1,persistent,28050.040672998875,18782,31862.919928971678,,469.6015625,41.125,3.171875,3.171875,1.640625,1159.5261718612164,unknown,True,,True,,False,,15096.61669921875,False,full_lru,False,,,full_gpu,,,risk_evidence_insufficient,0.0,full precision exact profile,0.0,,,,hybrid-session-010-turn-1,3.171875,1.53125,3.171875,0.0,,/DATACENTER3/zhenxiang.wang/work/TailGuardKV/.worktrees/baseline-smoke-final-aggregation/out/full_25session_baseline_9_14/full/policy_attempts/tight_budget_preflight_20260916_h2o_static_safe/seed20260906,,,hybrid-session-010,chat,75.19119302742183,1,risk_evidence_insufficient,20260906
full_gpu,13.0,0.1,False,False,online_qwen,False,,/DATACENTER3/zhenxiang.wang/work/TailGuardKV/.worktrees/baseline-smoke-final-aggregation/out/full_25session_baseline_9_14/full/policy_attempts/tight_budget_preflight_20260916_h2o_static_safe/seed20260906/config.yaml,,,,,,True,,,,0,True,full_gpu,True,,balanced_two_gpu,1,persistent,28050.040672998875,18782,31862.919928971678,,469.6015625,42.546875,3.2265625,3.2265625,1.421875,1167.5693450961262,unknown,True,,True,,False,,15093.02001953125,False,full_lru,False,,,full_gpu,,,risk_evidence_insufficient,0.0,full precision exact profile,0.0,,,,hybrid-session-013-turn-1,3.2265625,1.8046875,3.2265625,0.0,,/DATACENTER3/zhenxiang.wang/work/TailGuardKV/.worktrees/baseline-smoke-final-aggregation/out/full_25session_baseline_9_14/full/policy_attempts/tight_budget_preflight_20260916_h2o_static_safe/seed20260906,,,hybrid-session-013,chat,82.30805909261107,1,risk_evidence_insufficient,20260906
full_gpu,13.0,0.1,False,False,online_qwen,False,,/DATACENTER3/zhenxiang.wang/work/TailGuardKV/.worktrees/baseline-smoke-final-aggregation/out/full_25session_baseline_9_14/full/policy_attempts/tight_budget_preflight_20260916_h2o_static_safe/seed20260906/config.yaml,,,,,,True,,,,0,True,full_gpu,True,,balanced_two_gpu,1,persistent,28050.040672998875,18782,31862.919928971678,,469.6015625,44.0234375,4.1015625,4.1015625,1.4765625,1171.4330590330064,unknown,True,,True,,False,,15095.66357421875,False,full_lru,False,,,full_gpu,,,risk_evidence_insufficient,0.0,full precision exact profile,0.0,,,,hybrid-session-016-turn-1,4.1015625,2.625,4.1015625,0.0,,/DATACENTER3/zhenxiang.wang/work/TailGuardKV/.worktrees/baseline-smoke-final-aggregation/out/full_25session_baseline_9_14/full/policy_attempts/tight_budget_preflight_20260916_h2o_static_safe/seed20260906,,,hybrid-session-016,chat,81.98751718737185,1,risk_evidence_insufficient,20260906
full_gpu,13.0,0.1,False,False,online_qwen,False,,/DATACENTER3/zhenxiang.wang/work/TailGuardKV/.worktrees/baseline-smoke-final-aggregation/out/full_25session_baseline_9_14/full/policy_attempts/tight_budget_preflight_20260916_h2o_static_safe/seed20260906/config.yaml,,,,,,True,,,,0,True,full_gpu,True,,balanced_two_gpu,1,persistent,28050.040672998875,18782,31862.919928971678,,469.6015625,45.8828125,4.265625,4.265625,1.859375,1170.8853479940444,unknown,True,,True,,False,,15108.05615234375,False,full_lru,False,,,full_gpu,,,risk_evidence_insufficient,0.0,full precision exact profile,0.0,,,,hybrid-session-020-turn-1,4.265625,2.40625,4.265625,0.0,,/DATACENTER3/zhenxiang.wang/work/TailGuardKV/.worktrees/baseline-smoke-final-aggregation/out/full_25session_baseline_9_14/full/policy_attempts/tight_budget_preflight_20260916_h2o_static_safe/seed20260906,,,hybrid-session-020,chat,85.40519396774471,1,risk_evidence_insufficient,20260906
full_gpu,13.0,0.1,False,False,online_qwen,False,,/DATACENTER3/zhenxiang.wang/work/TailGuardKV/.worktrees/baseline-smoke-final-aggregation/out/full_25session_baseline_9_14/full/policy_attempts/tight_budget_preflight_20260916_h2o_static_safe/seed20260906/config.yaml,,,,,,True,,,,0,True,full_gpu,True,,balanced_two_gpu,1,persistent,28050.040672998875,18782,31862.919928971678,,469.6015625,48.125,4.5390625,4.5390625,2.2421875,1171.679571038112,unknown,True,,True,,False,,15119.6455078125,False,full_lru,False,,,full_gpu,,,risk_evidence_insufficient,0.0,full precision exact profile,0.0,,,,hybrid-session-021-turn-1,4.5390625,2.296875,4.5390625,0.0,,/DATACENTER3/zhenxiang.wang/work/TailGuardKV/.worktrees/baseline-smoke-final-aggregation/out/full_25session_baseline_9_14/full/policy_attempts/tight_budget_preflight_20260916_h2o_static_safe/seed20260906,,,hybrid-session-021,chat,86.68290404602885,1,risk_evidence_insufficient,20260906
full_gpu,13.0,0.1,False,False,online_qwen,False,,/DATACENTER3/zhenxiang.wang/work/TailGuardKV/.worktrees/baseline-smoke-final-aggregation/out/full_25session_baseline_9_14/full/policy_attempts/tight_budget_preflight_20260916_h2o_static_safe/seed20260906/config.yaml,,,,,,True,,,,0,True,full_gpu,True,,balanced_two_gpu,1,persistent,28050.040672998875,18782,31862.919928971678,,469.6015625,49.4375,3.28125,3.28125,1.3125,1168.1431240867823,unknown,True,,True,,False,,15096.18701171875,False,full_lru,False,,,full_gpu,,,risk_evidence_insufficient,0.0,full precision exact profile,0.0,,,,hybrid-session-025-turn-1,3.28125,1.96875,3.28125,0.0,,/DATACENTER3/zhenxiang.wang/work/TailGuardKV/.worktrees/baseline-smoke-final-aggregation/out/full_25session_baseline_9_14/full/policy_attempts/tight_budget_preflight_20260916_h2o_static_safe/seed20260906,,,hybrid-session-025,chat,75.13332297094166,1,risk_evidence_insufficient,20260906
full_gpu,13.0,0.1,False,False,online_qwen,False,,/DATACENTER3/zhenxiang.wang/work/TailGuardKV/.worktrees/baseline-smoke-final-aggregation/out/full_25session_baseline_9_14/full/policy_attempts/tight_budget_preflight_20260916_h2o_static_safe/seed20260906/config.yaml,,,,,,True,,,,0,True,full_gpu,True,,balanced_two_gpu,1,persistent,28050.040672998875,18782,31862.919928971678,,469.6015625,51.8984375,4.6484375,4.6484375,2.4609375,1171.1179949343204,unknown,True,,True,,False,,15129.2470703125,False,full_lru,False,,,full_gpu,,,risk_evidence_insufficient,0.0,full precision exact profile,0.0,,,,hybrid-session-026-turn-1,4.6484375,2.1875,4.6484375,0.0,,/DATACENTER3/zhenxiang.wang/work/TailGuardKV/.worktrees/baseline-smoke-final-aggregation/out/full_25session_baseline_9_14/full/policy_attempts/tight_budget_preflight_20260916_h2o_static_safe/seed20260906,,,hybrid-session-026,chat,84.90338898263872,1,risk_evidence_insufficient,20260906
full_gpu,13.0,0.1,True,False,online_qwen,False,,/DATACENTER3/zhenxiang.wang/work/TailGuardKV/.worktrees/baseline-smoke-final-aggregation/out/full_25session_baseline_9_14/full/policy_attempts/tight_budget_preflight_20260916_h2o_static_safe/seed20260906/config.yaml,,,,,,True,,,,0,True,full_gpu,True,,balanced_two_gpu,1,persistent,28050.040672998875,18782,31862.919928971678,,469.6015625,58.6796875,10.6640625,10.6640625,6.78125,1200.5528779700398,unknown,True,0.0,True,,False,,15255.1044921875,False,full_lru,False,,,full_gpu,,,risk_evidence_insufficient,0.0,full precision exact profile,0.0,,,,hybrid-session-002-turn-2,10.6640625,3.8828125,10.6640625,0.0,,/DATACENTER3/zhenxiang.wang/work/TailGuardKV/.worktrees/baseline-smoke-final-aggregation/out/full_25session_baseline_9_14/full/policy_attempts/tight_budget_preflight_20260916_h2o_static_safe/seed20260906,,,hybrid-session-002,qa,102.17013210058212,2,risk_evidence_insufficient,20260906
full_gpu,13.0,0.1,False,False,online_qwen,False,,/DATACENTER3/zhenxiang.wang/work/TailGuardKV/.worktrees/baseline-smoke-final-aggregation/out/full_25session_baseline_9_14/full/policy_attempts/tight_budget_preflight_20260916_h2o_static_safe/seed20260906/config.yaml,,,,,,True,,,,0,True,full_gpu,True,,balanced_two_gpu,1,persistent,28050.040672998875,18782,31862.919928971678,,469.6015625,65.4609375,9.6796875,9.6796875,6.78125,1210.3161590639502,unknown,True,,True,,False,,15261.8818359375,False,full_lru,False,,,full_gpu,,,risk_evidence_insufficient,0.0,full precision exact profile,0.0,,,,hybrid-session-003-turn-2,9.6796875,2.8984375,9.6796875,0.0,,/DATACENTER3/zhenxiang.wang/work/TailGuardKV/.worktrees/baseline-smoke-final-aggregation/out/full_25session_baseline_9_14/full/policy_attempts/tight_budget_preflight_20260916_h2o_static_safe/seed20260906,,,hybrid-session-003,summary,94.25018704496324,2,risk_evidence_insufficient,20260906
full_gpu,13.0,0.1,False,False,online_qwen,False,,/DATACENTER3/zhenxiang.wang/work/TailGuardKV/.worktrees/baseline-smoke-final-aggregation/out/full_25session_baseline_9_14/full/policy_attempts/tight_budget_preflight_20260916_h2o_static_safe/seed20260906/config.yaml,,,,,,True,,,,0,True,full_gpu,True,,balanced_two_gpu,1,persistent,28050.040672998875,18782,31862.919928971678,,469.6015625,71.421875,10.9375,10.9375,5.9609375,1188.283294904977,unknown,True,,True,,False,,15244.06396484375,False,full_lru,False,,,full_gpu,,,risk_evidence_insufficient,0.0,full precision exact profile,0.0,,,,hybrid-session-004-turn-2,10.9375,4.9765625,10.9375,0.0,,/DATACENTER3/zhenxiang.wang/work/TailGuardKV/.worktrees/baseline-smoke-final-aggregation/out/full_25session_baseline_9_14/full/policy_attempts/tight_budget_preflight_20260916_h2o_static_safe/seed20260906,,,hybrid-session-004,qa,97.55370300263166,2,risk_evidence_insufficient,20260906
full_gpu,13.0,0.1,False,False,online_qwen,False,,/DATACENTER3/zhenxiang.wang/work/TailGuardKV/.worktrees/baseline-smoke-final-aggregation/out/full_25session_baseline_9_14/full/policy_attempts/tight_budget_preflight_20260916_h2o_static_safe/seed20260906/config.yaml,,,,,,True,,,,0,True,full_gpu,True,,balanced_two_gpu,1,persistent,28050.040672998875,18782,31862.919928971678,,469.6015625,77.7109375,10.5546875,10.5546875,6.2890625,1204.2007178533822,unknown,True,,True,,False,,15259.09375,False,full_lru,False,,,full_gpu,,,risk_evidence_insufficient,0.0,full precision exact profile,0.0,,,,hybrid-session-005-turn-2,10.5546875,4.265625,10.5546875,0.0,,/DATACENTER3/zhenxiang.wang/work/TailGuardKV/.worktrees/baseline-smoke-final-aggregation/out/full_25session_baseline_9_14/full/policy_attempts/tight_budget_preflight_20260916_h2o_static_safe/seed20260906,,,hybrid-session-005,summary,98.26617082580924,2,risk_evidence_insufficient,20260906
full_gpu,13.0,0.1,False,False,online_qwen,False,,/DATACENTER3/zhenxiang.wang/work/TailGuardKV/.worktrees/baseline-smoke-final-aggregation/out/full_25session_baseline_9_14/full/policy_attempts/tight_budget_preflight_20260916_h2o_static_safe/seed20260906/config.yaml,,,,,,True,,,,0,True,full_gpu,True,,balanced_two_gpu,1,persistent,28050.040672998875,18782,31862.919928971678,,469.6015625,85.3671875,12.90625,12.90625,7.65625,1205.0075859297067,unknown,True,,True,,False,,15305.1865234375,False,full_lru,False,,,full_gpu,,,risk_evidence_insufficient,0.0,full precision exact profile,0.0,,,,hybrid-session-006-turn-2,12.90625,5.25,12.90625,0.0,,/DATACENTER3/zhenxiang.wang/work/TailGuardKV/.worktrees/baseline-smoke-final-aggregation/out/full_25session_baseline_9_14/full/policy_attempts/tight_budget_preflight_20260916_h2o_static_safe/seed20260906,,,hybrid-session-006,qa,103.21835987269878,2,risk_evidence_insufficient,20260906
full_gpu,13.0,0.1,False,False,online_qwen,False,,/DATACENTER3/zhenxiang.wang/work/TailGuardKV/.worktrees/baseline-smoke-final-aggregation/out/full_25session_baseline_9_14/full/policy_attempts/tight_budget_preflight_20260916_h2o_static_safe/seed20260906/config.yaml,,,,,,True,,,,0,True,full_gpu,True,,balanced_two_gpu,1,persistent,28050.040672998875,18782,31862.919928971678,,469.6015625,91.4375,9.4609375,9.4609375,6.0703125,1184.406085172668,unknown,True,,True,,False,,15266.98779296875,False,full_lru,False,,,full_gpu,,,risk_evidence_insufficient,0.0,full precision exact profile,0.0,,,,hybrid-session-009-turn-2,9.4609375,3.390625,9.4609375,0.0,,/DATACENTER3/zhenxiang.wang/work/TailGuardKV/.worktrees/baseline-smoke-final-aggregation/out/full_25session_baseline_9_14/full/policy_attempts/tight_budget_preflight_20260916_h2o_static_safe/seed20260906,,,hybrid-session-009,summary,93.32775417715311,2,risk_evidence_insufficient,20260906
full_gpu,13.0,0.1,False,False,online_qwen,False,,/DATACENTER3/zhenxiang.wang/work/TailGuardKV/.worktrees/baseline-smoke-final-aggregation/out/full_25session_baseline_9_14/full/policy_attempts/tight_budget_preflight_20260916_h2o_static_safe/seed20260906/config.yaml,,,,,,True,,,,0,True,full_gpu,True,,balanced_two_gpu,1,persistent,28050.040672998875,18782,31862.919928971678,,469.6015625,98.3828125,10.1171875,10.1171875,6.9453125,1210.3713888209313,unknown,True,,True,,False,,15297.248046875,False,full_lru,False,,,full_gpu,,,risk_evidence_insufficient,0.0,full precision exact profile,0.0,,,,hybrid-session-010-turn-2,10.1171875,3.171875,10.1171875,0.0,,/DATACENTER3/zhenxiang.wang/work/TailGuardKV/.worktrees/baseline-smoke-final-aggregation/out/full_25session_baseline_9_14/full/policy_attempts/tight_budget_preflight_20260916_h2o_static_safe/seed20260906,,,hybrid-session-010,qa,100.52811889909208,2,risk_evidence_insufficient,20260906
full_gpu,13.0,0.1,True,False,online_qwen,False,,/DATACENTER3/zhenxiang.wang/work/TailGuardKV/.worktrees/baseline-smoke-final-aggregation/out/full_25session_baseline_9_14/full/policy_attempts/tight_budget_preflight_20260916_h2o_static_safe/seed20260906/config.yaml,,,,,,True,,,,0,True,full_gpu,True,,balanced_two_gpu,1,persistent,28050.040672998875,18782,31862.919928971678,,469.6015625,104.890625,9.734375,9.734375,6.5078125,1181.915343971923,unknown,True,0.0,True,,False,,15292.09765625,False,full_lru,False,,,full_gpu,,,risk_evidence_insufficient,0.0,full precision exact profile,0.0,,,,hybrid-session-013-turn-2,9.734375,3.2265625,9.734375,0.0,,/DATACENTER3/zhenxiang.wang/work/TailGuardKV/.worktrees/baseline-smoke-final-aggregation/out/full_25session_baseline_9_14/full/policy_attempts/tight_budget_preflight_20260916_h2o_static_safe/seed20260906,,,hybrid-session-013,summary,96.31515294313431,2,risk_evidence_insufficient,20260906
full_gpu,13.0,0.1,False,False,online_qwen,False,,/DATACENTER3/zhenxiang.wang/work/TailGuardKV/.worktrees/baseline-smoke-final-aggregation/out/full_25session_baseline_9_14/full/policy_attempts/tight_budget_preflight_20260916_h2o_static_safe/seed20260906/config.yaml,,,,,,True,,,,0,True,full_gpu,True,,balanced_two_gpu,1,persistent,28050.040672998875,18782,31862.919928971678,,469.6015625,111.3984375,10.609375,10.609375,6.5078125,1180.7114509865642,unknown,True,,True,,False,,15298.609375,False,full_lru,False,,,full_gpu,,,risk_evidence_insufficient,0.0,full precision exact profile,0.0,,,,hybrid-session-016-turn-2,10.609375,4.1015625,10.609375,0.0,,/DATACENTER3/zhenxiang.wang/work/TailGuardKV/.worktrees/baseline-smoke-final-aggregation/out/full_25session_baseline_9_14/full/policy_attempts/tight_budget_preflight_20260916_h2o_static_safe/seed20260906,,,hybrid-session-016,qa,96.20540495961905,2,risk_evidence_insufficient,20260906
full_gpu,13.0,0.1,True,False,online_qwen,False,,/DATACENTER3/zhenxiang.wang/work/TailGuardKV/.worktrees/baseline-smoke-final-aggregation/out/full_25session_baseline_9_14/full/policy_attempts/tight_budget_preflight_20260916_h2o_static_safe/seed20260906/config.yaml,,,,,,True,,,,0,True,full_gpu,True,,balanced_two_gpu,1,persistent,28050.040672998875,18782,31862.919928971678,,469.6015625,117.796875,10.6640625,10.6640625,6.3984375,1198.1568119954318,unknown,True,0.0,True,,False,,15302.09375,False,full_lru,False,,,full_gpu,,,risk_evidence_insufficient,0.0,full precision exact profile,0.0,,,,hybrid-session-020-turn-2,10.6640625,4.265625,10.6640625,0.0,,/DATACENTER3/zhenxiang.wang/work/TailGuardKV/.worktrees/baseline-smoke-final-aggregation/out/full_25session_baseline_9_14/full/policy_attempts/tight_budget_preflight_20260916_h2o_static_safe/seed20260906,,,hybrid-session-020,qa,97.71484392695129,2,risk_evidence_insufficient,20260906
full_gpu,13.0,0.1,False,False,online_qwen,False,,/DATACENTER3/zhenxiang.wang/work/TailGuardKV/.worktrees/baseline-smoke-final-aggregation/out/full_25session_baseline_9_14/full/policy_attempts/tight_budget_preflight_20260916_h2o_static_safe/seed20260906/config.yaml,,,,,,True,,,,0,True,full_gpu,True,,balanced_two_gpu,1,persistent,28050.040672998875,18782,31862.919928971678,,469.6015625,124.46875,11.2109375,11.2109375,6.671875,1190.4264541808516,unknown,True,,True,,False,,15317.0185546875,False,full_lru,False,,,full_gpu,,,risk_evidence_insufficient,0.0,full precision exact profile,0.0,,,,hybrid-session-021-turn-2,11.2109375,4.5390625,11.2109375,0.0,,/DATACENTER3/zhenxiang.wang/work/TailGuardKV/.worktrees/baseline-smoke-final-aggregation/out/full_25session_baseline_9_14/full/policy_attempts/tight_budget_preflight_20260916_h2o_static_safe/seed20260906,,,hybrid-session-021,summary,97.13503601960838,2,risk_evidence_insufficient,20260906
full_gpu,13.0,0.1,False,False,online_qwen,False,,/DATACENTER3/zhenxiang.wang/work/TailGuardKV/.worktrees/baseline-smoke-final-aggregation/out/full_25session_baseline_9_14/full/policy_attempts/tight_budget_preflight_20260916_h2o_static_safe/seed20260906/config.yaml,,,,,,True,,,,0,True,full_gpu,True,,balanced_two_gpu,1,persistent,28050.040672998875,18782,31862.919928971678,,469.6015625,131.0859375,9.8984375,9.8984375,6.6171875,1178.0782321002334,unknown,True,,True,,False,,15321.20849609375,False,full_lru,False,,,full_gpu,,,risk_evidence_insufficient,0.0,full precision exact profile,0.0,,,,hybrid-session-025-turn-2,9.8984375,3.28125,9.8984375,0.0,,/DATACENTER3/zhenxiang.wang/work/TailGuardKV/.worktrees/baseline-smoke-final-aggregation/out/full_25session_baseline_9_14/full/policy_attempts/tight_budget_preflight_20260916_h2o_static_safe/seed20260906,,,hybrid-session-025,summary,94.60705309174955,2,risk_evidence_insufficient,20260906
full_gpu,13.0,0.1,False,False,online_qwen,False,,/DATACENTER3/zhenxiang.wang/work/TailGuardKV/.worktrees/baseline-smoke-final-aggregation/out/full_25session_baseline_9_14/full/policy_attempts/tight_budget_preflight_20260916_h2o_static_safe/seed20260906/config.yaml,,,,,,True,,,,0,True,full_gpu,True,,balanced_two_gpu,1,persistent,28050.040672998875,18782,31862.919928971678,,469.6015625,137.8671875,11.4296875,11.4296875,6.78125,1183.6530989967287,unknown,True,,True,,False,,15334.296875,False,full_lru,False,,,full_gpu,,,risk_evidence_insufficient,0.0,full precision exact profile,0.0,,,,hybrid-session-026-turn-2,11.4296875,4.6484375,11.4296875,0.0,,/DATACENTER3/zhenxiang.wang/work/TailGuardKV/.worktrees/baseline-smoke-final-aggregation/out/full_25session_baseline_9_14/full/policy_attempts/tight_budget_preflight_20260916_h2o_static_safe/seed20260906,,,hybrid-session-026,qa,96.4187381323427,2,risk_evidence_insufficient,20260906
full_gpu,13.0,0.1,False,False,online_qwen,False,,/DATACENTER3/zhenxiang.wang/work/TailGuardKV/.worktrees/baseline-smoke-final-aggregation/out/full_25session_baseline_9_14/full/policy_attempts/tight_budget_preflight_20260916_h2o_static_safe/seed20260906/config.yaml,,,,,,True,,,,0,True,full_gpu,True,,balanced_two_gpu,1,persistent,28050.040672998875,18782,31862.919928971678,,469.6015625,140.328125,13.125,13.125,2.4609375,1171.1996078956872,unknown,True,,True,,False,,15221.728515625,False,full_lru,False,,,full_gpu,,,risk_evidence_insufficient,0.0,full precision exact profile,0.0,,,,hybrid-session-002-turn-3,13.125,10.6640625,13.125,0.0,,/DATACENTER3/zhenxiang.wang/work/TailGuardKV/.worktrees/baseline-smoke-final-aggregation/out/full_25session_baseline_9_14/full/policy_attempts/tight_budget_preflight_20260916_h2o_static_safe/seed20260906,,,hybrid-session-002,qa,83.16695783287287,3,risk_evidence_insufficient,20260906
full_gpu,13.0,0.1,False,False,online_qwen,False,,/DATACENTER3/zhenxiang.wang/work/TailGuardKV/.worktrees/baseline-smoke-final-aggregation/out/full_25session_baseline_9_14/full/policy_attempts/tight_budget_preflight_20260916_h2o_static_safe/seed20260906/config.yaml,,,,,,True,,,,0,True,full_gpu,True,,balanced_two_gpu,1,persistent,28050.040672998875,18782,31862.919928971678,,469.6015625,142.734375,12.0859375,12.0859375,2.40625,1156.435854965821,unknown,True,,True,,False,,15220.673828125,False,full_lru,False,,,full_gpu,,,risk_evidence_insufficient,0.0,full precision exact profile,0.0,,,,hybrid-session-003-turn-3,12.0859375,9.6796875,12.0859375,0.0,,/DATACENTER3/zhenxiang.wang/work/TailGuardKV/.worktrees/baseline-smoke-final-aggregation/out/full_25session_baseline_9_14/full/policy_attempts/tight_budget_preflight_20260916_h2o_static_safe/seed20260906,,,hybrid-session-003,summary,84.72994808107615,3,risk_evidence_insufficient,20260906
full_gpu,13.0,0.1,False,False,online_qwen,False,,/DATACENTER3/zhenxiang.wang/work/TailGuardKV/.worktrees/baseline-smoke-final-aggregation/out/full_25session_baseline_9_14/full/policy_attempts/tight_budget_preflight_20260916_h2o_static_safe/seed20260906/config.yaml,,,,,,True,,,,0,True,full_gpu,True,,balanced_two_gpu,1,persistent,28050.040672998875,18782,31862.919928971678,,469.6015625,145.1953125,13.3984375,13.3984375,2.4609375,1177.7581782080233,unknown,True,,True,,False,,15226.59716796875,False,full_lru,False,,,full_gpu,,,risk_evidence_insufficient,0.0,full precision exact profile,0.0,,,,hybrid-session-004-turn-3,13.3984375,10.9375,13.3984375,0.0,,/DATACENTER3/zhenxiang.wang/work/TailGuardKV/.worktrees/baseline-smoke-final-aggregation/out/full_25session_baseline_9_14/full/policy_attempts/tight_budget_preflight_20260916_h2o_static_safe/seed20260906,,,hybrid-session-004,qa,85.08704206906259,3,risk_evidence_insufficient,20260906
full_gpu,13.0,0.1,False,False,online_qwen,False,,/DATACENTER3/zhenxiang.wang/work/TailGuardKV/.worktrees/baseline-smoke-final-aggregation/out/full_25session_baseline_9_14/full/policy_attempts/tight_budget_preflight_20260916_h2o_static_safe/seed20260906/config.yaml,,,,,,True,,,,0,True,full_gpu,True,,balanced_two_gpu,1,persistent,28050.040672998875,18782,31862.919928971678,,469.6015625,147.6015625,12.9609375,12.9609375,2.40625,1173.4680929221213,unknown,True,,True,,False,,15227.54443359375,False,full_lru,False,,,full_gpu,,,risk_evidence_insufficient,0.0,full precision exact profile,0.0,,,,hybrid-session-005-turn-3,12.9609375,10.5546875,12.9609375,0.0,,/DATACENTER3/zhenxiang.wang/work/TailGuardKV/.worktrees/baseline-smoke-final-aggregation/out/full_25session_baseline_9_14/full/policy_attempts/tight_budget_preflight_20260916_h2o_static_safe/seed20260906,,,hybrid-session-005,summary,85.3071678429842,3,risk_evidence_insufficient,20260906
full_gpu,13.0,0.1,False,False,online_qwen,False,,/DATACENTER3/zhenxiang.wang/work/TailGuardKV/.worktrees/baseline-smoke-final-aggregation/out/full_25session_baseline_9_14/full/policy_attempts/tight_budget_preflight_20260916_h2o_static_safe/seed20260906/config.yaml,,,,,,True,,,,0,True,full_gpu,True,,balanced_two_gpu,1,persistent,28050.040672998875,18782,31862.919928971678,,469.6015625,150.0625,15.3671875,15.3671875,2.4609375,1168.254615040496,unknown,True,,True,,False,,15231.47412109375,False,full_lru,False,,,full_gpu,,,risk_evidence_insufficient,0.0,full precision exact profile,0.0,,,,hybrid-session-006-turn-3,15.3671875,12.90625,15.3671875,0.0,,/DATACENTER3/zhenxiang.wang/work/TailGuardKV/.worktrees/baseline-smoke-final-aggregation/out/full_25session_baseline_9_14/full/policy_attempts/tight_budget_preflight_20260916_h2o_static_safe/seed20260906,,,hybrid-session-006,qa,85.77065705321729,3,risk_evidence_insufficient,20260906
full_gpu,13.0,0.1,False,False,online_qwen,False,,/DATACENTER3/zhenxiang.wang/work/TailGuardKV/.worktrees/baseline-smoke-final-aggregation/out/full_25session_baseline_9_14/full/policy_attempts/tight_budget_preflight_20260916_h2o_static_safe/seed20260906/config.yaml,,,,,,True,,,,0,True,full_gpu,True,,balanced_two_gpu,1,persistent,28050.040672998875,18782,31862.919928971678,,469.6015625,152.46875,11.8671875,11.8671875,2.40625,1178.7114420440048,unknown,True,,True,,False,,15230.40771484375,False,full_lru,False,,,full_gpu,,,risk_evidence_insufficient,0.0,full precision exact profile,0.0,,,,hybrid-session-009-turn-3,11.8671875,9.4609375,11.8671875,0.0,,/DATACENTER3/zhenxiang.wang/work/TailGuardKV/.worktrees/baseline-smoke-final-aggregation/out/full_25session_baseline_9_14/full/policy_attempts/tight_budget_preflight_20260916_h2o_static_safe/seed20260906,,,hybrid-session-009,summary,84.64072505012155,3,risk_evidence_insufficient,20260906
full_gpu,13.0,0.1,False,False,online_qwen,False,,/DATACENTER3/zhenxiang.wang/work/TailGuardKV/.worktrees/baseline-smoke-final-aggregation/out/full_25session_baseline_9_14/full/policy_attempts/tight_budget_preflight_20260916_h2o_static_safe/seed20260906/config.yaml,,,,,,True,,,,0,True,full_gpu,True,,balanced_two_gpu,1,persistent,28050.040672998875,18782,31862.919928971678,,469.6015625,154.9296875,12.578125,12.578125,2.4609375,1185.025576967746,unknown,True,,True,,False,,15234.328125,False,full_lru,False,,,full_gpu,,,risk_evidence_insufficient,0.0,full precision exact profile,0.0,,,,hybrid-session-010-turn-3,12.578125,10.1171875,12.578125,0.0,,/DATACENTER3/zhenxiang.wang/work/TailGuardKV/.worktrees/baseline-smoke-final-aggregation/out/full_25session_baseline_9_14/full/policy_attempts/tight_budget_preflight_20260916_h2o_static_safe/seed20260906,,,hybrid-session-010,qa,87.06668997183442,3,risk_evidence_insufficient,20260906
full_gpu,13.0,0.1,False,False,online_qwen,False,,/DATACENTER3/zhenxiang.wang/work/TailGuardKV/.worktrees/baseline-smoke-final-aggregation/out/full_25session_baseline_9_14/full/policy_attempts/tight_budget_preflight_20260916_h2o_static_safe/seed20260906/config.yaml,,,,,,True,,,,0,True,full_gpu,True,,balanced_two_gpu,1,persistent,28050.040672998875,18782,31862.919928971678,,469.6015625,157.3359375,12.140625,12.140625,2.40625,1182.277468033135,unknown,True,,True,,False,,15235.275390625,False,full_lru,False,,,full_gpu,,,risk_evidence_insufficient,0.0,full precision exact profile,0.0,,,,hybrid-session-013-turn-3,12.140625,9.734375,12.140625,0.0,,/DATACENTER3/zhenxiang.wang/work/TailGuardKV/.worktrees/baseline-smoke-final-aggregation/out/full_25session_baseline_9_14/full/policy_attempts/tight_budget_preflight_20260916_h2o_static_safe/seed20260906,,,hybrid-session-013,summary,82.6740418560803,3,risk_evidence_insufficient,20260906
full_gpu,13.0,0.1,False,False,online_qwen,False,,/DATACENTER3/zhenxiang.wang/work/TailGuardKV/.worktrees/baseline-smoke-final-aggregation/out/full_25session_baseline_9_14/full/policy_attempts/tight_budget_preflight_20260916_h2o_static_safe/seed20260906/config.yaml,,,,,,True,,,,0,True,full_gpu,True,,balanced_two_gpu,1,persistent,28050.040672998875,18782,31862.919928971678,,469.6015625,159.796875,13.0703125,13.0703125,2.4609375,1169.1395060624927,unknown,True,,True,,False,,15241.197265625,False,full_lru,False,,,full_gpu,,,risk_evidence_insufficient,0.0,full precision exact profile,0.0,,,,hybrid-session-016-turn-3,13.0703125,10.609375,13.0703125,0.0,,/DATACENTER3/zhenxiang.wang/work/TailGuardKV/.worktrees/baseline-smoke-final-aggregation/out/full_25session_baseline_9_14/full/policy_attempts/tight_budget_preflight_20260916_h2o_static_safe/seed20260906,,,hybrid-session-016,qa,79.69409297220409,3,risk_evidence_insufficient,20260906
full_gpu,13.0,0.1,False,False,online_qwen,False,,/DATACENTER3/zhenxiang.wang/work/TailGuardKV/.worktrees/baseline-smoke-final-aggregation/out/full_25session_baseline_9_14/full/policy_attempts/tight_budget_preflight_20260916_h2o_static_safe/seed20260906/config.yaml,,,,,,True,,,,0,True,full_gpu,True,,balanced_two_gpu,1,persistent,28050.040672998875,18782,31862.919928971678,,469.6015625,162.2578125,13.125,13.125,2.4609375,1167.437668889761,unknown,True,,True,,False,,15243.658203125,False,full_lru,False,,,full_gpu,,,risk_evidence_insufficient,0.0,full precision exact profile,0.0,,,,hybrid-session-020-turn-3,13.125,10.6640625,13.125,0.0,,/DATACENTER3/zhenxiang.wang/work/TailGuardKV/.worktrees/baseline-smoke-final-aggregation/out/full_25session_baseline_9_14/full/policy_attempts/tight_budget_preflight_20260916_h2o_static_safe/seed20260906,,,hybrid-session-020,qa,84.15419980883598,3,risk_evidence_insufficient,20260906
full_gpu,13.0,0.1,False,False,online_qwen,False,,/DATACENTER3/zhenxiang.wang/work/TailGuardKV/.worktrees/baseline-smoke-final-aggregation/out/full_25session_baseline_9_14/full/policy_attempts/tight_budget_preflight_20260916_h2o_static_safe/seed20260906/config.yaml,,,,,,True,,,,0,True,full_gpu,True,,balanced_two_gpu,1,persistent,28050.040672998875,18782,31862.919928971678,,469.6015625,164.6640625,13.6171875,13.6171875,2.40625,1166.4192981552333,unknown,True,,True,,False,,15244.609375,False,full_lru,False,,,full_gpu,,,risk_evidence_insufficient,0.0,full precision exact profile,0.0,,,,hybrid-session-021-turn-3,13.6171875,11.2109375,13.6171875,0.0,,/DATACENTER3/zhenxiang.wang/work/TailGuardKV/.worktrees/baseline-smoke-final-aggregation/out/full_25session_baseline_9_14/full/policy_attempts/tight_budget_preflight_20260916_h2o_static_safe/seed20260906,,,hybrid-session-021,summary,85.38241405040026,3,risk_evidence_insufficient,20260906
full_gpu,13.0,0.1,False,False,online_qwen,False,,/DATACENTER3/zhenxiang.wang/work/TailGuardKV/.worktrees/baseline-smoke-final-aggregation/out/full_25session_baseline_9_14/full/policy_attempts/tight_budget_preflight_20260916_h2o_static_safe/seed20260906/config.yaml,,,,,,True,,,,0,True,full_gpu,True,,balanced_two_gpu,1,persistent,28050.040672998875,18782,31862.919928971678,,469.6015625,167.0703125,12.3046875,12.3046875,2.40625,1161.4850829355419,unknown,True,,True,,False,,15245.01123046875,False,full_lru,False,,,full_gpu,,,risk_evidence_insufficient,0.0,full precision exact profile,0.0,,,,hybrid-session-025-turn-3,12.3046875,9.8984375,12.3046875,0.0,,/DATACENTER3/zhenxiang.wang/work/TailGuardKV/.worktrees/baseline-smoke-final-aggregation/out/full_25session_baseline_9_14/full/policy_attempts/tight_budget_preflight_20260916_h2o_static_safe/seed20260906,,,hybrid-session-025,summary,76.9930798560381,3,risk_evidence_insufficient,20260906
full_gpu,13.0,0.1,False,False,online_qwen,False,,/DATACENTER3/zhenxiang.wang/work/TailGuardKV/.worktrees/baseline-smoke-final-aggregation/out/full_25session_baseline_9_14/full/policy_attempts/tight_budget_preflight_20260916_h2o_static_safe/seed20260906/config.yaml,,,,,,True,,,,0,True,full_gpu,True,,balanced_two_gpu,1,persistent,28050.040672998875,18782,31862.919928971678,,469.6015625,169.53125,13.890625,13.890625,2.4609375,1167.96870296821,unknown,True,,True,,False,,15250.93505859375,False,full_lru,False,,,full_gpu,,,risk_evidence_insufficient,0.0,full precision exact profile,0.0,,,,hybrid-session-026-turn-3,13.890625,11.4296875,13.890625,0.0,,/DATACENTER3/zhenxiang.wang/work/TailGuardKV/.worktrees/baseline-smoke-final-aggregation/out/full_25session_baseline_9_14/full/policy_attempts/tight_budget_preflight_20260916_h2o_static_safe/seed20260906,,,hybrid-session-026,qa,85.21731989458203,3,risk_evidence_insufficient,20260906
full_gpu,13.0,0.1,False,False,online_qwen,False,,/DATACENTER3/zhenxiang.wang/work/TailGuardKV/.worktrees/baseline-smoke-final-aggregation/out/full_25session_baseline_9_14/full/policy_attempts/tight_budget_preflight_20260916_h2o_static_safe/seed20260906/config.yaml,,,,,,True,,,,0,True,full_gpu,True,,balanced_two_gpu,1,persistent,28050.040672998875,18782,31862.919928971678,,469.6015625,171.71875,15.3125,15.3125,2.1875,1166.4194790646434,unknown,True,,True,,False,,15245.84521484375,False,full_lru,False,,,full_gpu,,,risk_evidence_insufficient,0.0,full precision exact profile,0.0,,,,hybrid-session-002-turn-4,15.3125,13.125,15.3125,0.0,,/DATACENTER3/zhenxiang.wang/work/TailGuardKV/.worktrees/baseline-smoke-final-aggregation/out/full_25session_baseline_9_14/full/policy_attempts/tight_budget_preflight_20260916_h2o_static_safe/seed20260906,,,hybrid-session-002,qa,78.73598695732653,4,risk_evidence_insufficient,20260906
full_gpu,13.0,0.1,False,False,online_qwen,False,,/DATACENTER3/zhenxiang.wang/work/TailGuardKV/.worktrees/baseline-smoke-final-aggregation/out/full_25session_baseline_9_14/full/policy_attempts/tight_budget_preflight_20260916_h2o_static_safe/seed20260906/config.yaml,,,,,,True,,,,0,True,full_gpu,True,,balanced_two_gpu,1,persistent,28050.040672998875,18782,31862.919928971678,,469.6015625,173.90625,14.2734375,14.2734375,2.1875,1186.998215969652,unknown,True,,True,,False,,15248.02685546875,False,full_lru,False,,,full_gpu,,,risk_evidence_insufficient,0.0,full precision exact profile,0.0,,,,hybrid-session-003-turn-4,14.2734375,12.0859375,14.2734375,0.0,,/DATACENTER3/zhenxiang.wang/work/TailGuardKV/.worktrees/baseline-smoke-final-aggregation/out/full_25session_baseline_9_14/full/policy_attempts/tight_budget_preflight_20260916_h2o_static_safe/seed20260906,,,hybrid-session-003,summary,86.88792795874178,4,risk_evidence_insufficient,20260906
full_gpu,13.0,0.1,False,False,online_qwen,False,,/DATACENTER3/zhenxiang.wang/work/TailGuardKV/.worktrees/baseline-smoke-final-aggregation/out/full_25session_baseline_9_14/full/policy_attempts/tight_budget_preflight_20260916_h2o_static_safe/seed20260906/config.yaml,,,,,,True,,,,0,True,full_gpu,True,,balanced_two_gpu,1,persistent,28050.040672998875,18782,31862.919928971678,,469.6015625,176.09375,15.5859375,15.5859375,2.1875,1159.8424550611526,unknown,True,,True,,False,,15250.220703125,False,full_lru,False,,,full_gpu,,,risk_evidence_insufficient,0.0,full precision exact profile,0.0,,,,hybrid-session-004-turn-4,15.5859375,13.3984375,15.5859375,0.0,,/DATACENTER3/zhenxiang.wang/work/TailGuardKV/.worktrees/baseline-smoke-final-aggregation/out/full_25session_baseline_9_14/full/policy_attempts/tight_budget_preflight_20260916_h2o_static_safe/seed20260906,,,hybrid-session-004,qa,84.01292795315385,4,risk_evidence_insufficient,20260906
full_gpu,13.0,0.1,False,False,online_qwen,False,,/DATACENTER3/zhenxiang.wang/work/TailGuardKV/.worktrees/baseline-smoke-final-aggregation/out/full_25session_baseline_9_14/full/policy_attempts/tight_budget_preflight_20260916_h2o_static_safe/seed20260906/config.yaml,,,,,,True,,,,0,True,full_gpu,True,,balanced_two_gpu,1,persistent,28050.040672998875,18782,31862.919928971678,,469.6015625,178.28125,15.1484375,15.1484375,2.1875,1179.0623250417411,unknown,True,,True,,False,,15252.40625,False,full_lru,False,,,full_gpu,,,risk_evidence_insufficient,0.0,full precision exact profile,0.0,,,,hybrid-session-005-turn-4,15.1484375,12.9609375,15.1484375,0.0,,/DATACENTER3/zhenxiang.wang/work/TailGuardKV/.worktrees/baseline-smoke-final-aggregation/out/full_25session_baseline_9_14/full/policy_attempts/tight_budget_preflight_20260916_h2o_static_safe/seed20260906,,,hybrid-session-005,summary,86.12165390513837,4,risk_evidence_insufficient,20260906
full_gpu,13.0,0.1,False,False,online_qwen,False,,/DATACENTER3/zhenxiang.wang/work/TailGuardKV/.worktrees/baseline-smoke-final-aggregation/out/full_25session_baseline_9_14/full/policy_attempts/tight_budget_preflight_20260916_h2o_static_safe/seed20260906/config.yaml,,,,,,True,,,,0,True,full_gpu,True,,balanced_two_gpu,1,persistent,28050.040672998875,18782,31862.919928971678,,469.6015625,180.46875,17.5546875,17.5546875,2.1875,1171.8714081216604,unknown,True,,True,,False,,15254.603515625,False,full_lru,False,,,full_gpu,,,risk_evidence_insufficient,0.0,full precision exact profile,0.0,,,,hybrid-session-006-turn-4,17.5546875,15.3671875,17.5546875,0.0,,/DATACENTER3/zhenxiang.wang/work/TailGuardKV/.worktrees/baseline-smoke-final-aggregation/out/full_25session_baseline_9_14/full/policy_attempts/tight_budget_preflight_20260916_h2o_static_safe/seed20260906,,,hybrid-session-006,qa,79.04576300643384,4,risk_evidence_insufficient,20260906
full_gpu,13.0,0.1,True,False,online_qwen,False,,/DATACENTER3/zhenxiang.wang/work/TailGuardKV/.worktrees/baseline-smoke-final-aggregation/out/full_25session_baseline_9_14/full/policy_attempts/tight_budget_preflight_20260916_h2o_static_safe/seed20260906/config.yaml,,,,,,True,,,,0,True,full_gpu,True,,balanced_two_gpu,1,persistent,28050.040672998875,18782,31862.919928971678,,469.6015625,182.65625,14.0546875,14.0546875,2.1875,1184.2252449132502,unknown,True,0.0,True,,False,,15256.775390625,False,full_lru,False,,,full_gpu,,,risk_evidence_insufficient,0.0,full precision exact profile,0.0,,,,hybrid-session-009-turn-4,14.0546875,11.8671875,14.0546875,0.0,,/DATACENTER3/zhenxiang.wang/work/TailGuardKV/.worktrees/baseline-smoke-final-aggregation/out/full_25session_baseline_9_14/full/policy_attempts/tight_budget_preflight_20260916_h2o_static_safe/seed20260906,,,hybrid-session-009,summary,86.11207595095038,4,risk_evidence_insufficient,20260906
full_gpu,13.0,0.1,False,False,online_qwen,False,,/DATACENTER3/zhenxiang.wang/work/TailGuardKV/.worktrees/baseline-smoke-final-aggregation/out/full_25session_baseline_9_14/full/policy_attempts/tight_budget_preflight_20260916_h2o_static_safe/seed20260906/config.yaml,,,,,,True,,,,0,True,full_gpu,True,,balanced_two_gpu,1,persistent,28050.040672998875,18782,31862.919928971678,,469.6015625,184.84375,14.765625,14.765625,2.1875,1178.225919837132,unknown,True,,True,,False,,15258.96484375,False,full_lru,False,,,full_gpu,,,risk_evidence_insufficient,0.0,full precision exact profile,0.0,,,,hybrid-session-010-turn-4,14.765625,12.578125,14.765625,0.0,,/DATACENTER3/zhenxiang.wang/work/TailGuardKV/.worktrees/baseline-smoke-final-aggregation/out/full_25session_baseline_9_14/full/policy_attempts/tight_budget_preflight_20260916_h2o_static_safe/seed20260906,,,hybrid-session-010,qa,85.624038008973,4,risk_evidence_insufficient,20260906
full_gpu,13.0,0.1,True,False,online_qwen,False,,/DATACENTER3/zhenxiang.wang/work/TailGuardKV/.worktrees/baseline-smoke-final-aggregation/out/full_25session_baseline_9_14/full/policy_attempts/tight_budget_preflight_20260916_h2o_static_safe/seed20260906/config.yaml,,,,,,True,,,,0,True,full_gpu,True,,balanced_two_gpu,1,persistent,28050.040672998875,18782,31862.919928971678,,469.6015625,187.03125,14.328125,14.328125,2.1875,1185.2057839278132,unknown,True,0.0,True,,False,,15261.15185546875,False,full_lru,False,,,full_gpu,,,risk_evidence_insufficient,0.0,full precision exact profile,0.0,,,,hybrid-session-013-turn-4,14.328125,12.140625,14.328125,0.0,,/DATACENTER3/zhenxiang.wang/work/TailGuardKV/.worktrees/baseline-smoke-final-aggregation/out/full_25session_baseline_9_14/full/policy_attempts/tight_budget_preflight_20260916_h2o_static_safe/seed20260906,,,hybrid-session-013,summary,86.49465208873153,4,risk_evidence_insufficient,20260906
full_gpu,13.0,0.1,False,False,online_qwen,False,,/DATACENTER3/zhenxiang.wang/work/TailGuardKV/.worktrees/baseline-smoke-final-aggregation/out/full_25session_baseline_9_14/full/policy_attempts/tight_budget_preflight_20260916_h2o_static_safe/seed20260906/config.yaml,,,,,,True,,,,0,True,full_gpu,True,,balanced_two_gpu,1,persistent,28050.040672998875,18782,31862.919928971678,,469.6015625,189.21875,15.2578125,15.2578125,2.1875,1161.0905670095235,unknown,True,,True,,False,,15263.34375,False,full_lru,False,,,full_gpu,,,risk_evidence_insufficient,0.0,full precision exact profile,0.0,,,,hybrid-session-016-turn-4,15.2578125,13.0703125,15.2578125,0.0,,/DATACENTER3/zhenxiang.wang/work/TailGuardKV/.worktrees/baseline-smoke-final-aggregation/out/full_25session_baseline_9_14/full/policy_attempts/tight_budget_preflight_20260916_h2o_static_safe/seed20260906,,,hybrid-session-016,qa,77.72844820283353,4,risk_evidence_insufficient,20260906
full_gpu,13.0,0.1,False,False,online_qwen,False,,/DATACENTER3/zhenxiang.wang/work/TailGuardKV/.worktrees/baseline-smoke-final-aggregation/out/full_25session_baseline_9_14/full/policy_attempts/tight_budget_preflight_20260916_h2o_static_safe/seed20260906/config.yaml,,,,,,True,,,,0,True,full_gpu,True,,balanced_two_gpu,1,persistent,28050.040672998875,18782,31862.919928971678,,469.6015625,191.40625,15.3125,15.3125,2.1875,1169.2868270911276,unknown,True,,True,,False,,15265.53271484375,False,full_lru,False,,,full_gpu,,,risk_evidence_insufficient,0.0,full precision exact profile,0.0,,,,hybrid-session-020-turn-4,15.3125,13.125,15.3125,0.0,,/DATACENTER3/zhenxiang.wang/work/TailGuardKV/.worktrees/baseline-smoke-final-aggregation/out/full_25session_baseline_9_14/full/policy_attempts/tight_budget_preflight_20260916_h2o_static_safe/seed20260906,,,hybrid-session-020,qa,85.34495998173952,4,risk_evidence_insufficient,20260906
full_gpu,13.0,0.1,False,False,online_qwen,False,,/DATACENTER3/zhenxiang.wang/work/TailGuardKV/.worktrees/baseline-smoke-final-aggregation/out/full_25session_baseline_9_14/full/policy_attempts/tight_budget_preflight_20260916_h2o_static_safe/seed20260906/config.yaml,,,,,,True,,,,0,True,full_gpu,True,,balanced_two_gpu,1,persistent,28050.040672998875,18782,31862.919928971678,,469.6015625,193.59375,15.8046875,15.8046875,2.1875,1187.562779057771,unknown,True,,True,,False,,15267.72216796875,False,full_lru,False,,,full_gpu,,,risk_evidence_insufficient,0.0,full precision exact profile,0.0,,,,hybrid-session-021-turn-4,15.8046875,13.6171875,15.8046875,0.0,,/DATACENTER3/zhenxiang.wang/work/TailGuardKV/.worktrees/baseline-smoke-final-aggregation/out/full_25session_baseline_9_14/full/policy_attempts/tight_budget_preflight_20260916_h2o_static_safe/seed20260906,,,hybrid-session-021,summary,85.73002903722227,4,risk_evidence_insufficient,20260906
full_gpu,13.0,0.1,False,False,online_qwen,False,,/DATACENTER3/zhenxiang.wang/work/TailGuardKV/.worktrees/baseline-smoke-final-aggregation/out/full_25session_baseline_9_14/full/policy_attempts/tight_budget_preflight_20260916_h2o_static_safe/seed20260906/config.yaml,,,,,,True,,,,0,True,full_gpu,True,,balanced_two_gpu,1,persistent,28050.040672998875,18782,31862.919928971678,,469.6015625,195.78125,14.4921875,14.4921875,2.1875,1173.2747938949615,unknown,True,,True,,False,,15269.90185546875,False,full_lru,False,,,full_gpu,,,risk_evidence_insufficient,0.0,full precision exact profile,0.0,,,,hybrid-session-025-turn-4,14.4921875,12.3046875,14.4921875,0.0,,/DATACENTER3/zhenxiang.wang/work/TailGuardKV/.worktrees/baseline-smoke-final-aggregation/out/full_25session_baseline_9_14/full/policy_attempts/tight_budget_preflight_20260916_h2o_static_safe/seed20260906,,,hybrid-session-025,summary,80.03021799959242,4,risk_evidence_insufficient,20260906
full_gpu,13.0,0.1,False,False,online_qwen,False,,/DATACENTER3/zhenxiang.wang/work/TailGuardKV/.worktrees/baseline-smoke-final-aggregation/out/full_25session_baseline_9_14/full/policy_attempts/tight_budget_preflight_20260916_h2o_static_safe/seed20260906/config.yaml,,,,,,True,,,,0,True,full_gpu,True,,balanced_two_gpu,1,persistent,28050.040672998875,18782,31862.919928971678,,469.6015625,197.96875,16.078125,16.078125,2.1875,1174.8647110071033,unknown,True,,True,,False,,15272.09765625,False,full_lru,False,,,full_gpu,,,risk_evidence_insufficient,0.0,full precision exact profile,0.0,,,,hybrid-session-026-turn-4,16.078125,13.890625,16.078125,0.0,,/DATACENTER3/zhenxiang.wang/work/TailGuardKV/.worktrees/baseline-smoke-final-aggregation/out/full_25session_baseline_9_14/full/policy_attempts/tight_budget_preflight_20260916_h2o_static_safe/seed20260906,,,hybrid-session-026,qa,83.47580814734101,4,risk_evidence_insufficient,20260906
kivi_4bit_residual64,1.0,0.1,False,False,online_qwen,False,,/DATACENTER3/zhenxiang.wang/work/TailGuardKV/.worktrees/baseline-smoke-final-aggregation/out/full_25session_baseline_9_14/full/policy_attempts/tight_budget_preflight_20260916_h2o_static_safe/seed20260906/config.yaml,,,,,0.05,True,,0.05,,0,False,kivi_4bit_residual64,True,,balanced_two_gpu,1,persistent,26992.511607008055,20511,30836.374716134742,,469.6015625,2.078125,2.078125,2.078125,2.078125,4938.005363103002,unknown,True,,True,,False,,15070.54150390625,True,static_best,False,0.0,0.0,kivi_4bit_residual64,0.0,,risk_evidence_insufficient,0.0,static_best,0.0,,,,hybrid-session-002-turn-0,2.078125,0.0,2.078125,0.0,0.0,/DATACENTER3/zhenxiang.wang/work/TailGuardKV/.worktrees/baseline-smoke-final-aggregation/out/full_25session_baseline_9_14/full/policy_attempts/tight_budget_preflight_20260916_h2o_static_safe/seed20260906,True,calibrated safe,hybrid-session-002,chat,3731.8886301945895,0,risk_evidence_insufficient,20260906
kivi_4bit_residual64,2.0,0.1,False,False,online_qwen,False,,/DATACENTER3/zhenxiang.wang/work/TailGuardKV/.worktrees/baseline-smoke-final-aggregation/out/full_25session_baseline_9_14/full/policy_attempts/tight_budget_preflight_20260916_h2o_static_safe/seed20260906/config.yaml,,,,,0.05,True,,0.05,,0,False,kivi_4bit_residual64,True,,balanced_two_gpu,1,persistent,26992.511607008055,20511,30836.374716134742,,469.6015625,3.5546875,1.4765625,1.4765625,1.4765625,1274.400951107964,unknown,True,,True,,False,,15055.19384765625,True,static_best,False,0.0,0.0,kivi_4bit_residual64,0.0,,risk_evidence_insufficient,0.0,static_best,0.0,,,,hybrid-session-003-turn-0,1.4765625,0.0,1.4765625,0.0,0.0,/DATACENTER3/zhenxiang.wang/work/TailGuardKV/.worktrees/baseline-smoke-final-aggregation/out/full_25session_baseline_9_14/full/policy_attempts/tight_budget_preflight_20260916_h2o_static_safe/seed20260906,True,calibrated safe,hybrid-session-003,chat,80.15082916244864,0,risk_evidence_insufficient,20260906
kivi_4bit_residual64,3.0,0.1,False,False,online_qwen,False,,/DATACENTER3/zhenxiang.wang/work/TailGuardKV/.worktrees/baseline-smoke-final-aggregation/out/full_25session_baseline_9_14/full/policy_attempts/tight_budget_preflight_20260916_h2o_static_safe/seed20260906/config.yaml,,,,,0.05,True,,0.05,,0,False,kivi_4bit_residual64,True,,balanced_two_gpu,1,persistent,26992.511607008055,20511,30836.374716134742,,469.6015625,5.3046875,1.75,1.75,1.75,1316.9872029684484,unknown,True,,True,,False,,15063.70947265625,True,static_best,False,0.0,0.0,kivi_4bit_residual64,0.0,,risk_evidence_insufficient,0.0,static_best,0.0,,,,hybrid-session-004-turn-0,1.75,0.0,1.75,0.0,0.0,/DATACENTER3/zhenxiang.wang/work/TailGuardKV/.worktrees/baseline-smoke-final-aggregation/out/full_25session_baseline_9_14/full/policy_attempts/tight_budget_preflight_20260916_h2o_static_safe/seed20260906,True,calibrated safe,hybrid-session-004,chat,94.14830594323575,0,risk_evidence_insufficient,20260906
kivi_4bit_residual64,4.0,0.1,False,False,online_qwen,False,,/DATACENTER3/zhenxiang.wang/work/TailGuardKV/.worktrees/baseline-smoke-final-aggregation/out/full_25session_baseline_9_14/full/policy_attempts/tight_budget_preflight_20260916_h2o_static_safe/seed20260906/config.yaml,,,,,0.05,True,,0.05,,0,False,kivi_4bit_residual64,True,,balanced_two_gpu,1,persistent,26992.511607008055,20511,30836.374716134742,,469.6015625,7.21875,1.9140625,1.9140625,1.9140625,1295.4027308151126,unknown,True,,True,,False,,15070.26806640625,True,static_best,False,0.0,0.0,kivi_4bit_residual64,0.0,,risk_evidence_insufficient,0.0,static_best,0.0,,,,hybrid-session-005-turn-0,1.9140625,0.0,1.9140625,0.0,0.0,/DATACENTER3/zhenxiang.wang/work/TailGuardKV/.worktrees/baseline-smoke-final-aggregation/out/full_25session_baseline_9_14/full/policy_attempts/tight_budget_preflight_20260916_h2o_static_safe/seed20260906,True,calibrated safe,hybrid-session-005,chat,97.10075403563678,0,risk_evidence_insufficient,20260906
kivi_4bit_residual64,5.0,0.1,False,False,online_qwen,False,,/DATACENTER3/zhenxiang.wang/work/TailGuardKV/.worktrees/baseline-smoke-final-aggregation/out/full_25session_baseline_9_14/full/policy_attempts/tight_budget_preflight_20260916_h2o_static_safe/seed20260906/config.yaml,,,,,0.05,True,,0.05,,0,False,kivi_4bit_residual64,True,,balanced_two_gpu,1,persistent,26992.511607008055,20511,30836.374716134742,,469.6015625,9.84375,2.625,2.625,2.625,1282.2783959563822,unknown,True,,True,,False,,15093.27587890625,True,static_best,False,0.0,0.0,kivi_4bit_residual64,0.0,,risk_evidence_insufficient,0.0,static_best,0.0,,,,hybrid-session-006-turn-0,2.625,0.0,2.625,0.0,0.0,/DATACENTER3/zhenxiang.wang/work/TailGuardKV/.worktrees/baseline-smoke-final-aggregation/out/full_25session_baseline_9_14/full/policy_attempts/tight_budget_preflight_20260916_h2o_static_safe/seed20260906,True,calibrated safe,hybrid-session-006,chat,99.86547892913222,0,risk_evidence_insufficient,20260906
kivi_4bit_residual64,6.0,0.1,False,False,online_qwen,False,,/DATACENTER3/zhenxiang.wang/work/TailGuardKV/.worktrees/baseline-smoke-final-aggregation/out/full_25session_baseline_9_14/full/policy_attempts/tight_budget_preflight_20260916_h2o_static_safe/seed20260906/config.yaml,,,,,0.05,True,,0.05,,0,False,kivi_4bit_residual64,True,,balanced_two_gpu,1,persistent,26992.511607008055,20511,30836.374716134742,,469.6015625,11.5390625,1.6953125,1.6953125,1.6953125,1276.7112478613853,unknown,True,,True,,False,,15068.48681640625,True,static_best,False,0.0,0.0,kivi_4bit_residual64,0.0,,risk_evidence_insufficient,0.0,static_best,0.0,,,,hybrid-session-009-turn-0,1.6953125,0.0,1.6953125,0.0,0.0,/DATACENTER3/zhenxiang.wang/work/TailGuardKV/.worktrees/baseline-smoke-final-aggregation/out/full_25session_baseline_9_14/full/policy_attempts/tight_budget_preflight_20260916_h2o_static_safe/seed20260906,True,calibrated safe,hybrid-session-009,chat,96.81563498452306,0,risk_evidence_insufficient,20260906
kivi_4bit_residual64,7.0,0.1,False,False,online_qwen,False,,/DATACENTER3/zhenxiang.wang/work/TailGuardKV/.worktrees/baseline-smoke-final-aggregation/out/full_25session_baseline_9_14/full/policy_attempts/tight_budget_preflight_20260916_h2o_static_safe/seed20260906/config.yaml,,,,,0.05,True,,0.05,,0,False,kivi_4bit_residual64,True,,balanced_two_gpu,1,persistent,26992.511607008055,20511,30836.374716134742,,469.6015625,13.0703125,1.53125,1.53125,1.53125,1276.7647029832006,unknown,True,,True,,False,,15065.87646484375,True,static_best,False,0.0,0.0,kivi_4bit_residual64,0.0,,risk_evidence_insufficient,0.0,static_best,0.0,,,,hybrid-session-010-turn-0,1.53125,0.0,1.53125,0.0,0.0,/DATACENTER3/zhenxiang.wang/work/TailGuardKV/.worktrees/baseline-smoke-final-aggregation/out/full_25session_baseline_9_14/full/policy_attempts/tight_budget_preflight_20260916_h2o_static_safe/seed20260906,True,calibrated safe,hybrid-session-010,chat,86.06937900185585,0,risk_evidence_insufficient,20260906
kivi_4bit_residual64,8.0,0.1,False,False,online_qwen,False,,/DATACENTER3/zhenxiang.wang/work/TailGuardKV/.worktrees/baseline-smoke-final-aggregation/out/full_25session_baseline_9_14/full/policy_attempts/tight_budget_preflight_20260916_h2o_static_safe/seed20260906/config.yaml,,,,,0.05,True,,0.05,,0,False,kivi_4bit_residual64,True,,balanced_two_gpu,1,persistent,26992.511607008055,20511,30836.374716134742,,469.6015625,14.875,1.8046875,1.8046875,1.8046875,1289.2407590989023,unknown,True,,True,,False,,15074.73681640625,True,static_best,False,0.0,0.0,kivi_4bit_residual64,0.0,,risk_evidence_insufficient,0.0,static_best,0.0,,,,hybrid-session-013-turn-0,1.8046875,0.0,1.8046875,0.0,0.0,/DATACENTER3/zhenxiang.wang/work/TailGuardKV/.worktrees/baseline-smoke-final-aggregation/out/full_25session_baseline_9_14/full/policy_attempts/tight_budget_preflight_20260916_h2o_static_safe/seed20260906,True,calibrated safe,hybrid-session-013,chat,97.15016395784914,0,risk_evidence_insufficient,20260906
kivi_4bit_residual64,9.0,0.1,False,False,online_qwen,False,,/DATACENTER3/zhenxiang.wang/work/TailGuardKV/.worktrees/baseline-smoke-final-aggregation/out/full_25session_baseline_9_14/full/policy_attempts/tight_budget_preflight_20260916_h2o_static_safe/seed20260906/config.yaml,,,,,0.05,True,,0.05,,0,False,kivi_4bit_residual64,True,,balanced_two_gpu,1,persistent,26992.511607008055,20511,30836.374716134742,,469.6015625,17.5,2.625,2.625,2.625,1288.1313988473266,unknown,True,,True,,False,,15100.93212890625,True,static_best,False,0.0,0.0,kivi_4bit_residual64,0.0,,risk_evidence_insufficient,0.0,static_best,0.0,,,,hybrid-session-016-turn-0,2.625,0.0,2.625,0.0,0.0,/DATACENTER3/zhenxiang.wang/work/TailGuardKV/.worktrees/baseline-smoke-final-aggregation/out/full_25session_baseline_9_14/full/policy_attempts/tight_budget_preflight_20260916_h2o_static_safe/seed20260906,True,calibrated safe,hybrid-session-016,chat,99.33913894928992,0,risk_evidence_insufficient,20260906
kivi_4bit_residual64,10.0,0.1,False,False,online_qwen,False,,/DATACENTER3/zhenxiang.wang/work/TailGuardKV/.worktrees/baseline-smoke-final-aggregation/out/full_25session_baseline_9_14/full/policy_attempts/tight_budget_preflight_20260916_h2o_static_safe/seed20260906/config.yaml,,,,,0.05,True,,0.05,,0,False,kivi_4bit_residual64,True,,balanced_two_gpu,1,persistent,26992.511607008055,20511,30836.374716134742,,469.6015625,19.90625,2.40625,2.40625,2.40625,1286.008669063449,unknown,True,,True,,False,,15095.79541015625,True,static_best,False,0.0,0.0,kivi_4bit_residual64,0.0,,risk_evidence_insufficient,0.0,static_best,0.0,,,,hybrid-session-020-turn-0,2.40625,0.0,2.40625,0.0,0.0,/DATACENTER3/zhenxiang.wang/work/TailGuardKV/.worktrees/baseline-smoke-final-aggregation/out/full_25session_baseline_9_14/full/policy_attempts/tight_budget_preflight_20260916_h2o_static_safe/seed20260906,True,calibrated safe,hybrid-session-020,chat,99.00928102433681,0,risk_evidence_insufficient,20260906
kivi_4bit_residual64,11.0,0.1,False,False,online_qwen,False,,/DATACENTER3/zhenxiang.wang/work/TailGuardKV/.worktrees/baseline-smoke-final-aggregation/out/full_25session_baseline_9_14/full/policy_attempts/tight_budget_preflight_20260916_h2o_static_safe/seed20260906/config.yaml,,,,,0.05,True,,0.05,,0,False,kivi_4bit_residual64,True,,balanced_two_gpu,1,persistent,26992.511607008055,20511,30836.374716134742,,469.6015625,22.203125,2.296875,2.296875,2.296875,1290.825913194567,unknown,True,,True,,False,,15095.17822265625,True,static_best,False,0.0,0.0,kivi_4bit_residual64,0.0,,risk_evidence_insufficient,0.0,static_best,0.0,,,,hybrid-session-021-turn-0,2.296875,0.0,2.296875,0.0,0.0,/DATACENTER3/zhenxiang.wang/work/TailGuardKV/.worktrees/baseline-smoke-final-aggregation/out/full_25session_baseline_9_14/full/policy_attempts/tight_budget_preflight_20260916_h2o_static_safe/seed20260906,True,calibrated safe,hybrid-session-021,chat,100.46220617368817,0,risk_evidence_insufficient,20260906
kivi_4bit_residual64,12.0,0.1,False,False,online_qwen,False,,/DATACENTER3/zhenxiang.wang/work/TailGuardKV/.worktrees/baseline-smoke-final-aggregation/out/full_25session_baseline_9_14/full/policy_attempts/tight_budget_preflight_20260916_h2o_static_safe/seed20260906/config.yaml,,,,,0.05,True,,0.05,,0,False,kivi_4bit_residual64,True,,balanced_two_gpu,1,persistent,26992.511607008055,20511,30836.374716134742,,469.6015625,24.171875,1.96875,1.96875,1.96875,1278.8095471914858,unknown,True,,True,,False,,15088.40478515625,True,static_best,False,0.0,0.0,kivi_4bit_residual64,0.0,,risk_evidence_insufficient,0.0,static_best,0.0,,,,hybrid-session-025-turn-0,1.96875,0.0,1.96875,0.0,0.0,/DATACENTER3/zhenxiang.wang/work/TailGuardKV/.worktrees/baseline-smoke-final-aggregation/out/full_25session_baseline_9_14/full/policy_attempts/tight_budget_preflight_20260916_h2o_static_safe/seed20260906,True,calibrated safe,hybrid-session-025,chat,97.151166992262,0,risk_evidence_insufficient,20260906
kivi_4bit_residual64,13.0,0.1,False,False,online_qwen,False,,/DATACENTER3/zhenxiang.wang/work/TailGuardKV/.worktrees/baseline-smoke-final-aggregation/out/full_25session_baseline_9_14/full/policy_attempts/tight_budget_preflight_20260916_h2o_static_safe/seed20260906/config.yaml,,,,,0.05,True,,0.05,,0,False,kivi_4bit_residual64,True,,balanced_two_gpu,1,persistent,26992.511607008055,20511,30836.374716134742,,469.6015625,26.359375,2.1875,2.1875,2.1875,1279.495766153559,unknown,True,,True,,False,,15096.42041015625,True,static_best,False,0.0,0.0,kivi_4bit_residual64,0.0,,risk_evidence_insufficient,0.0,static_best,0.0,,,,hybrid-session-026-turn-0,2.1875,0.0,2.1875,0.0,0.0,/DATACENTER3/zhenxiang.wang/work/TailGuardKV/.worktrees/baseline-smoke-final-aggregation/out/full_25session_baseline_9_14/full/policy_attempts/tight_budget_preflight_20260916_h2o_static_safe/seed20260906,True,calibrated safe,hybrid-session-026,chat,99.6968881227076,0,risk_evidence_insufficient,20260906
kivi_4bit_residual64,13.0,0.1,False,False,online_qwen,False,,/DATACENTER3/zhenxiang.wang/work/TailGuardKV/.worktrees/baseline-smoke-final-aggregation/out/full_25session_baseline_9_14/full/policy_attempts/tight_budget_preflight_20260916_h2o_static_safe/seed20260906/config.yaml,,,,,0.05,True,,0.05,,0,False,kivi_4bit_residual64,True,,balanced_two_gpu,1,persistent,26992.511607008055,20511,30836.374716134742,,469.6015625,26.829345703125,2.548095703125,2.548095703125,0.469970703125,4794.488094979897,unknown,True,,True,,False,,15088.02685546875,True,static_best,False,0.0,0.0,kivi_4bit_residual64,0.0,,risk_evidence_insufficient,0.0,static_best,0.0,,,,hybrid-session-002-turn-1,2.548095703125,2.078125,2.548095703125,0.0,0.0,/DATACENTER3/zhenxiang.wang/work/TailGuardKV/.worktrees/baseline-smoke-final-aggregation/out/full_25session_baseline_9_14/full/policy_attempts/tight_budget_preflight_20260916_h2o_static_safe/seed20260906,True,calibrated safe,hybrid-session-002,chat,97.75805403478444,1,risk_evidence_insufficient,20260906
kivi_4bit_residual64,13.0,0.1,True,False,online_qwen,False,,/DATACENTER3/zhenxiang.wang/work/TailGuardKV/.worktrees/baseline-smoke-final-aggregation/out/full_25session_baseline_9_14/full/policy_attempts/tight_budget_preflight_20260916_h2o_static_safe/seed20260906/config.yaml,,,,,0.05,True,,0.05,,0,False,kivi_4bit_residual64,True,,balanced_two_gpu,1,persistent,26992.511607008055,20511,30836.374716134742,,469.6015625,28.251220703125,2.8984375,2.8984375,1.421875,1312.7950259950012,unknown,True,,True,,False,,15078.74658203125,True,static_best,False,0.0,0.0,kivi_4bit_residual64,0.0,,risk_evidence_insufficient,0.0308988094329834,static_best,0.0,,,,hybrid-session-003-turn-1,2.8984375,1.4765625,2.8984375,0.0,0.0,/DATACENTER3/zhenxiang.wang/work/TailGuardKV/.worktrees/baseline-smoke-final-aggregation/out/full_25session_baseline_9_14/full/policy_attempts/tight_budget_preflight_20260916_h2o_static_safe/seed20260906,True,calibrated safe,hybrid-session-003,chat,91.9774528592825,1,risk_evidence_insufficient,20260906
kivi_4bit_residual64,13.0,0.1,False,False,online_qwen,False,,/DATACENTER3/zhenxiang.wang/work/TailGuardKV/.worktrees/baseline-smoke-final-aggregation/out/full_25session_baseline_9_14/full/policy_attempts/tight_budget_preflight_20260916_h2o_static_safe/seed20260906/config.yaml,,,,,0.05,True,,0.05,,0,False,kivi_4bit_residual64,True,,balanced_two_gpu,1,persistent,26992.511607008055,20511,30836.374716134742,,469.6015625,29.76708984375,3.265869140625,3.265869140625,1.515869140625,2017.388204112649,unknown,True,,True,,False,,15128.7724609375,True,static_best,False,0.0,0.0,kivi_4bit_residual64,0.0,,risk_evidence_insufficient,0.0,static_best,0.0,,,,hybrid-session-004-turn-1,3.265869140625,1.75,3.265869140625,0.0,0.0,/DATACENTER3/zhenxiang.wang/work/TailGuardKV/.worktrees/baseline-smoke-final-aggregation/out/full_25session_baseline_9_14/full/policy_attempts/tight_budget_preflight_20260916_h2o_static_safe/seed20260906,True,calibrated safe,hybrid-session-004,chat,173.15926006995142,1,risk_evidence_insufficient,20260906
kivi_4bit_residual64,13.0,0.1,False,False,online_qwen,False,,/DATACENTER3/zhenxiang.wang/work/TailGuardKV/.worktrees/baseline-smoke-final-aggregation/out/full_25session_baseline_9_14/full/policy_attempts/tight_budget_preflight_20260916_h2o_static_safe/seed20260906/config.yaml,,,,,0.05,True,,0.05,,0,False,kivi_4bit_residual64,True,,balanced_two_gpu,1,persistent,26992.511607008055,20511,30836.374716134742,,469.6015625,30.65234375,2.79931640625,2.79931640625,0.88525390625,1868.0851329118013,unknown,True,,True,,False,,15106.55908203125,True,static_best,False,0.0,0.0,kivi_4bit_residual64,0.0,,risk_evidence_insufficient,0.0,static_best,0.0,,,,hybrid-session-005-turn-1,2.79931640625,1.9140625,2.79931640625,0.0,0.0,/DATACENTER3/zhenxiang.wang/work/TailGuardKV/.worktrees/baseline-smoke-final-aggregation/out/full_25session_baseline_9_14/full/policy_attempts/tight_budget_preflight_20260916_h2o_static_safe/seed20260906,True,calibrated safe,hybrid-session-005,chat,99.11519195884466,1,risk_evidence_insufficient,20260906
kivi_4bit_residual64,13.0,0.1,False,False,online_qwen,False,,/DATACENTER3/zhenxiang.wang/work/TailGuardKV/.worktrees/baseline-smoke-final-aggregation/out/full_25session_baseline_9_14/full/policy_attempts/tight_budget_preflight_20260916_h2o_static_safe/seed20260906/config.yaml,,,,,0.05,True,,0.05,,0,False,kivi_4bit_residual64,True,,balanced_two_gpu,1,persistent,26992.511607008055,20511,30836.374716134742,,469.6015625,31.47265625,3.4453125,3.4453125,0.8203125,1972.4578610621393,unknown,True,,True,,False,,15114.3935546875,True,static_best,False,0.0,0.0,kivi_4bit_residual64,0.0,,risk_evidence_insufficient,0.0,static_best,0.0,,,,hybrid-session-006-turn-1,3.4453125,2.625,3.4453125,0.0,0.0,/DATACENTER3/zhenxiang.wang/work/TailGuardKV/.worktrees/baseline-smoke-final-aggregation/out/full_25session_baseline_9_14/full/policy_attempts/tight_budget_preflight_20260916_h2o_static_safe/seed20260906,True,calibrated safe,hybrid-session-006,chat,154.932466102764,1,risk_evidence_insufficient,20260906
kivi_4bit_residual64,13.0,0.1,False,False,online_qwen,False,,/DATACENTER3/zhenxiang.wang/work/TailGuardKV/.worktrees/baseline-smoke-final-aggregation/out/full_25session_baseline_9_14/full/policy_attempts/tight_budget_preflight_20260916_h2o_static_safe/seed20260906/config.yaml,,,,,0.05,True,,0.05,,0,False,kivi_4bit_residual64,True,,balanced_two_gpu,1,persistent,26992.511607008055,20511,30836.374716134742,,469.6015625,33.16796875,3.390625,3.390625,1.6953125,1280.0963940098882,unknown,True,,True,,False,,15090.15771484375,True,static_best,False,0.0,0.0,kivi_4bit_residual64,0.0,,risk_evidence_insufficient,0.0,static_best,0.0,,,,hybrid-session-009-turn-1,3.390625,1.6953125,3.390625,0.0,0.0,/DATACENTER3/zhenxiang.wang/work/TailGuardKV/.worktrees/baseline-smoke-final-aggregation/out/full_25session_baseline_9_14/full/policy_attempts/tight_budget_preflight_20260916_h2o_static_safe/seed20260906,True,calibrated safe,hybrid-session-009,chat,83.66489387117326,1,risk_evidence_insufficient,20260906
kivi_4bit_residual64,13.0,0.1,False,False,online_qwen,False,,/DATACENTER3/zhenxiang.wang/work/TailGuardKV/.worktrees/baseline-smoke-final-aggregation/out/full_25session_baseline_9_14/full/policy_attempts/tight_budget_preflight_20260916_h2o_static_safe/seed20260906/config.yaml,,,,,0.05,True,,0.05,,0,False,kivi_4bit_residual64,True,,balanced_two_gpu,1,persistent,26992.511607008055,20511,30836.374716134742,,469.6015625,34.80859375,3.171875,3.171875,1.640625,1275.1363760326058,unknown,True,,True,,False,,15090.34130859375,True,static_best,False,0.0,0.0,kivi_4bit_residual64,0.0,,risk_evidence_insufficient,0.0,static_best,0.0,,,,hybrid-session-010-turn-1,3.171875,1.53125,3.171875,0.0,0.0,/DATACENTER3/zhenxiang.wang/work/TailGuardKV/.worktrees/baseline-smoke-final-aggregation/out/full_25session_baseline_9_14/full/policy_attempts/tight_budget_preflight_20260916_h2o_static_safe/seed20260906,True,calibrated safe,hybrid-session-010,chat,84.99344508163631,1,risk_evidence_insufficient,20260906
kivi_4bit_residual64,13.0,0.1,False,False,online_qwen,False,,/DATACENTER3/zhenxiang.wang/work/TailGuardKV/.worktrees/baseline-smoke-final-aggregation/out/full_25session_baseline_9_14/full/policy_attempts/tight_budget_preflight_20260916_h2o_static_safe/seed20260906/config.yaml,,,,,0.05,True,,0.05,,0,False,kivi_4bit_residual64,True,,balanced_two_gpu,1,persistent,26992.511607008055,20511,30836.374716134742,,469.6015625,36.23046875,3.2265625,3.2265625,1.421875,1271.9314678106457,unknown,True,,True,,False,,15086.74462890625,True,static_best,False,0.0,0.0,kivi_4bit_residual64,0.0,,risk_evidence_insufficient,0.0,static_best,0.0,,,,hybrid-session-013-turn-1,3.2265625,1.8046875,3.2265625,0.0,0.0,/DATACENTER3/zhenxiang.wang/work/TailGuardKV/.worktrees/baseline-smoke-final-aggregation/out/full_25session_baseline_9_14/full/policy_attempts/tight_budget_preflight_20260916_h2o_static_safe/seed20260906,True,calibrated safe,hybrid-session-013,chat,87.68438594415784,1,risk_evidence_insufficient,20260906
kivi_4bit_residual64,13.0,0.1,False,False,online_qwen,False,,/DATACENTER3/zhenxiang.wang/work/TailGuardKV/.worktrees/baseline-smoke-final-aggregation/out/full_25session_baseline_9_14/full/policy_attempts/tight_budget_preflight_20260916_h2o_static_safe/seed20260906/config.yaml,,,,,0.05,True,,0.05,,0,False,kivi_4bit_residual64,True,,balanced_two_gpu,1,persistent,26992.511607008055,20511,30836.374716134742,,469.6015625,36.297119140625,2.691650390625,2.691650390625,0.066650390625,1739.9562050122768,unknown,True,,True,,False,,15089.38818359375,True,static_best,False,0.0,0.0,kivi_4bit_residual64,0.0,,risk_evidence_insufficient,0.0,static_best,0.0,,,,hybrid-session-016-turn-1,2.691650390625,2.625,2.691650390625,0.0,0.0,/DATACENTER3/zhenxiang.wang/work/TailGuardKV/.worktrees/baseline-smoke-final-aggregation/out/full_25session_baseline_9_14/full/policy_attempts/tight_budget_preflight_20260916_h2o_static_safe/seed20260906,True,calibrated safe,hybrid-session-016,chat,83.99116504006088,1,risk_evidence_insufficient,20260906
kivi_4bit_residual64,13.0,0.1,False,False,online_qwen,False,,/DATACENTER3/zhenxiang.wang/work/TailGuardKV/.worktrees/baseline-smoke-final-aggregation/out/full_25session_baseline_9_14/full/policy_attempts/tight_budget_preflight_20260916_h2o_static_safe/seed20260906/config.yaml,,,,,0.05,True,,0.05,,0,False,kivi_4bit_residual64,True,,balanced_two_gpu,1,persistent,26992.511607008055,20511,30836.374716134742,,469.6015625,36.690185546875,2.79931640625,2.79931640625,0.39306640625,1887.478057993576,unknown,True,,True,,False,,15100.35595703125,True,static_best,False,0.0,0.0,kivi_4bit_residual64,0.0,,risk_evidence_insufficient,0.0,static_best,0.0,,,,hybrid-session-020-turn-1,2.79931640625,2.40625,2.79931640625,0.0,0.0,/DATACENTER3/zhenxiang.wang/work/TailGuardKV/.worktrees/baseline-smoke-final-aggregation/out/full_25session_baseline_9_14/full/policy_attempts/tight_budget_preflight_20260916_h2o_static_safe/seed20260906,True,calibrated safe,hybrid-session-020,chat,100.59500182978809,1,risk_evidence_insufficient,20260906
kivi_4bit_residual64,13.0,0.1,False,False,online_qwen,False,,/DATACENTER3/zhenxiang.wang/work/TailGuardKV/.worktrees/baseline-smoke-final-aggregation/out/full_25session_baseline_9_14/full/policy_attempts/tight_budget_preflight_20260916_h2o_static_safe/seed20260906/config.yaml,,,,,0.05,True,,0.05,,0,False,kivi_4bit_residual64,True,,balanced_two_gpu,1,persistent,26992.511607008055,20511,30836.374716134742,,469.6015625,37.3720703125,2.978759765625,2.978759765625,0.681884765625,1961.54795284383,unknown,True,,True,,False,,15109.2490234375,True,static_best,False,0.0,0.0,kivi_4bit_residual64,0.0,,risk_evidence_insufficient,0.0,static_best,0.0,,,,hybrid-session-021-turn-1,2.978759765625,2.296875,2.978759765625,0.0,0.0,/DATACENTER3/zhenxiang.wang/work/TailGuardKV/.worktrees/baseline-smoke-final-aggregation/out/full_25session_baseline_9_14/full/policy_attempts/tight_budget_preflight_20260916_h2o_static_safe/seed20260906,True,calibrated safe,hybrid-session-021,chat,154.46336288005114,1,risk_evidence_insufficient,20260906
kivi_4bit_residual64,13.0,0.1,False,False,online_qwen,False,,/DATACENTER3/zhenxiang.wang/work/TailGuardKV/.worktrees/baseline-smoke-final-aggregation/out/full_25session_baseline_9_14/full/policy_attempts/tight_budget_preflight_20260916_h2o_static_safe/seed20260906/config.yaml,,,,,0.05,True,,0.05,,0,False,kivi_4bit_residual64,True,,balanced_two_gpu,1,persistent,26992.511607008055,20511,30836.374716134742,,469.6015625,38.6845703125,3.28125,3.28125,1.3125,1278.8761868141592,unknown,True,,True,,False,,15085.52294921875,True,static_best,False,0.005128205128205128,0.005128205128205128,kivi_4bit_residual64,0.005128205128205128,,risk_evidence_insufficient,0.0,static_best,0.0,,,,hybrid-session-025-turn-1,3.28125,1.96875,3.28125,0.0,0.005128205128205128,/DATACENTER3/zhenxiang.wang/work/TailGuardKV/.worktrees/baseline-smoke-final-aggregation/out/full_25session_baseline_9_14/full/policy_attempts/tight_budget_preflight_20260916_h2o_static_safe/seed20260906,True,calibrated safe,hybrid-session-025,chat,87.3271448072046,1,risk_evidence_insufficient,20260906
kivi_4bit_residual64,13.0,0.1,False,False,online_qwen,False,,/DATACENTER3/zhenxiang.wang/work/TailGuardKV/.worktrees/baseline-smoke-final-aggregation/out/full_25session_baseline_9_14/full/policy_attempts/tight_budget_preflight_20260916_h2o_static_safe/seed20260906/config.yaml,,,,,0.05,True,,0.05,,0,False,kivi_4bit_residual64,True,,balanced_two_gpu,1,persistent,26992.511607008055,20511,30836.374716134742,,469.6015625,39.547607421875,3.050537109375,3.050537109375,0.863037109375,1971.8445290345699,unknown,True,,True,,False,,15117.2783203125,True,static_best,False,0.0,0.0,kivi_4bit_residual64,0.0,,risk_evidence_insufficient,0.0,static_best,0.0,,,,hybrid-session-026-turn-1,3.050537109375,2.1875,3.050537109375,0.0,0.0,/DATACENTER3/zhenxiang.wang/work/TailGuardKV/.worktrees/baseline-smoke-final-aggregation/out/full_25session_baseline_9_14/full/policy_attempts/tight_budget_preflight_20260916_h2o_static_safe/seed20260906,True,calibrated safe,hybrid-session-026,chat,155.37091786973178,1,risk_evidence_insufficient,20260906
kivi_4bit_residual64,13.0,0.1,True,False,online_qwen,False,,/DATACENTER3/zhenxiang.wang/work/TailGuardKV/.worktrees/baseline-smoke-final-aggregation/out/full_25session_baseline_9_14/full/policy_attempts/tight_budget_preflight_20260916_h2o_static_safe/seed20260906/config.yaml,,,,,0.05,True,,0.05,,0,False,kivi_4bit_residual64,True,,balanced_two_gpu,1,persistent,26992.511607008055,20511,30836.374716134742,,469.6015625,41.591552734375,4.592041015625,4.592041015625,2.0439453125,2050.7904898840934,unknown,True,,True,,False,,15237.5693359375,True,static_best,False,0.0,0.0,kivi_4bit_residual64,0.0,,risk_evidence_insufficient,0.0,static_best,0.0,,,,hybrid-session-002-turn-2,4.592041015625,2.548095703125,4.592041015625,0.0,0.0,/DATACENTER3/zhenxiang.wang/work/TailGuardKV/.worktrees/baseline-smoke-final-aggregation/out/full_25session_baseline_9_14/full/policy_attempts/tight_budget_preflight_20260916_h2o_static_safe/seed20260906,True,calibrated safe,hybrid-session-002,qa,199.1292608436197,2,risk_evidence_insufficient,20260906
kivi_4bit_residual64,13.0,0.1,False,False,online_qwen,False,,/DATACENTER3/zhenxiang.wang/work/TailGuardKV/.worktrees/baseline-smoke-final-aggregation/out/full_25session_baseline_9_14/full/policy_attempts/tight_budget_preflight_20260916_h2o_static_safe/seed20260906/config.yaml,,,,,0.05,True,,0.05,,0,False,kivi_4bit_residual64,True,,balanced_two_gpu,1,persistent,26992.511607008055,20511,30836.374716134742,,469.6015625,43.84228515625,5.149169921875,5.149169921875,2.250732421875,2021.5443188790232,unknown,True,,True,,False,,15238.6494140625,True,static_best,False,0.0,0.0,kivi_4bit_residual64,0.0,,risk_evidence_insufficient,0.0,static_best,0.0,,,,hybrid-session-003-turn-2,5.149169921875,2.8984375,5.149169921875,0.0,0.0,/DATACENTER3/zhenxiang.wang/work/TailGuardKV/.worktrees/baseline-smoke-final-aggregation/out/full_25session_baseline_9_14/full/policy_attempts/tight_budget_preflight_20260916_h2o_static_safe/seed20260906,True,calibrated safe,hybrid-session-003,summary,182.76507686823606,2,risk_evidence_insufficient,20260906
kivi_4bit_residual64,13.0,0.1,False,False,online_qwen,False,,/DATACENTER3/zhenxiang.wang/work/TailGuardKV/.worktrees/baseline-smoke-final-aggregation/out/full_25session_baseline_9_14/full/policy_attempts/tight_budget_preflight_20260916_h2o_static_safe/seed20260906/config.yaml,,,,,0.05,True,,0.05,,0,False,kivi_4bit_residual64,True,,balanced_two_gpu,1,persistent,26992.511607008055,20511,30836.374716134742,,469.6015625,45.347900390625,4.771484375,4.771484375,1.505615234375,2051.4866730663925,unknown,True,,True,,False,,15217.580078125,True,static_best,False,0.03418803418803419,0.03418803418803419,kivi_4bit_residual64,0.03418803418803419,,risk_evidence_insufficient,0.0,static_best,0.0,,,,hybrid-session-004-turn-2,4.771484375,3.265869140625,4.771484375,0.0,0.3418803418803419,/DATACENTER3/zhenxiang.wang/work/TailGuardKV/.worktrees/baseline-smoke-final-aggregation/out/full_25session_baseline_9_14/full/policy_attempts/tight_budget_preflight_20260916_h2o_static_safe/seed20260906,False,calibrated unsafe,hybrid-session-004,qa,191.96344609372318,2,risk_evidence_insufficient,20260906
kivi_4bit_residual64,13.0,0.1,False,False,online_qwen,False,,/DATACENTER3/zhenxiang.wang/work/TailGuardKV/.worktrees/baseline-smoke-final-aggregation/out/full_25session_baseline_9_14/full/policy_attempts/tight_budget_preflight_20260916_h2o_static_safe/seed20260906/config.yaml,,,,,0.05,True,,0.05,,0,False,kivi_4bit_residual64,True,,balanced_two_gpu,1,persistent,26992.511607008055,20511,30836.374716134742,,469.6015625,47.06884765625,4.520263671875,4.520263671875,1.720947265625,2074.0187619812787,unknown,True,,True,,False,,15228.064453125,True,static_best,False,0.0,0.0,kivi_4bit_residual64,0.0,,risk_evidence_insufficient,0.0,static_best,0.0,,,,hybrid-session-005-turn-2,4.520263671875,2.79931640625,4.520263671875,0.0,0.0,/DATACENTER3/zhenxiang.wang/work/TailGuardKV/.worktrees/baseline-smoke-final-aggregation/out/full_25session_baseline_9_14/full/policy_attempts/tight_budget_preflight_20260916_h2o_static_safe/seed20260906,True,calibrated safe,hybrid-session-005,summary,191.46307883784175,2,risk_evidence_insufficient,20260906
kivi_4bit_residual64,13.0,0.1,False,False,online_qwen,False,,/DATACENTER3/zhenxiang.wang/work/TailGuardKV/.worktrees/baseline-smoke-final-aggregation/out/full_25session_baseline_9_14/full/policy_attempts/tight_budget_preflight_20260916_h2o_static_safe/seed20260906/config.yaml,,,,,0.05,True,,0.05,,0,False,kivi_4bit_residual64,True,,balanced_two_gpu,1,persistent,26992.511607008055,20511,30836.374716134742,,469.6015625,49.68701171875,6.0634765625,6.0634765625,2.6181640625,2045.9242349024862,unknown,True,,True,,False,,15265.92138671875,True,static_best,False,0.03418803418803419,0.03418803418803419,kivi_4bit_residual64,0.03418803418803419,,risk_evidence_insufficient,0.0,static_best,0.0,,,,hybrid-session-006-turn-2,6.0634765625,3.4453125,6.0634765625,0.0,0.3418803418803419,/DATACENTER3/zhenxiang.wang/work/TailGuardKV/.worktrees/baseline-smoke-final-aggregation/out/full_25session_baseline_9_14/full/policy_attempts/tight_budget_preflight_20260916_h2o_static_safe/seed20260906,False,calibrated unsafe,hybrid-session-006,qa,201.47039089351892,2,risk_evidence_insufficient,20260906
kivi_4bit_residual64,13.0,0.1,False,False,online_qwen,False,,/DATACENTER3/zhenxiang.wang/work/TailGuardKV/.worktrees/baseline-smoke-final-aggregation/out/full_25session_baseline_9_14/full/policy_attempts/tight_budget_preflight_20260916_h2o_static_safe/seed20260906/config.yaml,,,,,0.05,True,,0.05,,0,False,kivi_4bit_residual64,True,,balanced_two_gpu,1,persistent,26992.511607008055,20511,30836.374716134742,,469.6015625,51.302001953125,5.005615234375,5.005615234375,1.614990234375,1946.3418489322066,unknown,True,,True,,False,,15225.28515625,True,static_best,False,0.0,0.0,kivi_4bit_residual64,0.0,,risk_evidence_insufficient,0.0,static_best,0.0,,,,hybrid-session-009-turn-2,5.005615234375,3.390625,5.005615234375,0.0,0.0,/DATACENTER3/zhenxiang.wang/work/TailGuardKV/.worktrees/baseline-smoke-final-aggregation/out/full_25session_baseline_9_14/full/policy_attempts/tight_budget_preflight_20260916_h2o_static_safe/seed20260906,True,calibrated safe,hybrid-session-009,summary,168.63029287196696,2,risk_evidence_insufficient,20260906
kivi_4bit_residual64,13.0,0.1,False,False,online_qwen,False,,/DATACENTER3/zhenxiang.wang/work/TailGuardKV/.worktrees/baseline-smoke-final-aggregation/out/full_25session_baseline_9_14/full/policy_attempts/tight_budget_preflight_20260916_h2o_static_safe/seed20260906/config.yaml,,,,,0.05,True,,0.05,,0,False,kivi_4bit_residual64,True,,balanced_two_gpu,1,persistent,26992.511607008055,20511,30836.374716134742,,469.6015625,53.56640625,5.436279296875,5.436279296875,2.264404296875,1146.9877599738538,unknown,True,,True,,False,,15250.880859375,True,static_best,False,0.0,0.0,kivi_4bit_residual64,0.0,,risk_evidence_insufficient,0.0,static_best,0.0,,,,hybrid-session-010-turn-2,5.436279296875,3.171875,5.436279296875,0.0,0.0,/DATACENTER3/zhenxiang.wang/work/TailGuardKV/.worktrees/baseline-smoke-final-aggregation/out/full_25session_baseline_9_14/full/policy_attempts/tight_budget_preflight_20260916_h2o_static_safe/seed20260906,True,calibrated safe,hybrid-session-010,qa,118.77678195014596,2,risk_evidence_insufficient,20260906
kivi_4bit_residual64,13.0,0.1,True,False,online_qwen,False,,/DATACENTER3/zhenxiang.wang/work/TailGuardKV/.worktrees/baseline-smoke-final-aggregation/out/full_25session_baseline_9_14/full/policy_attempts/tight_budget_preflight_20260916_h2o_static_safe/seed20260906/config.yaml,,,,,0.05,True,,0.05,,0,False,kivi_4bit_residual64,True,,balanced_two_gpu,1,persistent,26992.511607008055,20511,30836.374716134742,,469.6015625,55.52490234375,5.18505859375,5.18505859375,1.95849609375,2072.163511067629,unknown,True,,True,,False,,15241.21484375,True,static_best,False,0.0,0.0,kivi_4bit_residual64,0.0,,risk_evidence_insufficient,0.0,static_best,0.0,,,,hybrid-session-013-turn-2,5.18505859375,3.2265625,5.18505859375,0.0,0.0,/DATACENTER3/zhenxiang.wang/work/TailGuardKV/.worktrees/baseline-smoke-final-aggregation/out/full_25session_baseline_9_14/full/policy_attempts/tight_budget_preflight_20260916_h2o_static_safe/seed20260906,True,calibrated safe,hybrid-session-013,summary,184.54593606293201,2,risk_evidence_insufficient,20260906
kivi_4bit_residual64,13.0,0.1,False,False,online_qwen,False,,/DATACENTER3/zhenxiang.wang/work/TailGuardKV/.worktrees/baseline-smoke-final-aggregation/out/full_25session_baseline_9_14/full/policy_attempts/tight_budget_preflight_20260916_h2o_static_safe/seed20260906/config.yaml,,,,,0.05,True,,0.05,,0,False,kivi_4bit_residual64,True,,balanced_two_gpu,1,persistent,26992.511607008055,20511,30836.374716134742,,469.6015625,57.389404296875,4.55615234375,4.55615234375,1.864501953125,2396.45071211271,unknown,True,,True,,False,,15244.291015625,True,static_best,False,0.0,0.0,kivi_4bit_residual64,0.0,,risk_evidence_insufficient,0.0,static_best,0.0,,,,hybrid-session-016-turn-2,4.55615234375,2.691650390625,4.55615234375,0.0,0.0,/DATACENTER3/zhenxiang.wang/work/TailGuardKV/.worktrees/baseline-smoke-final-aggregation/out/full_25session_baseline_9_14/full/policy_attempts/tight_budget_preflight_20260916_h2o_static_safe/seed20260906,True,calibrated safe,hybrid-session-016,qa,197.65676790848374,2,risk_evidence_insufficient,20260906
kivi_4bit_residual64,13.0,0.1,True,False,online_qwen,False,,/DATACENTER3/zhenxiang.wang/work/TailGuardKV/.worktrees/baseline-smoke-final-aggregation/out/full_25session_baseline_9_14/full/policy_attempts/tight_budget_preflight_20260916_h2o_static_safe/seed20260906/config.yaml,,,,,0.05,True,,0.05,,0,False,kivi_4bit_residual64,True,,balanced_two_gpu,1,persistent,26992.511607008055,20511,30836.374716134742,,469.6015625,59.18212890625,4.592041015625,4.592041015625,1.792724609375,2609.1119900811464,unknown,True,,True,,False,,15243.1875,True,static_best,False,0.03418803418803419,0.03418803418803419,kivi_4bit_residual64,0.03418803418803419,,risk_evidence_insufficient,0.0,static_best,0.0,,,,hybrid-session-020-turn-2,4.592041015625,2.79931640625,4.592041015625,0.0,0.3418803418803419,/DATACENTER3/zhenxiang.wang/work/TailGuardKV/.worktrees/baseline-smoke-final-aggregation/out/full_25session_baseline_9_14/full/policy_attempts/tight_budget_preflight_20260916_h2o_static_safe/seed20260906,False,calibrated unsafe,hybrid-session-020,qa,231.5080501139164,2,risk_evidence_insufficient,20260906
kivi_4bit_residual64,13.0,0.1,False,False,online_qwen,False,,/DATACENTER3/zhenxiang.wang/work/TailGuardKV/.worktrees/baseline-smoke-final-aggregation/out/full_25session_baseline_9_14/full/policy_attempts/tight_budget_preflight_20260916_h2o_static_safe/seed20260906/config.yaml,,,,,0.05,True,,0.05,,0,False,kivi_4bit_residual64,True,,balanced_two_gpu,1,persistent,26992.511607008055,20511,30836.374716134742,,469.6015625,61.154296875,4.950927734375,4.950927734375,1.97216796875,2619.155836990103,unknown,True,,True,,False,,15253.3935546875,True,static_best,False,0.0,0.0,kivi_4bit_residual64,0.0,,risk_evidence_insufficient,0.0,static_best,0.0,,,,hybrid-session-021-turn-2,4.950927734375,2.978759765625,4.950927734375,0.0,0.0,/DATACENTER3/zhenxiang.wang/work/TailGuardKV/.worktrees/baseline-smoke-final-aggregation/out/full_25session_baseline_9_14/full/policy_attempts/tight_budget_preflight_20260916_h2o_static_safe/seed20260906,True,calibrated safe,hybrid-session-021,summary,227.96179307624698,2,risk_evidence_insufficient,20260906
kivi_4bit_residual64,13.0,0.1,False,False,online_qwen,False,,/DATACENTER3/zhenxiang.wang/work/TailGuardKV/.worktrees/baseline-smoke-final-aggregation/out/full_25session_baseline_9_14/full/policy_attempts/tight_budget_preflight_20260916_h2o_static_safe/seed20260906/config.yaml,,,,,0.05,True,,0.05,,0,False,kivi_4bit_residual64,True,,balanced_two_gpu,1,persistent,26992.511607008055,20511,30836.374716134742,,469.6015625,63.165771484375,5.292724609375,5.292724609375,2.011474609375,2502.185319084674,unknown,True,,True,,False,,15251.8046875,True,static_best,False,0.0,0.0,kivi_4bit_residual64,0.0,,risk_evidence_insufficient,0.0,static_best,0.0,,,,hybrid-session-025-turn-2,5.292724609375,3.28125,5.292724609375,0.0,0.0,/DATACENTER3/zhenxiang.wang/work/TailGuardKV/.worktrees/baseline-smoke-final-aggregation/out/full_25session_baseline_9_14/full/policy_attempts/tight_budget_preflight_20260916_h2o_static_safe/seed20260906,True,calibrated safe,hybrid-session-025,summary,196.30885194055736,2,risk_evidence_insufficient,20260906
kivi_4bit_residual64,13.0,0.1,False,False,online_qwen,False,,/DATACENTER3/zhenxiang.wang/work/TailGuardKV/.worktrees/baseline-smoke-final-aggregation/out/full_25session_baseline_9_14/full/policy_attempts/tight_budget_preflight_20260916_h2o_static_safe/seed20260906/config.yaml,,,,,0.05,True,,0.05,,0,False,kivi_4bit_residual64,True,,balanced_two_gpu,1,persistent,26992.511607008055,20511,30836.374716134742,,469.6015625,65.209716796875,5.094482421875,5.094482421875,2.0439453125,2035.8271559234709,unknown,True,,True,,False,,15260.15673828125,True,static_best,False,0.03418803418803419,0.03418803418803419,kivi_4bit_residual64,0.03418803418803419,,risk_evidence_insufficient,0.0,static_best,0.0,,,,hybrid-session-026-turn-2,5.094482421875,3.050537109375,5.094482421875,0.0,0.3418803418803419,/DATACENTER3/zhenxiang.wang/work/TailGuardKV/.worktrees/baseline-smoke-final-aggregation/out/full_25session_baseline_9_14/full/policy_attempts/tight_budget_preflight_20260916_h2o_static_safe/seed20260906,False,calibrated unsafe,hybrid-session-026,qa,190.18160202540457,2,risk_evidence_insufficient,20260906
kivi_4bit_residual64,13.0,0.1,False,False,online_qwen,False,,/DATACENTER3/zhenxiang.wang/work/TailGuardKV/.worktrees/baseline-smoke-final-aggregation/out/full_25session_baseline_9_14/full/policy_attempts/tight_budget_preflight_20260916_h2o_static_safe/seed20260906/config.yaml,,,,,0.05,True,,0.05,,0,False,kivi_4bit_residual64,True,,balanced_two_gpu,1,persistent,26992.511607008055,20511,30836.374716134742,,469.6015625,66.82470703125,6.20703125,6.20703125,1.614990234375,2019.0800400450826,unknown,True,,True,,False,,15144.7421875,True,static_best,False,0.0,0.0,kivi_4bit_residual64,0.0,,risk_evidence_insufficient,0.0,static_best,0.0,,,,hybrid-session-002-turn-3,6.20703125,4.592041015625,6.20703125,0.0,0.0,/DATACENTER3/zhenxiang.wang/work/TailGuardKV/.worktrees/baseline-smoke-final-aggregation/out/full_25session_baseline_9_14/full/policy_attempts/tight_budget_preflight_20260916_h2o_static_safe/seed20260906,True,calibrated safe,hybrid-session-002,qa,148.60863098874688,3,risk_evidence_insufficient,20260906
kivi_4bit_residual64,13.0,0.1,False,False,online_qwen,False,,/DATACENTER3/zhenxiang.wang/work/TailGuardKV/.worktrees/baseline-smoke-final-aggregation/out/full_25session_baseline_9_14/full/policy_attempts/tight_budget_preflight_20260916_h2o_static_safe/seed20260906/config.yaml,,,,,0.05,True,,0.05,,0,False,kivi_4bit_residual64,True,,balanced_two_gpu,1,persistent,26992.511607008055,20511,30836.374716134742,,469.6015625,67.20068359375,5.525146484375,5.525146484375,0.3759765625,2047.5955831352621,unknown,True,,True,,False,,15143.60546875,True,static_best,False,0.0,0.0,kivi_4bit_residual64,0.0,,risk_evidence_insufficient,0.0,static_best,0.0,,,,hybrid-session-003-turn-3,5.525146484375,5.149169921875,5.525146484375,0.0,0.0,/DATACENTER3/zhenxiang.wang/work/TailGuardKV/.worktrees/baseline-smoke-final-aggregation/out/full_25session_baseline_9_14/full/policy_attempts/tight_budget_preflight_20260916_h2o_static_safe/seed20260906,True,calibrated safe,hybrid-session-003,summary,172.45472501963377,3,risk_evidence_insufficient,20260906
kivi_4bit_residual64,13.0,0.1,False,False,online_qwen,False,,/DATACENTER3/zhenxiang.wang/work/TailGuardKV/.worktrees/baseline-smoke-final-aggregation/out/full_25session_baseline_9_14/full/policy_attempts/tight_budget_preflight_20260916_h2o_static_safe/seed20260906/config.yaml,,,,,0.05,True,,0.05,,0,False,kivi_4bit_residual64,True,,balanced_two_gpu,1,persistent,26992.511607008055,20511,30836.374716134742,,469.6015625,68.815673828125,6.386474609375,6.386474609375,1.614990234375,2017.3592721112072,unknown,True,,True,,False,,15146.689453125,True,static_best,False,0.03418803418803419,0.03418803418803419,kivi_4bit_residual64,0.03418803418803419,,risk_evidence_insufficient,0.0,static_best,0.0,,,,hybrid-session-004-turn-3,6.386474609375,4.771484375,6.386474609375,0.0,0.3418803418803419,/DATACENTER3/zhenxiang.wang/work/TailGuardKV/.worktrees/baseline-smoke-final-aggregation/out/full_25session_baseline_9_14/full/policy_attempts/tight_budget_preflight_20260916_h2o_static_safe/seed20260906,False,calibrated unsafe,hybrid-session-004,qa,142.71049108356237,3,risk_evidence_insufficient,20260906
kivi_4bit_residual64,13.0,0.1,False,False,online_qwen,False,,/DATACENTER3/zhenxiang.wang/work/TailGuardKV/.worktrees/baseline-smoke-final-aggregation/out/full_25session_baseline_9_14/full/policy_attempts/tight_budget_preflight_20260916_h2o_static_safe/seed20260906/config.yaml,,,,,0.05,True,,0.05,,0,False,kivi_4bit_residual64,True,,balanced_two_gpu,1,persistent,26992.511607008055,20511,30836.374716134742,,469.6015625,70.394775390625,6.099365234375,6.099365234375,1.5791015625,1997.6057258900255,unknown,True,,True,,False,,15146.791015625,True,static_best,False,0.0,0.0,kivi_4bit_residual64,0.0,,risk_evidence_insufficient,0.0,static_best,0.0,,,,hybrid-session-005-turn-3,6.099365234375,4.520263671875,6.099365234375,0.0,0.0,/DATACENTER3/zhenxiang.wang/work/TailGuardKV/.worktrees/baseline-smoke-final-aggregation/out/full_25session_baseline_9_14/full/policy_attempts/tight_budget_preflight_20260916_h2o_static_safe/seed20260906,True,calibrated safe,hybrid-session-005,summary,141.66294201277196,3,risk_evidence_insufficient,20260906
kivi_4bit_residual64,13.0,0.1,False,False,online_qwen,False,,/DATACENTER3/zhenxiang.wang/work/TailGuardKV/.worktrees/baseline-smoke-final-aggregation/out/full_25session_baseline_9_14/full/policy_attempts/tight_budget_preflight_20260916_h2o_static_safe/seed20260906/config.yaml,,,,,0.05,True,,0.05,,0,False,kivi_4bit_residual64,True,,balanced_two_gpu,1,persistent,26992.511607008055,20511,30836.374716134742,,469.6015625,70.806640625,6.475341796875,6.475341796875,0.411865234375,2020.0674559455365,unknown,True,,True,,False,,15148.673828125,True,static_best,False,0.0,0.0,kivi_4bit_residual64,0.0,,risk_evidence_insufficient,0.0,static_best,0.0,,,,hybrid-session-006-turn-3,6.475341796875,6.0634765625,6.475341796875,0.0,0.0,/DATACENTER3/zhenxiang.wang/work/TailGuardKV/.worktrees/baseline-smoke-final-aggregation/out/full_25session_baseline_9_14/full/policy_attempts/tight_budget_preflight_20260916_h2o_static_safe/seed20260906,True,calibrated safe,hybrid-session-006,qa,167.40743699483573,3,risk_evidence_insufficient,20260906
kivi_4bit_residual64,13.0,0.1,False,False,online_qwen,False,,/DATACENTER3/zhenxiang.wang/work/TailGuardKV/.worktrees/baseline-smoke-final-aggregation/out/full_25session_baseline_9_14/full/policy_attempts/tight_budget_preflight_20260916_h2o_static_safe/seed20260906/config.yaml,,,,,0.05,True,,0.05,,0,False,kivi_4bit_residual64,True,,balanced_two_gpu,1,persistent,26992.511607008055,20511,30836.374716134742,,469.6015625,71.1826171875,5.381591796875,5.381591796875,0.3759765625,2046.1418780032545,unknown,True,,True,,False,,15147.59765625,True,static_best,False,0.0,0.0,kivi_4bit_residual64,0.0,,risk_evidence_insufficient,0.0,static_best,0.0,,,,hybrid-session-009-turn-3,5.381591796875,5.005615234375,5.381591796875,0.0,0.0,/DATACENTER3/zhenxiang.wang/work/TailGuardKV/.worktrees/baseline-smoke-final-aggregation/out/full_25session_baseline_9_14/full/policy_attempts/tight_budget_preflight_20260916_h2o_static_safe/seed20260906,True,calibrated safe,hybrid-session-009,summary,167.3706159926951,3,risk_evidence_insufficient,20260906
kivi_4bit_residual64,13.0,0.1,False,False,online_qwen,False,,/DATACENTER3/zhenxiang.wang/work/TailGuardKV/.worktrees/baseline-smoke-final-aggregation/out/full_25session_baseline_9_14/full/policy_attempts/tight_budget_preflight_20260916_h2o_static_safe/seed20260906/config.yaml,,,,,0.05,True,,0.05,,0,False,kivi_4bit_residual64,True,,balanced_two_gpu,1,persistent,26992.511607008055,20511,30836.374716134742,,469.6015625,71.594482421875,5.84814453125,5.84814453125,0.411865234375,2014.5095388870686,unknown,True,,True,,False,,15149.47265625,True,static_best,False,0.0,0.0,kivi_4bit_residual64,0.0,,risk_evidence_insufficient,0.0,static_best,0.0,,,,hybrid-session-010-turn-3,5.84814453125,5.436279296875,5.84814453125,0.0,0.0,/DATACENTER3/zhenxiang.wang/work/TailGuardKV/.worktrees/baseline-smoke-final-aggregation/out/full_25session_baseline_9_14/full/policy_attempts/tight_budget_preflight_20260916_h2o_static_safe/seed20260906,True,calibrated safe,hybrid-session-010,qa,169.68122590333223,3,risk_evidence_insufficient,20260906
kivi_4bit_residual64,13.0,0.1,False,False,online_qwen,False,,/DATACENTER3/zhenxiang.wang/work/TailGuardKV/.worktrees/baseline-smoke-final-aggregation/out/full_25session_baseline_9_14/full/policy_attempts/tight_budget_preflight_20260916_h2o_static_safe/seed20260906/config.yaml,,,,,0.05,True,,0.05,,0,False,kivi_4bit_residual64,True,,balanced_two_gpu,1,persistent,26992.511607008055,20511,30836.374716134742,,469.6015625,71.970458984375,5.56103515625,5.56103515625,0.3759765625,2012.780399993062,unknown,True,,True,,False,,15148.37109375,True,static_best,False,0.0,0.0,kivi_4bit_residual64,0.0,,risk_evidence_insufficient,0.0,static_best,0.0,,,,hybrid-session-013-turn-3,5.56103515625,5.18505859375,5.56103515625,0.0,0.0,/DATACENTER3/zhenxiang.wang/work/TailGuardKV/.worktrees/baseline-smoke-final-aggregation/out/full_25session_baseline_9_14/full/policy_attempts/tight_budget_preflight_20260916_h2o_static_safe/seed20260906,True,calibrated safe,hybrid-session-013,summary,169.68626994639635,3,risk_evidence_insufficient,20260906
kivi_4bit_residual64,13.0,0.1,False,False,online_qwen,False,,/DATACENTER3/zhenxiang.wang/work/TailGuardKV/.worktrees/baseline-smoke-final-aggregation/out/full_25session_baseline_9_14/full/policy_attempts/tight_budget_preflight_20260916_h2o_static_safe/seed20260906/config.yaml,,,,,0.05,True,,0.05,,0,False,kivi_4bit_residual64,True,,balanced_two_gpu,1,persistent,26992.511607008055,20511,30836.374716134742,,469.6015625,73.58544921875,6.171142578125,6.171142578125,1.614990234375,2022.3016389645636,unknown,True,,True,,False,,15151.431640625,True,static_best,False,0.0,0.0,kivi_4bit_residual64,0.0,,risk_evidence_insufficient,0.0,static_best,0.0,,,,hybrid-session-016-turn-3,6.171142578125,4.55615234375,6.171142578125,0.0,0.0,/DATACENTER3/zhenxiang.wang/work/TailGuardKV/.worktrees/baseline-smoke-final-aggregation/out/full_25session_baseline_9_14/full/policy_attempts/tight_budget_preflight_20260916_h2o_static_safe/seed20260906,True,calibrated safe,hybrid-session-016,qa,145.5046960618347,3,risk_evidence_insufficient,20260906
kivi_4bit_residual64,13.0,0.1,False,False,online_qwen,False,,/DATACENTER3/zhenxiang.wang/work/TailGuardKV/.worktrees/baseline-smoke-final-aggregation/out/full_25session_baseline_9_14/full/policy_attempts/tight_budget_preflight_20260916_h2o_static_safe/seed20260906/config.yaml,,,,,0.05,True,,0.05,,0,False,kivi_4bit_residual64,True,,balanced_two_gpu,1,persistent,26992.511607008055,20511,30836.374716134742,,469.6015625,75.200439453125,6.20703125,6.20703125,1.614990234375,2014.9597979616374,unknown,True,,True,,False,,15153.041015625,True,static_best,False,0.0,0.0,kivi_4bit_residual64,0.0,,risk_evidence_insufficient,0.0,static_best,0.0,,,,hybrid-session-020-turn-3,6.20703125,4.592041015625,6.20703125,0.0,0.0,/DATACENTER3/zhenxiang.wang/work/TailGuardKV/.worktrees/baseline-smoke-final-aggregation/out/full_25session_baseline_9_14/full/policy_attempts/tight_budget_preflight_20260916_h2o_static_safe/seed20260906,True,calibrated safe,hybrid-session-020,qa,143.28839583322406,3,risk_evidence_insufficient,20260906
kivi_4bit_residual64,13.0,0.1,False,False,online_qwen,False,,/DATACENTER3/zhenxiang.wang/work/TailGuardKV/.worktrees/baseline-smoke-final-aggregation/out/full_25session_baseline_9_14/full/policy_attempts/tight_budget_preflight_20260916_h2o_static_safe/seed20260906/config.yaml,,,,,0.05,True,,0.05,,0,False,kivi_4bit_residual64,True,,balanced_two_gpu,1,persistent,26992.511607008055,20511,30836.374716134742,,469.6015625,76.779541015625,6.530029296875,6.530029296875,1.5791015625,2031.281301053241,unknown,True,,True,,False,,15153.134765625,True,static_best,False,0.0,0.0,kivi_4bit_residual64,0.0,,risk_evidence_insufficient,0.0,static_best,0.0,,,,hybrid-session-021-turn-3,6.530029296875,4.950927734375,6.530029296875,0.0,0.0,/DATACENTER3/zhenxiang.wang/work/TailGuardKV/.worktrees/baseline-smoke-final-aggregation/out/full_25session_baseline_9_14/full/policy_attempts/tight_budget_preflight_20260916_h2o_static_safe/seed20260906,True,calibrated safe,hybrid-session-021,summary,144.80376103892922,3,risk_evidence_insufficient,20260906
kivi_4bit_residual64,13.0,0.1,False,False,online_qwen,False,,/DATACENTER3/zhenxiang.wang/work/TailGuardKV/.worktrees/baseline-smoke-final-aggregation/out/full_25session_baseline_9_14/full/policy_attempts/tight_budget_preflight_20260916_h2o_static_safe/seed20260906/config.yaml,,,,,0.05,True,,0.05,,0,False,kivi_4bit_residual64,True,,balanced_two_gpu,1,persistent,26992.511607008055,20511,30836.374716134742,,469.6015625,77.155517578125,5.668701171875,5.668701171875,0.3759765625,2027.0084070507437,unknown,True,,True,,False,,15153.517578125,True,static_best,False,0.0,0.0,kivi_4bit_residual64,0.0,,risk_evidence_insufficient,0.0,static_best,0.0,,,,hybrid-session-025-turn-3,5.668701171875,5.292724609375,5.668701171875,0.0,0.0,/DATACENTER3/zhenxiang.wang/work/TailGuardKV/.worktrees/baseline-smoke-final-aggregation/out/full_25session_baseline_9_14/full/policy_attempts/tight_budget_preflight_20260916_h2o_static_safe/seed20260906,True,calibrated safe,hybrid-session-025,summary,169.8249781038612,3,risk_evidence_insufficient,20260906
kivi_4bit_residual64,13.0,0.1,False,False,online_qwen,False,,/DATACENTER3/zhenxiang.wang/work/TailGuardKV/.worktrees/baseline-smoke-final-aggregation/out/full_25session_baseline_9_14/full/policy_attempts/tight_budget_preflight_20260916_h2o_static_safe/seed20260906/config.yaml,,,,,0.05,True,,0.05,,0,False,kivi_4bit_residual64,True,,balanced_two_gpu,1,persistent,26992.511607008055,20511,30836.374716134742,,469.6015625,78.7705078125,6.70947265625,6.70947265625,1.614990234375,2003.361992072314,unknown,True,,True,,False,,15156.568359375,True,static_best,False,0.03418803418803419,0.03418803418803419,kivi_4bit_residual64,0.03418803418803419,,risk_evidence_insufficient,0.0,static_best,0.0,,,,hybrid-session-026-turn-3,6.70947265625,5.094482421875,6.70947265625,0.0,0.3418803418803419,/DATACENTER3/zhenxiang.wang/work/TailGuardKV/.worktrees/baseline-smoke-final-aggregation/out/full_25session_baseline_9_14/full/policy_attempts/tight_budget_preflight_20260916_h2o_static_safe/seed20260906,False,calibrated unsafe,hybrid-session-026,qa,142.4330440349877,3,risk_evidence_insufficient,20260906
kivi_4bit_residual64,13.0,0.1,False,False,online_qwen,False,,/DATACENTER3/zhenxiang.wang/work/TailGuardKV/.worktrees/baseline-smoke-final-aggregation/out/full_25session_baseline_9_14/full/policy_attempts/tight_budget_preflight_20260916_h2o_static_safe/seed20260906/config.yaml,,,,,0.05,True,,0.05,,0,False,kivi_4bit_residual64,True,,balanced_two_gpu,1,persistent,26992.511607008055,20511,30836.374716134742,,469.6015625,79.0029296875,6.439453125,6.439453125,0.232421875,2060.5157711543143,unknown,True,,True,,False,,15149.53125,True,static_best,False,0.0,0.0,kivi_4bit_residual64,0.0,,risk_evidence_insufficient,0.0,static_best,0.0,,,,hybrid-session-002-turn-4,6.439453125,6.20703125,6.439453125,0.0,0.0,/DATACENTER3/zhenxiang.wang/work/TailGuardKV/.worktrees/baseline-smoke-final-aggregation/out/full_25session_baseline_9_14/full/policy_attempts/tight_budget_preflight_20260916_h2o_static_safe/seed20260906,True,calibrated safe,hybrid-session-002,qa,175.77827908098698,4,risk_evidence_insufficient,20260906
kivi_4bit_residual64,13.0,0.1,False,False,online_qwen,False,,/DATACENTER3/zhenxiang.wang/work/TailGuardKV/.worktrees/baseline-smoke-final-aggregation/out/full_25session_baseline_9_14/full/policy_attempts/tight_budget_preflight_20260916_h2o_static_safe/seed20260906/config.yaml,,,,,0.05,True,,0.05,,0,False,kivi_4bit_residual64,True,,balanced_two_gpu,1,persistent,26992.511607008055,20511,30836.374716134742,,469.6015625,79.2353515625,5.757568359375,5.757568359375,0.232421875,2032.7304201200604,unknown,True,,True,,False,,15150.970703125,True,static_best,False,0.0,0.0,kivi_4bit_residual64,0.0,,risk_evidence_insufficient,0.0,static_best,0.0,,,,hybrid-session-003-turn-4,5.757568359375,5.525146484375,5.757568359375,0.0,0.0,/DATACENTER3/zhenxiang.wang/work/TailGuardKV/.worktrees/baseline-smoke-final-aggregation/out/full_25session_baseline_9_14/full/policy_attempts/tight_budget_preflight_20260916_h2o_static_safe/seed20260906,True,calibrated safe,hybrid-session-003,summary,144.7868801187724,4,risk_evidence_insufficient,20260906
kivi_4bit_residual64,13.0,0.1,False,False,online_qwen,False,,/DATACENTER3/zhenxiang.wang/work/TailGuardKV/.worktrees/baseline-smoke-final-aggregation/out/full_25session_baseline_9_14/full/policy_attempts/tight_budget_preflight_20260916_h2o_static_safe/seed20260906/config.yaml,,,,,0.05,True,,0.05,,0,False,kivi_4bit_residual64,True,,balanced_two_gpu,1,persistent,26992.511607008055,20511,30836.374716134742,,469.6015625,79.4677734375,6.618896484375,6.618896484375,0.232421875,2038.0381760187447,unknown,True,,True,,False,,15149.98828125,True,static_best,False,0.0,0.0,kivi_4bit_residual64,0.0,,risk_evidence_insufficient,0.0,static_best,0.0,,,,hybrid-session-004-turn-4,6.618896484375,6.386474609375,6.618896484375,0.0,0.0,/DATACENTER3/zhenxiang.wang/work/TailGuardKV/.worktrees/baseline-smoke-final-aggregation/out/full_25session_baseline_9_14/full/policy_attempts/tight_budget_preflight_20260916_h2o_static_safe/seed20260906,True,calibrated safe,hybrid-session-004,qa,166.99493094347417,4,risk_evidence_insufficient,20260906
kivi_4bit_residual64,13.0,0.1,False,False,online_qwen,False,,/DATACENTER3/zhenxiang.wang/work/TailGuardKV/.worktrees/baseline-smoke-final-aggregation/out/full_25session_baseline_9_14/full/policy_attempts/tight_budget_preflight_20260916_h2o_static_safe/seed20260906/config.yaml,,,,,0.05,True,,0.05,,0,False,kivi_4bit_residual64,True,,balanced_two_gpu,1,persistent,26992.511607008055,20511,30836.374716134742,,469.6015625,79.7001953125,6.331787109375,6.331787109375,0.232421875,2034.6582001075149,unknown,True,,True,,False,,15150.234375,True,static_best,False,0.0,0.0,kivi_4bit_residual64,0.0,,risk_evidence_insufficient,0.0,static_best,0.0,,,,hybrid-session-005-turn-4,6.331787109375,6.099365234375,6.331787109375,0.0,0.0,/DATACENTER3/zhenxiang.wang/work/TailGuardKV/.worktrees/baseline-smoke-final-aggregation/out/full_25session_baseline_9_14/full/policy_attempts/tight_budget_preflight_20260916_h2o_static_safe/seed20260906,True,calibrated safe,hybrid-session-005,summary,165.3002470266074,4,risk_evidence_insufficient,20260906
kivi_4bit_residual64,13.0,0.1,False,False,online_qwen,False,,/DATACENTER3/zhenxiang.wang/work/TailGuardKV/.worktrees/baseline-smoke-final-aggregation/out/full_25session_baseline_9_14/full/policy_attempts/tight_budget_preflight_20260916_h2o_static_safe/seed20260906/config.yaml,,,,,0.05,True,,0.05,,0,False,kivi_4bit_residual64,True,,balanced_two_gpu,1,persistent,26992.511607008055,20511,30836.374716134742,,469.6015625,79.9326171875,6.707763671875,6.707763671875,0.232421875,2011.3234389573336,unknown,True,,True,,False,,15151.68359375,True,static_best,False,0.0,0.0,kivi_4bit_residual64,0.0,,risk_evidence_insufficient,0.0,static_best,0.0,,,,hybrid-session-006-turn-4,6.707763671875,6.475341796875,6.707763671875,0.0,0.0,/DATACENTER3/zhenxiang.wang/work/TailGuardKV/.worktrees/baseline-smoke-final-aggregation/out/full_25session_baseline_9_14/full/policy_attempts/tight_budget_preflight_20260916_h2o_static_safe/seed20260906,True,calibrated safe,hybrid-session-006,qa,144.23069613985717,4,risk_evidence_insufficient,20260906
kivi_4bit_residual64,13.0,0.1,True,False,online_qwen,False,,/DATACENTER3/zhenxiang.wang/work/TailGuardKV/.worktrees/baseline-smoke-final-aggregation/out/full_25session_baseline_9_14/full/policy_attempts/tight_budget_preflight_20260916_h2o_static_safe/seed20260906/config.yaml,,,,,0.05,True,,0.05,,0,False,kivi_4bit_residual64,True,,balanced_two_gpu,1,persistent,26992.511607008055,20511,30836.374716134742,,469.6015625,80.1650390625,5.614013671875,5.614013671875,0.232421875,2086.796143092215,unknown,True,,True,,False,,15151.927734375,True,static_best,False,0.0,0.0,kivi_4bit_residual64,0.0,,risk_evidence_insufficient,0.0,static_best,0.0,,,,hybrid-session-009-turn-4,5.614013671875,5.381591796875,5.614013671875,0.0,0.0,/DATACENTER3/zhenxiang.wang/work/TailGuardKV/.worktrees/baseline-smoke-final-aggregation/out/full_25session_baseline_9_14/full/policy_attempts/tight_budget_preflight_20260916_h2o_static_safe/seed20260906,True,calibrated safe,hybrid-session-009,summary,150.11045010760427,4,risk_evidence_insufficient,20260906
kivi_4bit_residual64,13.0,0.1,False,False,online_qwen,False,,/DATACENTER3/zhenxiang.wang/work/TailGuardKV/.worktrees/baseline-smoke-final-aggregation/out/full_25session_baseline_9_14/full/policy_attempts/tight_budget_preflight_20260916_h2o_static_safe/seed20260906/config.yaml,,,,,0.05,True,,0.05,,0,False,kivi_4bit_residual64,True,,balanced_two_gpu,1,persistent,26992.511607008055,20511,30836.374716134742,,469.6015625,80.3974609375,6.08056640625,6.08056640625,0.232421875,2017.6797998137772,unknown,True,,True,,False,,15152.1357421875,True,static_best,False,0.0,0.0,kivi_4bit_residual64,0.0,,risk_evidence_insufficient,0.0,static_best,0.0,,,,hybrid-session-010-turn-4,6.08056640625,5.84814453125,6.08056640625,0.0,0.0,/DATACENTER3/zhenxiang.wang/work/TailGuardKV/.worktrees/baseline-smoke-final-aggregation/out/full_25session_baseline_9_14/full/policy_attempts/tight_budget_preflight_20260916_h2o_static_safe/seed20260906,True,calibrated safe,hybrid-session-010,qa,146.78243501111865,4,risk_evidence_insufficient,20260906
kivi_4bit_residual64,13.0,0.1,True,False,online_qwen,False,,/DATACENTER3/zhenxiang.wang/work/TailGuardKV/.worktrees/baseline-smoke-final-aggregation/out/full_25session_baseline_9_14/full/policy_attempts/tight_budget_preflight_20260916_h2o_static_safe/seed20260906/config.yaml,,,,,0.05,True,,0.05,,0,False,kivi_4bit_residual64,True,,balanced_two_gpu,1,persistent,26992.511607008055,20511,30836.374716134742,,469.6015625,80.6298828125,5.79345703125,5.79345703125,0.232421875,2030.3823419380933,unknown,True,,True,,False,,15152.400390625,True,static_best,False,0.0,0.0,kivi_4bit_residual64,0.0,,risk_evidence_insufficient,0.0,static_best,0.0,,,,hybrid-session-013-turn-4,5.79345703125,5.56103515625,5.79345703125,0.0,0.0,/DATACENTER3/zhenxiang.wang/work/TailGuardKV/.worktrees/baseline-smoke-final-aggregation/out/full_25session_baseline_9_14/full/policy_attempts/tight_budget_preflight_20260916_h2o_static_safe/seed20260906,True,calibrated safe,hybrid-session-013,summary,144.07538599334657,4,risk_evidence_insufficient,20260906
kivi_4bit_residual64,13.0,0.1,False,False,online_qwen,False,,/DATACENTER3/zhenxiang.wang/work/TailGuardKV/.worktrees/baseline-smoke-final-aggregation/out/full_25session_baseline_9_14/full/policy_attempts/tight_budget_preflight_20260916_h2o_static_safe/seed20260906/config.yaml,,,,,0.05,True,,0.05,,0,False,kivi_4bit_residual64,True,,balanced_two_gpu,1,persistent,26992.511607008055,20511,30836.374716134742,,469.6015625,80.8623046875,6.403564453125,6.403564453125,0.232421875,2040.6193980015814,unknown,True,,True,,False,,15151.4375,True,static_best,False,0.0,0.0,kivi_4bit_residual64,0.0,,risk_evidence_insufficient,0.0,static_best,0.0,,,,hybrid-session-016-turn-4,6.403564453125,6.171142578125,6.403564453125,0.0,0.0,/DATACENTER3/zhenxiang.wang/work/TailGuardKV/.worktrees/baseline-smoke-final-aggregation/out/full_25session_baseline_9_14/full/policy_attempts/tight_budget_preflight_20260916_h2o_static_safe/seed20260906,True,calibrated safe,hybrid-session-016,qa,173.59716189093888,4,risk_evidence_insufficient,20260906
kivi_4bit_residual64,13.0,0.1,False,False,online_qwen,False,,/DATACENTER3/zhenxiang.wang/work/TailGuardKV/.worktrees/baseline-smoke-final-aggregation/out/full_25session_baseline_9_14/full/policy_attempts/tight_budget_preflight_20260916_h2o_static_safe/seed20260906/config.yaml,,,,,0.05,True,,0.05,,0,False,kivi_4bit_residual64,True,,balanced_two_gpu,1,persistent,26992.511607008055,20511,30836.374716134742,,469.6015625,81.0947265625,6.439453125,6.439453125,0.232421875,2022.8459800127894,unknown,True,,True,,False,,15151.69140625,True,static_best,False,0.0,0.0,kivi_4bit_residual64,0.0,,risk_evidence_insufficient,0.0,static_best,0.0,,,,hybrid-session-020-turn-4,6.439453125,6.20703125,6.439453125,0.0,0.0,/DATACENTER3/zhenxiang.wang/work/TailGuardKV/.worktrees/baseline-smoke-final-aggregation/out/full_25session_baseline_9_14/full/policy_attempts/tight_budget_preflight_20260916_h2o_static_safe/seed20260906,True,calibrated safe,hybrid-session-020,qa,163.23493304662406,4,risk_evidence_insufficient,20260906
kivi_4bit_residual64,13.0,0.1,False,False,online_qwen,False,,/DATACENTER3/zhenxiang.wang/work/TailGuardKV/.worktrees/baseline-smoke-final-aggregation/out/full_25session_baseline_9_14/full/policy_attempts/tight_budget_preflight_20260916_h2o_static_safe/seed20260906/config.yaml,,,,,0.05,True,,0.05,,0,False,kivi_4bit_residual64,True,,balanced_two_gpu,1,persistent,26992.511607008055,20511,30836.374716134742,,469.6015625,81.3271484375,6.762451171875,6.762451171875,0.232421875,2006.859116954729,unknown,True,,True,,False,,15151.9296875,True,static_best,False,0.0,0.0,kivi_4bit_residual64,0.0,,risk_evidence_insufficient,0.0,static_best,0.0,,,,hybrid-session-021-turn-4,6.762451171875,6.530029296875,6.762451171875,0.0,0.0,/DATACENTER3/zhenxiang.wang/work/TailGuardKV/.worktrees/baseline-smoke-final-aggregation/out/full_25session_baseline_9_14/full/policy_attempts/tight_budget_preflight_20260916_h2o_static_safe/seed20260906,True,calibrated safe,hybrid-session-021,summary,165.0191810913384,4,risk_evidence_insufficient,20260906
kivi_4bit_residual64,13.0,0.1,False,False,online_qwen,False,,/DATACENTER3/zhenxiang.wang/work/TailGuardKV/.worktrees/baseline-smoke-final-aggregation/out/full_25session_baseline_9_14/full/policy_attempts/tight_budget_preflight_20260916_h2o_static_safe/seed20260906/config.yaml,,,,,0.05,True,,0.05,,0,False,kivi_4bit_residual64,True,,balanced_two_gpu,1,persistent,26992.511607008055,20511,30836.374716134742,,469.6015625,81.5595703125,5.901123046875,5.901123046875,0.232421875,2037.5110949389637,unknown,True,,True,,False,,15153.349609375,True,static_best,False,0.0,0.0,kivi_4bit_residual64,0.0,,risk_evidence_insufficient,0.0,static_best,0.0,,,,hybrid-session-025-turn-4,5.901123046875,5.668701171875,5.901123046875,0.0,0.0,/DATACENTER3/zhenxiang.wang/work/TailGuardKV/.worktrees/baseline-smoke-final-aggregation/out/full_25session_baseline_9_14/full/policy_attempts/tight_budget_preflight_20260916_h2o_static_safe/seed20260906,True,calibrated safe,hybrid-session-025,summary,145.15734394080937,4,risk_evidence_insufficient,20260906
kivi_4bit_residual64,13.0,0.1,False,False,online_qwen,False,,/DATACENTER3/zhenxiang.wang/work/TailGuardKV/.worktrees/baseline-smoke-final-aggregation/out/full_25session_baseline_9_14/full/policy_attempts/tight_budget_preflight_20260916_h2o_static_safe/seed20260906/config.yaml,,,,,0.05,True,,0.05,,0,False,kivi_4bit_residual64,True,,balanced_two_gpu,1,persistent,26992.511607008055,20511,30836.374716134742,,469.6015625,81.7919921875,6.94189453125,6.94189453125,0.232421875,2017.0071180909872,unknown,True,,True,,False,,15152.40234375,True,static_best,False,0.03418803418803419,0.03418803418803419,kivi_4bit_residual64,0.03418803418803419,,risk_evidence_insufficient,0.0,static_best,0.0,,,,hybrid-session-026-turn-4,6.94189453125,6.70947265625,6.94189453125,0.0,0.3418803418803419,/DATACENTER3/zhenxiang.wang/work/TailGuardKV/.worktrees/baseline-smoke-final-aggregation/out/full_25session_baseline_9_14/full/policy_attempts/tight_budget_preflight_20260916_h2o_static_safe/seed20260906,False,calibrated unsafe,hybrid-session-026,qa,164.58979598246515,4,risk_evidence_insufficient,20260906
kivi_4bit_residual64,1.0,0.1,False,False,online_qwen,False,,/DATACENTER3/zhenxiang.wang/work/TailGuardKV/.worktrees/baseline-smoke-final-aggregation/out/full_25session_baseline_9_14/full/policy_attempts/tight_budget_preflight_20260916_h2o_static_safe/seed20260906/config.yaml,,,,,0.05,True,,0.05,,0,False,kivi_4bit_residual64,True,,balanced_two_gpu,1,persistent,26409.228768898174,24027,30249.042386189103,,469.6015625,2.078125,2.078125,2.078125,2.078125,4779.423019848764,unknown,True,,True,,False,,15070.54150390625,True,static_safe,False,0.0,0.0,kivi_4bit_residual64,0.0,,risk_evidence_insufficient,0.0,static_safe,0.0,,,,hybrid-session-002-turn-0,2.078125,0.0,2.078125,0.0,0.0,/DATACENTER3/zhenxiang.wang/work/TailGuardKV/.worktrees/baseline-smoke-final-aggregation/out/full_25session_baseline_9_14/full/policy_attempts/tight_budget_preflight_20260916_h2o_static_safe/seed20260906,True,calibrated safe,hybrid-session-002,chat,3611.9344579055905,0,risk_evidence_insufficient,20260906
kivi_4bit_residual64,2.0,0.1,False,False,online_qwen,False,,/DATACENTER3/zhenxiang.wang/work/TailGuardKV/.worktrees/baseline-smoke-final-aggregation/out/full_25session_baseline_9_14/full/policy_attempts/tight_budget_preflight_20260916_h2o_static_safe/seed20260906/config.yaml,,,,,0.05,True,,0.05,,0,False,kivi_4bit_residual64,True,,balanced_two_gpu,1,persistent,26409.228768898174,24027,30249.042386189103,,469.6015625,3.5546875,1.4765625,1.4765625,1.4765625,1250.117288902402,unknown,True,,True,,False,,15055.19384765625,True,static_safe,False,0.0,0.0,kivi_4bit_residual64,0.0,,risk_evidence_insufficient,0.0,static_safe,0.0,,,,hybrid-session-003-turn-0,1.4765625,0.0,1.4765625,0.0,0.0,/DATACENTER3/zhenxiang.wang/work/TailGuardKV/.worktrees/baseline-smoke-final-aggregation/out/full_25session_baseline_9_14/full/policy_attempts/tight_budget_preflight_20260916_h2o_static_safe/seed20260906,True,calibrated safe,hybrid-session-003,chat,81.65510394610465,0,risk_evidence_insufficient,20260906
kivi_4bit_residual64,3.0,0.1,False,False,online_qwen,False,,/DATACENTER3/zhenxiang.wang/work/TailGuardKV/.worktrees/baseline-smoke-final-aggregation/out/full_25session_baseline_9_14/full/policy_attempts/tight_budget_preflight_20260916_h2o_static_safe/seed20260906/config.yaml,,,,,0.05,True,,0.05,,0,False,kivi_4bit_residual64,True,,balanced_two_gpu,1,persistent,26409.228768898174,24027,30249.042386189103,,469.6015625,5.3046875,1.75,1.75,1.75,1249.9451879411936,unknown,True,,True,,False,,15063.70947265625,True,static_safe,False,0.0,0.0,kivi_4bit_residual64,0.0,,risk_evidence_insufficient,0.0,static_safe,0.0,,,,hybrid-session-004-turn-0,1.75,0.0,1.75,0.0,0.0,/DATACENTER3/zhenxiang.wang/work/TailGuardKV/.worktrees/baseline-smoke-final-aggregation/out/full_25session_baseline_9_14/full/policy_attempts/tight_budget_preflight_20260916_h2o_static_safe/seed20260906,True,calibrated safe,hybrid-session-004,chat,93.30077283084393,0,risk_evidence_insufficient,20260906
kivi_4bit_residual64,4.0,0.1,False,False,online_qwen,False,,/DATACENTER3/zhenxiang.wang/work/TailGuardKV/.worktrees/baseline-smoke-final-aggregation/out/full_25session_baseline_9_14/full/policy_attempts/tight_budget_preflight_20260916_h2o_static_safe/seed20260906/config.yaml,,,,,0.05,True,,0.05,,0,False,kivi_4bit_residual64,True,,balanced_two_gpu,1,persistent,26409.228768898174,24027,30249.042386189103,,469.6015625,7.21875,1.9140625,1.9140625,1.9140625,1273.2063301373273,unknown,True,,True,,False,,15070.26806640625,True,static_safe,False,0.0,0.0,kivi_4bit_residual64,0.0,,risk_evidence_insufficient,0.0,static_safe,0.0,,,,hybrid-session-005-turn-0,1.9140625,0.0,1.9140625,0.0,0.0,/DATACENTER3/zhenxiang.wang/work/TailGuardKV/.worktrees/baseline-smoke-final-aggregation/out/full_25session_baseline_9_14/full/policy_attempts/tight_budget_preflight_20260916_h2o_static_safe/seed20260906,True,calibrated safe,hybrid-session-005,chat,97.77791914530098,0,risk_evidence_insufficient,20260906
kivi_4bit_residual64,5.0,0.1,False,False,online_qwen,False,,/DATACENTER3/zhenxiang.wang/work/TailGuardKV/.worktrees/baseline-smoke-final-aggregation/out/full_25session_baseline_9_14/full/policy_attempts/tight_budget_preflight_20260916_h2o_static_safe/seed20260906/config.yaml,,,,,0.05,True,,0.05,,0,False,kivi_4bit_residual64,True,,balanced_two_gpu,1,persistent,26409.228768898174,24027,30249.042386189103,,469.6015625,9.84375,2.625,2.625,2.625,1261.4427120424807,unknown,True,,True,,False,,15093.27587890625,True,static_safe,False,0.0,0.0,kivi_4bit_residual64,0.0,,risk_evidence_insufficient,0.0,static_safe,0.0,,,,hybrid-session-006-turn-0,2.625,0.0,2.625,0.0,0.0,/DATACENTER3/zhenxiang.wang/work/TailGuardKV/.worktrees/baseline-smoke-final-aggregation/out/full_25session_baseline_9_14/full/policy_attempts/tight_budget_preflight_20260916_h2o_static_safe/seed20260906,True,calibrated safe,hybrid-session-006,chat,99.17696099728346,0,risk_evidence_insufficient,20260906
kivi_4bit_residual64,6.0,0.1,False,False,online_qwen,False,,/DATACENTER3/zhenxiang.wang/work/TailGuardKV/.worktrees/baseline-smoke-final-aggregation/out/full_25session_baseline_9_14/full/policy_attempts/tight_budget_preflight_20260916_h2o_static_safe/seed20260906/config.yaml,,,,,0.05,True,,0.05,,0,False,kivi_4bit_residual64,True,,balanced_two_gpu,1,persistent,26409.228768898174,24027,30249.042386189103,,469.6015625,11.5390625,1.6953125,1.6953125,1.6953125,1252.989144064486,unknown,True,,True,,False,,15068.48681640625,True,static_safe,False,0.0,0.0,kivi_4bit_residual64,0.0,,risk_evidence_insufficient,0.0,static_safe,0.0,,,,hybrid-session-009-turn-0,1.6953125,0.0,1.6953125,0.0,0.0,/DATACENTER3/zhenxiang.wang/work/TailGuardKV/.worktrees/baseline-smoke-final-aggregation/out/full_25session_baseline_9_14/full/policy_attempts/tight_budget_preflight_20260916_h2o_static_safe/seed20260906,True,calibrated safe,hybrid-session-009,chat,82.87780312821269,0,risk_evidence_insufficient,20260906
kivi_4bit_residual64,7.0,0.1,False,False,online_qwen,False,,/DATACENTER3/zhenxiang.wang/work/TailGuardKV/.worktrees/baseline-smoke-final-aggregation/out/full_25session_baseline_9_14/full/policy_attempts/tight_budget_preflight_20260916_h2o_static_safe/seed20260906/config.yaml,,,,,0.05,True,,0.05,,0,False,kivi_4bit_residual64,True,,balanced_two_gpu,1,persistent,26409.228768898174,24027,30249.042386189103,,469.6015625,13.0703125,1.53125,1.53125,1.53125,1254.8393111210316,unknown,True,,True,,False,,15065.87646484375,True,static_safe,False,0.0,0.0,kivi_4bit_residual64,0.0,,risk_evidence_insufficient,0.0,static_safe,0.0,,,,hybrid-session-010-turn-0,1.53125,0.0,1.53125,0.0,0.0,/DATACENTER3/zhenxiang.wang/work/TailGuardKV/.worktrees/baseline-smoke-final-aggregation/out/full_25session_baseline_9_14/full/policy_attempts/tight_budget_preflight_20260916_h2o_static_safe/seed20260906,True,calibrated safe,hybrid-session-010,chat,80.30240796506405,0,risk_evidence_insufficient,20260906
kivi_4bit_residual64,8.0,0.1,False,False,online_qwen,False,,/DATACENTER3/zhenxiang.wang/work/TailGuardKV/.worktrees/baseline-smoke-final-aggregation/out/full_25session_baseline_9_14/full/policy_attempts/tight_budget_preflight_20260916_h2o_static_safe/seed20260906/config.yaml,,,,,0.05,True,,0.05,,0,False,kivi_4bit_residual64,True,,balanced_two_gpu,1,persistent,26409.228768898174,24027,30249.042386189103,,469.6015625,14.875,1.8046875,1.8046875,1.8046875,1252.617008984089,unknown,True,,True,,False,,15074.73681640625,True,static_safe,False,0.0,0.0,kivi_4bit_residual64,0.0,,risk_evidence_insufficient,0.0,static_safe,0.0,,,,hybrid-session-013-turn-0,1.8046875,0.0,1.8046875,0.0,0.0,/DATACENTER3/zhenxiang.wang/work/TailGuardKV/.worktrees/baseline-smoke-final-aggregation/out/full_25session_baseline_9_14/full/policy_attempts/tight_budget_preflight_20260916_h2o_static_safe/seed20260906,True,calibrated safe,hybrid-session-013,chat,93.28957996331155,0,risk_evidence_insufficient,20260906
kivi_4bit_residual64,9.0,0.1,False,False,online_qwen,False,,/DATACENTER3/zhenxiang.wang/work/TailGuardKV/.worktrees/baseline-smoke-final-aggregation/out/full_25session_baseline_9_14/full/policy_attempts/tight_budget_preflight_20260916_h2o_static_safe/seed20260906/config.yaml,,,,,0.05,True,,0.05,,0,False,kivi_4bit_residual64,True,,balanced_two_gpu,1,persistent,26409.228768898174,24027,30249.042386189103,,469.6015625,17.5,2.625,2.625,2.625,1258.8082468137145,unknown,True,,True,,False,,15100.93212890625,True,static_safe,False,0.0,0.0,kivi_4bit_residual64,0.0,,risk_evidence_insufficient,0.0,static_safe,0.0,,,,hybrid-session-016-turn-0,2.625,0.0,2.625,0.0,0.0,/DATACENTER3/zhenxiang.wang/work/TailGuardKV/.worktrees/baseline-smoke-final-aggregation/out/full_25session_baseline_9_14/full/policy_attempts/tight_budget_preflight_20260916_h2o_static_safe/seed20260906,True,calibrated safe,hybrid-session-016,chat,95.96320590935647,0,risk_evidence_insufficient,20260906
kivi_4bit_residual64,10.0,0.1,False,False,online_qwen,False,,/DATACENTER3/zhenxiang.wang/work/TailGuardKV/.worktrees/baseline-smoke-final-aggregation/out/full_25session_baseline_9_14/full/policy_attempts/tight_budget_preflight_20260916_h2o_static_safe/seed20260906/config.yaml,,,,,0.05,True,,0.05,,0,False,kivi_4bit_residual64,True,,balanced_two_gpu,1,persistent,26409.228768898174,24027,30249.042386189103,,469.6015625,19.90625,2.40625,2.40625,2.40625,1292.3012760002166,unknown,True,,True,,False,,15095.79541015625,True,static_safe,False,0.0,0.0,kivi_4bit_residual64,0.0,,risk_evidence_insufficient,0.0,static_safe,0.0,,,,hybrid-session-020-turn-0,2.40625,0.0,2.40625,0.0,0.0,/DATACENTER3/zhenxiang.wang/work/TailGuardKV/.worktrees/baseline-smoke-final-aggregation/out/full_25session_baseline_9_14/full/policy_attempts/tight_budget_preflight_20260916_h2o_static_safe/seed20260906,True,calibrated safe,hybrid-session-020,chat,98.46306988038123,0,risk_evidence_insufficient,20260906
kivi_4bit_residual64,11.0,0.1,False,False,online_qwen,False,,/DATACENTER3/zhenxiang.wang/work/TailGuardKV/.worktrees/baseline-smoke-final-aggregation/out/full_25session_baseline_9_14/full/policy_attempts/tight_budget_preflight_20260916_h2o_static_safe/seed20260906/config.yaml,,,,,0.05,True,,0.05,,0,False,kivi_4bit_residual64,True,,balanced_two_gpu,1,persistent,26409.228768898174,24027,30249.042386189103,,469.6015625,22.203125,2.296875,2.296875,2.296875,1279.0173119865358,unknown,True,,True,,False,,15095.17822265625,True,static_safe,False,0.0,0.0,kivi_4bit_residual64,0.0,,risk_evidence_insufficient,0.0,static_safe,0.0,,,,hybrid-session-021-turn-0,2.296875,0.0,2.296875,0.0,0.0,/DATACENTER3/zhenxiang.wang/work/TailGuardKV/.worktrees/baseline-smoke-final-aggregation/out/full_25session_baseline_9_14/full/policy_attempts/tight_budget_preflight_20260916_h2o_static_safe/seed20260906,True,calibrated safe,hybrid-session-021,chat,100.44543305411935,0,risk_evidence_insufficient,20260906
kivi_4bit_residual64,12.0,0.1,False,False,online_qwen,False,,/DATACENTER3/zhenxiang.wang/work/TailGuardKV/.worktrees/baseline-smoke-final-aggregation/out/full_25session_baseline_9_14/full/policy_attempts/tight_budget_preflight_20260916_h2o_static_safe/seed20260906/config.yaml,,,,,0.05,True,,0.05,,0,False,kivi_4bit_residual64,True,,balanced_two_gpu,1,persistent,26409.228768898174,24027,30249.042386189103,,469.6015625,24.171875,1.96875,1.96875,1.96875,1272.8391189593822,unknown,True,,True,,False,,15088.40478515625,True,static_safe,False,0.0,0.0,kivi_4bit_residual64,0.0,,risk_evidence_insufficient,0.0,static_safe,0.0,,,,hybrid-session-025-turn-0,1.96875,0.0,1.96875,0.0,0.0,/DATACENTER3/zhenxiang.wang/work/TailGuardKV/.worktrees/baseline-smoke-final-aggregation/out/full_25session_baseline_9_14/full/policy_attempts/tight_budget_preflight_20260916_h2o_static_safe/seed20260906,True,calibrated safe,hybrid-session-025,chat,97.70620986819267,0,risk_evidence_insufficient,20260906
kivi_4bit_residual64,13.0,0.1,False,False,online_qwen,False,,/DATACENTER3/zhenxiang.wang/work/TailGuardKV/.worktrees/baseline-smoke-final-aggregation/out/full_25session_baseline_9_14/full/policy_attempts/tight_budget_preflight_20260916_h2o_static_safe/seed20260906/config.yaml,,,,,0.05,True,,0.05,,0,False,kivi_4bit_residual64,True,,balanced_two_gpu,1,persistent,26409.228768898174,24027,30249.042386189103,,469.6015625,26.359375,2.1875,2.1875,2.1875,1276.660680072382,unknown,True,,True,,False,,15096.42041015625,True,static_safe,False,0.0,0.0,kivi_4bit_residual64,0.0,,risk_evidence_insufficient,0.0,static_safe,0.0,,,,hybrid-session-026-turn-0,2.1875,0.0,2.1875,0.0,0.0,/DATACENTER3/zhenxiang.wang/work/TailGuardKV/.worktrees/baseline-smoke-final-aggregation/out/full_25session_baseline_9_14/full/policy_attempts/tight_budget_preflight_20260916_h2o_static_safe/seed20260906,True,calibrated safe,hybrid-session-026,chat,98.77007198520005,0,risk_evidence_insufficient,20260906
kivi_4bit_residual64,13.0,0.1,False,False,online_qwen,False,,/DATACENTER3/zhenxiang.wang/work/TailGuardKV/.worktrees/baseline-smoke-final-aggregation/out/full_25session_baseline_9_14/full/policy_attempts/tight_budget_preflight_20260916_h2o_static_safe/seed20260906/config.yaml,,,,,0.05,True,,0.05,,0,False,kivi_4bit_residual64,True,,balanced_two_gpu,1,persistent,26409.228768898174,24027,30249.042386189103,,469.6015625,26.829345703125,2.548095703125,2.548095703125,0.469970703125,4796.826469013467,unknown,True,,True,,False,,15088.02685546875,True,static_safe,False,0.0,0.0,kivi_4bit_residual64,0.0,,risk_evidence_insufficient,0.0,static_safe,0.0,,,,hybrid-session-002-turn-1,2.548095703125,2.078125,2.548095703125,0.0,0.0,/DATACENTER3/zhenxiang.wang/work/TailGuardKV/.worktrees/baseline-smoke-final-aggregation/out/full_25session_baseline_9_14/full/policy_attempts/tight_budget_preflight_20260916_h2o_static_safe/seed20260906,True,calibrated safe,hybrid-session-002,chat,98.34419982507825,1,risk_evidence_insufficient,20260906
kivi_4bit_residual64,13.0,0.1,True,False,online_qwen,False,,/DATACENTER3/zhenxiang.wang/work/TailGuardKV/.worktrees/baseline-smoke-final-aggregation/out/full_25session_baseline_9_14/full/policy_attempts/tight_budget_preflight_20260916_h2o_static_safe/seed20260906/config.yaml,,,,,0.05,True,,0.05,,0,False,kivi_4bit_residual64,True,,balanced_two_gpu,1,persistent,26409.228768898174,24027,30249.042386189103,,469.6015625,28.251220703125,2.8984375,2.8984375,1.421875,1336.6668701637536,unknown,True,,True,,False,,15078.74658203125,True,static_safe,False,0.0,0.0,kivi_4bit_residual64,0.0,,risk_evidence_insufficient,0.0,static_safe,0.0,,,,hybrid-session-003-turn-1,2.8984375,1.4765625,2.8984375,0.0,0.0,/DATACENTER3/zhenxiang.wang/work/TailGuardKV/.worktrees/baseline-smoke-final-aggregation/out/full_25session_baseline_9_14/full/policy_attempts/tight_budget_preflight_20260916_h2o_static_safe/seed20260906,True,calibrated safe,hybrid-session-003,chat,90.5944041442126,1,risk_evidence_insufficient,20260906
kivi_4bit_residual64,13.0,0.1,False,False,online_qwen,False,,/DATACENTER3/zhenxiang.wang/work/TailGuardKV/.worktrees/baseline-smoke-final-aggregation/out/full_25session_baseline_9_14/full/policy_attempts/tight_budget_preflight_20260916_h2o_static_safe/seed20260906/config.yaml,,,,,0.05,True,,0.05,,0,False,kivi_4bit_residual64,True,,balanced_two_gpu,1,persistent,26409.228768898174,24027,30249.042386189103,,469.6015625,29.76708984375,3.265869140625,3.265869140625,1.515869140625,2344.5237420964986,unknown,True,,True,,False,,15128.7724609375,True,static_safe,False,0.0,0.0,kivi_4bit_residual64,0.0,,risk_evidence_insufficient,0.0,static_safe,0.0,,,,hybrid-session-004-turn-1,3.265869140625,1.75,3.265869140625,0.0,0.0,/DATACENTER3/zhenxiang.wang/work/TailGuardKV/.worktrees/baseline-smoke-final-aggregation/out/full_25session_baseline_9_14/full/policy_attempts/tight_budget_preflight_20260916_h2o_static_safe/seed20260906,True,calibrated safe,hybrid-session-004,chat,177.1883829496801,1,risk_evidence_insufficient,20260906
kivi_4bit_residual64,13.0,0.1,False,False,online_qwen,False,,/DATACENTER3/zhenxiang.wang/work/TailGuardKV/.worktrees/baseline-smoke-final-aggregation/out/full_25session_baseline_9_14/full/policy_attempts/tight_budget_preflight_20260916_h2o_static_safe/seed20260906/config.yaml,,,,,0.05,True,,0.05,,0,False,kivi_4bit_residual64,True,,balanced_two_gpu,1,persistent,26409.228768898174,24027,30249.042386189103,,469.6015625,30.65234375,2.79931640625,2.79931640625,0.88525390625,2401.4412369579077,unknown,True,,True,,False,,15106.55908203125,True,static_safe,False,0.0,0.0,kivi_4bit_residual64,0.0,,risk_evidence_insufficient,0.0,static_safe,0.0,,,,hybrid-session-005-turn-1,2.79931640625,1.9140625,2.79931640625,0.0,0.0,/DATACENTER3/zhenxiang.wang/work/TailGuardKV/.worktrees/baseline-smoke-final-aggregation/out/full_25session_baseline_9_14/full/policy_attempts/tight_budget_preflight_20260916_h2o_static_safe/seed20260906,True,calibrated safe,hybrid-session-005,chat,122.50763596966863,1,risk_evidence_insufficient,20260906
kivi_4bit_residual64,13.0,0.1,False,False,online_qwen,False,,/DATACENTER3/zhenxiang.wang/work/TailGuardKV/.worktrees/baseline-smoke-final-aggregation/out/full_25session_baseline_9_14/full/policy_attempts/tight_budget_preflight_20260916_h2o_static_safe/seed20260906/config.yaml,,,,,0.05,True,,0.05,,0,False,kivi_4bit_residual64,True,,balanced_two_gpu,1,persistent,26409.228768898174,24027,30249.042386189103,,469.6015625,31.47265625,3.4453125,3.4453125,0.8203125,2362.862949958071,unknown,True,,True,,False,,15114.3935546875,True,static_safe,False,0.0,0.0,kivi_4bit_residual64,0.0,,risk_evidence_insufficient,0.0,static_safe,0.0,,,,hybrid-session-006-turn-1,3.4453125,2.625,3.4453125,0.0,0.0,/DATACENTER3/zhenxiang.wang/work/TailGuardKV/.worktrees/baseline-smoke-final-aggregation/out/full_25session_baseline_9_14/full/policy_attempts/tight_budget_preflight_20260916_h2o_static_safe/seed20260906,True,calibrated safe,hybrid-session-006,chat,185.96257199533284,1,risk_evidence_insufficient,20260906
kivi_4bit_residual64,13.0,0.1,False,False,online_qwen,False,,/DATACENTER3/zhenxiang.wang/work/TailGuardKV/.worktrees/baseline-smoke-final-aggregation/out/full_25session_baseline_9_14/full/policy_attempts/tight_budget_preflight_20260916_h2o_static_safe/seed20260906/config.yaml,,,,,0.05,True,,0.05,,0,False,kivi_4bit_residual64,True,,balanced_two_gpu,1,persistent,26409.228768898174,24027,30249.042386189103,,469.6015625,33.16796875,3.390625,3.390625,1.6953125,1265.8948781900108,unknown,True,,True,,False,,15090.15771484375,True,static_safe,False,0.0,0.0,kivi_4bit_residual64,0.0,,risk_evidence_insufficient,0.0,static_safe,0.0,,,,hybrid-session-009-turn-1,3.390625,1.6953125,3.390625,0.0,0.0,/DATACENTER3/zhenxiang.wang/work/TailGuardKV/.worktrees/baseline-smoke-final-aggregation/out/full_25session_baseline_9_14/full/policy_attempts/tight_budget_preflight_20260916_h2o_static_safe/seed20260906,True,calibrated safe,hybrid-session-009,chat,87.62078220024705,1,risk_evidence_insufficient,20260906
kivi_4bit_residual64,13.0,0.1,False,False,online_qwen,False,,/DATACENTER3/zhenxiang.wang/work/TailGuardKV/.worktrees/baseline-smoke-final-aggregation/out/full_25session_baseline_9_14/full/policy_attempts/tight_budget_preflight_20260916_h2o_static_safe/seed20260906/config.yaml,,,,,0.05,True,,0.05,,0,False,kivi_4bit_residual64,True,,balanced_two_gpu,1,persistent,26409.228768898174,24027,30249.042386189103,,469.6015625,34.80859375,3.171875,3.171875,1.640625,1251.4034260530025,unknown,True,,True,,False,,15090.34130859375,True,static_safe,False,0.0,0.0,kivi_4bit_residual64,0.0,,risk_evidence_insufficient,0.0,static_safe,0.0,,,,hybrid-session-010-turn-1,3.171875,1.53125,3.171875,0.0,0.0,/DATACENTER3/zhenxiang.wang/work/TailGuardKV/.worktrees/baseline-smoke-final-aggregation/out/full_25session_baseline_9_14/full/policy_attempts/tight_budget_preflight_20260916_h2o_static_safe/seed20260906,True,calibrated safe,hybrid-session-010,chat,87.50968100503087,1,risk_evidence_insufficient,20260906
kivi_4bit_residual64,13.0,0.1,False,False,online_qwen,False,,/DATACENTER3/zhenxiang.wang/work/TailGuardKV/.worktrees/baseline-smoke-final-aggregation/out/full_25session_baseline_9_14/full/policy_attempts/tight_budget_preflight_20260916_h2o_static_safe/seed20260906/config.yaml,,,,,0.05,True,,0.05,,0,False,kivi_4bit_residual64,True,,balanced_two_gpu,1,persistent,26409.228768898174,24027,30249.042386189103,,469.6015625,36.23046875,3.2265625,3.2265625,1.421875,1259.51838796027,unknown,True,,True,,False,,15086.74462890625,True,static_safe,False,0.0,0.0,kivi_4bit_residual64,0.0,,risk_evidence_insufficient,0.0,static_safe,0.0,,,,hybrid-session-013-turn-1,3.2265625,1.8046875,3.2265625,0.0,0.0,/DATACENTER3/zhenxiang.wang/work/TailGuardKV/.worktrees/baseline-smoke-final-aggregation/out/full_25session_baseline_9_14/full/policy_attempts/tight_budget_preflight_20260916_h2o_static_safe/seed20260906,True,calibrated safe,hybrid-session-013,chat,86.29589807242155,1,risk_evidence_insufficient,20260906
kivi_4bit_residual64,13.0,0.1,False,False,online_qwen,False,,/DATACENTER3/zhenxiang.wang/work/TailGuardKV/.worktrees/baseline-smoke-final-aggregation/out/full_25session_baseline_9_14/full/policy_attempts/tight_budget_preflight_20260916_h2o_static_safe/seed20260906/config.yaml,,,,,0.05,True,,0.05,,0,False,kivi_4bit_residual64,True,,balanced_two_gpu,1,persistent,26409.228768898174,24027,30249.042386189103,,469.6015625,36.297119140625,2.691650390625,2.691650390625,0.066650390625,1724.1918570362031,unknown,True,,True,,False,,15089.38818359375,True,static_safe,False,0.0,0.0,kivi_4bit_residual64,0.0,,risk_evidence_insufficient,0.0,static_safe,0.0,,,,hybrid-session-016-turn-1,2.691650390625,2.625,2.691650390625,0.0,0.0,/DATACENTER3/zhenxiang.wang/work/TailGuardKV/.worktrees/baseline-smoke-final-aggregation/out/full_25session_baseline_9_14/full/policy_attempts/tight_budget_preflight_20260916_h2o_static_safe/seed20260906,True,calibrated safe,hybrid-session-016,chat,87.02329196967185,1,risk_evidence_insufficient,20260906
kivi_4bit_residual64,13.0,0.1,False,False,online_qwen,False,,/DATACENTER3/zhenxiang.wang/work/TailGuardKV/.worktrees/baseline-smoke-final-aggregation/out/full_25session_baseline_9_14/full/policy_attempts/tight_budget_preflight_20260916_h2o_static_safe/seed20260906/config.yaml,,,,,0.05,True,,0.05,,0,False,kivi_4bit_residual64,True,,balanced_two_gpu,1,persistent,26409.228768898174,24027,30249.042386189103,,469.6015625,36.690185546875,2.79931640625,2.79931640625,0.39306640625,1878.279817989096,unknown,True,,True,,False,,15100.35595703125,True,static_safe,False,0.0,0.0,kivi_4bit_residual64,0.0,,risk_evidence_insufficient,0.0,static_safe,0.0,,,,hybrid-session-020-turn-1,2.79931640625,2.40625,2.79931640625,0.0,0.0,/DATACENTER3/zhenxiang.wang/work/TailGuardKV/.worktrees/baseline-smoke-final-aggregation/out/full_25session_baseline_9_14/full/policy_attempts/tight_budget_preflight_20260916_h2o_static_safe/seed20260906,True,calibrated safe,hybrid-session-020,chat,99.62518909014761,1,risk_evidence_insufficient,20260906
kivi_4bit_residual64,13.0,0.1,False,False,online_qwen,False,,/DATACENTER3/zhenxiang.wang/work/TailGuardKV/.worktrees/baseline-smoke-final-aggregation/out/full_25session_baseline_9_14/full/policy_attempts/tight_budget_preflight_20260916_h2o_static_safe/seed20260906/config.yaml,,,,,0.05,True,,0.05,,0,False,kivi_4bit_residual64,True,,balanced_two_gpu,1,persistent,26409.228768898174,24027,30249.042386189103,,469.6015625,37.3720703125,2.978759765625,2.978759765625,0.681884765625,1950.6440069526434,unknown,True,,True,,False,,15109.2490234375,True,static_safe,False,0.0,0.0,kivi_4bit_residual64,0.0,,risk_evidence_insufficient,0.0,static_safe,0.0,,,,hybrid-session-021-turn-1,2.978759765625,2.296875,2.978759765625,0.0,0.0,/DATACENTER3/zhenxiang.wang/work/TailGuardKV/.worktrees/baseline-smoke-final-aggregation/out/full_25session_baseline_9_14/full/policy_attempts/tight_budget_preflight_20260916_h2o_static_safe/seed20260906,True,calibrated safe,hybrid-session-021,chat,150.09021502919495,1,risk_evidence_insufficient,20260906
kivi_4bit_residual64,13.0,0.1,False,False,online_qwen,False,,/DATACENTER3/zhenxiang.wang/work/TailGuardKV/.worktrees/baseline-smoke-final-aggregation/out/full_25session_baseline_9_14/full/policy_attempts/tight_budget_preflight_20260916_h2o_static_safe/seed20260906/config.yaml,,,,,0.05,True,,0.05,,0,False,kivi_4bit_residual64,True,,balanced_two_gpu,1,persistent,26409.228768898174,24027,30249.042386189103,,469.6015625,38.6845703125,3.28125,3.28125,1.3125,1264.473867136985,unknown,True,,True,,False,,15085.52294921875,True,static_safe,False,0.005128205128205128,0.005128205128205128,kivi_4bit_residual64,0.005128205128205128,,risk_evidence_insufficient,0.0,static_safe,0.0,,,,hybrid-session-025-turn-1,3.28125,1.96875,3.28125,0.0,0.005128205128205128,/DATACENTER3/zhenxiang.wang/work/TailGuardKV/.worktrees/baseline-smoke-final-aggregation/out/full_25session_baseline_9_14/full/policy_attempts/tight_budget_preflight_20260916_h2o_static_safe/seed20260906,True,calibrated safe,hybrid-session-025,chat,86.42432605847716,1,risk_evidence_insufficient,20260906
kivi_4bit_residual64,13.0,0.1,False,False,online_qwen,False,,/DATACENTER3/zhenxiang.wang/work/TailGuardKV/.worktrees/baseline-smoke-final-aggregation/out/full_25session_baseline_9_14/full/policy_attempts/tight_budget_preflight_20260916_h2o_static_safe/seed20260906/config.yaml,,,,,0.05,True,,0.05,,0,False,kivi_4bit_residual64,True,,balanced_two_gpu,1,persistent,26409.228768898174,24027,30249.042386189103,,469.6015625,39.547607421875,3.050537109375,3.050537109375,0.863037109375,1957.1650780271739,unknown,True,,True,,False,,15117.2783203125,True,static_safe,False,0.0,0.0,kivi_4bit_residual64,0.0,,risk_evidence_insufficient,0.0,static_safe,0.0,,,,hybrid-session-026-turn-1,3.050537109375,2.1875,3.050537109375,0.0,0.0,/DATACENTER3/zhenxiang.wang/work/TailGuardKV/.worktrees/baseline-smoke-final-aggregation/out/full_25session_baseline_9_14/full/policy_attempts/tight_budget_preflight_20260916_h2o_static_safe/seed20260906,True,calibrated safe,hybrid-session-026,chat,156.03259298950434,1,risk_evidence_insufficient,20260906
kivi_4bit_residual64,13.0,0.1,True,False,online_qwen,False,,/DATACENTER3/zhenxiang.wang/work/TailGuardKV/.worktrees/baseline-smoke-final-aggregation/out/full_25session_baseline_9_14/full/policy_attempts/tight_budget_preflight_20260916_h2o_static_safe/seed20260906/config.yaml,,,,,0.05,True,,0.05,,0,False,kivi_4bit_residual64,True,,balanced_two_gpu,1,persistent,26409.228768898174,24027,30249.042386189103,,469.6015625,41.591552734375,4.592041015625,4.592041015625,2.0439453125,2039.3458257894963,unknown,True,,True,,False,,15237.5693359375,True,static_safe,False,0.0,0.0,kivi_4bit_residual64,0.0,,risk_evidence_insufficient,0.0,static_safe,0.0,,,,hybrid-session-002-turn-2,4.592041015625,2.548095703125,4.592041015625,0.0,0.0,/DATACENTER3/zhenxiang.wang/work/TailGuardKV/.worktrees/baseline-smoke-final-aggregation/out/full_25session_baseline_9_14/full/policy_attempts/tight_budget_preflight_20260916_h2o_static_safe/seed20260906,True,calibrated safe,hybrid-session-002,qa,198.18711699917912,2,risk_evidence_insufficient,20260906
kivi_4bit_residual64,13.0,0.1,False,False,online_qwen,False,,/DATACENTER3/zhenxiang.wang/work/TailGuardKV/.worktrees/baseline-smoke-final-aggregation/out/full_25session_baseline_9_14/full/policy_attempts/tight_budget_preflight_20260916_h2o_static_safe/seed20260906/config.yaml,,,,,0.05,True,,0.05,,0,False,kivi_4bit_residual64,True,,balanced_two_gpu,1,persistent,26409.228768898174,24027,30249.042386189103,,469.6015625,43.84228515625,5.149169921875,5.149169921875,2.250732421875,2019.5705969817936,unknown,True,,True,,False,,15238.6494140625,True,static_safe,False,0.0,0.0,kivi_4bit_residual64,0.0,,risk_evidence_insufficient,0.0,static_safe,0.0,,,,hybrid-session-003-turn-2,5.149169921875,2.8984375,5.149169921875,0.0,0.0,/DATACENTER3/zhenxiang.wang/work/TailGuardKV/.worktrees/baseline-smoke-final-aggregation/out/full_25session_baseline_9_14/full/policy_attempts/tight_budget_preflight_20260916_h2o_static_safe/seed20260906,True,calibrated safe,hybrid-session-003,summary,183.29702503979206,2,risk_evidence_insufficient,20260906
kivi_4bit_residual64,13.0,0.1,False,False,online_qwen,False,,/DATACENTER3/zhenxiang.wang/work/TailGuardKV/.worktrees/baseline-smoke-final-aggregation/out/full_25session_baseline_9_14/full/policy_attempts/tight_budget_preflight_20260916_h2o_static_safe/seed20260906/config.yaml,,,,,0.05,True,,0.05,,0,False,kivi_4bit_residual64,True,,balanced_two_gpu,1,persistent,26409.228768898174,24027,30249.042386189103,,469.6015625,45.347900390625,4.771484375,4.771484375,1.505615234375,2046.3420150335878,unknown,True,,True,,False,,15217.580078125,True,static_safe,False,0.03418803418803419,0.03418803418803419,kivi_4bit_residual64,0.03418803418803419,,risk_evidence_insufficient,0.0,static_safe,0.0,,,,hybrid-session-004-turn-2,4.771484375,3.265869140625,4.771484375,0.0,0.3418803418803419,/DATACENTER3/zhenxiang.wang/work/TailGuardKV/.worktrees/baseline-smoke-final-aggregation/out/full_25session_baseline_9_14/full/policy_attempts/tight_budget_preflight_20260916_h2o_static_safe/seed20260906,False,calibrated unsafe,hybrid-session-004,qa,193.02077987231314,2,risk_evidence_insufficient,20260906
kivi_4bit_residual64,13.0,0.1,False,False,online_qwen,False,,/DATACENTER3/zhenxiang.wang/work/TailGuardKV/.worktrees/baseline-smoke-final-aggregation/out/full_25session_baseline_9_14/full/policy_attempts/tight_budget_preflight_20260916_h2o_static_safe/seed20260906/config.yaml,,,,,0.05,True,,0.05,,0,False,kivi_4bit_residual64,True,,balanced_two_gpu,1,persistent,26409.228768898174,24027,30249.042386189103,,469.6015625,47.06884765625,4.520263671875,4.520263671875,1.720947265625,2037.192695075646,unknown,True,,True,,False,,15228.064453125,True,static_safe,False,0.0,0.0,kivi_4bit_residual64,0.0,,risk_evidence_insufficient,0.0,static_safe,0.0,,,,hybrid-session-005-turn-2,4.520263671875,2.79931640625,4.520263671875,0.0,0.0,/DATACENTER3/zhenxiang.wang/work/TailGuardKV/.worktrees/baseline-smoke-final-aggregation/out/full_25session_baseline_9_14/full/policy_attempts/tight_budget_preflight_20260916_h2o_static_safe/seed20260906,True,calibrated safe,hybrid-session-005,summary,192.00892909429967,2,risk_evidence_insufficient,20260906
kivi_4bit_residual64,13.0,0.1,False,False,online_qwen,False,,/DATACENTER3/zhenxiang.wang/work/TailGuardKV/.worktrees/baseline-smoke-final-aggregation/out/full_25session_baseline_9_14/full/policy_attempts/tight_budget_preflight_20260916_h2o_static_safe/seed20260906/config.yaml,,,,,0.05,True,,0.05,,0,False,kivi_4bit_residual64,True,,balanced_two_gpu,1,persistent,26409.228768898174,24027,30249.042386189103,,469.6015625,49.68701171875,6.0634765625,6.0634765625,2.6181640625,2040.6586730387062,unknown,True,,True,,False,,15265.92138671875,True,static_safe,False,0.03418803418803419,0.03418803418803419,kivi_4bit_residual64,0.03418803418803419,,risk_evidence_insufficient,0.0,static_safe,0.0,,,,hybrid-session-006-turn-2,6.0634765625,3.4453125,6.0634765625,0.0,0.3418803418803419,/DATACENTER3/zhenxiang.wang/work/TailGuardKV/.worktrees/baseline-smoke-final-aggregation/out/full_25session_baseline_9_14/full/policy_attempts/tight_budget_preflight_20260916_h2o_static_safe/seed20260906,False,calibrated unsafe,hybrid-session-006,qa,196.50819711387157,2,risk_evidence_insufficient,20260906
kivi_4bit_residual64,13.0,0.1,False,False,online_qwen,False,,/DATACENTER3/zhenxiang.wang/work/TailGuardKV/.worktrees/baseline-smoke-final-aggregation/out/full_25session_baseline_9_14/full/policy_attempts/tight_budget_preflight_20260916_h2o_static_safe/seed20260906/config.yaml,,,,,0.05,True,,0.05,,0,False,kivi_4bit_residual64,True,,balanced_two_gpu,1,persistent,26409.228768898174,24027,30249.042386189103,,469.6015625,51.302001953125,5.005615234375,5.005615234375,1.614990234375,1981.7499490454793,unknown,True,,True,,False,,15225.28515625,True,static_safe,False,0.0,0.0,kivi_4bit_residual64,0.0,,risk_evidence_insufficient,0.0,static_safe,0.0,,,,hybrid-session-009-turn-2,5.005615234375,3.390625,5.005615234375,0.0,0.0,/DATACENTER3/zhenxiang.wang/work/TailGuardKV/.worktrees/baseline-smoke-final-aggregation/out/full_25session_baseline_9_14/full/policy_attempts/tight_budget_preflight_20260916_h2o_static_safe/seed20260906,True,calibrated safe,hybrid-session-009,summary,169.13875611498952,2,risk_evidence_insufficient,20260906
kivi_4bit_residual64,13.0,0.1,False,False,online_qwen,False,,/DATACENTER3/zhenxiang.wang/work/TailGuardKV/.worktrees/baseline-smoke-final-aggregation/out/full_25session_baseline_9_14/full/policy_attempts/tight_budget_preflight_20260916_h2o_static_safe/seed20260906/config.yaml,,,,,0.05,True,,0.05,,0,False,kivi_4bit_residual64,True,,balanced_two_gpu,1,persistent,26409.228768898174,24027,30249.042386189103,,469.6015625,53.56640625,5.436279296875,5.436279296875,2.264404296875,1990.076654125005,unknown,True,,True,,False,,15250.880859375,True,static_safe,False,0.0,0.0,kivi_4bit_residual64,0.0,,risk_evidence_insufficient,0.0,static_safe,0.0,,,,hybrid-session-010-turn-2,5.436279296875,3.171875,5.436279296875,0.0,0.0,/DATACENTER3/zhenxiang.wang/work/TailGuardKV/.worktrees/baseline-smoke-final-aggregation/out/full_25session_baseline_9_14/full/policy_attempts/tight_budget_preflight_20260916_h2o_static_safe/seed20260906,True,calibrated safe,hybrid-session-010,qa,176.84598895721138,2,risk_evidence_insufficient,20260906
kivi_4bit_residual64,13.0,0.1,True,False,online_qwen,False,,/DATACENTER3/zhenxiang.wang/work/TailGuardKV/.worktrees/baseline-smoke-final-aggregation/out/full_25session_baseline_9_14/full/policy_attempts/tight_budget_preflight_20260916_h2o_static_safe/seed20260906/config.yaml,,,,,0.05,True,,0.05,,0,False,kivi_4bit_residual64,True,,balanced_two_gpu,1,persistent,26409.228768898174,24027,30249.042386189103,,469.6015625,55.52490234375,5.18505859375,5.18505859375,1.95849609375,2044.3644009064883,unknown,True,,True,,False,,15241.21484375,True,static_safe,False,0.0,0.0,kivi_4bit_residual64,0.0,,risk_evidence_insufficient,0.0,static_safe,0.0,,,,hybrid-session-013-turn-2,5.18505859375,3.2265625,5.18505859375,0.0,0.0,/DATACENTER3/zhenxiang.wang/work/TailGuardKV/.worktrees/baseline-smoke-final-aggregation/out/full_25session_baseline_9_14/full/policy_attempts/tight_budget_preflight_20260916_h2o_static_safe/seed20260906,True,calibrated safe,hybrid-session-013,summary,185.54734787903726,2,risk_evidence_insufficient,20260906
kivi_4bit_residual64,13.0,0.1,False,False,online_qwen,False,,/DATACENTER3/zhenxiang.wang/work/TailGuardKV/.worktrees/baseline-smoke-final-aggregation/out/full_25session_baseline_9_14/full/policy_attempts/tight_budget_preflight_20260916_h2o_static_safe/seed20260906/config.yaml,,,,,0.05,True,,0.05,,0,False,kivi_4bit_residual64,True,,balanced_two_gpu,1,persistent,26409.228768898174,24027,30249.042386189103,,469.6015625,57.389404296875,4.55615234375,4.55615234375,1.864501953125,2062.4818128999323,unknown,True,,True,,False,,15244.291015625,True,static_safe,False,0.0,0.0,kivi_4bit_residual64,0.0,,risk_evidence_insufficient,0.0,static_safe,0.0,,,,hybrid-session-016-turn-2,4.55615234375,2.691650390625,4.55615234375,0.0,0.0,/DATACENTER3/zhenxiang.wang/work/TailGuardKV/.worktrees/baseline-smoke-final-aggregation/out/full_25session_baseline_9_14/full/policy_attempts/tight_budget_preflight_20260916_h2o_static_safe/seed20260906,True,calibrated safe,hybrid-session-016,qa,220.02570889890194,2,risk_evidence_insufficient,20260906
kivi_4bit_residual64,13.0,0.1,True,False,online_qwen,False,,/DATACENTER3/zhenxiang.wang/work/TailGuardKV/.worktrees/baseline-smoke-final-aggregation/out/full_25session_baseline_9_14/full/policy_attempts/tight_budget_preflight_20260916_h2o_static_safe/seed20260906/config.yaml,,,,,0.05,True,,0.05,,0,False,kivi_4bit_residual64,True,,balanced_two_gpu,1,persistent,26409.228768898174,24027,30249.042386189103,,469.6015625,59.18212890625,4.592041015625,4.592041015625,1.792724609375,2031.3487248495221,unknown,True,,True,,False,,15243.1875,True,static_safe,False,0.03418803418803419,0.03418803418803419,kivi_4bit_residual64,0.03418803418803419,,risk_evidence_insufficient,0.0,static_safe,0.0,,,,hybrid-session-020-turn-2,4.592041015625,2.79931640625,4.592041015625,0.0,0.3418803418803419,/DATACENTER3/zhenxiang.wang/work/TailGuardKV/.worktrees/baseline-smoke-final-aggregation/out/full_25session_baseline_9_14/full/policy_attempts/tight_budget_preflight_20260916_h2o_static_safe/seed20260906,False,calibrated unsafe,hybrid-session-020,qa,190.31268102116883,2,risk_evidence_insufficient,20260906
kivi_4bit_residual64,13.0,0.1,False,False,online_qwen,False,,/DATACENTER3/zhenxiang.wang/work/TailGuardKV/.worktrees/baseline-smoke-final-aggregation/out/full_25session_baseline_9_14/full/policy_attempts/tight_budget_preflight_20260916_h2o_static_safe/seed20260906/config.yaml,,,,,0.05,True,,0.05,,0,False,kivi_4bit_residual64,True,,balanced_two_gpu,1,persistent,26409.228768898174,24027,30249.042386189103,,469.6015625,61.154296875,4.950927734375,4.950927734375,1.97216796875,2036.2774899695069,unknown,True,,True,,False,,15253.3935546875,True,static_safe,False,0.0,0.0,kivi_4bit_residual64,0.0,,risk_evidence_insufficient,0.0,static_safe,0.0,,,,hybrid-session-021-turn-2,4.950927734375,2.978759765625,4.950927734375,0.0,0.0,/DATACENTER3/zhenxiang.wang/work/TailGuardKV/.worktrees/baseline-smoke-final-aggregation/out/full_25session_baseline_9_14/full/policy_attempts/tight_budget_preflight_20260916_h2o_static_safe/seed20260906,True,calibrated safe,hybrid-session-021,summary,197.538074105978,2,risk_evidence_insufficient,20260906
kivi_4bit_residual64,13.0,0.1,False,False,online_qwen,False,,/DATACENTER3/zhenxiang.wang/work/TailGuardKV/.worktrees/baseline-smoke-final-aggregation/out/full_25session_baseline_9_14/full/policy_attempts/tight_budget_preflight_20260916_h2o_static_safe/seed20260906/config.yaml,,,,,0.05,True,,0.05,,0,False,kivi_4bit_residual64,True,,balanced_two_gpu,1,persistent,26409.228768898174,24027,30249.042386189103,,469.6015625,63.165771484375,5.292724609375,5.292724609375,2.011474609375,2004.0913501288742,unknown,True,,True,,False,,15251.8046875,True,static_safe,False,0.0,0.0,kivi_4bit_residual64,0.0,,risk_evidence_insufficient,0.0,static_safe,0.0,,,,hybrid-session-025-turn-2,5.292724609375,3.28125,5.292724609375,0.0,0.0,/DATACENTER3/zhenxiang.wang/work/TailGuardKV/.worktrees/baseline-smoke-final-aggregation/out/full_25session_baseline_9_14/full/policy_attempts/tight_budget_preflight_20260916_h2o_static_safe/seed20260906,True,calibrated safe,hybrid-session-025,summary,179.43229502998292,2,risk_evidence_insufficient,20260906
kivi_4bit_residual64,13.0,0.1,False,False,online_qwen,False,,/DATACENTER3/zhenxiang.wang/work/TailGuardKV/.worktrees/baseline-smoke-final-aggregation/out/full_25session_baseline_9_14/full/policy_attempts/tight_budget_preflight_20260916_h2o_static_safe/seed20260906/config.yaml,,,,,0.05,True,,0.05,,0,False,kivi_4bit_residual64,True,,balanced_two_gpu,1,persistent,26409.228768898174,24027,30249.042386189103,,469.6015625,65.209716796875,5.094482421875,5.094482421875,2.0439453125,2019.8533518705517,unknown,True,,True,,False,,15260.15673828125,True,static_safe,False,0.03418803418803419,0.03418803418803419,kivi_4bit_residual64,0.03418803418803419,,risk_evidence_insufficient,0.0,static_safe,0.0,,,,hybrid-session-026-turn-2,5.094482421875,3.050537109375,5.094482421875,0.0,0.3418803418803419,/DATACENTER3/zhenxiang.wang/work/TailGuardKV/.worktrees/baseline-smoke-final-aggregation/out/full_25session_baseline_9_14/full/policy_attempts/tight_budget_preflight_20260916_h2o_static_safe/seed20260906,False,calibrated unsafe,hybrid-session-026,qa,191.04144792072475,2,risk_evidence_insufficient,20260906
kivi_4bit_residual64,13.0,0.1,False,False,online_qwen,False,,/DATACENTER3/zhenxiang.wang/work/TailGuardKV/.worktrees/baseline-smoke-final-aggregation/out/full_25session_baseline_9_14/full/policy_attempts/tight_budget_preflight_20260916_h2o_static_safe/seed20260906/config.yaml,,,,,0.05,True,,0.05,,0,False,kivi_4bit_residual64,True,,balanced_two_gpu,1,persistent,26409.228768898174,24027,30249.042386189103,,469.6015625,66.82470703125,6.20703125,6.20703125,1.614990234375,1982.8534598927945,unknown,True,,True,,False,,15144.7421875,True,static_safe,False,0.0,0.0,kivi_4bit_residual64,0.0,,risk_evidence_insufficient,0.0,static_safe,0.0,,,,hybrid-session-002-turn-3,6.20703125,4.592041015625,6.20703125,0.0,0.0,/DATACENTER3/zhenxiang.wang/work/TailGuardKV/.worktrees/baseline-smoke-final-aggregation/out/full_25session_baseline_9_14/full/policy_attempts/tight_budget_preflight_20260916_h2o_static_safe/seed20260906,True,calibrated safe,hybrid-session-002,qa,151.33357397280633,3,risk_evidence_insufficient,20260906
kivi_4bit_residual64,13.0,0.1,False,False,online_qwen,False,,/DATACENTER3/zhenxiang.wang/work/TailGuardKV/.worktrees/baseline-smoke-final-aggregation/out/full_25session_baseline_9_14/full/policy_attempts/tight_budget_preflight_20260916_h2o_static_safe/seed20260906/config.yaml,,,,,0.05,True,,0.05,,0,False,kivi_4bit_residual64,True,,balanced_two_gpu,1,persistent,26409.228768898174,24027,30249.042386189103,,469.6015625,67.20068359375,5.525146484375,5.525146484375,0.3759765625,1998.8798850681633,unknown,True,,True,,False,,15143.60546875,True,static_safe,False,0.0,0.0,kivi_4bit_residual64,0.0,,risk_evidence_insufficient,0.0,static_safe,0.0,,,,hybrid-session-003-turn-3,5.525146484375,5.149169921875,5.525146484375,0.0,0.0,/DATACENTER3/zhenxiang.wang/work/TailGuardKV/.worktrees/baseline-smoke-final-aggregation/out/full_25session_baseline_9_14/full/policy_attempts/tight_budget_preflight_20260916_h2o_static_safe/seed20260906,True,calibrated safe,hybrid-session-003,summary,171.74705606885254,3,risk_evidence_insufficient,20260906
kivi_4bit_residual64,13.0,0.1,False,False,online_qwen,False,,/DATACENTER3/zhenxiang.wang/work/TailGuardKV/.worktrees/baseline-smoke-final-aggregation/out/full_25session_baseline_9_14/full/policy_attempts/tight_budget_preflight_20260916_h2o_static_safe/seed20260906/config.yaml,,,,,0.05,True,,0.05,,0,False,kivi_4bit_residual64,True,,balanced_two_gpu,1,persistent,26409.228768898174,24027,30249.042386189103,,469.6015625,68.815673828125,6.386474609375,6.386474609375,1.614990234375,1967.5397500395775,unknown,True,,True,,False,,15146.689453125,True,static_safe,False,0.03418803418803419,0.03418803418803419,kivi_4bit_residual64,0.03418803418803419,,risk_evidence_insufficient,0.0,static_safe,0.0,,,,hybrid-session-004-turn-3,6.386474609375,4.771484375,6.386474609375,0.0,0.3418803418803419,/DATACENTER3/zhenxiang.wang/work/TailGuardKV/.worktrees/baseline-smoke-final-aggregation/out/full_25session_baseline_9_14/full/policy_attempts/tight_budget_preflight_20260916_h2o_static_safe/seed20260906,False,calibrated unsafe,hybrid-session-004,qa,140.5984500888735,3,risk_evidence_insufficient,20260906
kivi_4bit_residual64,13.0,0.1,False,False,online_qwen,False,,/DATACENTER3/zhenxiang.wang/work/TailGuardKV/.worktrees/baseline-smoke-final-aggregation/out/full_25session_baseline_9_14/full/policy_attempts/tight_budget_preflight_20260916_h2o_static_safe/seed20260906/config.yaml,,,,,0.05,True,,0.05,,0,False,kivi_4bit_residual64,True,,balanced_two_gpu,1,persistent,26409.228768898174,24027,30249.042386189103,,469.6015625,70.394775390625,6.099365234375,6.099365234375,1.5791015625,1963.8523110188544,unknown,True,,True,,False,,15146.791015625,True,static_safe,False,0.0,0.0,kivi_4bit_residual64,0.0,,risk_evidence_insufficient,0.0,static_safe,0.0,,,,hybrid-session-005-turn-3,6.099365234375,4.520263671875,6.099365234375,0.0,0.0,/DATACENTER3/zhenxiang.wang/work/TailGuardKV/.worktrees/baseline-smoke-final-aggregation/out/full_25session_baseline_9_14/full/policy_attempts/tight_budget_preflight_20260916_h2o_static_safe/seed20260906,True,calibrated safe,hybrid-session-005,summary,143.68159417062998,3,risk_evidence_insufficient,20260906
kivi_4bit_residual64,13.0,0.1,False,False,online_qwen,False,,/DATACENTER3/zhenxiang.wang/work/TailGuardKV/.worktrees/baseline-smoke-final-aggregation/out/full_25session_baseline_9_14/full/policy_attempts/tight_budget_preflight_20260916_h2o_static_safe/seed20260906/config.yaml,,,,,0.05,True,,0.05,,0,False,kivi_4bit_residual64,True,,balanced_two_gpu,1,persistent,26409.228768898174,24027,30249.042386189103,,469.6015625,70.806640625,6.475341796875,6.475341796875,0.411865234375,2483.5361728910357,unknown,True,,True,,False,,15148.673828125,True,static_safe,False,0.0,0.0,kivi_4bit_residual64,0.0,,risk_evidence_insufficient,0.0,static_safe,0.0,,,,hybrid-session-006-turn-3,6.475341796875,6.0634765625,6.475341796875,0.0,0.0,/DATACENTER3/zhenxiang.wang/work/TailGuardKV/.worktrees/baseline-smoke-final-aggregation/out/full_25session_baseline_9_14/full/policy_attempts/tight_budget_preflight_20260916_h2o_static_safe/seed20260906,True,calibrated safe,hybrid-session-006,qa,169.8129279538989,3,risk_evidence_insufficient,20260906
kivi_4bit_residual64,13.0,0.1,False,False,online_qwen,False,,/DATACENTER3/zhenxiang.wang/work/TailGuardKV/.worktrees/baseline-smoke-final-aggregation/out/full_25session_baseline_9_14/full/policy_attempts/tight_budget_preflight_20260916_h2o_static_safe/seed20260906/config.yaml,,,,,0.05,True,,0.05,,0,False,kivi_4bit_residual64,True,,balanced_two_gpu,1,persistent,26409.228768898174,24027,30249.042386189103,,469.6015625,71.1826171875,5.381591796875,5.381591796875,0.3759765625,2551.837702980265,unknown,True,,True,,False,,15147.59765625,True,static_safe,False,0.0,0.0,kivi_4bit_residual64,0.0,,risk_evidence_insufficient,0.0,static_safe,0.0,,,,hybrid-session-009-turn-3,5.381591796875,5.005615234375,5.381591796875,0.0,0.0,/DATACENTER3/zhenxiang.wang/work/TailGuardKV/.worktrees/baseline-smoke-final-aggregation/out/full_25session_baseline_9_14/full/policy_attempts/tight_budget_preflight_20260916_h2o_static_safe/seed20260906,True,calibrated safe,hybrid-session-009,summary,202.67176697961986,3,risk_evidence_insufficient,20260906
kivi_4bit_residual64,13.0,0.1,False,False,online_qwen,False,,/DATACENTER3/zhenxiang.wang/work/TailGuardKV/.worktrees/baseline-smoke-final-aggregation/out/full_25session_baseline_9_14/full/policy_attempts/tight_budget_preflight_20260916_h2o_static_safe/seed20260906/config.yaml,,,,,0.05,True,,0.05,,0,False,kivi_4bit_residual64,True,,balanced_two_gpu,1,persistent,26409.228768898174,24027,30249.042386189103,,469.6015625,71.594482421875,5.84814453125,5.84814453125,0.411865234375,2582.2132739704102,unknown,True,,True,,False,,15149.47265625,True,static_safe,False,0.0,0.0,kivi_4bit_residual64,0.0,,risk_evidence_insufficient,0.0,static_safe,0.0,,,,hybrid-session-010-turn-3,5.84814453125,5.436279296875,5.84814453125,0.0,0.0,/DATACENTER3/zhenxiang.wang/work/TailGuardKV/.worktrees/baseline-smoke-final-aggregation/out/full_25session_baseline_9_14/full/policy_attempts/tight_budget_preflight_20260916_h2o_static_safe/seed20260906,True,calibrated safe,hybrid-session-010,qa,200.63785184174776,3,risk_evidence_insufficient,20260906
kivi_4bit_residual64,13.0,0.1,False,False,online_qwen,False,,/DATACENTER3/zhenxiang.wang/work/TailGuardKV/.worktrees/baseline-smoke-final-aggregation/out/full_25session_baseline_9_14/full/policy_attempts/tight_budget_preflight_20260916_h2o_static_safe/seed20260906/config.yaml,,,,,0.05,True,,0.05,,0,False,kivi_4bit_residual64,True,,balanced_two_gpu,1,persistent,26409.228768898174,24027,30249.042386189103,,469.6015625,71.970458984375,5.56103515625,5.56103515625,0.3759765625,2568.2595290709287,unknown,True,,True,,False,,15148.37109375,True,static_safe,False,0.0,0.0,kivi_4bit_residual64,0.0,,risk_evidence_insufficient,0.0,static_safe,0.0,,,,hybrid-session-013-turn-3,5.56103515625,5.18505859375,5.56103515625,0.0,0.0,/DATACENTER3/zhenxiang.wang/work/TailGuardKV/.worktrees/baseline-smoke-final-aggregation/out/full_25session_baseline_9_14/full/policy_attempts/tight_budget_preflight_20260916_h2o_static_safe/seed20260906,True,calibrated safe,hybrid-session-013,summary,201.85930002480745,3,risk_evidence_insufficient,20260906
kivi_4bit_residual64,13.0,0.1,False,False,online_qwen,False,,/DATACENTER3/zhenxiang.wang/work/TailGuardKV/.worktrees/baseline-smoke-final-aggregation/out/full_25session_baseline_9_14/full/policy_attempts/tight_budget_preflight_20260916_h2o_static_safe/seed20260906/config.yaml,,,,,0.05,True,,0.05,,0,False,kivi_4bit_residual64,True,,balanced_two_gpu,1,persistent,26409.228768898174,24027,30249.042386189103,,469.6015625,73.58544921875,6.171142578125,6.171142578125,1.614990234375,2548.226159065962,unknown,True,,True,,False,,15151.431640625,True,static_safe,False,0.0,0.0,kivi_4bit_residual64,0.0,,risk_evidence_insufficient,0.0,static_safe,0.0,,,,hybrid-session-016-turn-3,6.171142578125,4.55615234375,6.171142578125,0.0,0.0,/DATACENTER3/zhenxiang.wang/work/TailGuardKV/.worktrees/baseline-smoke-final-aggregation/out/full_25session_baseline_9_14/full/policy_attempts/tight_budget_preflight_20260916_h2o_static_safe/seed20260906,True,calibrated safe,hybrid-session-016,qa,170.55123206228018,3,risk_evidence_insufficient,20260906
kivi_4bit_residual64,13.0,0.1,False,False,online_qwen,False,,/DATACENTER3/zhenxiang.wang/work/TailGuardKV/.worktrees/baseline-smoke-final-aggregation/out/full_25session_baseline_9_14/full/policy_attempts/tight_budget_preflight_20260916_h2o_static_safe/seed20260906/config.yaml,,,,,0.05,True,,0.05,,0,False,kivi_4bit_residual64,True,,balanced_two_gpu,1,persistent,26409.228768898174,24027,30249.042386189103,,469.6015625,75.200439453125,6.20703125,6.20703125,1.614990234375,2243.579036090523,unknown,True,,True,,False,,15153.041015625,True,static_safe,False,0.0,0.0,kivi_4bit_residual64,0.0,,risk_evidence_insufficient,0.0,static_safe,0.0,,,,hybrid-session-020-turn-3,6.20703125,4.592041015625,6.20703125,0.0,0.0,/DATACENTER3/zhenxiang.wang/work/TailGuardKV/.worktrees/baseline-smoke-final-aggregation/out/full_25session_baseline_9_14/full/policy_attempts/tight_budget_preflight_20260916_h2o_static_safe/seed20260906,True,calibrated safe,hybrid-session-020,qa,172.92545293457806,3,risk_evidence_insufficient,20260906
kivi_4bit_residual64,13.0,0.1,False,False,online_qwen,False,,/DATACENTER3/zhenxiang.wang/work/TailGuardKV/.worktrees/baseline-smoke-final-aggregation/out/full_25session_baseline_9_14/full/policy_attempts/tight_budget_preflight_20260916_h2o_static_safe/seed20260906/config.yaml,,,,,0.05,True,,0.05,,0,False,kivi_4bit_residual64,True,,balanced_two_gpu,1,persistent,26409.228768898174,24027,30249.042386189103,,469.6015625,76.779541015625,6.530029296875,6.530029296875,1.5791015625,1989.7494711913168,unknown,True,,True,,False,,15153.134765625,True,static_safe,False,0.0,0.0,kivi_4bit_residual64,0.0,,risk_evidence_insufficient,0.0,static_safe,0.0,,,,hybrid-session-021-turn-3,6.530029296875,4.950927734375,6.530029296875,0.0,0.0,/DATACENTER3/zhenxiang.wang/work/TailGuardKV/.worktrees/baseline-smoke-final-aggregation/out/full_25session_baseline_9_14/full/policy_attempts/tight_budget_preflight_20260916_h2o_static_safe/seed20260906,True,calibrated safe,hybrid-session-021,summary,147.0759550575167,3,risk_evidence_insufficient,20260906
kivi_4bit_residual64,13.0,0.1,False,False,online_qwen,False,,/DATACENTER3/zhenxiang.wang/work/TailGuardKV/.worktrees/baseline-smoke-final-aggregation/out/full_25session_baseline_9_14/full/policy_attempts/tight_budget_preflight_20260916_h2o_static_safe/seed20260906/config.yaml,,,,,0.05,True,,0.05,,0,False,kivi_4bit_residual64,True,,balanced_two_gpu,1,persistent,26409.228768898174,24027,30249.042386189103,,469.6015625,77.155517578125,5.668701171875,5.668701171875,0.3759765625,2037.2086169663817,unknown,True,,True,,False,,15153.517578125,True,static_safe,False,0.0,0.0,kivi_4bit_residual64,0.0,,risk_evidence_insufficient,0.0,static_safe,0.0,,,,hybrid-session-025-turn-3,5.668701171875,5.292724609375,5.668701171875,0.0,0.0,/DATACENTER3/zhenxiang.wang/work/TailGuardKV/.worktrees/baseline-smoke-final-aggregation/out/full_25session_baseline_9_14/full/policy_attempts/tight_budget_preflight_20260916_h2o_static_safe/seed20260906,True,calibrated safe,hybrid-session-025,summary,170.6789310555905,3,risk_evidence_insufficient,20260906
kivi_4bit_residual64,13.0,0.1,False,False,online_qwen,False,,/DATACENTER3/zhenxiang.wang/work/TailGuardKV/.worktrees/baseline-smoke-final-aggregation/out/full_25session_baseline_9_14/full/policy_attempts/tight_budget_preflight_20260916_h2o_static_safe/seed20260906/config.yaml,,,,,0.05,True,,0.05,,0,False,kivi_4bit_residual64,True,,balanced_two_gpu,1,persistent,26409.228768898174,24027,30249.042386189103,,469.6015625,78.7705078125,6.70947265625,6.70947265625,1.614990234375,2417.131891939789,unknown,True,,True,,False,,15156.568359375,True,static_safe,False,0.03418803418803419,0.03418803418803419,kivi_4bit_residual64,0.03418803418803419,,risk_evidence_insufficient,0.0,static_safe,0.0,,,,hybrid-session-026-turn-3,6.70947265625,5.094482421875,6.70947265625,0.0,0.3418803418803419,/DATACENTER3/zhenxiang.wang/work/TailGuardKV/.worktrees/baseline-smoke-final-aggregation/out/full_25session_baseline_9_14/full/policy_attempts/tight_budget_preflight_20260916_h2o_static_safe/seed20260906,False,calibrated unsafe,hybrid-session-026,qa,144.70197795890272,3,risk_evidence_insufficient,20260906
kivi_4bit_residual64,13.0,0.1,False,False,online_qwen,False,,/DATACENTER3/zhenxiang.wang/work/TailGuardKV/.worktrees/baseline-smoke-final-aggregation/out/full_25session_baseline_9_14/full/policy_attempts/tight_budget_preflight_20260916_h2o_static_safe/seed20260906/config.yaml,,,,,0.05,True,,0.05,,0,False,kivi_4bit_residual64,True,,balanced_two_gpu,1,persistent,26409.228768898174,24027,30249.042386189103,,469.6015625,79.0029296875,6.439453125,6.439453125,0.232421875,2574.7874930966645,unknown,True,,True,,False,,15149.53125,True,static_safe,False,0.0,0.0,kivi_4bit_residual64,0.0,,risk_evidence_insufficient,0.0,static_safe,0.0,,,,hybrid-session-002-turn-4,6.439453125,6.20703125,6.439453125,0.0,0.0,/DATACENTER3/zhenxiang.wang/work/TailGuardKV/.worktrees/baseline-smoke-final-aggregation/out/full_25session_baseline_9_14/full/policy_attempts/tight_budget_preflight_20260916_h2o_static_safe/seed20260906,True,calibrated safe,hybrid-session-002,qa,213.3981070946902,4,risk_evidence_insufficient,20260906
kivi_4bit_residual64,13.0,0.1,False,False,online_qwen,False,,/DATACENTER3/zhenxiang.wang/work/TailGuardKV/.worktrees/baseline-smoke-final-aggregation/out/full_25session_baseline_9_14/full/policy_attempts/tight_budget_preflight_20260916_h2o_static_safe/seed20260906/config.yaml,,,,,0.05,True,,0.05,,0,False,kivi_4bit_residual64,True,,balanced_two_gpu,1,persistent,26409.228768898174,24027,30249.042386189103,,469.6015625,79.2353515625,5.757568359375,5.757568359375,0.232421875,2563.9897959772497,unknown,True,,True,,False,,15150.970703125,True,static_safe,False,0.0,0.0,kivi_4bit_residual64,0.0,,risk_evidence_insufficient,0.0,static_safe,0.0,,,,hybrid-session-003-turn-4,5.757568359375,5.525146484375,5.757568359375,0.0,0.0,/DATACENTER3/zhenxiang.wang/work/TailGuardKV/.worktrees/baseline-smoke-final-aggregation/out/full_25session_baseline_9_14/full/policy_attempts/tight_budget_preflight_20260916_h2o_static_safe/seed20260906,True,calibrated safe,hybrid-session-003,summary,172.34828998334706,4,risk_evidence_insufficient,20260906
kivi_4bit_residual64,13.0,0.1,False,False,online_qwen,False,,/DATACENTER3/zhenxiang.wang/work/TailGuardKV/.worktrees/baseline-smoke-final-aggregation/out/full_25session_baseline_9_14/full/policy_attempts/tight_budget_preflight_20260916_h2o_static_safe/seed20260906/config.yaml,,,,,0.05,True,,0.05,,0,False,kivi_4bit_residual64,True,,balanced_two_gpu,1,persistent,26409.228768898174,24027,30249.042386189103,,469.6015625,79.4677734375,6.618896484375,6.618896484375,0.232421875,2555.009861011058,unknown,True,,True,,False,,15149.98828125,True,static_safe,False,0.0,0.0,kivi_4bit_residual64,0.0,,risk_evidence_insufficient,0.0,static_safe,0.0,,,,hybrid-session-004-turn-4,6.618896484375,6.386474609375,6.618896484375,0.0,0.0,/DATACENTER3/zhenxiang.wang/work/TailGuardKV/.worktrees/baseline-smoke-final-aggregation/out/full_25session_baseline_9_14/full/policy_attempts/tight_budget_preflight_20260916_h2o_static_safe/seed20260906,True,calibrated safe,hybrid-session-004,qa,202.03173998743296,4,risk_evidence_insufficient,20260906
kivi_4bit_residual64,13.0,0.1,False,False,online_qwen,False,,/DATACENTER3/zhenxiang.wang/work/TailGuardKV/.worktrees/baseline-smoke-final-aggregation/out/full_25session_baseline_9_14/full/policy_attempts/tight_budget_preflight_20260916_h2o_static_safe/seed20260906/config.yaml,,,,,0.05,True,,0.05,,0,False,kivi_4bit_residual64,True,,balanced_two_gpu,1,persistent,26409.228768898174,24027,30249.042386189103,,469.6015625,79.7001953125,6.331787109375,6.331787109375,0.232421875,2560.049836989492,unknown,True,,True,,False,,15150.234375,True,static_safe,False,0.0,0.0,kivi_4bit_residual64,0.0,,risk_evidence_insufficient,0.0,static_safe,0.0,,,,hybrid-session-005-turn-4,6.331787109375,6.099365234375,6.331787109375,0.0,0.0,/DATACENTER3/zhenxiang.wang/work/TailGuardKV/.worktrees/baseline-smoke-final-aggregation/out/full_25session_baseline_9_14/full/policy_attempts/tight_budget_preflight_20260916_h2o_static_safe/seed20260906,True,calibrated safe,hybrid-session-005,summary,200.70540392771363,4,risk_evidence_insufficient,20260906
kivi_4bit_residual64,13.0,0.1,False,False,online_qwen,False,,/DATACENTER3/zhenxiang.wang/work/TailGuardKV/.worktrees/baseline-smoke-final-aggregation/out/full_25session_baseline_9_14/full/policy_attempts/tight_budget_preflight_20260916_h2o_static_safe/seed20260906/config.yaml,,,,,0.05,True,,0.05,,0,False,kivi_4bit_residual64,True,,balanced_two_gpu,1,persistent,26409.228768898174,24027,30249.042386189103,,469.6015625,79.9326171875,6.707763671875,6.707763671875,0.232421875,2579.233760945499,unknown,True,,True,,False,,15151.68359375,True,static_safe,False,0.0,0.0,kivi_4bit_residual64,0.0,,risk_evidence_insufficient,0.0,static_safe,0.0,,,,hybrid-session-006-turn-4,6.707763671875,6.475341796875,6.707763671875,0.0,0.0,/DATACENTER3/zhenxiang.wang/work/TailGuardKV/.worktrees/baseline-smoke-final-aggregation/out/full_25session_baseline_9_14/full/policy_attempts/tight_budget_preflight_20260916_h2o_static_safe/seed20260906,True,calibrated safe,hybrid-session-006,qa,169.40180701203644,4,risk_evidence_insufficient,20260906
kivi_4bit_residual64,13.0,0.1,True,False,online_qwen,False,,/DATACENTER3/zhenxiang.wang/work/TailGuardKV/.worktrees/baseline-smoke-final-aggregation/out/full_25session_baseline_9_14/full/policy_attempts/tight_budget_preflight_20260916_h2o_static_safe/seed20260906/config.yaml,,,,,0.05,True,,0.05,,0,False,kivi_4bit_residual64,True,,balanced_two_gpu,1,persistent,26409.228768898174,24027,30249.042386189103,,469.6015625,80.1650390625,5.614013671875,5.614013671875,0.232421875,2193.0531810503453,unknown,True,,True,,False,,15151.927734375,True,static_safe,False,0.0,0.0,kivi_4bit_residual64,0.0,,risk_evidence_insufficient,0.0,static_safe,0.0,,,,hybrid-session-009-turn-4,5.614013671875,5.381591796875,5.614013671875,0.0,0.0,/DATACENTER3/zhenxiang.wang/work/TailGuardKV/.worktrees/baseline-smoke-final-aggregation/out/full_25session_baseline_9_14/full/policy_attempts/tight_budget_preflight_20260916_h2o_static_safe/seed20260906,True,calibrated safe,hybrid-session-009,summary,148.56711495667696,4,risk_evidence_insufficient,20260906
kivi_4bit_residual64,13.0,0.1,False,False,online_qwen,False,,/DATACENTER3/zhenxiang.wang/work/TailGuardKV/.worktrees/baseline-smoke-final-aggregation/out/full_25session_baseline_9_14/full/policy_attempts/tight_budget_preflight_20260916_h2o_static_safe/seed20260906/config.yaml,,,,,0.05,True,,0.05,,0,False,kivi_4bit_residual64,True,,balanced_two_gpu,1,persistent,26409.228768898174,24027,30249.042386189103,,469.6015625,80.3974609375,6.08056640625,6.08056640625,0.232421875,2599.971593124792,unknown,True,,True,,False,,15152.1357421875,True,static_safe,False,0.0,0.0,kivi_4bit_residual64,0.0,,risk_evidence_insufficient,0.0,static_safe,0.0,,,,hybrid-session-010-turn-4,6.08056640625,5.84814453125,6.08056640625,0.0,0.0,/DATACENTER3/zhenxiang.wang/work/TailGuardKV/.worktrees/baseline-smoke-final-aggregation/out/full_25session_baseline_9_14/full/policy_attempts/tight_budget_preflight_20260916_h2o_static_safe/seed20260906,True,calibrated safe,hybrid-session-010,qa,175.6174610927701,4,risk_evidence_insufficient,20260906
kivi_4bit_residual64,13.0,0.1,True,False,online_qwen,False,,/DATACENTER3/zhenxiang.wang/work/TailGuardKV/.worktrees/baseline-smoke-final-aggregation/out/full_25session_baseline_9_14/full/policy_attempts/tight_budget_preflight_20260916_h2o_static_safe/seed20260906/config.yaml,,,,,0.05,True,,0.05,,0,False,kivi_4bit_residual64,True,,balanced_two_gpu,1,persistent,26409.228768898174,24027,30249.042386189103,,469.6015625,80.6298828125,5.79345703125,5.79345703125,0.232421875,2616.0112840589136,unknown,True,,True,,False,,15152.400390625,True,static_safe,False,0.0,0.0,kivi_4bit_residual64,0.0,,risk_evidence_insufficient,0.0,static_safe,0.0,,,,hybrid-session-013-turn-4,5.79345703125,5.56103515625,5.79345703125,0.0,0.0,/DATACENTER3/zhenxiang.wang/work/TailGuardKV/.worktrees/baseline-smoke-final-aggregation/out/full_25session_baseline_9_14/full/policy_attempts/tight_budget_preflight_20260916_h2o_static_safe/seed20260906,True,calibrated safe,hybrid-session-013,summary,174.75218209438026,4,risk_evidence_insufficient,20260906
kivi_4bit_residual64,13.0,0.1,False,False,online_qwen,False,,/DATACENTER3/zhenxiang.wang/work/TailGuardKV/.worktrees/baseline-smoke-final-aggregation/out/full_25session_baseline_9_14/full/policy_attempts/tight_budget_preflight_20260916_h2o_static_safe/seed20260906/config.yaml,,,,,0.05,True,,0.05,,0,False,kivi_4bit_residual64,True,,balanced_two_gpu,1,persistent,26409.228768898174,24027,30249.042386189103,,469.6015625,80.8623046875,6.403564453125,6.403564453125,0.232421875,2586.8131851311773,unknown,True,,True,,False,,15151.4375,True,static_safe,False,0.0,0.0,kivi_4bit_residual64,0.0,,risk_evidence_insufficient,0.0,static_safe,0.0,,,,hybrid-session-016-turn-4,6.403564453125,6.171142578125,6.403564453125,0.0,0.0,/DATACENTER3/zhenxiang.wang/work/TailGuardKV/.worktrees/baseline-smoke-final-aggregation/out/full_25session_baseline_9_14/full/policy_attempts/tight_budget_preflight_20260916_h2o_static_safe/seed20260906,True,calibrated safe,hybrid-session-016,qa,209.95964715257287,4,risk_evidence_insufficient,20260906
kivi_4bit_residual64,13.0,0.1,False,False,online_qwen,False,,/DATACENTER3/zhenxiang.wang/work/TailGuardKV/.worktrees/baseline-smoke-final-aggregation/out/full_25session_baseline_9_14/full/policy_attempts/tight_budget_preflight_20260916_h2o_static_safe/seed20260906/config.yaml,,,,,0.05,True,,0.05,,0,False,kivi_4bit_residual64,True,,balanced_two_gpu,1,persistent,26409.228768898174,24027,30249.042386189103,,469.6015625,81.0947265625,6.439453125,6.439453125,0.232421875,2595.268176868558,unknown,True,,True,,False,,15151.69140625,True,static_safe,False,0.0,0.0,kivi_4bit_residual64,0.0,,risk_evidence_insufficient,0.0,static_safe,0.0,,,,hybrid-session-020-turn-4,6.439453125,6.20703125,6.439453125,0.0,0.0,/DATACENTER3/zhenxiang.wang/work/TailGuardKV/.worktrees/baseline-smoke-final-aggregation/out/full_25session_baseline_9_14/full/policy_attempts/tight_budget_preflight_20260916_h2o_static_safe/seed20260906,True,calibrated safe,hybrid-session-020,qa,203.09504494071007,4,risk_evidence_insufficient,20260906
kivi_4bit_residual64,13.0,0.1,False,False,online_qwen,False,,/DATACENTER3/zhenxiang.wang/work/TailGuardKV/.worktrees/baseline-smoke-final-aggregation/out/full_25session_baseline_9_14/full/policy_attempts/tight_budget_preflight_20260916_h2o_static_safe/seed20260906/config.yaml,,,,,0.05,True,,0.05,,0,False,kivi_4bit_residual64,True,,balanced_two_gpu,1,persistent,26409.228768898174,24027,30249.042386189103,,469.6015625,81.3271484375,6.762451171875,6.762451171875,0.232421875,2457.006707089022,unknown,True,,True,,False,,15151.9296875,True,static_safe,False,0.0,0.0,kivi_4bit_residual64,0.0,,risk_evidence_insufficient,0.0,static_safe,0.0,,,,hybrid-session-021-turn-4,6.762451171875,6.530029296875,6.762451171875,0.0,0.0,/DATACENTER3/zhenxiang.wang/work/TailGuardKV/.worktrees/baseline-smoke-final-aggregation/out/full_25session_baseline_9_14/full/policy_attempts/tight_budget_preflight_20260916_h2o_static_safe/seed20260906,True,calibrated safe,hybrid-session-021,summary,202.113603008911,4,risk_evidence_insufficient,20260906
kivi_4bit_residual64,13.0,0.1,False,False,online_qwen,False,,/DATACENTER3/zhenxiang.wang/work/TailGuardKV/.worktrees/baseline-smoke-final-aggregation/out/full_25session_baseline_9_14/full/policy_attempts/tight_budget_preflight_20260916_h2o_static_safe/seed20260906/config.yaml,,,,,0.05,True,,0.05,,0,False,kivi_4bit_residual64,True,,balanced_two_gpu,1,persistent,26409.228768898174,24027,30249.042386189103,,469.6015625,81.5595703125,5.901123046875,5.901123046875,0.232421875,2016.9854939449579,unknown,True,,True,,False,,15153.349609375,True,static_safe,False,0.0,0.0,kivi_4bit_residual64,0.0,,risk_evidence_insufficient,0.0,static_safe,0.0,,,,hybrid-session-025-turn-4,5.901123046875,5.668701171875,5.901123046875,0.0,0.0,/DATACENTER3/zhenxiang.wang/work/TailGuardKV/.worktrees/baseline-smoke-final-aggregation/out/full_25session_baseline_9_14/full/policy_attempts/tight_budget_preflight_20260916_h2o_static_safe/seed20260906,True,calibrated safe,hybrid-session-025,summary,141.18342497386038,4,risk_evidence_insufficient,20260906
kivi_4bit_residual64,13.0,0.1,False,False,online_qwen,False,,/DATACENTER3/zhenxiang.wang/work/TailGuardKV/.worktrees/baseline-smoke-final-aggregation/out/full_25session_baseline_9_14/full/policy_attempts/tight_budget_preflight_20260916_h2o_static_safe/seed20260906/config.yaml,,,,,0.05,True,,0.05,,0,False,kivi_4bit_residual64,True,,balanced_two_gpu,1,persistent,26409.228768898174,24027,30249.042386189103,,469.6015625,81.7919921875,6.94189453125,6.94189453125,0.232421875,2019.57179303281,unknown,True,,True,,False,,15152.40234375,True,static_safe,False,0.03418803418803419,0.03418803418803419,kivi_4bit_residual64,0.03418803418803419,,risk_evidence_insufficient,0.0,static_safe,0.0,,,,hybrid-session-026-turn-4,6.94189453125,6.70947265625,6.94189453125,0.0,0.3418803418803419,/DATACENTER3/zhenxiang.wang/work/TailGuardKV/.worktrees/baseline-smoke-final-aggregation/out/full_25session_baseline_9_14/full/policy_attempts/tight_budget_preflight_20260916_h2o_static_safe/seed20260906,False,calibrated unsafe,hybrid-session-026,qa,168.9298718702048,4,risk_evidence_insufficient,20260906
kivi_2bit_residual64,1.0,0.1,False,False,online_qwen,False,8.0,/DATACENTER3/zhenxiang.wang/work/TailGuardKV/.worktrees/baseline-smoke-final-aggregation/out/full_25session_baseline_9_14/full/policy_attempts/tight_budget_preflight_20260916_h2o_static_safe/seed20260906/config.yaml,,,,,0.05,True,,0.05,,0,False,kivi_2bit_residual64,True,,balanced_two_gpu,1,persistent,28552.729928167537,27276,32756.79381377995,,469.6015625,2.078125,2.078125,2.078125,2.078125,5407.174608903006,unknown,True,,True,,False,,15070.54150390625,True,utility_dynamic,False,0.0,0.0,kivi_2bit_residual64,0.0,,risk_evidence_insufficient,0.0,utility_dynamic,0.0,,,,hybrid-session-002-turn-0,2.078125,0.0,2.078125,0.0,0.0,/DATACENTER3/zhenxiang.wang/work/TailGuardKV/.worktrees/baseline-smoke-final-aggregation/out/full_25session_baseline_9_14/full/policy_attempts/tight_budget_preflight_20260916_h2o_static_safe/seed20260906,True,,hybrid-session-002,chat,3842.439425876364,0,risk_evidence_insufficient,20260906
kivi_2bit_residual64,2.0,0.1,False,False,online_qwen,False,8.0,/DATACENTER3/zhenxiang.wang/work/TailGuardKV/.worktrees/baseline-smoke-final-aggregation/out/full_25session_baseline_9_14/full/policy_attempts/tight_budget_preflight_20260916_h2o_static_safe/seed20260906/config.yaml,,,,,0.05,True,,0.05,,0,False,kivi_2bit_residual64,True,,balanced_two_gpu,1,persistent,28552.729928167537,27276,32756.79381377995,,469.6015625,3.5546875,1.4765625,1.4765625,1.4765625,1658.885332988575,unknown,True,,True,,False,,15055.19384765625,True,utility_dynamic,False,0.0,0.0,kivi_2bit_residual64,0.0,,risk_evidence_insufficient,0.0,utility_dynamic,0.0,,,,hybrid-session-003-turn-0,1.4765625,0.0,1.4765625,0.0,0.0,/DATACENTER3/zhenxiang.wang/work/TailGuardKV/.worktrees/baseline-smoke-final-aggregation/out/full_25session_baseline_9_14/full/policy_attempts/tight_budget_preflight_20260916_h2o_static_safe/seed20260906,True,,hybrid-session-003,chat,108.59701712615788,0,risk_evidence_insufficient,20260906
kivi_2bit_residual64,3.0,0.1,False,False,online_qwen,False,8.0,/DATACENTER3/zhenxiang.wang/work/TailGuardKV/.worktrees/baseline-smoke-final-aggregation/out/full_25session_baseline_9_14/full/policy_attempts/tight_budget_preflight_20260916_h2o_static_safe/seed20260906/config.yaml,,,,,0.05,True,,0.05,,0,False,kivi_2bit_residual64,True,,balanced_two_gpu,1,persistent,28552.729928167537,27276,32756.79381377995,,469.6015625,5.3046875,1.75,1.75,1.75,1664.3763659521937,unknown,True,,True,,False,,15063.70947265625,True,utility_dynamic,False,0.0,0.0,kivi_2bit_residual64,0.0,,risk_evidence_insufficient,0.0,utility_dynamic,0.0,,,,hybrid-session-004-turn-0,1.75,0.0,1.75,0.0,0.0,/DATACENTER3/zhenxiang.wang/work/TailGuardKV/.worktrees/baseline-smoke-final-aggregation/out/full_25session_baseline_9_14/full/policy_attempts/tight_budget_preflight_20260916_h2o_static_safe/seed20260906,True,,hybrid-session-004,chat,113.19233500398695,0,risk_evidence_insufficient,20260906
kivi_2bit_residual64,4.0,0.1,False,False,online_qwen,False,8.0,/DATACENTER3/zhenxiang.wang/work/TailGuardKV/.worktrees/baseline-smoke-final-aggregation/out/full_25session_baseline_9_14/full/policy_attempts/tight_budget_preflight_20260916_h2o_static_safe/seed20260906/config.yaml,,,,,0.05,True,,0.05,,0,False,kivi_2bit_residual64,True,,balanced_two_gpu,1,persistent,28552.729928167537,27276,32756.79381377995,,469.6015625,7.21875,1.9140625,1.9140625,1.9140625,1686.714262003079,unknown,True,,True,,False,,15070.26806640625,True,utility_dynamic,False,0.0,0.0,kivi_2bit_residual64,0.0,,risk_evidence_insufficient,0.0,utility_dynamic,0.0,,,,hybrid-session-005-turn-0,1.9140625,0.0,1.9140625,0.0,0.0,/DATACENTER3/zhenxiang.wang/work/TailGuardKV/.worktrees/baseline-smoke-final-aggregation/out/full_25session_baseline_9_14/full/policy_attempts/tight_budget_preflight_20260916_h2o_static_safe/seed20260906,True,,hybrid-session-005,chat,125.4802430048585,0,risk_evidence_insufficient,20260906
kivi_2bit_residual64,5.0,0.1,False,False,online_qwen,False,8.0,/DATACENTER3/zhenxiang.wang/work/TailGuardKV/.worktrees/baseline-smoke-final-aggregation/out/full_25session_baseline_9_14/full/policy_attempts/tight_budget_preflight_20260916_h2o_static_safe/seed20260906/config.yaml,,,,,0.05,True,,0.05,,0,False,kivi_2bit_residual64,True,,balanced_two_gpu,1,persistent,28552.729928167537,27276,32756.79381377995,,469.6015625,9.84375,2.625,2.625,2.625,1676.0990610346198,unknown,True,,True,,False,,15093.27587890625,True,utility_dynamic,False,0.0,0.0,kivi_2bit_residual64,0.0,,risk_evidence_insufficient,0.0,utility_dynamic,0.0,,,,hybrid-session-006-turn-0,2.625,0.0,2.625,0.0,0.0,/DATACENTER3/zhenxiang.wang/work/TailGuardKV/.worktrees/baseline-smoke-final-aggregation/out/full_25session_baseline_9_14/full/policy_attempts/tight_budget_preflight_20260916_h2o_static_safe/seed20260906,True,,hybrid-session-006,chat,119.92592294700444,0,risk_evidence_insufficient,20260906
kivi_2bit_residual64,6.0,0.1,False,False,online_qwen,False,8.0,/DATACENTER3/zhenxiang.wang/work/TailGuardKV/.worktrees/baseline-smoke-final-aggregation/out/full_25session_baseline_9_14/full/policy_attempts/tight_budget_preflight_20260916_h2o_static_safe/seed20260906/config.yaml,,,,,0.05,True,,0.05,,0,False,kivi_2bit_residual64,True,,balanced_two_gpu,1,persistent,28552.729928167537,27276,32756.79381377995,,469.6015625,11.5390625,1.6953125,1.6953125,1.6953125,1671.6281790286303,unknown,True,,True,,False,,15068.48681640625,True,utility_dynamic,False,0.0,0.0,kivi_2bit_residual64,0.0,,risk_evidence_insufficient,0.0,utility_dynamic,0.0,,,,hybrid-session-009-turn-0,1.6953125,0.0,1.6953125,0.0,0.0,/DATACENTER3/zhenxiang.wang/work/TailGuardKV/.worktrees/baseline-smoke-final-aggregation/out/full_25session_baseline_9_14/full/policy_attempts/tight_budget_preflight_20260916_h2o_static_safe/seed20260906,True,,hybrid-session-009,chat,119.91695896722376,0,risk_evidence_insufficient,20260906
kivi_2bit_residual64,7.0,0.1,False,False,online_qwen,False,8.0,/DATACENTER3/zhenxiang.wang/work/TailGuardKV/.worktrees/baseline-smoke-final-aggregation/out/full_25session_baseline_9_14/full/policy_attempts/tight_budget_preflight_20260916_h2o_static_safe/seed20260906/config.yaml,,,,,0.05,True,,0.05,,0,False,kivi_2bit_residual64,True,,balanced_two_gpu,1,persistent,28552.729928167537,27276,32756.79381377995,,469.6015625,13.0703125,1.53125,1.53125,1.53125,1655.016342876479,unknown,True,,True,,False,,15065.87646484375,True,utility_dynamic,False,0.0,0.0,kivi_2bit_residual64,0.0,,risk_evidence_insufficient,0.0,utility_dynamic,0.0,,,,hybrid-session-010-turn-0,1.53125,0.0,1.53125,0.0,0.0,/DATACENTER3/zhenxiang.wang/work/TailGuardKV/.worktrees/baseline-smoke-final-aggregation/out/full_25session_baseline_9_14/full/policy_attempts/tight_budget_preflight_20260916_h2o_static_safe/seed20260906,True,,hybrid-session-010,chat,111.95106594823301,0,risk_evidence_insufficient,20260906
kivi_2bit_residual64,8.0,0.1,False,False,online_qwen,False,8.0,/DATACENTER3/zhenxiang.wang/work/TailGuardKV/.worktrees/baseline-smoke-final-aggregation/out/full_25session_baseline_9_14/full/policy_attempts/tight_budget_preflight_20260916_h2o_static_safe/seed20260906/config.yaml,,,,,0.05,True,,0.05,,0,False,kivi_2bit_residual64,True,,balanced_two_gpu,1,persistent,28552.729928167537,27276,32756.79381377995,,469.6015625,14.875,1.8046875,1.8046875,1.8046875,1670.8551310002804,unknown,True,,True,,False,,15074.73681640625,True,utility_dynamic,False,0.0,0.0,kivi_2bit_residual64,0.0,,risk_evidence_insufficient,0.0,utility_dynamic,0.0,,,,hybrid-session-013-turn-0,1.8046875,0.0,1.8046875,0.0,0.0,/DATACENTER3/zhenxiang.wang/work/TailGuardKV/.worktrees/baseline-smoke-final-aggregation/out/full_25session_baseline_9_14/full/policy_attempts/tight_budget_preflight_20260916_h2o_static_safe/seed20260906,True,,hybrid-session-013,chat,118.18888108246028,0,risk_evidence_insufficient,20260906
kivi_2bit_residual64,9.0,0.1,False,False,online_qwen,False,8.0,/DATACENTER3/zhenxiang.wang/work/TailGuardKV/.worktrees/baseline-smoke-final-aggregation/out/full_25session_baseline_9_14/full/policy_attempts/tight_budget_preflight_20260916_h2o_static_safe/seed20260906/config.yaml,,,,,0.05,True,,0.05,,0,False,kivi_2bit_residual64,True,,balanced_two_gpu,1,persistent,28552.729928167537,27276,32756.79381377995,,469.6015625,17.5,2.625,2.625,2.625,1689.4794709514827,unknown,True,,True,,False,,15100.93212890625,True,utility_dynamic,False,0.0,0.0,kivi_2bit_residual64,0.0,,risk_evidence_insufficient,0.0,utility_dynamic,0.0,,,,hybrid-session-016-turn-0,2.625,0.0,2.625,0.0,0.0,/DATACENTER3/zhenxiang.wang/work/TailGuardKV/.worktrees/baseline-smoke-final-aggregation/out/full_25session_baseline_9_14/full/policy_attempts/tight_budget_preflight_20260916_h2o_static_safe/seed20260906,True,,hybrid-session-016,chat,119.37211803160608,0,risk_evidence_insufficient,20260906
kivi_2bit_residual64,10.0,0.1,False,False,online_qwen,False,8.0,/DATACENTER3/zhenxiang.wang/work/TailGuardKV/.worktrees/baseline-smoke-final-aggregation/out/full_25session_baseline_9_14/full/policy_attempts/tight_budget_preflight_20260916_h2o_static_safe/seed20260906/config.yaml,,,,,0.05,True,,0.05,,0,False,kivi_2bit_residual64,True,,balanced_two_gpu,1,persistent,28552.729928167537,27276,32756.79381377995,,469.6015625,19.90625,2.40625,2.40625,2.40625,1678.8321749772877,unknown,True,,True,,False,,15095.79541015625,True,utility_dynamic,False,0.0,0.0,kivi_2bit_residual64,0.0,,risk_evidence_insufficient,0.0,utility_dynamic,0.0,,,,hybrid-session-020-turn-0,2.40625,0.0,2.40625,0.0,0.0,/DATACENTER3/zhenxiang.wang/work/TailGuardKV/.worktrees/baseline-smoke-final-aggregation/out/full_25session_baseline_9_14/full/policy_attempts/tight_budget_preflight_20260916_h2o_static_safe/seed20260906,True,,hybrid-session-020,chat,122.31381004676223,0,risk_evidence_insufficient,20260906
kivi_2bit_residual64,11.0,0.1,False,False,online_qwen,False,8.0,/DATACENTER3/zhenxiang.wang/work/TailGuardKV/.worktrees/baseline-smoke-final-aggregation/out/full_25session_baseline_9_14/full/policy_attempts/tight_budget_preflight_20260916_h2o_static_safe/seed20260906/config.yaml,,,,,0.05,True,,0.05,,0,False,kivi_2bit_residual64,True,,balanced_two_gpu,1,persistent,28552.729928167537,27276,32756.79381377995,,469.6015625,22.203125,2.296875,2.296875,2.296875,1674.5776978787035,unknown,True,,True,,False,,15095.17822265625,True,utility_dynamic,False,0.0,0.0,kivi_2bit_residual64,0.0,,risk_evidence_insufficient,0.0,utility_dynamic,0.0,,,,hybrid-session-021-turn-0,2.296875,0.0,2.296875,0.0,0.0,/DATACENTER3/zhenxiang.wang/work/TailGuardKV/.worktrees/baseline-smoke-final-aggregation/out/full_25session_baseline_9_14/full/policy_attempts/tight_budget_preflight_20260916_h2o_static_safe/seed20260906,True,,hybrid-session-021,chat,114.49909396469593,0,risk_evidence_insufficient,20260906
kivi_2bit_residual64,12.0,0.1,False,False,online_qwen,False,8.0,/DATACENTER3/zhenxiang.wang/work/TailGuardKV/.worktrees/baseline-smoke-final-aggregation/out/full_25session_baseline_9_14/full/policy_attempts/tight_budget_preflight_20260916_h2o_static_safe/seed20260906/config.yaml,,,,,0.05,True,,0.05,,0,False,kivi_2bit_residual64,True,,balanced_two_gpu,1,persistent,28552.729928167537,27276,32756.79381377995,,469.6015625,24.171875,1.96875,1.96875,1.96875,1674.3728870060295,unknown,True,,True,,False,,15088.40478515625,True,utility_dynamic,False,0.0,0.0,kivi_2bit_residual64,0.0,,risk_evidence_insufficient,0.0,utility_dynamic,0.0,,,,hybrid-session-025-turn-0,1.96875,0.0,1.96875,0.0,0.0,/DATACENTER3/zhenxiang.wang/work/TailGuardKV/.worktrees/baseline-smoke-final-aggregation/out/full_25session_baseline_9_14/full/policy_attempts/tight_budget_preflight_20260916_h2o_static_safe/seed20260906,True,,hybrid-session-025,chat,113.62599511630833,0,risk_evidence_insufficient,20260906
kivi_2bit_residual64,13.0,0.1,False,False,online_qwen,False,8.0,/DATACENTER3/zhenxiang.wang/work/TailGuardKV/.worktrees/baseline-smoke-final-aggregation/out/full_25session_baseline_9_14/full/policy_attempts/tight_budget_preflight_20260916_h2o_static_safe/seed20260906/config.yaml,,,,,0.05,True,,0.05,,0,False,kivi_2bit_residual64,True,,balanced_two_gpu,1,persistent,28552.729928167537,27276,32756.79381377995,,469.6015625,26.359375,2.1875,2.1875,2.1875,1689.0680370852351,unknown,True,,True,,False,,15096.42041015625,True,utility_dynamic,False,0.0,0.0,kivi_2bit_residual64,0.0,,risk_evidence_insufficient,0.0,utility_dynamic,0.0,,,,hybrid-session-026-turn-0,2.1875,0.0,2.1875,0.0,0.0,/DATACENTER3/zhenxiang.wang/work/TailGuardKV/.worktrees/baseline-smoke-final-aggregation/out/full_25session_baseline_9_14/full/policy_attempts/tight_budget_preflight_20260916_h2o_static_safe/seed20260906,True,,hybrid-session-026,chat,123.35308408364654,0,risk_evidence_insufficient,20260906
kivi_2bit_residual64,13.0,0.1,False,False,online_qwen,False,8.0,/DATACENTER3/zhenxiang.wang/work/TailGuardKV/.worktrees/baseline-smoke-final-aggregation/out/full_25session_baseline_9_14/full/policy_attempts/tight_budget_preflight_20260916_h2o_static_safe/seed20260906/config.yaml,,,,,0.05,True,,0.05,,0,False,kivi_2bit_residual64,True,,balanced_two_gpu,1,persistent,28552.729928167537,27276,32756.79381377995,,469.6015625,26.586669921875,2.305419921875,2.305419921875,0.227294921875,4906.104621011764,unknown,True,,True,,False,,15088.02685546875,True,utility_dynamic,False,0.0,0.0,kivi_2bit_residual64,0.0,,risk_evidence_insufficient,0.0,utility_dynamic,0.0,,,,hybrid-session-002-turn-1,2.305419921875,2.078125,2.305419921875,0.0,0.0,/DATACENTER3/zhenxiang.wang/work/TailGuardKV/.worktrees/baseline-smoke-final-aggregation/out/full_25session_baseline_9_14/full/policy_attempts/tight_budget_preflight_20260916_h2o_static_safe/seed20260906,True,,hybrid-session-002,chat,109.36235915869474,1,risk_evidence_insufficient,20260906
kivi_2bit_residual64,13.0,0.1,True,False,online_qwen,False,8.0,/DATACENTER3/zhenxiang.wang/work/TailGuardKV/.worktrees/baseline-smoke-final-aggregation/out/full_25session_baseline_9_14/full/policy_attempts/tight_budget_preflight_20260916_h2o_static_safe/seed20260906/config.yaml,,,,,0.05,True,,0.05,,0,False,kivi_2bit_residual64,True,,balanced_two_gpu,1,persistent,28552.729928167537,27276,32756.79381377995,,469.6015625,28.008544921875,2.8984375,2.8984375,1.421875,1507.2485671844333,unknown,True,,True,,False,,15078.50048828125,True,utility_dynamic,False,0.0,0.0,kivi_2bit_residual64,0.0,,risk_evidence_insufficient,0.0,utility_dynamic,0.0,,,,hybrid-session-003-turn-1,2.8984375,1.4765625,2.8984375,0.0,0.0,/DATACENTER3/zhenxiang.wang/work/TailGuardKV/.worktrees/baseline-smoke-final-aggregation/out/full_25session_baseline_9_14/full/policy_attempts/tight_budget_preflight_20260916_h2o_static_safe/seed20260906,True,,hybrid-session-003,chat,130.27838920243084,1,risk_evidence_insufficient,20260906
kivi_2bit_residual64,13.0,0.1,False,False,online_qwen,False,8.0,/DATACENTER3/zhenxiang.wang/work/TailGuardKV/.worktrees/baseline-smoke-final-aggregation/out/full_25session_baseline_9_14/full/policy_attempts/tight_budget_preflight_20260916_h2o_static_safe/seed20260906/config.yaml,,,,,0.05,True,,0.05,,0,False,kivi_2bit_residual64,True,,balanced_two_gpu,1,persistent,28552.729928167537,27276,32756.79381377995,,469.6015625,29.21337890625,2.954833984375,2.954833984375,1.204833984375,2520.770164905116,unknown,True,,True,,False,,15128.2666015625,True,utility_dynamic,False,0.0,0.0,kivi_2bit_residual64,0.0,,risk_evidence_insufficient,0.0,utility_dynamic,0.0,,,,hybrid-session-004-turn-1,2.954833984375,1.75,2.954833984375,0.0,0.0,/DATACENTER3/zhenxiang.wang/work/TailGuardKV/.worktrees/baseline-smoke-final-aggregation/out/full_25session_baseline_9_14/full/policy_attempts/tight_budget_preflight_20260916_h2o_static_safe/seed20260906,True,,hybrid-session-004,chat,196.98611390776932,1,risk_evidence_insufficient,20260906
kivi_2bit_residual64,13.0,0.1,False,False,online_qwen,False,8.0,/DATACENTER3/zhenxiang.wang/work/TailGuardKV/.worktrees/baseline-smoke-final-aggregation/out/full_25session_baseline_9_14/full/policy_attempts/tight_budget_preflight_20260916_h2o_static_safe/seed20260906/config.yaml,,,,,0.05,True,,0.05,,0,False,kivi_2bit_residual64,True,,balanced_two_gpu,1,persistent,28552.729928167537,27276,32756.79381377995,,469.6015625,29.83203125,2.53271484375,2.53271484375,0.61865234375,2441.502250963822,unknown,True,,True,,False,,15105.99853515625,True,utility_dynamic,False,0.0,0.0,kivi_2bit_residual64,0.0,,risk_evidence_insufficient,0.0,utility_dynamic,0.0,,,,hybrid-session-005-turn-1,2.53271484375,1.9140625,2.53271484375,0.0,0.0,/DATACENTER3/zhenxiang.wang/work/TailGuardKV/.worktrees/baseline-smoke-final-aggregation/out/full_25session_baseline_9_14/full/policy_attempts/tight_budget_preflight_20260916_h2o_static_safe/seed20260906,True,,hybrid-session-005,chat,118.0444739293307,1,risk_evidence_insufficient,20260906
kivi_2bit_residual64,13.0,0.1,False,False,online_qwen,False,8.0,/DATACENTER3/zhenxiang.wang/work/TailGuardKV/.worktrees/baseline-smoke-final-aggregation/out/full_25session_baseline_9_14/full/policy_attempts/tight_budget_preflight_20260916_h2o_static_safe/seed20260906/config.yaml,,,,,0.05,True,,0.05,,0,False,kivi_2bit_residual64,True,,balanced_two_gpu,1,persistent,28552.729928167537,27276,32756.79381377995,,469.6015625,30.32421875,3.1171875,3.1171875,0.4921875,2317.238870076835,unknown,True,,True,,False,,15113.2998046875,True,utility_dynamic,False,0.0,0.0,kivi_2bit_residual64,0.0,,risk_evidence_insufficient,0.0,utility_dynamic,0.0,,,,hybrid-session-006-turn-1,3.1171875,2.625,3.1171875,0.0,0.0,/DATACENTER3/zhenxiang.wang/work/TailGuardKV/.worktrees/baseline-smoke-final-aggregation/out/full_25session_baseline_9_14/full/policy_attempts/tight_budget_preflight_20260916_h2o_static_safe/seed20260906,True,,hybrid-session-006,chat,191.05002796277404,1,risk_evidence_insufficient,20260906
kivi_2bit_residual64,13.0,0.1,False,False,online_qwen,False,8.0,/DATACENTER3/zhenxiang.wang/work/TailGuardKV/.worktrees/baseline-smoke-final-aggregation/out/full_25session_baseline_9_14/full/policy_attempts/tight_budget_preflight_20260916_h2o_static_safe/seed20260906/config.yaml,,,,,0.05,True,,0.05,,0,False,kivi_2bit_residual64,True,,balanced_two_gpu,1,persistent,28552.729928167537,27276,32756.79381377995,,469.6015625,32.01953125,3.390625,3.390625,1.6953125,1688.0339300259948,unknown,True,,True,,False,,15089.00927734375,True,utility_dynamic,False,0.0,0.0,kivi_2bit_residual64,0.0,,risk_evidence_insufficient,0.0,utility_dynamic,0.0,,,,hybrid-session-009-turn-1,3.390625,1.6953125,3.390625,0.0,0.0,/DATACENTER3/zhenxiang.wang/work/TailGuardKV/.worktrees/baseline-smoke-final-aggregation/out/full_25session_baseline_9_14/full/policy_attempts/tight_budget_preflight_20260916_h2o_static_safe/seed20260906,True,,hybrid-session-009,chat,119.24181901849806,1,risk_evidence_insufficient,20260906
kivi_2bit_residual64,13.0,0.1,False,False,online_qwen,False,8.0,/DATACENTER3/zhenxiang.wang/work/TailGuardKV/.worktrees/baseline-smoke-final-aggregation/out/full_25session_baseline_9_14/full/policy_attempts/tight_budget_preflight_20260916_h2o_static_safe/seed20260906/config.yaml,,,,,0.05,True,,0.05,,0,False,kivi_2bit_residual64,True,,balanced_two_gpu,1,persistent,28552.729928167537,27276,32756.79381377995,,469.6015625,33.66015625,3.171875,3.171875,1.640625,1656.2067340128124,unknown,True,,True,,False,,15089.19287109375,True,utility_dynamic,False,0.0,0.0,kivi_2bit_residual64,0.0,,risk_evidence_insufficient,0.0,utility_dynamic,0.0,,,,hybrid-session-010-turn-1,3.171875,1.53125,3.171875,0.0,0.0,/DATACENTER3/zhenxiang.wang/work/TailGuardKV/.worktrees/baseline-smoke-final-aggregation/out/full_25session_baseline_9_14/full/policy_attempts/tight_budget_preflight_20260916_h2o_static_safe/seed20260906,True,,hybrid-session-010,chat,120.6447088625282,1,risk_evidence_insufficient,20260906
kivi_2bit_residual64,13.0,0.1,False,False,online_qwen,False,8.0,/DATACENTER3/zhenxiang.wang/work/TailGuardKV/.worktrees/baseline-smoke-final-aggregation/out/full_25session_baseline_9_14/full/policy_attempts/tight_budget_preflight_20260916_h2o_static_safe/seed20260906/config.yaml,,,,,0.05,True,,0.05,,0,False,kivi_2bit_residual64,True,,balanced_two_gpu,1,persistent,28552.729928167537,27276,32756.79381377995,,469.6015625,35.08203125,3.2265625,3.2265625,1.421875,1666.9714860618114,unknown,True,,True,,False,,15085.59619140625,True,utility_dynamic,False,0.0,0.0,kivi_2bit_residual64,0.0,,risk_evidence_insufficient,0.0,utility_dynamic,0.0,,,,hybrid-session-013-turn-1,3.2265625,1.8046875,3.2265625,0.0,0.0,/DATACENTER3/zhenxiang.wang/work/TailGuardKV/.worktrees/baseline-smoke-final-aggregation/out/full_25session_baseline_9_14/full/policy_attempts/tight_budget_preflight_20260916_h2o_static_safe/seed20260906,True,,hybrid-session-013,chat,111.39419092796743,1,risk_evidence_insufficient,20260906
kivi_2bit_residual64,13.0,0.1,False,False,online_qwen,False,8.0,/DATACENTER3/zhenxiang.wang/work/TailGuardKV/.worktrees/baseline-smoke-final-aggregation/out/full_25session_baseline_9_14/full/policy_attempts/tight_budget_preflight_20260916_h2o_static_safe/seed20260906/config.yaml,,,,,0.05,True,,0.05,,0,False,kivi_2bit_residual64,True,,balanced_two_gpu,1,persistent,28552.729928167537,27276,32756.79381377995,,469.6015625,35.08203125,2.625,2.625,0.0,2276.944928104058,unknown,True,,True,,False,,15088.23974609375,True,utility_dynamic,False,0.0,0.0,kivi_2bit_residual64,0.0,,risk_evidence_insufficient,0.0,utility_dynamic,0.0,,,,hybrid-session-016-turn-1,2.625,2.625,2.625,0.0,0.0,/DATACENTER3/zhenxiang.wang/work/TailGuardKV/.worktrees/baseline-smoke-final-aggregation/out/full_25session_baseline_9_14/full/policy_attempts/tight_budget_preflight_20260916_h2o_static_safe/seed20260906,True,,hybrid-session-016,chat,117.46511119417846,1,risk_evidence_insufficient,20260906
kivi_2bit_residual64,13.0,0.1,False,False,online_qwen,False,8.0,/DATACENTER3/zhenxiang.wang/work/TailGuardKV/.worktrees/baseline-smoke-final-aggregation/out/full_25session_baseline_9_14/full/policy_attempts/tight_budget_preflight_20260916_h2o_static_safe/seed20260906/config.yaml,,,,,0.05,True,,0.05,,0,False,kivi_2bit_residual64,True,,balanced_two_gpu,1,persistent,28552.729928167537,27276,32756.79381377995,,469.6015625,35.20849609375,2.53271484375,2.53271484375,0.12646484375,2360.956034157425,unknown,True,,True,,False,,15098.94775390625,True,utility_dynamic,False,0.0,0.0,kivi_2bit_residual64,0.0,,risk_evidence_insufficient,0.0,utility_dynamic,0.0,,,,hybrid-session-020-turn-1,2.53271484375,2.40625,2.53271484375,0.0,0.0,/DATACENTER3/zhenxiang.wang/work/TailGuardKV/.worktrees/baseline-smoke-final-aggregation/out/full_25session_baseline_9_14/full/policy_attempts/tight_budget_preflight_20260916_h2o_static_safe/seed20260906,True,,hybrid-session-020,chat,122.33761395327747,1,risk_evidence_insufficient,20260906
kivi_2bit_residual64,13.0,0.1,False,False,online_qwen,False,8.0,/DATACENTER3/zhenxiang.wang/work/TailGuardKV/.worktrees/baseline-smoke-final-aggregation/out/full_25session_baseline_9_14/full/policy_attempts/tight_budget_preflight_20260916_h2o_static_safe/seed20260906/config.yaml,,,,,0.05,True,,0.05,,0,False,kivi_2bit_residual64,True,,balanced_two_gpu,1,persistent,28552.729928167537,27276,32756.79381377995,,469.6015625,35.606689453125,2.695068359375,2.695068359375,0.398193359375,2556.21405900456,unknown,True,,True,,False,,15107.3486328125,True,utility_dynamic,False,0.0,0.0,kivi_2bit_residual64,0.0,,risk_evidence_insufficient,0.0,utility_dynamic,0.0,,,,hybrid-session-021-turn-1,2.695068359375,2.296875,2.695068359375,0.0,0.0,/DATACENTER3/zhenxiang.wang/work/TailGuardKV/.worktrees/baseline-smoke-final-aggregation/out/full_25session_baseline_9_14/full/policy_attempts/tight_budget_preflight_20260916_h2o_static_safe/seed20260906,True,,hybrid-session-021,chat,189.46881196461618,1,risk_evidence_insufficient,20260906
kivi_2bit_residual64,13.0,0.1,False,False,online_qwen,False,8.0,/DATACENTER3/zhenxiang.wang/work/TailGuardKV/.worktrees/baseline-smoke-final-aggregation/out/full_25session_baseline_9_14/full/policy_attempts/tight_budget_preflight_20260916_h2o_static_safe/seed20260906/config.yaml,,,,,0.05,True,,0.05,,0,False,kivi_2bit_residual64,True,,balanced_two_gpu,1,persistent,28552.729928167537,27276,32756.79381377995,,469.6015625,36.919189453125,3.28125,3.28125,1.3125,1482.7112779021263,unknown,True,,True,,False,,15083.56787109375,True,utility_dynamic,False,0.005128205128205128,0.005128205128205128,kivi_2bit_residual64,0.005128205128205128,,risk_evidence_insufficient,0.0,utility_dynamic,0.0,,,,hybrid-session-025-turn-1,3.28125,1.96875,3.28125,0.0,0.005128205128205128,/DATACENTER3/zhenxiang.wang/work/TailGuardKV/.worktrees/baseline-smoke-final-aggregation/out/full_25session_baseline_9_14/full/policy_attempts/tight_budget_preflight_20260916_h2o_static_safe/seed20260906,True,,hybrid-session-025,chat,112.57460806518793,1,risk_evidence_insufficient,20260906
kivi_2bit_residual64,13.0,0.1,False,False,online_qwen,False,8.0,/DATACENTER3/zhenxiang.wang/work/TailGuardKV/.worktrees/baseline-smoke-final-aggregation/out/full_25session_baseline_9_14/full/policy_attempts/tight_budget_preflight_20260916_h2o_static_safe/seed20260906/config.yaml,,,,,0.05,True,,0.05,,0,False,kivi_2bit_residual64,True,,balanced_two_gpu,1,persistent,28552.729928167537,27276,32756.79381377995,,469.6015625,37.49169921875,2.760009765625,2.760009765625,0.572509765625,2552.065946860239,unknown,True,,True,,False,,15115.0849609375,True,utility_dynamic,False,0.0,0.0,kivi_2bit_residual64,0.0,,risk_evidence_insufficient,0.0,utility_dynamic,0.0,,,,hybrid-session-026-turn-1,2.760009765625,2.1875,2.760009765625,0.0,0.0,/DATACENTER3/zhenxiang.wang/work/TailGuardKV/.worktrees/baseline-smoke-final-aggregation/out/full_25session_baseline_9_14/full/policy_attempts/tight_budget_preflight_20260916_h2o_static_safe/seed20260906,True,,hybrid-session-026,chat,189.69733198173344,1,risk_evidence_insufficient,20260906
kivi_2bit_residual64,13.0,0.1,True,False,online_qwen,False,8.0,/DATACENTER3/zhenxiang.wang/work/TailGuardKV/.worktrees/baseline-smoke-final-aggregation/out/full_25session_baseline_9_14/full/policy_attempts/tight_budget_preflight_20260916_h2o_static_safe/seed20260906/config.yaml,,,,,0.05,True,,0.05,,0,False,kivi_2bit_residual64,True,,balanced_two_gpu,1,persistent,28552.729928167537,27276,32756.79381377995,,469.6015625,38.67431640625,3.488037109375,3.488037109375,1.1826171875,2647.942726034671,unknown,True,,True,,False,,15234.7392578125,True,utility_dynamic,False,0.0,0.0,kivi_2bit_residual64,0.0,,risk_evidence_insufficient,0.0,utility_dynamic,0.0,,,,hybrid-session-002-turn-2,3.488037109375,2.305419921875,3.488037109375,0.0,0.0,/DATACENTER3/zhenxiang.wang/work/TailGuardKV/.worktrees/baseline-smoke-final-aggregation/out/full_25session_baseline_9_14/full/policy_attempts/tight_budget_preflight_20260916_h2o_static_safe/seed20260906,True,,hybrid-session-002,qa,237.82081506215036,2,risk_evidence_insufficient,20260906
kivi_2bit_residual64,13.0,0.1,False,False,online_qwen,False,8.0,/DATACENTER3/zhenxiang.wang/work/TailGuardKV/.worktrees/baseline-smoke-final-aggregation/out/full_25session_baseline_9_14/full/policy_attempts/tight_budget_preflight_20260916_h2o_static_safe/seed20260906/config.yaml,,,,,0.05,True,,0.05,,0,False,kivi_2bit_residual64,True,,balanced_two_gpu,1,persistent,28552.729928167537,27276,32756.79381377995,,469.6015625,40.101318359375,4.325439453125,4.325439453125,1.427001953125,2566.328224958852,unknown,True,,True,,False,,15234.7744140625,True,utility_dynamic,False,0.0,0.0,kivi_2bit_residual64,0.0,,risk_evidence_insufficient,0.0,utility_dynamic,0.0,,,,hybrid-session-003-turn-2,4.325439453125,2.8984375,4.325439453125,0.0,0.0,/DATACENTER3/zhenxiang.wang/work/TailGuardKV/.worktrees/baseline-smoke-final-aggregation/out/full_25session_baseline_9_14/full/policy_attempts/tight_budget_preflight_20260916_h2o_static_safe/seed20260906,True,,hybrid-session-003,summary,210.84098308347166,2,risk_evidence_insufficient,20260906
kivi_2bit_residual64,13.0,0.1,False,False,online_qwen,False,1.0,/DATACENTER3/zhenxiang.wang/work/TailGuardKV/.worktrees/baseline-smoke-final-aggregation/out/full_25session_baseline_9_14/full/policy_attempts/tight_budget_preflight_20260916_h2o_static_safe/seed20260906/config.yaml,,,,,0.05,True,,0.05,,0,False,kivi_2bit_residual64,True,,balanced_two_gpu,1,persistent,28552.729928167537,27276,32756.79381377995,,469.6015625,40.796875,3.650390625,3.650390625,0.695556640625,2650.075600016862,unknown,True,,True,,False,,15213.123046875,True,utility_dynamic,False,0.03418803418803419,0.03418803418803419,kivi_2bit_residual64,0.03418803418803419,,risk_evidence_insufficient,0.0,utility_dynamic,0.0,,,,hybrid-session-004-turn-2,3.650390625,2.954833984375,3.650390625,0.0,0.3418803418803419,/DATACENTER3/zhenxiang.wang/work/TailGuardKV/.worktrees/baseline-smoke-final-aggregation/out/full_25session_baseline_9_14/full/policy_attempts/tight_budget_preflight_20260916_h2o_static_safe/seed20260906,False,,hybrid-session-004,qa,228.96533412858844,2,risk_evidence_insufficient,20260906
kivi_2bit_residual64,13.0,0.1,False,False,online_qwen,False,8.0,/DATACENTER3/zhenxiang.wang/work/TailGuardKV/.worktrees/baseline-smoke-final-aggregation/out/full_25session_baseline_9_14/full/policy_attempts/tight_budget_preflight_20260916_h2o_static_safe/seed20260906/config.yaml,,,,,0.05,True,,0.05,,0,False,kivi_2bit_residual64,True,,balanced_two_gpu,1,persistent,28552.729928167537,27276,32756.79381377995,,469.6015625,41.687255859375,3.423095703125,3.423095703125,0.890380859375,2583.8951389305294,unknown,True,,True,,False,,15222.767578125,True,utility_dynamic,False,0.0,0.0,kivi_2bit_residual64,0.0,,risk_evidence_insufficient,0.0,utility_dynamic,0.0,,,,hybrid-session-005-turn-2,3.423095703125,2.53271484375,3.423095703125,0.0,0.0,/DATACENTER3/zhenxiang.wang/work/TailGuardKV/.worktrees/baseline-smoke-final-aggregation/out/full_25session_baseline_9_14/full/policy_attempts/tight_budget_preflight_20260916_h2o_static_safe/seed20260906,True,,hybrid-session-005,summary,224.72232510335743,2,risk_evidence_insufficient,20260906
kivi_2bit_residual64,13.0,0.1,False,False,online_qwen,False,1.0,/DATACENTER3/zhenxiang.wang/work/TailGuardKV/.worktrees/baseline-smoke-final-aggregation/out/full_25session_baseline_9_14/full/policy_attempts/tight_budget_preflight_20260916_h2o_static_safe/seed20260906/config.yaml,,,,,0.05,True,,0.05,,0,False,kivi_2bit_residual64,True,,balanced_two_gpu,1,persistent,28552.729928167537,27276,32756.79381377995,,469.6015625,43.389404296875,4.8193359375,4.8193359375,1.7021484375,2628.3774038311094,unknown,True,,True,,False,,15259.49560546875,True,utility_dynamic,False,0.03418803418803419,0.03418803418803419,kivi_2bit_residual64,0.03418803418803419,,risk_evidence_insufficient,0.0,utility_dynamic,0.0,,,,hybrid-session-006-turn-2,4.8193359375,3.1171875,4.8193359375,0.0,0.3418803418803419,/DATACENTER3/zhenxiang.wang/work/TailGuardKV/.worktrees/baseline-smoke-final-aggregation/out/full_25session_baseline_9_14/full/policy_attempts/tight_budget_preflight_20260916_h2o_static_safe/seed20260906,False,,hybrid-session-006,qa,239.92045782506466,2,risk_evidence_insufficient,20260906
kivi_2bit_residual64,13.0,0.1,False,False,online_qwen,False,8.0,/DATACENTER3/zhenxiang.wang/work/TailGuardKV/.worktrees/baseline-smoke-final-aggregation/out/full_25session_baseline_9_14/full/policy_attempts/tight_budget_preflight_20260916_h2o_static_safe/seed20260906/config.yaml,,,,,0.05,True,,0.05,,0,False,kivi_2bit_residual64,True,,balanced_two_gpu,1,persistent,28552.729928167537,27276,32756.79381377995,,469.6015625,44.1943359375,4.195556640625,4.195556640625,0.804931640625,2526.3899699784815,unknown,True,,True,,False,,15218.046875,True,utility_dynamic,False,0.0,0.0,kivi_2bit_residual64,0.0,,risk_evidence_insufficient,0.0,utility_dynamic,0.0,,,,hybrid-session-009-turn-2,4.195556640625,3.390625,4.195556640625,0.0,0.0,/DATACENTER3/zhenxiang.wang/work/TailGuardKV/.worktrees/baseline-smoke-final-aggregation/out/full_25session_baseline_9_14/full/policy_attempts/tight_budget_preflight_20260916_h2o_static_safe/seed20260906,True,,hybrid-session-009,summary,204.4163621030748,2,risk_evidence_insufficient,20260906
kivi_2bit_residual64,13.0,0.1,False,False,online_qwen,False,8.0,/DATACENTER3/zhenxiang.wang/work/TailGuardKV/.worktrees/baseline-smoke-final-aggregation/out/full_25session_baseline_9_14/full/policy_attempts/tight_budget_preflight_20260916_h2o_static_safe/seed20260906/config.yaml,,,,,0.05,True,,0.05,,0,False,kivi_2bit_residual64,True,,balanced_two_gpu,1,persistent,28552.729928167537,27276,32756.79381377995,,469.6015625,45.607666015625,4.585205078125,4.585205078125,1.413330078125,2244.1686268430203,unknown,True,,True,,False,,15242.794921875,True,utility_dynamic,False,0.0,0.0,kivi_2bit_residual64,0.0,,risk_evidence_insufficient,0.0,utility_dynamic,0.0,,,,hybrid-session-010-turn-2,4.585205078125,3.171875,4.585205078125,0.0,0.0,/DATACENTER3/zhenxiang.wang/work/TailGuardKV/.worktrees/baseline-smoke-final-aggregation/out/full_25session_baseline_9_14/full/policy_attempts/tight_budget_preflight_20260916_h2o_static_safe/seed20260906,True,,hybrid-session-010,qa,205.3007478825748,2,risk_evidence_insufficient,20260906
kivi_2bit_residual64,13.0,0.1,True,False,online_qwen,False,8.0,/DATACENTER3/zhenxiang.wang/work/TailGuardKV/.worktrees/baseline-smoke-final-aggregation/out/full_25session_baseline_9_14/full/policy_attempts/tight_budget_preflight_20260916_h2o_static_safe/seed20260906/config.yaml,,,,,0.05,True,,0.05,,0,False,kivi_2bit_residual64,True,,balanced_two_gpu,1,persistent,28552.729928167537,27276,32756.79381377995,,469.6015625,46.739013671875,4.35791015625,4.35791015625,1.13134765625,2288.846829906106,unknown,True,,True,,False,,15232.30078125,True,utility_dynamic,False,0.0,0.0,kivi_2bit_residual64,0.0,,risk_evidence_insufficient,0.0,utility_dynamic,0.0,,,,hybrid-session-013-turn-2,4.35791015625,3.2265625,4.35791015625,0.0,0.0,/DATACENTER3/zhenxiang.wang/work/TailGuardKV/.worktrees/baseline-smoke-final-aggregation/out/full_25session_baseline_9_14/full/policy_attempts/tight_budget_preflight_20260916_h2o_static_safe/seed20260906,True,,hybrid-session-013,summary,207.78882107697427,2,risk_evidence_insufficient,20260906
kivi_2bit_residual64,13.0,0.1,False,False,online_qwen,False,8.0,/DATACENTER3/zhenxiang.wang/work/TailGuardKV/.worktrees/baseline-smoke-final-aggregation/out/full_25session_baseline_9_14/full/policy_attempts/tight_budget_preflight_20260916_h2o_static_safe/seed20260906/config.yaml,,,,,0.05,True,,0.05,,0,False,kivi_2bit_residual64,True,,balanced_two_gpu,1,persistent,28552.729928167537,27276,32756.79381377995,,469.6015625,47.569580078125,3.45556640625,3.45556640625,0.83056640625,2196.0264190565795,unknown,True,,True,,False,,15234.76171875,True,utility_dynamic,False,0.0,0.0,kivi_2bit_residual64,0.0,,risk_evidence_insufficient,0.0,utility_dynamic,0.0,,,,hybrid-session-016-turn-2,3.45556640625,2.625,3.45556640625,0.0,0.0,/DATACENTER3/zhenxiang.wang/work/TailGuardKV/.worktrees/baseline-smoke-final-aggregation/out/full_25session_baseline_9_14/full/policy_attempts/tight_budget_preflight_20260916_h2o_static_safe/seed20260906,True,,hybrid-session-016,qa,230.02282693050802,2,risk_evidence_insufficient,20260906
kivi_2bit_residual64,13.0,0.1,True,False,online_qwen,False,1.0,/DATACENTER3/zhenxiang.wang/work/TailGuardKV/.worktrees/baseline-smoke-final-aggregation/out/full_25session_baseline_9_14/full/policy_attempts/tight_budget_preflight_20260916_h2o_static_safe/seed20260906/config.yaml,,,,,0.05,True,,0.05,,0,False,kivi_2bit_residual64,True,,balanced_two_gpu,1,persistent,28552.729928167537,27276,32756.79381377995,,469.6015625,48.52490234375,3.488037109375,3.488037109375,0.955322265625,2617.7981509827077,unknown,True,,True,,False,,15232.82421875,True,utility_dynamic,False,0.03418803418803419,0.03418803418803419,kivi_2bit_residual64,0.03418803418803419,,risk_evidence_insufficient,0.0,utility_dynamic,0.0,,,,hybrid-session-020-turn-2,3.488037109375,2.53271484375,3.488037109375,0.0,0.3418803418803419,/DATACENTER3/zhenxiang.wang/work/TailGuardKV/.worktrees/baseline-smoke-final-aggregation/out/full_25session_baseline_9_14/full/policy_attempts/tight_budget_preflight_20260916_h2o_static_safe/seed20260906,False,,hybrid-session-020,qa,224.6872060932219,2,risk_evidence_insufficient,20260906
kivi_2bit_residual64,13.0,0.1,False,False,online_qwen,False,8.0,/DATACENTER3/zhenxiang.wang/work/TailGuardKV/.worktrees/baseline-smoke-final-aggregation/out/full_25session_baseline_9_14/full/policy_attempts/tight_budget_preflight_20260916_h2o_static_safe/seed20260906/config.yaml,,,,,0.05,True,,0.05,,0,False,kivi_2bit_residual64,True,,balanced_two_gpu,1,persistent,28552.729928167537,27276,32756.79381377995,,469.6015625,49.642578125,3.812744140625,3.812744140625,1.11767578125,2673.767979023978,unknown,True,,True,,False,,15242.1767578125,True,utility_dynamic,False,0.0,0.0,kivi_2bit_residual64,0.0,,risk_evidence_insufficient,0.0,utility_dynamic,0.0,,,,hybrid-session-021-turn-2,3.812744140625,2.695068359375,3.812744140625,0.0,0.0,/DATACENTER3/zhenxiang.wang/work/TailGuardKV/.worktrees/baseline-smoke-final-aggregation/out/full_25session_baseline_9_14/full/policy_attempts/tight_budget_preflight_20260916_h2o_static_safe/seed20260906,True,,hybrid-session-021,summary,228.52121503092349,2,risk_evidence_insufficient,20260906
kivi_2bit_residual64,13.0,0.1,False,False,online_qwen,False,8.0,/DATACENTER3/zhenxiang.wang/work/TailGuardKV/.worktrees/baseline-smoke-final-aggregation/out/full_25session_baseline_9_14/full/policy_attempts/tight_budget_preflight_20260916_h2o_static_safe/seed20260906/config.yaml,,,,,0.05,True,,0.05,,0,False,kivi_2bit_residual64,True,,balanced_two_gpu,1,persistent,28552.729928167537,27276,32756.79381377995,,469.6015625,50.816650390625,4.455322265625,4.455322265625,1.174072265625,2593.9268260262907,unknown,True,,True,,False,,15239.53515625,True,utility_dynamic,False,0.0,0.0,kivi_2bit_residual64,0.0,,risk_evidence_insufficient,0.0,utility_dynamic,0.0,,,,hybrid-session-025-turn-2,4.455322265625,3.28125,4.455322265625,0.0,0.0,/DATACENTER3/zhenxiang.wang/work/TailGuardKV/.worktrees/baseline-smoke-final-aggregation/out/full_25session_baseline_9_14/full/policy_attempts/tight_budget_preflight_20260916_h2o_static_safe/seed20260906,True,,hybrid-session-025,summary,196.75321807153523,2,risk_evidence_insufficient,20260906
kivi_2bit_residual64,13.0,0.1,False,False,online_qwen,False,1.0,/DATACENTER3/zhenxiang.wang/work/TailGuardKV/.worktrees/baseline-smoke-final-aggregation/out/full_25session_baseline_9_14/full/policy_attempts/tight_budget_preflight_20260916_h2o_static_safe/seed20260906/config.yaml,,,,,0.05,True,,0.05,,0,False,kivi_2bit_residual64,True,,balanced_two_gpu,1,persistent,28552.729928167537,27276,32756.79381377995,,469.6015625,51.999267578125,3.942626953125,3.942626953125,1.1826171875,2555.908666923642,unknown,True,,True,,False,,15247.02587890625,True,utility_dynamic,False,0.03418803418803419,0.03418803418803419,kivi_2bit_residual64,0.03418803418803419,,risk_evidence_insufficient,0.0,utility_dynamic,0.0,,,,hybrid-session-026-turn-2,3.942626953125,2.760009765625,3.942626953125,0.0,0.3418803418803419,/DATACENTER3/zhenxiang.wang/work/TailGuardKV/.worktrees/baseline-smoke-final-aggregation/out/full_25session_baseline_9_14/full/policy_attempts/tight_budget_preflight_20260916_h2o_static_safe/seed20260906,False,,hybrid-session-026,qa,233.37339609861374,2,risk_evidence_insufficient,20260906
kivi_2bit_residual64,13.0,0.1,False,False,online_qwen,False,8.0,/DATACENTER3/zhenxiang.wang/work/TailGuardKV/.worktrees/baseline-smoke-final-aggregation/out/full_25session_baseline_9_14/full/policy_attempts/tight_budget_preflight_20260916_h2o_static_safe/seed20260906/config.yaml,,,,,0.05,True,,0.05,,0,False,kivi_2bit_residual64,True,,balanced_two_gpu,1,persistent,28552.729928167537,27276,32756.79381377995,,469.6015625,53.46044921875,4.94921875,4.94921875,1.461181640625,2552.6822400279343,unknown,True,,True,,False,,15131.466796875,True,utility_dynamic,False,0.0,0.0,kivi_2bit_residual64,0.0,,risk_evidence_insufficient,0.0,utility_dynamic,0.0,,,,hybrid-session-002-turn-3,4.94921875,3.488037109375,4.94921875,0.0,0.0,/DATACENTER3/zhenxiang.wang/work/TailGuardKV/.worktrees/baseline-smoke-final-aggregation/out/full_25session_baseline_9_14/full/policy_attempts/tight_budget_preflight_20260916_h2o_static_safe/seed20260906,True,,hybrid-session-002,qa,185.2644868195057,3,risk_evidence_insufficient,20260906
kivi_2bit_residual64,13.0,0.1,False,False,online_qwen,False,8.0,/DATACENTER3/zhenxiang.wang/work/TailGuardKV/.worktrees/baseline-smoke-final-aggregation/out/full_25session_baseline_9_14/full/policy_attempts/tight_budget_preflight_20260916_h2o_static_safe/seed20260906/config.yaml,,,,,0.05,True,,0.05,,0,False,kivi_2bit_residual64,True,,balanced_two_gpu,1,persistent,28552.729928167537,27276,32756.79381377995,,469.6015625,53.46728515625,4.332275390625,4.332275390625,0.0068359375,2601.6198361758143,unknown,True,,True,,False,,15129.955078125,True,utility_dynamic,False,0.0,0.0,kivi_2bit_residual64,0.0,,risk_evidence_insufficient,0.0,utility_dynamic,0.0,,,,hybrid-session-003-turn-3,4.332275390625,4.325439453125,4.332275390625,0.0,0.0,/DATACENTER3/zhenxiang.wang/work/TailGuardKV/.worktrees/baseline-smoke-final-aggregation/out/full_25session_baseline_9_14/full/policy_attempts/tight_budget_preflight_20260916_h2o_static_safe/seed20260906,True,,hybrid-session-003,summary,212.5664670020342,3,risk_evidence_insufficient,20260906
kivi_2bit_residual64,13.0,0.1,False,False,online_qwen,False,1.0,/DATACENTER3/zhenxiang.wang/work/TailGuardKV/.worktrees/baseline-smoke-final-aggregation/out/full_25session_baseline_9_14/full/policy_attempts/tight_budget_preflight_20260916_h2o_static_safe/seed20260906/config.yaml,,,,,0.05,True,,0.05,,0,False,kivi_2bit_residual64,True,,balanced_two_gpu,1,persistent,28552.729928167537,27276,32756.79381377995,,469.6015625,54.928466796875,5.111572265625,5.111572265625,1.461181640625,2501.5725819393992,unknown,True,,True,,False,,15132.888671875,True,utility_dynamic,False,0.03418803418803419,0.03418803418803419,kivi_2bit_residual64,0.03418803418803419,,risk_evidence_insufficient,0.0,utility_dynamic,0.0,,,,hybrid-session-004-turn-3,5.111572265625,3.650390625,5.111572265625,0.0,0.3418803418803419,/DATACENTER3/zhenxiang.wang/work/TailGuardKV/.worktrees/baseline-smoke-final-aggregation/out/full_25session_baseline_9_14/full/policy_attempts/tight_budget_preflight_20260916_h2o_static_safe/seed20260906,False,,hybrid-session-004,qa,173.22566104121506,3,risk_evidence_insufficient,20260906
kivi_2bit_residual64,13.0,0.1,False,False,online_qwen,False,8.0,/DATACENTER3/zhenxiang.wang/work/TailGuardKV/.worktrees/baseline-smoke-final-aggregation/out/full_25session_baseline_9_14/full/policy_attempts/tight_budget_preflight_20260916_h2o_static_safe/seed20260906/config.yaml,,,,,0.05,True,,0.05,,0,False,kivi_2bit_residual64,True,,balanced_two_gpu,1,persistent,28552.729928167537,27276,32756.79381377995,,469.6015625,56.357177734375,4.851806640625,4.851806640625,1.4287109375,2592.4953899811953,unknown,True,,True,,False,,15132.83984375,True,utility_dynamic,False,0.0,0.0,kivi_2bit_residual64,0.0,,risk_evidence_insufficient,0.0,utility_dynamic,0.0,,,,hybrid-session-005-turn-3,4.851806640625,3.423095703125,4.851806640625,0.0,0.0,/DATACENTER3/zhenxiang.wang/work/TailGuardKV/.worktrees/baseline-smoke-final-aggregation/out/full_25session_baseline_9_14/full/policy_attempts/tight_budget_preflight_20260916_h2o_static_safe/seed20260906,True,,hybrid-session-005,summary,178.51169500499964,3,risk_evidence_insufficient,20260906
kivi_2bit_residual64,13.0,0.1,False,False,online_qwen,False,8.0,/DATACENTER3/zhenxiang.wang/work/TailGuardKV/.worktrees/baseline-smoke-final-aggregation/out/full_25session_baseline_9_14/full/policy_attempts/tight_budget_preflight_20260916_h2o_static_safe/seed20260906/config.yaml,,,,,0.05,True,,0.05,,0,False,kivi_2bit_residual64,True,,balanced_two_gpu,1,persistent,28552.729928167537,27276,32756.79381377995,,469.6015625,56.396484375,4.858642578125,4.858642578125,0.039306640625,2572.638993849978,unknown,True,,True,,False,,15134.353515625,True,utility_dynamic,False,0.0,0.0,kivi_2bit_residual64,0.0,,risk_evidence_insufficient,0.0,utility_dynamic,0.0,,,,hybrid-session-006-turn-3,4.858642578125,4.8193359375,4.858642578125,0.0,0.0,/DATACENTER3/zhenxiang.wang/work/TailGuardKV/.worktrees/baseline-smoke-final-aggregation/out/full_25session_baseline_9_14/full/policy_attempts/tight_budget_preflight_20260916_h2o_static_safe/seed20260906,True,,hybrid-session-006,qa,219.4028589874506,3,risk_evidence_insufficient,20260906
kivi_2bit_residual64,13.0,0.1,False,False,online_qwen,False,8.0,/DATACENTER3/zhenxiang.wang/work/TailGuardKV/.worktrees/baseline-smoke-final-aggregation/out/full_25session_baseline_9_14/full/policy_attempts/tight_budget_preflight_20260916_h2o_static_safe/seed20260906/config.yaml,,,,,0.05,True,,0.05,,0,False,kivi_2bit_residual64,True,,balanced_two_gpu,1,persistent,28552.729928167537,27276,32756.79381377995,,469.6015625,56.4033203125,4.202392578125,4.202392578125,0.0068359375,2577.0473810844123,unknown,True,,True,,False,,15132.908203125,True,utility_dynamic,False,0.0,0.0,kivi_2bit_residual64,0.0,,risk_evidence_insufficient,0.0,utility_dynamic,0.0,,,,hybrid-session-009-turn-3,4.202392578125,4.195556640625,4.202392578125,0.0,0.0,/DATACENTER3/zhenxiang.wang/work/TailGuardKV/.worktrees/baseline-smoke-final-aggregation/out/full_25session_baseline_9_14/full/policy_attempts/tight_budget_preflight_20260916_h2o_static_safe/seed20260906,True,,hybrid-session-009,summary,202.44210120290518,3,risk_evidence_insufficient,20260906
kivi_2bit_residual64,13.0,0.1,False,False,online_qwen,False,8.0,/DATACENTER3/zhenxiang.wang/work/TailGuardKV/.worktrees/baseline-smoke-final-aggregation/out/full_25session_baseline_9_14/full/policy_attempts/tight_budget_preflight_20260916_h2o_static_safe/seed20260906/config.yaml,,,,,0.05,True,,0.05,,0,False,kivi_2bit_residual64,True,,balanced_two_gpu,1,persistent,28552.729928167537,27276,32756.79381377995,,469.6015625,56.442626953125,4.62451171875,4.62451171875,0.039306640625,2154.3186609633267,unknown,True,,True,,False,,15134.40625,True,utility_dynamic,False,0.0,0.0,kivi_2bit_residual64,0.0,,risk_evidence_insufficient,0.0,utility_dynamic,0.0,,,,hybrid-session-010-turn-3,4.62451171875,4.585205078125,4.62451171875,0.0,0.0,/DATACENTER3/zhenxiang.wang/work/TailGuardKV/.worktrees/baseline-smoke-final-aggregation/out/full_25session_baseline_9_14/full/policy_attempts/tight_budget_preflight_20260916_h2o_static_safe/seed20260906,True,,hybrid-session-010,qa,205.1102160476148,3,risk_evidence_insufficient,20260906
kivi_2bit_residual64,13.0,0.1,False,False,online_qwen,False,8.0,/DATACENTER3/zhenxiang.wang/work/TailGuardKV/.worktrees/baseline-smoke-final-aggregation/out/full_25session_baseline_9_14/full/policy_attempts/tight_budget_preflight_20260916_h2o_static_safe/seed20260906/config.yaml,,,,,0.05,True,,0.05,,0,False,kivi_2bit_residual64,True,,balanced_two_gpu,1,persistent,28552.729928167537,27276,32756.79381377995,,469.6015625,56.449462890625,4.36474609375,4.36474609375,0.0068359375,2514.1747910529375,unknown,True,,True,,False,,15132.935546875,True,utility_dynamic,False,0.0,0.0,kivi_2bit_residual64,0.0,,risk_evidence_insufficient,0.0,utility_dynamic,0.0,,,,hybrid-session-013-turn-3,4.36474609375,4.35791015625,4.36474609375,0.0,0.0,/DATACENTER3/zhenxiang.wang/work/TailGuardKV/.worktrees/baseline-smoke-final-aggregation/out/full_25session_baseline_9_14/full/policy_attempts/tight_budget_preflight_20260916_h2o_static_safe/seed20260906,True,,hybrid-session-013,summary,198.97656701505184,3,risk_evidence_insufficient,20260906
kivi_2bit_residual64,13.0,0.1,False,False,online_qwen,False,8.0,/DATACENTER3/zhenxiang.wang/work/TailGuardKV/.worktrees/baseline-smoke-final-aggregation/out/full_25session_baseline_9_14/full/policy_attempts/tight_budget_preflight_20260916_h2o_static_safe/seed20260906/config.yaml,,,,,0.05,True,,0.05,,0,False,kivi_2bit_residual64,True,,balanced_two_gpu,1,persistent,28552.729928167537,27276,32756.79381377995,,469.6015625,57.91064453125,4.916748046875,4.916748046875,1.461181640625,2586.315716151148,unknown,True,,True,,False,,15135.845703125,True,utility_dynamic,False,0.0,0.0,kivi_2bit_residual64,0.0,,risk_evidence_insufficient,0.0,utility_dynamic,0.0,,,,hybrid-session-016-turn-3,4.916748046875,3.45556640625,4.916748046875,0.0,0.0,/DATACENTER3/zhenxiang.wang/work/TailGuardKV/.worktrees/baseline-smoke-final-aggregation/out/full_25session_baseline_9_14/full/policy_attempts/tight_budget_preflight_20260916_h2o_static_safe/seed20260906,True,,hybrid-session-016,qa,173.89252316206694,3,risk_evidence_insufficient,20260906
kivi_2bit_residual64,13.0,0.1,False,False,online_qwen,False,8.0,/DATACENTER3/zhenxiang.wang/work/TailGuardKV/.worktrees/baseline-smoke-final-aggregation/out/full_25session_baseline_9_14/full/policy_attempts/tight_budget_preflight_20260916_h2o_static_safe/seed20260906/config.yaml,,,,,0.05,True,,0.05,,0,False,kivi_2bit_residual64,True,,balanced_two_gpu,1,persistent,28552.729928167537,27276,32756.79381377995,,469.6015625,59.371826171875,4.94921875,4.94921875,1.461181640625,2543.0433668661863,unknown,True,,True,,False,,15137.3046875,True,utility_dynamic,False,0.0,0.0,kivi_2bit_residual64,0.0,,risk_evidence_insufficient,0.0,utility_dynamic,0.0,,,,hybrid-session-020-turn-3,4.94921875,3.488037109375,4.94921875,0.0,0.0,/DATACENTER3/zhenxiang.wang/work/TailGuardKV/.worktrees/baseline-smoke-final-aggregation/out/full_25session_baseline_9_14/full/policy_attempts/tight_budget_preflight_20260916_h2o_static_safe/seed20260906,True,,hybrid-session-020,qa,177.29519284330308,3,risk_evidence_insufficient,20260906
kivi_2bit_residual64,13.0,0.1,False,False,online_qwen,False,8.0,/DATACENTER3/zhenxiang.wang/work/TailGuardKV/.worktrees/baseline-smoke-final-aggregation/out/full_25session_baseline_9_14/full/policy_attempts/tight_budget_preflight_20260916_h2o_static_safe/seed20260906/config.yaml,,,,,0.05,True,,0.05,,0,False,kivi_2bit_residual64,True,,balanced_two_gpu,1,persistent,28552.729928167537,27276,32756.79381377995,,469.6015625,60.800537109375,5.241455078125,5.241455078125,1.4287109375,2543.959012022242,unknown,True,,True,,False,,15137.2421875,True,utility_dynamic,False,0.0,0.0,kivi_2bit_residual64,0.0,,risk_evidence_insufficient,0.0,utility_dynamic,0.0,,,,hybrid-session-021-turn-3,5.241455078125,3.812744140625,5.241455078125,0.0,0.0,/DATACENTER3/zhenxiang.wang/work/TailGuardKV/.worktrees/baseline-smoke-final-aggregation/out/full_25session_baseline_9_14/full/policy_attempts/tight_budget_preflight_20260916_h2o_static_safe/seed20260906,True,,hybrid-session-021,summary,178.6525030620396,3,risk_evidence_insufficient,20260906
kivi_2bit_residual64,13.0,0.1,False,False,online_qwen,False,8.0,/DATACENTER3/zhenxiang.wang/work/TailGuardKV/.worktrees/baseline-smoke-final-aggregation/out/full_25session_baseline_9_14/full/policy_attempts/tight_budget_preflight_20260916_h2o_static_safe/seed20260906/config.yaml,,,,,0.05,True,,0.05,,0,False,kivi_2bit_residual64,True,,balanced_two_gpu,1,persistent,28552.729928167537,27276,32756.79381377995,,469.6015625,60.807373046875,4.462158203125,4.462158203125,0.0068359375,2629.5902021229267,unknown,True,,True,,False,,15137.255859375,True,utility_dynamic,False,0.0,0.0,kivi_2bit_residual64,0.0,,risk_evidence_insufficient,0.0,utility_dynamic,0.0,,,,hybrid-session-025-turn-3,4.462158203125,4.455322265625,4.462158203125,0.0,0.0,/DATACENTER3/zhenxiang.wang/work/TailGuardKV/.worktrees/baseline-smoke-final-aggregation/out/full_25session_baseline_9_14/full/policy_attempts/tight_budget_preflight_20260916_h2o_static_safe/seed20260906,True,,hybrid-session-025,summary,206.57235896214843,3,risk_evidence_insufficient,20260906
kivi_2bit_residual64,13.0,0.1,False,False,online_qwen,False,1.0,/DATACENTER3/zhenxiang.wang/work/TailGuardKV/.worktrees/baseline-smoke-final-aggregation/out/full_25session_baseline_9_14/full/policy_attempts/tight_budget_preflight_20260916_h2o_static_safe/seed20260906/config.yaml,,,,,0.05,True,,0.05,,0,False,kivi_2bit_residual64,True,,balanced_two_gpu,1,persistent,28552.729928167537,27276,32756.79381377995,,469.6015625,62.2685546875,5.40380859375,5.40380859375,1.461181640625,2503.836532821879,unknown,True,,True,,False,,15140.1484375,True,utility_dynamic,False,0.03418803418803419,0.03418803418803419,kivi_2bit_residual64,0.03418803418803419,,risk_evidence_insufficient,0.0,utility_dynamic,0.0,,,,hybrid-session-026-turn-3,5.40380859375,3.942626953125,5.40380859375,0.0,0.3418803418803419,/DATACENTER3/zhenxiang.wang/work/TailGuardKV/.worktrees/baseline-smoke-final-aggregation/out/full_25session_baseline_9_14/full/policy_attempts/tight_budget_preflight_20260916_h2o_static_safe/seed20260906,False,,hybrid-session-026,qa,170.36154586821795,3,risk_evidence_insufficient,20260906
kivi_2bit_residual64,13.0,0.1,False,False,online_qwen,False,8.0,/DATACENTER3/zhenxiang.wang/work/TailGuardKV/.worktrees/baseline-smoke-final-aggregation/out/full_25session_baseline_9_14/full/policy_attempts/tight_budget_preflight_20260916_h2o_static_safe/seed20260906/config.yaml,,,,,0.05,True,,0.05,,0,False,kivi_2bit_residual64,True,,balanced_two_gpu,1,persistent,28552.729928167537,27276,32756.79381377995,,469.6015625,62.2685546875,4.94921875,4.94921875,0.0,2635.280983056873,unknown,True,,True,,False,,15132.76953125,True,utility_dynamic,False,0.0,0.0,kivi_2bit_residual64,0.0,,risk_evidence_insufficient,0.0,utility_dynamic,0.0,,,,hybrid-session-002-turn-4,4.94921875,4.94921875,4.94921875,0.0,0.0,/DATACENTER3/zhenxiang.wang/work/TailGuardKV/.worktrees/baseline-smoke-final-aggregation/out/full_25session_baseline_9_14/full/policy_attempts/tight_budget_preflight_20260916_h2o_static_safe/seed20260906,True,,hybrid-session-002,qa,210.68999893032014,4,risk_evidence_insufficient,20260906
kivi_2bit_residual64,13.0,0.1,False,False,online_qwen,False,8.0,/DATACENTER3/zhenxiang.wang/work/TailGuardKV/.worktrees/baseline-smoke-final-aggregation/out/full_25session_baseline_9_14/full/policy_attempts/tight_budget_preflight_20260916_h2o_static_safe/seed20260906/config.yaml,,,,,0.05,True,,0.05,,0,False,kivi_2bit_residual64,True,,balanced_two_gpu,1,persistent,28552.729928167537,27276,32756.79381377995,,469.6015625,62.2685546875,4.332275390625,4.332275390625,0.0,2585.893256822601,unknown,True,,True,,False,,15134.06640625,True,utility_dynamic,False,0.0,0.0,kivi_2bit_residual64,0.0,,risk_evidence_insufficient,0.0,utility_dynamic,0.0,,,,hybrid-session-003-turn-4,4.332275390625,4.332275390625,4.332275390625,0.0,0.0,/DATACENTER3/zhenxiang.wang/work/TailGuardKV/.worktrees/baseline-smoke-final-aggregation/out/full_25session_baseline_9_14/full/policy_attempts/tight_budget_preflight_20260916_h2o_static_safe/seed20260906,True,,hybrid-session-003,summary,181.41134991310537,4,risk_evidence_insufficient,20260906
kivi_2bit_residual64,13.0,0.1,False,False,online_qwen,False,8.0,/DATACENTER3/zhenxiang.wang/work/TailGuardKV/.worktrees/baseline-smoke-final-aggregation/out/full_25session_baseline_9_14/full/policy_attempts/tight_budget_preflight_20260916_h2o_static_safe/seed20260906/config.yaml,,,,,0.05,True,,0.05,,0,False,kivi_2bit_residual64,True,,balanced_two_gpu,1,persistent,28552.729928167537,27276,32756.79381377995,,469.6015625,62.2685546875,5.111572265625,5.111572265625,0.0,2564.4177531357855,unknown,True,,True,,False,,15132.509765625,True,utility_dynamic,False,0.0,0.0,kivi_2bit_residual64,0.0,,risk_evidence_insufficient,0.0,utility_dynamic,0.0,,,,hybrid-session-004-turn-4,5.111572265625,5.111572265625,5.111572265625,0.0,0.0,/DATACENTER3/zhenxiang.wang/work/TailGuardKV/.worktrees/baseline-smoke-final-aggregation/out/full_25session_baseline_9_14/full/policy_attempts/tight_budget_preflight_20260916_h2o_static_safe/seed20260906,True,,hybrid-session-004,qa,206.06890018098056,4,risk_evidence_insufficient,20260906
kivi_2bit_residual64,13.0,0.1,False,False,online_qwen,False,8.0,/DATACENTER3/zhenxiang.wang/work/TailGuardKV/.worktrees/baseline-smoke-final-aggregation/out/full_25session_baseline_9_14/full/policy_attempts/tight_budget_preflight_20260916_h2o_static_safe/seed20260906/config.yaml,,,,,0.05,True,,0.05,,0,False,kivi_2bit_residual64,True,,balanced_two_gpu,1,persistent,28552.729928167537,27276,32756.79381377995,,469.6015625,62.2685546875,4.851806640625,4.851806640625,0.0,2145.9868839010596,unknown,True,,True,,False,,15132.400390625,True,utility_dynamic,False,0.0,0.0,kivi_2bit_residual64,0.0,,risk_evidence_insufficient,0.0,utility_dynamic,0.0,,,,hybrid-session-005-turn-4,4.851806640625,4.851806640625,4.851806640625,0.0,0.0,/DATACENTER3/zhenxiang.wang/work/TailGuardKV/.worktrees/baseline-smoke-final-aggregation/out/full_25session_baseline_9_14/full/policy_attempts/tight_budget_preflight_20260916_h2o_static_safe/seed20260906,True,,hybrid-session-005,summary,210.7224918436259,4,risk_evidence_insufficient,20260906
kivi_2bit_residual64,13.0,0.1,False,False,online_qwen,False,8.0,/DATACENTER3/zhenxiang.wang/work/TailGuardKV/.worktrees/baseline-smoke-final-aggregation/out/full_25session_baseline_9_14/full/policy_attempts/tight_budget_preflight_20260916_h2o_static_safe/seed20260906/config.yaml,,,,,0.05,True,,0.05,,0,False,kivi_2bit_residual64,True,,balanced_two_gpu,1,persistent,28552.729928167537,27276,32756.79381377995,,469.6015625,62.2685546875,4.858642578125,4.858642578125,0.0,2561.440270161256,unknown,True,,True,,False,,15133.712890625,True,utility_dynamic,False,0.0,0.0,kivi_2bit_residual64,0.0,,risk_evidence_insufficient,0.0,utility_dynamic,0.0,,,,hybrid-session-006-turn-4,4.858642578125,4.858642578125,4.858642578125,0.0,0.0,/DATACENTER3/zhenxiang.wang/work/TailGuardKV/.worktrees/baseline-smoke-final-aggregation/out/full_25session_baseline_9_14/full/policy_attempts/tight_budget_preflight_20260916_h2o_static_safe/seed20260906,True,,hybrid-session-006,qa,182.6523980125785,4,risk_evidence_insufficient,20260906
kivi_2bit_residual64,13.0,0.1,True,False,online_qwen,False,8.0,/DATACENTER3/zhenxiang.wang/work/TailGuardKV/.worktrees/baseline-smoke-final-aggregation/out/full_25session_baseline_9_14/full/policy_attempts/tight_budget_preflight_20260916_h2o_static_safe/seed20260906/config.yaml,,,,,0.05,True,,0.05,,0,False,kivi_2bit_residual64,True,,balanced_two_gpu,1,persistent,28552.729928167537,27276,32756.79381377995,,469.6015625,62.2685546875,4.202392578125,4.202392578125,0.0,2257.2753799613565,unknown,True,,True,,False,,15133.6015625,True,utility_dynamic,False,0.0,0.0,kivi_2bit_residual64,0.0,,risk_evidence_insufficient,0.0,utility_dynamic,0.0,,,,hybrid-session-009-turn-4,4.202392578125,4.202392578125,4.202392578125,0.0,0.0,/DATACENTER3/zhenxiang.wang/work/TailGuardKV/.worktrees/baseline-smoke-final-aggregation/out/full_25session_baseline_9_14/full/policy_attempts/tight_budget_preflight_20260916_h2o_static_safe/seed20260906,True,,hybrid-session-009,summary,171.42792302183807,4,risk_evidence_insufficient,20260906
kivi_2bit_residual64,13.0,0.1,False,False,online_qwen,False,8.0,/DATACENTER3/zhenxiang.wang/work/TailGuardKV/.worktrees/baseline-smoke-final-aggregation/out/full_25session_baseline_9_14/full/policy_attempts/tight_budget_preflight_20260916_h2o_static_safe/seed20260906/config.yaml,,,,,0.05,True,,0.05,,0,False,kivi_2bit_residual64,True,,balanced_two_gpu,1,persistent,28552.729928167537,27276,32756.79381377995,,469.6015625,62.2685546875,4.62451171875,4.62451171875,0.0,2621.7964738607407,unknown,True,,True,,False,,15133.4462890625,True,utility_dynamic,False,0.0,0.0,kivi_2bit_residual64,0.0,,risk_evidence_insufficient,0.0,utility_dynamic,0.0,,,,hybrid-session-010-turn-4,4.62451171875,4.62451171875,4.62451171875,0.0,0.0,/DATACENTER3/zhenxiang.wang/work/TailGuardKV/.worktrees/baseline-smoke-final-aggregation/out/full_25session_baseline_9_14/full/policy_attempts/tight_budget_preflight_20260916_h2o_static_safe/seed20260906,True,,hybrid-session-010,qa,175.53613078780472,4,risk_evidence_insufficient,20260906
kivi_2bit_residual64,13.0,0.1,True,False,online_qwen,False,8.0,/DATACENTER3/zhenxiang.wang/work/TailGuardKV/.worktrees/baseline-smoke-final-aggregation/out/full_25session_baseline_9_14/full/policy_attempts/tight_budget_preflight_20260916_h2o_static_safe/seed20260906/config.yaml,,,,,0.05,True,,0.05,,0,False,kivi_2bit_residual64,True,,balanced_two_gpu,1,persistent,28552.729928167537,27276,32756.79381377995,,469.6015625,62.2685546875,4.36474609375,4.36474609375,0.0,2278.952541993931,unknown,True,,True,,False,,15133.35546875,True,utility_dynamic,False,0.0,0.0,kivi_2bit_residual64,0.0,,risk_evidence_insufficient,0.0,utility_dynamic,0.0,,,,hybrid-session-013-turn-4,4.36474609375,4.36474609375,4.36474609375,0.0,0.0,/DATACENTER3/zhenxiang.wang/work/TailGuardKV/.worktrees/baseline-smoke-final-aggregation/out/full_25session_baseline_9_14/full/policy_attempts/tight_budget_preflight_20260916_h2o_static_safe/seed20260906,True,,hybrid-session-013,summary,171.47520300932229,4,risk_evidence_insufficient,20260906
kivi_2bit_residual64,13.0,0.1,False,False,online_qwen,False,8.0,/DATACENTER3/zhenxiang.wang/work/TailGuardKV/.worktrees/baseline-smoke-final-aggregation/out/full_25session_baseline_9_14/full/policy_attempts/tight_budget_preflight_20260916_h2o_static_safe/seed20260906/config.yaml,,,,,0.05,True,,0.05,,0,False,kivi_2bit_residual64,True,,balanced_two_gpu,1,persistent,28552.729928167537,27276,32756.79381377995,,469.6015625,62.2685546875,4.916748046875,4.916748046875,0.0,2559.295997954905,unknown,True,,True,,False,,15131.83203125,True,utility_dynamic,False,0.0,0.0,kivi_2bit_residual64,0.0,,risk_evidence_insufficient,0.0,utility_dynamic,0.0,,,,hybrid-session-016-turn-4,4.916748046875,4.916748046875,4.916748046875,0.0,0.0,/DATACENTER3/zhenxiang.wang/work/TailGuardKV/.worktrees/baseline-smoke-final-aggregation/out/full_25session_baseline_9_14/full/policy_attempts/tight_budget_preflight_20260916_h2o_static_safe/seed20260906,True,,hybrid-session-016,qa,211.04619605466723,4,risk_evidence_insufficient,20260906
kivi_2bit_residual64,13.0,0.1,False,False,online_qwen,False,8.0,/DATACENTER3/zhenxiang.wang/work/TailGuardKV/.worktrees/baseline-smoke-final-aggregation/out/full_25session_baseline_9_14/full/policy_attempts/tight_budget_preflight_20260916_h2o_static_safe/seed20260906/config.yaml,,,,,0.05,True,,0.05,,0,False,kivi_2bit_residual64,True,,balanced_two_gpu,1,persistent,28552.729928167537,27276,32756.79381377995,,469.6015625,62.2685546875,4.94921875,4.94921875,0.0,2574.029087787494,unknown,True,,True,,False,,15131.73046875,True,utility_dynamic,False,0.0,0.0,kivi_2bit_residual64,0.0,,risk_evidence_insufficient,0.0,utility_dynamic,0.0,,,,hybrid-session-020-turn-4,4.94921875,4.94921875,4.94921875,0.0,0.0,/DATACENTER3/zhenxiang.wang/work/TailGuardKV/.worktrees/baseline-smoke-final-aggregation/out/full_25session_baseline_9_14/full/policy_attempts/tight_budget_preflight_20260916_h2o_static_safe/seed20260906,True,,hybrid-session-020,qa,198.98641691543162,4,risk_evidence_insufficient,20260906
kivi_2bit_residual64,13.0,0.1,False,False,online_qwen,False,8.0,/DATACENTER3/zhenxiang.wang/work/TailGuardKV/.worktrees/baseline-smoke-final-aggregation/out/full_25session_baseline_9_14/full/policy_attempts/tight_budget_preflight_20260916_h2o_static_safe/seed20260906/config.yaml,,,,,0.05,True,,0.05,,0,False,kivi_2bit_residual64,True,,balanced_two_gpu,1,persistent,28552.729928167537,27276,32756.79381377995,,469.6015625,62.2685546875,5.241455078125,5.241455078125,0.0,2057.3702519759536,unknown,True,,True,,False,,15131.607421875,True,utility_dynamic,False,0.0,0.0,kivi_2bit_residual64,0.0,,risk_evidence_insufficient,0.0,utility_dynamic,0.0,,,,hybrid-session-021-turn-4,5.241455078125,5.241455078125,5.241455078125,0.0,0.0,/DATACENTER3/zhenxiang.wang/work/TailGuardKV/.worktrees/baseline-smoke-final-aggregation/out/full_25session_baseline_9_14/full/policy_attempts/tight_budget_preflight_20260916_h2o_static_safe/seed20260906,True,,hybrid-session-021,summary,166.3009540643543,4,risk_evidence_insufficient,20260906
kivi_2bit_residual64,13.0,0.1,False,False,online_qwen,False,8.0,/DATACENTER3/zhenxiang.wang/work/TailGuardKV/.worktrees/baseline-smoke-final-aggregation/out/full_25session_baseline_9_14/full/policy_attempts/tight_budget_preflight_20260916_h2o_static_safe/seed20260906/config.yaml,,,,,0.05,True,,0.05,,0,False,kivi_2bit_residual64,True,,balanced_two_gpu,1,persistent,28552.729928167537,27276,32756.79381377995,,469.6015625,62.2685546875,4.462158203125,4.462158203125,0.0,2529.1575668379664,unknown,True,,True,,False,,15132.890625,True,utility_dynamic,False,0.0,0.0,kivi_2bit_residual64,0.0,,risk_evidence_insufficient,0.0,utility_dynamic,0.0,,,,hybrid-session-025-turn-4,4.462158203125,4.462158203125,4.462158203125,0.0,0.0,/DATACENTER3/zhenxiang.wang/work/TailGuardKV/.worktrees/baseline-smoke-final-aggregation/out/full_25session_baseline_9_14/full/policy_attempts/tight_budget_preflight_20260916_h2o_static_safe/seed20260906,True,,hybrid-session-025,summary,182.77065781876445,4,risk_evidence_insufficient,20260906
kivi_2bit_residual64,13.0,0.1,False,False,online_qwen,False,1.0,/DATACENTER3/zhenxiang.wang/work/TailGuardKV/.worktrees/baseline-smoke-final-aggregation/out/full_25session_baseline_9_14/full/policy_attempts/tight_budget_preflight_20260916_h2o_static_safe/seed20260906/config.yaml,,,,,0.05,True,,0.05,,0,False,kivi_2bit_residual64,True,,balanced_two_gpu,1,persistent,28552.729928167537,27276,32756.79381377995,,469.6015625,62.2685546875,5.40380859375,5.40380859375,0.0,2578.927854076028,unknown,True,,True,,False,,15131.361328125,True,utility_dynamic,False,0.03418803418803419,0.03418803418803419,kivi_2bit_residual64,0.03418803418803419,,risk_evidence_insufficient,0.0,utility_dynamic,0.0,,,,hybrid-session-026-turn-4,5.40380859375,5.40380859375,5.40380859375,0.0,0.3418803418803419,/DATACENTER3/zhenxiang.wang/work/TailGuardKV/.worktrees/baseline-smoke-final-aggregation/out/full_25session_baseline_9_14/full/policy_attempts/tight_budget_preflight_20260916_h2o_static_safe/seed20260906,False,,hybrid-session-026,qa,198.75047402456403,4,risk_evidence_insufficient,20260906
kivi_4bit_residual64,1.0,0.1,False,False,online_qwen,False,8.0,/DATACENTER3/zhenxiang.wang/work/TailGuardKV/.worktrees/baseline-smoke-final-aggregation/out/full_25session_baseline_9_14/full/policy_attempts/tight_budget_preflight_20260916_h2o_static_safe/seed20260906/config.yaml,,,,,0.05,True,,0.05,,0,False,kivi_4bit_residual64,True,,balanced_two_gpu,1,persistent,29353.396248072386,30777,33440.367879811674,,469.6015625,2.078125,2.078125,2.078125,2.078125,4863.994607934728,unknown,True,,True,,False,,15070.54150390625,True,uncalibrated_dynamic,False,0.0,0.0,kivi_4bit_residual64,0.0,,risk_evidence_insufficient,0.0,uncalibrated_dynamic,0.0,,,,hybrid-session-002-turn-0,2.078125,0.0,2.078125,0.0,0.0,/DATACENTER3/zhenxiang.wang/work/TailGuardKV/.worktrees/baseline-smoke-final-aggregation/out/full_25session_baseline_9_14/full/policy_attempts/tight_budget_preflight_20260916_h2o_static_safe/seed20260906,True,point_prediction_eligible,hybrid-session-002,chat,3662.400846835226,0,risk_evidence_insufficient,20260906
kivi_4bit_residual64,2.0,0.1,False,False,online_qwen,False,8.0,/DATACENTER3/zhenxiang.wang/work/TailGuardKV/.worktrees/baseline-smoke-final-aggregation/out/full_25session_baseline_9_14/full/policy_attempts/tight_budget_preflight_20260916_h2o_static_safe/seed20260906/config.yaml,,,,,0.05,True,,0.05,,0,False,kivi_4bit_residual64,True,,balanced_two_gpu,1,persistent,29353.396248072386,30777,33440.367879811674,,469.6015625,3.5546875,1.4765625,1.4765625,1.4765625,1646.495183929801,unknown,True,,True,,False,,15055.19384765625,True,uncalibrated_dynamic,False,0.0,0.0,kivi_4bit_residual64,0.0,,risk_evidence_insufficient,0.0,uncalibrated_dynamic,0.0,,,,hybrid-session-003-turn-0,1.4765625,0.0,1.4765625,0.0,0.0,/DATACENTER3/zhenxiang.wang/work/TailGuardKV/.worktrees/baseline-smoke-final-aggregation/out/full_25session_baseline_9_14/full/policy_attempts/tight_budget_preflight_20260916_h2o_static_safe/seed20260906,True,point_prediction_eligible,hybrid-session-003,chat,108.96336194127798,0,risk_evidence_insufficient,20260906
kivi_4bit_residual64,3.0,0.1,False,False,online_qwen,False,8.0,/DATACENTER3/zhenxiang.wang/work/TailGuardKV/.worktrees/baseline-smoke-final-aggregation/out/full_25session_baseline_9_14/full/policy_attempts/tight_budget_preflight_20260916_h2o_static_safe/seed20260906/config.yaml,,,,,0.05,True,,0.05,,0,False,kivi_4bit_residual64,True,,balanced_two_gpu,1,persistent,29353.396248072386,30777,33440.367879811674,,469.6015625,5.3046875,1.75,1.75,1.75,1664.891097927466,unknown,True,,True,,False,,15063.70947265625,True,uncalibrated_dynamic,False,0.0,0.0,kivi_4bit_residual64,0.0,,risk_evidence_insufficient,0.0,uncalibrated_dynamic,0.0,,,,hybrid-session-004-turn-0,1.75,0.0,1.75,0.0,0.0,/DATACENTER3/zhenxiang.wang/work/TailGuardKV/.worktrees/baseline-smoke-final-aggregation/out/full_25session_baseline_9_14/full/policy_attempts/tight_budget_preflight_20260916_h2o_static_safe/seed20260906,True,point_prediction_eligible,hybrid-session-004,chat,114.55435492098331,0,risk_evidence_insufficient,20260906
kivi_4bit_residual64,4.0,0.1,False,False,online_qwen,False,8.0,/DATACENTER3/zhenxiang.wang/work/TailGuardKV/.worktrees/baseline-smoke-final-aggregation/out/full_25session_baseline_9_14/full/policy_attempts/tight_budget_preflight_20260916_h2o_static_safe/seed20260906/config.yaml,,,,,0.05,True,,0.05,,0,False,kivi_4bit_residual64,True,,balanced_two_gpu,1,persistent,29353.396248072386,30777,33440.367879811674,,469.6015625,7.21875,1.9140625,1.9140625,1.9140625,1707.8476250171661,unknown,True,,True,,False,,15070.26806640625,True,uncalibrated_dynamic,False,0.0,0.0,kivi_4bit_residual64,0.0,,risk_evidence_insufficient,0.0,uncalibrated_dynamic,0.0,,,,hybrid-session-005-turn-0,1.9140625,0.0,1.9140625,0.0,0.0,/DATACENTER3/zhenxiang.wang/work/TailGuardKV/.worktrees/baseline-smoke-final-aggregation/out/full_25session_baseline_9_14/full/policy_attempts/tight_budget_preflight_20260916_h2o_static_safe/seed20260906,True,point_prediction_eligible,hybrid-session-005,chat,122.63145297765732,0,risk_evidence_insufficient,20260906
kivi_4bit_residual64,5.0,0.1,False,False,online_qwen,False,8.0,/DATACENTER3/zhenxiang.wang/work/TailGuardKV/.worktrees/baseline-smoke-final-aggregation/out/full_25session_baseline_9_14/full/policy_attempts/tight_budget_preflight_20260916_h2o_static_safe/seed20260906/config.yaml,,,,,0.05,True,,0.05,,0,False,kivi_4bit_residual64,True,,balanced_two_gpu,1,persistent,29353.396248072386,30777,33440.367879811674,,469.6015625,9.84375,2.625,2.625,2.625,1681.2577799428254,unknown,True,,True,,False,,15093.27587890625,True,uncalibrated_dynamic,False,0.0,0.0,kivi_4bit_residual64,0.0,,risk_evidence_insufficient,0.0,uncalibrated_dynamic,0.0,,,,hybrid-session-006-turn-0,2.625,0.0,2.625,0.0,0.0,/DATACENTER3/zhenxiang.wang/work/TailGuardKV/.worktrees/baseline-smoke-final-aggregation/out/full_25session_baseline_9_14/full/policy_attempts/tight_budget_preflight_20260916_h2o_static_safe/seed20260906,True,point_prediction_eligible,hybrid-session-006,chat,114.04488096013665,0,risk_evidence_insufficient,20260906
kivi_4bit_residual64,6.0,0.1,False,False,online_qwen,False,8.0,/DATACENTER3/zhenxiang.wang/work/TailGuardKV/.worktrees/baseline-smoke-final-aggregation/out/full_25session_baseline_9_14/full/policy_attempts/tight_budget_preflight_20260916_h2o_static_safe/seed20260906/config.yaml,,,,,0.05,True,,0.05,,0,False,kivi_4bit_residual64,True,,balanced_two_gpu,1,persistent,29353.396248072386,30777,33440.367879811674,,469.6015625,11.5390625,1.6953125,1.6953125,1.6953125,1681.7772290669382,unknown,True,,True,,False,,15068.48681640625,True,uncalibrated_dynamic,False,0.0,0.0,kivi_4bit_residual64,0.0,,risk_evidence_insufficient,0.0,uncalibrated_dynamic,0.0,,,,hybrid-session-009-turn-0,1.6953125,0.0,1.6953125,0.0,0.0,/DATACENTER3/zhenxiang.wang/work/TailGuardKV/.worktrees/baseline-smoke-final-aggregation/out/full_25session_baseline_9_14/full/policy_attempts/tight_budget_preflight_20260916_h2o_static_safe/seed20260906,True,point_prediction_eligible,hybrid-session-009,chat,117.6550721284002,0,risk_evidence_insufficient,20260906
kivi_4bit_residual64,7.0,0.1,False,False,online_qwen,False,8.0,/DATACENTER3/zhenxiang.wang/work/TailGuardKV/.worktrees/baseline-smoke-final-aggregation/out/full_25session_baseline_9_14/full/policy_attempts/tight_budget_preflight_20260916_h2o_static_safe/seed20260906/config.yaml,,,,,0.05,True,,0.05,,0,False,kivi_4bit_residual64,True,,balanced_two_gpu,1,persistent,29353.396248072386,30777,33440.367879811674,,469.6015625,13.0703125,1.53125,1.53125,1.53125,1598.3949420042336,unknown,True,,True,,False,,15065.87646484375,True,uncalibrated_dynamic,False,0.0,0.0,kivi_4bit_residual64,0.0,,risk_evidence_insufficient,0.0,uncalibrated_dynamic,0.0,,,,hybrid-session-010-turn-0,1.53125,0.0,1.53125,0.0,0.0,/DATACENTER3/zhenxiang.wang/work/TailGuardKV/.worktrees/baseline-smoke-final-aggregation/out/full_25session_baseline_9_14/full/policy_attempts/tight_budget_preflight_20260916_h2o_static_safe/seed20260906,True,point_prediction_eligible,hybrid-session-010,chat,114.23352197743952,0,risk_evidence_insufficient,20260906
kivi_4bit_residual64,8.0,0.1,False,False,online_qwen,False,8.0,/DATACENTER3/zhenxiang.wang/work/TailGuardKV/.worktrees/baseline-smoke-final-aggregation/out/full_25session_baseline_9_14/full/policy_attempts/tight_budget_preflight_20260916_h2o_static_safe/seed20260906/config.yaml,,,,,0.05,True,,0.05,,0,False,kivi_4bit_residual64,True,,balanced_two_gpu,1,persistent,29353.396248072386,30777,33440.367879811674,,469.6015625,14.875,1.8046875,1.8046875,1.8046875,1685.8139717951417,unknown,True,,True,,False,,15074.73681640625,True,uncalibrated_dynamic,False,0.0,0.0,kivi_4bit_residual64,0.0,,risk_evidence_insufficient,0.0,uncalibrated_dynamic,0.0,,,,hybrid-session-013-turn-0,1.8046875,0.0,1.8046875,0.0,0.0,/DATACENTER3/zhenxiang.wang/work/TailGuardKV/.worktrees/baseline-smoke-final-aggregation/out/full_25session_baseline_9_14/full/policy_attempts/tight_budget_preflight_20260916_h2o_static_safe/seed20260906,True,point_prediction_eligible,hybrid-session-013,chat,115.31947087496519,0,risk_evidence_insufficient,20260906
kivi_4bit_residual64,9.0,0.1,False,False,online_qwen,False,8.0,/DATACENTER3/zhenxiang.wang/work/TailGuardKV/.worktrees/baseline-smoke-final-aggregation/out/full_25session_baseline_9_14/full/policy_attempts/tight_budget_preflight_20260916_h2o_static_safe/seed20260906/config.yaml,,,,,0.05,True,,0.05,,0,False,kivi_4bit_residual64,True,,balanced_two_gpu,1,persistent,29353.396248072386,30777,33440.367879811674,,469.6015625,17.5,2.625,2.625,2.625,1582.520621130243,unknown,True,,True,,False,,15100.93212890625,True,uncalibrated_dynamic,False,0.0,0.0,kivi_4bit_residual64,0.0,,risk_evidence_insufficient,0.0,uncalibrated_dynamic,0.0,,,,hybrid-session-016-turn-0,2.625,0.0,2.625,0.0,0.0,/DATACENTER3/zhenxiang.wang/work/TailGuardKV/.worktrees/baseline-smoke-final-aggregation/out/full_25session_baseline_9_14/full/policy_attempts/tight_budget_preflight_20260916_h2o_static_safe/seed20260906,True,point_prediction_eligible,hybrid-session-016,chat,113.23305708356202,0,risk_evidence_insufficient,20260906
kivi_4bit_residual64,10.0,0.1,False,False,online_qwen,False,8.0,/DATACENTER3/zhenxiang.wang/work/TailGuardKV/.worktrees/baseline-smoke-final-aggregation/out/full_25session_baseline_9_14/full/policy_attempts/tight_budget_preflight_20260916_h2o_static_safe/seed20260906/config.yaml,,,,,0.05,True,,0.05,,0,False,kivi_4bit_residual64,True,,balanced_two_gpu,1,persistent,29353.396248072386,30777,33440.367879811674,,469.6015625,19.90625,2.40625,2.40625,2.40625,1443.5382331721485,unknown,True,,True,,False,,15095.79541015625,True,uncalibrated_dynamic,False,0.0,0.0,kivi_4bit_residual64,0.0,,risk_evidence_insufficient,0.0,uncalibrated_dynamic,0.0,,,,hybrid-session-020-turn-0,2.40625,0.0,2.40625,0.0,0.0,/DATACENTER3/zhenxiang.wang/work/TailGuardKV/.worktrees/baseline-smoke-final-aggregation/out/full_25session_baseline_9_14/full/policy_attempts/tight_budget_preflight_20260916_h2o_static_safe/seed20260906,True,point_prediction_eligible,hybrid-session-020,chat,122.72596615366638,0,risk_evidence_insufficient,20260906
kivi_4bit_residual64,11.0,0.1,False,False,online_qwen,False,8.0,/DATACENTER3/zhenxiang.wang/work/TailGuardKV/.worktrees/baseline-smoke-final-aggregation/out/full_25session_baseline_9_14/full/policy_attempts/tight_budget_preflight_20260916_h2o_static_safe/seed20260906/config.yaml,,,,,0.05,True,,0.05,,0,False,kivi_4bit_residual64,True,,balanced_two_gpu,1,persistent,29353.396248072386,30777,33440.367879811674,,469.6015625,22.203125,2.296875,2.296875,2.296875,1697.3548878449947,unknown,True,,True,,False,,15095.17822265625,True,uncalibrated_dynamic,False,0.0,0.0,kivi_4bit_residual64,0.0,,risk_evidence_insufficient,0.0,uncalibrated_dynamic,0.0,,,,hybrid-session-021-turn-0,2.296875,0.0,2.296875,0.0,0.0,/DATACENTER3/zhenxiang.wang/work/TailGuardKV/.worktrees/baseline-smoke-final-aggregation/out/full_25session_baseline_9_14/full/policy_attempts/tight_budget_preflight_20260916_h2o_static_safe/seed20260906,True,point_prediction_eligible,hybrid-session-021,chat,118.24874696321785,0,risk_evidence_insufficient,20260906
kivi_4bit_residual64,12.0,0.1,False,False,online_qwen,False,8.0,/DATACENTER3/zhenxiang.wang/work/TailGuardKV/.worktrees/baseline-smoke-final-aggregation/out/full_25session_baseline_9_14/full/policy_attempts/tight_budget_preflight_20260916_h2o_static_safe/seed20260906/config.yaml,,,,,0.05,True,,0.05,,0,False,kivi_4bit_residual64,True,,balanced_two_gpu,1,persistent,29353.396248072386,30777,33440.367879811674,,469.6015625,24.171875,1.96875,1.96875,1.96875,1678.0377300456166,unknown,True,,True,,False,,15088.40478515625,True,uncalibrated_dynamic,False,0.0,0.0,kivi_4bit_residual64,0.0,,risk_evidence_insufficient,0.0,uncalibrated_dynamic,0.0,,,,hybrid-session-025-turn-0,1.96875,0.0,1.96875,0.0,0.0,/DATACENTER3/zhenxiang.wang/work/TailGuardKV/.worktrees/baseline-smoke-final-aggregation/out/full_25session_baseline_9_14/full/policy_attempts/tight_budget_preflight_20260916_h2o_static_safe/seed20260906,True,point_prediction_eligible,hybrid-session-025,chat,122.85731709562242,0,risk_evidence_insufficient,20260906
kivi_4bit_residual64,13.0,0.1,False,False,online_qwen,False,8.0,/DATACENTER3/zhenxiang.wang/work/TailGuardKV/.worktrees/baseline-smoke-final-aggregation/out/full_25session_baseline_9_14/full/policy_attempts/tight_budget_preflight_20260916_h2o_static_safe/seed20260906/config.yaml,,,,,0.05,True,,0.05,,0,False,kivi_4bit_residual64,True,,balanced_two_gpu,1,persistent,29353.396248072386,30777,33440.367879811674,,469.6015625,26.359375,2.1875,2.1875,2.1875,1693.954517133534,unknown,True,,True,,False,,15096.42041015625,True,uncalibrated_dynamic,False,0.0,0.0,kivi_4bit_residual64,0.0,,risk_evidence_insufficient,0.0,uncalibrated_dynamic,0.0,,,,hybrid-session-026-turn-0,2.1875,0.0,2.1875,0.0,0.0,/DATACENTER3/zhenxiang.wang/work/TailGuardKV/.worktrees/baseline-smoke-final-aggregation/out/full_25session_baseline_9_14/full/policy_attempts/tight_budget_preflight_20260916_h2o_static_safe/seed20260906,True,point_prediction_eligible,hybrid-session-026,chat,116.48471304215491,0,risk_evidence_insufficient,20260906
kivi_4bit_residual64,13.0,0.1,False,False,online_qwen,False,8.0,/DATACENTER3/zhenxiang.wang/work/TailGuardKV/.worktrees/baseline-smoke-final-aggregation/out/full_25session_baseline_9_14/full/policy_attempts/tight_budget_preflight_20260916_h2o_static_safe/seed20260906/config.yaml,,,,,0.05,True,,0.05,,0,False,kivi_4bit_residual64,True,,balanced_two_gpu,1,persistent,29353.396248072386,30777,33440.367879811674,,469.6015625,26.829345703125,2.548095703125,2.548095703125,0.469970703125,2457.3075170628726,unknown,True,,True,,False,,15088.02685546875,True,uncalibrated_dynamic,False,0.0,0.0,kivi_4bit_residual64,0.0,,risk_evidence_insufficient,0.0,uncalibrated_dynamic,0.0,,,,hybrid-session-002-turn-1,2.548095703125,2.078125,2.548095703125,0.0,0.0,/DATACENTER3/zhenxiang.wang/work/TailGuardKV/.worktrees/baseline-smoke-final-aggregation/out/full_25session_baseline_9_14/full/policy_attempts/tight_budget_preflight_20260916_h2o_static_safe/seed20260906,True,point_prediction_eligible,hybrid-session-002,chat,122.24506912752986,1,risk_evidence_insufficient,20260906
kivi_4bit_residual64,13.0,0.1,True,False,online_qwen,False,8.0,/DATACENTER3/zhenxiang.wang/work/TailGuardKV/.worktrees/baseline-smoke-final-aggregation/out/full_25session_baseline_9_14/full/policy_attempts/tight_budget_preflight_20260916_h2o_static_safe/seed20260906/config.yaml,,,,,0.05,True,,0.05,,0,False,kivi_4bit_residual64,True,,balanced_two_gpu,1,persistent,29353.396248072386,30777,33440.367879811674,,469.6015625,28.251220703125,2.8984375,2.8984375,1.421875,1437.5707479193807,unknown,True,,True,,False,,15078.74658203125,True,uncalibrated_dynamic,False,0.0,0.0,kivi_4bit_residual64,0.0,,risk_evidence_insufficient,0.0,uncalibrated_dynamic,0.0,,,,hybrid-session-003-turn-1,2.8984375,1.4765625,2.8984375,0.0,0.0,/DATACENTER3/zhenxiang.wang/work/TailGuardKV/.worktrees/baseline-smoke-final-aggregation/out/full_25session_baseline_9_14/full/policy_attempts/tight_budget_preflight_20260916_h2o_static_safe/seed20260906,True,point_prediction_eligible,hybrid-session-003,chat,111.62224086001515,1,risk_evidence_insufficient,20260906
kivi_4bit_residual64,13.0,0.1,False,False,online_qwen,False,8.0,/DATACENTER3/zhenxiang.wang/work/TailGuardKV/.worktrees/baseline-smoke-final-aggregation/out/full_25session_baseline_9_14/full/policy_attempts/tight_budget_preflight_20260916_h2o_static_safe/seed20260906/config.yaml,,,,,0.05,True,,0.05,,0,False,kivi_4bit_residual64,True,,balanced_two_gpu,1,persistent,29353.396248072386,30777,33440.367879811674,,469.6015625,29.76708984375,3.265869140625,3.265869140625,1.515869140625,2210.5037269648165,unknown,True,,True,,False,,15128.7724609375,True,uncalibrated_dynamic,False,0.0,0.0,kivi_4bit_residual64,0.0,,risk_evidence_insufficient,0.0,uncalibrated_dynamic,0.0,,,,hybrid-session-004-turn-1,3.265869140625,1.75,3.265869140625,0.0,0.0,/DATACENTER3/zhenxiang.wang/work/TailGuardKV/.worktrees/baseline-smoke-final-aggregation/out/full_25session_baseline_9_14/full/policy_attempts/tight_budget_preflight_20260916_h2o_static_safe/seed20260906,True,point_prediction_eligible,hybrid-session-004,chat,217.21412893384695,1,risk_evidence_insufficient,20260906
kivi_4bit_residual64,13.0,0.1,False,False,online_qwen,False,8.0,/DATACENTER3/zhenxiang.wang/work/TailGuardKV/.worktrees/baseline-smoke-final-aggregation/out/full_25session_baseline_9_14/full/policy_attempts/tight_budget_preflight_20260916_h2o_static_safe/seed20260906/config.yaml,,,,,0.05,True,,0.05,,0,False,kivi_4bit_residual64,True,,balanced_two_gpu,1,persistent,29353.396248072386,30777,33440.367879811674,,469.6015625,30.65234375,2.79931640625,2.79931640625,0.88525390625,2264.5698389969766,unknown,True,,True,,False,,15106.55908203125,True,uncalibrated_dynamic,False,0.0,0.0,kivi_4bit_residual64,0.0,,risk_evidence_insufficient,0.0,uncalibrated_dynamic,0.0,,,,hybrid-session-005-turn-1,2.79931640625,1.9140625,2.79931640625,0.0,0.0,/DATACENTER3/zhenxiang.wang/work/TailGuardKV/.worktrees/baseline-smoke-final-aggregation/out/full_25session_baseline_9_14/full/policy_attempts/tight_budget_preflight_20260916_h2o_static_safe/seed20260906,True,point_prediction_eligible,hybrid-session-005,chat,126.92100694403052,1,risk_evidence_insufficient,20260906
kivi_4bit_residual64,13.0,0.1,False,False,online_qwen,False,8.0,/DATACENTER3/zhenxiang.wang/work/TailGuardKV/.worktrees/baseline-smoke-final-aggregation/out/full_25session_baseline_9_14/full/policy_attempts/tight_budget_preflight_20260916_h2o_static_safe/seed20260906/config.yaml,,,,,0.05,True,,0.05,,0,False,kivi_4bit_residual64,True,,balanced_two_gpu,1,persistent,29353.396248072386,30777,33440.367879811674,,469.6015625,31.47265625,3.4453125,3.4453125,0.8203125,2724.8101150617003,unknown,True,,True,,False,,15114.3935546875,True,uncalibrated_dynamic,False,0.0,0.0,kivi_4bit_residual64,0.0,,risk_evidence_insufficient,0.0,uncalibrated_dynamic,0.0,,,,hybrid-session-006-turn-1,3.4453125,2.625,3.4453125,0.0,0.0,/DATACENTER3/zhenxiang.wang/work/TailGuardKV/.worktrees/baseline-smoke-final-aggregation/out/full_25session_baseline_9_14/full/policy_attempts/tight_budget_preflight_20260916_h2o_static_safe/seed20260906,True,point_prediction_eligible,hybrid-session-006,chat,193.93780687823892,1,risk_evidence_insufficient,20260906
kivi_4bit_residual64,13.0,0.1,False,False,online_qwen,False,8.0,/DATACENTER3/zhenxiang.wang/work/TailGuardKV/.worktrees/baseline-smoke-final-aggregation/out/full_25session_baseline_9_14/full/policy_attempts/tight_budget_preflight_20260916_h2o_static_safe/seed20260906/config.yaml,,,,,0.05,True,,0.05,,0,False,kivi_4bit_residual64,True,,balanced_two_gpu,1,persistent,29353.396248072386,30777,33440.367879811674,,469.6015625,33.16796875,3.390625,3.390625,1.6953125,1350.004707928747,unknown,True,,True,,False,,15090.15771484375,True,uncalibrated_dynamic,False,0.0,0.0,kivi_4bit_residual64,0.0,,risk_evidence_insufficient,0.0,uncalibrated_dynamic,0.0,,,,hybrid-session-009-turn-1,3.390625,1.6953125,3.390625,0.0,0.0,/DATACENTER3/zhenxiang.wang/work/TailGuardKV/.worktrees/baseline-smoke-final-aggregation/out/full_25session_baseline_9_14/full/policy_attempts/tight_budget_preflight_20260916_h2o_static_safe/seed20260906,True,point_prediction_eligible,hybrid-session-009,chat,92.77411899529397,1,risk_evidence_insufficient,20260906
kivi_4bit_residual64,13.0,0.1,False,False,online_qwen,False,8.0,/DATACENTER3/zhenxiang.wang/work/TailGuardKV/.worktrees/baseline-smoke-final-aggregation/out/full_25session_baseline_9_14/full/policy_attempts/tight_budget_preflight_20260916_h2o_static_safe/seed20260906/config.yaml,,,,,0.05,True,,0.05,,0,False,kivi_4bit_residual64,True,,balanced_two_gpu,1,persistent,29353.396248072386,30777,33440.367879811674,,469.6015625,34.80859375,3.171875,3.171875,1.640625,1744.082624092698,unknown,True,,True,,False,,15090.34130859375,True,uncalibrated_dynamic,False,0.0,0.0,kivi_4bit_residual64,0.0,,risk_evidence_insufficient,0.0,uncalibrated_dynamic,0.0,,,,hybrid-session-010-turn-1,3.171875,1.53125,3.171875,0.0,0.0,/DATACENTER3/zhenxiang.wang/work/TailGuardKV/.worktrees/baseline-smoke-final-aggregation/out/full_25session_baseline_9_14/full/policy_attempts/tight_budget_preflight_20260916_h2o_static_safe/seed20260906,True,point_prediction_eligible,hybrid-session-010,chat,117.75895906612277,1,risk_evidence_insufficient,20260906
kivi_4bit_residual64,13.0,0.1,False,False,online_qwen,False,8.0,/DATACENTER3/zhenxiang.wang/work/TailGuardKV/.worktrees/baseline-smoke-final-aggregation/out/full_25session_baseline_9_14/full/policy_attempts/tight_budget_preflight_20260916_h2o_static_safe/seed20260906/config.yaml,,,,,0.05,True,,0.05,,0,False,kivi_4bit_residual64,True,,balanced_two_gpu,1,persistent,29353.396248072386,30777,33440.367879811674,,469.6015625,36.23046875,3.2265625,3.2265625,1.421875,1564.990006852895,unknown,True,,True,,False,,15086.74462890625,True,uncalibrated_dynamic,False,0.0,0.0,kivi_4bit_residual64,0.0,,risk_evidence_insufficient,0.0,uncalibrated_dynamic,0.0,,,,hybrid-session-013-turn-1,3.2265625,1.8046875,3.2265625,0.0,0.0,/DATACENTER3/zhenxiang.wang/work/TailGuardKV/.worktrees/baseline-smoke-final-aggregation/out/full_25session_baseline_9_14/full/policy_attempts/tight_budget_preflight_20260916_h2o_static_safe/seed20260906,True,point_prediction_eligible,hybrid-session-013,chat,117.99483490176499,1,risk_evidence_insufficient,20260906
kivi_4bit_residual64,13.0,0.1,False,False,online_qwen,False,8.0,/DATACENTER3/zhenxiang.wang/work/TailGuardKV/.worktrees/baseline-smoke-final-aggregation/out/full_25session_baseline_9_14/full/policy_attempts/tight_budget_preflight_20260916_h2o_static_safe/seed20260906/config.yaml,,,,,0.05,True,,0.05,,0,False,kivi_4bit_residual64,True,,balanced_two_gpu,1,persistent,29353.396248072386,30777,33440.367879811674,,469.6015625,36.297119140625,2.691650390625,2.691650390625,0.066650390625,2328.509856015444,unknown,True,,True,,False,,15089.38818359375,True,uncalibrated_dynamic,False,0.0,0.0,kivi_4bit_residual64,0.0,,risk_evidence_insufficient,0.0,uncalibrated_dynamic,0.0,,,,hybrid-session-016-turn-1,2.691650390625,2.625,2.691650390625,0.0,0.0,/DATACENTER3/zhenxiang.wang/work/TailGuardKV/.worktrees/baseline-smoke-final-aggregation/out/full_25session_baseline_9_14/full/policy_attempts/tight_budget_preflight_20260916_h2o_static_safe/seed20260906,True,point_prediction_eligible,hybrid-session-016,chat,117.29054502211511,1,risk_evidence_insufficient,20260906
kivi_4bit_residual64,13.0,0.1,False,False,online_qwen,False,8.0,/DATACENTER3/zhenxiang.wang/work/TailGuardKV/.worktrees/baseline-smoke-final-aggregation/out/full_25session_baseline_9_14/full/policy_attempts/tight_budget_preflight_20260916_h2o_static_safe/seed20260906/config.yaml,,,,,0.05,True,,0.05,,0,False,kivi_4bit_residual64,True,,balanced_two_gpu,1,persistent,29353.396248072386,30777,33440.367879811674,,469.6015625,36.690185546875,2.79931640625,2.79931640625,0.39306640625,2624.4248419534415,unknown,True,,True,,False,,15100.35595703125,True,uncalibrated_dynamic,False,0.0,0.0,kivi_4bit_residual64,0.0,,risk_evidence_insufficient,0.0,uncalibrated_dynamic,0.0,,,,hybrid-session-020-turn-1,2.79931640625,2.40625,2.79931640625,0.0,0.0,/DATACENTER3/zhenxiang.wang/work/TailGuardKV/.worktrees/baseline-smoke-final-aggregation/out/full_25session_baseline_9_14/full/policy_attempts/tight_budget_preflight_20260916_h2o_static_safe/seed20260906,True,point_prediction_eligible,hybrid-session-020,chat,123.54843481443822,1,risk_evidence_insufficient,20260906
kivi_4bit_residual64,13.0,0.1,False,False,online_qwen,False,8.0,/DATACENTER3/zhenxiang.wang/work/TailGuardKV/.worktrees/baseline-smoke-final-aggregation/out/full_25session_baseline_9_14/full/policy_attempts/tight_budget_preflight_20260916_h2o_static_safe/seed20260906/config.yaml,,,,,0.05,True,,0.05,,0,False,kivi_4bit_residual64,True,,balanced_two_gpu,1,persistent,29353.396248072386,30777,33440.367879811674,,469.6015625,37.3720703125,2.978759765625,2.978759765625,0.681884765625,2640.9625138621777,unknown,True,,True,,False,,15109.2490234375,True,uncalibrated_dynamic,False,0.0,0.0,kivi_4bit_residual64,0.0,,risk_evidence_insufficient,0.0,uncalibrated_dynamic,0.0,,,,hybrid-session-021-turn-1,2.978759765625,2.296875,2.978759765625,0.0,0.0,/DATACENTER3/zhenxiang.wang/work/TailGuardKV/.worktrees/baseline-smoke-final-aggregation/out/full_25session_baseline_9_14/full/policy_attempts/tight_budget_preflight_20260916_h2o_static_safe/seed20260906,True,point_prediction_eligible,hybrid-session-021,chat,200.5391800776124,1,risk_evidence_insufficient,20260906
kivi_4bit_residual64,13.0,0.1,False,False,online_qwen,False,8.0,/DATACENTER3/zhenxiang.wang/work/TailGuardKV/.worktrees/baseline-smoke-final-aggregation/out/full_25session_baseline_9_14/full/policy_attempts/tight_budget_preflight_20260916_h2o_static_safe/seed20260906/config.yaml,,,,,0.05,True,,0.05,,0,False,kivi_4bit_residual64,True,,balanced_two_gpu,1,persistent,29353.396248072386,30777,33440.367879811674,,469.6015625,38.6845703125,3.28125,3.28125,1.3125,1725.8024821057916,unknown,True,,True,,False,,15085.52294921875,True,uncalibrated_dynamic,False,0.005128205128205128,0.005128205128205128,kivi_4bit_residual64,0.005128205128205128,,risk_evidence_insufficient,0.0,uncalibrated_dynamic,0.0,,,,hybrid-session-025-turn-1,3.28125,1.96875,3.28125,0.0,0.005128205128205128,/DATACENTER3/zhenxiang.wang/work/TailGuardKV/.worktrees/baseline-smoke-final-aggregation/out/full_25session_baseline_9_14/full/policy_attempts/tight_budget_preflight_20260916_h2o_static_safe/seed20260906,True,point_prediction_eligible,hybrid-session-025,chat,117.7008650265634,1,risk_evidence_insufficient,20260906
kivi_4bit_residual64,13.0,0.1,False,False,online_qwen,False,8.0,/DATACENTER3/zhenxiang.wang/work/TailGuardKV/.worktrees/baseline-smoke-final-aggregation/out/full_25session_baseline_9_14/full/policy_attempts/tight_budget_preflight_20260916_h2o_static_safe/seed20260906/config.yaml,,,,,0.05,True,,0.05,,0,False,kivi_4bit_residual64,True,,balanced_two_gpu,1,persistent,29353.396248072386,30777,33440.367879811674,,469.6015625,39.547607421875,3.050537109375,3.050537109375,0.863037109375,2645.7475239876658,unknown,True,,True,,False,,15117.2783203125,True,uncalibrated_dynamic,False,0.0,0.0,kivi_4bit_residual64,0.0,,risk_evidence_insufficient,0.0,uncalibrated_dynamic,0.0,,,,hybrid-session-026-turn-1,3.050537109375,2.1875,3.050537109375,0.0,0.0,/DATACENTER3/zhenxiang.wang/work/TailGuardKV/.worktrees/baseline-smoke-final-aggregation/out/full_25session_baseline_9_14/full/policy_attempts/tight_budget_preflight_20260916_h2o_static_safe/seed20260906,True,point_prediction_eligible,hybrid-session-026,chat,199.31604387238622,1,risk_evidence_insufficient,20260906
kivi_4bit_residual64,13.0,0.1,True,False,online_qwen,False,8.0,/DATACENTER3/zhenxiang.wang/work/TailGuardKV/.worktrees/baseline-smoke-final-aggregation/out/full_25session_baseline_9_14/full/policy_attempts/tight_budget_preflight_20260916_h2o_static_safe/seed20260906/config.yaml,,,,,0.05,True,,0.05,,0,False,kivi_4bit_residual64,True,,balanced_two_gpu,1,persistent,29353.396248072386,30777,33440.367879811674,,469.6015625,41.591552734375,4.592041015625,4.592041015625,2.0439453125,2427.1072959527373,unknown,True,,True,,False,,15237.5693359375,True,uncalibrated_dynamic,False,0.0,0.0,kivi_4bit_residual64,0.0,,risk_evidence_insufficient,0.0,uncalibrated_dynamic,0.0,,,,hybrid-session-002-turn-2,4.592041015625,2.548095703125,4.592041015625,0.0,0.0,/DATACENTER3/zhenxiang.wang/work/TailGuardKV/.worktrees/baseline-smoke-final-aggregation/out/full_25session_baseline_9_14/full/policy_attempts/tight_budget_preflight_20260916_h2o_static_safe/seed20260906,True,point_prediction_eligible,hybrid-session-002,qa,237.30241903103888,2,risk_evidence_insufficient,20260906
kivi_4bit_residual64,13.0,0.1,False,False,online_qwen,False,8.0,/DATACENTER3/zhenxiang.wang/work/TailGuardKV/.worktrees/baseline-smoke-final-aggregation/out/full_25session_baseline_9_14/full/policy_attempts/tight_budget_preflight_20260916_h2o_static_safe/seed20260906/config.yaml,,,,,0.05,True,,0.05,,0,False,kivi_4bit_residual64,True,,balanced_two_gpu,1,persistent,29353.396248072386,30777,33440.367879811674,,469.6015625,43.84228515625,5.149169921875,5.149169921875,2.250732421875,2571.910245809704,unknown,True,,True,,False,,15238.6494140625,True,uncalibrated_dynamic,False,0.0,0.0,kivi_4bit_residual64,0.0,,risk_evidence_insufficient,0.0,uncalibrated_dynamic,0.0,,,,hybrid-session-003-turn-2,5.149169921875,2.8984375,5.149169921875,0.0,0.0,/DATACENTER3/zhenxiang.wang/work/TailGuardKV/.worktrees/baseline-smoke-final-aggregation/out/full_25session_baseline_9_14/full/policy_attempts/tight_budget_preflight_20260916_h2o_static_safe/seed20260906,True,point_prediction_eligible,hybrid-session-003,summary,218.98084692656994,2,risk_evidence_insufficient,20260906
kivi_4bit_residual64,13.0,0.1,False,False,online_qwen,False,1.0,/DATACENTER3/zhenxiang.wang/work/TailGuardKV/.worktrees/baseline-smoke-final-aggregation/out/full_25session_baseline_9_14/full/policy_attempts/tight_budget_preflight_20260916_h2o_static_safe/seed20260906/config.yaml,,,,,0.05,True,,0.05,,0,False,kivi_4bit_residual64,True,,balanced_two_gpu,1,persistent,29353.396248072386,30777,33440.367879811674,,469.6015625,45.347900390625,4.771484375,4.771484375,1.505615234375,2240.2434528339654,unknown,True,,True,,False,,15217.580078125,True,uncalibrated_dynamic,False,0.03418803418803419,0.03418803418803419,kivi_4bit_residual64,0.03418803418803419,,risk_evidence_insufficient,0.0,uncalibrated_dynamic,0.0,,,,hybrid-session-004-turn-2,4.771484375,3.265869140625,4.771484375,0.0,0.3418803418803419,/DATACENTER3/zhenxiang.wang/work/TailGuardKV/.worktrees/baseline-smoke-final-aggregation/out/full_25session_baseline_9_14/full/policy_attempts/tight_budget_preflight_20260916_h2o_static_safe/seed20260906,False,point_prediction_eligible,hybrid-session-004,qa,231.95924889296293,2,risk_evidence_insufficient,20260906
kivi_4bit_residual64,13.0,0.1,False,False,online_qwen,False,8.0,/DATACENTER3/zhenxiang.wang/work/TailGuardKV/.worktrees/baseline-smoke-final-aggregation/out/full_25session_baseline_9_14/full/policy_attempts/tight_budget_preflight_20260916_h2o_static_safe/seed20260906/config.yaml,,,,,0.05,True,,0.05,,0,False,kivi_4bit_residual64,True,,balanced_two_gpu,1,persistent,29353.396248072386,30777,33440.367879811674,,469.6015625,47.06884765625,4.520263671875,4.520263671875,1.720947265625,2510.85265702568,unknown,True,,True,,False,,15228.064453125,True,uncalibrated_dynamic,False,0.0,0.0,kivi_4bit_residual64,0.0,,risk_evidence_insufficient,0.0,uncalibrated_dynamic,0.0,,,,hybrid-session-005-turn-2,4.520263671875,2.79931640625,4.520263671875,0.0,0.0,/DATACENTER3/zhenxiang.wang/work/TailGuardKV/.worktrees/baseline-smoke-final-aggregation/out/full_25session_baseline_9_14/full/policy_attempts/tight_budget_preflight_20260916_h2o_static_safe/seed20260906,True,point_prediction_eligible,hybrid-session-005,summary,231.06224299408495,2,risk_evidence_insufficient,20260906
kivi_4bit_residual64,13.0,0.1,False,False,online_qwen,False,1.0,/DATACENTER3/zhenxiang.wang/work/TailGuardKV/.worktrees/baseline-smoke-final-aggregation/out/full_25session_baseline_9_14/full/policy_attempts/tight_budget_preflight_20260916_h2o_static_safe/seed20260906/config.yaml,,,,,0.05,True,,0.05,,0,False,kivi_4bit_residual64,True,,balanced_two_gpu,1,persistent,29353.396248072386,30777,33440.367879811674,,469.6015625,49.68701171875,6.0634765625,6.0634765625,2.6181640625,2413.1121737882495,unknown,True,,True,,False,,15265.92138671875,True,uncalibrated_dynamic,False,0.03418803418803419,0.03418803418803419,kivi_4bit_residual64,0.03418803418803419,,risk_evidence_insufficient,0.0,uncalibrated_dynamic,0.0,,,,hybrid-session-006-turn-2,6.0634765625,3.4453125,6.0634765625,0.0,0.3418803418803419,/DATACENTER3/zhenxiang.wang/work/TailGuardKV/.worktrees/baseline-smoke-final-aggregation/out/full_25session_baseline_9_14/full/policy_attempts/tight_budget_preflight_20260916_h2o_static_safe/seed20260906,False,point_prediction_eligible,hybrid-session-006,qa,231.8093148060143,2,risk_evidence_insufficient,20260906
kivi_4bit_residual64,13.0,0.1,False,False,online_qwen,False,8.0,/DATACENTER3/zhenxiang.wang/work/TailGuardKV/.worktrees/baseline-smoke-final-aggregation/out/full_25session_baseline_9_14/full/policy_attempts/tight_budget_preflight_20260916_h2o_static_safe/seed20260906/config.yaml,,,,,0.05,True,,0.05,,0,False,kivi_4bit_residual64,True,,balanced_two_gpu,1,persistent,29353.396248072386,30777,33440.367879811674,,469.6015625,51.302001953125,5.005615234375,5.005615234375,1.614990234375,2592.6484488882124,unknown,True,,True,,False,,15225.28515625,True,uncalibrated_dynamic,False,0.0,0.0,kivi_4bit_residual64,0.0,,risk_evidence_insufficient,0.0,uncalibrated_dynamic,0.0,,,,hybrid-session-009-turn-2,5.005615234375,3.390625,5.005615234375,0.0,0.0,/DATACENTER3/zhenxiang.wang/work/TailGuardKV/.worktrees/baseline-smoke-final-aggregation/out/full_25session_baseline_9_14/full/policy_attempts/tight_budget_preflight_20260916_h2o_static_safe/seed20260906,True,point_prediction_eligible,hybrid-session-009,summary,195.19759505055845,2,risk_evidence_insufficient,20260906
kivi_4bit_residual64,13.0,0.1,False,False,online_qwen,False,8.0,/DATACENTER3/zhenxiang.wang/work/TailGuardKV/.worktrees/baseline-smoke-final-aggregation/out/full_25session_baseline_9_14/full/policy_attempts/tight_budget_preflight_20260916_h2o_static_safe/seed20260906/config.yaml,,,,,0.05,True,,0.05,,0,False,kivi_4bit_residual64,True,,balanced_two_gpu,1,persistent,29353.396248072386,30777,33440.367879811674,,469.6015625,53.56640625,5.436279296875,5.436279296875,2.264404296875,2478.0815951526165,unknown,True,,True,,False,,15250.880859375,True,uncalibrated_dynamic,False,0.0,0.0,kivi_4bit_residual64,0.0,,risk_evidence_insufficient,0.0,uncalibrated_dynamic,0.0,,,,hybrid-session-010-turn-2,5.436279296875,3.171875,5.436279296875,0.0,0.0,/DATACENTER3/zhenxiang.wang/work/TailGuardKV/.worktrees/baseline-smoke-final-aggregation/out/full_25session_baseline_9_14/full/policy_attempts/tight_budget_preflight_20260916_h2o_static_safe/seed20260906,True,point_prediction_eligible,hybrid-session-010,qa,210.81621013581753,2,risk_evidence_insufficient,20260906
kivi_4bit_residual64,13.0,0.1,True,False,online_qwen,False,8.0,/DATACENTER3/zhenxiang.wang/work/TailGuardKV/.worktrees/baseline-smoke-final-aggregation/out/full_25session_baseline_9_14/full/policy_attempts/tight_budget_preflight_20260916_h2o_static_safe/seed20260906/config.yaml,,,,,0.05,True,,0.05,,0,False,kivi_4bit_residual64,True,,balanced_two_gpu,1,persistent,29353.396248072386,30777,33440.367879811674,,469.6015625,55.52490234375,5.18505859375,5.18505859375,1.95849609375,2163.0702482070774,unknown,True,,True,,False,,15241.21484375,True,uncalibrated_dynamic,False,0.0,0.0,kivi_4bit_residual64,0.0,,risk_evidence_insufficient,0.0,uncalibrated_dynamic,0.0,,,,hybrid-session-013-turn-2,5.18505859375,3.2265625,5.18505859375,0.0,0.0,/DATACENTER3/zhenxiang.wang/work/TailGuardKV/.worktrees/baseline-smoke-final-aggregation/out/full_25session_baseline_9_14/full/policy_attempts/tight_budget_preflight_20260916_h2o_static_safe/seed20260906,True,point_prediction_eligible,hybrid-session-013,summary,230.02106812782586,2,risk_evidence_insufficient,20260906
kivi_4bit_residual64,13.0,0.1,False,False,online_qwen,False,8.0,/DATACENTER3/zhenxiang.wang/work/TailGuardKV/.worktrees/baseline-smoke-final-aggregation/out/full_25session_baseline_9_14/full/policy_attempts/tight_budget_preflight_20260916_h2o_static_safe/seed20260906/config.yaml,,,,,0.05,True,,0.05,,0,False,kivi_4bit_residual64,True,,balanced_two_gpu,1,persistent,29353.396248072386,30777,33440.367879811674,,469.6015625,57.389404296875,4.55615234375,4.55615234375,1.864501953125,2690.833321074024,unknown,True,,True,,False,,15244.291015625,True,uncalibrated_dynamic,False,0.0,0.0,kivi_4bit_residual64,0.0,,risk_evidence_insufficient,0.0,uncalibrated_dynamic,0.0,,,,hybrid-session-016-turn-2,4.55615234375,2.691650390625,4.55615234375,0.0,0.0,/DATACENTER3/zhenxiang.wang/work/TailGuardKV/.worktrees/baseline-smoke-final-aggregation/out/full_25session_baseline_9_14/full/policy_attempts/tight_budget_preflight_20260916_h2o_static_safe/seed20260906,True,point_prediction_eligible,hybrid-session-016,qa,235.3160970378667,2,risk_evidence_insufficient,20260906
kivi_4bit_residual64,13.0,0.1,True,False,online_qwen,False,1.0,/DATACENTER3/zhenxiang.wang/work/TailGuardKV/.worktrees/baseline-smoke-final-aggregation/out/full_25session_baseline_9_14/full/policy_attempts/tight_budget_preflight_20260916_h2o_static_safe/seed20260906/config.yaml,,,,,0.05,True,,0.05,,0,False,kivi_4bit_residual64,True,,balanced_two_gpu,1,persistent,29353.396248072386,30777,33440.367879811674,,469.6015625,59.18212890625,4.592041015625,4.592041015625,1.792724609375,2082.1414559613913,unknown,True,,True,,False,,15243.1875,True,uncalibrated_dynamic,False,0.03418803418803419,0.03418803418803419,kivi_4bit_residual64,0.03418803418803419,,risk_evidence_insufficient,0.0,uncalibrated_dynamic,0.0,,,,hybrid-session-020-turn-2,4.592041015625,2.79931640625,4.592041015625,0.0,0.3418803418803419,/DATACENTER3/zhenxiang.wang/work/TailGuardKV/.worktrees/baseline-smoke-final-aggregation/out/full_25session_baseline_9_14/full/policy_attempts/tight_budget_preflight_20260916_h2o_static_safe/seed20260906,False,point_prediction_eligible,hybrid-session-020,qa,201.16180693730712,2,risk_evidence_insufficient,20260906
kivi_4bit_residual64,13.0,0.1,False,False,online_qwen,False,8.0,/DATACENTER3/zhenxiang.wang/work/TailGuardKV/.worktrees/baseline-smoke-final-aggregation/out/full_25session_baseline_9_14/full/policy_attempts/tight_budget_preflight_20260916_h2o_static_safe/seed20260906/config.yaml,,,,,0.05,True,,0.05,,0,False,kivi_4bit_residual64,True,,balanced_two_gpu,1,persistent,29353.396248072386,30777,33440.367879811674,,469.6015625,61.154296875,4.950927734375,4.950927734375,1.97216796875,2127.799289068207,unknown,True,,True,,False,,15253.3935546875,True,uncalibrated_dynamic,False,0.0,0.0,kivi_4bit_residual64,0.0,,risk_evidence_insufficient,0.0,uncalibrated_dynamic,0.0,,,,hybrid-session-021-turn-2,4.950927734375,2.978759765625,4.950927734375,0.0,0.0,/DATACENTER3/zhenxiang.wang/work/TailGuardKV/.worktrees/baseline-smoke-final-aggregation/out/full_25session_baseline_9_14/full/policy_attempts/tight_budget_preflight_20260916_h2o_static_safe/seed20260906,True,point_prediction_eligible,hybrid-session-021,summary,204.9112708773464,2,risk_evidence_insufficient,20260906
kivi_4bit_residual64,13.0,0.1,False,False,online_qwen,False,8.0,/DATACENTER3/zhenxiang.wang/work/TailGuardKV/.worktrees/baseline-smoke-final-aggregation/out/full_25session_baseline_9_14/full/policy_attempts/tight_budget_preflight_20260916_h2o_static_safe/seed20260906/config.yaml,,,,,0.05,True,,0.05,,0,False,kivi_4bit_residual64,True,,balanced_two_gpu,1,persistent,29353.396248072386,30777,33440.367879811674,,469.6015625,63.165771484375,5.292724609375,5.292724609375,2.011474609375,2619.6298950817436,unknown,True,,True,,False,,15251.8046875,True,uncalibrated_dynamic,False,0.0,0.0,kivi_4bit_residual64,0.0,,risk_evidence_insufficient,0.0,uncalibrated_dynamic,0.0,,,,hybrid-session-025-turn-2,5.292724609375,3.28125,5.292724609375,0.0,0.0,/DATACENTER3/zhenxiang.wang/work/TailGuardKV/.worktrees/baseline-smoke-final-aggregation/out/full_25session_baseline_9_14/full/policy_attempts/tight_budget_preflight_20260916_h2o_static_safe/seed20260906,True,point_prediction_eligible,hybrid-session-025,summary,202.797758160159,2,risk_evidence_insufficient,20260906
kivi_4bit_residual64,13.0,0.1,False,False,online_qwen,False,1.0,/DATACENTER3/zhenxiang.wang/work/TailGuardKV/.worktrees/baseline-smoke-final-aggregation/out/full_25session_baseline_9_14/full/policy_attempts/tight_budget_preflight_20260916_h2o_static_safe/seed20260906/config.yaml,,,,,0.05,True,,0.05,,0,False,kivi_4bit_residual64,True,,balanced_two_gpu,1,persistent,29353.396248072386,30777,33440.367879811674,,469.6015625,65.209716796875,5.094482421875,5.094482421875,2.0439453125,2594.3946500774473,unknown,True,,True,,False,,15260.15673828125,True,uncalibrated_dynamic,False,0.03418803418803419,0.03418803418803419,kivi_4bit_residual64,0.03418803418803419,,risk_evidence_insufficient,0.0,uncalibrated_dynamic,0.0,,,,hybrid-session-026-turn-2,5.094482421875,3.050537109375,5.094482421875,0.0,0.3418803418803419,/DATACENTER3/zhenxiang.wang/work/TailGuardKV/.worktrees/baseline-smoke-final-aggregation/out/full_25session_baseline_9_14/full/policy_attempts/tight_budget_preflight_20260916_h2o_static_safe/seed20260906,False,point_prediction_eligible,hybrid-session-026,qa,227.4013499263674,2,risk_evidence_insufficient,20260906
kivi_4bit_residual64,13.0,0.1,False,False,online_qwen,False,8.0,/DATACENTER3/zhenxiang.wang/work/TailGuardKV/.worktrees/baseline-smoke-final-aggregation/out/full_25session_baseline_9_14/full/policy_attempts/tight_budget_preflight_20260916_h2o_static_safe/seed20260906/config.yaml,,,,,0.05,True,,0.05,,0,False,kivi_4bit_residual64,True,,balanced_two_gpu,1,persistent,29353.396248072386,30777,33440.367879811674,,469.6015625,66.82470703125,6.20703125,6.20703125,1.614990234375,2655.995330074802,unknown,True,,True,,False,,15144.7421875,True,uncalibrated_dynamic,False,0.0,0.0,kivi_4bit_residual64,0.0,,risk_evidence_insufficient,0.0,uncalibrated_dynamic,0.0,,,,hybrid-session-002-turn-3,6.20703125,4.592041015625,6.20703125,0.0,0.0,/DATACENTER3/zhenxiang.wang/work/TailGuardKV/.worktrees/baseline-smoke-final-aggregation/out/full_25session_baseline_9_14/full/policy_attempts/tight_budget_preflight_20260916_h2o_static_safe/seed20260906,True,point_prediction_eligible,hybrid-session-002,qa,189.78110700845718,3,risk_evidence_insufficient,20260906
kivi_4bit_residual64,13.0,0.1,False,False,online_qwen,False,8.0,/DATACENTER3/zhenxiang.wang/work/TailGuardKV/.worktrees/baseline-smoke-final-aggregation/out/full_25session_baseline_9_14/full/policy_attempts/tight_budget_preflight_20260916_h2o_static_safe/seed20260906/config.yaml,,,,,0.05,True,,0.05,,0,False,kivi_4bit_residual64,True,,balanced_two_gpu,1,persistent,29353.396248072386,30777,33440.367879811674,,469.6015625,67.20068359375,5.525146484375,5.525146484375,0.3759765625,2439.173894934356,unknown,True,,True,,False,,15143.60546875,True,uncalibrated_dynamic,False,0.0,0.0,kivi_4bit_residual64,0.0,,risk_evidence_insufficient,0.0,uncalibrated_dynamic,0.0,,,,hybrid-session-003-turn-3,5.525146484375,5.149169921875,5.525146484375,0.0,0.0,/DATACENTER3/zhenxiang.wang/work/TailGuardKV/.worktrees/baseline-smoke-final-aggregation/out/full_25session_baseline_9_14/full/policy_attempts/tight_budget_preflight_20260916_h2o_static_safe/seed20260906,True,point_prediction_eligible,hybrid-session-003,summary,213.54451682418585,3,risk_evidence_insufficient,20260906
kivi_4bit_residual64,13.0,0.1,False,False,online_qwen,False,1.0,/DATACENTER3/zhenxiang.wang/work/TailGuardKV/.worktrees/baseline-smoke-final-aggregation/out/full_25session_baseline_9_14/full/policy_attempts/tight_budget_preflight_20260916_h2o_static_safe/seed20260906/config.yaml,,,,,0.05,True,,0.05,,0,False,kivi_4bit_residual64,True,,balanced_two_gpu,1,persistent,29353.396248072386,30777,33440.367879811674,,469.6015625,68.815673828125,6.386474609375,6.386474609375,1.614990234375,2593.551264842972,unknown,True,,True,,False,,15146.689453125,True,uncalibrated_dynamic,False,0.03418803418803419,0.03418803418803419,kivi_4bit_residual64,0.03418803418803419,,risk_evidence_insufficient,0.0,uncalibrated_dynamic,0.0,,,,hybrid-session-004-turn-3,6.386474609375,4.771484375,6.386474609375,0.0,0.3418803418803419,/DATACENTER3/zhenxiang.wang/work/TailGuardKV/.worktrees/baseline-smoke-final-aggregation/out/full_25session_baseline_9_14/full/policy_attempts/tight_budget_preflight_20260916_h2o_static_safe/seed20260906,False,point_prediction_eligible,hybrid-session-004,qa,175.5078739952296,3,risk_evidence_insufficient,20260906
kivi_4bit_residual64,13.0,0.1,False,False,online_qwen,False,8.0,/DATACENTER3/zhenxiang.wang/work/TailGuardKV/.worktrees/baseline-smoke-final-aggregation/out/full_25session_baseline_9_14/full/policy_attempts/tight_budget_preflight_20260916_h2o_static_safe/seed20260906/config.yaml,,,,,0.05,True,,0.05,,0,False,kivi_4bit_residual64,True,,balanced_two_gpu,1,persistent,29353.396248072386,30777,33440.367879811674,,469.6015625,70.394775390625,6.099365234375,6.099365234375,1.5791015625,2632.223938126117,unknown,True,,True,,False,,15146.791015625,True,uncalibrated_dynamic,False,0.0,0.0,kivi_4bit_residual64,0.0,,risk_evidence_insufficient,0.0,uncalibrated_dynamic,0.0,,,,hybrid-session-005-turn-3,6.099365234375,4.520263671875,6.099365234375,0.0,0.0,/DATACENTER3/zhenxiang.wang/work/TailGuardKV/.worktrees/baseline-smoke-final-aggregation/out/full_25session_baseline_9_14/full/policy_attempts/tight_budget_preflight_20260916_h2o_static_safe/seed20260906,True,point_prediction_eligible,hybrid-session-005,summary,173.38224803097546,3,risk_evidence_insufficient,20260906
kivi_4bit_residual64,13.0,0.1,False,False,online_qwen,False,8.0,/DATACENTER3/zhenxiang.wang/work/TailGuardKV/.worktrees/baseline-smoke-final-aggregation/out/full_25session_baseline_9_14/full/policy_attempts/tight_budget_preflight_20260916_h2o_static_safe/seed20260906/config.yaml,,,,,0.05,True,,0.05,,0,False,kivi_4bit_residual64,True,,balanced_two_gpu,1,persistent,29353.396248072386,30777,33440.367879811674,,469.6015625,70.806640625,6.475341796875,6.475341796875,0.411865234375,2606.0297701042145,unknown,True,,True,,False,,15148.673828125,True,uncalibrated_dynamic,False,0.0,0.0,kivi_4bit_residual64,0.0,,risk_evidence_insufficient,0.0,uncalibrated_dynamic,0.0,,,,hybrid-session-006-turn-3,6.475341796875,6.0634765625,6.475341796875,0.0,0.0,/DATACENTER3/zhenxiang.wang/work/TailGuardKV/.worktrees/baseline-smoke-final-aggregation/out/full_25session_baseline_9_14/full/policy_attempts/tight_budget_preflight_20260916_h2o_static_safe/seed20260906,True,point_prediction_eligible,hybrid-session-006,qa,212.9179909825325,3,risk_evidence_insufficient,20260906
kivi_4bit_residual64,13.0,0.1,False,False,online_qwen,False,8.0,/DATACENTER3/zhenxiang.wang/work/TailGuardKV/.worktrees/baseline-smoke-final-aggregation/out/full_25session_baseline_9_14/full/policy_attempts/tight_budget_preflight_20260916_h2o_static_safe/seed20260906/config.yaml,,,,,0.05,True,,0.05,,0,False,kivi_4bit_residual64,True,,balanced_two_gpu,1,persistent,29353.396248072386,30777,33440.367879811674,,469.6015625,71.1826171875,5.381591796875,5.381591796875,0.3759765625,2573.547799140215,unknown,True,,True,,False,,15147.59765625,True,uncalibrated_dynamic,False,0.0,0.0,kivi_4bit_residual64,0.0,,risk_evidence_insufficient,0.0,uncalibrated_dynamic,0.0,,,,hybrid-session-009-turn-3,5.381591796875,5.005615234375,5.381591796875,0.0,0.0,/DATACENTER3/zhenxiang.wang/work/TailGuardKV/.worktrees/baseline-smoke-final-aggregation/out/full_25session_baseline_9_14/full/policy_attempts/tight_budget_preflight_20260916_h2o_static_safe/seed20260906,True,point_prediction_eligible,hybrid-session-009,summary,204.66698915697634,3,risk_evidence_insufficient,20260906
kivi_4bit_residual64,13.0,0.1,False,False,online_qwen,False,8.0,/DATACENTER3/zhenxiang.wang/work/TailGuardKV/.worktrees/baseline-smoke-final-aggregation/out/full_25session_baseline_9_14/full/policy_attempts/tight_budget_preflight_20260916_h2o_static_safe/seed20260906/config.yaml,,,,,0.05,True,,0.05,,0,False,kivi_4bit_residual64,True,,balanced_two_gpu,1,persistent,29353.396248072386,30777,33440.367879811674,,469.6015625,71.594482421875,5.84814453125,5.84814453125,0.411865234375,2589.9895899929106,unknown,True,,True,,False,,15149.47265625,True,uncalibrated_dynamic,False,0.0,0.0,kivi_4bit_residual64,0.0,,risk_evidence_insufficient,0.0,uncalibrated_dynamic,0.0,,,,hybrid-session-010-turn-3,5.84814453125,5.436279296875,5.84814453125,0.0,0.0,/DATACENTER3/zhenxiang.wang/work/TailGuardKV/.worktrees/baseline-smoke-final-aggregation/out/full_25session_baseline_9_14/full/policy_attempts/tight_budget_preflight_20260916_h2o_static_safe/seed20260906,True,point_prediction_eligible,hybrid-session-010,qa,202.85486103966832,3,risk_evidence_insufficient,20260906
kivi_4bit_residual64,13.0,0.1,False,False,online_qwen,False,8.0,/DATACENTER3/zhenxiang.wang/work/TailGuardKV/.worktrees/baseline-smoke-final-aggregation/out/full_25session_baseline_9_14/full/policy_attempts/tight_budget_preflight_20260916_h2o_static_safe/seed20260906/config.yaml,,,,,0.05,True,,0.05,,0,False,kivi_4bit_residual64,True,,balanced_two_gpu,1,persistent,29353.396248072386,30777,33440.367879811674,,469.6015625,71.970458984375,5.56103515625,5.56103515625,0.3759765625,2633.0428060609847,unknown,True,,True,,False,,15148.37109375,True,uncalibrated_dynamic,False,0.0,0.0,kivi_4bit_residual64,0.0,,risk_evidence_insufficient,0.0,uncalibrated_dynamic,0.0,,,,hybrid-session-013-turn-3,5.56103515625,5.18505859375,5.56103515625,0.0,0.0,/DATACENTER3/zhenxiang.wang/work/TailGuardKV/.worktrees/baseline-smoke-final-aggregation/out/full_25session_baseline_9_14/full/policy_attempts/tight_budget_preflight_20260916_h2o_static_safe/seed20260906,True,point_prediction_eligible,hybrid-session-013,summary,217.54234400577843,3,risk_evidence_insufficient,20260906
kivi_4bit_residual64,13.0,0.1,False,False,online_qwen,False,8.0,/DATACENTER3/zhenxiang.wang/work/TailGuardKV/.worktrees/baseline-smoke-final-aggregation/out/full_25session_baseline_9_14/full/policy_attempts/tight_budget_preflight_20260916_h2o_static_safe/seed20260906/config.yaml,,,,,0.05,True,,0.05,,0,False,kivi_4bit_residual64,True,,balanced_two_gpu,1,persistent,29353.396248072386,30777,33440.367879811674,,469.6015625,73.58544921875,6.171142578125,6.171142578125,1.614990234375,2565.5243860092014,unknown,True,,True,,False,,15151.431640625,True,uncalibrated_dynamic,False,0.0,0.0,kivi_4bit_residual64,0.0,,risk_evidence_insufficient,0.0,uncalibrated_dynamic,0.0,,,,hybrid-session-016-turn-3,6.171142578125,4.55615234375,6.171142578125,0.0,0.0,/DATACENTER3/zhenxiang.wang/work/TailGuardKV/.worktrees/baseline-smoke-final-aggregation/out/full_25session_baseline_9_14/full/policy_attempts/tight_budget_preflight_20260916_h2o_static_safe/seed20260906,True,point_prediction_eligible,hybrid-session-016,qa,173.0634339619428,3,risk_evidence_insufficient,20260906
kivi_4bit_residual64,13.0,0.1,False,False,online_qwen,False,8.0,/DATACENTER3/zhenxiang.wang/work/TailGuardKV/.worktrees/baseline-smoke-final-aggregation/out/full_25session_baseline_9_14/full/policy_attempts/tight_budget_preflight_20260916_h2o_static_safe/seed20260906/config.yaml,,,,,0.05,True,,0.05,,0,False,kivi_4bit_residual64,True,,balanced_two_gpu,1,persistent,29353.396248072386,30777,33440.367879811674,,469.6015625,75.200439453125,6.20703125,6.20703125,1.614990234375,2625.498594949022,unknown,True,,True,,False,,15153.041015625,True,uncalibrated_dynamic,False,0.0,0.0,kivi_4bit_residual64,0.0,,risk_evidence_insufficient,0.0,uncalibrated_dynamic,0.0,,,,hybrid-session-020-turn-3,6.20703125,4.592041015625,6.20703125,0.0,0.0,/DATACENTER3/zhenxiang.wang/work/TailGuardKV/.worktrees/baseline-smoke-final-aggregation/out/full_25session_baseline_9_14/full/policy_attempts/tight_budget_preflight_20260916_h2o_static_safe/seed20260906,True,point_prediction_eligible,hybrid-session-020,qa,171.33830906823277,3,risk_evidence_insufficient,20260906
kivi_4bit_residual64,13.0,0.1,False,False,online_qwen,False,8.0,/DATACENTER3/zhenxiang.wang/work/TailGuardKV/.worktrees/baseline-smoke-final-aggregation/out/full_25session_baseline_9_14/full/policy_attempts/tight_budget_preflight_20260916_h2o_static_safe/seed20260906/config.yaml,,,,,0.05,True,,0.05,,0,False,kivi_4bit_residual64,True,,balanced_two_gpu,1,persistent,29353.396248072386,30777,33440.367879811674,,469.6015625,76.779541015625,6.530029296875,6.530029296875,1.5791015625,2517.887134104967,unknown,True,,True,,False,,15153.134765625,True,uncalibrated_dynamic,False,0.0,0.0,kivi_4bit_residual64,0.0,,risk_evidence_insufficient,0.0,uncalibrated_dynamic,0.0,,,,hybrid-session-021-turn-3,6.530029296875,4.950927734375,6.530029296875,0.0,0.0,/DATACENTER3/zhenxiang.wang/work/TailGuardKV/.worktrees/baseline-smoke-final-aggregation/out/full_25session_baseline_9_14/full/policy_attempts/tight_budget_preflight_20260916_h2o_static_safe/seed20260906,True,point_prediction_eligible,hybrid-session-021,summary,175.3790620714426,3,risk_evidence_insufficient,20260906
kivi_4bit_residual64,13.0,0.1,False,False,online_qwen,False,8.0,/DATACENTER3/zhenxiang.wang/work/TailGuardKV/.worktrees/baseline-smoke-final-aggregation/out/full_25session_baseline_9_14/full/policy_attempts/tight_budget_preflight_20260916_h2o_static_safe/seed20260906/config.yaml,,,,,0.05,True,,0.05,,0,False,kivi_4bit_residual64,True,,balanced_two_gpu,1,persistent,29353.396248072386,30777,33440.367879811674,,469.6015625,77.155517578125,5.668701171875,5.668701171875,0.3759765625,2077.156924875453,unknown,True,,True,,False,,15153.517578125,True,uncalibrated_dynamic,False,0.0,0.0,kivi_4bit_residual64,0.0,,risk_evidence_insufficient,0.0,uncalibrated_dynamic,0.0,,,,hybrid-session-025-turn-3,5.668701171875,5.292724609375,5.668701171875,0.0,0.0,/DATACENTER3/zhenxiang.wang/work/TailGuardKV/.worktrees/baseline-smoke-final-aggregation/out/full_25session_baseline_9_14/full/policy_attempts/tight_budget_preflight_20260916_h2o_static_safe/seed20260906,True,point_prediction_eligible,hybrid-session-025,summary,171.73229693435133,3,risk_evidence_insufficient,20260906
kivi_4bit_residual64,13.0,0.1,False,False,online_qwen,False,1.0,/DATACENTER3/zhenxiang.wang/work/TailGuardKV/.worktrees/baseline-smoke-final-aggregation/out/full_25session_baseline_9_14/full/policy_attempts/tight_budget_preflight_20260916_h2o_static_safe/seed20260906/config.yaml,,,,,0.05,True,,0.05,,0,False,kivi_4bit_residual64,True,,balanced_two_gpu,1,persistent,29353.396248072386,30777,33440.367879811674,,469.6015625,78.7705078125,6.70947265625,6.70947265625,1.614990234375,2624.0123838651925,unknown,True,,True,,False,,15156.568359375,True,uncalibrated_dynamic,False,0.03418803418803419,0.03418803418803419,kivi_4bit_residual64,0.03418803418803419,,risk_evidence_insufficient,0.0,uncalibrated_dynamic,0.0,,,,hybrid-session-026-turn-3,6.70947265625,5.094482421875,6.70947265625,0.0,0.3418803418803419,/DATACENTER3/zhenxiang.wang/work/TailGuardKV/.worktrees/baseline-smoke-final-aggregation/out/full_25session_baseline_9_14/full/policy_attempts/tight_budget_preflight_20260916_h2o_static_safe/seed20260906,False,point_prediction_eligible,hybrid-session-026,qa,184.46445907466114,3,risk_evidence_insufficient,20260906
kivi_4bit_residual64,13.0,0.1,False,False,online_qwen,False,8.0,/DATACENTER3/zhenxiang.wang/work/TailGuardKV/.worktrees/baseline-smoke-final-aggregation/out/full_25session_baseline_9_14/full/policy_attempts/tight_budget_preflight_20260916_h2o_static_safe/seed20260906/config.yaml,,,,,0.05,True,,0.05,,0,False,kivi_4bit_residual64,True,,balanced_two_gpu,1,persistent,29353.396248072386,30777,33440.367879811674,,469.6015625,79.0029296875,6.439453125,6.439453125,0.232421875,2639.5920841023326,unknown,True,,True,,False,,15149.53125,True,uncalibrated_dynamic,False,0.0,0.0,kivi_4bit_residual64,0.0,,risk_evidence_insufficient,0.0,uncalibrated_dynamic,0.0,,,,hybrid-session-002-turn-4,6.439453125,6.20703125,6.439453125,0.0,0.0,/DATACENTER3/zhenxiang.wang/work/TailGuardKV/.worktrees/baseline-smoke-final-aggregation/out/full_25session_baseline_9_14/full/policy_attempts/tight_budget_preflight_20260916_h2o_static_safe/seed20260906,True,point_prediction_eligible,hybrid-session-002,qa,219.8962289839983,4,risk_evidence_insufficient,20260906
kivi_4bit_residual64,13.0,0.1,False,False,online_qwen,False,8.0,/DATACENTER3/zhenxiang.wang/work/TailGuardKV/.worktrees/baseline-smoke-final-aggregation/out/full_25session_baseline_9_14/full/policy_attempts/tight_budget_preflight_20260916_h2o_static_safe/seed20260906/config.yaml,,,,,0.05,True,,0.05,,0,False,kivi_4bit_residual64,True,,balanced_two_gpu,1,persistent,29353.396248072386,30777,33440.367879811674,,469.6015625,79.2353515625,5.757568359375,5.757568359375,0.232421875,2508.690922986716,unknown,True,,True,,False,,15150.970703125,True,uncalibrated_dynamic,False,0.0,0.0,kivi_4bit_residual64,0.0,,risk_evidence_insufficient,0.0,uncalibrated_dynamic,0.0,,,,hybrid-session-003-turn-4,5.757568359375,5.525146484375,5.757568359375,0.0,0.0,/DATACENTER3/zhenxiang.wang/work/TailGuardKV/.worktrees/baseline-smoke-final-aggregation/out/full_25session_baseline_9_14/full/policy_attempts/tight_budget_preflight_20260916_h2o_static_safe/seed20260906,True,point_prediction_eligible,hybrid-session-003,summary,174.0567188244313,4,risk_evidence_insufficient,20260906
kivi_4bit_residual64,13.0,0.1,False,False,online_qwen,False,8.0,/DATACENTER3/zhenxiang.wang/work/TailGuardKV/.worktrees/baseline-smoke-final-aggregation/out/full_25session_baseline_9_14/full/policy_attempts/tight_budget_preflight_20260916_h2o_static_safe/seed20260906/config.yaml,,,,,0.05,True,,0.05,,0,False,kivi_4bit_residual64,True,,balanced_two_gpu,1,persistent,29353.396248072386,30777,33440.367879811674,,469.6015625,79.4677734375,6.618896484375,6.618896484375,0.232421875,2628.2676700502634,unknown,True,,True,,False,,15149.98828125,True,uncalibrated_dynamic,False,0.0,0.0,kivi_4bit_residual64,0.0,,risk_evidence_insufficient,0.0,uncalibrated_dynamic,0.0,,,,hybrid-session-004-turn-4,6.618896484375,6.386474609375,6.618896484375,0.0,0.0,/DATACENTER3/zhenxiang.wang/work/TailGuardKV/.worktrees/baseline-smoke-final-aggregation/out/full_25session_baseline_9_14/full/policy_attempts/tight_budget_preflight_20260916_h2o_static_safe/seed20260906,True,point_prediction_eligible,hybrid-session-004,qa,207.7017379924655,4,risk_evidence_insufficient,20260906
kivi_4bit_residual64,13.0,0.1,False,False,online_qwen,False,8.0,/DATACENTER3/zhenxiang.wang/work/TailGuardKV/.worktrees/baseline-smoke-final-aggregation/out/full_25session_baseline_9_14/full/policy_attempts/tight_budget_preflight_20260916_h2o_static_safe/seed20260906/config.yaml,,,,,0.05,True,,0.05,,0,False,kivi_4bit_residual64,True,,balanced_two_gpu,1,persistent,29353.396248072386,30777,33440.367879811674,,469.6015625,79.7001953125,6.331787109375,6.331787109375,0.232421875,2644.700678065419,unknown,True,,True,,False,,15150.234375,True,uncalibrated_dynamic,False,0.0,0.0,kivi_4bit_residual64,0.0,,risk_evidence_insufficient,0.0,uncalibrated_dynamic,0.0,,,,hybrid-session-005-turn-4,6.331787109375,6.099365234375,6.331787109375,0.0,0.0,/DATACENTER3/zhenxiang.wang/work/TailGuardKV/.worktrees/baseline-smoke-final-aggregation/out/full_25session_baseline_9_14/full/policy_attempts/tight_budget_preflight_20260916_h2o_static_safe/seed20260906,True,point_prediction_eligible,hybrid-session-005,summary,216.07994590885937,4,risk_evidence_insufficient,20260906
kivi_4bit_residual64,13.0,0.1,False,False,online_qwen,False,8.0,/DATACENTER3/zhenxiang.wang/work/TailGuardKV/.worktrees/baseline-smoke-final-aggregation/out/full_25session_baseline_9_14/full/policy_attempts/tight_budget_preflight_20260916_h2o_static_safe/seed20260906/config.yaml,,,,,0.05,True,,0.05,,0,False,kivi_4bit_residual64,True,,balanced_two_gpu,1,persistent,29353.396248072386,30777,33440.367879811674,,469.6015625,79.9326171875,6.707763671875,6.707763671875,0.232421875,2554.6544000972062,unknown,True,,True,,False,,15151.68359375,True,uncalibrated_dynamic,False,0.0,0.0,kivi_4bit_residual64,0.0,,risk_evidence_insufficient,0.0,uncalibrated_dynamic,0.0,,,,hybrid-session-006-turn-4,6.707763671875,6.475341796875,6.707763671875,0.0,0.0,/DATACENTER3/zhenxiang.wang/work/TailGuardKV/.worktrees/baseline-smoke-final-aggregation/out/full_25session_baseline_9_14/full/policy_attempts/tight_budget_preflight_20260916_h2o_static_safe/seed20260906,True,point_prediction_eligible,hybrid-session-006,qa,171.44264210946858,4,risk_evidence_insufficient,20260906
kivi_4bit_residual64,13.0,0.1,True,False,online_qwen,False,8.0,/DATACENTER3/zhenxiang.wang/work/TailGuardKV/.worktrees/baseline-smoke-final-aggregation/out/full_25session_baseline_9_14/full/policy_attempts/tight_budget_preflight_20260916_h2o_static_safe/seed20260906/config.yaml,,,,,0.05,True,,0.05,,0,False,kivi_4bit_residual64,True,,balanced_two_gpu,1,persistent,29353.396248072386,30777,33440.367879811674,,469.6015625,80.1650390625,5.614013671875,5.614013671875,0.232421875,2658.068294869736,unknown,True,,True,,False,,15151.927734375,True,uncalibrated_dynamic,False,0.0,0.0,kivi_4bit_residual64,0.0,,risk_evidence_insufficient,0.0,uncalibrated_dynamic,0.0,,,,hybrid-session-009-turn-4,5.614013671875,5.381591796875,5.614013671875,0.0,0.0,/DATACENTER3/zhenxiang.wang/work/TailGuardKV/.worktrees/baseline-smoke-final-aggregation/out/full_25session_baseline_9_14/full/policy_attempts/tight_budget_preflight_20260916_h2o_static_safe/seed20260906,True,point_prediction_eligible,hybrid-session-009,summary,180.3899419028312,4,risk_evidence_insufficient,20260906
kivi_4bit_residual64,13.0,0.1,False,False,online_qwen,False,8.0,/DATACENTER3/zhenxiang.wang/work/TailGuardKV/.worktrees/baseline-smoke-final-aggregation/out/full_25session_baseline_9_14/full/policy_attempts/tight_budget_preflight_20260916_h2o_static_safe/seed20260906/config.yaml,,,,,0.05,True,,0.05,,0,False,kivi_4bit_residual64,True,,balanced_two_gpu,1,persistent,29353.396248072386,30777,33440.367879811674,,469.6015625,80.3974609375,6.08056640625,6.08056640625,0.232421875,2583.310232963413,unknown,True,,True,,False,,15152.1357421875,True,uncalibrated_dynamic,False,0.0,0.0,kivi_4bit_residual64,0.0,,risk_evidence_insufficient,0.0,uncalibrated_dynamic,0.0,,,,hybrid-session-010-turn-4,6.08056640625,5.84814453125,6.08056640625,0.0,0.0,/DATACENTER3/zhenxiang.wang/work/TailGuardKV/.worktrees/baseline-smoke-final-aggregation/out/full_25session_baseline_9_14/full/policy_attempts/tight_budget_preflight_20260916_h2o_static_safe/seed20260906,True,point_prediction_eligible,hybrid-session-010,qa,189.28958312608302,4,risk_evidence_insufficient,20260906
kivi_4bit_residual64,13.0,0.1,True,False,online_qwen,False,8.0,/DATACENTER3/zhenxiang.wang/work/TailGuardKV/.worktrees/baseline-smoke-final-aggregation/out/full_25session_baseline_9_14/full/policy_attempts/tight_budget_preflight_20260916_h2o_static_safe/seed20260906/config.yaml,,,,,0.05,True,,0.05,,0,False,kivi_4bit_residual64,True,,balanced_two_gpu,1,persistent,29353.396248072386,30777,33440.367879811674,,469.6015625,80.6298828125,5.79345703125,5.79345703125,0.232421875,2433.7228380609304,unknown,True,,True,,False,,15152.400390625,True,uncalibrated_dynamic,False,0.0,0.0,kivi_4bit_residual64,0.0,,risk_evidence_insufficient,0.0,uncalibrated_dynamic,0.0,,,,hybrid-session-013-turn-4,5.79345703125,5.56103515625,5.79345703125,0.0,0.0,/DATACENTER3/zhenxiang.wang/work/TailGuardKV/.worktrees/baseline-smoke-final-aggregation/out/full_25session_baseline_9_14/full/policy_attempts/tight_budget_preflight_20260916_h2o_static_safe/seed20260906,True,point_prediction_eligible,hybrid-session-013,summary,176.34439701214433,4,risk_evidence_insufficient,20260906
kivi_4bit_residual64,13.0,0.1,False,False,online_qwen,False,8.0,/DATACENTER3/zhenxiang.wang/work/TailGuardKV/.worktrees/baseline-smoke-final-aggregation/out/full_25session_baseline_9_14/full/policy_attempts/tight_budget_preflight_20260916_h2o_static_safe/seed20260906/config.yaml,,,,,0.05,True,,0.05,,0,False,kivi_4bit_residual64,True,,balanced_two_gpu,1,persistent,29353.396248072386,30777,33440.367879811674,,469.6015625,80.8623046875,6.403564453125,6.403564453125,0.232421875,2359.470769064501,unknown,True,,True,,False,,15151.4375,True,uncalibrated_dynamic,False,0.0,0.0,kivi_4bit_residual64,0.0,,risk_evidence_insufficient,0.0,uncalibrated_dynamic,0.0,,,,hybrid-session-016-turn-4,6.403564453125,6.171142578125,6.403564453125,0.0,0.0,/DATACENTER3/zhenxiang.wang/work/TailGuardKV/.worktrees/baseline-smoke-final-aggregation/out/full_25session_baseline_9_14/full/policy_attempts/tight_budget_preflight_20260916_h2o_static_safe/seed20260906,True,point_prediction_eligible,hybrid-session-016,qa,213.1771151907742,4,risk_evidence_insufficient,20260906
kivi_4bit_residual64,13.0,0.1,False,False,online_qwen,False,8.0,/DATACENTER3/zhenxiang.wang/work/TailGuardKV/.worktrees/baseline-smoke-final-aggregation/out/full_25session_baseline_9_14/full/policy_attempts/tight_budget_preflight_20260916_h2o_static_safe/seed20260906/config.yaml,,,,,0.05,True,,0.05,,0,False,kivi_4bit_residual64,True,,balanced_two_gpu,1,persistent,29353.396248072386,30777,33440.367879811674,,469.6015625,81.0947265625,6.439453125,6.439453125,0.232421875,2575.010285945609,unknown,True,,True,,False,,15151.69140625,True,uncalibrated_dynamic,False,0.0,0.0,kivi_4bit_residual64,0.0,,risk_evidence_insufficient,0.0,uncalibrated_dynamic,0.0,,,,hybrid-session-020-turn-4,6.439453125,6.20703125,6.439453125,0.0,0.0,/DATACENTER3/zhenxiang.wang/work/TailGuardKV/.worktrees/baseline-smoke-final-aggregation/out/full_25session_baseline_9_14/full/policy_attempts/tight_budget_preflight_20260916_h2o_static_safe/seed20260906,True,point_prediction_eligible,hybrid-session-020,qa,202.61675911024213,4,risk_evidence_insufficient,20260906
kivi_4bit_residual64,13.0,0.1,False,False,online_qwen,False,8.0,/DATACENTER3/zhenxiang.wang/work/TailGuardKV/.worktrees/baseline-smoke-final-aggregation/out/full_25session_baseline_9_14/full/policy_attempts/tight_budget_preflight_20260916_h2o_static_safe/seed20260906/config.yaml,,,,,0.05,True,,0.05,,0,False,kivi_4bit_residual64,True,,balanced_two_gpu,1,persistent,29353.396248072386,30777,33440.367879811674,,469.6015625,81.3271484375,6.762451171875,6.762451171875,0.232421875,2642.6029938738793,unknown,True,,True,,False,,15151.9296875,True,uncalibrated_dynamic,False,0.0,0.0,kivi_4bit_residual64,0.0,,risk_evidence_insufficient,0.0,uncalibrated_dynamic,0.0,,,,hybrid-session-021-turn-4,6.762451171875,6.530029296875,6.762451171875,0.0,0.0,/DATACENTER3/zhenxiang.wang/work/TailGuardKV/.worktrees/baseline-smoke-final-aggregation/out/full_25session_baseline_9_14/full/policy_attempts/tight_budget_preflight_20260916_h2o_static_safe/seed20260906,True,point_prediction_eligible,hybrid-session-021,summary,213.9525250531733,4,risk_evidence_insufficient,20260906
kivi_4bit_residual64,13.0,0.1,False,False,online_qwen,False,8.0,/DATACENTER3/zhenxiang.wang/work/TailGuardKV/.worktrees/baseline-smoke-final-aggregation/out/full_25session_baseline_9_14/full/policy_attempts/tight_budget_preflight_20260916_h2o_static_safe/seed20260906/config.yaml,,,,,0.05,True,,0.05,,0,False,kivi_4bit_residual64,True,,balanced_two_gpu,1,persistent,29353.396248072386,30777,33440.367879811674,,469.6015625,81.5595703125,5.901123046875,5.901123046875,0.232421875,2432.3101530317217,unknown,True,,True,,False,,15153.349609375,True,uncalibrated_dynamic,False,0.0,0.0,kivi_4bit_residual64,0.0,,risk_evidence_insufficient,0.0,uncalibrated_dynamic,0.0,,,,hybrid-session-025-turn-4,5.901123046875,5.668701171875,5.901123046875,0.0,0.0,/DATACENTER3/zhenxiang.wang/work/TailGuardKV/.worktrees/baseline-smoke-final-aggregation/out/full_25session_baseline_9_14/full/policy_attempts/tight_budget_preflight_20260916_h2o_static_safe/seed20260906,True,point_prediction_eligible,hybrid-session-025,summary,175.96713500097394,4,risk_evidence_insufficient,20260906
kivi_4bit_residual64,13.0,0.1,False,False,online_qwen,False,1.0,/DATACENTER3/zhenxiang.wang/work/TailGuardKV/.worktrees/baseline-smoke-final-aggregation/out/full_25session_baseline_9_14/full/policy_attempts/tight_budget_preflight_20260916_h2o_static_safe/seed20260906/config.yaml,,,,,0.05,True,,0.05,,0,False,kivi_4bit_residual64,True,,balanced_two_gpu,1,persistent,29353.396248072386,30777,33440.367879811674,,469.6015625,81.7919921875,6.94189453125,6.94189453125,0.232421875,2425.011466955766,unknown,True,,True,,False,,15152.40234375,True,uncalibrated_dynamic,False,0.03418803418803419,0.03418803418803419,kivi_4bit_residual64,0.03418803418803419,,risk_evidence_insufficient,0.0,uncalibrated_dynamic,0.0,,,,hybrid-session-026-turn-4,6.94189453125,6.70947265625,6.94189453125,0.0,0.3418803418803419,/DATACENTER3/zhenxiang.wang/work/TailGuardKV/.worktrees/baseline-smoke-final-aggregation/out/full_25session_baseline_9_14/full/policy_attempts/tight_budget_preflight_20260916_h2o_static_safe/seed20260906,False,point_prediction_eligible,hybrid-session-026,qa,202.3035390302539,4,risk_evidence_insufficient,20260906
