action_profile,active_session_count,audit_rate,audit_selected,backend_budget_hit,backend_name,budget_hit,candidate_safe_count,config,controller_cg_ms,controller_overhead_ms,controller_qrp_ms,controller_stc_ms,delta,diagnostic_only,drift_state,epsilon,error,evicted_kv_mib,exact,fallback_reason,global_budget_mib,global_resident_kv_mib,kv_cache_memory_mib,kv_cumulative_mib,kv_incremental_mib,latency_ms,length_bucket,measured,observed_quality_loss,ok,optimality_gap,oracle,oracle_cost_ms,peak_memory_mib,placeholder,policy,policy_budget_filtered,pred_loss,predicted_quality_loss,primary_profile,quality_estimate,quality_loss,quality_status,queue_delay_ms,reason,recompute_ms,rejected_pred_loss,rejected_profile,rejected_risk_upper,request_id,resident_kv_mib_after,resident_kv_mib_before,resident_memory_mib,restore_ms,risk_upper,run_dir,safe,safety_reason,session_id,task,ttft_ms,turn_index,violation_status
full_gpu,1.0,0.1,False,False,online_qwen,False,,/DATACENTER3/zhenxiang.wang/work/TailGuardKV/.worktrees/baseline-smoke-final-aggregation/out/full_25session_baseline_9_14/full/policy_attempts/retry2_20260915/seed20260907/config.yaml,,,,,,True,,,,0,True,,469.6015625,1.203125,1.203125,1.203125,1.203125,40684.523064136505,unknown,True,,True,,False,,15045.50732421875,False,full_lru,False,,,full_gpu,,,risk_evidence_insufficient,0.0,full precision exact profile,0.0,,,,hybrid-session-000-turn-0,1.203125,0.0,1.203125,0.0,,/DATACENTER3/zhenxiang.wang/work/TailGuardKV/.worktrees/baseline-smoke-final-aggregation/out/full_25session_baseline_9_14/full/policy_attempts/retry2_20260915/seed20260907,,,hybrid-session-000,chat,39582.733993144706,0,risk_evidence_insufficient
full_gpu,2.0,0.1,False,False,online_qwen,False,,/DATACENTER3/zhenxiang.wang/work/TailGuardKV/.worktrees/baseline-smoke-final-aggregation/out/full_25session_baseline_9_14/full/policy_attempts/retry2_20260915/seed20260907/config.yaml,,,,,,True,,,,0,True,,469.6015625,3.28125,2.078125,2.078125,2.078125,1180.1977190189064,unknown,True,,True,,False,,15071.74462890625,False,full_lru,False,,,full_gpu,,,risk_evidence_insufficient,0.0,full precision exact profile,0.0,,,,hybrid-session-002-turn-0,2.078125,0.0,2.078125,0.0,,/DATACENTER3/zhenxiang.wang/work/TailGuardKV/.worktrees/baseline-smoke-final-aggregation/out/full_25session_baseline_9_14/full/policy_attempts/retry2_20260915/seed20260907,,,hybrid-session-002,chat,76.83011493645608,0,risk_evidence_insufficient
full_gpu,3.0,0.1,False,False,online_qwen,False,,/DATACENTER3/zhenxiang.wang/work/TailGuardKV/.worktrees/baseline-smoke-final-aggregation/out/full_25session_baseline_9_14/full/policy_attempts/retry2_20260915/seed20260907/config.yaml,,,,,,True,,,,0,True,,469.6015625,4.7578125,1.4765625,1.4765625,1.4765625,1173.9279709290713,unknown,True,,True,,False,,15056.39697265625,False,full_lru,False,,,full_gpu,,,risk_evidence_insufficient,0.0,full precision exact profile,0.0,,,,hybrid-session-003-turn-0,1.4765625,0.0,1.4765625,0.0,,/DATACENTER3/zhenxiang.wang/work/TailGuardKV/.worktrees/baseline-smoke-final-aggregation/out/full_25session_baseline_9_14/full/policy_attempts/retry2_20260915/seed20260907,,,hybrid-session-003,chat,83.4478649776429,0,risk_evidence_insufficient
full_gpu,4.0,0.1,False,False,online_qwen,False,,/DATACENTER3/zhenxiang.wang/work/TailGuardKV/.worktrees/baseline-smoke-final-aggregation/out/full_25session_baseline_9_14/full/policy_attempts/retry2_20260915/seed20260907/config.yaml,,,,,,True,,,,0,True,,469.6015625,6.015625,1.2578125,1.2578125,1.2578125,1169.9838938657194,unknown,True,,True,,False,,15051.48681640625,False,full_lru,False,,,full_gpu,,,risk_evidence_insufficient,0.0,full precision exact profile,0.0,,,,hybrid-session-007-turn-0,1.2578125,0.0,1.2578125,0.0,,/DATACENTER3/zhenxiang.wang/work/TailGuardKV/.worktrees/baseline-smoke-final-aggregation/out/full_25session_baseline_9_14/full/policy_attempts/retry2_20260915/seed20260907,,,hybrid-session-007,chat,78.20726907812059,0,risk_evidence_insufficient
full_gpu,5.0,0.1,False,False,online_qwen,False,,/DATACENTER3/zhenxiang.wang/work/TailGuardKV/.worktrees/baseline-smoke-final-aggregation/out/full_25session_baseline_9_14/full/policy_attempts/retry2_20260915/seed20260907/config.yaml,,,,,,True,,,,0,True,,469.6015625,7.6015625,1.5859375,1.5859375,1.5859375,1404.9481740221381,unknown,True,,True,,False,,15061.63525390625,False,full_lru,False,,,full_gpu,,,risk_evidence_insufficient,0.0,full precision exact profile,0.0,,,,hybrid-session-008-turn-0,1.5859375,0.0,1.5859375,0.0,,/DATACENTER3/zhenxiang.wang/work/TailGuardKV/.worktrees/baseline-smoke-final-aggregation/out/full_25session_baseline_9_14/full/policy_attempts/retry2_20260915/seed20260907,,,hybrid-session-008,chat,79.3160020839423,0,risk_evidence_insufficient
full_gpu,6.0,0.1,False,False,online_qwen,False,,/DATACENTER3/zhenxiang.wang/work/TailGuardKV/.worktrees/baseline-smoke-final-aggregation/out/full_25session_baseline_9_14/full/policy_attempts/retry2_20260915/seed20260907/config.yaml,,,,,,True,,,,0,True,,469.6015625,9.296875,1.6953125,1.6953125,1.6953125,1507.2361018974334,unknown,True,,True,,False,,15066.24462890625,False,full_lru,False,,,full_gpu,,,risk_evidence_insufficient,0.0,full precision exact profile,0.0,,,,hybrid-session-009-turn-0,1.6953125,0.0,1.6953125,0.0,,/DATACENTER3/zhenxiang.wang/work/TailGuardKV/.worktrees/baseline-smoke-final-aggregation/out/full_25session_baseline_9_14/full/policy_attempts/retry2_20260915/seed20260907,,,hybrid-session-009,chat,102.02007391490042,0,risk_evidence_insufficient
full_gpu,7.0,0.1,False,False,online_qwen,False,,/DATACENTER3/zhenxiang.wang/work/TailGuardKV/.worktrees/baseline-smoke-final-aggregation/out/full_25session_baseline_9_14/full/policy_attempts/retry2_20260915/seed20260907/config.yaml,,,,,,True,,,,0,True,,469.6015625,10.828125,1.53125,1.53125,1.53125,1524.6566799469292,unknown,True,,True,,False,,15063.63427734375,False,full_lru,False,,,full_gpu,,,risk_evidence_insufficient,0.0,full precision exact profile,0.0,,,,hybrid-session-010-turn-0,1.53125,0.0,1.53125,0.0,,/DATACENTER3/zhenxiang.wang/work/TailGuardKV/.worktrees/baseline-smoke-final-aggregation/out/full_25session_baseline_9_14/full/policy_attempts/retry2_20260915/seed20260907,,,hybrid-session-010,chat,101.29618505015969,0,risk_evidence_insufficient
full_gpu,8.0,0.1,False,False,online_qwen,False,,/DATACENTER3/zhenxiang.wang/work/TailGuardKV/.worktrees/baseline-smoke-final-aggregation/out/full_25session_baseline_9_14/full/policy_attempts/retry2_20260915/seed20260907/config.yaml,,,,,,True,,,,0,True,,469.6015625,12.8515625,2.0234375,2.0234375,2.0234375,1524.526100140065,unknown,True,,True,,False,,15078.54150390625,False,full_lru,False,,,full_gpu,,,risk_evidence_insufficient,0.0,full precision exact profile,0.0,,,,hybrid-session-011-turn-0,2.0234375,0.0,2.0234375,0.0,,/DATACENTER3/zhenxiang.wang/work/TailGuardKV/.worktrees/baseline-smoke-final-aggregation/out/full_25session_baseline_9_14/full/policy_attempts/retry2_20260915/seed20260907,,,hybrid-session-011,chat,107.81080997548997,0,risk_evidence_insufficient
full_gpu,9.0,0.1,False,False,online_qwen,False,,/DATACENTER3/zhenxiang.wang/work/TailGuardKV/.worktrees/baseline-smoke-final-aggregation/out/full_25session_baseline_9_14/full/policy_attempts/retry2_20260915/seed20260907/config.yaml,,,,,,True,,,,0,True,,469.6015625,14.65625,1.8046875,1.8046875,1.8046875,1529.0417559444904,unknown,True,,True,,False,,15074.51806640625,False,full_lru,False,,,full_gpu,,,risk_evidence_insufficient,0.0,full precision exact profile,0.0,,,,hybrid-session-013-turn-0,1.8046875,0.0,1.8046875,0.0,,/DATACENTER3/zhenxiang.wang/work/TailGuardKV/.worktrees/baseline-smoke-final-aggregation/out/full_25session_baseline_9_14/full/policy_attempts/retry2_20260915/seed20260907,,,hybrid-session-013,chat,105.5378969758749,0,risk_evidence_insufficient
full_gpu,10.0,0.1,False,False,online_qwen,False,,/DATACENTER3/zhenxiang.wang/work/TailGuardKV/.worktrees/baseline-smoke-final-aggregation/out/full_25session_baseline_9_14/full/policy_attempts/retry2_20260915/seed20260907/config.yaml,,,,,,True,,,,0,True,,469.6015625,17.28125,2.625,2.625,2.625,1175.1824559178203,unknown,True,,True,,False,,15100.71337890625,False,full_lru,False,,,full_gpu,,,risk_evidence_insufficient,0.0,full precision exact profile,0.0,,,,hybrid-session-016-turn-0,2.625,0.0,2.625,0.0,,/DATACENTER3/zhenxiang.wang/work/TailGuardKV/.worktrees/baseline-smoke-final-aggregation/out/full_25session_baseline_9_14/full/policy_attempts/retry2_20260915/seed20260907,,,hybrid-session-016,chat,84.04255495406687,0,risk_evidence_insufficient
full_gpu,11.0,0.1,False,False,online_qwen,False,,/DATACENTER3/zhenxiang.wang/work/TailGuardKV/.worktrees/baseline-smoke-final-aggregation/out/full_25session_baseline_9_14/full/policy_attempts/retry2_20260915/seed20260907/config.yaml,,,,,,True,,,,0,True,,469.6015625,19.6328125,2.3515625,2.3515625,2.3515625,1176.7150950618088,unknown,True,,True,,False,,15094.06494140625,False,full_lru,False,,,full_gpu,,,risk_evidence_insufficient,0.0,full precision exact profile,0.0,,,,hybrid-session-017-turn-0,2.3515625,0.0,2.3515625,0.0,,/DATACENTER3/zhenxiang.wang/work/TailGuardKV/.worktrees/baseline-smoke-final-aggregation/out/full_25session_baseline_9_14/full/policy_attempts/retry2_20260915/seed20260907,,,hybrid-session-017,chat,83.21813098154962,0,risk_evidence_insufficient
full_gpu,12.0,0.1,False,False,online_qwen,False,,/DATACENTER3/zhenxiang.wang/work/TailGuardKV/.worktrees/baseline-smoke-final-aggregation/out/full_25session_baseline_9_14/full/policy_attempts/retry2_20260915/seed20260907/config.yaml,,,,,,True,,,,0,True,,469.6015625,22.0390625,2.40625,2.40625,2.40625,1178.0087540391833,unknown,True,,True,,False,,15097.92822265625,False,full_lru,False,,,full_gpu,,,risk_evidence_insufficient,0.0,full precision exact profile,0.0,,,,hybrid-session-020-turn-0,2.40625,0.0,2.40625,0.0,,/DATACENTER3/zhenxiang.wang/work/TailGuardKV/.worktrees/baseline-smoke-final-aggregation/out/full_25session_baseline_9_14/full/policy_attempts/retry2_20260915/seed20260907,,,hybrid-session-020,chat,92.44977403432131,0,risk_evidence_insufficient
full_gpu,13.0,0.1,False,False,online_qwen,False,,/DATACENTER3/zhenxiang.wang/work/TailGuardKV/.worktrees/baseline-smoke-final-aggregation/out/full_25session_baseline_9_14/full/policy_attempts/retry2_20260915/seed20260907/config.yaml,,,,,,True,,,,0,True,,469.6015625,24.1171875,2.078125,2.078125,2.078125,1161.4064530003816,unknown,True,,True,,False,,15092.58056640625,False,full_lru,False,,,full_gpu,,,risk_evidence_insufficient,0.0,full precision exact profile,0.0,,,,hybrid-session-023-turn-0,2.078125,0.0,2.078125,0.0,,/DATACENTER3/zhenxiang.wang/work/TailGuardKV/.worktrees/baseline-smoke-final-aggregation/out/full_25session_baseline_9_14/full/policy_attempts/retry2_20260915/seed20260907,,,hybrid-session-023,chat,82.6103740837425,0,risk_evidence_insufficient
full_gpu,13.0,0.1,False,False,online_qwen,False,,/DATACENTER3/zhenxiang.wang/work/TailGuardKV/.worktrees/baseline-smoke-final-aggregation/out/full_25session_baseline_9_14/full/policy_attempts/retry2_20260915/seed20260907/config.yaml,,,,,,True,,,,0,True,,469.6015625,25.6484375,2.734375,2.734375,1.53125,1154.4789790641516,unknown,True,,True,,False,,15078.45556640625,False,full_lru,False,,,full_gpu,,,risk_evidence_insufficient,0.0,full precision exact profile,0.0,,,,hybrid-session-000-turn-1,2.734375,1.203125,2.734375,0.0,,/DATACENTER3/zhenxiang.wang/work/TailGuardKV/.worktrees/baseline-smoke-final-aggregation/out/full_25session_baseline_9_14/full/policy_attempts/retry2_20260915/seed20260907,,,hybrid-session-000,chat,73.72724893502891,1,risk_evidence_insufficient
full_gpu,13.0,0.1,True,False,online_qwen,False,,/DATACENTER3/zhenxiang.wang/work/TailGuardKV/.worktrees/baseline-smoke-final-aggregation/out/full_25session_baseline_9_14/full/policy_attempts/retry2_20260915/seed20260907/config.yaml,,,,,,True,,,,0,True,,469.6015625,27.453125,3.8828125,3.8828125,1.8046875,1163.8822020031512,unknown,True,0.0,True,,False,,15087.31591796875,False,full_lru,False,,,full_gpu,,,risk_evidence_insufficient,0.0,full precision exact profile,0.0,,,,hybrid-session-002-turn-1,3.8828125,2.078125,3.8828125,0.0,,/DATACENTER3/zhenxiang.wang/work/TailGuardKV/.worktrees/baseline-smoke-final-aggregation/out/full_25session_baseline_9_14/full/policy_attempts/retry2_20260915/seed20260907,,,hybrid-session-002,chat,83.54674302972853,1,risk_evidence_insufficient
full_gpu,13.0,0.1,False,False,online_qwen,False,,/DATACENTER3/zhenxiang.wang/work/TailGuardKV/.worktrees/baseline-smoke-final-aggregation/out/full_25session_baseline_9_14/full/policy_attempts/retry2_20260915/seed20260907/config.yaml,,,,,,True,,,,0,True,,469.6015625,28.875,2.8984375,2.8984375,1.421875,1177.7847930788994,unknown,True,,True,,False,,15079.34814453125,False,full_lru,False,,,full_gpu,,,risk_evidence_insufficient,0.0,full precision exact profile,0.0,,,,hybrid-session-003-turn-1,2.8984375,1.4765625,2.8984375,0.0,,/DATACENTER3/zhenxiang.wang/work/TailGuardKV/.worktrees/baseline-smoke-final-aggregation/out/full_25session_baseline_9_14/full/policy_attempts/retry2_20260915/seed20260907,,,hybrid-session-003,chat,86.91063802689314,1,risk_evidence_insufficient
full_gpu,13.0,0.1,False,False,online_qwen,False,,/DATACENTER3/zhenxiang.wang/work/TailGuardKV/.worktrees/baseline-smoke-final-aggregation/out/full_25session_baseline_9_14/full/policy_attempts/retry2_20260915/seed20260907/config.yaml,,,,,,True,,,,0,True,,469.6015625,30.734375,3.1171875,3.1171875,1.859375,1166.3220319896936,unknown,True,,True,,False,,15092.90771484375,False,full_lru,False,,,full_gpu,,,risk_evidence_insufficient,0.0,full precision exact profile,0.0,,,,hybrid-session-007-turn-1,3.1171875,1.2578125,3.1171875,0.0,,/DATACENTER3/zhenxiang.wang/work/TailGuardKV/.worktrees/baseline-smoke-final-aggregation/out/full_25session_baseline_9_14/full/policy_attempts/retry2_20260915/seed20260907,,,hybrid-session-007,chat,84.8953160457313,1,risk_evidence_insufficient
full_gpu,13.0,0.1,False,False,online_qwen,False,,/DATACENTER3/zhenxiang.wang/work/TailGuardKV/.worktrees/baseline-smoke-final-aggregation/out/full_25session_baseline_9_14/full/policy_attempts/retry2_20260915/seed20260907/config.yaml,,,,,,True,,,,0,True,,469.6015625,32.375,3.2265625,3.2265625,1.640625,1162.676302017644,unknown,True,,True,,False,,15087.86669921875,False,full_lru,False,,,full_gpu,,,risk_evidence_insufficient,0.0,full precision exact profile,0.0,,,,hybrid-session-008-turn-1,3.2265625,1.5859375,3.2265625,0.0,,/DATACENTER3/zhenxiang.wang/work/TailGuardKV/.worktrees/baseline-smoke-final-aggregation/out/full_25session_baseline_9_14/full/policy_attempts/retry2_20260915/seed20260907,,,hybrid-session-008,chat,76.10763004049659,1,risk_evidence_insufficient
full_gpu,13.0,0.1,False,False,online_qwen,False,,/DATACENTER3/zhenxiang.wang/work/TailGuardKV/.worktrees/baseline-smoke-final-aggregation/out/full_25session_baseline_9_14/full/policy_attempts/retry2_20260915/seed20260907/config.yaml,,,,,,True,,,,0,True,,469.6015625,34.0703125,3.390625,3.390625,1.6953125,1175.143824890256,unknown,True,,True,,False,,15091.01904296875,False,full_lru,False,,,full_gpu,,,risk_evidence_insufficient,0.0,full precision exact profile,0.0,,,,hybrid-session-009-turn-1,3.390625,1.6953125,3.390625,0.0,,/DATACENTER3/zhenxiang.wang/work/TailGuardKV/.worktrees/baseline-smoke-final-aggregation/out/full_25session_baseline_9_14/full/policy_attempts/retry2_20260915/seed20260907,,,hybrid-session-009,chat,81.90673193894327,1,risk_evidence_insufficient
full_gpu,13.0,0.1,False,False,online_qwen,False,,/DATACENTER3/zhenxiang.wang/work/TailGuardKV/.worktrees/baseline-smoke-final-aggregation/out/full_25session_baseline_9_14/full/policy_attempts/retry2_20260915/seed20260907/config.yaml,,,,,,True,,,,0,True,,469.6015625,35.7109375,3.171875,3.171875,1.640625,1153.9611089974642,unknown,True,,True,,False,,15091.20263671875,False,full_lru,False,,,full_gpu,,,risk_evidence_insufficient,0.0,full precision exact profile,0.0,,,,hybrid-session-010-turn-1,3.171875,1.53125,3.171875,0.0,,/DATACENTER3/zhenxiang.wang/work/TailGuardKV/.worktrees/baseline-smoke-final-aggregation/out/full_25session_baseline_9_14/full/policy_attempts/retry2_20260915/seed20260907,,,hybrid-session-010,chat,71.22965808957815,1,risk_evidence_insufficient
full_gpu,13.0,0.1,False,False,online_qwen,False,,/DATACENTER3/zhenxiang.wang/work/TailGuardKV/.worktrees/baseline-smoke-final-aggregation/out/full_25session_baseline_9_14/full/policy_attempts/retry2_20260915/seed20260907/config.yaml,,,,,,True,,,,0,True,,469.6015625,37.078125,3.390625,3.390625,1.3671875,1190.3168621938676,unknown,True,,True,,False,,15085.28466796875,False,full_lru,False,,,full_gpu,,,risk_evidence_insufficient,0.0,full precision exact profile,0.0,,,,hybrid-session-011-turn-1,3.390625,2.0234375,3.390625,0.0,,/DATACENTER3/zhenxiang.wang/work/TailGuardKV/.worktrees/baseline-smoke-final-aggregation/out/full_25session_baseline_9_14/full/policy_attempts/retry2_20260915/seed20260907,,,hybrid-session-011,chat,81.12402213737369,1,risk_evidence_insufficient
full_gpu,13.0,0.1,False,False,online_qwen,False,,/DATACENTER3/zhenxiang.wang/work/TailGuardKV/.worktrees/baseline-smoke-final-aggregation/out/full_25session_baseline_9_14/full/policy_attempts/retry2_20260915/seed20260907/config.yaml,,,,,,True,,,,0,True,,469.6015625,38.5,3.2265625,3.2265625,1.421875,1163.927742978558,unknown,True,,True,,False,,15088.97314453125,False,full_lru,False,,,full_gpu,,,risk_evidence_insufficient,0.0,full precision exact profile,0.0,,,,hybrid-session-013-turn-1,3.2265625,1.8046875,3.2265625,0.0,,/DATACENTER3/zhenxiang.wang/work/TailGuardKV/.worktrees/baseline-smoke-final-aggregation/out/full_25session_baseline_9_14/full/policy_attempts/retry2_20260915/seed20260907,,,hybrid-session-013,chat,81.21094899252057,1,risk_evidence_insufficient
full_gpu,13.0,0.1,False,False,online_qwen,False,,/DATACENTER3/zhenxiang.wang/work/TailGuardKV/.worktrees/baseline-smoke-final-aggregation/out/full_25session_baseline_9_14/full/policy_attempts/retry2_20260915/seed20260907/config.yaml,,,,,,True,,,,0,True,,469.6015625,39.9765625,4.1015625,4.1015625,1.4765625,1164.1412158496678,unknown,True,,True,,False,,15091.61669921875,False,full_lru,False,,,full_gpu,,,risk_evidence_insufficient,0.0,full precision exact profile,0.0,,,,hybrid-session-016-turn-1,4.1015625,2.625,4.1015625,0.0,,/DATACENTER3/zhenxiang.wang/work/TailGuardKV/.worktrees/baseline-smoke-final-aggregation/out/full_25session_baseline_9_14/full/policy_attempts/retry2_20260915/seed20260907,,,hybrid-session-016,chat,79.4454119168222,1,risk_evidence_insufficient
full_gpu,13.0,0.1,False,False,online_qwen,False,,/DATACENTER3/zhenxiang.wang/work/TailGuardKV/.worktrees/baseline-smoke-final-aggregation/out/full_25session_baseline_9_14/full/policy_attempts/retry2_20260915/seed20260907/config.yaml,,,,,,True,,,,0,True,,469.6015625,42.6015625,4.9765625,4.9765625,2.625,1166.1720590200275,unknown,True,,True,,False,,15126.10693359375,False,full_lru,False,,,full_gpu,,,risk_evidence_insufficient,0.0,full precision exact profile,0.0,,,,hybrid-session-017-turn-1,4.9765625,2.3515625,4.9765625,0.0,,/DATACENTER3/zhenxiang.wang/work/TailGuardKV/.worktrees/baseline-smoke-final-aggregation/out/full_25session_baseline_9_14/full/policy_attempts/retry2_20260915/seed20260907,,,hybrid-session-017,chat,86.02251508273184,1,risk_evidence_insufficient
full_gpu,13.0,0.1,False,False,online_qwen,False,,/DATACENTER3/zhenxiang.wang/work/TailGuardKV/.worktrees/baseline-smoke-final-aggregation/out/full_25session_baseline_9_14/full/policy_attempts/retry2_20260915/seed20260907/config.yaml,,,,,,True,,,,0,True,,469.6015625,44.4609375,4.265625,4.265625,1.859375,1171.945541165769,unknown,True,,True,,False,,15106.63427734375,False,full_lru,False,,,full_gpu,,,risk_evidence_insufficient,0.0,full precision exact profile,0.0,,,,hybrid-session-020-turn-1,4.265625,2.40625,4.265625,0.0,,/DATACENTER3/zhenxiang.wang/work/TailGuardKV/.worktrees/baseline-smoke-final-aggregation/out/full_25session_baseline_9_14/full/policy_attempts/retry2_20260915/seed20260907,,,hybrid-session-020,chat,78.94373801536858,1,risk_evidence_insufficient
full_gpu,13.0,0.1,False,False,online_qwen,False,,/DATACENTER3/zhenxiang.wang/work/TailGuardKV/.worktrees/baseline-smoke-final-aggregation/out/full_25session_baseline_9_14/full/policy_attempts/retry2_20260915/seed20260907/config.yaml,,,,,,True,,,,0,True,,469.6015625,46.484375,4.1015625,4.1015625,2.0234375,1171.3941709604114,unknown,True,,True,,False,,15112.17529296875,False,full_lru,False,,,full_gpu,,,risk_evidence_insufficient,0.0,full precision exact profile,0.0,,,,hybrid-session-023-turn-1,4.1015625,2.078125,4.1015625,0.0,,/DATACENTER3/zhenxiang.wang/work/TailGuardKV/.worktrees/baseline-smoke-final-aggregation/out/full_25session_baseline_9_14/full/policy_attempts/retry2_20260915/seed20260907,,,hybrid-session-023,chat,81.67723286896944,1,risk_evidence_insufficient
full_gpu,13.0,0.1,True,False,online_qwen,False,,/DATACENTER3/zhenxiang.wang/work/TailGuardKV/.worktrees/baseline-smoke-final-aggregation/out/full_25session_baseline_9_14/full/policy_attempts/retry2_20260915/seed20260907/config.yaml,,,,,,True,,,,0,True,,469.6015625,54.7421875,10.9921875,10.9921875,8.2578125,1196.3972768280655,unknown,True,0.0,True,,False,,15289.1357421875,False,full_lru,False,,,full_gpu,,,risk_evidence_insufficient,0.0,full precision exact profile,0.0,,,,hybrid-session-000-turn-2,10.9921875,2.734375,10.9921875,0.0,,/DATACENTER3/zhenxiang.wang/work/TailGuardKV/.worktrees/baseline-smoke-final-aggregation/out/full_25session_baseline_9_14/full/policy_attempts/retry2_20260915/seed20260907,,,hybrid-session-000,qa,114.61188388057053,2,risk_evidence_insufficient
full_gpu,13.0,0.1,False,False,online_qwen,False,,/DATACENTER3/zhenxiang.wang/work/TailGuardKV/.worktrees/baseline-smoke-final-aggregation/out/full_25session_baseline_9_14/full/policy_attempts/retry2_20260915/seed20260907/config.yaml,,,,,,True,,,,0,True,,469.6015625,61.5234375,10.6640625,10.6640625,6.78125,1174.3752008769661,unknown,True,,True,,False,,15256.01953125,False,full_lru,False,,,full_gpu,,,risk_evidence_insufficient,0.0,full precision exact profile,0.0,,,,hybrid-session-002-turn-2,10.6640625,3.8828125,10.6640625,0.0,,/DATACENTER3/zhenxiang.wang/work/TailGuardKV/.worktrees/baseline-smoke-final-aggregation/out/full_25session_baseline_9_14/full/policy_attempts/retry2_20260915/seed20260907,,,hybrid-session-002,qa,90.70128598250449,2,risk_evidence_insufficient
full_gpu,13.0,0.1,False,False,online_qwen,False,,/DATACENTER3/zhenxiang.wang/work/TailGuardKV/.worktrees/baseline-smoke-final-aggregation/out/full_25session_baseline_9_14/full/policy_attempts/retry2_20260915/seed20260907/config.yaml,,,,,,True,,,,0,True,,469.6015625,68.3046875,9.6796875,9.6796875,6.78125,1184.0100339613855,unknown,True,,True,,False,,15262.796875,False,full_lru,False,,,full_gpu,,,risk_evidence_insufficient,0.0,full precision exact profile,0.0,,,,hybrid-session-003-turn-2,9.6796875,2.8984375,9.6796875,0.0,,/DATACENTER3/zhenxiang.wang/work/TailGuardKV/.worktrees/baseline-smoke-final-aggregation/out/full_25session_baseline_9_14/full/policy_attempts/retry2_20260915/seed20260907,,,hybrid-session-003,summary,95.65070015378296,2,risk_evidence_insufficient
full_gpu,13.0,0.1,False,False,online_qwen,False,,/DATACENTER3/zhenxiang.wang/work/TailGuardKV/.worktrees/baseline-smoke-final-aggregation/out/full_25session_baseline_9_14/full/policy_attempts/retry2_20260915/seed20260907/config.yaml,,,,,,True,,,,0,True,,469.6015625,74.5390625,9.3515625,9.3515625,6.234375,1181.102585978806,unknown,True,,True,,False,,15254.46044921875,False,full_lru,False,,,full_gpu,,,risk_evidence_insufficient,0.0,full precision exact profile,0.0,,,,hybrid-session-007-turn-2,9.3515625,3.1171875,9.3515625,0.0,,/DATACENTER3/zhenxiang.wang/work/TailGuardKV/.worktrees/baseline-smoke-final-aggregation/out/full_25session_baseline_9_14/full/policy_attempts/retry2_20260915/seed20260907,,,hybrid-session-007,summary,95.6853989046067,2,risk_evidence_insufficient
full_gpu,13.0,0.1,False,False,online_qwen,False,,/DATACENTER3/zhenxiang.wang/work/TailGuardKV/.worktrees/baseline-smoke-final-aggregation/out/full_25session_baseline_9_14/full/policy_attempts/retry2_20260915/seed20260907/config.yaml,,,,,,True,,,,0,True,,469.6015625,81.59375,10.28125,10.28125,7.0546875,1195.8344362210482,unknown,True,,True,,False,,15283.37451171875,False,full_lru,False,,,full_gpu,,,risk_evidence_insufficient,0.0,full precision exact profile,0.0,,,,hybrid-session-008-turn-2,10.28125,3.2265625,10.28125,0.0,,/DATACENTER3/zhenxiang.wang/work/TailGuardKV/.worktrees/baseline-smoke-final-aggregation/out/full_25session_baseline_9_14/full/policy_attempts/retry2_20260915/seed20260907,,,hybrid-session-008,qa,98.42284908518195,2,risk_evidence_insufficient
full_gpu,13.0,0.1,False,False,online_qwen,False,,/DATACENTER3/zhenxiang.wang/work/TailGuardKV/.worktrees/baseline-smoke-final-aggregation/out/full_25session_baseline_9_14/full/policy_attempts/retry2_20260915/seed20260907/config.yaml,,,,,,True,,,,0,True,,469.6015625,87.6640625,9.4609375,9.4609375,6.0703125,1190.7718321308494,unknown,True,,True,,False,,15263.21435546875,False,full_lru,False,,,full_gpu,,,risk_evidence_insufficient,0.0,full precision exact profile,0.0,,,,hybrid-session-009-turn-2,9.4609375,3.390625,9.4609375,0.0,,/DATACENTER3/zhenxiang.wang/work/TailGuardKV/.worktrees/baseline-smoke-final-aggregation/out/full_25session_baseline_9_14/full/policy_attempts/retry2_20260915/seed20260907,,,hybrid-session-009,summary,96.6063670348376,2,risk_evidence_insufficient
full_gpu,13.0,0.1,False,False,online_qwen,False,,/DATACENTER3/zhenxiang.wang/work/TailGuardKV/.worktrees/baseline-smoke-final-aggregation/out/full_25session_baseline_9_14/full/policy_attempts/retry2_20260915/seed20260907/config.yaml,,,,,,True,,,,0,True,,469.6015625,94.609375,10.1171875,10.1171875,6.9453125,1174.310744041577,unknown,True,,True,,False,,15293.474609375,False,full_lru,False,,,full_gpu,,,risk_evidence_insufficient,0.0,full precision exact profile,0.0,,,,hybrid-session-010-turn-2,10.1171875,3.171875,10.1171875,0.0,,/DATACENTER3/zhenxiang.wang/work/TailGuardKV/.worktrees/baseline-smoke-final-aggregation/out/full_25session_baseline_9_14/full/policy_attempts/retry2_20260915/seed20260907,,,hybrid-session-010,qa,96.71313408762217,2,risk_evidence_insufficient
full_gpu,13.0,0.1,True,False,online_qwen,False,,/DATACENTER3/zhenxiang.wang/work/TailGuardKV/.worktrees/baseline-smoke-final-aggregation/out/full_25session_baseline_9_14/full/policy_attempts/retry2_20260915/seed20260907/config.yaml,,,,,,True,,,,0,True,,469.6015625,100.8984375,9.6796875,9.6796875,6.2890625,1183.7715560104698,unknown,True,0.0,True,,False,,15282.27734375,False,full_lru,False,,,full_gpu,,,risk_evidence_insufficient,0.0,full precision exact profile,0.0,,,,hybrid-session-011-turn-2,9.6796875,3.390625,9.6796875,0.0,,/DATACENTER3/zhenxiang.wang/work/TailGuardKV/.worktrees/baseline-smoke-final-aggregation/out/full_25session_baseline_9_14/full/policy_attempts/retry2_20260915/seed20260907,,,hybrid-session-011,summary,95.74491786770523,2,risk_evidence_insufficient
full_gpu,13.0,0.1,False,False,online_qwen,False,,/DATACENTER3/zhenxiang.wang/work/TailGuardKV/.worktrees/baseline-smoke-final-aggregation/out/full_25session_baseline_9_14/full/policy_attempts/retry2_20260915/seed20260907/config.yaml,,,,,,True,,,,0,True,,469.6015625,107.40625,9.734375,9.734375,6.5078125,1181.9035690277815,unknown,True,,True,,False,,15294.61328125,False,full_lru,False,,,full_gpu,,,risk_evidence_insufficient,0.0,full precision exact profile,0.0,,,,hybrid-session-013-turn-2,9.734375,3.2265625,9.734375,0.0,,/DATACENTER3/zhenxiang.wang/work/TailGuardKV/.worktrees/baseline-smoke-final-aggregation/out/full_25session_baseline_9_14/full/policy_attempts/retry2_20260915/seed20260907,,,hybrid-session-013,summary,96.28754202276468,2,risk_evidence_insufficient
full_gpu,13.0,0.1,True,False,online_qwen,False,,/DATACENTER3/zhenxiang.wang/work/TailGuardKV/.worktrees/baseline-smoke-final-aggregation/out/full_25session_baseline_9_14/full/policy_attempts/retry2_20260915/seed20260907/config.yaml,,,,,,True,,,,0,True,,469.6015625,113.9140625,10.609375,10.609375,6.5078125,1467.477884143591,unknown,True,0.0,True,,False,,15301.125,False,full_lru,False,,,full_gpu,,,risk_evidence_insufficient,0.0,full precision exact profile,0.0,,,,hybrid-session-016-turn-2,10.609375,4.1015625,10.609375,0.0,,/DATACENTER3/zhenxiang.wang/work/TailGuardKV/.worktrees/baseline-smoke-final-aggregation/out/full_25session_baseline_9_14/full/policy_attempts/retry2_20260915/seed20260907,,,hybrid-session-016,qa,89.38172017224133,2,risk_evidence_insufficient
full_gpu,13.0,0.1,False,False,online_qwen,False,,/DATACENTER3/zhenxiang.wang/work/TailGuardKV/.worktrees/baseline-smoke-final-aggregation/out/full_25session_baseline_9_14/full/policy_attempts/retry2_20260915/seed20260907/config.yaml,,,,,,True,,,,0,True,,469.6015625,120.4765625,11.5390625,11.5390625,6.5625,1549.2746969684958,unknown,True,,True,,False,,15309.14990234375,False,full_lru,False,,,full_gpu,,,risk_evidence_insufficient,0.0,full precision exact profile,0.0,,,,hybrid-session-017-turn-2,11.5390625,4.9765625,11.5390625,0.0,,/DATACENTER3/zhenxiang.wang/work/TailGuardKV/.worktrees/baseline-smoke-final-aggregation/out/full_25session_baseline_9_14/full/policy_attempts/retry2_20260915/seed20260907,,,hybrid-session-017,summary,115.24019204080105,2,risk_evidence_insufficient
full_gpu,13.0,0.1,False,False,online_qwen,False,,/DATACENTER3/zhenxiang.wang/work/TailGuardKV/.worktrees/baseline-smoke-final-aggregation/out/full_25session_baseline_9_14/full/policy_attempts/retry2_20260915/seed20260907/config.yaml,,,,,,True,,,,0,True,,469.6015625,126.875,10.6640625,10.6640625,6.3984375,1186.041601933539,unknown,True,,True,,False,,15311.171875,False,full_lru,False,,,full_gpu,,,risk_evidence_insufficient,0.0,full precision exact profile,0.0,,,,hybrid-session-020-turn-2,10.6640625,4.265625,10.6640625,0.0,,/DATACENTER3/zhenxiang.wang/work/TailGuardKV/.worktrees/baseline-smoke-final-aggregation/out/full_25session_baseline_9_14/full/policy_attempts/retry2_20260915/seed20260907,,,hybrid-session-020,qa,103.61193493008614,2,risk_evidence_insufficient
full_gpu,13.0,0.1,False,False,online_qwen,False,,/DATACENTER3/zhenxiang.wang/work/TailGuardKV/.worktrees/baseline-smoke-final-aggregation/out/full_25session_baseline_9_14/full/policy_attempts/retry2_20260915/seed20260907/config.yaml,,,,,,True,,,,0,True,,469.6015625,133.2734375,10.5,10.5,6.3984375,1166.840098099783,unknown,True,,True,,False,,15317.56982421875,False,full_lru,False,,,full_gpu,,,risk_evidence_insufficient,0.0,full precision exact profile,0.0,,,,hybrid-session-023-turn-2,10.5,4.1015625,10.5,0.0,,/DATACENTER3/zhenxiang.wang/work/TailGuardKV/.worktrees/baseline-smoke-final-aggregation/out/full_25session_baseline_9_14/full/policy_attempts/retry2_20260915/seed20260907,,,hybrid-session-023,summary,90.18488903529942,2,risk_evidence_insufficient
full_gpu,13.0,0.1,False,False,online_qwen,False,,/DATACENTER3/zhenxiang.wang/work/TailGuardKV/.worktrees/baseline-smoke-final-aggregation/out/full_25session_baseline_9_14/full/policy_attempts/retry2_20260915/seed20260907/config.yaml,,,,,,True,,,,0,True,,469.6015625,135.734375,13.453125,13.453125,2.4609375,1161.8608431890607,unknown,True,,True,,False,,15217.13623046875,False,full_lru,False,,,full_gpu,,,risk_evidence_insufficient,0.0,full precision exact profile,0.0,,,,hybrid-session-000-turn-3,13.453125,10.9921875,13.453125,0.0,,/DATACENTER3/zhenxiang.wang/work/TailGuardKV/.worktrees/baseline-smoke-final-aggregation/out/full_25session_baseline_9_14/full/policy_attempts/retry2_20260915/seed20260907,,,hybrid-session-000,qa,83.61905813217163,3,risk_evidence_insufficient
full_gpu,13.0,0.1,False,False,online_qwen,False,,/DATACENTER3/zhenxiang.wang/work/TailGuardKV/.worktrees/baseline-smoke-final-aggregation/out/full_25session_baseline_9_14/full/policy_attempts/retry2_20260915/seed20260907/config.yaml,,,,,,True,,,,0,True,,469.6015625,138.1953125,13.125,13.125,2.4609375,1177.5731099769473,unknown,True,,True,,False,,15219.595703125,False,full_lru,False,,,full_gpu,,,risk_evidence_insufficient,0.0,full precision exact profile,0.0,,,,hybrid-session-002-turn-3,13.125,10.6640625,13.125,0.0,,/DATACENTER3/zhenxiang.wang/work/TailGuardKV/.worktrees/baseline-smoke-final-aggregation/out/full_25session_baseline_9_14/full/policy_attempts/retry2_20260915/seed20260907,,,hybrid-session-002,qa,84.72939999774098,3,risk_evidence_insufficient
full_gpu,13.0,0.1,False,False,online_qwen,False,,/DATACENTER3/zhenxiang.wang/work/TailGuardKV/.worktrees/baseline-smoke-final-aggregation/out/full_25session_baseline_9_14/full/policy_attempts/retry2_20260915/seed20260907/config.yaml,,,,,,True,,,,0,True,,469.6015625,140.6015625,12.0859375,12.0859375,2.40625,1190.1877431664616,unknown,True,,True,,False,,15218.541015625,False,full_lru,False,,,full_gpu,,,risk_evidence_insufficient,0.0,full precision exact profile,0.0,,,,hybrid-session-003-turn-3,12.0859375,9.6796875,12.0859375,0.0,,/DATACENTER3/zhenxiang.wang/work/TailGuardKV/.worktrees/baseline-smoke-final-aggregation/out/full_25session_baseline_9_14/full/policy_attempts/retry2_20260915/seed20260907,,,hybrid-session-003,summary,77.06469902768731,3,risk_evidence_insufficient
full_gpu,13.0,0.1,False,False,online_qwen,False,,/DATACENTER3/zhenxiang.wang/work/TailGuardKV/.worktrees/baseline-smoke-final-aggregation/out/full_25session_baseline_9_14/full/policy_attempts/retry2_20260915/seed20260907/config.yaml,,,,,,True,,,,0,True,,469.6015625,143.0078125,11.7578125,11.7578125,2.40625,1172.2630399744958,unknown,True,,True,,False,,15220.9453125,False,full_lru,False,,,full_gpu,,,risk_evidence_insufficient,0.0,full precision exact profile,0.0,,,,hybrid-session-007-turn-3,11.7578125,9.3515625,11.7578125,0.0,,/DATACENTER3/zhenxiang.wang/work/TailGuardKV/.worktrees/baseline-smoke-final-aggregation/out/full_25session_baseline_9_14/full/policy_attempts/retry2_20260915/seed20260907,,,hybrid-session-007,summary,76.94257283583283,3,risk_evidence_insufficient
full_gpu,13.0,0.1,False,False,online_qwen,False,,/DATACENTER3/zhenxiang.wang/work/TailGuardKV/.worktrees/baseline-smoke-final-aggregation/out/full_25session_baseline_9_14/full/policy_attempts/retry2_20260915/seed20260907/config.yaml,,,,,,True,,,,0,True,,469.6015625,145.46875,12.7421875,12.7421875,2.4609375,1173.2874950394034,unknown,True,,True,,False,,15224.8671875,False,full_lru,False,,,full_gpu,,,risk_evidence_insufficient,0.0,full precision exact profile,0.0,,,,hybrid-session-008-turn-3,12.7421875,10.28125,12.7421875,0.0,,/DATACENTER3/zhenxiang.wang/work/TailGuardKV/.worktrees/baseline-smoke-final-aggregation/out/full_25session_baseline_9_14/full/policy_attempts/retry2_20260915/seed20260907,,,hybrid-session-008,qa,86.97008993476629,3,risk_evidence_insufficient
full_gpu,13.0,0.1,False,False,online_qwen,False,,/DATACENTER3/zhenxiang.wang/work/TailGuardKV/.worktrees/baseline-smoke-final-aggregation/out/full_25session_baseline_9_14/full/policy_attempts/retry2_20260915/seed20260907/config.yaml,,,,,,True,,,,0,True,,469.6015625,147.875,11.8671875,11.8671875,2.40625,1154.9321939237416,unknown,True,,True,,False,,15225.81396484375,False,full_lru,False,,,full_gpu,,,risk_evidence_insufficient,0.0,full precision exact profile,0.0,,,,hybrid-session-009-turn-3,11.8671875,9.4609375,11.8671875,0.0,,/DATACENTER3/zhenxiang.wang/work/TailGuardKV/.worktrees/baseline-smoke-final-aggregation/out/full_25session_baseline_9_14/full/policy_attempts/retry2_20260915/seed20260907,,,hybrid-session-009,summary,84.84311797656119,3,risk_evidence_insufficient
full_gpu,13.0,0.1,False,False,online_qwen,False,,/DATACENTER3/zhenxiang.wang/work/TailGuardKV/.worktrees/baseline-smoke-final-aggregation/out/full_25session_baseline_9_14/full/policy_attempts/retry2_20260915/seed20260907/config.yaml,,,,,,True,,,,0,True,,469.6015625,150.3359375,12.578125,12.578125,2.4609375,1182.129108114168,unknown,True,,True,,False,,15229.734375,False,full_lru,False,,,full_gpu,,,risk_evidence_insufficient,0.0,full precision exact profile,0.0,,,,hybrid-session-010-turn-3,12.578125,10.1171875,12.578125,0.0,,/DATACENTER3/zhenxiang.wang/work/TailGuardKV/.worktrees/baseline-smoke-final-aggregation/out/full_25session_baseline_9_14/full/policy_attempts/retry2_20260915/seed20260907,,,hybrid-session-010,qa,82.90348504669964,3,risk_evidence_insufficient
full_gpu,13.0,0.1,False,False,online_qwen,False,,/DATACENTER3/zhenxiang.wang/work/TailGuardKV/.worktrees/baseline-smoke-final-aggregation/out/full_25session_baseline_9_14/full/policy_attempts/retry2_20260915/seed20260907/config.yaml,,,,,,True,,,,0,True,,469.6015625,152.7421875,12.0859375,12.0859375,2.40625,1159.298009937629,unknown,True,,True,,False,,15230.681640625,False,full_lru,False,,,full_gpu,,,risk_evidence_insufficient,0.0,full precision exact profile,0.0,,,,hybrid-session-011-turn-3,12.0859375,9.6796875,12.0859375,0.0,,/DATACENTER3/zhenxiang.wang/work/TailGuardKV/.worktrees/baseline-smoke-final-aggregation/out/full_25session_baseline_9_14/full/policy_attempts/retry2_20260915/seed20260907,,,hybrid-session-011,summary,82.61875598691404,3,risk_evidence_insufficient
full_gpu,13.0,0.1,False,False,online_qwen,False,,/DATACENTER3/zhenxiang.wang/work/TailGuardKV/.worktrees/baseline-smoke-final-aggregation/out/full_25session_baseline_9_14/full/policy_attempts/retry2_20260915/seed20260907/config.yaml,,,,,,True,,,,0,True,,469.6015625,155.1484375,12.140625,12.140625,2.40625,1152.5839981622994,unknown,True,,True,,False,,15233.087890625,False,full_lru,False,,,full_gpu,,,risk_evidence_insufficient,0.0,full precision exact profile,0.0,,,,hybrid-session-013-turn-3,12.140625,9.734375,12.140625,0.0,,/DATACENTER3/zhenxiang.wang/work/TailGuardKV/.worktrees/baseline-smoke-final-aggregation/out/full_25session_baseline_9_14/full/policy_attempts/retry2_20260915/seed20260907,,,hybrid-session-013,summary,75.94248000532389,3,risk_evidence_insufficient
full_gpu,13.0,0.1,False,False,online_qwen,False,,/DATACENTER3/zhenxiang.wang/work/TailGuardKV/.worktrees/baseline-smoke-final-aggregation/out/full_25session_baseline_9_14/full/policy_attempts/retry2_20260915/seed20260907/config.yaml,,,,,,True,,,,0,True,,469.6015625,157.609375,13.0703125,13.0703125,2.4609375,1171.1596618406475,unknown,True,,True,,False,,15239.009765625,False,full_lru,False,,,full_gpu,,,risk_evidence_insufficient,0.0,full precision exact profile,0.0,,,,hybrid-session-016-turn-3,13.0703125,10.609375,13.0703125,0.0,,/DATACENTER3/zhenxiang.wang/work/TailGuardKV/.worktrees/baseline-smoke-final-aggregation/out/full_25session_baseline_9_14/full/policy_attempts/retry2_20260915/seed20260907,,,hybrid-session-016,qa,82.48176285997033,3,risk_evidence_insufficient
full_gpu,13.0,0.1,False,False,online_qwen,False,,/DATACENTER3/zhenxiang.wang/work/TailGuardKV/.worktrees/baseline-smoke-final-aggregation/out/full_25session_baseline_9_14/full/policy_attempts/retry2_20260915/seed20260907/config.yaml,,,,,,True,,,,0,True,,469.6015625,160.015625,13.9453125,13.9453125,2.40625,1163.0664628464729,unknown,True,,True,,False,,15239.96240234375,False,full_lru,False,,,full_gpu,,,risk_evidence_insufficient,0.0,full precision exact profile,0.0,,,,hybrid-session-017-turn-3,13.9453125,11.5390625,13.9453125,0.0,,/DATACENTER3/zhenxiang.wang/work/TailGuardKV/.worktrees/baseline-smoke-final-aggregation/out/full_25session_baseline_9_14/full/policy_attempts/retry2_20260915/seed20260907,,,hybrid-session-017,summary,83.53202091529965,3,risk_evidence_insufficient
full_gpu,13.0,0.1,False,False,online_qwen,False,,/DATACENTER3/zhenxiang.wang/work/TailGuardKV/.worktrees/baseline-smoke-final-aggregation/out/full_25session_baseline_9_14/full/policy_attempts/retry2_20260915/seed20260907/config.yaml,,,,,,True,,,,0,True,,469.6015625,162.4765625,13.125,13.125,2.4609375,1168.6010269913822,unknown,True,,True,,False,,15243.876953125,False,full_lru,False,,,full_gpu,,,risk_evidence_insufficient,0.0,full precision exact profile,0.0,,,,hybrid-session-020-turn-3,13.125,10.6640625,13.125,0.0,,/DATACENTER3/zhenxiang.wang/work/TailGuardKV/.worktrees/baseline-smoke-final-aggregation/out/full_25session_baseline_9_14/full/policy_attempts/retry2_20260915/seed20260907,,,hybrid-session-020,qa,83.27668998390436,3,risk_evidence_insufficient
full_gpu,13.0,0.1,False,False,online_qwen,False,,/DATACENTER3/zhenxiang.wang/work/TailGuardKV/.worktrees/baseline-smoke-final-aggregation/out/full_25session_baseline_9_14/full/policy_attempts/retry2_20260915/seed20260907/config.yaml,,,,,,True,,,,0,True,,469.6015625,164.8828125,12.90625,12.90625,2.40625,1164.820563979447,unknown,True,,True,,False,,15244.82568359375,False,full_lru,False,,,full_gpu,,,risk_evidence_insufficient,0.0,full precision exact profile,0.0,,,,hybrid-session-023-turn-3,12.90625,10.5,12.90625,0.0,,/DATACENTER3/zhenxiang.wang/work/TailGuardKV/.worktrees/baseline-smoke-final-aggregation/out/full_25session_baseline_9_14/full/policy_attempts/retry2_20260915/seed20260907,,,hybrid-session-023,summary,83.33790907636285,3,risk_evidence_insufficient
full_gpu,13.0,0.1,False,False,online_qwen,False,,/DATACENTER3/zhenxiang.wang/work/TailGuardKV/.worktrees/baseline-smoke-final-aggregation/out/full_25session_baseline_9_14/full/policy_attempts/retry2_20260915/seed20260907/config.yaml,,,,,,True,,,,0,True,,469.6015625,167.0703125,15.640625,15.640625,2.1875,1167.0212899334729,unknown,True,,True,,False,,15241.197265625,False,full_lru,False,,,full_gpu,,,risk_evidence_insufficient,0.0,full precision exact profile,0.0,,,,hybrid-session-000-turn-4,15.640625,13.453125,15.640625,0.0,,/DATACENTER3/zhenxiang.wang/work/TailGuardKV/.worktrees/baseline-smoke-final-aggregation/out/full_25session_baseline_9_14/full/policy_attempts/retry2_20260915/seed20260907,,,hybrid-session-000,qa,86.54122613370419,4,risk_evidence_insufficient
full_gpu,13.0,0.1,False,False,online_qwen,False,,/DATACENTER3/zhenxiang.wang/work/TailGuardKV/.worktrees/baseline-smoke-final-aggregation/out/full_25session_baseline_9_14/full/policy_attempts/retry2_20260915/seed20260907/config.yaml,,,,,,True,,,,0,True,,469.6015625,169.2578125,15.3125,15.3125,2.1875,1172.2299719695002,unknown,True,,True,,False,,15243.38427734375,False,full_lru,False,,,full_gpu,,,risk_evidence_insufficient,0.0,full precision exact profile,0.0,,,,hybrid-session-002-turn-4,15.3125,13.125,15.3125,0.0,,/DATACENTER3/zhenxiang.wang/work/TailGuardKV/.worktrees/baseline-smoke-final-aggregation/out/full_25session_baseline_9_14/full/policy_attempts/retry2_20260915/seed20260907,,,hybrid-session-002,qa,84.02454480528831,4,risk_evidence_insufficient
full_gpu,13.0,0.1,False,False,online_qwen,False,,/DATACENTER3/zhenxiang.wang/work/TailGuardKV/.worktrees/baseline-smoke-final-aggregation/out/full_25session_baseline_9_14/full/policy_attempts/retry2_20260915/seed20260907/config.yaml,,,,,,True,,,,0,True,,469.6015625,171.4453125,14.2734375,14.2734375,2.1875,1169.325769878924,unknown,True,,True,,False,,15245.56591796875,False,full_lru,False,,,full_gpu,,,risk_evidence_insufficient,0.0,full precision exact profile,0.0,,,,hybrid-session-003-turn-4,14.2734375,12.0859375,14.2734375,0.0,,/DATACENTER3/zhenxiang.wang/work/TailGuardKV/.worktrees/baseline-smoke-final-aggregation/out/full_25session_baseline_9_14/full/policy_attempts/retry2_20260915/seed20260907,,,hybrid-session-003,summary,84.19824996963143,4,risk_evidence_insufficient
full_gpu,13.0,0.1,False,False,online_qwen,False,,/DATACENTER3/zhenxiang.wang/work/TailGuardKV/.worktrees/baseline-smoke-final-aggregation/out/full_25session_baseline_9_14/full/policy_attempts/retry2_20260915/seed20260907/config.yaml,,,,,,True,,,,0,True,,469.6015625,173.6328125,13.9453125,13.9453125,2.1875,1162.932900013402,unknown,True,,True,,False,,15247.75146484375,False,full_lru,False,,,full_gpu,,,risk_evidence_insufficient,0.0,full precision exact profile,0.0,,,,hybrid-session-007-turn-4,13.9453125,11.7578125,13.9453125,0.0,,/DATACENTER3/zhenxiang.wang/work/TailGuardKV/.worktrees/baseline-smoke-final-aggregation/out/full_25session_baseline_9_14/full/policy_attempts/retry2_20260915/seed20260907,,,hybrid-session-007,summary,83.5576739627868,4,risk_evidence_insufficient
full_gpu,13.0,0.1,False,False,online_qwen,False,,/DATACENTER3/zhenxiang.wang/work/TailGuardKV/.worktrees/baseline-smoke-final-aggregation/out/full_25session_baseline_9_14/full/policy_attempts/retry2_20260915/seed20260907/config.yaml,,,,,,True,,,,0,True,,469.6015625,175.8203125,14.9296875,14.9296875,2.1875,1165.9952399786562,unknown,True,,True,,False,,15249.94482421875,False,full_lru,False,,,full_gpu,,,risk_evidence_insufficient,0.0,full precision exact profile,0.0,,,,hybrid-session-008-turn-4,14.9296875,12.7421875,14.9296875,0.0,,/DATACENTER3/zhenxiang.wang/work/TailGuardKV/.worktrees/baseline-smoke-final-aggregation/out/full_25session_baseline_9_14/full/policy_attempts/retry2_20260915/seed20260907,,,hybrid-session-008,qa,83.4410679526627,4,risk_evidence_insufficient
full_gpu,13.0,0.1,True,False,online_qwen,False,,/DATACENTER3/zhenxiang.wang/work/TailGuardKV/.worktrees/baseline-smoke-final-aggregation/out/full_25session_baseline_9_14/full/policy_attempts/retry2_20260915/seed20260907/config.yaml,,,,,,True,,,,0,True,,469.6015625,178.0078125,14.0546875,14.0546875,2.1875,1165.5125140678138,unknown,True,0.0,True,,False,,15252.126953125,False,full_lru,False,,,full_gpu,,,risk_evidence_insufficient,0.0,full precision exact profile,0.0,,,,hybrid-session-009-turn-4,14.0546875,11.8671875,14.0546875,0.0,,/DATACENTER3/zhenxiang.wang/work/TailGuardKV/.worktrees/baseline-smoke-final-aggregation/out/full_25session_baseline_9_14/full/policy_attempts/retry2_20260915/seed20260907,,,hybrid-session-009,summary,88.90308300033212,4,risk_evidence_insufficient
full_gpu,13.0,0.1,False,False,online_qwen,False,,/DATACENTER3/zhenxiang.wang/work/TailGuardKV/.worktrees/baseline-smoke-final-aggregation/out/full_25session_baseline_9_14/full/policy_attempts/retry2_20260915/seed20260907/config.yaml,,,,,,True,,,,0,True,,469.6015625,180.1953125,14.765625,14.765625,2.1875,1172.359547112137,unknown,True,,True,,False,,15254.31640625,False,full_lru,False,,,full_gpu,,,risk_evidence_insufficient,0.0,full precision exact profile,0.0,,,,hybrid-session-010-turn-4,14.765625,12.578125,14.765625,0.0,,/DATACENTER3/zhenxiang.wang/work/TailGuardKV/.worktrees/baseline-smoke-final-aggregation/out/full_25session_baseline_9_14/full/policy_attempts/retry2_20260915/seed20260907,,,hybrid-session-010,qa,85.44837008230388,4,risk_evidence_insufficient
full_gpu,13.0,0.1,True,False,online_qwen,False,,/DATACENTER3/zhenxiang.wang/work/TailGuardKV/.worktrees/baseline-smoke-final-aggregation/out/full_25session_baseline_9_14/full/policy_attempts/retry2_20260915/seed20260907/config.yaml,,,,,,True,,,,0,True,,469.6015625,182.3828125,14.2734375,14.2734375,2.1875,1365.215962054208,unknown,True,0.0,True,,False,,15256.50341796875,False,full_lru,False,,,full_gpu,,,risk_evidence_insufficient,0.0,full precision exact profile,0.0,,,,hybrid-session-011-turn-4,14.2734375,12.0859375,14.2734375,0.0,,/DATACENTER3/zhenxiang.wang/work/TailGuardKV/.worktrees/baseline-smoke-final-aggregation/out/full_25session_baseline_9_14/full/policy_attempts/retry2_20260915/seed20260907,,,hybrid-session-011,summary,85.21305117756128,4,risk_evidence_insufficient
full_gpu,13.0,0.1,False,False,online_qwen,False,,/DATACENTER3/zhenxiang.wang/work/TailGuardKV/.worktrees/baseline-smoke-final-aggregation/out/full_25session_baseline_9_14/full/policy_attempts/retry2_20260915/seed20260907/config.yaml,,,,,,True,,,,0,True,,469.6015625,184.5703125,14.328125,14.328125,2.1875,1520.2300208620727,unknown,True,,True,,False,,15258.69091796875,False,full_lru,False,,,full_gpu,,,risk_evidence_insufficient,0.0,full precision exact profile,0.0,,,,hybrid-session-013-turn-4,14.328125,12.140625,14.328125,0.0,,/DATACENTER3/zhenxiang.wang/work/TailGuardKV/.worktrees/baseline-smoke-final-aggregation/out/full_25session_baseline_9_14/full/policy_attempts/retry2_20260915/seed20260907,,,hybrid-session-013,summary,108.45068702474236,4,risk_evidence_insufficient
full_gpu,13.0,0.1,False,False,online_qwen,False,,/DATACENTER3/zhenxiang.wang/work/TailGuardKV/.worktrees/baseline-smoke-final-aggregation/out/full_25session_baseline_9_14/full/policy_attempts/retry2_20260915/seed20260907/config.yaml,,,,,,True,,,,0,True,,469.6015625,186.7578125,15.2578125,15.2578125,2.1875,1530.494422186166,unknown,True,,True,,False,,15260.8828125,False,full_lru,False,,,full_gpu,,,risk_evidence_insufficient,0.0,full precision exact profile,0.0,,,,hybrid-session-016-turn-4,15.2578125,13.0703125,15.2578125,0.0,,/DATACENTER3/zhenxiang.wang/work/TailGuardKV/.worktrees/baseline-smoke-final-aggregation/out/full_25session_baseline_9_14/full/policy_attempts/retry2_20260915/seed20260907,,,hybrid-session-016,qa,109.56923221237957,4,risk_evidence_insufficient
full_gpu,13.0,0.1,False,False,online_qwen,False,,/DATACENTER3/zhenxiang.wang/work/TailGuardKV/.worktrees/baseline-smoke-final-aggregation/out/full_25session_baseline_9_14/full/policy_attempts/retry2_20260915/seed20260907/config.yaml,,,,,,True,,,,0,True,,469.6015625,188.9453125,16.1328125,16.1328125,2.1875,1522.4865288473666,unknown,True,,True,,False,,15263.07421875,False,full_lru,False,,,full_gpu,,,risk_evidence_insufficient,0.0,full precision exact profile,0.0,,,,hybrid-session-017-turn-4,16.1328125,13.9453125,16.1328125,0.0,,/DATACENTER3/zhenxiang.wang/work/TailGuardKV/.worktrees/baseline-smoke-final-aggregation/out/full_25session_baseline_9_14/full/policy_attempts/retry2_20260915/seed20260907,,,hybrid-session-017,summary,108.386164996773,4,risk_evidence_insufficient
full_gpu,13.0,0.1,False,False,online_qwen,False,,/DATACENTER3/zhenxiang.wang/work/TailGuardKV/.worktrees/baseline-smoke-final-aggregation/out/full_25session_baseline_9_14/full/policy_attempts/retry2_20260915/seed20260907/config.yaml,,,,,,True,,,,0,True,,469.6015625,191.1328125,15.3125,15.3125,2.1875,1516.7603369336575,unknown,True,,True,,False,,15265.25927734375,False,full_lru,False,,,full_gpu,,,risk_evidence_insufficient,0.0,full precision exact profile,0.0,,,,hybrid-session-020-turn-4,15.3125,13.125,15.3125,0.0,,/DATACENTER3/zhenxiang.wang/work/TailGuardKV/.worktrees/baseline-smoke-final-aggregation/out/full_25session_baseline_9_14/full/policy_attempts/retry2_20260915/seed20260907,,,hybrid-session-020,qa,109.20729697681963,4,risk_evidence_insufficient
full_gpu,13.0,0.1,False,False,online_qwen,False,,/DATACENTER3/zhenxiang.wang/work/TailGuardKV/.worktrees/baseline-smoke-final-aggregation/out/full_25session_baseline_9_14/full/policy_attempts/retry2_20260915/seed20260907/config.yaml,,,,,,True,,,,0,True,,469.6015625,193.3203125,15.09375,15.09375,2.1875,1227.0359380636364,unknown,True,,True,,False,,15267.4453125,False,full_lru,False,,,full_gpu,,,risk_evidence_insufficient,0.0,full precision exact profile,0.0,,,,hybrid-session-023-turn-4,15.09375,12.90625,15.09375,0.0,,/DATACENTER3/zhenxiang.wang/work/TailGuardKV/.worktrees/baseline-smoke-final-aggregation/out/full_25session_baseline_9_14/full/policy_attempts/retry2_20260915/seed20260907,,,hybrid-session-023,summary,115.69624207913876,4,risk_evidence_insufficient
kivi_2bit_residual64,1.0,0.1,False,False,online_qwen,False,,/DATACENTER3/zhenxiang.wang/work/TailGuardKV/.worktrees/baseline-smoke-final-aggregation/out/full_25session_baseline_9_14/full/policy_attempts/retry2_20260915/seed20260907/config.yaml,,,,,0.1,True,,0.1,,0,False,,469.6015625,1.203125,1.203125,1.203125,1.203125,42051.86527490616,unknown,True,,True,,False,,15045.50732421875,True,static_best,False,0.0,0.0,kivi_2bit_residual64,0.0,,risk_evidence_insufficient,0.0,static_best,0.0,,,,hybrid-session-000-turn-0,1.203125,0.0,1.203125,0.0,0.0,/DATACENTER3/zhenxiang.wang/work/TailGuardKV/.worktrees/baseline-smoke-final-aggregation/out/full_25session_baseline_9_14/full/policy_attempts/retry2_20260915/seed20260907,True,calibrated safe,hybrid-session-000,chat,40694.75642976351,0,risk_evidence_insufficient
kivi_2bit_residual64,2.0,0.1,False,False,online_qwen,False,,/DATACENTER3/zhenxiang.wang/work/TailGuardKV/.worktrees/baseline-smoke-final-aggregation/out/full_25session_baseline_9_14/full/policy_attempts/retry2_20260915/seed20260907/config.yaml,,,,,0.1,True,,0.1,,0,False,,469.6015625,3.28125,2.078125,2.078125,2.078125,1346.9847799278796,unknown,True,,True,,False,,15071.74462890625,True,static_best,False,0.0,0.0,kivi_2bit_residual64,0.0,,risk_evidence_insufficient,0.0,static_best,0.0,,,,hybrid-session-002-turn-0,2.078125,0.0,2.078125,0.0,0.0,/DATACENTER3/zhenxiang.wang/work/TailGuardKV/.worktrees/baseline-smoke-final-aggregation/out/full_25session_baseline_9_14/full/policy_attempts/retry2_20260915/seed20260907,True,calibrated safe,hybrid-session-002,chat,112.9175869282335,0,risk_evidence_insufficient
kivi_2bit_residual64,3.0,0.1,False,False,online_qwen,False,,/DATACENTER3/zhenxiang.wang/work/TailGuardKV/.worktrees/baseline-smoke-final-aggregation/out/full_25session_baseline_9_14/full/policy_attempts/retry2_20260915/seed20260907/config.yaml,,,,,0.1,True,,0.1,,0,False,,469.6015625,4.7578125,1.4765625,1.4765625,1.4765625,1694.3198959343135,unknown,True,,True,,False,,15056.39697265625,True,static_best,False,0.0,0.0,kivi_2bit_residual64,0.0,,risk_evidence_insufficient,0.0,static_best,0.0,,,,hybrid-session-003-turn-0,1.4765625,0.0,1.4765625,0.0,0.0,/DATACENTER3/zhenxiang.wang/work/TailGuardKV/.worktrees/baseline-smoke-final-aggregation/out/full_25session_baseline_9_14/full/policy_attempts/retry2_20260915/seed20260907,True,calibrated safe,hybrid-session-003,chat,115.2729750610888,0,risk_evidence_insufficient
kivi_2bit_residual64,4.0,0.1,False,False,online_qwen,False,,/DATACENTER3/zhenxiang.wang/work/TailGuardKV/.worktrees/baseline-smoke-final-aggregation/out/full_25session_baseline_9_14/full/policy_attempts/retry2_20260915/seed20260907/config.yaml,,,,,0.1,True,,0.1,,0,False,,469.6015625,6.015625,1.2578125,1.2578125,1.2578125,1324.0826490800828,unknown,True,,True,,False,,15051.48681640625,True,static_best,False,0.0,0.0,kivi_2bit_residual64,0.0,,risk_evidence_insufficient,0.0,static_best,0.0,,,,hybrid-session-007-turn-0,1.2578125,0.0,1.2578125,0.0,0.0,/DATACENTER3/zhenxiang.wang/work/TailGuardKV/.worktrees/baseline-smoke-final-aggregation/out/full_25session_baseline_9_14/full/policy_attempts/retry2_20260915/seed20260907,True,calibrated safe,hybrid-session-007,chat,101.76506405696273,0,risk_evidence_insufficient
kivi_2bit_residual64,5.0,0.1,False,False,online_qwen,False,,/DATACENTER3/zhenxiang.wang/work/TailGuardKV/.worktrees/baseline-smoke-final-aggregation/out/full_25session_baseline_9_14/full/policy_attempts/retry2_20260915/seed20260907/config.yaml,,,,,0.1,True,,0.1,,0,False,,469.6015625,7.6015625,1.5859375,1.5859375,1.5859375,1541.4671208709478,unknown,True,,True,,False,,15061.63525390625,True,static_best,False,0.0,0.0,kivi_2bit_residual64,0.0,,risk_evidence_insufficient,0.0,static_best,0.0,,,,hybrid-session-008-turn-0,1.5859375,0.0,1.5859375,0.0,0.0,/DATACENTER3/zhenxiang.wang/work/TailGuardKV/.worktrees/baseline-smoke-final-aggregation/out/full_25session_baseline_9_14/full/policy_attempts/retry2_20260915/seed20260907,True,calibrated safe,hybrid-session-008,chat,116.5994550101459,0,risk_evidence_insufficient
kivi_2bit_residual64,6.0,0.1,False,False,online_qwen,False,,/DATACENTER3/zhenxiang.wang/work/TailGuardKV/.worktrees/baseline-smoke-final-aggregation/out/full_25session_baseline_9_14/full/policy_attempts/retry2_20260915/seed20260907/config.yaml,,,,,0.1,True,,0.1,,0,False,,469.6015625,9.296875,1.6953125,1.6953125,1.6953125,1717.049165861681,unknown,True,,True,,False,,15066.24462890625,True,static_best,False,0.0,0.0,kivi_2bit_residual64,0.0,,risk_evidence_insufficient,0.0,static_best,0.0,,,,hybrid-session-009-turn-0,1.6953125,0.0,1.6953125,0.0,0.0,/DATACENTER3/zhenxiang.wang/work/TailGuardKV/.worktrees/baseline-smoke-final-aggregation/out/full_25session_baseline_9_14/full/policy_attempts/retry2_20260915/seed20260907,True,calibrated safe,hybrid-session-009,chat,112.80635488219559,0,risk_evidence_insufficient
kivi_2bit_residual64,7.0,0.1,False,False,online_qwen,False,,/DATACENTER3/zhenxiang.wang/work/TailGuardKV/.worktrees/baseline-smoke-final-aggregation/out/full_25session_baseline_9_14/full/policy_attempts/retry2_20260915/seed20260907/config.yaml,,,,,0.1,True,,0.1,,0,False,,469.6015625,10.828125,1.53125,1.53125,1.53125,1709.173460956663,unknown,True,,True,,False,,15063.63427734375,True,static_best,False,0.0,0.0,kivi_2bit_residual64,0.0,,risk_evidence_insufficient,0.0,static_best,0.0,,,,hybrid-session-010-turn-0,1.53125,0.0,1.53125,0.0,0.0,/DATACENTER3/zhenxiang.wang/work/TailGuardKV/.worktrees/baseline-smoke-final-aggregation/out/full_25session_baseline_9_14/full/policy_attempts/retry2_20260915/seed20260907,True,calibrated safe,hybrid-session-010,chat,109.51373493298888,0,risk_evidence_insufficient
kivi_2bit_residual64,8.0,0.1,False,False,online_qwen,False,,/DATACENTER3/zhenxiang.wang/work/TailGuardKV/.worktrees/baseline-smoke-final-aggregation/out/full_25session_baseline_9_14/full/policy_attempts/retry2_20260915/seed20260907/config.yaml,,,,,0.1,True,,0.1,,0,False,,469.6015625,12.8515625,2.0234375,2.0234375,2.0234375,1347.4331989418715,unknown,True,,True,,False,,15078.54150390625,True,static_best,False,0.0,0.0,kivi_2bit_residual64,0.0,,risk_evidence_insufficient,0.0,static_best,0.0,,,,hybrid-session-011-turn-0,2.0234375,0.0,2.0234375,0.0,0.0,/DATACENTER3/zhenxiang.wang/work/TailGuardKV/.worktrees/baseline-smoke-final-aggregation/out/full_25session_baseline_9_14/full/policy_attempts/retry2_20260915/seed20260907,True,calibrated safe,hybrid-session-011,chat,108.89151995070279,0,risk_evidence_insufficient
kivi_2bit_residual64,9.0,0.1,False,False,online_qwen,False,,/DATACENTER3/zhenxiang.wang/work/TailGuardKV/.worktrees/baseline-smoke-final-aggregation/out/full_25session_baseline_9_14/full/policy_attempts/retry2_20260915/seed20260907/config.yaml,,,,,0.1,True,,0.1,,0,False,,469.6015625,14.65625,1.8046875,1.8046875,1.8046875,1439.8546279408038,unknown,True,,True,,False,,15074.51806640625,True,static_best,False,0.0,0.0,kivi_2bit_residual64,0.0,,risk_evidence_insufficient,0.0,static_best,0.0,,,,hybrid-session-013-turn-0,1.8046875,0.0,1.8046875,0.0,0.0,/DATACENTER3/zhenxiang.wang/work/TailGuardKV/.worktrees/baseline-smoke-final-aggregation/out/full_25session_baseline_9_14/full/policy_attempts/retry2_20260915/seed20260907,True,calibrated safe,hybrid-session-013,chat,101.96077008731663,0,risk_evidence_insufficient
kivi_2bit_residual64,10.0,0.1,False,False,online_qwen,False,,/DATACENTER3/zhenxiang.wang/work/TailGuardKV/.worktrees/baseline-smoke-final-aggregation/out/full_25session_baseline_9_14/full/policy_attempts/retry2_20260915/seed20260907/config.yaml,,,,,0.1,True,,0.1,,0,False,,469.6015625,17.28125,2.625,2.625,2.625,1713.8758460059762,unknown,True,,True,,False,,15100.71337890625,True,static_best,False,0.0,0.0,kivi_2bit_residual64,0.0,,risk_evidence_insufficient,0.0,static_best,0.0,,,,hybrid-session-016-turn-0,2.625,0.0,2.625,0.0,0.0,/DATACENTER3/zhenxiang.wang/work/TailGuardKV/.worktrees/baseline-smoke-final-aggregation/out/full_25session_baseline_9_14/full/policy_attempts/retry2_20260915/seed20260907,True,calibrated safe,hybrid-session-016,chat,107.59354499168694,0,risk_evidence_insufficient
kivi_2bit_residual64,11.0,0.1,False,False,online_qwen,False,,/DATACENTER3/zhenxiang.wang/work/TailGuardKV/.worktrees/baseline-smoke-final-aggregation/out/full_25session_baseline_9_14/full/policy_attempts/retry2_20260915/seed20260907/config.yaml,,,,,0.1,True,,0.1,,0,False,,469.6015625,19.6328125,2.3515625,2.3515625,2.3515625,1690.0962928775698,unknown,True,,True,,False,,15094.06494140625,True,static_best,False,0.0,0.0,kivi_2bit_residual64,0.0,,risk_evidence_insufficient,0.0,static_best,0.0,,,,hybrid-session-017-turn-0,2.3515625,0.0,2.3515625,0.0,0.0,/DATACENTER3/zhenxiang.wang/work/TailGuardKV/.worktrees/baseline-smoke-final-aggregation/out/full_25session_baseline_9_14/full/policy_attempts/retry2_20260915/seed20260907,True,calibrated safe,hybrid-session-017,chat,112.68828483298421,0,risk_evidence_insufficient
kivi_2bit_residual64,12.0,0.1,False,False,online_qwen,False,,/DATACENTER3/zhenxiang.wang/work/TailGuardKV/.worktrees/baseline-smoke-final-aggregation/out/full_25session_baseline_9_14/full/policy_attempts/retry2_20260915/seed20260907/config.yaml,,,,,0.1,True,,0.1,,0,False,,469.6015625,22.0390625,2.40625,2.40625,2.40625,1695.474763168022,unknown,True,,True,,False,,15097.92822265625,True,static_best,False,0.0,0.0,kivi_2bit_residual64,0.0,,risk_evidence_insufficient,0.0,static_best,0.0,,,,hybrid-session-020-turn-0,2.40625,0.0,2.40625,0.0,0.0,/DATACENTER3/zhenxiang.wang/work/TailGuardKV/.worktrees/baseline-smoke-final-aggregation/out/full_25session_baseline_9_14/full/policy_attempts/retry2_20260915/seed20260907,True,calibrated safe,hybrid-session-020,chat,117.14530014432967,0,risk_evidence_insufficient
kivi_2bit_residual64,13.0,0.1,False,False,online_qwen,False,,/DATACENTER3/zhenxiang.wang/work/TailGuardKV/.worktrees/baseline-smoke-final-aggregation/out/full_25session_baseline_9_14/full/policy_attempts/retry2_20260915/seed20260907/config.yaml,,,,,0.1,True,,0.1,,0,False,,469.6015625,24.1171875,2.078125,2.078125,2.078125,1376.5566749498248,unknown,True,,True,,False,,15092.58056640625,True,static_best,False,0.0,0.0,kivi_2bit_residual64,0.0,,risk_evidence_insufficient,0.0,static_best,0.0,,,,hybrid-session-023-turn-0,2.078125,0.0,2.078125,0.0,0.0,/DATACENTER3/zhenxiang.wang/work/TailGuardKV/.worktrees/baseline-smoke-final-aggregation/out/full_25session_baseline_9_14/full/policy_attempts/retry2_20260915/seed20260907,True,calibrated safe,hybrid-session-023,chat,115.60277803801,0,risk_evidence_insufficient
kivi_2bit_residual64,13.0,0.1,False,False,online_qwen,False,,/DATACENTER3/zhenxiang.wang/work/TailGuardKV/.worktrees/baseline-smoke-final-aggregation/out/full_25session_baseline_9_14/full/policy_attempts/retry2_20260915/seed20260907/config.yaml,,,,,0.1,True,,0.1,,0,False,,469.6015625,25.6484375,2.734375,2.734375,1.53125,1327.3121770471334,unknown,True,,True,,False,,15078.45556640625,True,static_best,False,0.0,0.0,kivi_2bit_residual64,0.0,,risk_evidence_insufficient,0.0,static_best,0.0,,,,hybrid-session-000-turn-1,2.734375,1.203125,2.734375,0.0,0.0,/DATACENTER3/zhenxiang.wang/work/TailGuardKV/.worktrees/baseline-smoke-final-aggregation/out/full_25session_baseline_9_14/full/policy_attempts/retry2_20260915/seed20260907,True,calibrated safe,hybrid-session-000,chat,96.27237496897578,1,risk_evidence_insufficient
kivi_2bit_residual64,13.0,0.1,True,False,online_qwen,False,,/DATACENTER3/zhenxiang.wang/work/TailGuardKV/.worktrees/baseline-smoke-final-aggregation/out/full_25session_baseline_9_14/full/policy_attempts/retry2_20260915/seed20260907/config.yaml,,,,,0.1,True,,0.1,,0,False,,469.6015625,25.875732421875,2.305419921875,2.305419921875,0.227294921875,4973.804200999439,unknown,True,,True,,False,,15087.31591796875,True,static_best,False,0.0,0.0,kivi_2bit_residual64,0.0,,risk_evidence_insufficient,0.0,static_best,0.0,,,,hybrid-session-002-turn-1,2.305419921875,2.078125,2.305419921875,0.0,0.0,/DATACENTER3/zhenxiang.wang/work/TailGuardKV/.worktrees/baseline-smoke-final-aggregation/out/full_25session_baseline_9_14/full/policy_attempts/retry2_20260915/seed20260907,True,calibrated safe,hybrid-session-002,chat,111.58835794776678,1,risk_evidence_insufficient
kivi_2bit_residual64,13.0,0.1,False,False,online_qwen,False,,/DATACENTER3/zhenxiang.wang/work/TailGuardKV/.worktrees/baseline-smoke-final-aggregation/out/full_25session_baseline_9_14/full/policy_attempts/retry2_20260915/seed20260907/config.yaml,,,,,0.1,True,,0.1,,0,False,,469.6015625,27.297607421875,2.8984375,2.8984375,1.421875,1331.8820379208773,unknown,True,,True,,False,,15077.78955078125,True,static_best,False,0.0,0.0,kivi_2bit_residual64,0.0,,risk_evidence_insufficient,0.0,static_best,0.0,,,,hybrid-session-003-turn-1,2.8984375,1.4765625,2.8984375,0.0,0.0,/DATACENTER3/zhenxiang.wang/work/TailGuardKV/.worktrees/baseline-smoke-final-aggregation/out/full_25session_baseline_9_14/full/policy_attempts/retry2_20260915/seed20260907,True,calibrated safe,hybrid-session-003,chat,90.06873494945467,1,risk_evidence_insufficient
kivi_2bit_residual64,13.0,0.1,False,False,online_qwen,False,,/DATACENTER3/zhenxiang.wang/work/TailGuardKV/.worktrees/baseline-smoke-final-aggregation/out/full_25session_baseline_9_14/full/policy_attempts/retry2_20260915/seed20260907/config.yaml,,,,,0.1,True,,0.1,,0,False,,469.6015625,29.156982421875,3.1171875,3.1171875,1.859375,1329.4881540350616,unknown,True,,True,,False,,15091.34912109375,True,static_best,False,0.0,0.0,kivi_2bit_residual64,0.0,,risk_evidence_insufficient,0.0,static_best,0.0,,,,hybrid-session-007-turn-1,3.1171875,1.2578125,3.1171875,0.0,0.0,/DATACENTER3/zhenxiang.wang/work/TailGuardKV/.worktrees/baseline-smoke-final-aggregation/out/full_25session_baseline_9_14/full/policy_attempts/retry2_20260915/seed20260907,True,calibrated safe,hybrid-session-007,chat,101.57839301973581,1,risk_evidence_insufficient
kivi_2bit_residual64,13.0,0.1,False,False,online_qwen,False,,/DATACENTER3/zhenxiang.wang/work/TailGuardKV/.worktrees/baseline-smoke-final-aggregation/out/full_25session_baseline_9_14/full/policy_attempts/retry2_20260915/seed20260907/config.yaml,,,,,0.1,True,,0.1,,0,False,,469.6015625,30.797607421875,3.2265625,3.2265625,1.640625,1309.6661469899118,unknown,True,,True,,False,,15086.30810546875,True,static_best,False,0.0,0.0,kivi_2bit_residual64,0.0,,risk_evidence_insufficient,0.0,static_best,0.0,,,,hybrid-session-008-turn-1,3.2265625,1.5859375,3.2265625,0.0,0.0,/DATACENTER3/zhenxiang.wang/work/TailGuardKV/.worktrees/baseline-smoke-final-aggregation/out/full_25session_baseline_9_14/full/policy_attempts/retry2_20260915/seed20260907,True,calibrated safe,hybrid-session-008,chat,90.300029842183,1,risk_evidence_insufficient
kivi_2bit_residual64,13.0,0.1,False,False,online_qwen,False,,/DATACENTER3/zhenxiang.wang/work/TailGuardKV/.worktrees/baseline-smoke-final-aggregation/out/full_25session_baseline_9_14/full/policy_attempts/retry2_20260915/seed20260907/config.yaml,,,,,0.1,True,,0.1,,0,False,,469.6015625,32.492919921875,3.390625,3.390625,1.6953125,1304.3451730627567,unknown,True,,True,,False,,15089.46044921875,True,static_best,False,0.0,0.0,kivi_2bit_residual64,0.0,,risk_evidence_insufficient,0.0,static_best,0.0,,,,hybrid-session-009-turn-1,3.390625,1.6953125,3.390625,0.0,0.0,/DATACENTER3/zhenxiang.wang/work/TailGuardKV/.worktrees/baseline-smoke-final-aggregation/out/full_25session_baseline_9_14/full/policy_attempts/retry2_20260915/seed20260907,True,calibrated safe,hybrid-session-009,chat,89.50023399665952,1,risk_evidence_insufficient
kivi_2bit_residual64,13.0,0.1,False,False,online_qwen,False,,/DATACENTER3/zhenxiang.wang/work/TailGuardKV/.worktrees/baseline-smoke-final-aggregation/out/full_25session_baseline_9_14/full/policy_attempts/retry2_20260915/seed20260907/config.yaml,,,,,0.1,True,,0.1,,0,False,,469.6015625,34.133544921875,3.171875,3.171875,1.640625,1302.9775500763208,unknown,True,,True,,False,,15089.64404296875,True,static_best,False,0.0,0.0,kivi_2bit_residual64,0.0,,risk_evidence_insufficient,0.0,static_best,0.0,,,,hybrid-session-010-turn-1,3.171875,1.53125,3.171875,0.0,0.0,/DATACENTER3/zhenxiang.wang/work/TailGuardKV/.worktrees/baseline-smoke-final-aggregation/out/full_25session_baseline_9_14/full/policy_attempts/retry2_20260915/seed20260907,True,calibrated safe,hybrid-session-010,chat,85.84231091663241,1,risk_evidence_insufficient
kivi_2bit_residual64,13.0,0.1,False,False,online_qwen,False,,/DATACENTER3/zhenxiang.wang/work/TailGuardKV/.worktrees/baseline-smoke-final-aggregation/out/full_25session_baseline_9_14/full/policy_attempts/retry2_20260915/seed20260907/config.yaml,,,,,0.1,True,,0.1,,0,False,,469.6015625,35.500732421875,3.390625,3.390625,1.3671875,1303.665797924623,unknown,True,,True,,False,,15083.72607421875,True,static_best,False,0.0,0.0,kivi_2bit_residual64,0.0,,risk_evidence_insufficient,0.0,static_best,0.0,,,,hybrid-session-011-turn-1,3.390625,2.0234375,3.390625,0.0,0.0,/DATACENTER3/zhenxiang.wang/work/TailGuardKV/.worktrees/baseline-smoke-final-aggregation/out/full_25session_baseline_9_14/full/policy_attempts/retry2_20260915/seed20260907,True,calibrated safe,hybrid-session-011,chat,85.06905101239681,1,risk_evidence_insufficient
kivi_2bit_residual64,13.0,0.1,False,False,online_qwen,False,,/DATACENTER3/zhenxiang.wang/work/TailGuardKV/.worktrees/baseline-smoke-final-aggregation/out/full_25session_baseline_9_14/full/policy_attempts/retry2_20260915/seed20260907/config.yaml,,,,,0.1,True,,0.1,,0,False,,469.6015625,36.922607421875,3.2265625,3.2265625,1.421875,1313.6215880513191,unknown,True,,True,,False,,15087.41455078125,True,static_best,False,0.0,0.0,kivi_2bit_residual64,0.0,,risk_evidence_insufficient,0.0,static_best,0.0,,,,hybrid-session-013-turn-1,3.2265625,1.8046875,3.2265625,0.0,0.0,/DATACENTER3/zhenxiang.wang/work/TailGuardKV/.worktrees/baseline-smoke-final-aggregation/out/full_25session_baseline_9_14/full/policy_attempts/retry2_20260915/seed20260907,True,calibrated safe,hybrid-session-013,chat,89.72859103232622,1,risk_evidence_insufficient
kivi_2bit_residual64,13.0,0.1,False,False,online_qwen,False,,/DATACENTER3/zhenxiang.wang/work/TailGuardKV/.worktrees/baseline-smoke-final-aggregation/out/full_25session_baseline_9_14/full/policy_attempts/retry2_20260915/seed20260907/config.yaml,,,,,0.1,True,,0.1,,0,False,,469.6015625,36.922607421875,2.625,2.625,0.0,1811.951091978699,unknown,True,,True,,False,,15090.05810546875,True,static_best,False,0.0,0.0,kivi_2bit_residual64,0.0,,risk_evidence_insufficient,0.0,static_best,0.0,,,,hybrid-session-016-turn-1,2.625,2.625,2.625,0.0,0.0,/DATACENTER3/zhenxiang.wang/work/TailGuardKV/.worktrees/baseline-smoke-final-aggregation/out/full_25session_baseline_9_14/full/policy_attempts/retry2_20260915/seed20260907,True,calibrated safe,hybrid-session-016,chat,89.10543913953006,1,risk_evidence_insufficient
kivi_2bit_residual64,13.0,0.1,False,False,online_qwen,False,,/DATACENTER3/zhenxiang.wang/work/TailGuardKV/.worktrees/baseline-smoke-final-aggregation/out/full_25session_baseline_9_14/full/policy_attempts/retry2_20260915/seed20260907/config.yaml,,,,,0.1,True,,0.1,,0,False,,469.6015625,37.52587890625,2.954833984375,2.954833984375,0.603271484375,2030.5727489758283,unknown,True,,True,,False,,15121.1357421875,True,static_best,False,0.0,0.0,kivi_2bit_residual64,0.0,,risk_evidence_insufficient,0.0,static_best,0.0,,,,hybrid-session-017-turn-1,2.954833984375,2.3515625,2.954833984375,0.0,0.0,/DATACENTER3/zhenxiang.wang/work/TailGuardKV/.worktrees/baseline-smoke-final-aggregation/out/full_25session_baseline_9_14/full/policy_attempts/retry2_20260915/seed20260907,True,calibrated safe,hybrid-session-017,chat,163.28315809369087,1,risk_evidence_insufficient
kivi_2bit_residual64,13.0,0.1,False,False,online_qwen,False,,/DATACENTER3/zhenxiang.wang/work/TailGuardKV/.worktrees/baseline-smoke-final-aggregation/out/full_25session_baseline_9_14/full/policy_attempts/retry2_20260915/seed20260907/config.yaml,,,,,0.1,True,,0.1,,0,False,,469.6015625,37.65234375,2.53271484375,2.53271484375,0.12646484375,1950.714168138802,unknown,True,,True,,False,,15101.38134765625,True,static_best,False,0.0,0.0,kivi_2bit_residual64,0.0,,risk_evidence_insufficient,0.0,static_best,0.0,,,,hybrid-session-020-turn-1,2.53271484375,2.40625,2.53271484375,0.0,0.0,/DATACENTER3/zhenxiang.wang/work/TailGuardKV/.worktrees/baseline-smoke-final-aggregation/out/full_25session_baseline_9_14/full/policy_attempts/retry2_20260915/seed20260907,True,calibrated safe,hybrid-session-020,chat,98.29291212372482,1,risk_evidence_insufficient
kivi_2bit_residual64,13.0,0.1,False,False,online_qwen,False,,/DATACENTER3/zhenxiang.wang/work/TailGuardKV/.worktrees/baseline-smoke-final-aggregation/out/full_25session_baseline_9_14/full/policy_attempts/retry2_20260915/seed20260907/config.yaml,,,,,0.1,True,,0.1,,0,False,,469.6015625,38.009521484375,2.435302734375,2.435302734375,0.357177734375,1807.1768709924072,unknown,True,,True,,False,,15105.22998046875,True,static_best,False,0.0,0.0,kivi_2bit_residual64,0.0,,risk_evidence_insufficient,0.0,static_best,0.0,,,,hybrid-session-023-turn-1,2.435302734375,2.078125,2.435302734375,0.0,0.0,/DATACENTER3/zhenxiang.wang/work/TailGuardKV/.worktrees/baseline-smoke-final-aggregation/out/full_25session_baseline_9_14/full/policy_attempts/retry2_20260915/seed20260907,True,calibrated safe,hybrid-session-023,chat,100.79280915670097,1,risk_evidence_insufficient
kivi_2bit_residual64,13.0,0.1,True,False,online_qwen,False,,/DATACENTER3/zhenxiang.wang/work/TailGuardKV/.worktrees/baseline-smoke-final-aggregation/out/full_25session_baseline_9_14/full/policy_attempts/retry2_20260915/seed20260907/config.yaml,,,,,0.1,True,,0.1,,0,False,,469.6015625,38.9580078125,3.682861328125,3.682861328125,0.948486328125,2109.0423041023314,unknown,True,,True,,False,,15272.94677734375,True,static_best,False,0.0007168458781361964,0.0007168458781361964,kivi_2bit_residual64,0.0007168458781361964,,risk_evidence_insufficient,0.0,static_best,0.0,,,,hybrid-session-000-turn-2,3.682861328125,2.734375,3.682861328125,0.0,0.009318996415770553,/DATACENTER3/zhenxiang.wang/work/TailGuardKV/.worktrees/baseline-smoke-final-aggregation/out/full_25session_baseline_9_14/full/policy_attempts/retry2_20260915/seed20260907,True,calibrated safe,hybrid-session-000,qa,219.61345709860325,2,risk_evidence_insufficient
kivi_2bit_residual64,13.0,0.1,False,False,online_qwen,False,,/DATACENTER3/zhenxiang.wang/work/TailGuardKV/.worktrees/baseline-smoke-final-aggregation/out/full_25session_baseline_9_14/full/policy_attempts/retry2_20260915/seed20260907/config.yaml,,,,,0.1,True,,0.1,,0,False,,469.6015625,40.140625,3.488037109375,3.488037109375,1.1826171875,2101.43174813129,unknown,True,,True,,False,,15234.24609375,True,static_best,False,0.019063180827886703,0.019063180827886703,kivi_2bit_residual64,0.019063180827886703,,risk_evidence_insufficient,0.0,static_best,0.0,,,,hybrid-session-002-turn-2,3.488037109375,2.305419921875,3.488037109375,0.0,0.19063180827886705,/DATACENTER3/zhenxiang.wang/work/TailGuardKV/.worktrees/baseline-smoke-final-aggregation/out/full_25session_baseline_9_14/full/policy_attempts/retry2_20260915/seed20260907,False,calibrated unsafe,hybrid-session-002,qa,201.75661495886743,2,risk_evidence_insufficient
kivi_2bit_residual64,13.0,0.1,False,False,online_qwen,False,,/DATACENTER3/zhenxiang.wang/work/TailGuardKV/.worktrees/baseline-smoke-final-aggregation/out/full_25session_baseline_9_14/full/policy_attempts/retry2_20260915/seed20260907/config.yaml,,,,,0.1,True,,0.1,,0,False,,469.6015625,41.567626953125,4.325439453125,4.325439453125,1.427001953125,2076.606576098129,unknown,True,,True,,False,,15234.28125,True,static_best,False,5.5796158035970045e-05,5.5796158035970045e-05,kivi_2bit_residual64,5.5796158035970045e-05,,risk_evidence_insufficient,0.0,static_best,0.0,,,,hybrid-session-003-turn-2,4.325439453125,2.8984375,4.325439453125,0.0,0.00016738847410791013,/DATACENTER3/zhenxiang.wang/work/TailGuardKV/.worktrees/baseline-smoke-final-aggregation/out/full_25session_baseline_9_14/full/policy_attempts/retry2_20260915/seed20260907,True,calibrated safe,hybrid-session-003,summary,179.75874803960323,2,risk_evidence_insufficient
kivi_2bit_residual64,13.0,0.1,False,False,online_qwen,False,,/DATACENTER3/zhenxiang.wang/work/TailGuardKV/.worktrees/baseline-smoke-final-aggregation/out/full_25session_baseline_9_14/full/policy_attempts/retry2_20260915/seed20260907/config.yaml,,,,,0.1,True,,0.1,,0,False,,469.6015625,42.5810546875,4.130615234375,4.130615234375,1.013427734375,2064.60830103606,unknown,True,,True,,False,,15220.7421875,True,static_best,False,0.0,0.0,kivi_2bit_residual64,0.0,,risk_evidence_insufficient,0.0,static_best,0.0,,,,hybrid-session-007-turn-2,4.130615234375,3.1171875,4.130615234375,0.0,0.0,/DATACENTER3/zhenxiang.wang/work/TailGuardKV/.worktrees/baseline-smoke-final-aggregation/out/full_25session_baseline_9_14/full/policy_attempts/retry2_20260915/seed20260907,True,calibrated safe,hybrid-session-007,summary,179.25830907188356,2,risk_evidence_insufficient
kivi_2bit_residual64,13.0,0.1,False,False,online_qwen,False,,/DATACENTER3/zhenxiang.wang/work/TailGuardKV/.worktrees/baseline-smoke-final-aggregation/out/full_25session_baseline_9_14/full/policy_attempts/retry2_20260915/seed20260907/config.yaml,,,,,0.1,True,,0.1,,0,False,,469.6015625,44.037109375,4.6826171875,4.6826171875,1.4560546875,2065.1891930028796,unknown,True,,True,,False,,15244.068359375,True,static_best,False,0.019063180827886703,0.019063180827886703,kivi_2bit_residual64,0.019063180827886703,,risk_evidence_insufficient,0.0,static_best,0.0,,,,hybrid-session-008-turn-2,4.6826171875,3.2265625,4.6826171875,0.0,0.19063180827886705,/DATACENTER3/zhenxiang.wang/work/TailGuardKV/.worktrees/baseline-smoke-final-aggregation/out/full_25session_baseline_9_14/full/policy_attempts/retry2_20260915/seed20260907,False,calibrated unsafe,hybrid-session-008,qa,170.3449059277773,2,risk_evidence_insufficient
kivi_2bit_residual64,13.0,0.1,False,False,online_qwen,False,,/DATACENTER3/zhenxiang.wang/work/TailGuardKV/.worktrees/baseline-smoke-final-aggregation/out/full_25session_baseline_9_14/full/policy_attempts/retry2_20260915/seed20260907/config.yaml,,,,,0.1,True,,0.1,,0,False,,469.6015625,44.842041015625,4.195556640625,4.195556640625,0.804931640625,1828.3456859644502,unknown,True,,True,,False,,15218.6484375,True,static_best,False,5.5796158035970045e-05,5.5796158035970045e-05,kivi_2bit_residual64,5.5796158035970045e-05,,risk_evidence_insufficient,0.0,static_best,0.0,,,,hybrid-session-009-turn-2,4.195556640625,3.390625,4.195556640625,0.0,0.00016738847410791013,/DATACENTER3/zhenxiang.wang/work/TailGuardKV/.worktrees/baseline-smoke-final-aggregation/out/full_25session_baseline_9_14/full/policy_attempts/retry2_20260915/seed20260907,True,calibrated safe,hybrid-session-009,summary,173.57409186661243,2,risk_evidence_insufficient
kivi_2bit_residual64,13.0,0.1,False,False,online_qwen,False,,/DATACENTER3/zhenxiang.wang/work/TailGuardKV/.worktrees/baseline-smoke-final-aggregation/out/full_25session_baseline_9_14/full/policy_attempts/retry2_20260915/seed20260907/config.yaml,,,,,0.1,True,,0.1,,0,False,,469.6015625,46.25537109375,4.585205078125,4.585205078125,1.413330078125,1159.0306360740215,unknown,True,,True,,False,,15243.396484375,True,static_best,False,0.019063180827886703,0.019063180827886703,kivi_2bit_residual64,0.019063180827886703,,risk_evidence_insufficient,0.0,static_best,0.0,,,,hybrid-session-010-turn-2,4.585205078125,3.171875,4.585205078125,0.0,0.19063180827886705,/DATACENTER3/zhenxiang.wang/work/TailGuardKV/.worktrees/baseline-smoke-final-aggregation/out/full_25session_baseline_9_14/full/policy_attempts/retry2_20260915/seed20260907,False,calibrated unsafe,hybrid-session-010,qa,118.73668315820396,2,risk_evidence_insufficient
kivi_2bit_residual64,13.0,0.1,True,False,online_qwen,False,,/DATACENTER3/zhenxiang.wang/work/TailGuardKV/.worktrees/baseline-smoke-final-aggregation/out/full_25session_baseline_9_14/full/policy_attempts/retry2_20260915/seed20260907/config.yaml,,,,,0.1,True,,0.1,,0,False,,469.6015625,47.190185546875,4.325439453125,4.325439453125,0.934814453125,2164.253978058696,unknown,True,,True,,False,,15226.8828125,True,static_best,False,0.0,0.0,kivi_2bit_residual64,0.0,,risk_evidence_insufficient,0.0,static_best,0.0,,,,hybrid-session-011-turn-2,4.325439453125,3.390625,4.325439453125,0.0,0.0,/DATACENTER3/zhenxiang.wang/work/TailGuardKV/.worktrees/baseline-smoke-final-aggregation/out/full_25session_baseline_9_14/full/policy_attempts/retry2_20260915/seed20260907,True,calibrated safe,hybrid-session-011,summary,179.30540908128023,2,risk_evidence_insufficient
kivi_2bit_residual64,13.0,0.1,False,False,online_qwen,False,,/DATACENTER3/zhenxiang.wang/work/TailGuardKV/.worktrees/baseline-smoke-final-aggregation/out/full_25session_baseline_9_14/full/policy_attempts/retry2_20260915/seed20260907/config.yaml,,,,,0.1,True,,0.1,,0,False,,469.6015625,48.321533203125,4.35791015625,4.35791015625,1.13134765625,2148.391333874315,unknown,True,,True,,False,,15233.873046875,True,static_best,False,0.0,0.0,kivi_2bit_residual64,0.0,,risk_evidence_insufficient,0.0,static_best,0.0,,,,hybrid-session-013-turn-2,4.35791015625,3.2265625,4.35791015625,0.0,0.0,/DATACENTER3/zhenxiang.wang/work/TailGuardKV/.worktrees/baseline-smoke-final-aggregation/out/full_25session_baseline_9_14/full/policy_attempts/retry2_20260915/seed20260907,True,calibrated safe,hybrid-session-013,summary,201.5992240048945,2,risk_evidence_insufficient
kivi_2bit_residual64,13.0,0.1,True,False,online_qwen,False,,/DATACENTER3/zhenxiang.wang/work/TailGuardKV/.worktrees/baseline-smoke-final-aggregation/out/full_25session_baseline_9_14/full/policy_attempts/retry2_20260915/seed20260907/config.yaml,,,,,0.1,True,,0.1,,0,False,,469.6015625,49.152099609375,3.45556640625,3.45556640625,0.83056640625,2344.400719041005,unknown,True,,True,,False,,15236.333984375,True,static_best,False,0.019063180827886703,0.019063180827886703,kivi_2bit_residual64,0.019063180827886703,,risk_evidence_insufficient,0.0,static_best,0.0,,,,hybrid-session-016-turn-2,3.45556640625,2.625,3.45556640625,0.0,0.19063180827886705,/DATACENTER3/zhenxiang.wang/work/TailGuardKV/.worktrees/baseline-smoke-final-aggregation/out/full_25session_baseline_9_14/full/policy_attempts/retry2_20260915/seed20260907,False,calibrated unsafe,hybrid-session-016,qa,197.59608199819922,2,risk_evidence_insufficient
kivi_2bit_residual64,13.0,0.1,False,False,online_qwen,False,,/DATACENTER3/zhenxiang.wang/work/TailGuardKV/.worktrees/baseline-smoke-final-aggregation/out/full_25session_baseline_9_14/full/policy_attempts/retry2_20260915/seed20260907/config.yaml,,,,,0.1,True,,0.1,,0,False,,469.6015625,50.204833984375,4.007568359375,4.007568359375,1.052734375,2225.1759690698236,unknown,True,,True,,False,,15237.44287109375,True,static_best,False,5.5796158035970045e-05,5.5796158035970045e-05,kivi_2bit_residual64,5.5796158035970045e-05,,risk_evidence_insufficient,0.0,static_best,0.0,,,,hybrid-session-017-turn-2,4.007568359375,2.954833984375,4.007568359375,0.0,0.00016738847410791013,/DATACENTER3/zhenxiang.wang/work/TailGuardKV/.worktrees/baseline-smoke-final-aggregation/out/full_25session_baseline_9_14/full/policy_attempts/retry2_20260915/seed20260907,True,calibrated safe,hybrid-session-017,summary,230.59180518612266,2,risk_evidence_insufficient
kivi_2bit_residual64,13.0,0.1,False,False,online_qwen,False,,/DATACENTER3/zhenxiang.wang/work/TailGuardKV/.worktrees/baseline-smoke-final-aggregation/out/full_25session_baseline_9_14/full/policy_attempts/retry2_20260915/seed20260907/config.yaml,,,,,0.1,True,,0.1,,0,False,,469.6015625,51.16015625,3.488037109375,3.488037109375,0.955322265625,2104.8399140127003,unknown,True,,True,,False,,15235.462890625,True,static_best,False,0.0007168458781361964,0.0007168458781361964,kivi_2bit_residual64,0.0007168458781361964,,risk_evidence_insufficient,0.0,static_best,0.0,,,,hybrid-session-020-turn-2,3.488037109375,2.53271484375,3.488037109375,0.0,0.009318996415770553,/DATACENTER3/zhenxiang.wang/work/TailGuardKV/.worktrees/baseline-smoke-final-aggregation/out/full_25session_baseline_9_14/full/policy_attempts/retry2_20260915/seed20260907,True,calibrated safe,hybrid-session-020,qa,194.9901708867401,2,risk_evidence_insufficient
kivi_2bit_residual64,13.0,0.1,False,False,online_qwen,False,,/DATACENTER3/zhenxiang.wang/work/TailGuardKV/.worktrees/baseline-smoke-final-aggregation/out/full_25session_baseline_9_14/full/policy_attempts/retry2_20260915/seed20260907/config.yaml,,,,,0.1,True,,0.1,,0,False,,469.6015625,52.115478515625,3.390625,3.390625,0.955322265625,2090.825238963589,unknown,True,,True,,False,,15236.44140625,True,static_best,False,0.0,0.0,kivi_2bit_residual64,0.0,,risk_evidence_insufficient,0.0,static_best,0.0,,,,hybrid-session-023-turn-2,3.390625,2.435302734375,3.390625,0.0,0.0,/DATACENTER3/zhenxiang.wang/work/TailGuardKV/.worktrees/baseline-smoke-final-aggregation/out/full_25session_baseline_9_14/full/policy_attempts/retry2_20260915/seed20260907,True,calibrated safe,hybrid-session-023,summary,186.73216784372926,2,risk_evidence_insufficient
kivi_2bit_residual64,13.0,0.1,False,False,online_qwen,False,,/DATACENTER3/zhenxiang.wang/work/TailGuardKV/.worktrees/baseline-smoke-final-aggregation/out/full_25session_baseline_9_14/full/policy_attempts/retry2_20260915/seed20260907/config.yaml,,,,,0.1,True,,0.1,,0,False,,469.6015625,53.57666015625,5.14404296875,5.14404296875,1.461181640625,2054.992537945509,unknown,True,,True,,False,,15131.53515625,True,static_best,False,0.0007168458781361964,0.0007168458781361964,kivi_2bit_residual64,0.0007168458781361964,,risk_evidence_insufficient,0.0,static_best,0.0,,,,hybrid-session-000-turn-3,5.14404296875,3.682861328125,5.14404296875,0.0,0.009318996415770553,/DATACENTER3/zhenxiang.wang/work/TailGuardKV/.worktrees/baseline-smoke-final-aggregation/out/full_25session_baseline_9_14/full/policy_attempts/retry2_20260915/seed20260907,True,calibrated safe,hybrid-session-000,qa,152.03757490962744,3,risk_evidence_insufficient
kivi_2bit_residual64,13.0,0.1,False,False,online_qwen,False,,/DATACENTER3/zhenxiang.wang/work/TailGuardKV/.worktrees/baseline-smoke-final-aggregation/out/full_25session_baseline_9_14/full/policy_attempts/retry2_20260915/seed20260907/config.yaml,,,,,0.1,True,,0.1,,0,False,,469.6015625,55.037841796875,4.94921875,4.94921875,1.461181640625,2056.8736570421606,unknown,True,,True,,False,,15133.01171875,True,static_best,False,0.019063180827886703,0.019063180827886703,kivi_2bit_residual64,0.019063180827886703,,risk_evidence_insufficient,0.0,static_best,0.0,,,,hybrid-session-002-turn-3,4.94921875,3.488037109375,4.94921875,0.0,0.19063180827886705,/DATACENTER3/zhenxiang.wang/work/TailGuardKV/.worktrees/baseline-smoke-final-aggregation/out/full_25session_baseline_9_14/full/policy_attempts/retry2_20260915/seed20260907,False,calibrated unsafe,hybrid-session-002,qa,143.59424612484872,3,risk_evidence_insufficient
kivi_2bit_residual64,13.0,0.1,False,False,online_qwen,False,,/DATACENTER3/zhenxiang.wang/work/TailGuardKV/.worktrees/baseline-smoke-final-aggregation/out/full_25session_baseline_9_14/full/policy_attempts/retry2_20260915/seed20260907/config.yaml,,,,,0.1,True,,0.1,,0,False,,469.6015625,55.044677734375,4.332275390625,4.332275390625,0.0068359375,2071.2154919747263,unknown,True,,True,,False,,15131.5,True,static_best,False,0.0,0.0,kivi_2bit_residual64,0.0,,risk_evidence_insufficient,0.0,static_best,0.0,,,,hybrid-session-003-turn-3,4.332275390625,4.325439453125,4.332275390625,0.0,0.0,/DATACENTER3/zhenxiang.wang/work/TailGuardKV/.worktrees/baseline-smoke-final-aggregation/out/full_25session_baseline_9_14/full/policy_attempts/retry2_20260915/seed20260907,True,calibrated safe,hybrid-session-003,summary,177.6199520099908,3,risk_evidence_insufficient
kivi_2bit_residual64,13.0,0.1,False,False,online_qwen,False,,/DATACENTER3/zhenxiang.wang/work/TailGuardKV/.worktrees/baseline-smoke-final-aggregation/out/full_25session_baseline_9_14/full/policy_attempts/retry2_20260915/seed20260907/config.yaml,,,,,0.1,True,,0.1,,0,False,,469.6015625,55.051513671875,4.137451171875,4.137451171875,0.0068359375,2069.942740024999,unknown,True,,True,,False,,15131.51953125,True,static_best,False,0.0,0.0,kivi_2bit_residual64,0.0,,risk_evidence_insufficient,0.0,static_best,0.0,,,,hybrid-session-007-turn-3,4.137451171875,4.130615234375,4.137451171875,0.0,0.0,/DATACENTER3/zhenxiang.wang/work/TailGuardKV/.worktrees/baseline-smoke-final-aggregation/out/full_25session_baseline_9_14/full/policy_attempts/retry2_20260915/seed20260907,True,calibrated safe,hybrid-session-007,summary,172.91623284108937,3,risk_evidence_insufficient
kivi_2bit_residual64,13.0,0.1,False,False,online_qwen,False,,/DATACENTER3/zhenxiang.wang/work/TailGuardKV/.worktrees/baseline-smoke-final-aggregation/out/full_25session_baseline_9_14/full/policy_attempts/retry2_20260915/seed20260907/config.yaml,,,,,0.1,True,,0.1,,0,False,,469.6015625,55.0908203125,4.721923828125,4.721923828125,0.039306640625,2055.0215479452163,unknown,True,,True,,False,,15133.025390625,True,static_best,False,0.019063180827886703,0.019063180827886703,kivi_2bit_residual64,0.019063180827886703,,risk_evidence_insufficient,0.0,static_best,0.0,,,,hybrid-session-008-turn-3,4.721923828125,4.6826171875,4.721923828125,0.0,0.19063180827886705,/DATACENTER3/zhenxiang.wang/work/TailGuardKV/.worktrees/baseline-smoke-final-aggregation/out/full_25session_baseline_9_14/full/policy_attempts/retry2_20260915/seed20260907,False,calibrated unsafe,hybrid-session-008,qa,169.62520289234817,3,risk_evidence_insufficient
kivi_2bit_residual64,13.0,0.1,False,False,online_qwen,False,,/DATACENTER3/zhenxiang.wang/work/TailGuardKV/.worktrees/baseline-smoke-final-aggregation/out/full_25session_baseline_9_14/full/policy_attempts/retry2_20260915/seed20260907/config.yaml,,,,,0.1,True,,0.1,,0,False,,469.6015625,55.09765625,4.202392578125,4.202392578125,0.0068359375,2601.2802189216018,unknown,True,,True,,False,,15131.58203125,True,static_best,False,0.0,0.0,kivi_2bit_residual64,0.0,,risk_evidence_insufficient,0.0,static_best,0.0,,,,hybrid-session-009-turn-3,4.202392578125,4.195556640625,4.202392578125,0.0,0.0,/DATACENTER3/zhenxiang.wang/work/TailGuardKV/.worktrees/baseline-smoke-final-aggregation/out/full_25session_baseline_9_14/full/policy_attempts/retry2_20260915/seed20260907,True,calibrated safe,hybrid-session-009,summary,199.58684383891523,3,risk_evidence_insufficient
kivi_2bit_residual64,13.0,0.1,False,False,online_qwen,False,,/DATACENTER3/zhenxiang.wang/work/TailGuardKV/.worktrees/baseline-smoke-final-aggregation/out/full_25session_baseline_9_14/full/policy_attempts/retry2_20260915/seed20260907/config.yaml,,,,,0.1,True,,0.1,,0,False,,469.6015625,55.136962890625,4.62451171875,4.62451171875,0.039306640625,2650.3508710302413,unknown,True,,True,,False,,15133.080078125,True,static_best,False,0.019063180827886703,0.019063180827886703,kivi_2bit_residual64,0.019063180827886703,,risk_evidence_insufficient,0.0,static_best,0.0,,,,hybrid-session-010-turn-3,4.62451171875,4.585205078125,4.62451171875,0.0,0.19063180827886705,/DATACENTER3/zhenxiang.wang/work/TailGuardKV/.worktrees/baseline-smoke-final-aggregation/out/full_25session_baseline_9_14/full/policy_attempts/retry2_20260915/seed20260907,False,calibrated unsafe,hybrid-session-010,qa,207.61335105635226,3,risk_evidence_insufficient
kivi_2bit_residual64,13.0,0.1,False,False,online_qwen,False,,/DATACENTER3/zhenxiang.wang/work/TailGuardKV/.worktrees/baseline-smoke-final-aggregation/out/full_25session_baseline_9_14/full/policy_attempts/retry2_20260915/seed20260907/config.yaml,,,,,0.1,True,,0.1,,0,False,,469.6015625,55.143798828125,4.332275390625,4.332275390625,0.0068359375,2269.3107589147985,unknown,True,,True,,False,,15131.609375,True,static_best,False,0.0,0.0,kivi_2bit_residual64,0.0,,risk_evidence_insufficient,0.0,static_best,0.0,,,,hybrid-session-011-turn-3,4.332275390625,4.325439453125,4.332275390625,0.0,0.0,/DATACENTER3/zhenxiang.wang/work/TailGuardKV/.worktrees/baseline-smoke-final-aggregation/out/full_25session_baseline_9_14/full/policy_attempts/retry2_20260915/seed20260907,True,calibrated safe,hybrid-session-011,summary,208.02397397346795,3,risk_evidence_insufficient
kivi_2bit_residual64,13.0,0.1,False,False,online_qwen,False,,/DATACENTER3/zhenxiang.wang/work/TailGuardKV/.worktrees/baseline-smoke-final-aggregation/out/full_25session_baseline_9_14/full/policy_attempts/retry2_20260915/seed20260907/config.yaml,,,,,0.1,True,,0.1,,0,False,,469.6015625,55.150634765625,4.36474609375,4.36474609375,0.0068359375,2333.4258520044386,unknown,True,,True,,False,,15131.595703125,True,static_best,False,0.0,0.0,kivi_2bit_residual64,0.0,,risk_evidence_insufficient,0.0,static_best,0.0,,,,hybrid-session-013-turn-3,4.36474609375,4.35791015625,4.36474609375,0.0,0.0,/DATACENTER3/zhenxiang.wang/work/TailGuardKV/.worktrees/baseline-smoke-final-aggregation/out/full_25session_baseline_9_14/full/policy_attempts/retry2_20260915/seed20260907,True,calibrated safe,hybrid-session-013,summary,209.24264704808593,3,risk_evidence_insufficient
kivi_2bit_residual64,13.0,0.1,False,False,online_qwen,False,,/DATACENTER3/zhenxiang.wang/work/TailGuardKV/.worktrees/baseline-smoke-final-aggregation/out/full_25session_baseline_9_14/full/policy_attempts/retry2_20260915/seed20260907/config.yaml,,,,,0.1,True,,0.1,,0,False,,469.6015625,56.61181640625,4.916748046875,4.916748046875,1.461181640625,2066.5772780776024,unknown,True,,True,,False,,15134.505859375,True,static_best,False,0.019063180827886703,0.019063180827886703,kivi_2bit_residual64,0.019063180827886703,,risk_evidence_insufficient,0.0,static_best,0.0,,,,hybrid-session-016-turn-3,4.916748046875,3.45556640625,4.916748046875,0.0,0.19063180827886705,/DATACENTER3/zhenxiang.wang/work/TailGuardKV/.worktrees/baseline-smoke-final-aggregation/out/full_25session_baseline_9_14/full/policy_attempts/retry2_20260915/seed20260907,False,calibrated unsafe,hybrid-session-016,qa,144.06232303008437,3,risk_evidence_insufficient
kivi_2bit_residual64,13.0,0.1,False,False,online_qwen,False,,/DATACENTER3/zhenxiang.wang/work/TailGuardKV/.worktrees/baseline-smoke-final-aggregation/out/full_25session_baseline_9_14/full/policy_attempts/retry2_20260915/seed20260907/config.yaml,,,,,0.1,True,,0.1,,0,False,,469.6015625,58.04052734375,5.436279296875,5.436279296875,1.4287109375,2290.9595060627908,unknown,True,,True,,False,,15134.45703125,True,static_best,False,0.0,0.0,kivi_2bit_residual64,0.0,,risk_evidence_insufficient,0.0,static_best,0.0,,,,hybrid-session-017-turn-3,5.436279296875,4.007568359375,5.436279296875,0.0,0.0,/DATACENTER3/zhenxiang.wang/work/TailGuardKV/.worktrees/baseline-smoke-final-aggregation/out/full_25session_baseline_9_14/full/policy_attempts/retry2_20260915/seed20260907,True,calibrated safe,hybrid-session-017,summary,143.46482208929956,3,risk_evidence_insufficient
kivi_2bit_residual64,13.0,0.1,False,False,online_qwen,False,,/DATACENTER3/zhenxiang.wang/work/TailGuardKV/.worktrees/baseline-smoke-final-aggregation/out/full_25session_baseline_9_14/full/policy_attempts/retry2_20260915/seed20260907/config.yaml,,,,,0.1,True,,0.1,,0,False,,469.6015625,59.501708984375,4.94921875,4.94921875,1.461181640625,2597.5364248733968,unknown,True,,True,,False,,15137.373046875,True,static_best,False,0.019063180827886703,0.019063180827886703,kivi_2bit_residual64,0.019063180827886703,,risk_evidence_insufficient,0.0,static_best,0.0,,,,hybrid-session-020-turn-3,4.94921875,3.488037109375,4.94921875,0.0,0.19063180827886705,/DATACENTER3/zhenxiang.wang/work/TailGuardKV/.worktrees/baseline-smoke-final-aggregation/out/full_25session_baseline_9_14/full/policy_attempts/retry2_20260915/seed20260907,False,calibrated unsafe,hybrid-session-020,qa,174.1919640917331,3,risk_evidence_insufficient
kivi_2bit_residual64,13.0,0.1,False,False,online_qwen,False,,/DATACENTER3/zhenxiang.wang/work/TailGuardKV/.worktrees/baseline-smoke-final-aggregation/out/full_25session_baseline_9_14/full/policy_attempts/retry2_20260915/seed20260907/config.yaml,,,,,0.1,True,,0.1,,0,False,,469.6015625,60.930419921875,4.8193359375,4.8193359375,1.4287109375,2435.3166511282325,unknown,True,,True,,False,,15137.32421875,True,static_best,False,0.0,0.0,kivi_2bit_residual64,0.0,,risk_evidence_insufficient,0.0,static_best,0.0,,,,hybrid-session-023-turn-3,4.8193359375,3.390625,4.8193359375,0.0,0.0,/DATACENTER3/zhenxiang.wang/work/TailGuardKV/.worktrees/baseline-smoke-final-aggregation/out/full_25session_baseline_9_14/full/policy_attempts/retry2_20260915/seed20260907,True,calibrated safe,hybrid-session-023,summary,177.4226389825344,3,risk_evidence_insufficient
kivi_2bit_residual64,13.0,0.1,False,False,online_qwen,False,,/DATACENTER3/zhenxiang.wang/work/TailGuardKV/.worktrees/baseline-smoke-final-aggregation/out/full_25session_baseline_9_14/full/policy_attempts/retry2_20260915/seed20260907/config.yaml,,,,,0.1,True,,0.1,,0,False,,469.6015625,60.930419921875,5.14404296875,5.14404296875,0.0,2085.4053359944373,unknown,True,,True,,False,,15131.34765625,True,static_best,False,0.0007168458781361964,0.0007168458781361964,kivi_2bit_residual64,0.0007168458781361964,,risk_evidence_insufficient,0.0,static_best,0.0,,,,hybrid-session-000-turn-4,5.14404296875,5.14404296875,5.14404296875,0.0,0.009318996415770553,/DATACENTER3/zhenxiang.wang/work/TailGuardKV/.worktrees/baseline-smoke-final-aggregation/out/full_25session_baseline_9_14/full/policy_attempts/retry2_20260915/seed20260907,True,calibrated safe,hybrid-session-000,qa,182.16372188180685,4,risk_evidence_insufficient
kivi_2bit_residual64,13.0,0.1,False,False,online_qwen,False,,/DATACENTER3/zhenxiang.wang/work/TailGuardKV/.worktrees/baseline-smoke-final-aggregation/out/full_25session_baseline_9_14/full/policy_attempts/retry2_20260915/seed20260907/config.yaml,,,,,0.1,True,,0.1,,0,False,,469.6015625,60.930419921875,4.94921875,4.94921875,0.0,2066.704139113426,unknown,True,,True,,False,,15131.251953125,True,static_best,False,0.019063180827886703,0.019063180827886703,kivi_2bit_residual64,0.019063180827886703,,risk_evidence_insufficient,0.0,static_best,0.0,,,,hybrid-session-002-turn-4,4.94921875,4.94921875,4.94921875,0.0,0.19063180827886705,/DATACENTER3/zhenxiang.wang/work/TailGuardKV/.worktrees/baseline-smoke-final-aggregation/out/full_25session_baseline_9_14/full/policy_attempts/retry2_20260915/seed20260907,False,calibrated unsafe,hybrid-session-002,qa,168.53371518664062,4,risk_evidence_insufficient
kivi_2bit_residual64,13.0,0.1,False,False,online_qwen,False,,/DATACENTER3/zhenxiang.wang/work/TailGuardKV/.worktrees/baseline-smoke-final-aggregation/out/full_25session_baseline_9_14/full/policy_attempts/retry2_20260915/seed20260907/config.yaml,,,,,0.1,True,,0.1,,0,False,,469.6015625,60.930419921875,4.332275390625,4.332275390625,0.0,2079.8670859076083,unknown,True,,True,,False,,15132.548828125,True,static_best,False,0.0,0.0,kivi_2bit_residual64,0.0,,risk_evidence_insufficient,0.0,static_best,0.0,,,,hybrid-session-003-turn-4,4.332275390625,4.332275390625,4.332275390625,0.0,0.0,/DATACENTER3/zhenxiang.wang/work/TailGuardKV/.worktrees/baseline-smoke-final-aggregation/out/full_25session_baseline_9_14/full/policy_attempts/retry2_20260915/seed20260907,True,calibrated safe,hybrid-session-003,summary,156.4778450410813,4,risk_evidence_insufficient
kivi_2bit_residual64,13.0,0.1,False,False,online_qwen,False,,/DATACENTER3/zhenxiang.wang/work/TailGuardKV/.worktrees/baseline-smoke-final-aggregation/out/full_25session_baseline_9_14/full/policy_attempts/retry2_20260915/seed20260907/config.yaml,,,,,0.1,True,,0.1,,0,False,,469.6015625,62.229248046875,5.436279296875,5.436279296875,1.298828125,2048.0711448471993,unknown,True,,True,,False,,15132.4296875,True,static_best,False,0.0,0.0,kivi_2bit_residual64,0.0,,risk_evidence_insufficient,0.0,static_best,0.0,,,,hybrid-session-007-turn-4,5.436279296875,4.137451171875,5.436279296875,0.0,0.0,/DATACENTER3/zhenxiang.wang/work/TailGuardKV/.worktrees/baseline-smoke-final-aggregation/out/full_25session_baseline_9_14/full/policy_attempts/retry2_20260915/seed20260907,True,calibrated safe,hybrid-session-007,summary,142.57153193466365,4,risk_evidence_insufficient
kivi_2bit_residual64,13.0,0.1,False,False,online_qwen,False,,/DATACENTER3/zhenxiang.wang/work/TailGuardKV/.worktrees/baseline-smoke-final-aggregation/out/full_25session_baseline_9_14/full/policy_attempts/retry2_20260915/seed20260907/config.yaml,,,,,0.1,True,,0.1,,0,False,,469.6015625,62.229248046875,4.721923828125,4.721923828125,0.0,2092.0199889224023,unknown,True,,True,,False,,15132.3046875,True,static_best,False,0.019063180827886703,0.019063180827886703,kivi_2bit_residual64,0.019063180827886703,,risk_evidence_insufficient,0.0,static_best,0.0,,,,hybrid-session-008-turn-4,4.721923828125,4.721923828125,4.721923828125,0.0,0.19063180827886705,/DATACENTER3/zhenxiang.wang/work/TailGuardKV/.worktrees/baseline-smoke-final-aggregation/out/full_25session_baseline_9_14/full/policy_attempts/retry2_20260915/seed20260907,False,calibrated unsafe,hybrid-session-008,qa,169.06720190308988,4,risk_evidence_insufficient
kivi_2bit_residual64,13.0,0.1,True,False,online_qwen,False,,/DATACENTER3/zhenxiang.wang/work/TailGuardKV/.worktrees/baseline-smoke-final-aggregation/out/full_25session_baseline_9_14/full/policy_attempts/retry2_20260915/seed20260907/config.yaml,,,,,0.1,True,,0.1,,0,False,,469.6015625,62.229248046875,4.202392578125,4.202392578125,0.0,2152.892030077055,unknown,True,,True,,False,,15133.615234375,True,static_best,False,0.0,0.0,kivi_2bit_residual64,0.0,,risk_evidence_insufficient,0.0,static_best,0.0,,,,hybrid-session-009-turn-4,4.202392578125,4.202392578125,4.202392578125,0.0,0.0,/DATACENTER3/zhenxiang.wang/work/TailGuardKV/.worktrees/baseline-smoke-final-aggregation/out/full_25session_baseline_9_14/full/policy_attempts/retry2_20260915/seed20260907,True,calibrated safe,hybrid-session-009,summary,150.63561708666384,4,risk_evidence_insufficient
kivi_2bit_residual64,13.0,0.1,False,False,online_qwen,False,,/DATACENTER3/zhenxiang.wang/work/TailGuardKV/.worktrees/baseline-smoke-final-aggregation/out/full_25session_baseline_9_14/full/policy_attempts/retry2_20260915/seed20260907/config.yaml,,,,,0.1,True,,0.1,,0,False,,469.6015625,62.229248046875,4.62451171875,4.62451171875,0.0,2059.72347012721,unknown,True,,True,,False,,15133.4599609375,True,static_best,False,0.019063180827886703,0.019063180827886703,kivi_2bit_residual64,0.019063180827886703,,risk_evidence_insufficient,0.0,static_best,0.0,,,,hybrid-session-010-turn-4,4.62451171875,4.62451171875,4.62451171875,0.0,0.19063180827886705,/DATACENTER3/zhenxiang.wang/work/TailGuardKV/.worktrees/baseline-smoke-final-aggregation/out/full_25session_baseline_9_14/full/policy_attempts/retry2_20260915/seed20260907,False,calibrated unsafe,hybrid-session-010,qa,144.6835391689092,4,risk_evidence_insufficient
kivi_2bit_residual64,13.0,0.1,True,False,online_qwen,False,,/DATACENTER3/zhenxiang.wang/work/TailGuardKV/.worktrees/baseline-smoke-final-aggregation/out/full_25session_baseline_9_14/full/policy_attempts/retry2_20260915/seed20260907/config.yaml,,,,,0.1,True,,0.1,,0,False,,469.6015625,62.229248046875,4.332275390625,4.332275390625,0.0,2058.7949219625443,unknown,True,,True,,False,,15133.369140625,True,static_best,False,0.0,0.0,kivi_2bit_residual64,0.0,,risk_evidence_insufficient,0.0,static_best,0.0,,,,hybrid-session-011-turn-4,4.332275390625,4.332275390625,4.332275390625,0.0,0.0,/DATACENTER3/zhenxiang.wang/work/TailGuardKV/.worktrees/baseline-smoke-final-aggregation/out/full_25session_baseline_9_14/full/policy_attempts/retry2_20260915/seed20260907,True,calibrated safe,hybrid-session-011,summary,145.8605609368533,4,risk_evidence_insufficient
kivi_2bit_residual64,13.0,0.1,False,False,online_qwen,False,,/DATACENTER3/zhenxiang.wang/work/TailGuardKV/.worktrees/baseline-smoke-final-aggregation/out/full_25session_baseline_9_14/full/policy_attempts/retry2_20260915/seed20260907/config.yaml,,,,,0.1,True,,0.1,,0,False,,469.6015625,62.229248046875,4.36474609375,4.36474609375,0.0,2062.4012099578977,unknown,True,,True,,False,,15133.259765625,True,static_best,False,0.0,0.0,kivi_2bit_residual64,0.0,,risk_evidence_insufficient,0.0,static_best,0.0,,,,hybrid-session-013-turn-4,4.36474609375,4.36474609375,4.36474609375,0.0,0.0,/DATACENTER3/zhenxiang.wang/work/TailGuardKV/.worktrees/baseline-smoke-final-aggregation/out/full_25session_baseline_9_14/full/policy_attempts/retry2_20260915/seed20260907,True,calibrated safe,hybrid-session-013,summary,145.23849496617913,4,risk_evidence_insufficient
kivi_2bit_residual64,13.0,0.1,False,False,online_qwen,False,,/DATACENTER3/zhenxiang.wang/work/TailGuardKV/.worktrees/baseline-smoke-final-aggregation/out/full_25session_baseline_9_14/full/policy_attempts/retry2_20260915/seed20260907/config.yaml,,,,,0.1,True,,0.1,,0,False,,469.6015625,62.229248046875,4.916748046875,4.916748046875,0.0,2063.1533400155604,unknown,True,,True,,False,,15131.736328125,True,static_best,False,0.019063180827886703,0.019063180827886703,kivi_2bit_residual64,0.019063180827886703,,risk_evidence_insufficient,0.0,static_best,0.0,,,,hybrid-session-016-turn-4,4.916748046875,4.916748046875,4.916748046875,0.0,0.19063180827886705,/DATACENTER3/zhenxiang.wang/work/TailGuardKV/.worktrees/baseline-smoke-final-aggregation/out/full_25session_baseline_9_14/full/policy_attempts/retry2_20260915/seed20260907,False,calibrated unsafe,hybrid-session-016,qa,170.72667903266847,4,risk_evidence_insufficient
kivi_2bit_residual64,13.0,0.1,False,False,online_qwen,False,,/DATACENTER3/zhenxiang.wang/work/TailGuardKV/.worktrees/baseline-smoke-final-aggregation/out/full_25session_baseline_9_14/full/policy_attempts/retry2_20260915/seed20260907/config.yaml,,,,,0.1,True,,0.1,,0,False,,469.6015625,62.229248046875,5.436279296875,5.436279296875,0.0,2098.385802935809,unknown,True,,True,,False,,15131.626953125,True,static_best,False,0.0,0.0,kivi_2bit_residual64,0.0,,risk_evidence_insufficient,0.0,static_best,0.0,,,,hybrid-session-017-turn-4,5.436279296875,5.436279296875,5.436279296875,0.0,0.0,/DATACENTER3/zhenxiang.wang/work/TailGuardKV/.worktrees/baseline-smoke-final-aggregation/out/full_25session_baseline_9_14/full/policy_attempts/retry2_20260915/seed20260907,True,calibrated safe,hybrid-session-017,summary,172.2516471054405,4,risk_evidence_insufficient
kivi_2bit_residual64,13.0,0.1,False,False,online_qwen,False,,/DATACENTER3/zhenxiang.wang/work/TailGuardKV/.worktrees/baseline-smoke-final-aggregation/out/full_25session_baseline_9_14/full/policy_attempts/retry2_20260915/seed20260907/config.yaml,,,,,0.1,True,,0.1,,0,False,,469.6015625,62.229248046875,4.94921875,4.94921875,0.0,2085.655693197623,unknown,True,,True,,False,,15131.525390625,True,static_best,False,0.019063180827886703,0.019063180827886703,kivi_2bit_residual64,0.019063180827886703,,risk_evidence_insufficient,0.0,static_best,0.0,,,,hybrid-session-020-turn-4,4.94921875,4.94921875,4.94921875,0.0,0.19063180827886705,/DATACENTER3/zhenxiang.wang/work/TailGuardKV/.worktrees/baseline-smoke-final-aggregation/out/full_25session_baseline_9_14/full/policy_attempts/retry2_20260915/seed20260907,False,calibrated unsafe,hybrid-session-020,qa,167.08466107957065,4,risk_evidence_insufficient
kivi_2bit_residual64,13.0,0.1,False,False,online_qwen,False,,/DATACENTER3/zhenxiang.wang/work/TailGuardKV/.worktrees/baseline-smoke-final-aggregation/out/full_25session_baseline_9_14/full/policy_attempts/retry2_20260915/seed20260907/config.yaml,,,,,0.1,True,,0.1,,0,False,,469.6015625,62.229248046875,4.8193359375,4.8193359375,0.0,2071.737420046702,unknown,True,,True,,False,,15131.416015625,True,static_best,False,0.0,0.0,kivi_2bit_residual64,0.0,,risk_evidence_insufficient,0.0,static_best,0.0,,,,hybrid-session-023-turn-4,4.8193359375,4.8193359375,4.8193359375,0.0,0.0,/DATACENTER3/zhenxiang.wang/work/TailGuardKV/.worktrees/baseline-smoke-final-aggregation/out/full_25session_baseline_9_14/full/policy_attempts/retry2_20260915/seed20260907,True,calibrated safe,hybrid-session-023,summary,172.33172105625272,4,risk_evidence_insufficient
kivi_4bit_residual64,1.0,0.1,False,False,online_qwen,False,,/DATACENTER3/zhenxiang.wang/work/TailGuardKV/.worktrees/baseline-smoke-final-aggregation/out/full_25session_baseline_9_14/full/policy_attempts/retry2_20260915/seed20260907/config.yaml,,,,,0.1,True,,0.1,,0,False,,469.6015625,1.203125,1.203125,1.203125,1.203125,41207.04980587959,unknown,True,,True,,False,,15045.50732421875,True,static_safe,False,0.0,0.0,kivi_4bit_residual64,0.0,,risk_evidence_insufficient,0.0,static_safe,0.0,,,,hybrid-session-000-turn-0,1.203125,0.0,1.203125,0.0,0.0,/DATACENTER3/zhenxiang.wang/work/TailGuardKV/.worktrees/baseline-smoke-final-aggregation/out/full_25session_baseline_9_14/full/policy_attempts/retry2_20260915/seed20260907,True,calibrated safe,hybrid-session-000,chat,40001.389201706275,0,risk_evidence_insufficient
kivi_4bit_residual64,2.0,0.1,False,False,online_qwen,False,,/DATACENTER3/zhenxiang.wang/work/TailGuardKV/.worktrees/baseline-smoke-final-aggregation/out/full_25session_baseline_9_14/full/policy_attempts/retry2_20260915/seed20260907/config.yaml,,,,,0.1,True,,0.1,,0,False,,469.6015625,3.28125,2.078125,2.078125,2.078125,1273.0187331326306,unknown,True,,True,,False,,15071.74462890625,True,static_safe,False,0.0,0.0,kivi_4bit_residual64,0.0,,risk_evidence_insufficient,0.0,static_safe,0.0,,,,hybrid-session-002-turn-0,2.078125,0.0,2.078125,0.0,0.0,/DATACENTER3/zhenxiang.wang/work/TailGuardKV/.worktrees/baseline-smoke-final-aggregation/out/full_25session_baseline_9_14/full/policy_attempts/retry2_20260915/seed20260907,True,calibrated safe,hybrid-session-002,chat,97.78566216118634,0,risk_evidence_insufficient
kivi_4bit_residual64,3.0,0.1,False,False,online_qwen,False,,/DATACENTER3/zhenxiang.wang/work/TailGuardKV/.worktrees/baseline-smoke-final-aggregation/out/full_25session_baseline_9_14/full/policy_attempts/retry2_20260915/seed20260907/config.yaml,,,,,0.1,True,,0.1,,0,False,,469.6015625,4.7578125,1.4765625,1.4765625,1.4765625,1266.4409240242094,unknown,True,,True,,False,,15056.39697265625,True,static_safe,False,0.0,0.0,kivi_4bit_residual64,0.0,,risk_evidence_insufficient,0.0,static_safe,0.0,,,,hybrid-session-003-turn-0,1.4765625,0.0,1.4765625,0.0,0.0,/DATACENTER3/zhenxiang.wang/work/TailGuardKV/.worktrees/baseline-smoke-final-aggregation/out/full_25session_baseline_9_14/full/policy_attempts/retry2_20260915/seed20260907,True,calibrated safe,hybrid-session-003,chat,88.77992117777467,0,risk_evidence_insufficient
kivi_4bit_residual64,4.0,0.1,False,False,online_qwen,False,,/DATACENTER3/zhenxiang.wang/work/TailGuardKV/.worktrees/baseline-smoke-final-aggregation/out/full_25session_baseline_9_14/full/policy_attempts/retry2_20260915/seed20260907/config.yaml,,,,,0.1,True,,0.1,,0,False,,469.6015625,6.015625,1.2578125,1.2578125,1.2578125,1231.0191120486706,unknown,True,,True,,False,,15051.48681640625,True,static_safe,False,0.0,0.0,kivi_4bit_residual64,0.0,,risk_evidence_insufficient,0.0,static_safe,0.0,,,,hybrid-session-007-turn-0,1.2578125,0.0,1.2578125,0.0,0.0,/DATACENTER3/zhenxiang.wang/work/TailGuardKV/.worktrees/baseline-smoke-final-aggregation/out/full_25session_baseline_9_14/full/policy_attempts/retry2_20260915/seed20260907,True,calibrated safe,hybrid-session-007,chat,84.15196090936661,0,risk_evidence_insufficient
kivi_4bit_residual64,5.0,0.1,False,False,online_qwen,False,,/DATACENTER3/zhenxiang.wang/work/TailGuardKV/.worktrees/baseline-smoke-final-aggregation/out/full_25session_baseline_9_14/full/policy_attempts/retry2_20260915/seed20260907/config.yaml,,,,,0.1,True,,0.1,,0,False,,469.6015625,7.6015625,1.5859375,1.5859375,1.5859375,1257.5767450034618,unknown,True,,True,,False,,15061.63525390625,True,static_safe,False,0.0,0.0,kivi_4bit_residual64,0.0,,risk_evidence_insufficient,0.0,static_safe,0.0,,,,hybrid-session-008-turn-0,1.5859375,0.0,1.5859375,0.0,0.0,/DATACENTER3/zhenxiang.wang/work/TailGuardKV/.worktrees/baseline-smoke-final-aggregation/out/full_25session_baseline_9_14/full/policy_attempts/retry2_20260915/seed20260907,True,calibrated safe,hybrid-session-008,chat,84.69762792810798,0,risk_evidence_insufficient
kivi_4bit_residual64,6.0,0.1,False,False,online_qwen,False,,/DATACENTER3/zhenxiang.wang/work/TailGuardKV/.worktrees/baseline-smoke-final-aggregation/out/full_25session_baseline_9_14/full/policy_attempts/retry2_20260915/seed20260907/config.yaml,,,,,0.1,True,,0.1,,0,False,,469.6015625,9.296875,1.6953125,1.6953125,1.6953125,1265.910169808194,unknown,True,,True,,False,,15066.24462890625,True,static_safe,False,0.0,0.0,kivi_4bit_residual64,0.0,,risk_evidence_insufficient,0.0,static_safe,0.0,,,,hybrid-session-009-turn-0,1.6953125,0.0,1.6953125,0.0,0.0,/DATACENTER3/zhenxiang.wang/work/TailGuardKV/.worktrees/baseline-smoke-final-aggregation/out/full_25session_baseline_9_14/full/policy_attempts/retry2_20260915/seed20260907,True,calibrated safe,hybrid-session-009,chat,85.27053985744715,0,risk_evidence_insufficient
kivi_4bit_residual64,7.0,0.1,False,False,online_qwen,False,,/DATACENTER3/zhenxiang.wang/work/TailGuardKV/.worktrees/baseline-smoke-final-aggregation/out/full_25session_baseline_9_14/full/policy_attempts/retry2_20260915/seed20260907/config.yaml,,,,,0.1,True,,0.1,,0,False,,469.6015625,10.828125,1.53125,1.53125,1.53125,1278.1006728764623,unknown,True,,True,,False,,15063.63427734375,True,static_safe,False,0.0,0.0,kivi_4bit_residual64,0.0,,risk_evidence_insufficient,0.0,static_safe,0.0,,,,hybrid-session-010-turn-0,1.53125,0.0,1.53125,0.0,0.0,/DATACENTER3/zhenxiang.wang/work/TailGuardKV/.worktrees/baseline-smoke-final-aggregation/out/full_25session_baseline_9_14/full/policy_attempts/retry2_20260915/seed20260907,True,calibrated safe,hybrid-session-010,chat,84.35667189769447,0,risk_evidence_insufficient
kivi_4bit_residual64,8.0,0.1,False,False,online_qwen,False,,/DATACENTER3/zhenxiang.wang/work/TailGuardKV/.worktrees/baseline-smoke-final-aggregation/out/full_25session_baseline_9_14/full/policy_attempts/retry2_20260915/seed20260907/config.yaml,,,,,0.1,True,,0.1,,0,False,,469.6015625,12.8515625,2.0234375,2.0234375,2.0234375,1285.3905828669667,unknown,True,,True,,False,,15078.54150390625,True,static_safe,False,0.0,0.0,kivi_4bit_residual64,0.0,,risk_evidence_insufficient,0.0,static_safe,0.0,,,,hybrid-session-011-turn-0,2.0234375,0.0,2.0234375,0.0,0.0,/DATACENTER3/zhenxiang.wang/work/TailGuardKV/.worktrees/baseline-smoke-final-aggregation/out/full_25session_baseline_9_14/full/policy_attempts/retry2_20260915/seed20260907,True,calibrated safe,hybrid-session-011,chat,98.92949578352273,0,risk_evidence_insufficient
kivi_4bit_residual64,9.0,0.1,False,False,online_qwen,False,,/DATACENTER3/zhenxiang.wang/work/TailGuardKV/.worktrees/baseline-smoke-final-aggregation/out/full_25session_baseline_9_14/full/policy_attempts/retry2_20260915/seed20260907/config.yaml,,,,,0.1,True,,0.1,,0,False,,469.6015625,14.65625,1.8046875,1.8046875,1.8046875,1291.972763137892,unknown,True,,True,,False,,15074.51806640625,True,static_safe,False,0.0,0.0,kivi_4bit_residual64,0.0,,risk_evidence_insufficient,0.0,static_safe,0.0,,,,hybrid-session-013-turn-0,1.8046875,0.0,1.8046875,0.0,0.0,/DATACENTER3/zhenxiang.wang/work/TailGuardKV/.worktrees/baseline-smoke-final-aggregation/out/full_25session_baseline_9_14/full/policy_attempts/retry2_20260915/seed20260907,True,calibrated safe,hybrid-session-013,chat,96.31519112735987,0,risk_evidence_insufficient
kivi_4bit_residual64,10.0,0.1,False,False,online_qwen,False,,/DATACENTER3/zhenxiang.wang/work/TailGuardKV/.worktrees/baseline-smoke-final-aggregation/out/full_25session_baseline_9_14/full/policy_attempts/retry2_20260915/seed20260907/config.yaml,,,,,0.1,True,,0.1,,0,False,,469.6015625,17.28125,2.625,2.625,2.625,1307.6677389908582,unknown,True,,True,,False,,15100.71337890625,True,static_safe,False,0.0,0.0,kivi_4bit_residual64,0.0,,risk_evidence_insufficient,0.0,static_safe,0.0,,,,hybrid-session-016-turn-0,2.625,0.0,2.625,0.0,0.0,/DATACENTER3/zhenxiang.wang/work/TailGuardKV/.worktrees/baseline-smoke-final-aggregation/out/full_25session_baseline_9_14/full/policy_attempts/retry2_20260915/seed20260907,True,calibrated safe,hybrid-session-016,chat,105.61797907575965,0,risk_evidence_insufficient
kivi_4bit_residual64,11.0,0.1,False,False,online_qwen,False,,/DATACENTER3/zhenxiang.wang/work/TailGuardKV/.worktrees/baseline-smoke-final-aggregation/out/full_25session_baseline_9_14/full/policy_attempts/retry2_20260915/seed20260907/config.yaml,,,,,0.1,True,,0.1,,0,False,,469.6015625,19.6328125,2.3515625,2.3515625,2.3515625,1302.2994010243565,unknown,True,,True,,False,,15094.06494140625,True,static_safe,False,0.0,0.0,kivi_4bit_residual64,0.0,,risk_evidence_insufficient,0.0,static_safe,0.0,,,,hybrid-session-017-turn-0,2.3515625,0.0,2.3515625,0.0,0.0,/DATACENTER3/zhenxiang.wang/work/TailGuardKV/.worktrees/baseline-smoke-final-aggregation/out/full_25session_baseline_9_14/full/policy_attempts/retry2_20260915/seed20260907,True,calibrated safe,hybrid-session-017,chat,102.8386119287461,0,risk_evidence_insufficient
kivi_4bit_residual64,12.0,0.1,False,False,online_qwen,False,,/DATACENTER3/zhenxiang.wang/work/TailGuardKV/.worktrees/baseline-smoke-final-aggregation/out/full_25session_baseline_9_14/full/policy_attempts/retry2_20260915/seed20260907/config.yaml,,,,,0.1,True,,0.1,,0,False,,469.6015625,22.0390625,2.40625,2.40625,2.40625,1293.577732052654,unknown,True,,True,,False,,15097.92822265625,True,static_safe,False,0.0,0.0,kivi_4bit_residual64,0.0,,risk_evidence_insufficient,0.0,static_safe,0.0,,,,hybrid-session-020-turn-0,2.40625,0.0,2.40625,0.0,0.0,/DATACENTER3/zhenxiang.wang/work/TailGuardKV/.worktrees/baseline-smoke-final-aggregation/out/full_25session_baseline_9_14/full/policy_attempts/retry2_20260915/seed20260907,True,calibrated safe,hybrid-session-020,chat,97.65099501237273,0,risk_evidence_insufficient
kivi_4bit_residual64,13.0,0.1,False,False,online_qwen,False,,/DATACENTER3/zhenxiang.wang/work/TailGuardKV/.worktrees/baseline-smoke-final-aggregation/out/full_25session_baseline_9_14/full/policy_attempts/retry2_20260915/seed20260907/config.yaml,,,,,0.1,True,,0.1,,0,False,,469.6015625,24.1171875,2.078125,2.078125,2.078125,1282.4976118281484,unknown,True,,True,,False,,15092.58056640625,True,static_safe,False,0.0,0.0,kivi_4bit_residual64,0.0,,risk_evidence_insufficient,0.0,static_safe,0.0,,,,hybrid-session-023-turn-0,2.078125,0.0,2.078125,0.0,0.0,/DATACENTER3/zhenxiang.wang/work/TailGuardKV/.worktrees/baseline-smoke-final-aggregation/out/full_25session_baseline_9_14/full/policy_attempts/retry2_20260915/seed20260907,True,calibrated safe,hybrid-session-023,chat,95.64507193863392,0,risk_evidence_insufficient
kivi_4bit_residual64,13.0,0.1,False,False,online_qwen,False,,/DATACENTER3/zhenxiang.wang/work/TailGuardKV/.worktrees/baseline-smoke-final-aggregation/out/full_25session_baseline_9_14/full/policy_attempts/retry2_20260915/seed20260907/config.yaml,,,,,0.1,True,,0.1,,0,False,,469.6015625,25.6484375,2.734375,2.734375,1.53125,1275.808649836108,unknown,True,,True,,False,,15078.45556640625,True,static_safe,False,0.0,0.0,kivi_4bit_residual64,0.0,,risk_evidence_insufficient,0.0,static_safe,0.0,,,,hybrid-session-000-turn-1,2.734375,1.203125,2.734375,0.0,0.0,/DATACENTER3/zhenxiang.wang/work/TailGuardKV/.worktrees/baseline-smoke-final-aggregation/out/full_25session_baseline_9_14/full/policy_attempts/retry2_20260915/seed20260907,True,calibrated safe,hybrid-session-000,chat,86.0519118141383,1,risk_evidence_insufficient
kivi_4bit_residual64,13.0,0.1,True,False,online_qwen,False,,/DATACENTER3/zhenxiang.wang/work/TailGuardKV/.worktrees/baseline-smoke-final-aggregation/out/full_25session_baseline_9_14/full/policy_attempts/retry2_20260915/seed20260907/config.yaml,,,,,0.1,True,,0.1,,0,False,,469.6015625,26.118408203125,2.548095703125,2.548095703125,0.469970703125,5194.532073102891,unknown,True,,True,,False,,15087.31591796875,True,static_safe,False,0.0,0.0,kivi_4bit_residual64,0.0,,risk_evidence_insufficient,0.0,static_safe,0.0,,,,hybrid-session-002-turn-1,2.548095703125,2.078125,2.548095703125,0.0,0.0,/DATACENTER3/zhenxiang.wang/work/TailGuardKV/.worktrees/baseline-smoke-final-aggregation/out/full_25session_baseline_9_14/full/policy_attempts/retry2_20260915/seed20260907,True,calibrated safe,hybrid-session-002,chat,114.43666322156787,1,risk_evidence_insufficient
kivi_4bit_residual64,13.0,0.1,False,False,online_qwen,False,,/DATACENTER3/zhenxiang.wang/work/TailGuardKV/.worktrees/baseline-smoke-final-aggregation/out/full_25session_baseline_9_14/full/policy_attempts/retry2_20260915/seed20260907/config.yaml,,,,,0.1,True,,0.1,,0,False,,469.6015625,27.540283203125,2.8984375,2.8984375,1.421875,1547.7205589413643,unknown,True,,True,,False,,15078.03564453125,True,static_safe,False,0.0,0.0,kivi_4bit_residual64,0.0,,risk_evidence_insufficient,0.0,static_safe,0.0,,,,hybrid-session-003-turn-1,2.8984375,1.4765625,2.8984375,0.0,0.0,/DATACENTER3/zhenxiang.wang/work/TailGuardKV/.worktrees/baseline-smoke-final-aggregation/out/full_25session_baseline_9_14/full/policy_attempts/retry2_20260915/seed20260907,True,calibrated safe,hybrid-session-003,chat,113.27432980760932,1,risk_evidence_insufficient
kivi_4bit_residual64,13.0,0.1,False,False,online_qwen,False,,/DATACENTER3/zhenxiang.wang/work/TailGuardKV/.worktrees/baseline-smoke-final-aggregation/out/full_25session_baseline_9_14/full/policy_attempts/retry2_20260915/seed20260907/config.yaml,,,,,0.1,True,,0.1,,0,False,,469.6015625,29.399658203125,3.1171875,3.1171875,1.859375,1291.5615390520543,unknown,True,,True,,False,,15091.59521484375,True,static_safe,False,0.0,0.0,kivi_4bit_residual64,0.0,,risk_evidence_insufficient,0.0,static_safe,0.0,,,,hybrid-session-007-turn-1,3.1171875,1.2578125,3.1171875,0.0,0.0,/DATACENTER3/zhenxiang.wang/work/TailGuardKV/.worktrees/baseline-smoke-final-aggregation/out/full_25session_baseline_9_14/full/policy_attempts/retry2_20260915/seed20260907,True,calibrated safe,hybrid-session-007,chat,99.38043216243386,1,risk_evidence_insufficient
kivi_4bit_residual64,13.0,0.1,False,False,online_qwen,False,,/DATACENTER3/zhenxiang.wang/work/TailGuardKV/.worktrees/baseline-smoke-final-aggregation/out/full_25session_baseline_9_14/full/policy_attempts/retry2_20260915/seed20260907/config.yaml,,,,,0.1,True,,0.1,,0,False,,469.6015625,31.040283203125,3.2265625,3.2265625,1.640625,1275.3472689073533,unknown,True,,True,,False,,15086.55419921875,True,static_safe,False,0.0,0.0,kivi_4bit_residual64,0.0,,risk_evidence_insufficient,0.0,static_safe,0.0,,,,hybrid-session-008-turn-1,3.2265625,1.5859375,3.2265625,0.0,0.0,/DATACENTER3/zhenxiang.wang/work/TailGuardKV/.worktrees/baseline-smoke-final-aggregation/out/full_25session_baseline_9_14/full/policy_attempts/retry2_20260915/seed20260907,True,calibrated safe,hybrid-session-008,chat,82.21859997138381,1,risk_evidence_insufficient
kivi_4bit_residual64,13.0,0.1,False,False,online_qwen,False,,/DATACENTER3/zhenxiang.wang/work/TailGuardKV/.worktrees/baseline-smoke-final-aggregation/out/full_25session_baseline_9_14/full/policy_attempts/retry2_20260915/seed20260907/config.yaml,,,,,0.1,True,,0.1,,0,False,,469.6015625,32.735595703125,3.390625,3.390625,1.6953125,1272.8793660644442,unknown,True,,True,,False,,15089.70654296875,True,static_safe,False,0.0,0.0,kivi_4bit_residual64,0.0,,risk_evidence_insufficient,0.0,static_safe,0.0,,,,hybrid-session-009-turn-1,3.390625,1.6953125,3.390625,0.0,0.0,/DATACENTER3/zhenxiang.wang/work/TailGuardKV/.worktrees/baseline-smoke-final-aggregation/out/full_25session_baseline_9_14/full/policy_attempts/retry2_20260915/seed20260907,True,calibrated safe,hybrid-session-009,chat,85.45517991296947,1,risk_evidence_insufficient
kivi_4bit_residual64,13.0,0.1,False,False,online_qwen,False,,/DATACENTER3/zhenxiang.wang/work/TailGuardKV/.worktrees/baseline-smoke-final-aggregation/out/full_25session_baseline_9_14/full/policy_attempts/retry2_20260915/seed20260907/config.yaml,,,,,0.1,True,,0.1,,0,False,,469.6015625,34.376220703125,3.171875,3.171875,1.640625,1273.2607109937817,unknown,True,,True,,False,,15089.89013671875,True,static_safe,False,0.0,0.0,kivi_4bit_residual64,0.0,,risk_evidence_insufficient,0.0,static_safe,0.0,,,,hybrid-session-010-turn-1,3.171875,1.53125,3.171875,0.0,0.0,/DATACENTER3/zhenxiang.wang/work/TailGuardKV/.worktrees/baseline-smoke-final-aggregation/out/full_25session_baseline_9_14/full/policy_attempts/retry2_20260915/seed20260907,True,calibrated safe,hybrid-session-010,chat,88.53776892647147,1,risk_evidence_insufficient
kivi_4bit_residual64,13.0,0.1,False,False,online_qwen,False,,/DATACENTER3/zhenxiang.wang/work/TailGuardKV/.worktrees/baseline-smoke-final-aggregation/out/full_25session_baseline_9_14/full/policy_attempts/retry2_20260915/seed20260907/config.yaml,,,,,0.1,True,,0.1,,0,False,,469.6015625,35.743408203125,3.390625,3.390625,1.3671875,1251.7081419937313,unknown,True,,True,,False,,15083.97216796875,True,static_safe,False,0.0,0.0,kivi_4bit_residual64,0.0,,risk_evidence_insufficient,0.0,static_safe,0.0,,,,hybrid-session-011-turn-1,3.390625,2.0234375,3.390625,0.0,0.0,/DATACENTER3/zhenxiang.wang/work/TailGuardKV/.worktrees/baseline-smoke-final-aggregation/out/full_25session_baseline_9_14/full/policy_attempts/retry2_20260915/seed20260907,True,calibrated safe,hybrid-session-011,chat,81.67285285890102,1,risk_evidence_insufficient
kivi_4bit_residual64,13.0,0.1,False,False,online_qwen,False,,/DATACENTER3/zhenxiang.wang/work/TailGuardKV/.worktrees/baseline-smoke-final-aggregation/out/full_25session_baseline_9_14/full/policy_attempts/retry2_20260915/seed20260907/config.yaml,,,,,0.1,True,,0.1,,0,False,,469.6015625,37.165283203125,3.2265625,3.2265625,1.421875,1271.7249400448054,unknown,True,,True,,False,,15087.66064453125,True,static_safe,False,0.0,0.0,kivi_4bit_residual64,0.0,,risk_evidence_insufficient,0.0,static_safe,0.0,,,,hybrid-session-013-turn-1,3.2265625,1.8046875,3.2265625,0.0,0.0,/DATACENTER3/zhenxiang.wang/work/TailGuardKV/.worktrees/baseline-smoke-final-aggregation/out/full_25session_baseline_9_14/full/policy_attempts/retry2_20260915/seed20260907,True,calibrated safe,hybrid-session-013,chat,85.07453394122422,1,risk_evidence_insufficient
kivi_4bit_residual64,13.0,0.1,False,False,online_qwen,False,,/DATACENTER3/zhenxiang.wang/work/TailGuardKV/.worktrees/baseline-smoke-final-aggregation/out/full_25session_baseline_9_14/full/policy_attempts/retry2_20260915/seed20260907/config.yaml,,,,,0.1,True,,0.1,,0,False,,469.6015625,37.23193359375,2.691650390625,2.691650390625,0.066650390625,1734.7581288777292,unknown,True,,True,,False,,15090.30419921875,True,static_safe,False,0.0,0.0,kivi_4bit_residual64,0.0,,risk_evidence_insufficient,0.0,static_safe,0.0,,,,hybrid-session-016-turn-1,2.691650390625,2.625,2.691650390625,0.0,0.0,/DATACENTER3/zhenxiang.wang/work/TailGuardKV/.worktrees/baseline-smoke-final-aggregation/out/full_25session_baseline_9_14/full/policy_attempts/retry2_20260915/seed20260907,True,calibrated safe,hybrid-session-016,chat,86.98853896930814,1,risk_evidence_insufficient
kivi_4bit_residual64,13.0,0.1,False,False,online_qwen,False,,/DATACENTER3/zhenxiang.wang/work/TailGuardKV/.worktrees/baseline-smoke-final-aggregation/out/full_25session_baseline_9_14/full/policy_attempts/retry2_20260915/seed20260907/config.yaml,,,,,0.1,True,,0.1,,0,False,,469.6015625,38.146240234375,3.265869140625,3.265869140625,0.914306640625,1979.599341051653,unknown,True,,True,,False,,15121.9013671875,True,static_safe,False,0.0,0.0,kivi_4bit_residual64,0.0,,risk_evidence_insufficient,0.0,static_safe,0.0,,,,hybrid-session-017-turn-1,3.265869140625,2.3515625,3.265869140625,0.0,0.0,/DATACENTER3/zhenxiang.wang/work/TailGuardKV/.worktrees/baseline-smoke-final-aggregation/out/full_25session_baseline_9_14/full/policy_attempts/retry2_20260915/seed20260907,True,calibrated safe,hybrid-session-017,chat,166.8679490685463,1,risk_evidence_insufficient
kivi_4bit_residual64,13.0,0.1,False,False,online_qwen,False,,/DATACENTER3/zhenxiang.wang/work/TailGuardKV/.worktrees/baseline-smoke-final-aggregation/out/full_25session_baseline_9_14/full/policy_attempts/retry2_20260915/seed20260907/config.yaml,,,,,0.1,True,,0.1,,0,False,,469.6015625,38.539306640625,2.79931640625,2.79931640625,0.39306640625,2198.6410261597484,unknown,True,,True,,False,,15102.20166015625,True,static_safe,False,0.0,0.0,kivi_4bit_residual64,0.0,,risk_evidence_insufficient,0.0,static_safe,0.0,,,,hybrid-session-020-turn-1,2.79931640625,2.40625,2.79931640625,0.0,0.0,/DATACENTER3/zhenxiang.wang/work/TailGuardKV/.worktrees/baseline-smoke-final-aggregation/out/full_25session_baseline_9_14/full/policy_attempts/retry2_20260915/seed20260907,True,calibrated safe,hybrid-session-020,chat,98.70195505209267,1,risk_evidence_insufficient
kivi_4bit_residual64,13.0,0.1,False,False,online_qwen,False,,/DATACENTER3/zhenxiang.wang/work/TailGuardKV/.worktrees/baseline-smoke-final-aggregation/out/full_25session_baseline_9_14/full/policy_attempts/retry2_20260915/seed20260907/config.yaml,,,,,0.1,True,,0.1,,0,False,,469.6015625,39.15283203125,2.691650390625,2.691650390625,0.613525390625,2249.1027500946075,unknown,True,,True,,False,,15106.31005859375,True,static_safe,False,0.0,0.0,kivi_4bit_residual64,0.0,,risk_evidence_insufficient,0.0,static_safe,0.0,,,,hybrid-session-023-turn-1,2.691650390625,2.078125,2.691650390625,0.0,0.0,/DATACENTER3/zhenxiang.wang/work/TailGuardKV/.worktrees/baseline-smoke-final-aggregation/out/full_25session_baseline_9_14/full/policy_attempts/retry2_20260915/seed20260907,True,calibrated safe,hybrid-session-023,chat,116.3162391167134,1,risk_evidence_insufficient
kivi_4bit_residual64,13.0,0.1,True,False,online_qwen,False,,/DATACENTER3/zhenxiang.wang/work/TailGuardKV/.worktrees/baseline-smoke-final-aggregation/out/full_25session_baseline_9_14/full/policy_attempts/retry2_20260915/seed20260907/config.yaml,,,,,0.1,True,,0.1,,0,False,,469.6015625,41.225830078125,4.807373046875,4.807373046875,2.072998046875,2063.1416961550713,unknown,True,,True,,False,,15275.14013671875,True,static_safe,False,0.0,0.0,kivi_4bit_residual64,0.0,,risk_evidence_insufficient,0.0,static_safe,0.0,,,,hybrid-session-000-turn-2,4.807373046875,2.734375,4.807373046875,0.0,0.0,/DATACENTER3/zhenxiang.wang/work/TailGuardKV/.worktrees/baseline-smoke-final-aggregation/out/full_25session_baseline_9_14/full/policy_attempts/retry2_20260915/seed20260907,True,calibrated safe,hybrid-session-000,qa,221.2333711795509,2,risk_evidence_insufficient
kivi_4bit_residual64,13.0,0.1,False,False,online_qwen,False,,/DATACENTER3/zhenxiang.wang/work/TailGuardKV/.worktrees/baseline-smoke-final-aggregation/out/full_25session_baseline_9_14/full/policy_attempts/retry2_20260915/seed20260907/config.yaml,,,,,0.1,True,,0.1,,0,False,,469.6015625,43.269775390625,4.592041015625,4.592041015625,2.0439453125,2048.1808569747955,unknown,True,,True,,False,,15237.294921875,True,static_safe,False,0.0,0.0,kivi_4bit_residual64,0.0,,risk_evidence_insufficient,0.0,static_safe,0.0,,,,hybrid-session-002-turn-2,4.592041015625,2.548095703125,4.592041015625,0.0,0.0,/DATACENTER3/zhenxiang.wang/work/TailGuardKV/.worktrees/baseline-smoke-final-aggregation/out/full_25session_baseline_9_14/full/policy_attempts/retry2_20260915/seed20260907,True,calibrated safe,hybrid-session-002,qa,197.9993199929595,2,risk_evidence_insufficient
kivi_4bit_residual64,13.0,0.1,False,False,online_qwen,False,,/DATACENTER3/zhenxiang.wang/work/TailGuardKV/.worktrees/baseline-smoke-final-aggregation/out/full_25session_baseline_9_14/full/policy_attempts/retry2_20260915/seed20260907/config.yaml,,,,,0.1,True,,0.1,,0,False,,469.6015625,45.5205078125,5.149169921875,5.149169921875,2.250732421875,2325.1236439682543,unknown,True,,True,,False,,15238.375,True,static_safe,False,0.0016607037966572258,0.0016607037966572258,kivi_4bit_residual64,0.0016607037966572258,,risk_evidence_insufficient,0.0,static_safe,0.0,,,,hybrid-session-003-turn-2,5.149169921875,2.8984375,5.149169921875,0.0,0.004982111389971677,/DATACENTER3/zhenxiang.wang/work/TailGuardKV/.worktrees/baseline-smoke-final-aggregation/out/full_25session_baseline_9_14/full/policy_attempts/retry2_20260915/seed20260907,True,calibrated safe,hybrid-session-003,summary,174.3005788885057,2,risk_evidence_insufficient
kivi_4bit_residual64,13.0,0.1,False,False,online_qwen,False,,/DATACENTER3/zhenxiang.wang/work/TailGuardKV/.worktrees/baseline-smoke-final-aggregation/out/full_25session_baseline_9_14/full/policy_attempts/retry2_20260915/seed20260907/config.yaml,,,,,0.1,True,,0.1,,0,False,,469.6015625,47.337158203125,4.933837890625,4.933837890625,1.816650390625,2038.7237970717251,unknown,True,,True,,False,,15225.63671875,True,static_safe,False,0.0,0.0,kivi_4bit_residual64,0.0,,risk_evidence_insufficient,0.0,static_safe,0.0,,,,hybrid-session-007-turn-2,4.933837890625,3.1171875,4.933837890625,0.0,0.0,/DATACENTER3/zhenxiang.wang/work/TailGuardKV/.worktrees/baseline-smoke-final-aggregation/out/full_25session_baseline_9_14/full/policy_attempts/retry2_20260915/seed20260907,True,calibrated safe,hybrid-session-007,summary,198.94392997957766,2,risk_evidence_insufficient
kivi_4bit_residual64,13.0,0.1,False,False,online_qwen,False,,/DATACENTER3/zhenxiang.wang/work/TailGuardKV/.worktrees/baseline-smoke-final-aggregation/out/full_25session_baseline_9_14/full/policy_attempts/retry2_20260915/seed20260907/config.yaml,,,,,0.1,True,,0.1,,0,False,,469.6015625,49.654541015625,5.5439453125,5.5439453125,2.3173828125,2026.4451659750193,unknown,True,,True,,False,,15249.82421875,True,static_safe,False,0.0,0.0,kivi_4bit_residual64,0.0,,risk_evidence_insufficient,0.0,static_safe,0.0,,,,hybrid-session-008-turn-2,5.5439453125,3.2265625,5.5439453125,0.0,0.0,/DATACENTER3/zhenxiang.wang/work/TailGuardKV/.worktrees/baseline-smoke-final-aggregation/out/full_25session_baseline_9_14/full/policy_attempts/retry2_20260915/seed20260907,True,calibrated safe,hybrid-session-008,qa,167.52240806818008,2,risk_evidence_insufficient
kivi_4bit_residual64,13.0,0.1,False,False,online_qwen,False,,/DATACENTER3/zhenxiang.wang/work/TailGuardKV/.worktrees/baseline-smoke-final-aggregation/out/full_25session_baseline_9_14/full/policy_attempts/retry2_20260915/seed20260907/config.yaml,,,,,0.1,True,,0.1,,0,False,,469.6015625,51.26953125,5.005615234375,5.005615234375,1.614990234375,2014.7416691761464,unknown,True,,True,,False,,15225.216796875,True,static_safe,False,0.0016607037966572258,0.0016607037966572258,kivi_4bit_residual64,0.0016607037966572258,,risk_evidence_insufficient,0.0,static_safe,0.0,,,,hybrid-session-009-turn-2,5.005615234375,3.390625,5.005615234375,0.0,0.004982111389971677,/DATACENTER3/zhenxiang.wang/work/TailGuardKV/.worktrees/baseline-smoke-final-aggregation/out/full_25session_baseline_9_14/full/policy_attempts/retry2_20260915/seed20260907,True,calibrated safe,hybrid-session-009,summary,179.92874910123646,2,risk_evidence_insufficient
kivi_4bit_residual64,13.0,0.1,False,False,online_qwen,False,,/DATACENTER3/zhenxiang.wang/work/TailGuardKV/.worktrees/baseline-smoke-final-aggregation/out/full_25session_baseline_9_14/full/policy_attempts/retry2_20260915/seed20260907/config.yaml,,,,,0.1,True,,0.1,,0,False,,469.6015625,53.533935546875,5.436279296875,5.436279296875,2.264404296875,2009.6656160894781,unknown,True,,True,,False,,15250.8125,True,static_safe,False,0.0,0.0,kivi_4bit_residual64,0.0,,risk_evidence_insufficient,0.0,static_safe,0.0,,,,hybrid-session-010-turn-2,5.436279296875,3.171875,5.436279296875,0.0,0.0,/DATACENTER3/zhenxiang.wang/work/TailGuardKV/.worktrees/baseline-smoke-final-aggregation/out/full_25session_baseline_9_14/full/policy_attempts/retry2_20260915/seed20260907,True,calibrated safe,hybrid-session-010,qa,176.05900019407272,2,risk_evidence_insufficient
kivi_4bit_residual64,13.0,0.1,True,False,online_qwen,False,,/DATACENTER3/zhenxiang.wang/work/TailGuardKV/.worktrees/baseline-smoke-final-aggregation/out/full_25session_baseline_9_14/full/policy_attempts/retry2_20260915/seed20260907/config.yaml,,,,,0.1,True,,0.1,,0,False,,469.6015625,55.29248046875,5.149169921875,5.149169921875,1.758544921875,2120.1385650783777,unknown,True,,True,,False,,15235.119140625,True,static_safe,False,0.0,0.0,kivi_4bit_residual64,0.0,,risk_evidence_insufficient,0.0,static_safe,0.0,,,,hybrid-session-011-turn-2,5.149169921875,3.390625,5.149169921875,0.0,0.0,/DATACENTER3/zhenxiang.wang/work/TailGuardKV/.worktrees/baseline-smoke-final-aggregation/out/full_25session_baseline_9_14/full/policy_attempts/retry2_20260915/seed20260907,True,calibrated safe,hybrid-session-011,summary,189.05360298231244,2,risk_evidence_insufficient
kivi_4bit_residual64,13.0,0.1,False,False,online_qwen,False,,/DATACENTER3/zhenxiang.wang/work/TailGuardKV/.worktrees/baseline-smoke-final-aggregation/out/full_25session_baseline_9_14/full/policy_attempts/retry2_20260915/seed20260907/config.yaml,,,,,0.1,True,,0.1,,0,False,,469.6015625,57.2509765625,5.18505859375,5.18505859375,1.95849609375,2032.962755067274,unknown,True,,True,,False,,15242.9375,True,static_safe,False,0.0,0.0,kivi_4bit_residual64,0.0,,risk_evidence_insufficient,0.0,static_safe,0.0,,,,hybrid-session-013-turn-2,5.18505859375,3.2265625,5.18505859375,0.0,0.0,/DATACENTER3/zhenxiang.wang/work/TailGuardKV/.worktrees/baseline-smoke-final-aggregation/out/full_25session_baseline_9_14/full/policy_attempts/retry2_20260915/seed20260907,True,calibrated safe,hybrid-session-013,summary,173.5766320489347,2,risk_evidence_insufficient
kivi_4bit_residual64,13.0,0.1,True,False,online_qwen,False,,/DATACENTER3/zhenxiang.wang/work/TailGuardKV/.worktrees/baseline-smoke-final-aggregation/out/full_25session_baseline_9_14/full/policy_attempts/retry2_20260915/seed20260907/config.yaml,,,,,0.1,True,,0.1,,0,False,,469.6015625,59.115478515625,4.55615234375,4.55615234375,1.864501953125,2059.1437697876245,unknown,True,,True,,False,,15246.013671875,True,static_safe,False,0.0,0.0,kivi_4bit_residual64,0.0,,risk_evidence_insufficient,0.0,static_safe,0.0,,,,hybrid-session-016-turn-2,4.55615234375,2.691650390625,4.55615234375,0.0,0.0,/DATACENTER3/zhenxiang.wang/work/TailGuardKV/.worktrees/baseline-smoke-final-aggregation/out/full_25session_baseline_9_14/full/policy_attempts/retry2_20260915/seed20260907,True,calibrated safe,hybrid-session-016,qa,204.4384789187461,2,risk_evidence_insufficient
kivi_4bit_residual64,13.0,0.1,False,False,online_qwen,False,,/DATACENTER3/zhenxiang.wang/work/TailGuardKV/.worktrees/baseline-smoke-final-aggregation/out/full_25session_baseline_9_14/full/policy_attempts/retry2_20260915/seed20260907/config.yaml,,,,,0.1,True,,0.1,,0,False,,469.6015625,61.015869140625,5.166259765625,5.166259765625,1.900390625,2015.9940370358527,unknown,True,,True,,False,,15248.17529296875,True,static_safe,False,0.0016607037966572258,0.0016607037966572258,kivi_4bit_residual64,0.0016607037966572258,,risk_evidence_insufficient,0.0,static_safe,0.0,,,,hybrid-session-017-turn-2,5.166259765625,3.265869140625,5.166259765625,0.0,0.004982111389971677,/DATACENTER3/zhenxiang.wang/work/TailGuardKV/.worktrees/baseline-smoke-final-aggregation/out/full_25session_baseline_9_14/full/policy_attempts/retry2_20260915/seed20260907,True,calibrated safe,hybrid-session-017,summary,193.9929409418255,2,risk_evidence_insufficient
kivi_4bit_residual64,13.0,0.1,False,False,online_qwen,False,,/DATACENTER3/zhenxiang.wang/work/TailGuardKV/.worktrees/baseline-smoke-final-aggregation/out/full_25session_baseline_9_14/full/policy_attempts/retry2_20260915/seed20260907/config.yaml,,,,,0.1,True,,0.1,,0,False,,469.6015625,62.80859375,4.592041015625,4.592041015625,1.792724609375,2068.249692907557,unknown,True,,True,,False,,15246.82421875,True,static_safe,False,0.0,0.0,kivi_4bit_residual64,0.0,,risk_evidence_insufficient,0.0,static_safe,0.0,,,,hybrid-session-020-turn-2,4.592041015625,2.79931640625,4.592041015625,0.0,0.0,/DATACENTER3/zhenxiang.wang/work/TailGuardKV/.worktrees/baseline-smoke-final-aggregation/out/full_25session_baseline_9_14/full/policy_attempts/retry2_20260915/seed20260907,True,calibrated safe,hybrid-session-020,qa,193.35194281302392,2,risk_evidence_insufficient
kivi_4bit_residual64,13.0,0.1,False,False,online_qwen,False,,/DATACENTER3/zhenxiang.wang/work/TailGuardKV/.worktrees/baseline-smoke-final-aggregation/out/full_25session_baseline_9_14/full/policy_attempts/retry2_20260915/seed20260907/config.yaml,,,,,0.1,True,,0.1,,0,False,,469.6015625,64.601318359375,4.484375,4.484375,1.792724609375,2024.1909760516137,unknown,True,,True,,False,,15248.63671875,True,static_safe,False,0.0,0.0,kivi_4bit_residual64,0.0,,risk_evidence_insufficient,0.0,static_safe,0.0,,,,hybrid-session-023-turn-2,4.484375,2.691650390625,4.484375,0.0,0.0,/DATACENTER3/zhenxiang.wang/work/TailGuardKV/.worktrees/baseline-smoke-final-aggregation/out/full_25session_baseline_9_14/full/policy_attempts/retry2_20260915/seed20260907,True,calibrated safe,hybrid-session-023,summary,190.27443788945675,2,risk_evidence_insufficient
kivi_4bit_residual64,13.0,0.1,False,False,online_qwen,False,,/DATACENTER3/zhenxiang.wang/work/TailGuardKV/.worktrees/baseline-smoke-final-aggregation/out/full_25session_baseline_9_14/full/policy_attempts/retry2_20260915/seed20260907/config.yaml,,,,,0.1,True,,0.1,,0,False,,469.6015625,66.21630859375,6.42236328125,6.42236328125,1.614990234375,1988.8642749283463,unknown,True,,True,,False,,15144.11328125,True,static_safe,False,0.0,0.0,kivi_4bit_residual64,0.0,,risk_evidence_insufficient,0.0,static_safe,0.0,,,,hybrid-session-000-turn-3,6.42236328125,4.807373046875,6.42236328125,0.0,0.0,/DATACENTER3/zhenxiang.wang/work/TailGuardKV/.worktrees/baseline-smoke-final-aggregation/out/full_25session_baseline_9_14/full/policy_attempts/retry2_20260915/seed20260907,True,calibrated safe,hybrid-session-000,qa,149.75563995540142,3,risk_evidence_insufficient
kivi_4bit_residual64,13.0,0.1,False,False,online_qwen,False,,/DATACENTER3/zhenxiang.wang/work/TailGuardKV/.worktrees/baseline-smoke-final-aggregation/out/full_25session_baseline_9_14/full/policy_attempts/retry2_20260915/seed20260907/config.yaml,,,,,0.1,True,,0.1,,0,False,,469.6015625,67.831298828125,6.20703125,6.20703125,1.614990234375,1988.490192918107,unknown,True,,True,,False,,15145.7265625,True,static_safe,False,0.0,0.0,kivi_4bit_residual64,0.0,,risk_evidence_insufficient,0.0,static_safe,0.0,,,,hybrid-session-002-turn-3,6.20703125,4.592041015625,6.20703125,0.0,0.0,/DATACENTER3/zhenxiang.wang/work/TailGuardKV/.worktrees/baseline-smoke-final-aggregation/out/full_25session_baseline_9_14/full/policy_attempts/retry2_20260915/seed20260907,True,calibrated safe,hybrid-session-002,qa,146.07988391071558,3,risk_evidence_insufficient
kivi_4bit_residual64,13.0,0.1,False,False,online_qwen,False,,/DATACENTER3/zhenxiang.wang/work/TailGuardKV/.worktrees/baseline-smoke-final-aggregation/out/full_25session_baseline_9_14/full/policy_attempts/retry2_20260915/seed20260907/config.yaml,,,,,0.1,True,,0.1,,0,False,,469.6015625,68.207275390625,5.525146484375,5.525146484375,0.3759765625,2022.9785591363907,unknown,True,,True,,False,,15144.58984375,True,static_safe,False,0.0,0.0,kivi_4bit_residual64,0.0,,risk_evidence_insufficient,0.0,static_safe,0.0,,,,hybrid-session-003-turn-3,5.525146484375,5.149169921875,5.525146484375,0.0,0.0,/DATACENTER3/zhenxiang.wang/work/TailGuardKV/.worktrees/baseline-smoke-final-aggregation/out/full_25session_baseline_9_14/full/policy_attempts/retry2_20260915/seed20260907,True,calibrated safe,hybrid-session-003,summary,173.1632500886917,3,risk_evidence_insufficient
kivi_4bit_residual64,13.0,0.1,False,False,online_qwen,False,,/DATACENTER3/zhenxiang.wang/work/TailGuardKV/.worktrees/baseline-smoke-final-aggregation/out/full_25session_baseline_9_14/full/policy_attempts/retry2_20260915/seed20260907/config.yaml,,,,,0.1,True,,0.1,,0,False,,469.6015625,68.583251953125,5.309814453125,5.309814453125,0.3759765625,1982.7395209576935,unknown,True,,True,,False,,15144.97265625,True,static_safe,False,0.0,0.0,kivi_4bit_residual64,0.0,,risk_evidence_insufficient,0.0,static_safe,0.0,,,,hybrid-session-007-turn-3,5.309814453125,4.933837890625,5.309814453125,0.0,0.0,/DATACENTER3/zhenxiang.wang/work/TailGuardKV/.worktrees/baseline-smoke-final-aggregation/out/full_25session_baseline_9_14/full/policy_attempts/retry2_20260915/seed20260907,True,calibrated safe,hybrid-session-007,summary,178.5522100981325,3,risk_evidence_insufficient
kivi_4bit_residual64,13.0,0.1,False,False,online_qwen,False,,/DATACENTER3/zhenxiang.wang/work/TailGuardKV/.worktrees/baseline-smoke-final-aggregation/out/full_25session_baseline_9_14/full/policy_attempts/retry2_20260915/seed20260907/config.yaml,,,,,0.1,True,,0.1,,0,False,,469.6015625,68.9951171875,5.955810546875,5.955810546875,0.411865234375,1991.1777281668037,unknown,True,,True,,False,,15146.853515625,True,static_safe,False,0.0,0.0,kivi_4bit_residual64,0.0,,risk_evidence_insufficient,0.0,static_safe,0.0,,,,hybrid-session-008-turn-3,5.955810546875,5.5439453125,5.955810546875,0.0,0.0,/DATACENTER3/zhenxiang.wang/work/TailGuardKV/.worktrees/baseline-smoke-final-aggregation/out/full_25session_baseline_9_14/full/policy_attempts/retry2_20260915/seed20260907,True,calibrated safe,hybrid-session-008,qa,174.51203521341085,3,risk_evidence_insufficient
kivi_4bit_residual64,13.0,0.1,False,False,online_qwen,False,,/DATACENTER3/zhenxiang.wang/work/TailGuardKV/.worktrees/baseline-smoke-final-aggregation/out/full_25session_baseline_9_14/full/policy_attempts/retry2_20260915/seed20260907/config.yaml,,,,,0.1,True,,0.1,,0,False,,469.6015625,69.37109375,5.381591796875,5.381591796875,0.3759765625,2021.933645941317,unknown,True,,True,,False,,15145.779296875,True,static_safe,False,0.0,0.0,kivi_4bit_residual64,0.0,,risk_evidence_insufficient,0.0,static_safe,0.0,,,,hybrid-session-009-turn-3,5.381591796875,5.005615234375,5.381591796875,0.0,0.0,/DATACENTER3/zhenxiang.wang/work/TailGuardKV/.worktrees/baseline-smoke-final-aggregation/out/full_25session_baseline_9_14/full/policy_attempts/retry2_20260915/seed20260907,True,calibrated safe,hybrid-session-009,summary,164.0271400101483,3,risk_evidence_insufficient
kivi_4bit_residual64,13.0,0.1,False,False,online_qwen,False,,/DATACENTER3/zhenxiang.wang/work/TailGuardKV/.worktrees/baseline-smoke-final-aggregation/out/full_25session_baseline_9_14/full/policy_attempts/retry2_20260915/seed20260907/config.yaml,,,,,0.1,True,,0.1,,0,False,,469.6015625,69.782958984375,5.84814453125,5.84814453125,0.411865234375,2012.1871060691774,unknown,True,,True,,False,,15147.654296875,True,static_safe,False,0.0,0.0,kivi_4bit_residual64,0.0,,risk_evidence_insufficient,0.0,static_safe,0.0,,,,hybrid-session-010-turn-3,5.84814453125,5.436279296875,5.84814453125,0.0,0.0,/DATACENTER3/zhenxiang.wang/work/TailGuardKV/.worktrees/baseline-smoke-final-aggregation/out/full_25session_baseline_9_14/full/policy_attempts/retry2_20260915/seed20260907,True,calibrated safe,hybrid-session-010,qa,168.94778702408075,3,risk_evidence_insufficient
kivi_4bit_residual64,13.0,0.1,False,False,online_qwen,False,,/DATACENTER3/zhenxiang.wang/work/TailGuardKV/.worktrees/baseline-smoke-final-aggregation/out/full_25session_baseline_9_14/full/policy_attempts/retry2_20260915/seed20260907/config.yaml,,,,,0.1,True,,0.1,,0,False,,469.6015625,70.158935546875,5.525146484375,5.525146484375,0.3759765625,1984.6080949064344,unknown,True,,True,,False,,15146.544921875,True,static_safe,False,0.0,0.0,kivi_4bit_residual64,0.0,,risk_evidence_insufficient,0.0,static_safe,0.0,,,,hybrid-session-011-turn-3,5.525146484375,5.149169921875,5.525146484375,0.0,0.0,/DATACENTER3/zhenxiang.wang/work/TailGuardKV/.worktrees/baseline-smoke-final-aggregation/out/full_25session_baseline_9_14/full/policy_attempts/retry2_20260915/seed20260907,True,calibrated safe,hybrid-session-011,summary,164.18139194138348,3,risk_evidence_insufficient
kivi_4bit_residual64,13.0,0.1,False,False,online_qwen,False,,/DATACENTER3/zhenxiang.wang/work/TailGuardKV/.worktrees/baseline-smoke-final-aggregation/out/full_25session_baseline_9_14/full/policy_attempts/retry2_20260915/seed20260907/config.yaml,,,,,0.1,True,,0.1,,0,False,,469.6015625,70.534912109375,5.56103515625,5.56103515625,0.3759765625,2018.3254720177501,unknown,True,,True,,False,,15146.908203125,True,static_safe,False,0.0,0.0,kivi_4bit_residual64,0.0,,risk_evidence_insufficient,0.0,static_safe,0.0,,,,hybrid-session-013-turn-3,5.56103515625,5.18505859375,5.56103515625,0.0,0.0,/DATACENTER3/zhenxiang.wang/work/TailGuardKV/.worktrees/baseline-smoke-final-aggregation/out/full_25session_baseline_9_14/full/policy_attempts/retry2_20260915/seed20260907,True,calibrated safe,hybrid-session-013,summary,169.04664901085198,3,risk_evidence_insufficient
kivi_4bit_residual64,13.0,0.1,False,False,online_qwen,False,,/DATACENTER3/zhenxiang.wang/work/TailGuardKV/.worktrees/baseline-smoke-final-aggregation/out/full_25session_baseline_9_14/full/policy_attempts/retry2_20260915/seed20260907/config.yaml,,,,,0.1,True,,0.1,,0,False,,469.6015625,72.14990234375,6.171142578125,6.171142578125,1.614990234375,1977.641643024981,unknown,True,,True,,False,,15149.96875,True,static_safe,False,0.0,0.0,kivi_4bit_residual64,0.0,,risk_evidence_insufficient,0.0,static_safe,0.0,,,,hybrid-session-016-turn-3,6.171142578125,4.55615234375,6.171142578125,0.0,0.0,/DATACENTER3/zhenxiang.wang/work/TailGuardKV/.worktrees/baseline-smoke-final-aggregation/out/full_25session_baseline_9_14/full/policy_attempts/retry2_20260915/seed20260907,True,calibrated safe,hybrid-session-016,qa,142.79451710171998,3,risk_evidence_insufficient
kivi_4bit_residual64,13.0,0.1,False,False,online_qwen,False,,/DATACENTER3/zhenxiang.wang/work/TailGuardKV/.worktrees/baseline-smoke-final-aggregation/out/full_25session_baseline_9_14/full/policy_attempts/retry2_20260915/seed20260907/config.yaml,,,,,0.1,True,,0.1,,0,False,,469.6015625,73.72900390625,6.745361328125,6.745361328125,1.5791015625,1986.0611110925674,unknown,True,,True,,False,,15150.0703125,True,static_safe,False,0.0,0.0,kivi_4bit_residual64,0.0,,risk_evidence_insufficient,0.0,static_safe,0.0,,,,hybrid-session-017-turn-3,6.745361328125,5.166259765625,6.745361328125,0.0,0.0,/DATACENTER3/zhenxiang.wang/work/TailGuardKV/.worktrees/baseline-smoke-final-aggregation/out/full_25session_baseline_9_14/full/policy_attempts/retry2_20260915/seed20260907,True,calibrated safe,hybrid-session-017,summary,147.62669010087848,3,risk_evidence_insufficient
kivi_4bit_residual64,13.0,0.1,False,False,online_qwen,False,,/DATACENTER3/zhenxiang.wang/work/TailGuardKV/.worktrees/baseline-smoke-final-aggregation/out/full_25session_baseline_9_14/full/policy_attempts/retry2_20260915/seed20260907/config.yaml,,,,,0.1,True,,0.1,,0,False,,469.6015625,75.343994140625,6.20703125,6.20703125,1.614990234375,1970.5448928289115,unknown,True,,True,,False,,15153.13671875,True,static_safe,False,0.0,0.0,kivi_4bit_residual64,0.0,,risk_evidence_insufficient,0.0,static_safe,0.0,,,,hybrid-session-020-turn-3,6.20703125,4.592041015625,6.20703125,0.0,0.0,/DATACENTER3/zhenxiang.wang/work/TailGuardKV/.worktrees/baseline-smoke-final-aggregation/out/full_25session_baseline_9_14/full/policy_attempts/retry2_20260915/seed20260907,True,calibrated safe,hybrid-session-020,qa,143.9795868936926,3,risk_evidence_insufficient
kivi_4bit_residual64,13.0,0.1,False,False,online_qwen,False,,/DATACENTER3/zhenxiang.wang/work/TailGuardKV/.worktrees/baseline-smoke-final-aggregation/out/full_25session_baseline_9_14/full/policy_attempts/retry2_20260915/seed20260907/config.yaml,,,,,0.1,True,,0.1,,0,False,,469.6015625,76.923095703125,6.0634765625,6.0634765625,1.5791015625,2011.6178039461374,unknown,True,,True,,False,,15153.23828125,True,static_safe,False,0.0,0.0,kivi_4bit_residual64,0.0,,risk_evidence_insufficient,0.0,static_safe,0.0,,,,hybrid-session-023-turn-3,6.0634765625,4.484375,6.0634765625,0.0,0.0,/DATACENTER3/zhenxiang.wang/work/TailGuardKV/.worktrees/baseline-smoke-final-aggregation/out/full_25session_baseline_9_14/full/policy_attempts/retry2_20260915/seed20260907,True,calibrated safe,hybrid-session-023,summary,144.820936024189,3,risk_evidence_insufficient
kivi_4bit_residual64,13.0,0.1,False,False,online_qwen,False,,/DATACENTER3/zhenxiang.wang/work/TailGuardKV/.worktrees/baseline-smoke-final-aggregation/out/full_25session_baseline_9_14/full/policy_attempts/retry2_20260915/seed20260907/config.yaml,,,,,0.1,True,,0.1,,0,False,,469.6015625,77.155517578125,6.65478515625,6.65478515625,0.232421875,2067.1976308804005,unknown,True,,True,,False,,15147.630859375,True,static_safe,False,0.0,0.0,kivi_4bit_residual64,0.0,,risk_evidence_insufficient,0.0,static_safe,0.0,,,,hybrid-session-000-turn-4,6.65478515625,6.42236328125,6.65478515625,0.0,0.0,/DATACENTER3/zhenxiang.wang/work/TailGuardKV/.worktrees/baseline-smoke-final-aggregation/out/full_25session_baseline_9_14/full/policy_attempts/retry2_20260915/seed20260907,True,calibrated safe,hybrid-session-000,qa,181.0303709935397,4,risk_evidence_insufficient
kivi_4bit_residual64,13.0,0.1,False,False,online_qwen,False,,/DATACENTER3/zhenxiang.wang/work/TailGuardKV/.worktrees/baseline-smoke-final-aggregation/out/full_25session_baseline_9_14/full/policy_attempts/retry2_20260915/seed20260907/config.yaml,,,,,0.1,True,,0.1,,0,False,,469.6015625,77.387939453125,6.439453125,6.439453125,0.232421875,2031.0760638676584,unknown,True,,True,,False,,15147.876953125,True,static_safe,False,0.0,0.0,kivi_4bit_residual64,0.0,,risk_evidence_insufficient,0.0,static_safe,0.0,,,,hybrid-session-002-turn-4,6.439453125,6.20703125,6.439453125,0.0,0.0,/DATACENTER3/zhenxiang.wang/work/TailGuardKV/.worktrees/baseline-smoke-final-aggregation/out/full_25session_baseline_9_14/full/policy_attempts/retry2_20260915/seed20260907,True,calibrated safe,hybrid-session-002,qa,167.62530501000583,4,risk_evidence_insufficient
kivi_4bit_residual64,13.0,0.1,False,False,online_qwen,False,,/DATACENTER3/zhenxiang.wang/work/TailGuardKV/.worktrees/baseline-smoke-final-aggregation/out/full_25session_baseline_9_14/full/policy_attempts/retry2_20260915/seed20260907/config.yaml,,,,,0.1,True,,0.1,,0,False,,469.6015625,77.620361328125,5.757568359375,5.757568359375,0.232421875,2028.2478271983564,unknown,True,,True,,False,,15149.31640625,True,static_safe,False,0.0,0.0,kivi_4bit_residual64,0.0,,risk_evidence_insufficient,0.0,static_safe,0.0,,,,hybrid-session-003-turn-4,5.757568359375,5.525146484375,5.757568359375,0.0,0.0,/DATACENTER3/zhenxiang.wang/work/TailGuardKV/.worktrees/baseline-smoke-final-aggregation/out/full_25session_baseline_9_14/full/policy_attempts/retry2_20260915/seed20260907,True,calibrated safe,hybrid-session-003,summary,147.57203101180494,4,risk_evidence_insufficient
kivi_4bit_residual64,13.0,0.1,False,False,online_qwen,False,,/DATACENTER3/zhenxiang.wang/work/TailGuardKV/.worktrees/baseline-smoke-final-aggregation/out/full_25session_baseline_9_14/full/policy_attempts/retry2_20260915/seed20260907/config.yaml,,,,,0.1,True,,0.1,,0,False,,469.6015625,79.055908203125,6.745361328125,6.745361328125,1.435546875,2005.9716729447246,unknown,True,,True,,False,,15149.546875,True,static_safe,False,0.0,0.0,kivi_4bit_residual64,0.0,,risk_evidence_insufficient,0.0,static_safe,0.0,,,,hybrid-session-007-turn-4,6.745361328125,5.309814453125,6.745361328125,0.0,0.0,/DATACENTER3/zhenxiang.wang/work/TailGuardKV/.worktrees/baseline-smoke-final-aggregation/out/full_25session_baseline_9_14/full/policy_attempts/retry2_20260915/seed20260907,True,calibrated safe,hybrid-session-007,summary,141.01314614526927,4,risk_evidence_insufficient
kivi_4bit_residual64,13.0,0.1,False,False,online_qwen,False,,/DATACENTER3/zhenxiang.wang/work/TailGuardKV/.worktrees/baseline-smoke-final-aggregation/out/full_25session_baseline_9_14/full/policy_attempts/retry2_20260915/seed20260907/config.yaml,,,,,0.1,True,,0.1,,0,False,,469.6015625,79.288330078125,6.188232421875,6.188232421875,0.232421875,2014.8391020484269,unknown,True,,True,,False,,15149.783203125,True,static_safe,False,0.0,0.0,kivi_4bit_residual64,0.0,,risk_evidence_insufficient,0.0,static_safe,0.0,,,,hybrid-session-008-turn-4,6.188232421875,5.955810546875,6.188232421875,0.0,0.0,/DATACENTER3/zhenxiang.wang/work/TailGuardKV/.worktrees/baseline-smoke-final-aggregation/out/full_25session_baseline_9_14/full/policy_attempts/retry2_20260915/seed20260907,True,calibrated safe,hybrid-session-008,qa,168.5632150620222,4,risk_evidence_insufficient
kivi_4bit_residual64,13.0,0.1,True,False,online_qwen,False,,/DATACENTER3/zhenxiang.wang/work/TailGuardKV/.worktrees/baseline-smoke-final-aggregation/out/full_25session_baseline_9_14/full/policy_attempts/retry2_20260915/seed20260907/config.yaml,,,,,0.1,True,,0.1,,0,False,,469.6015625,79.520751953125,5.614013671875,5.614013671875,0.232421875,2062.185116810724,unknown,True,,True,,False,,15151.23046875,True,static_safe,False,0.0,0.0,kivi_4bit_residual64,0.0,,risk_evidence_insufficient,0.0,static_safe,0.0,,,,hybrid-session-009-turn-4,5.614013671875,5.381591796875,5.614013671875,0.0,0.0,/DATACENTER3/zhenxiang.wang/work/TailGuardKV/.worktrees/baseline-smoke-final-aggregation/out/full_25session_baseline_9_14/full/policy_attempts/retry2_20260915/seed20260907,True,calibrated safe,hybrid-session-009,summary,148.62536289729178,4,risk_evidence_insufficient
kivi_4bit_residual64,13.0,0.1,False,False,online_qwen,False,,/DATACENTER3/zhenxiang.wang/work/TailGuardKV/.worktrees/baseline-smoke-final-aggregation/out/full_25session_baseline_9_14/full/policy_attempts/retry2_20260915/seed20260907/config.yaml,,,,,0.1,True,,0.1,,0,False,,469.6015625,79.753173828125,6.08056640625,6.08056640625,0.232421875,1998.6335469875485,unknown,True,,True,,False,,15151.4384765625,True,static_safe,False,0.0,0.0,kivi_4bit_residual64,0.0,,risk_evidence_insufficient,0.0,static_safe,0.0,,,,hybrid-session-010-turn-4,6.08056640625,5.84814453125,6.08056640625,0.0,0.0,/DATACENTER3/zhenxiang.wang/work/TailGuardKV/.worktrees/baseline-smoke-final-aggregation/out/full_25session_baseline_9_14/full/policy_attempts/retry2_20260915/seed20260907,True,calibrated safe,hybrid-session-010,qa,142.69538200460374,4,risk_evidence_insufficient
kivi_4bit_residual64,13.0,0.1,True,False,online_qwen,False,,/DATACENTER3/zhenxiang.wang/work/TailGuardKV/.worktrees/baseline-smoke-final-aggregation/out/full_25session_baseline_9_14/full/policy_attempts/retry2_20260915/seed20260907/config.yaml,,,,,0.1,True,,0.1,,0,False,,469.6015625,79.985595703125,5.757568359375,5.757568359375,0.232421875,1990.9385310020298,unknown,True,,True,,False,,15151.6953125,True,static_safe,False,0.0,0.0,kivi_4bit_residual64,0.0,,risk_evidence_insufficient,0.0,static_safe,0.0,,,,hybrid-session-011-turn-4,5.757568359375,5.525146484375,5.757568359375,0.0,0.0,/DATACENTER3/zhenxiang.wang/work/TailGuardKV/.worktrees/baseline-smoke-final-aggregation/out/full_25session_baseline_9_14/full/policy_attempts/retry2_20260915/seed20260907,True,calibrated safe,hybrid-session-011,summary,139.35987302102149,4,risk_evidence_insufficient
kivi_4bit_residual64,13.0,0.1,False,False,online_qwen,False,,/DATACENTER3/zhenxiang.wang/work/TailGuardKV/.worktrees/baseline-smoke-final-aggregation/out/full_25session_baseline_9_14/full/policy_attempts/retry2_20260915/seed20260907/config.yaml,,,,,0.1,True,,0.1,,0,False,,469.6015625,80.218017578125,5.79345703125,5.79345703125,0.232421875,1982.8707878477871,unknown,True,,True,,False,,15151.94921875,True,static_safe,False,0.0,0.0,kivi_4bit_residual64,0.0,,risk_evidence_insufficient,0.0,static_safe,0.0,,,,hybrid-session-013-turn-4,5.79345703125,5.56103515625,5.79345703125,0.0,0.0,/DATACENTER3/zhenxiang.wang/work/TailGuardKV/.worktrees/baseline-smoke-final-aggregation/out/full_25session_baseline_9_14/full/policy_attempts/retry2_20260915/seed20260907,True,calibrated safe,hybrid-session-013,summary,142.7708708215505,4,risk_evidence_insufficient
kivi_4bit_residual64,13.0,0.1,False,False,online_qwen,False,,/DATACENTER3/zhenxiang.wang/work/TailGuardKV/.worktrees/baseline-smoke-final-aggregation/out/full_25session_baseline_9_14/full/policy_attempts/retry2_20260915/seed20260907/config.yaml,,,,,0.1,True,,0.1,,0,False,,469.6015625,80.450439453125,6.403564453125,6.403564453125,0.232421875,2002.687842817977,unknown,True,,True,,False,,15150.986328125,True,static_safe,False,0.0,0.0,kivi_4bit_residual64,0.0,,risk_evidence_insufficient,0.0,static_safe,0.0,,,,hybrid-session-016-turn-4,6.403564453125,6.171142578125,6.403564453125,0.0,0.0,/DATACENTER3/zhenxiang.wang/work/TailGuardKV/.worktrees/baseline-smoke-final-aggregation/out/full_25session_baseline_9_14/full/policy_attempts/retry2_20260915/seed20260907,True,calibrated safe,hybrid-session-016,qa,172.47814103029668,4,risk_evidence_insufficient
kivi_4bit_residual64,13.0,0.1,False,False,online_qwen,False,,/DATACENTER3/zhenxiang.wang/work/TailGuardKV/.worktrees/baseline-smoke-final-aggregation/out/full_25session_baseline_9_14/full/policy_attempts/retry2_20260915/seed20260907/config.yaml,,,,,0.1,True,,0.1,,0,False,,469.6015625,80.682861328125,6.977783203125,6.977783203125,0.232421875,1980.9258559253067,unknown,True,,True,,False,,15151.232421875,True,static_safe,False,0.0,0.0,kivi_4bit_residual64,0.0,,risk_evidence_insufficient,0.0,static_safe,0.0,,,,hybrid-session-017-turn-4,6.977783203125,6.745361328125,6.977783203125,0.0,0.0,/DATACENTER3/zhenxiang.wang/work/TailGuardKV/.worktrees/baseline-smoke-final-aggregation/out/full_25session_baseline_9_14/full/policy_attempts/retry2_20260915/seed20260907,True,calibrated safe,hybrid-session-017,summary,162.56456496194005,4,risk_evidence_insufficient
kivi_4bit_residual64,13.0,0.1,False,False,online_qwen,False,,/DATACENTER3/zhenxiang.wang/work/TailGuardKV/.worktrees/baseline-smoke-final-aggregation/out/full_25session_baseline_9_14/full/policy_attempts/retry2_20260915/seed20260907/config.yaml,,,,,0.1,True,,0.1,,0,False,,469.6015625,80.915283203125,6.439453125,6.439453125,0.232421875,1991.958080092445,unknown,True,,True,,False,,15151.486328125,True,static_safe,False,0.0,0.0,kivi_4bit_residual64,0.0,,risk_evidence_insufficient,0.0,static_safe,0.0,,,,hybrid-session-020-turn-4,6.439453125,6.20703125,6.439453125,0.0,0.0,/DATACENTER3/zhenxiang.wang/work/TailGuardKV/.worktrees/baseline-smoke-final-aggregation/out/full_25session_baseline_9_14/full/policy_attempts/retry2_20260915/seed20260907,True,calibrated safe,hybrid-session-020,qa,165.10675800964236,4,risk_evidence_insufficient
kivi_4bit_residual64,13.0,0.1,False,False,online_qwen,False,,/DATACENTER3/zhenxiang.wang/work/TailGuardKV/.worktrees/baseline-smoke-final-aggregation/out/full_25session_baseline_9_14/full/policy_attempts/retry2_20260915/seed20260907/config.yaml,,,,,0.1,True,,0.1,,0,False,,469.6015625,81.147705078125,6.2958984375,6.2958984375,0.232421875,1985.9624279197305,unknown,True,,True,,False,,15151.732421875,True,static_safe,False,0.0,0.0,kivi_4bit_residual64,0.0,,risk_evidence_insufficient,0.0,static_safe,0.0,,,,hybrid-session-023-turn-4,6.2958984375,6.0634765625,6.2958984375,0.0,0.0,/DATACENTER3/zhenxiang.wang/work/TailGuardKV/.worktrees/baseline-smoke-final-aggregation/out/full_25session_baseline_9_14/full/policy_attempts/retry2_20260915/seed20260907,True,calibrated safe,hybrid-session-023,summary,167.88085480220616,4,risk_evidence_insufficient
kivi_2bit_residual32,1.0,0.1,False,False,online_qwen,False,8.0,/DATACENTER3/zhenxiang.wang/work/TailGuardKV/.worktrees/baseline-smoke-final-aggregation/out/full_25session_baseline_9_14/full/policy_attempts/retry2_20260915/seed20260907/config.yaml,,,,,0.1,True,,0.1,,0,False,,469.6015625,1.203125,1.203125,1.203125,1.203125,41157.9299428463,unknown,True,,True,,False,,15045.50732421875,True,utility_dynamic,False,0.0,0.0,kivi_2bit_residual32,0.0,,risk_evidence_insufficient,0.0,utility_dynamic,0.0,,,,hybrid-session-000-turn-0,1.203125,0.0,1.203125,0.0,0.0,/DATACENTER3/zhenxiang.wang/work/TailGuardKV/.worktrees/baseline-smoke-final-aggregation/out/full_25session_baseline_9_14/full/policy_attempts/retry2_20260915/seed20260907,True,,hybrid-session-000,chat,39916.1801039204,0,risk_evidence_insufficient
kivi_2bit_residual32,2.0,0.1,False,False,online_qwen,False,8.0,/DATACENTER3/zhenxiang.wang/work/TailGuardKV/.worktrees/baseline-smoke-final-aggregation/out/full_25session_baseline_9_14/full/policy_attempts/retry2_20260915/seed20260907/config.yaml,,,,,0.1,True,,0.1,,0,False,,469.6015625,2.43701171875,1.23388671875,1.23388671875,1.23388671875,4807.913900120184,unknown,True,,True,,False,,15071.74462890625,True,utility_dynamic,False,0.0,0.0,kivi_2bit_residual32,0.0,,risk_evidence_insufficient,0.0,utility_dynamic,0.0,,,,hybrid-session-002-turn-0,1.23388671875,0.0,1.23388671875,0.0,0.0,/DATACENTER3/zhenxiang.wang/work/TailGuardKV/.worktrees/baseline-smoke-final-aggregation/out/full_25session_baseline_9_14/full/policy_attempts/retry2_20260915/seed20260907,True,,hybrid-session-002,chat,101.05342208407819,0,risk_evidence_insufficient
kivi_2bit_residual32,3.0,0.1,False,False,online_qwen,False,8.0,/DATACENTER3/zhenxiang.wang/work/TailGuardKV/.worktrees/baseline-smoke-final-aggregation/out/full_25session_baseline_9_14/full/policy_attempts/retry2_20260915/seed20260907/config.yaml,,,,,0.1,True,,0.1,,0,False,,469.6015625,3.91357421875,1.4765625,1.4765625,1.4765625,1300.0401339959353,unknown,True,,True,,False,,15055.57666015625,True,utility_dynamic,False,0.0,0.0,kivi_2bit_residual32,0.0,,risk_evidence_insufficient,0.0,utility_dynamic,0.0,,,,hybrid-session-003-turn-0,1.4765625,0.0,1.4765625,0.0,0.0,/DATACENTER3/zhenxiang.wang/work/TailGuardKV/.worktrees/baseline-smoke-final-aggregation/out/full_25session_baseline_9_14/full/policy_attempts/retry2_20260915/seed20260907,True,,hybrid-session-003,chat,86.81902079842985,0,risk_evidence_insufficient
kivi_2bit_residual32,4.0,0.1,False,False,online_qwen,False,8.0,/DATACENTER3/zhenxiang.wang/work/TailGuardKV/.worktrees/baseline-smoke-final-aggregation/out/full_25session_baseline_9_14/full/policy_attempts/retry2_20260915/seed20260907/config.yaml,,,,,0.1,True,,0.1,,0,False,,469.6015625,5.17138671875,1.2578125,1.2578125,1.2578125,1305.9763030614704,unknown,True,,True,,False,,15050.66650390625,True,utility_dynamic,False,0.0,0.0,kivi_2bit_residual32,0.0,,risk_evidence_insufficient,0.0,utility_dynamic,0.0,,,,hybrid-session-007-turn-0,1.2578125,0.0,1.2578125,0.0,0.0,/DATACENTER3/zhenxiang.wang/work/TailGuardKV/.worktrees/baseline-smoke-final-aggregation/out/full_25session_baseline_9_14/full/policy_attempts/retry2_20260915/seed20260907,True,,hybrid-session-007,chat,85.81493515521288,0,risk_evidence_insufficient
kivi_2bit_residual32,5.0,0.1,False,False,online_qwen,False,8.0,/DATACENTER3/zhenxiang.wang/work/TailGuardKV/.worktrees/baseline-smoke-final-aggregation/out/full_25session_baseline_9_14/full/policy_attempts/retry2_20260915/seed20260907/config.yaml,,,,,0.1,True,,0.1,,0,False,,469.6015625,6.75732421875,1.5859375,1.5859375,1.5859375,1300.6158308126032,unknown,True,,True,,False,,15060.81494140625,True,utility_dynamic,False,0.0,0.0,kivi_2bit_residual32,0.0,,risk_evidence_insufficient,0.0,utility_dynamic,0.0,,,,hybrid-session-008-turn-0,1.5859375,0.0,1.5859375,0.0,0.0,/DATACENTER3/zhenxiang.wang/work/TailGuardKV/.worktrees/baseline-smoke-final-aggregation/out/full_25session_baseline_9_14/full/policy_attempts/retry2_20260915/seed20260907,True,,hybrid-session-008,chat,80.51317487843335,0,risk_evidence_insufficient
kivi_2bit_residual32,6.0,0.1,False,False,online_qwen,False,8.0,/DATACENTER3/zhenxiang.wang/work/TailGuardKV/.worktrees/baseline-smoke-final-aggregation/out/full_25session_baseline_9_14/full/policy_attempts/retry2_20260915/seed20260907/config.yaml,,,,,0.1,True,,0.1,,0,False,,469.6015625,8.45263671875,1.6953125,1.6953125,1.6953125,1304.970096796751,unknown,True,,True,,False,,15065.42431640625,True,utility_dynamic,False,0.0,0.0,kivi_2bit_residual32,0.0,,risk_evidence_insufficient,0.0,utility_dynamic,0.0,,,,hybrid-session-009-turn-0,1.6953125,0.0,1.6953125,0.0,0.0,/DATACENTER3/zhenxiang.wang/work/TailGuardKV/.worktrees/baseline-smoke-final-aggregation/out/full_25session_baseline_9_14/full/policy_attempts/retry2_20260915/seed20260907,True,,hybrid-session-009,chat,84.25248879939318,0,risk_evidence_insufficient
kivi_2bit_residual32,7.0,0.1,False,False,online_qwen,False,8.0,/DATACENTER3/zhenxiang.wang/work/TailGuardKV/.worktrees/baseline-smoke-final-aggregation/out/full_25session_baseline_9_14/full/policy_attempts/retry2_20260915/seed20260907/config.yaml,,,,,0.1,True,,0.1,,0,False,,469.6015625,9.98388671875,1.53125,1.53125,1.53125,1319.4980199914426,unknown,True,,True,,False,,15062.81396484375,True,utility_dynamic,False,0.0,0.0,kivi_2bit_residual32,0.0,,risk_evidence_insufficient,0.0,utility_dynamic,0.0,,,,hybrid-session-010-turn-0,1.53125,0.0,1.53125,0.0,0.0,/DATACENTER3/zhenxiang.wang/work/TailGuardKV/.worktrees/baseline-smoke-final-aggregation/out/full_25session_baseline_9_14/full/policy_attempts/retry2_20260915/seed20260907,True,,hybrid-session-010,chat,86.5127241704613,0,risk_evidence_insufficient
kivi_2bit_residual32,8.0,0.1,False,False,online_qwen,False,8.0,/DATACENTER3/zhenxiang.wang/work/TailGuardKV/.worktrees/baseline-smoke-final-aggregation/out/full_25session_baseline_9_14/full/policy_attempts/retry2_20260915/seed20260907/config.yaml,,,,,0.1,True,,0.1,,0,False,,469.6015625,11.185302734375,1.201416015625,1.201416015625,1.201416015625,1546.3624878320843,unknown,True,,True,,False,,15077.72119140625,True,utility_dynamic,False,0.0,0.0,kivi_2bit_residual32,0.0,,risk_evidence_insufficient,0.0,utility_dynamic,0.0,,,,hybrid-session-011-turn-0,1.201416015625,0.0,1.201416015625,0.0,0.0,/DATACENTER3/zhenxiang.wang/work/TailGuardKV/.worktrees/baseline-smoke-final-aggregation/out/full_25session_baseline_9_14/full/policy_attempts/retry2_20260915/seed20260907,True,,hybrid-session-011,chat,101.04079800657928,0,risk_evidence_insufficient
kivi_2bit_residual32,9.0,0.1,False,False,online_qwen,False,8.0,/DATACENTER3/zhenxiang.wang/work/TailGuardKV/.worktrees/baseline-smoke-final-aggregation/out/full_25session_baseline_9_14/full/policy_attempts/retry2_20260915/seed20260907/config.yaml,,,,,0.1,True,,0.1,,0,False,,469.6015625,12.2568359375,1.071533203125,1.071533203125,1.071533203125,1364.3094939179718,unknown,True,,True,,False,,15072.90478515625,True,utility_dynamic,False,0.0,0.0,kivi_2bit_residual32,0.0,,risk_evidence_insufficient,0.0,utility_dynamic,0.0,,,,hybrid-session-013-turn-0,1.071533203125,0.0,1.071533203125,0.0,0.0,/DATACENTER3/zhenxiang.wang/work/TailGuardKV/.worktrees/baseline-smoke-final-aggregation/out/full_25session_baseline_9_14/full/policy_attempts/retry2_20260915/seed20260907,True,,hybrid-session-013,chat,103.16760884597898,0,risk_evidence_insufficient
kivi_2bit_residual32,10.0,0.1,False,False,online_qwen,False,8.0,/DATACENTER3/zhenxiang.wang/work/TailGuardKV/.worktrees/baseline-smoke-final-aggregation/out/full_25session_baseline_9_14/full/policy_attempts/retry2_20260915/seed20260907/config.yaml,,,,,0.1,True,,0.1,,0,False,,469.6015625,13.8154296875,1.55859375,1.55859375,1.55859375,1986.453521065414,unknown,True,,True,,False,,15098.55029296875,True,utility_dynamic,False,0.0,0.0,kivi_2bit_residual32,0.0,,risk_evidence_insufficient,0.0,utility_dynamic,0.0,,,,hybrid-session-016-turn-0,1.55859375,0.0,1.55859375,0.0,0.0,/DATACENTER3/zhenxiang.wang/work/TailGuardKV/.worktrees/baseline-smoke-final-aggregation/out/full_25session_baseline_9_14/full/policy_attempts/retry2_20260915/seed20260907,True,,hybrid-session-016,chat,144.43717594258487,0,risk_evidence_insufficient
kivi_2bit_residual32,11.0,0.1,False,False,online_qwen,False,8.0,/DATACENTER3/zhenxiang.wang/work/TailGuardKV/.worktrees/baseline-smoke-final-aggregation/out/full_25session_baseline_9_14/full/policy_attempts/retry2_20260915/seed20260907/config.yaml,,,,,0.1,True,,0.1,,0,False,,469.6015625,15.211669921875,1.396240234375,1.396240234375,1.396240234375,1790.113938972354,unknown,True,,True,,False,,15090.68798828125,True,utility_dynamic,False,0.0,0.0,kivi_2bit_residual32,0.0,,risk_evidence_insufficient,0.0,utility_dynamic,0.0,,,,hybrid-session-017-turn-0,1.396240234375,0.0,1.396240234375,0.0,0.0,/DATACENTER3/zhenxiang.wang/work/TailGuardKV/.worktrees/baseline-smoke-final-aggregation/out/full_25session_baseline_9_14/full/policy_attempts/retry2_20260915/seed20260907,True,,hybrid-session-017,chat,99.05917895957828,0,risk_evidence_insufficient
kivi_2bit_residual32,12.0,0.1,False,False,online_qwen,False,8.0,/DATACENTER3/zhenxiang.wang/work/TailGuardKV/.worktrees/baseline-smoke-final-aggregation/out/full_25session_baseline_9_14/full/policy_attempts/retry2_20260915/seed20260907/config.yaml,,,,,0.1,True,,0.1,,0,False,,469.6015625,16.640380859375,1.4287109375,1.4287109375,1.4287109375,1824.542157817632,unknown,True,,True,,False,,15093.60791015625,True,utility_dynamic,False,0.0,0.0,kivi_2bit_residual32,0.0,,risk_evidence_insufficient,0.0,utility_dynamic,0.0,,,,hybrid-session-020-turn-0,1.4287109375,0.0,1.4287109375,0.0,0.0,/DATACENTER3/zhenxiang.wang/work/TailGuardKV/.worktrees/baseline-smoke-final-aggregation/out/full_25session_baseline_9_14/full/policy_attempts/retry2_20260915/seed20260907,True,,hybrid-session-020,chat,98.84426183998585,0,risk_evidence_insufficient
kivi_2bit_residual32,13.0,0.1,False,False,online_qwen,False,8.0,/DATACENTER3/zhenxiang.wang/work/TailGuardKV/.worktrees/baseline-smoke-final-aggregation/out/full_25session_baseline_9_14/full/policy_attempts/retry2_20260915/seed20260907/config.yaml,,,,,0.1,True,,0.1,,0,False,,469.6015625,17.874267578125,1.23388671875,1.23388671875,1.23388671875,1595.749040832743,unknown,True,,True,,False,,15087.28955078125,True,utility_dynamic,False,0.0,0.0,kivi_2bit_residual32,0.0,,risk_evidence_insufficient,0.0,utility_dynamic,0.0,,,,hybrid-session-023-turn-0,1.23388671875,0.0,1.23388671875,0.0,0.0,/DATACENTER3/zhenxiang.wang/work/TailGuardKV/.worktrees/baseline-smoke-final-aggregation/out/full_25session_baseline_9_14/full/policy_attempts/retry2_20260915/seed20260907,True,,hybrid-session-023,chat,96.668436890468,0,risk_evidence_insufficient
kivi_2bit_residual32,13.0,0.1,False,False,online_qwen,False,8.0,/DATACENTER3/zhenxiang.wang/work/TailGuardKV/.worktrees/baseline-smoke-final-aggregation/out/full_25session_baseline_9_14/full/policy_attempts/retry2_20260915/seed20260907/config.yaml,,,,,0.1,True,,0.1,,0,False,,469.6015625,18.294677734375,1.62353515625,1.62353515625,0.42041015625,2009.9958979990333,unknown,True,,True,,False,,15071.58056640625,True,utility_dynamic,False,0.0,0.0,kivi_2bit_residual32,0.0,,risk_evidence_insufficient,0.0,utility_dynamic,0.0,,,,hybrid-session-000-turn-1,1.62353515625,1.203125,1.62353515625,0.0,0.0,/DATACENTER3/zhenxiang.wang/work/TailGuardKV/.worktrees/baseline-smoke-final-aggregation/out/full_25session_baseline_9_14/full/policy_attempts/retry2_20260915/seed20260907,True,,hybrid-session-000,chat,143.2714811526239,1,risk_evidence_insufficient
kivi_2bit_residual32,13.0,0.1,True,False,online_qwen,False,8.0,/DATACENTER3/zhenxiang.wang/work/TailGuardKV/.worktrees/baseline-smoke-final-aggregation/out/full_25session_baseline_9_14/full/policy_attempts/retry2_20260915/seed20260907/config.yaml,,,,,0.1,True,,0.1,,0,False,,469.6015625,18.6552734375,1.594482421875,1.594482421875,0.360595703125,2115.7619890291244,unknown,True,,True,,False,,15079.70849609375,True,utility_dynamic,False,0.0,0.0,kivi_2bit_residual32,0.0,,risk_evidence_insufficient,0.0,utility_dynamic,0.0,,,,hybrid-session-002-turn-1,1.594482421875,1.23388671875,1.594482421875,0.0,0.0,/DATACENTER3/zhenxiang.wang/work/TailGuardKV/.worktrees/baseline-smoke-final-aggregation/out/full_25session_baseline_9_14/full/policy_attempts/retry2_20260915/seed20260907,True,,hybrid-session-002,chat,162.34417399391532,1,risk_evidence_insufficient
kivi_2bit_residual32,13.0,0.1,False,False,online_qwen,False,8.0,/DATACENTER3/zhenxiang.wang/work/TailGuardKV/.worktrees/baseline-smoke-final-aggregation/out/full_25session_baseline_9_14/full/policy_attempts/retry2_20260915/seed20260907/config.yaml,,,,,0.1,True,,0.1,,0,False,,469.6015625,18.899658203125,1.720947265625,1.720947265625,0.244384765625,2012.263186974451,unknown,True,,True,,False,,15069.87548828125,True,utility_dynamic,False,0.0,0.0,kivi_2bit_residual32,0.0,,risk_evidence_insufficient,0.0,utility_dynamic,0.0,,,,hybrid-session-003-turn-1,1.720947265625,1.4765625,1.720947265625,0.0,0.0,/DATACENTER3/zhenxiang.wang/work/TailGuardKV/.worktrees/baseline-smoke-final-aggregation/out/full_25session_baseline_9_14/full/policy_attempts/retry2_20260915/seed20260907,True,,hybrid-session-003,chat,153.8123651407659,1,risk_evidence_insufficient
kivi_2bit_residual32,13.0,0.1,False,False,online_qwen,False,8.0,/DATACENTER3/zhenxiang.wang/work/TailGuardKV/.worktrees/baseline-smoke-final-aggregation/out/full_25session_baseline_9_14/full/policy_attempts/retry2_20260915/seed20260907/config.yaml,,,,,0.1,True,,0.1,,0,False,,469.6015625,19.49267578125,1.850830078125,1.850830078125,0.593017578125,2469.5519029628485,unknown,True,,True,,False,,15082.19091796875,True,utility_dynamic,False,0.0,0.0,kivi_2bit_residual32,0.0,,risk_evidence_insufficient,0.0,utility_dynamic,0.0,,,,hybrid-session-007-turn-1,1.850830078125,1.2578125,1.850830078125,0.0,0.0,/DATACENTER3/zhenxiang.wang/work/TailGuardKV/.worktrees/baseline-smoke-final-aggregation/out/full_25session_baseline_9_14/full/policy_attempts/retry2_20260915/seed20260907,True,,hybrid-session-007,chat,152.78728189878166,1,risk_evidence_insufficient
kivi_2bit_residual32,13.0,0.1,False,False,online_qwen,False,8.0,/DATACENTER3/zhenxiang.wang/work/TailGuardKV/.worktrees/baseline-smoke-final-aggregation/out/full_25session_baseline_9_14/full/policy_attempts/retry2_20260915/seed20260907/config.yaml,,,,,0.1,True,,0.1,,0,False,,469.6015625,19.822509765625,1.915771484375,1.915771484375,0.329833984375,2274.543870938942,unknown,True,,True,,False,,15075.85693359375,True,utility_dynamic,False,0.0,0.0,kivi_2bit_residual32,0.0,,risk_evidence_insufficient,0.0,utility_dynamic,0.0,,,,hybrid-session-008-turn-1,1.915771484375,1.5859375,1.915771484375,0.0,0.0,/DATACENTER3/zhenxiang.wang/work/TailGuardKV/.worktrees/baseline-smoke-final-aggregation/out/full_25session_baseline_9_14/full/policy_attempts/retry2_20260915/seed20260907,True,,hybrid-session-008,chat,190.3805520851165,1,risk_evidence_insufficient
kivi_2bit_residual32,13.0,0.1,False,False,online_qwen,False,8.0,/DATACENTER3/zhenxiang.wang/work/TailGuardKV/.worktrees/baseline-smoke-final-aggregation/out/full_25session_baseline_9_14/full/policy_attempts/retry2_20260915/seed20260907/config.yaml,,,,,0.1,True,,0.1,,0,False,,469.6015625,20.140380859375,2.01318359375,2.01318359375,0.31787109375,1972.2860509064049,unknown,True,,True,,False,,15077.63623046875,True,utility_dynamic,False,0.0,0.0,kivi_2bit_residual32,0.0,,risk_evidence_insufficient,0.0,utility_dynamic,0.0,,,,hybrid-session-009-turn-1,2.01318359375,1.6953125,2.01318359375,0.0,0.0,/DATACENTER3/zhenxiang.wang/work/TailGuardKV/.worktrees/baseline-smoke-final-aggregation/out/full_25session_baseline_9_14/full/policy_attempts/retry2_20260915/seed20260907,True,,hybrid-session-009,chat,145.87751193903387,1,risk_evidence_insufficient
kivi_2bit_residual32,13.0,0.1,False,False,online_qwen,False,8.0,/DATACENTER3/zhenxiang.wang/work/TailGuardKV/.worktrees/baseline-smoke-final-aggregation/out/full_25session_baseline_9_14/full/policy_attempts/retry2_20260915/seed20260907/config.yaml,,,,,0.1,True,,0.1,,0,False,,469.6015625,20.492431640625,1.88330078125,1.88330078125,0.35205078125,1985.3485259227455,unknown,True,,True,,False,,15076.54833984375,True,utility_dynamic,False,0.0,0.0,kivi_2bit_residual32,0.0,,risk_evidence_insufficient,0.0,utility_dynamic,0.0,,,,hybrid-session-010-turn-1,1.88330078125,1.53125,1.88330078125,0.0,0.0,/DATACENTER3/zhenxiang.wang/work/TailGuardKV/.worktrees/baseline-smoke-final-aggregation/out/full_25session_baseline_9_14/full/policy_attempts/retry2_20260915/seed20260907,True,,hybrid-session-010,chat,145.03106800839305,1,risk_evidence_insufficient
kivi_2bit_residual32,13.0,0.1,False,False,online_qwen,False,8.0,/DATACENTER3/zhenxiang.wang/work/TailGuardKV/.worktrees/baseline-smoke-final-aggregation/out/full_25session_baseline_9_14/full/policy_attempts/retry2_20260915/seed20260907/config.yaml,,,,,0.1,True,,0.1,,0,False,,469.6015625,21.30419921875,2.01318359375,2.01318359375,0.811767578125,1954.085465054959,unknown,True,,True,,False,,15070.05615234375,True,utility_dynamic,False,0.0,0.0,kivi_2bit_residual32,0.0,,risk_evidence_insufficient,0.0,utility_dynamic,0.0,,,,hybrid-session-011-turn-1,2.01318359375,1.201416015625,2.01318359375,0.0,0.0,/DATACENTER3/zhenxiang.wang/work/TailGuardKV/.worktrees/baseline-smoke-final-aggregation/out/full_25session_baseline_9_14/full/policy_attempts/retry2_20260915/seed20260907,True,,hybrid-session-011,chat,128.59830702655017,1,risk_evidence_insufficient
kivi_2bit_residual32,13.0,0.1,False,False,online_qwen,False,8.0,/DATACENTER3/zhenxiang.wang/work/TailGuardKV/.worktrees/baseline-smoke-final-aggregation/out/full_25session_baseline_9_14/full/policy_attempts/retry2_20260915/seed20260907/config.yaml,,,,,0.1,True,,0.1,,0,False,,469.6015625,22.1484375,1.915771484375,1.915771484375,0.84423828125,2368.170370114967,unknown,True,,True,,False,,15073.14892578125,True,utility_dynamic,False,0.0,0.0,kivi_2bit_residual32,0.0,,risk_evidence_insufficient,0.0,utility_dynamic,0.0,,,,hybrid-session-013-turn-1,1.915771484375,1.071533203125,1.915771484375,0.0,0.0,/DATACENTER3/zhenxiang.wang/work/TailGuardKV/.worktrees/baseline-smoke-final-aggregation/out/full_25session_baseline_9_14/full/policy_attempts/retry2_20260915/seed20260907,True,,hybrid-session-013,chat,129.16286615654826,1,risk_evidence_insufficient
kivi_2bit_residual32,13.0,0.1,False,False,online_qwen,False,8.0,/DATACENTER3/zhenxiang.wang/work/TailGuardKV/.worktrees/baseline-smoke-final-aggregation/out/full_25session_baseline_9_14/full/policy_attempts/retry2_20260915/seed20260907/config.yaml,,,,,0.1,True,,0.1,,0,False,,469.6015625,22.314208984375,1.724365234375,1.724365234375,0.165771484375,2558.570076012984,unknown,True,,True,,False,,15075.20458984375,True,utility_dynamic,False,0.0,0.0,kivi_2bit_residual32,0.0,,risk_evidence_insufficient,0.0,utility_dynamic,0.0,,,,hybrid-session-016-turn-1,1.724365234375,1.55859375,1.724365234375,0.0,0.0,/DATACENTER3/zhenxiang.wang/work/TailGuardKV/.worktrees/baseline-smoke-final-aggregation/out/full_25session_baseline_9_14/full/policy_attempts/retry2_20260915/seed20260907,True,,hybrid-session-016,chat,174.28865702822804,1,risk_evidence_insufficient
kivi_2bit_residual32,13.0,0.1,False,False,online_qwen,False,8.0,/DATACENTER3/zhenxiang.wang/work/TailGuardKV/.worktrees/baseline-smoke-final-aggregation/out/full_25session_baseline_9_14/full/policy_attempts/retry2_20260915/seed20260907/config.yaml,,,,,0.1,True,,0.1,,0,False,,469.6015625,23.161865234375,2.243896484375,2.243896484375,0.84765625,2039.3629509489983,unknown,True,,True,,False,,15107.1357421875,True,utility_dynamic,False,0.0,0.0,kivi_2bit_residual32,0.0,,risk_evidence_insufficient,0.0,utility_dynamic,0.0,,,,hybrid-session-017-turn-1,2.243896484375,1.396240234375,2.243896484375,0.0,0.0,/DATACENTER3/zhenxiang.wang/work/TailGuardKV/.worktrees/baseline-smoke-final-aggregation/out/full_25session_baseline_9_14/full/policy_attempts/retry2_20260915/seed20260907,True,,hybrid-session-017,chat,177.8230620548129,1,risk_evidence_insufficient
kivi_2bit_residual32,13.0,0.1,False,False,online_qwen,False,8.0,/DATACENTER3/zhenxiang.wang/work/TailGuardKV/.worktrees/baseline-smoke-final-aggregation/out/full_25session_baseline_9_14/full/policy_attempts/retry2_20260915/seed20260907/config.yaml,,,,,0.1,True,,0.1,,0,False,,469.6015625,23.554931640625,1.82177734375,1.82177734375,0.39306640625,2016.4843299426138,unknown,True,,True,,False,,15086.95751953125,True,utility_dynamic,False,0.0,0.0,kivi_2bit_residual32,0.0,,risk_evidence_insufficient,0.0,utility_dynamic,0.0,,,,hybrid-session-020-turn-1,1.82177734375,1.4287109375,1.82177734375,0.0,0.0,/DATACENTER3/zhenxiang.wang/work/TailGuardKV/.worktrees/baseline-smoke-final-aggregation/out/full_25session_baseline_9_14/full/policy_attempts/retry2_20260915/seed20260907,True,,hybrid-session-020,chat,149.415731895715,1,risk_evidence_insufficient
kivi_2bit_residual32,13.0,0.1,False,False,online_qwen,False,8.0,/DATACENTER3/zhenxiang.wang/work/TailGuardKV/.worktrees/baseline-smoke-final-aggregation/out/full_25session_baseline_9_14/full/policy_attempts/retry2_20260915/seed20260907/config.yaml,,,,,0.1,True,,0.1,,0,False,,469.6015625,24.04541015625,1.724365234375,1.724365234375,0.490478515625,2028.162078000605,unknown,True,,True,,False,,15090.97802734375,True,utility_dynamic,False,0.0,0.0,kivi_2bit_residual32,0.0,,risk_evidence_insufficient,0.0,utility_dynamic,0.0,,,,hybrid-session-023-turn-1,1.724365234375,1.23388671875,1.724365234375,0.0,0.0,/DATACENTER3/zhenxiang.wang/work/TailGuardKV/.worktrees/baseline-smoke-final-aggregation/out/full_25session_baseline_9_14/full/policy_attempts/retry2_20260915/seed20260907,True,,hybrid-session-023,chat,149.7951711062342,1,risk_evidence_insufficient
kivi_2bit_residual32,13.0,0.1,True,False,online_qwen,False,7.0,/DATACENTER3/zhenxiang.wang/work/TailGuardKV/.worktrees/baseline-smoke-final-aggregation/out/full_25session_baseline_9_14/full/policy_attempts/retry2_20260915/seed20260907/config.yaml,,,,,0.1,True,,0.1,,0,False,,469.6015625,25.393798828125,2.971923828125,2.971923828125,1.348388671875,2128.0842998530716,unknown,True,,True,,False,,15258.97412109375,True,utility_dynamic,False,0.0007168458781361964,0.0007168458781361964,kivi_2bit_residual32,0.0007168458781361964,,risk_evidence_insufficient,0.0,utility_dynamic,0.0,,,,hybrid-session-000-turn-2,2.971923828125,1.62353515625,2.971923828125,0.0,0.009318996415770553,/DATACENTER3/zhenxiang.wang/work/TailGuardKV/.worktrees/baseline-smoke-final-aggregation/out/full_25session_baseline_9_14/full/policy_attempts/retry2_20260915/seed20260907,True,,hybrid-session-000,qa,238.2607739418745,2,risk_evidence_insufficient
kivi_2bit_residual32,13.0,0.1,False,False,online_qwen,False,6.0,/DATACENTER3/zhenxiang.wang/work/TailGuardKV/.worktrees/baseline-smoke-final-aggregation/out/full_25session_baseline_9_14/full/policy_attempts/retry2_20260915/seed20260907/config.yaml,,,,,0.1,True,,0.1,,0,False,,469.6015625,26.576416015625,2.777099609375,2.777099609375,1.1826171875,2100.2987211104482,unknown,True,,True,,False,,15220.2734375,True,utility_dynamic,False,0.019063180827886703,0.019063180827886703,kivi_2bit_residual32,0.019063180827886703,,risk_evidence_insufficient,0.0,utility_dynamic,0.0,,,,hybrid-session-002-turn-2,2.777099609375,1.594482421875,2.777099609375,0.0,0.19063180827886705,/DATACENTER3/zhenxiang.wang/work/TailGuardKV/.worktrees/baseline-smoke-final-aggregation/out/full_25session_baseline_9_14/full/policy_attempts/retry2_20260915/seed20260907,False,,hybrid-session-002,qa,211.5424331277609,2,risk_evidence_insufficient
kivi_2bit_residual32,13.0,0.1,False,False,online_qwen,False,8.0,/DATACENTER3/zhenxiang.wang/work/TailGuardKV/.worktrees/baseline-smoke-final-aggregation/out/full_25session_baseline_9_14/full/policy_attempts/retry2_20260915/seed20260907/config.yaml,,,,,0.1,True,,0.1,,0,False,,469.6015625,27.759033203125,2.903564453125,2.903564453125,1.1826171875,2070.0806549284607,unknown,True,,True,,False,,15220.74609375,True,utility_dynamic,False,5.5796158035970045e-05,5.5796158035970045e-05,kivi_2bit_residual32,5.5796158035970045e-05,,risk_evidence_insufficient,0.0,utility_dynamic,0.0,,,,hybrid-session-003-turn-2,2.903564453125,1.720947265625,2.903564453125,0.0,0.00016738847410791013,/DATACENTER3/zhenxiang.wang/work/TailGuardKV/.worktrees/baseline-smoke-final-aggregation/out/full_25session_baseline_9_14/full/policy_attempts/retry2_20260915/seed20260907,True,,hybrid-session-003,summary,190.85749797523022,2,risk_evidence_insufficient
kivi_2bit_residual32,13.0,0.1,False,False,online_qwen,False,8.0,/DATACENTER3/zhenxiang.wang/work/TailGuardKV/.worktrees/baseline-smoke-final-aggregation/out/full_25session_baseline_9_14/full/policy_attempts/retry2_20260915/seed20260907/config.yaml,,,,,0.1,True,,0.1,,0,False,,469.6015625,28.616943359375,2.708740234375,2.708740234375,0.85791015625,2090.0401689577848,unknown,True,,True,,False,,15207.740234375,True,utility_dynamic,False,0.0,0.0,kivi_2bit_residual32,0.0,,risk_evidence_insufficient,0.0,utility_dynamic,0.0,,,,hybrid-session-007-turn-2,2.708740234375,1.850830078125,2.708740234375,0.0,0.0,/DATACENTER3/zhenxiang.wang/work/TailGuardKV/.worktrees/baseline-smoke-final-aggregation/out/full_25session_baseline_9_14/full/policy_attempts/retry2_20260915/seed20260907,True,,hybrid-session-007,summary,193.89548315666616,2,risk_evidence_insufficient
kivi_2bit_residual32,13.0,0.1,False,False,online_qwen,False,6.0,/DATACENTER3/zhenxiang.wang/work/TailGuardKV/.worktrees/baseline-smoke-final-aggregation/out/full_25session_baseline_9_14/full/policy_attempts/retry2_20260915/seed20260907/config.yaml,,,,,0.1,True,,0.1,,0,False,,469.6015625,29.9619140625,3.2607421875,3.2607421875,1.344970703125,2070.7859909161925,unknown,True,,True,,False,,15230.232421875,True,utility_dynamic,False,0.019063180827886703,0.019063180827886703,kivi_2bit_residual32,0.019063180827886703,,risk_evidence_insufficient,0.0,utility_dynamic,0.0,,,,hybrid-session-008-turn-2,3.2607421875,1.915771484375,3.2607421875,0.0,0.19063180827886705,/DATACENTER3/zhenxiang.wang/work/TailGuardKV/.worktrees/baseline-smoke-final-aggregation/out/full_25session_baseline_9_14/full/policy_attempts/retry2_20260915/seed20260907,False,,hybrid-session-008,qa,200.92565496452153,2,risk_evidence_insufficient
kivi_2bit_residual32,13.0,0.1,False,False,online_qwen,False,8.0,/DATACENTER3/zhenxiang.wang/work/TailGuardKV/.worktrees/baseline-smoke-final-aggregation/out/full_25session_baseline_9_14/full/policy_attempts/retry2_20260915/seed20260907/config.yaml,,,,,0.1,True,,0.1,,0,False,,469.6015625,30.722412109375,2.773681640625,2.773681640625,0.760498046875,2095.846113981679,unknown,True,,True,,False,,15205.46875,True,utility_dynamic,False,5.5796158035970045e-05,5.5796158035970045e-05,kivi_2bit_residual32,5.5796158035970045e-05,,risk_evidence_insufficient,0.0,utility_dynamic,0.0,,,,hybrid-session-009-turn-2,2.773681640625,2.01318359375,2.773681640625,0.0,0.00016738847410791013,/DATACENTER3/zhenxiang.wang/work/TailGuardKV/.worktrees/baseline-smoke-final-aggregation/out/full_25session_baseline_9_14/full/policy_attempts/retry2_20260915/seed20260907,True,,hybrid-session-009,summary,196.64860586635768,2,risk_evidence_insufficient
kivi_2bit_residual32,13.0,0.1,False,False,online_qwen,False,6.0,/DATACENTER3/zhenxiang.wang/work/TailGuardKV/.worktrees/baseline-smoke-final-aggregation/out/full_25session_baseline_9_14/full/policy_attempts/retry2_20260915/seed20260907/config.yaml,,,,,0.1,True,,0.1,,0,False,,469.6015625,32.00244140625,3.163330078125,3.163330078125,1.280029296875,2074.39580000937,unknown,True,,True,,False,,15229.35546875,True,utility_dynamic,False,0.019063180827886703,0.019063180827886703,kivi_2bit_residual32,0.019063180827886703,,risk_evidence_insufficient,0.0,utility_dynamic,0.0,,,,hybrid-session-010-turn-2,3.163330078125,1.88330078125,3.163330078125,0.0,0.19063180827886705,/DATACENTER3/zhenxiang.wang/work/TailGuardKV/.worktrees/baseline-smoke-final-aggregation/out/full_25session_baseline_9_14/full/policy_attempts/retry2_20260915/seed20260907,False,,hybrid-session-010,qa,198.61196912825108,2,risk_evidence_insufficient
kivi_2bit_residual32,13.0,0.1,True,False,online_qwen,False,8.0,/DATACENTER3/zhenxiang.wang/work/TailGuardKV/.worktrees/baseline-smoke-final-aggregation/out/full_25session_baseline_9_14/full/policy_attempts/retry2_20260915/seed20260907/config.yaml,,,,,0.1,True,,0.1,,0,False,,469.6015625,32.892822265625,2.903564453125,2.903564453125,0.890380859375,2146.400732919574,unknown,True,,True,,False,,15212.787109375,True,utility_dynamic,False,0.0,0.0,kivi_2bit_residual32,0.0,,risk_evidence_insufficient,0.0,utility_dynamic,0.0,,,,hybrid-session-011-turn-2,2.903564453125,2.01318359375,2.903564453125,0.0,0.0,/DATACENTER3/zhenxiang.wang/work/TailGuardKV/.worktrees/baseline-smoke-final-aggregation/out/full_25session_baseline_9_14/full/policy_attempts/retry2_20260915/seed20260907,True,,hybrid-session-011,summary,211.09845698811114,2,risk_evidence_insufficient
kivi_2bit_residual32,13.0,0.1,False,False,online_qwen,False,8.0,/DATACENTER3/zhenxiang.wang/work/TailGuardKV/.worktrees/baseline-smoke-final-aggregation/out/full_25session_baseline_9_14/full/policy_attempts/retry2_20260915/seed20260907/config.yaml,,,,,0.1,True,,0.1,,0,False,,469.6015625,33.9130859375,2.93603515625,2.93603515625,1.020263671875,2075.813004048541,unknown,True,,True,,False,,15219.654296875,True,utility_dynamic,False,0.0,0.0,kivi_2bit_residual32,0.0,,risk_evidence_insufficient,0.0,utility_dynamic,0.0,,,,hybrid-session-013-turn-2,2.93603515625,1.915771484375,2.93603515625,0.0,0.0,/DATACENTER3/zhenxiang.wang/work/TailGuardKV/.worktrees/baseline-smoke-final-aggregation/out/full_25session_baseline_9_14/full/policy_attempts/retry2_20260915/seed20260907,True,,hybrid-session-013,summary,200.8605299051851,2,risk_evidence_insufficient
kivi_2bit_residual32,13.0,0.1,True,False,online_qwen,False,6.0,/DATACENTER3/zhenxiang.wang/work/TailGuardKV/.worktrees/baseline-smoke-final-aggregation/out/full_25session_baseline_9_14/full/policy_attempts/retry2_20260915/seed20260907/config.yaml,,,,,0.1,True,,0.1,,0,False,,469.6015625,34.933349609375,2.74462890625,2.74462890625,1.020263671875,2082.130421884358,unknown,True,,True,,False,,15221.404296875,True,utility_dynamic,False,0.019063180827886703,0.019063180827886703,kivi_2bit_residual32,0.019063180827886703,,risk_evidence_insufficient,0.0,utility_dynamic,0.0,,,,hybrid-session-016-turn-2,2.74462890625,1.724365234375,2.74462890625,0.0,0.19063180827886705,/DATACENTER3/zhenxiang.wang/work/TailGuardKV/.worktrees/baseline-smoke-final-aggregation/out/full_25session_baseline_9_14/full/policy_attempts/retry2_20260915/seed20260907,False,,hybrid-session-016,qa,189.80142893269658,2,risk_evidence_insufficient
kivi_2bit_residual32,13.0,0.1,False,False,online_qwen,False,8.0,/DATACENTER3/zhenxiang.wang/work/TailGuardKV/.worktrees/baseline-smoke-final-aggregation/out/full_25session_baseline_9_14/full/policy_attempts/retry2_20260915/seed20260907/config.yaml,,,,,0.1,True,,0.1,,0,False,,469.6015625,35.986083984375,3.296630859375,3.296630859375,1.052734375,2069.9693420901895,unknown,True,,True,,False,,15223.22412109375,True,utility_dynamic,False,5.5796158035970045e-05,5.5796158035970045e-05,kivi_2bit_residual32,5.5796158035970045e-05,,risk_evidence_insufficient,0.0,utility_dynamic,0.0,,,,hybrid-session-017-turn-2,3.296630859375,2.243896484375,3.296630859375,0.0,0.00016738847410791013,/DATACENTER3/zhenxiang.wang/work/TailGuardKV/.worktrees/baseline-smoke-final-aggregation/out/full_25session_baseline_9_14/full/policy_attempts/retry2_20260915/seed20260907,True,,hybrid-session-017,summary,202.43947999551892,2,risk_evidence_insufficient
kivi_2bit_residual32,13.0,0.1,False,False,online_qwen,False,7.0,/DATACENTER3/zhenxiang.wang/work/TailGuardKV/.worktrees/baseline-smoke-final-aggregation/out/full_25session_baseline_9_14/full/policy_attempts/retry2_20260915/seed20260907/config.yaml,,,,,0.1,True,,0.1,,0,False,,469.6015625,36.94140625,2.777099609375,2.777099609375,0.955322265625,2094.640346011147,unknown,True,,True,,False,,15220.533203125,True,utility_dynamic,False,0.0007168458781361964,0.0007168458781361964,kivi_2bit_residual32,0.0007168458781361964,,risk_evidence_insufficient,0.0,utility_dynamic,0.0,,,,hybrid-session-020-turn-2,2.777099609375,1.82177734375,2.777099609375,0.0,0.009318996415770553,/DATACENTER3/zhenxiang.wang/work/TailGuardKV/.worktrees/baseline-smoke-final-aggregation/out/full_25session_baseline_9_14/full/policy_attempts/retry2_20260915/seed20260907,True,,hybrid-session-020,qa,199.24936699680984,2,risk_evidence_insufficient
kivi_2bit_residual32,13.0,0.1,False,False,online_qwen,False,8.0,/DATACENTER3/zhenxiang.wang/work/TailGuardKV/.worktrees/baseline-smoke-final-aggregation/out/full_25session_baseline_9_14/full/policy_attempts/retry2_20260915/seed20260907/config.yaml,,,,,0.1,True,,0.1,,0,False,,469.6015625,37.896728515625,2.6796875,2.6796875,0.955322265625,2108.653574017808,unknown,True,,True,,False,,15221.51171875,True,utility_dynamic,False,0.0,0.0,kivi_2bit_residual32,0.0,,risk_evidence_insufficient,0.0,utility_dynamic,0.0,,,,hybrid-session-023-turn-2,2.6796875,1.724365234375,2.6796875,0.0,0.0,/DATACENTER3/zhenxiang.wang/work/TailGuardKV/.worktrees/baseline-smoke-final-aggregation/out/full_25session_baseline_9_14/full/policy_attempts/retry2_20260915/seed20260907,True,,hybrid-session-023,summary,193.02568607963622,2,risk_evidence_insufficient
kivi_2bit_residual32,13.0,0.1,False,False,online_qwen,False,7.0,/DATACENTER3/zhenxiang.wang/work/TailGuardKV/.worktrees/baseline-smoke-final-aggregation/out/full_25session_baseline_9_14/full/policy_attempts/retry2_20260915/seed20260907/config.yaml,,,,,0.1,True,,0.1,,0,False,,469.6015625,38.64697265625,3.72216796875,3.72216796875,0.750244140625,2055.275042075664,unknown,True,,True,,False,,15116.60546875,True,utility_dynamic,False,0.0007168458781361964,0.0007168458781361964,kivi_2bit_residual32,0.0007168458781361964,,risk_evidence_insufficient,0.0,utility_dynamic,0.0,,,,hybrid-session-000-turn-3,3.72216796875,2.971923828125,3.72216796875,0.0,0.009318996415770553,/DATACENTER3/zhenxiang.wang/work/TailGuardKV/.worktrees/baseline-smoke-final-aggregation/out/full_25session_baseline_9_14/full/policy_attempts/retry2_20260915/seed20260907,True,,hybrid-session-000,qa,176.81269999593496,3,risk_evidence_insufficient
kivi_2bit_residual32,13.0,0.1,False,False,online_qwen,False,6.0,/DATACENTER3/zhenxiang.wang/work/TailGuardKV/.worktrees/baseline-smoke-final-aggregation/out/full_25session_baseline_9_14/full/policy_attempts/retry2_20260915/seed20260907/config.yaml,,,,,0.1,True,,0.1,,0,False,,469.6015625,39.397216796875,3.52734375,3.52734375,0.750244140625,2046.0277060046792,unknown,True,,True,,False,,15117.37109375,True,utility_dynamic,False,0.019063180827886703,0.019063180827886703,kivi_2bit_residual32,0.019063180827886703,,risk_evidence_insufficient,0.0,utility_dynamic,0.0,,,,hybrid-session-002-turn-3,3.52734375,2.777099609375,3.52734375,0.0,0.19063180827886705,/DATACENTER3/zhenxiang.wang/work/TailGuardKV/.worktrees/baseline-smoke-final-aggregation/out/full_25session_baseline_9_14/full/policy_attempts/retry2_20260915/seed20260907,False,,hybrid-session-002,qa,170.57869490236044,3,risk_evidence_insufficient
kivi_2bit_residual32,13.0,0.1,False,False,online_qwen,False,8.0,/DATACENTER3/zhenxiang.wang/work/TailGuardKV/.worktrees/baseline-smoke-final-aggregation/out/full_25session_baseline_9_14/full/policy_attempts/retry2_20260915/seed20260907/config.yaml,,,,,0.1,True,,0.1,,0,False,,469.6015625,40.114990234375,3.621337890625,3.621337890625,0.7177734375,2084.5890280324966,unknown,True,,True,,False,,15116.5703125,True,utility_dynamic,False,0.0,0.0,kivi_2bit_residual32,0.0,,risk_evidence_insufficient,0.0,utility_dynamic,0.0,,,,hybrid-session-003-turn-3,3.621337890625,2.903564453125,3.621337890625,0.0,0.0,/DATACENTER3/zhenxiang.wang/work/TailGuardKV/.worktrees/baseline-smoke-final-aggregation/out/full_25session_baseline_9_14/full/policy_attempts/retry2_20260915/seed20260907,True,,hybrid-session-003,summary,177.9155288822949,3,risk_evidence_insufficient
kivi_2bit_residual32,13.0,0.1,False,False,online_qwen,False,8.0,/DATACENTER3/zhenxiang.wang/work/TailGuardKV/.worktrees/baseline-smoke-final-aggregation/out/full_25session_baseline_9_14/full/policy_attempts/retry2_20260915/seed20260907/config.yaml,,,,,0.1,True,,0.1,,0,False,,469.6015625,40.832763671875,3.426513671875,3.426513671875,0.7177734375,2039.4084381405264,unknown,True,,True,,False,,15117.30078125,True,utility_dynamic,False,0.0,0.0,kivi_2bit_residual32,0.0,,risk_evidence_insufficient,0.0,utility_dynamic,0.0,,,,hybrid-session-007-turn-3,3.426513671875,2.708740234375,3.426513671875,0.0,0.0,/DATACENTER3/zhenxiang.wang/work/TailGuardKV/.worktrees/baseline-smoke-final-aggregation/out/full_25session_baseline_9_14/full/policy_attempts/retry2_20260915/seed20260907,True,,hybrid-session-007,summary,168.7040829565376,3,risk_evidence_insufficient
kivi_2bit_residual32,13.0,0.1,False,False,online_qwen,False,6.0,/DATACENTER3/zhenxiang.wang/work/TailGuardKV/.worktrees/baseline-smoke-final-aggregation/out/full_25session_baseline_9_14/full/policy_attempts/retry2_20260915/seed20260907/config.yaml,,,,,0.1,True,,0.1,,0,False,,469.6015625,40.8720703125,3.300048828125,3.300048828125,0.039306640625,2323.4788910485804,unknown,True,,True,,False,,15119.517578125,True,utility_dynamic,False,0.019063180827886703,0.019063180827886703,kivi_2bit_residual32,0.019063180827886703,,risk_evidence_insufficient,0.0,utility_dynamic,0.0,,,,hybrid-session-008-turn-3,3.300048828125,3.2607421875,3.300048828125,0.0,0.19063180827886705,/DATACENTER3/zhenxiang.wang/work/TailGuardKV/.worktrees/baseline-smoke-final-aggregation/out/full_25session_baseline_9_14/full/policy_attempts/retry2_20260915/seed20260907,False,,hybrid-session-008,qa,169.48833805508912,3,risk_evidence_insufficient
kivi_2bit_residual32,13.0,0.1,False,False,online_qwen,False,8.0,/DATACENTER3/zhenxiang.wang/work/TailGuardKV/.worktrees/baseline-smoke-final-aggregation/out/full_25session_baseline_9_14/full/policy_attempts/retry2_20260915/seed20260907/config.yaml,,,,,0.1,True,,0.1,,0,False,,469.6015625,41.58984375,3.491455078125,3.491455078125,0.7177734375,2608.4632170386612,unknown,True,,True,,False,,15118.07421875,True,utility_dynamic,False,0.0,0.0,kivi_2bit_residual32,0.0,,risk_evidence_insufficient,0.0,utility_dynamic,0.0,,,,hybrid-session-009-turn-3,3.491455078125,2.773681640625,3.491455078125,0.0,0.0,/DATACENTER3/zhenxiang.wang/work/TailGuardKV/.worktrees/baseline-smoke-final-aggregation/out/full_25session_baseline_9_14/full/policy_attempts/retry2_20260915/seed20260907,True,,hybrid-session-009,summary,205.7985900901258,3,risk_evidence_insufficient
kivi_2bit_residual32,13.0,0.1,False,False,online_qwen,False,6.0,/DATACENTER3/zhenxiang.wang/work/TailGuardKV/.worktrees/baseline-smoke-final-aggregation/out/full_25session_baseline_9_14/full/policy_attempts/retry2_20260915/seed20260907/config.yaml,,,,,0.1,True,,0.1,,0,False,,469.6015625,41.629150390625,3.20263671875,3.20263671875,0.039306640625,2625.983095029369,unknown,True,,True,,False,,15120.283203125,True,utility_dynamic,False,0.019063180827886703,0.019063180827886703,kivi_2bit_residual32,0.019063180827886703,,risk_evidence_insufficient,0.0,utility_dynamic,0.0,,,,hybrid-session-010-turn-3,3.20263671875,3.163330078125,3.20263671875,0.0,0.19063180827886705,/DATACENTER3/zhenxiang.wang/work/TailGuardKV/.worktrees/baseline-smoke-final-aggregation/out/full_25session_baseline_9_14/full/policy_attempts/retry2_20260915/seed20260907,False,,hybrid-session-010,qa,203.4640738274902,3,risk_evidence_insufficient
kivi_2bit_residual32,13.0,0.1,False,False,online_qwen,False,8.0,/DATACENTER3/zhenxiang.wang/work/TailGuardKV/.worktrees/baseline-smoke-final-aggregation/out/full_25session_baseline_9_14/full/policy_attempts/retry2_20260915/seed20260907/config.yaml,,,,,0.1,True,,0.1,,0,False,,469.6015625,42.346923828125,3.621337890625,3.621337890625,0.7177734375,2632.1273799985647,unknown,True,,True,,False,,15118.8125,True,utility_dynamic,False,0.0,0.0,kivi_2bit_residual32,0.0,,risk_evidence_insufficient,0.0,utility_dynamic,0.0,,,,hybrid-session-011-turn-3,3.621337890625,2.903564453125,3.621337890625,0.0,0.0,/DATACENTER3/zhenxiang.wang/work/TailGuardKV/.worktrees/baseline-smoke-final-aggregation/out/full_25session_baseline_9_14/full/policy_attempts/retry2_20260915/seed20260907,True,,hybrid-session-011,summary,208.34549306891859,3,risk_evidence_insufficient
kivi_2bit_residual32,13.0,0.1,False,False,online_qwen,False,8.0,/DATACENTER3/zhenxiang.wang/work/TailGuardKV/.worktrees/baseline-smoke-final-aggregation/out/full_25session_baseline_9_14/full/policy_attempts/retry2_20260915/seed20260907/config.yaml,,,,,0.1,True,,0.1,,0,False,,469.6015625,43.064697265625,3.65380859375,3.65380859375,0.7177734375,2593.905518995598,unknown,True,,True,,False,,15119.509765625,True,utility_dynamic,False,0.0,0.0,kivi_2bit_residual32,0.0,,risk_evidence_insufficient,0.0,utility_dynamic,0.0,,,,hybrid-session-013-turn-3,3.65380859375,2.93603515625,3.65380859375,0.0,0.0,/DATACENTER3/zhenxiang.wang/work/TailGuardKV/.worktrees/baseline-smoke-final-aggregation/out/full_25session_baseline_9_14/full/policy_attempts/retry2_20260915/seed20260907,True,,hybrid-session-013,summary,204.4354781974107,3,risk_evidence_insufficient
kivi_2bit_residual32,13.0,0.1,False,False,online_qwen,False,6.0,/DATACENTER3/zhenxiang.wang/work/TailGuardKV/.worktrees/baseline-smoke-final-aggregation/out/full_25session_baseline_9_14/full/policy_attempts/retry2_20260915/seed20260907/config.yaml,,,,,0.1,True,,0.1,,0,False,,469.6015625,43.81494140625,3.494873046875,3.494873046875,0.750244140625,2599.947638111189,unknown,True,,True,,False,,15121.708984375,True,utility_dynamic,False,0.019063180827886703,0.019063180827886703,kivi_2bit_residual32,0.019063180827886703,,risk_evidence_insufficient,0.0,utility_dynamic,0.0,,,,hybrid-session-016-turn-3,3.494873046875,2.74462890625,3.494873046875,0.0,0.19063180827886705,/DATACENTER3/zhenxiang.wang/work/TailGuardKV/.worktrees/baseline-smoke-final-aggregation/out/full_25session_baseline_9_14/full/policy_attempts/retry2_20260915/seed20260907,False,,hybrid-session-016,qa,201.4148540329188,3,risk_evidence_insufficient
kivi_2bit_residual32,13.0,0.1,False,False,online_qwen,False,8.0,/DATACENTER3/zhenxiang.wang/work/TailGuardKV/.worktrees/baseline-smoke-final-aggregation/out/full_25session_baseline_9_14/full/policy_attempts/retry2_20260915/seed20260907/config.yaml,,,,,0.1,True,,0.1,,0,False,,469.6015625,44.53271484375,4.014404296875,4.014404296875,0.7177734375,2384.592938935384,unknown,True,,True,,False,,15120.94921875,True,utility_dynamic,False,0.0,0.0,kivi_2bit_residual32,0.0,,risk_evidence_insufficient,0.0,utility_dynamic,0.0,,,,hybrid-session-017-turn-3,4.014404296875,3.296630859375,4.014404296875,0.0,0.0,/DATACENTER3/zhenxiang.wang/work/TailGuardKV/.worktrees/baseline-smoke-final-aggregation/out/full_25session_baseline_9_14/full/policy_attempts/retry2_20260915/seed20260907,True,,hybrid-session-017,summary,204.6410790644586,3,risk_evidence_insufficient
kivi_2bit_residual32,13.0,0.1,False,False,online_qwen,False,6.0,/DATACENTER3/zhenxiang.wang/work/TailGuardKV/.worktrees/baseline-smoke-final-aggregation/out/full_25session_baseline_9_14/full/policy_attempts/retry2_20260915/seed20260907/config.yaml,,,,,0.1,True,,0.1,,0,False,,469.6015625,45.282958984375,3.52734375,3.52734375,0.750244140625,2068.6956860590726,unknown,True,,True,,False,,15123.154296875,True,utility_dynamic,False,0.019063180827886703,0.019063180827886703,kivi_2bit_residual32,0.019063180827886703,,risk_evidence_insufficient,0.0,utility_dynamic,0.0,,,,hybrid-session-020-turn-3,3.52734375,2.777099609375,3.52734375,0.0,0.19063180827886705,/DATACENTER3/zhenxiang.wang/work/TailGuardKV/.worktrees/baseline-smoke-final-aggregation/out/full_25session_baseline_9_14/full/policy_attempts/retry2_20260915/seed20260907,False,,hybrid-session-020,qa,169.92965596728027,3,risk_evidence_insufficient
kivi_2bit_residual32,13.0,0.1,False,False,online_qwen,False,8.0,/DATACENTER3/zhenxiang.wang/work/TailGuardKV/.worktrees/baseline-smoke-final-aggregation/out/full_25session_baseline_9_14/full/policy_attempts/retry2_20260915/seed20260907/config.yaml,,,,,0.1,True,,0.1,,0,False,,469.6015625,46.000732421875,3.3974609375,3.3974609375,0.7177734375,2038.5270500555634,unknown,True,,True,,False,,15123.10546875,True,utility_dynamic,False,0.0,0.0,kivi_2bit_residual32,0.0,,risk_evidence_insufficient,0.0,utility_dynamic,0.0,,,,hybrid-session-023-turn-3,3.3974609375,2.6796875,3.3974609375,0.0,0.0,/DATACENTER3/zhenxiang.wang/work/TailGuardKV/.worktrees/baseline-smoke-final-aggregation/out/full_25session_baseline_9_14/full/policy_attempts/retry2_20260915/seed20260907,True,,hybrid-session-023,summary,144.74171306937933,3,risk_evidence_insufficient
kivi_2bit_residual32,13.0,0.1,False,False,online_qwen,False,7.0,/DATACENTER3/zhenxiang.wang/work/TailGuardKV/.worktrees/baseline-smoke-final-aggregation/out/full_25session_baseline_9_14/full/policy_attempts/retry2_20260915/seed20260907/config.yaml,,,,,0.1,True,,0.1,,0,False,,469.6015625,46.588623046875,4.31005859375,4.31005859375,0.587890625,2053.50395408459,unknown,True,,True,,False,,15117.12890625,True,utility_dynamic,False,0.0007168458781361964,0.0007168458781361964,kivi_2bit_residual32,0.0007168458781361964,,risk_evidence_insufficient,0.0,utility_dynamic,0.0,,,,hybrid-session-000-turn-4,4.31005859375,3.72216796875,4.31005859375,0.0,0.009318996415770553,/DATACENTER3/zhenxiang.wang/work/TailGuardKV/.worktrees/baseline-smoke-final-aggregation/out/full_25session_baseline_9_14/full/policy_attempts/retry2_20260915/seed20260907,True,,hybrid-session-000,qa,182.523543946445,4,risk_evidence_insufficient
kivi_2bit_residual32,13.0,0.1,False,False,online_qwen,False,6.0,/DATACENTER3/zhenxiang.wang/work/TailGuardKV/.worktrees/baseline-smoke-final-aggregation/out/full_25session_baseline_9_14/full/policy_attempts/retry2_20260915/seed20260907/config.yaml,,,,,0.1,True,,0.1,,0,False,,469.6015625,47.176513671875,4.115234375,4.115234375,0.587890625,2041.8694131076336,unknown,True,,True,,False,,15117.744140625,True,utility_dynamic,False,0.019063180827886703,0.019063180827886703,kivi_2bit_residual32,0.019063180827886703,,risk_evidence_insufficient,0.0,utility_dynamic,0.0,,,,hybrid-session-002-turn-4,4.115234375,3.52734375,4.115234375,0.0,0.19063180827886705,/DATACENTER3/zhenxiang.wang/work/TailGuardKV/.worktrees/baseline-smoke-final-aggregation/out/full_25session_baseline_9_14/full/policy_attempts/retry2_20260915/seed20260907,False,,hybrid-session-002,qa,172.04485111869872,4,risk_evidence_insufficient
kivi_2bit_residual32,13.0,0.1,False,False,online_qwen,False,8.0,/DATACENTER3/zhenxiang.wang/work/TailGuardKV/.worktrees/baseline-smoke-final-aggregation/out/full_25session_baseline_9_14/full/policy_attempts/retry2_20260915/seed20260907/config.yaml,,,,,0.1,True,,0.1,,0,False,,469.6015625,47.176513671875,3.621337890625,3.621337890625,0.0,2062.3662781435996,unknown,True,,True,,False,,15118.330078125,True,utility_dynamic,False,0.0,0.0,kivi_2bit_residual32,0.0,,risk_evidence_insufficient,0.0,utility_dynamic,0.0,,,,hybrid-session-003-turn-4,3.621337890625,3.621337890625,3.621337890625,0.0,0.0,/DATACENTER3/zhenxiang.wang/work/TailGuardKV/.worktrees/baseline-smoke-final-aggregation/out/full_25session_baseline_9_14/full/policy_attempts/retry2_20260915/seed20260907,True,,hybrid-session-003,summary,168.10519015416503,4,risk_evidence_insufficient
kivi_2bit_residual32,13.0,0.1,False,False,online_qwen,False,8.0,/DATACENTER3/zhenxiang.wang/work/TailGuardKV/.worktrees/baseline-smoke-final-aggregation/out/full_25session_baseline_9_14/full/policy_attempts/retry2_20260915/seed20260907/config.yaml,,,,,0.1,True,,0.1,,0,False,,469.6015625,47.764404296875,4.014404296875,4.014404296875,0.587890625,2042.0307209715247,unknown,True,,True,,False,,15118.2109375,True,utility_dynamic,False,0.0,0.0,kivi_2bit_residual32,0.0,,risk_evidence_insufficient,0.0,utility_dynamic,0.0,,,,hybrid-session-007-turn-4,4.014404296875,3.426513671875,4.014404296875,0.0,0.0,/DATACENTER3/zhenxiang.wang/work/TailGuardKV/.worktrees/baseline-smoke-final-aggregation/out/full_25session_baseline_9_14/full/policy_attempts/retry2_20260915/seed20260907,True,,hybrid-session-007,summary,165.12016206979752,4,risk_evidence_insufficient
kivi_2bit_residual32,13.0,0.1,False,False,online_qwen,False,6.0,/DATACENTER3/zhenxiang.wang/work/TailGuardKV/.worktrees/baseline-smoke-final-aggregation/out/full_25session_baseline_9_14/full/policy_attempts/retry2_20260915/seed20260907/config.yaml,,,,,0.1,True,,0.1,,0,False,,469.6015625,48.352294921875,3.887939453125,3.887939453125,0.587890625,2030.844495864585,unknown,True,,True,,False,,15118.796875,True,utility_dynamic,False,0.019063180827886703,0.019063180827886703,kivi_2bit_residual32,0.019063180827886703,,risk_evidence_insufficient,0.0,utility_dynamic,0.0,,,,hybrid-session-008-turn-4,3.887939453125,3.300048828125,3.887939453125,0.0,0.19063180827886705,/DATACENTER3/zhenxiang.wang/work/TailGuardKV/.worktrees/baseline-smoke-final-aggregation/out/full_25session_baseline_9_14/full/policy_attempts/retry2_20260915/seed20260907,False,,hybrid-session-008,qa,171.79656587541103,4,risk_evidence_insufficient
kivi_2bit_residual32,13.0,0.1,True,False,online_qwen,False,8.0,/DATACENTER3/zhenxiang.wang/work/TailGuardKV/.worktrees/baseline-smoke-final-aggregation/out/full_25session_baseline_9_14/full/policy_attempts/retry2_20260915/seed20260907/config.yaml,,,,,0.1,True,,0.1,,0,False,,469.6015625,48.352294921875,3.491455078125,3.491455078125,0.0,2316.1085380706936,unknown,True,,True,,False,,15119.396484375,True,utility_dynamic,False,0.0,0.0,kivi_2bit_residual32,0.0,,risk_evidence_insufficient,0.0,utility_dynamic,0.0,,,,hybrid-session-009-turn-4,3.491455078125,3.491455078125,3.491455078125,0.0,0.0,/DATACENTER3/zhenxiang.wang/work/TailGuardKV/.worktrees/baseline-smoke-final-aggregation/out/full_25session_baseline_9_14/full/policy_attempts/retry2_20260915/seed20260907,True,,hybrid-session-009,summary,223.82016200572252,4,risk_evidence_insufficient
kivi_2bit_residual32,13.0,0.1,False,False,online_qwen,False,6.0,/DATACENTER3/zhenxiang.wang/work/TailGuardKV/.worktrees/baseline-smoke-final-aggregation/out/full_25session_baseline_9_14/full/policy_attempts/retry2_20260915/seed20260907/config.yaml,,,,,0.1,True,,0.1,,0,False,,469.6015625,48.940185546875,3.79052734375,3.79052734375,0.587890625,2044.9513501953334,unknown,True,,True,,False,,15119.9521484375,True,utility_dynamic,False,0.019063180827886703,0.019063180827886703,kivi_2bit_residual32,0.019063180827886703,,risk_evidence_insufficient,0.0,utility_dynamic,0.0,,,,hybrid-session-010-turn-4,3.79052734375,3.20263671875,3.79052734375,0.0,0.19063180827886705,/DATACENTER3/zhenxiang.wang/work/TailGuardKV/.worktrees/baseline-smoke-final-aggregation/out/full_25session_baseline_9_14/full/policy_attempts/retry2_20260915/seed20260907,False,,hybrid-session-010,qa,145.42686799541116,4,risk_evidence_insufficient
kivi_2bit_residual32,13.0,0.1,True,False,online_qwen,False,8.0,/DATACENTER3/zhenxiang.wang/work/TailGuardKV/.worktrees/baseline-smoke-final-aggregation/out/full_25session_baseline_9_14/full/policy_attempts/retry2_20260915/seed20260907/config.yaml,,,,,0.1,True,,0.1,,0,False,,469.6015625,48.940185546875,3.621337890625,3.621337890625,0.0,2065.9388171043247,unknown,True,,True,,False,,15119.861328125,True,utility_dynamic,False,0.0,0.0,kivi_2bit_residual32,0.0,,risk_evidence_insufficient,0.0,utility_dynamic,0.0,,,,hybrid-session-011-turn-4,3.621337890625,3.621337890625,3.621337890625,0.0,0.0,/DATACENTER3/zhenxiang.wang/work/TailGuardKV/.worktrees/baseline-smoke-final-aggregation/out/full_25session_baseline_9_14/full/policy_attempts/retry2_20260915/seed20260907,True,,hybrid-session-011,summary,171.7101731337607,4,risk_evidence_insufficient
kivi_2bit_residual32,13.0,0.1,False,False,online_qwen,False,8.0,/DATACENTER3/zhenxiang.wang/work/TailGuardKV/.worktrees/baseline-smoke-final-aggregation/out/full_25session_baseline_9_14/full/policy_attempts/retry2_20260915/seed20260907/config.yaml,,,,,0.1,True,,0.1,,0,False,,469.6015625,48.940185546875,3.65380859375,3.65380859375,0.0,2067.5048008561134,unknown,True,,True,,False,,15119.751953125,True,utility_dynamic,False,0.0,0.0,kivi_2bit_residual32,0.0,,risk_evidence_insufficient,0.0,utility_dynamic,0.0,,,,hybrid-session-013-turn-4,3.65380859375,3.65380859375,3.65380859375,0.0,0.0,/DATACENTER3/zhenxiang.wang/work/TailGuardKV/.worktrees/baseline-smoke-final-aggregation/out/full_25session_baseline_9_14/full/policy_attempts/retry2_20260915/seed20260907,True,,hybrid-session-013,summary,168.67171600461006,4,risk_evidence_insufficient
kivi_2bit_residual32,13.0,0.1,False,False,online_qwen,False,6.0,/DATACENTER3/zhenxiang.wang/work/TailGuardKV/.worktrees/baseline-smoke-final-aggregation/out/full_25session_baseline_9_14/full/policy_attempts/retry2_20260915/seed20260907/config.yaml,,,,,0.1,True,,0.1,,0,False,,469.6015625,49.528076171875,4.082763671875,4.082763671875,0.587890625,2401.7879099119455,unknown,True,,True,,False,,15119.650390625,True,utility_dynamic,False,0.019063180827886703,0.019063180827886703,kivi_2bit_residual32,0.019063180827886703,,risk_evidence_insufficient,0.0,utility_dynamic,0.0,,,,hybrid-session-016-turn-4,4.082763671875,3.494873046875,4.082763671875,0.0,0.19063180827886705,/DATACENTER3/zhenxiang.wang/work/TailGuardKV/.worktrees/baseline-smoke-final-aggregation/out/full_25session_baseline_9_14/full/policy_attempts/retry2_20260915/seed20260907,False,,hybrid-session-016,qa,171.673399861902,4,risk_evidence_insufficient
kivi_2bit_residual32,13.0,0.1,False,False,online_qwen,False,8.0,/DATACENTER3/zhenxiang.wang/work/TailGuardKV/.worktrees/baseline-smoke-final-aggregation/out/full_25session_baseline_9_14/full/policy_attempts/retry2_20260915/seed20260907/config.yaml,,,,,0.1,True,,0.1,,0,False,,469.6015625,49.528076171875,4.014404296875,4.014404296875,0.0,2613.2052990142256,unknown,True,,True,,False,,15120.251953125,True,utility_dynamic,False,0.0,0.0,kivi_2bit_residual32,0.0,,risk_evidence_insufficient,0.0,utility_dynamic,0.0,,,,hybrid-session-017-turn-4,4.014404296875,4.014404296875,4.014404296875,0.0,0.0,/DATACENTER3/zhenxiang.wang/work/TailGuardKV/.worktrees/baseline-smoke-final-aggregation/out/full_25session_baseline_9_14/full/policy_attempts/retry2_20260915/seed20260907,True,,hybrid-session-017,summary,202.0189268514514,4,risk_evidence_insufficient
kivi_2bit_residual32,13.0,0.1,False,False,online_qwen,False,6.0,/DATACENTER3/zhenxiang.wang/work/TailGuardKV/.worktrees/baseline-smoke-final-aggregation/out/full_25session_baseline_9_14/full/policy_attempts/retry2_20260915/seed20260907/config.yaml,,,,,0.1,True,,0.1,,0,False,,469.6015625,50.115966796875,4.115234375,4.115234375,0.587890625,2251.5625508967787,unknown,True,,True,,False,,15120.150390625,True,utility_dynamic,False,0.019063180827886703,0.019063180827886703,kivi_2bit_residual32,0.019063180827886703,,risk_evidence_insufficient,0.0,utility_dynamic,0.0,,,,hybrid-session-020-turn-4,4.115234375,3.52734375,4.115234375,0.0,0.19063180827886705,/DATACENTER3/zhenxiang.wang/work/TailGuardKV/.worktrees/baseline-smoke-final-aggregation/out/full_25session_baseline_9_14/full/policy_attempts/retry2_20260915/seed20260907,False,,hybrid-session-020,qa,202.5616189930588,4,risk_evidence_insufficient
kivi_2bit_residual32,13.0,0.1,False,False,online_qwen,False,8.0,/DATACENTER3/zhenxiang.wang/work/TailGuardKV/.worktrees/baseline-smoke-final-aggregation/out/full_25session_baseline_9_14/full/policy_attempts/retry2_20260915/seed20260907/config.yaml,,,,,0.1,True,,0.1,,0,False,,469.6015625,50.703857421875,3.9853515625,3.9853515625,0.587890625,2033.0948720220476,unknown,True,,True,,False,,15120.751953125,True,utility_dynamic,False,0.0,0.0,kivi_2bit_residual32,0.0,,risk_evidence_insufficient,0.0,utility_dynamic,0.0,,,,hybrid-session-023-turn-4,3.9853515625,3.3974609375,3.9853515625,0.0,0.0,/DATACENTER3/zhenxiang.wang/work/TailGuardKV/.worktrees/baseline-smoke-final-aggregation/out/full_25session_baseline_9_14/full/policy_attempts/retry2_20260915/seed20260907,True,,hybrid-session-023,summary,173.00980491563678,4,risk_evidence_insufficient
kivi_2bit_residual64,1.0,0.1,False,False,online_qwen,False,8.0,/DATACENTER3/zhenxiang.wang/work/TailGuardKV/.worktrees/baseline-smoke-final-aggregation/out/full_25session_baseline_9_14/full/policy_attempts/retry2_20260915/seed20260907/config.yaml,,,,,0.1,True,,0.1,,0,False,,469.6015625,1.203125,1.203125,1.203125,1.203125,41044.34667301178,unknown,True,,True,,False,,15045.50732421875,True,uncalibrated_dynamic,False,0.0,0.0,kivi_2bit_residual64,0.0,,risk_evidence_insufficient,0.0,uncalibrated_dynamic,0.0,,,,hybrid-session-000-turn-0,1.203125,0.0,1.203125,0.0,0.0,/DATACENTER3/zhenxiang.wang/work/TailGuardKV/.worktrees/baseline-smoke-final-aggregation/out/full_25session_baseline_9_14/full/policy_attempts/retry2_20260915/seed20260907,True,point_prediction_eligible,hybrid-session-000,chat,39838.838297937065,0,risk_evidence_insufficient
kivi_2bit_residual64,2.0,0.1,False,False,online_qwen,False,8.0,/DATACENTER3/zhenxiang.wang/work/TailGuardKV/.worktrees/baseline-smoke-final-aggregation/out/full_25session_baseline_9_14/full/policy_attempts/retry2_20260915/seed20260907/config.yaml,,,,,0.1,True,,0.1,,0,False,,469.6015625,3.28125,2.078125,2.078125,2.078125,1306.0558189172298,unknown,True,,True,,False,,15071.74462890625,True,uncalibrated_dynamic,False,0.0,0.0,kivi_2bit_residual64,0.0,,risk_evidence_insufficient,0.0,uncalibrated_dynamic,0.0,,,,hybrid-session-002-turn-0,2.078125,0.0,2.078125,0.0,0.0,/DATACENTER3/zhenxiang.wang/work/TailGuardKV/.worktrees/baseline-smoke-final-aggregation/out/full_25session_baseline_9_14/full/policy_attempts/retry2_20260915/seed20260907,True,point_prediction_eligible,hybrid-session-002,chat,111.97439511306584,0,risk_evidence_insufficient
kivi_2bit_residual64,3.0,0.1,False,False,online_qwen,False,8.0,/DATACENTER3/zhenxiang.wang/work/TailGuardKV/.worktrees/baseline-smoke-final-aggregation/out/full_25session_baseline_9_14/full/policy_attempts/retry2_20260915/seed20260907/config.yaml,,,,,0.1,True,,0.1,,0,False,,469.6015625,4.7578125,1.4765625,1.4765625,1.4765625,1283.5091850720346,unknown,True,,True,,False,,15056.39697265625,True,uncalibrated_dynamic,False,0.0,0.0,kivi_2bit_residual64,0.0,,risk_evidence_insufficient,0.0,uncalibrated_dynamic,0.0,,,,hybrid-session-003-turn-0,1.4765625,0.0,1.4765625,0.0,0.0,/DATACENTER3/zhenxiang.wang/work/TailGuardKV/.worktrees/baseline-smoke-final-aggregation/out/full_25session_baseline_9_14/full/policy_attempts/retry2_20260915/seed20260907,True,point_prediction_eligible,hybrid-session-003,chat,85.4172739200294,0,risk_evidence_insufficient
kivi_2bit_residual64,4.0,0.1,False,False,online_qwen,False,8.0,/DATACENTER3/zhenxiang.wang/work/TailGuardKV/.worktrees/baseline-smoke-final-aggregation/out/full_25session_baseline_9_14/full/policy_attempts/retry2_20260915/seed20260907/config.yaml,,,,,0.1,True,,0.1,,0,False,,469.6015625,6.015625,1.2578125,1.2578125,1.2578125,1268.939945846796,unknown,True,,True,,False,,15051.48681640625,True,uncalibrated_dynamic,False,0.0,0.0,kivi_2bit_residual64,0.0,,risk_evidence_insufficient,0.0,uncalibrated_dynamic,0.0,,,,hybrid-session-007-turn-0,1.2578125,0.0,1.2578125,0.0,0.0,/DATACENTER3/zhenxiang.wang/work/TailGuardKV/.worktrees/baseline-smoke-final-aggregation/out/full_25session_baseline_9_14/full/policy_attempts/retry2_20260915/seed20260907,True,point_prediction_eligible,hybrid-session-007,chat,86.48093789815903,0,risk_evidence_insufficient
kivi_2bit_residual64,5.0,0.1,False,False,online_qwen,False,8.0,/DATACENTER3/zhenxiang.wang/work/TailGuardKV/.worktrees/baseline-smoke-final-aggregation/out/full_25session_baseline_9_14/full/policy_attempts/retry2_20260915/seed20260907/config.yaml,,,,,0.1,True,,0.1,,0,False,,469.6015625,7.6015625,1.5859375,1.5859375,1.5859375,1268.753742100671,unknown,True,,True,,False,,15061.63525390625,True,uncalibrated_dynamic,False,0.0,0.0,kivi_2bit_residual64,0.0,,risk_evidence_insufficient,0.0,uncalibrated_dynamic,0.0,,,,hybrid-session-008-turn-0,1.5859375,0.0,1.5859375,0.0,0.0,/DATACENTER3/zhenxiang.wang/work/TailGuardKV/.worktrees/baseline-smoke-final-aggregation/out/full_25session_baseline_9_14/full/policy_attempts/retry2_20260915/seed20260907,True,point_prediction_eligible,hybrid-session-008,chat,86.3644010387361,0,risk_evidence_insufficient
kivi_2bit_residual64,6.0,0.1,False,False,online_qwen,False,8.0,/DATACENTER3/zhenxiang.wang/work/TailGuardKV/.worktrees/baseline-smoke-final-aggregation/out/full_25session_baseline_9_14/full/policy_attempts/retry2_20260915/seed20260907/config.yaml,,,,,0.1,True,,0.1,,0,False,,469.6015625,9.296875,1.6953125,1.6953125,1.6953125,1277.3348060436547,unknown,True,,True,,False,,15066.24462890625,True,uncalibrated_dynamic,False,0.0,0.0,kivi_2bit_residual64,0.0,,risk_evidence_insufficient,0.0,uncalibrated_dynamic,0.0,,,,hybrid-session-009-turn-0,1.6953125,0.0,1.6953125,0.0,0.0,/DATACENTER3/zhenxiang.wang/work/TailGuardKV/.worktrees/baseline-smoke-final-aggregation/out/full_25session_baseline_9_14/full/policy_attempts/retry2_20260915/seed20260907,True,point_prediction_eligible,hybrid-session-009,chat,84.84299201518297,0,risk_evidence_insufficient
kivi_2bit_residual64,7.0,0.1,False,False,online_qwen,False,8.0,/DATACENTER3/zhenxiang.wang/work/TailGuardKV/.worktrees/baseline-smoke-final-aggregation/out/full_25session_baseline_9_14/full/policy_attempts/retry2_20260915/seed20260907/config.yaml,,,,,0.1,True,,0.1,,0,False,,469.6015625,10.828125,1.53125,1.53125,1.53125,1264.3661638721824,unknown,True,,True,,False,,15063.63427734375,True,uncalibrated_dynamic,False,0.0,0.0,kivi_2bit_residual64,0.0,,risk_evidence_insufficient,0.0,uncalibrated_dynamic,0.0,,,,hybrid-session-010-turn-0,1.53125,0.0,1.53125,0.0,0.0,/DATACENTER3/zhenxiang.wang/work/TailGuardKV/.worktrees/baseline-smoke-final-aggregation/out/full_25session_baseline_9_14/full/policy_attempts/retry2_20260915/seed20260907,True,point_prediction_eligible,hybrid-session-010,chat,85.09417995810509,0,risk_evidence_insufficient
kivi_2bit_residual64,8.0,0.1,False,False,online_qwen,False,8.0,/DATACENTER3/zhenxiang.wang/work/TailGuardKV/.worktrees/baseline-smoke-final-aggregation/out/full_25session_baseline_9_14/full/policy_attempts/retry2_20260915/seed20260907/config.yaml,,,,,0.1,True,,0.1,,0,False,,469.6015625,12.8515625,2.0234375,2.0234375,2.0234375,1339.6746600046754,unknown,True,,True,,False,,15078.54150390625,True,uncalibrated_dynamic,False,0.0,0.0,kivi_2bit_residual64,0.0,,risk_evidence_insufficient,0.0,uncalibrated_dynamic,0.0,,,,hybrid-session-011-turn-0,2.0234375,0.0,2.0234375,0.0,0.0,/DATACENTER3/zhenxiang.wang/work/TailGuardKV/.worktrees/baseline-smoke-final-aggregation/out/full_25session_baseline_9_14/full/policy_attempts/retry2_20260915/seed20260907,True,point_prediction_eligible,hybrid-session-011,chat,100.15778592787683,0,risk_evidence_insufficient
kivi_2bit_residual64,9.0,0.1,False,False,online_qwen,False,8.0,/DATACENTER3/zhenxiang.wang/work/TailGuardKV/.worktrees/baseline-smoke-final-aggregation/out/full_25session_baseline_9_14/full/policy_attempts/retry2_20260915/seed20260907/config.yaml,,,,,0.1,True,,0.1,,0,False,,469.6015625,14.65625,1.8046875,1.8046875,1.8046875,1262.903894064948,unknown,True,,True,,False,,15074.51806640625,True,uncalibrated_dynamic,False,0.0,0.0,kivi_2bit_residual64,0.0,,risk_evidence_insufficient,0.0,uncalibrated_dynamic,0.0,,,,hybrid-session-013-turn-0,1.8046875,0.0,1.8046875,0.0,0.0,/DATACENTER3/zhenxiang.wang/work/TailGuardKV/.worktrees/baseline-smoke-final-aggregation/out/full_25session_baseline_9_14/full/policy_attempts/retry2_20260915/seed20260907,True,point_prediction_eligible,hybrid-session-013,chat,97.06864901818335,0,risk_evidence_insufficient
kivi_2bit_residual64,10.0,0.1,False,False,online_qwen,False,8.0,/DATACENTER3/zhenxiang.wang/work/TailGuardKV/.worktrees/baseline-smoke-final-aggregation/out/full_25session_baseline_9_14/full/policy_attempts/retry2_20260915/seed20260907/config.yaml,,,,,0.1,True,,0.1,,0,False,,469.6015625,17.28125,2.625,2.625,2.625,1278.9711910299957,unknown,True,,True,,False,,15100.71337890625,True,uncalibrated_dynamic,False,0.0,0.0,kivi_2bit_residual64,0.0,,risk_evidence_insufficient,0.0,uncalibrated_dynamic,0.0,,,,hybrid-session-016-turn-0,2.625,0.0,2.625,0.0,0.0,/DATACENTER3/zhenxiang.wang/work/TailGuardKV/.worktrees/baseline-smoke-final-aggregation/out/full_25session_baseline_9_14/full/policy_attempts/retry2_20260915/seed20260907,True,point_prediction_eligible,hybrid-session-016,chat,102.5704350322485,0,risk_evidence_insufficient
kivi_2bit_residual64,11.0,0.1,False,False,online_qwen,False,8.0,/DATACENTER3/zhenxiang.wang/work/TailGuardKV/.worktrees/baseline-smoke-final-aggregation/out/full_25session_baseline_9_14/full/policy_attempts/retry2_20260915/seed20260907/config.yaml,,,,,0.1,True,,0.1,,0,False,,469.6015625,19.6328125,2.3515625,2.3515625,2.3515625,1308.933864813298,unknown,True,,True,,False,,15094.06494140625,True,uncalibrated_dynamic,False,0.0,0.0,kivi_2bit_residual64,0.0,,risk_evidence_insufficient,0.0,uncalibrated_dynamic,0.0,,,,hybrid-session-017-turn-0,2.3515625,0.0,2.3515625,0.0,0.0,/DATACENTER3/zhenxiang.wang/work/TailGuardKV/.worktrees/baseline-smoke-final-aggregation/out/full_25session_baseline_9_14/full/policy_attempts/retry2_20260915/seed20260907,True,point_prediction_eligible,hybrid-session-017,chat,100.86230398155749,0,risk_evidence_insufficient
kivi_2bit_residual64,12.0,0.1,False,False,online_qwen,False,8.0,/DATACENTER3/zhenxiang.wang/work/TailGuardKV/.worktrees/baseline-smoke-final-aggregation/out/full_25session_baseline_9_14/full/policy_attempts/retry2_20260915/seed20260907/config.yaml,,,,,0.1,True,,0.1,,0,False,,469.6015625,22.0390625,2.40625,2.40625,2.40625,1285.585155012086,unknown,True,,True,,False,,15097.92822265625,True,uncalibrated_dynamic,False,0.0,0.0,kivi_2bit_residual64,0.0,,risk_evidence_insufficient,0.0,uncalibrated_dynamic,0.0,,,,hybrid-session-020-turn-0,2.40625,0.0,2.40625,0.0,0.0,/DATACENTER3/zhenxiang.wang/work/TailGuardKV/.worktrees/baseline-smoke-final-aggregation/out/full_25session_baseline_9_14/full/policy_attempts/retry2_20260915/seed20260907,True,point_prediction_eligible,hybrid-session-020,chat,101.04855801910162,0,risk_evidence_insufficient
kivi_2bit_residual64,13.0,0.1,False,False,online_qwen,False,8.0,/DATACENTER3/zhenxiang.wang/work/TailGuardKV/.worktrees/baseline-smoke-final-aggregation/out/full_25session_baseline_9_14/full/policy_attempts/retry2_20260915/seed20260907/config.yaml,,,,,0.1,True,,0.1,,0,False,,469.6015625,24.1171875,2.078125,2.078125,2.078125,1291.116536129266,unknown,True,,True,,False,,15092.58056640625,True,uncalibrated_dynamic,False,0.0,0.0,kivi_2bit_residual64,0.0,,risk_evidence_insufficient,0.0,uncalibrated_dynamic,0.0,,,,hybrid-session-023-turn-0,2.078125,0.0,2.078125,0.0,0.0,/DATACENTER3/zhenxiang.wang/work/TailGuardKV/.worktrees/baseline-smoke-final-aggregation/out/full_25session_baseline_9_14/full/policy_attempts/retry2_20260915/seed20260907,True,point_prediction_eligible,hybrid-session-023,chat,99.74835417233407,0,risk_evidence_insufficient
kivi_2bit_residual64,13.0,0.1,False,False,online_qwen,False,8.0,/DATACENTER3/zhenxiang.wang/work/TailGuardKV/.worktrees/baseline-smoke-final-aggregation/out/full_25session_baseline_9_14/full/policy_attempts/retry2_20260915/seed20260907/config.yaml,,,,,0.1,True,,0.1,,0,False,,469.6015625,25.6484375,2.734375,2.734375,1.53125,1269.8264240752906,unknown,True,,True,,False,,15078.45556640625,True,uncalibrated_dynamic,False,0.0,0.0,kivi_2bit_residual64,0.0,,risk_evidence_insufficient,0.0,uncalibrated_dynamic,0.0,,,,hybrid-session-000-turn-1,2.734375,1.203125,2.734375,0.0,0.0,/DATACENTER3/zhenxiang.wang/work/TailGuardKV/.worktrees/baseline-smoke-final-aggregation/out/full_25session_baseline_9_14/full/policy_attempts/retry2_20260915/seed20260907,True,point_prediction_eligible,hybrid-session-000,chat,87.96709915623069,1,risk_evidence_insufficient
kivi_2bit_residual64,13.0,0.1,True,False,online_qwen,False,8.0,/DATACENTER3/zhenxiang.wang/work/TailGuardKV/.worktrees/baseline-smoke-final-aggregation/out/full_25session_baseline_9_14/full/policy_attempts/retry2_20260915/seed20260907/config.yaml,,,,,0.1,True,,0.1,,0,False,,469.6015625,25.875732421875,2.305419921875,2.305419921875,0.227294921875,4710.2190121077,unknown,True,,True,,False,,15087.31591796875,True,uncalibrated_dynamic,False,0.0,0.0,kivi_2bit_residual64,0.0,,risk_evidence_insufficient,0.0,uncalibrated_dynamic,0.0,,,,hybrid-session-002-turn-1,2.305419921875,2.078125,2.305419921875,0.0,0.0,/DATACENTER3/zhenxiang.wang/work/TailGuardKV/.worktrees/baseline-smoke-final-aggregation/out/full_25session_baseline_9_14/full/policy_attempts/retry2_20260915/seed20260907,True,point_prediction_eligible,hybrid-session-002,chat,107.88569995202124,1,risk_evidence_insufficient
kivi_2bit_residual64,13.0,0.1,False,False,online_qwen,False,8.0,/DATACENTER3/zhenxiang.wang/work/TailGuardKV/.worktrees/baseline-smoke-final-aggregation/out/full_25session_baseline_9_14/full/policy_attempts/retry2_20260915/seed20260907/config.yaml,,,,,0.1,True,,0.1,,0,False,,469.6015625,27.297607421875,2.8984375,2.8984375,1.421875,795.5425048712641,unknown,True,,True,,False,,15077.78955078125,True,uncalibrated_dynamic,False,0.0,0.0,kivi_2bit_residual64,0.0,,risk_evidence_insufficient,0.0,uncalibrated_dynamic,0.0,,,,hybrid-session-003-turn-1,2.8984375,1.4765625,2.8984375,0.0,0.0,/DATACENTER3/zhenxiang.wang/work/TailGuardKV/.worktrees/baseline-smoke-final-aggregation/out/full_25session_baseline_9_14/full/policy_attempts/retry2_20260915/seed20260907,True,point_prediction_eligible,hybrid-session-003,chat,54.91830385290086,1,risk_evidence_insufficient
kivi_2bit_residual64,13.0,0.1,False,False,online_qwen,False,8.0,/DATACENTER3/zhenxiang.wang/work/TailGuardKV/.worktrees/baseline-smoke-final-aggregation/out/full_25session_baseline_9_14/full/policy_attempts/retry2_20260915/seed20260907/config.yaml,,,,,0.1,True,,0.1,,0,False,,469.6015625,29.156982421875,3.1171875,3.1171875,1.859375,814.034717855975,unknown,True,,True,,False,,15091.34912109375,True,uncalibrated_dynamic,False,0.0,0.0,kivi_2bit_residual64,0.0,,risk_evidence_insufficient,0.0,uncalibrated_dynamic,0.0,,,,hybrid-session-007-turn-1,3.1171875,1.2578125,3.1171875,0.0,0.0,/DATACENTER3/zhenxiang.wang/work/TailGuardKV/.worktrees/baseline-smoke-final-aggregation/out/full_25session_baseline_9_14/full/policy_attempts/retry2_20260915/seed20260907,True,point_prediction_eligible,hybrid-session-007,chat,71.31725992076099,1,risk_evidence_insufficient
kivi_2bit_residual64,13.0,0.1,False,False,online_qwen,False,8.0,/DATACENTER3/zhenxiang.wang/work/TailGuardKV/.worktrees/baseline-smoke-final-aggregation/out/full_25session_baseline_9_14/full/policy_attempts/retry2_20260915/seed20260907/config.yaml,,,,,0.1,True,,0.1,,0,False,,469.6015625,30.797607421875,3.2265625,3.2265625,1.640625,796.6355551034212,unknown,True,,True,,False,,15086.30810546875,True,uncalibrated_dynamic,False,0.0,0.0,kivi_2bit_residual64,0.0,,risk_evidence_insufficient,0.0,uncalibrated_dynamic,0.0,,,,hybrid-session-008-turn-1,3.2265625,1.5859375,3.2265625,0.0,0.0,/DATACENTER3/zhenxiang.wang/work/TailGuardKV/.worktrees/baseline-smoke-final-aggregation/out/full_25session_baseline_9_14/full/policy_attempts/retry2_20260915/seed20260907,True,point_prediction_eligible,hybrid-session-008,chat,55.380809120833874,1,risk_evidence_insufficient
kivi_2bit_residual64,13.0,0.1,False,False,online_qwen,False,8.0,/DATACENTER3/zhenxiang.wang/work/TailGuardKV/.worktrees/baseline-smoke-final-aggregation/out/full_25session_baseline_9_14/full/policy_attempts/retry2_20260915/seed20260907/config.yaml,,,,,0.1,True,,0.1,,0,False,,469.6015625,32.492919921875,3.390625,3.390625,1.6953125,796.3420050218701,unknown,True,,True,,False,,15089.46044921875,True,uncalibrated_dynamic,False,0.0,0.0,kivi_2bit_residual64,0.0,,risk_evidence_insufficient,0.0,uncalibrated_dynamic,0.0,,,,hybrid-session-009-turn-1,3.390625,1.6953125,3.390625,0.0,0.0,/DATACENTER3/zhenxiang.wang/work/TailGuardKV/.worktrees/baseline-smoke-final-aggregation/out/full_25session_baseline_9_14/full/policy_attempts/retry2_20260915/seed20260907,True,point_prediction_eligible,hybrid-session-009,chat,55.703108198940754,1,risk_evidence_insufficient
kivi_2bit_residual64,13.0,0.1,False,False,online_qwen,False,8.0,/DATACENTER3/zhenxiang.wang/work/TailGuardKV/.worktrees/baseline-smoke-final-aggregation/out/full_25session_baseline_9_14/full/policy_attempts/retry2_20260915/seed20260907/config.yaml,,,,,0.1,True,,0.1,,0,False,,469.6015625,34.133544921875,3.171875,3.171875,1.640625,795.6613760907203,unknown,True,,True,,False,,15089.64404296875,True,uncalibrated_dynamic,False,0.0,0.0,kivi_2bit_residual64,0.0,,risk_evidence_insufficient,0.0,uncalibrated_dynamic,0.0,,,,hybrid-session-010-turn-1,3.171875,1.53125,3.171875,0.0,0.0,/DATACENTER3/zhenxiang.wang/work/TailGuardKV/.worktrees/baseline-smoke-final-aggregation/out/full_25session_baseline_9_14/full/policy_attempts/retry2_20260915/seed20260907,True,point_prediction_eligible,hybrid-session-010,chat,55.23847998119891,1,risk_evidence_insufficient
kivi_2bit_residual64,13.0,0.1,False,False,online_qwen,False,8.0,/DATACENTER3/zhenxiang.wang/work/TailGuardKV/.worktrees/baseline-smoke-final-aggregation/out/full_25session_baseline_9_14/full/policy_attempts/retry2_20260915/seed20260907/config.yaml,,,,,0.1,True,,0.1,,0,False,,469.6015625,35.500732421875,3.390625,3.390625,1.3671875,807.0648990105838,unknown,True,,True,,False,,15083.72607421875,True,uncalibrated_dynamic,False,0.0,0.0,kivi_2bit_residual64,0.0,,risk_evidence_insufficient,0.0,uncalibrated_dynamic,0.0,,,,hybrid-session-011-turn-1,3.390625,2.0234375,3.390625,0.0,0.0,/DATACENTER3/zhenxiang.wang/work/TailGuardKV/.worktrees/baseline-smoke-final-aggregation/out/full_25session_baseline_9_14/full/policy_attempts/retry2_20260915/seed20260907,True,point_prediction_eligible,hybrid-session-011,chat,55.1697239279747,1,risk_evidence_insufficient
kivi_2bit_residual64,13.0,0.1,False,False,online_qwen,False,8.0,/DATACENTER3/zhenxiang.wang/work/TailGuardKV/.worktrees/baseline-smoke-final-aggregation/out/full_25session_baseline_9_14/full/policy_attempts/retry2_20260915/seed20260907/config.yaml,,,,,0.1,True,,0.1,,0,False,,469.6015625,36.922607421875,3.2265625,3.2265625,1.421875,985.5442659463733,unknown,True,,True,,False,,15087.41455078125,True,uncalibrated_dynamic,False,0.0,0.0,kivi_2bit_residual64,0.0,,risk_evidence_insufficient,0.0,uncalibrated_dynamic,0.0,,,,hybrid-session-013-turn-1,3.2265625,1.8046875,3.2265625,0.0,0.0,/DATACENTER3/zhenxiang.wang/work/TailGuardKV/.worktrees/baseline-smoke-final-aggregation/out/full_25session_baseline_9_14/full/policy_attempts/retry2_20260915/seed20260907,True,point_prediction_eligible,hybrid-session-013,chat,55.34708802588284,1,risk_evidence_insufficient
kivi_2bit_residual64,13.0,0.1,False,False,online_qwen,False,8.0,/DATACENTER3/zhenxiang.wang/work/TailGuardKV/.worktrees/baseline-smoke-final-aggregation/out/full_25session_baseline_9_14/full/policy_attempts/retry2_20260915/seed20260907/config.yaml,,,,,0.1,True,,0.1,,0,False,,469.6015625,36.922607421875,2.625,2.625,0.0,1759.4829259905964,unknown,True,,True,,False,,15090.05810546875,True,uncalibrated_dynamic,False,0.0,0.0,kivi_2bit_residual64,0.0,,risk_evidence_insufficient,0.0,uncalibrated_dynamic,0.0,,,,hybrid-session-016-turn-1,2.625,2.625,2.625,0.0,0.0,/DATACENTER3/zhenxiang.wang/work/TailGuardKV/.worktrees/baseline-smoke-final-aggregation/out/full_25session_baseline_9_14/full/policy_attempts/retry2_20260915/seed20260907,True,point_prediction_eligible,hybrid-session-016,chat,82.70629099570215,1,risk_evidence_insufficient
kivi_2bit_residual64,13.0,0.1,False,False,online_qwen,False,8.0,/DATACENTER3/zhenxiang.wang/work/TailGuardKV/.worktrees/baseline-smoke-final-aggregation/out/full_25session_baseline_9_14/full/policy_attempts/retry2_20260915/seed20260907/config.yaml,,,,,0.1,True,,0.1,,0,False,,469.6015625,37.52587890625,2.954833984375,2.954833984375,0.603271484375,1978.8975219707936,unknown,True,,True,,False,,15121.1357421875,True,uncalibrated_dynamic,False,0.0,0.0,kivi_2bit_residual64,0.0,,risk_evidence_insufficient,0.0,uncalibrated_dynamic,0.0,,,,hybrid-session-017-turn-1,2.954833984375,2.3515625,2.954833984375,0.0,0.0,/DATACENTER3/zhenxiang.wang/work/TailGuardKV/.worktrees/baseline-smoke-final-aggregation/out/full_25session_baseline_9_14/full/policy_attempts/retry2_20260915/seed20260907,True,point_prediction_eligible,hybrid-session-017,chat,163.87253091670573,1,risk_evidence_insufficient
kivi_2bit_residual64,13.0,0.1,False,False,online_qwen,False,8.0,/DATACENTER3/zhenxiang.wang/work/TailGuardKV/.worktrees/baseline-smoke-final-aggregation/out/full_25session_baseline_9_14/full/policy_attempts/retry2_20260915/seed20260907/config.yaml,,,,,0.1,True,,0.1,,0,False,,469.6015625,37.65234375,2.53271484375,2.53271484375,0.12646484375,1884.7464988939464,unknown,True,,True,,False,,15101.38134765625,True,uncalibrated_dynamic,False,0.0,0.0,kivi_2bit_residual64,0.0,,risk_evidence_insufficient,0.0,uncalibrated_dynamic,0.0,,,,hybrid-session-020-turn-1,2.53271484375,2.40625,2.53271484375,0.0,0.0,/DATACENTER3/zhenxiang.wang/work/TailGuardKV/.worktrees/baseline-smoke-final-aggregation/out/full_25session_baseline_9_14/full/policy_attempts/retry2_20260915/seed20260907,True,point_prediction_eligible,hybrid-session-020,chat,101.88220301643014,1,risk_evidence_insufficient
kivi_2bit_residual64,13.0,0.1,False,False,online_qwen,False,8.0,/DATACENTER3/zhenxiang.wang/work/TailGuardKV/.worktrees/baseline-smoke-final-aggregation/out/full_25session_baseline_9_14/full/policy_attempts/retry2_20260915/seed20260907/config.yaml,,,,,0.1,True,,0.1,,0,False,,469.6015625,38.009521484375,2.435302734375,2.435302734375,0.357177734375,1751.6795229166746,unknown,True,,True,,False,,15105.22998046875,True,uncalibrated_dynamic,False,0.0,0.0,kivi_2bit_residual64,0.0,,risk_evidence_insufficient,0.0,uncalibrated_dynamic,0.0,,,,hybrid-session-023-turn-1,2.435302734375,2.078125,2.435302734375,0.0,0.0,/DATACENTER3/zhenxiang.wang/work/TailGuardKV/.worktrees/baseline-smoke-final-aggregation/out/full_25session_baseline_9_14/full/policy_attempts/retry2_20260915/seed20260907,True,point_prediction_eligible,hybrid-session-023,chat,98.53745298460126,1,risk_evidence_insufficient
kivi_2bit_residual64,13.0,0.1,True,False,online_qwen,False,7.0,/DATACENTER3/zhenxiang.wang/work/TailGuardKV/.worktrees/baseline-smoke-final-aggregation/out/full_25session_baseline_9_14/full/policy_attempts/retry2_20260915/seed20260907/config.yaml,,,,,0.1,True,,0.1,,0,False,,469.6015625,38.9580078125,3.682861328125,3.682861328125,0.948486328125,2081.1375461053103,unknown,True,,True,,False,,15272.94677734375,True,uncalibrated_dynamic,False,0.0007168458781361964,0.0007168458781361964,kivi_2bit_residual64,0.0007168458781361964,,risk_evidence_insufficient,0.0,uncalibrated_dynamic,0.0,,,,hybrid-session-000-turn-2,3.682861328125,2.734375,3.682861328125,0.0,0.009318996415770553,/DATACENTER3/zhenxiang.wang/work/TailGuardKV/.worktrees/baseline-smoke-final-aggregation/out/full_25session_baseline_9_14/full/policy_attempts/retry2_20260915/seed20260907,True,point_prediction_eligible,hybrid-session-000,qa,224.1963620763272,2,risk_evidence_insufficient
kivi_2bit_residual64,13.0,0.1,False,False,online_qwen,False,6.0,/DATACENTER3/zhenxiang.wang/work/TailGuardKV/.worktrees/baseline-smoke-final-aggregation/out/full_25session_baseline_9_14/full/policy_attempts/retry2_20260915/seed20260907/config.yaml,,,,,0.1,True,,0.1,,0,False,,469.6015625,40.140625,3.488037109375,3.488037109375,1.1826171875,2048.380026128143,unknown,True,,True,,False,,15234.24609375,True,uncalibrated_dynamic,False,0.019063180827886703,0.019063180827886703,kivi_2bit_residual64,0.019063180827886703,,risk_evidence_insufficient,0.0,uncalibrated_dynamic,0.0,,,,hybrid-session-002-turn-2,3.488037109375,2.305419921875,3.488037109375,0.0,0.19063180827886705,/DATACENTER3/zhenxiang.wang/work/TailGuardKV/.worktrees/baseline-smoke-final-aggregation/out/full_25session_baseline_9_14/full/policy_attempts/retry2_20260915/seed20260907,False,point_prediction_eligible,hybrid-session-002,qa,203.71929509565234,2,risk_evidence_insufficient
kivi_2bit_residual64,13.0,0.1,False,False,online_qwen,False,8.0,/DATACENTER3/zhenxiang.wang/work/TailGuardKV/.worktrees/baseline-smoke-final-aggregation/out/full_25session_baseline_9_14/full/policy_attempts/retry2_20260915/seed20260907/config.yaml,,,,,0.1,True,,0.1,,0,False,,469.6015625,41.567626953125,4.325439453125,4.325439453125,1.427001953125,1998.001554980874,unknown,True,,True,,False,,15234.28125,True,uncalibrated_dynamic,False,5.5796158035970045e-05,5.5796158035970045e-05,kivi_2bit_residual64,5.5796158035970045e-05,,risk_evidence_insufficient,0.0,uncalibrated_dynamic,0.0,,,,hybrid-session-003-turn-2,4.325439453125,2.8984375,4.325439453125,0.0,0.00016738847410791013,/DATACENTER3/zhenxiang.wang/work/TailGuardKV/.worktrees/baseline-smoke-final-aggregation/out/full_25session_baseline_9_14/full/policy_attempts/retry2_20260915/seed20260907,True,point_prediction_eligible,hybrid-session-003,summary,181.49265414103866,2,risk_evidence_insufficient
kivi_2bit_residual64,13.0,0.1,False,False,online_qwen,False,8.0,/DATACENTER3/zhenxiang.wang/work/TailGuardKV/.worktrees/baseline-smoke-final-aggregation/out/full_25session_baseline_9_14/full/policy_attempts/retry2_20260915/seed20260907/config.yaml,,,,,0.1,True,,0.1,,0,False,,469.6015625,42.5810546875,4.130615234375,4.130615234375,1.013427734375,2004.2080930434167,unknown,True,,True,,False,,15220.7421875,True,uncalibrated_dynamic,False,0.0,0.0,kivi_2bit_residual64,0.0,,risk_evidence_insufficient,0.0,uncalibrated_dynamic,0.0,,,,hybrid-session-007-turn-2,4.130615234375,3.1171875,4.130615234375,0.0,0.0,/DATACENTER3/zhenxiang.wang/work/TailGuardKV/.worktrees/baseline-smoke-final-aggregation/out/full_25session_baseline_9_14/full/policy_attempts/retry2_20260915/seed20260907,True,point_prediction_eligible,hybrid-session-007,summary,179.01770118623972,2,risk_evidence_insufficient
kivi_2bit_residual64,13.0,0.1,False,False,online_qwen,False,6.0,/DATACENTER3/zhenxiang.wang/work/TailGuardKV/.worktrees/baseline-smoke-final-aggregation/out/full_25session_baseline_9_14/full/policy_attempts/retry2_20260915/seed20260907/config.yaml,,,,,0.1,True,,0.1,,0,False,,469.6015625,44.037109375,4.6826171875,4.6826171875,1.4560546875,1994.2478018347174,unknown,True,,True,,False,,15244.068359375,True,uncalibrated_dynamic,False,0.019063180827886703,0.019063180827886703,kivi_2bit_residual64,0.019063180827886703,,risk_evidence_insufficient,0.0,uncalibrated_dynamic,0.0,,,,hybrid-session-008-turn-2,4.6826171875,3.2265625,4.6826171875,0.0,0.19063180827886705,/DATACENTER3/zhenxiang.wang/work/TailGuardKV/.worktrees/baseline-smoke-final-aggregation/out/full_25session_baseline_9_14/full/policy_attempts/retry2_20260915/seed20260907,False,point_prediction_eligible,hybrid-session-008,qa,179.77171880193055,2,risk_evidence_insufficient
kivi_2bit_residual64,13.0,0.1,False,False,online_qwen,False,8.0,/DATACENTER3/zhenxiang.wang/work/TailGuardKV/.worktrees/baseline-smoke-final-aggregation/out/full_25session_baseline_9_14/full/policy_attempts/retry2_20260915/seed20260907/config.yaml,,,,,0.1,True,,0.1,,0,False,,469.6015625,44.842041015625,4.195556640625,4.195556640625,0.804931640625,2042.4207379110157,unknown,True,,True,,False,,15218.6484375,True,uncalibrated_dynamic,False,5.5796158035970045e-05,5.5796158035970045e-05,kivi_2bit_residual64,5.5796158035970045e-05,,risk_evidence_insufficient,0.0,uncalibrated_dynamic,0.0,,,,hybrid-session-009-turn-2,4.195556640625,3.390625,4.195556640625,0.0,0.00016738847410791013,/DATACENTER3/zhenxiang.wang/work/TailGuardKV/.worktrees/baseline-smoke-final-aggregation/out/full_25session_baseline_9_14/full/policy_attempts/retry2_20260915/seed20260907,True,point_prediction_eligible,hybrid-session-009,summary,179.517334792763,2,risk_evidence_insufficient
kivi_2bit_residual64,13.0,0.1,False,False,online_qwen,False,6.0,/DATACENTER3/zhenxiang.wang/work/TailGuardKV/.worktrees/baseline-smoke-final-aggregation/out/full_25session_baseline_9_14/full/policy_attempts/retry2_20260915/seed20260907/config.yaml,,,,,0.1,True,,0.1,,0,False,,469.6015625,46.25537109375,4.585205078125,4.585205078125,1.413330078125,2038.316008867696,unknown,True,,True,,False,,15243.396484375,True,uncalibrated_dynamic,False,0.019063180827886703,0.019063180827886703,kivi_2bit_residual64,0.019063180827886703,,risk_evidence_insufficient,0.0,uncalibrated_dynamic,0.0,,,,hybrid-session-010-turn-2,4.585205078125,3.171875,4.585205078125,0.0,0.19063180827886705,/DATACENTER3/zhenxiang.wang/work/TailGuardKV/.worktrees/baseline-smoke-final-aggregation/out/full_25session_baseline_9_14/full/policy_attempts/retry2_20260915/seed20260907,False,point_prediction_eligible,hybrid-session-010,qa,187.79435707256198,2,risk_evidence_insufficient
kivi_2bit_residual64,13.0,0.1,True,False,online_qwen,False,8.0,/DATACENTER3/zhenxiang.wang/work/TailGuardKV/.worktrees/baseline-smoke-final-aggregation/out/full_25session_baseline_9_14/full/policy_attempts/retry2_20260915/seed20260907/config.yaml,,,,,0.1,True,,0.1,,0,False,,469.6015625,47.190185546875,4.325439453125,4.325439453125,0.934814453125,2102.3854659870267,unknown,True,,True,,False,,15226.8828125,True,uncalibrated_dynamic,False,0.0,0.0,kivi_2bit_residual64,0.0,,risk_evidence_insufficient,0.0,uncalibrated_dynamic,0.0,,,,hybrid-session-011-turn-2,4.325439453125,3.390625,4.325439453125,0.0,0.0,/DATACENTER3/zhenxiang.wang/work/TailGuardKV/.worktrees/baseline-smoke-final-aggregation/out/full_25session_baseline_9_14/full/policy_attempts/retry2_20260915/seed20260907,True,point_prediction_eligible,hybrid-session-011,summary,183.56948089785874,2,risk_evidence_insufficient
kivi_2bit_residual64,13.0,0.1,False,False,online_qwen,False,8.0,/DATACENTER3/zhenxiang.wang/work/TailGuardKV/.worktrees/baseline-smoke-final-aggregation/out/full_25session_baseline_9_14/full/policy_attempts/retry2_20260915/seed20260907/config.yaml,,,,,0.1,True,,0.1,,0,False,,469.6015625,48.321533203125,4.35791015625,4.35791015625,1.13134765625,2041.9997188728303,unknown,True,,True,,False,,15233.873046875,True,uncalibrated_dynamic,False,0.0,0.0,kivi_2bit_residual64,0.0,,risk_evidence_insufficient,0.0,uncalibrated_dynamic,0.0,,,,hybrid-session-013-turn-2,4.35791015625,3.2265625,4.35791015625,0.0,0.0,/DATACENTER3/zhenxiang.wang/work/TailGuardKV/.worktrees/baseline-smoke-final-aggregation/out/full_25session_baseline_9_14/full/policy_attempts/retry2_20260915/seed20260907,True,point_prediction_eligible,hybrid-session-013,summary,180.75272883288562,2,risk_evidence_insufficient
kivi_2bit_residual64,13.0,0.1,True,False,online_qwen,False,6.0,/DATACENTER3/zhenxiang.wang/work/TailGuardKV/.worktrees/baseline-smoke-final-aggregation/out/full_25session_baseline_9_14/full/policy_attempts/retry2_20260915/seed20260907/config.yaml,,,,,0.1,True,,0.1,,0,False,,469.6015625,49.152099609375,3.45556640625,3.45556640625,0.83056640625,2080.6112189311534,unknown,True,,True,,False,,15236.333984375,True,uncalibrated_dynamic,False,0.019063180827886703,0.019063180827886703,kivi_2bit_residual64,0.019063180827886703,,risk_evidence_insufficient,0.0,uncalibrated_dynamic,0.0,,,,hybrid-session-016-turn-2,3.45556640625,2.625,3.45556640625,0.0,0.19063180827886705,/DATACENTER3/zhenxiang.wang/work/TailGuardKV/.worktrees/baseline-smoke-final-aggregation/out/full_25session_baseline_9_14/full/policy_attempts/retry2_20260915/seed20260907,False,point_prediction_eligible,hybrid-session-016,qa,198.7815850879997,2,risk_evidence_insufficient
kivi_2bit_residual64,13.0,0.1,False,False,online_qwen,False,8.0,/DATACENTER3/zhenxiang.wang/work/TailGuardKV/.worktrees/baseline-smoke-final-aggregation/out/full_25session_baseline_9_14/full/policy_attempts/retry2_20260915/seed20260907/config.yaml,,,,,0.1,True,,0.1,,0,False,,469.6015625,50.204833984375,4.007568359375,4.007568359375,1.052734375,2068.294974975288,unknown,True,,True,,False,,15237.44287109375,True,uncalibrated_dynamic,False,5.5796158035970045e-05,5.5796158035970045e-05,kivi_2bit_residual64,5.5796158035970045e-05,,risk_evidence_insufficient,0.0,uncalibrated_dynamic,0.0,,,,hybrid-session-017-turn-2,4.007568359375,2.954833984375,4.007568359375,0.0,0.00016738847410791013,/DATACENTER3/zhenxiang.wang/work/TailGuardKV/.worktrees/baseline-smoke-final-aggregation/out/full_25session_baseline_9_14/full/policy_attempts/retry2_20260915/seed20260907,True,point_prediction_eligible,hybrid-session-017,summary,205.92004898935556,2,risk_evidence_insufficient
kivi_2bit_residual64,13.0,0.1,False,False,online_qwen,False,7.0,/DATACENTER3/zhenxiang.wang/work/TailGuardKV/.worktrees/baseline-smoke-final-aggregation/out/full_25session_baseline_9_14/full/policy_attempts/retry2_20260915/seed20260907/config.yaml,,,,,0.1,True,,0.1,,0,False,,469.6015625,51.16015625,3.488037109375,3.488037109375,0.955322265625,2074.0090711042285,unknown,True,,True,,False,,15235.462890625,True,uncalibrated_dynamic,False,0.0007168458781361964,0.0007168458781361964,kivi_2bit_residual64,0.0007168458781361964,,risk_evidence_insufficient,0.0,uncalibrated_dynamic,0.0,,,,hybrid-session-020-turn-2,3.488037109375,2.53271484375,3.488037109375,0.0,0.009318996415770553,/DATACENTER3/zhenxiang.wang/work/TailGuardKV/.worktrees/baseline-smoke-final-aggregation/out/full_25session_baseline_9_14/full/policy_attempts/retry2_20260915/seed20260907,True,point_prediction_eligible,hybrid-session-020,qa,208.54253508150578,2,risk_evidence_insufficient
kivi_2bit_residual64,13.0,0.1,False,False,online_qwen,False,8.0,/DATACENTER3/zhenxiang.wang/work/TailGuardKV/.worktrees/baseline-smoke-final-aggregation/out/full_25session_baseline_9_14/full/policy_attempts/retry2_20260915/seed20260907/config.yaml,,,,,0.1,True,,0.1,,0,False,,469.6015625,52.115478515625,3.390625,3.390625,0.955322265625,2079.71918489784,unknown,True,,True,,False,,15236.44140625,True,uncalibrated_dynamic,False,0.0,0.0,kivi_2bit_residual64,0.0,,risk_evidence_insufficient,0.0,uncalibrated_dynamic,0.0,,,,hybrid-session-023-turn-2,3.390625,2.435302734375,3.390625,0.0,0.0,/DATACENTER3/zhenxiang.wang/work/TailGuardKV/.worktrees/baseline-smoke-final-aggregation/out/full_25session_baseline_9_14/full/policy_attempts/retry2_20260915/seed20260907,True,point_prediction_eligible,hybrid-session-023,summary,194.63165593333542,2,risk_evidence_insufficient
kivi_2bit_residual64,13.0,0.1,False,False,online_qwen,False,7.0,/DATACENTER3/zhenxiang.wang/work/TailGuardKV/.worktrees/baseline-smoke-final-aggregation/out/full_25session_baseline_9_14/full/policy_attempts/retry2_20260915/seed20260907/config.yaml,,,,,0.1,True,,0.1,,0,False,,469.6015625,53.57666015625,5.14404296875,5.14404296875,1.461181640625,2016.776850214228,unknown,True,,True,,False,,15131.53515625,True,uncalibrated_dynamic,False,0.0007168458781361964,0.0007168458781361964,kivi_2bit_residual64,0.0007168458781361964,,risk_evidence_insufficient,0.0,uncalibrated_dynamic,0.0,,,,hybrid-session-000-turn-3,5.14404296875,3.682861328125,5.14404296875,0.0,0.009318996415770553,/DATACENTER3/zhenxiang.wang/work/TailGuardKV/.worktrees/baseline-smoke-final-aggregation/out/full_25session_baseline_9_14/full/policy_attempts/retry2_20260915/seed20260907,True,point_prediction_eligible,hybrid-session-000,qa,158.77005108632147,3,risk_evidence_insufficient
kivi_2bit_residual64,13.0,0.1,False,False,online_qwen,False,6.0,/DATACENTER3/zhenxiang.wang/work/TailGuardKV/.worktrees/baseline-smoke-final-aggregation/out/full_25session_baseline_9_14/full/policy_attempts/retry2_20260915/seed20260907/config.yaml,,,,,0.1,True,,0.1,,0,False,,469.6015625,55.037841796875,4.94921875,4.94921875,1.461181640625,2000.5488730967045,unknown,True,,True,,False,,15133.01171875,True,uncalibrated_dynamic,False,0.019063180827886703,0.019063180827886703,kivi_2bit_residual64,0.019063180827886703,,risk_evidence_insufficient,0.0,uncalibrated_dynamic,0.0,,,,hybrid-session-002-turn-3,4.94921875,3.488037109375,4.94921875,0.0,0.19063180827886705,/DATACENTER3/zhenxiang.wang/work/TailGuardKV/.worktrees/baseline-smoke-final-aggregation/out/full_25session_baseline_9_14/full/policy_attempts/retry2_20260915/seed20260907,False,point_prediction_eligible,hybrid-session-002,qa,146.91718318499625,3,risk_evidence_insufficient
kivi_2bit_residual64,13.0,0.1,False,False,online_qwen,False,8.0,/DATACENTER3/zhenxiang.wang/work/TailGuardKV/.worktrees/baseline-smoke-final-aggregation/out/full_25session_baseline_9_14/full/policy_attempts/retry2_20260915/seed20260907/config.yaml,,,,,0.1,True,,0.1,,0,False,,469.6015625,55.044677734375,4.332275390625,4.332275390625,0.0068359375,2019.6291129104793,unknown,True,,True,,False,,15131.5,True,uncalibrated_dynamic,False,0.0,0.0,kivi_2bit_residual64,0.0,,risk_evidence_insufficient,0.0,uncalibrated_dynamic,0.0,,,,hybrid-session-003-turn-3,4.332275390625,4.325439453125,4.332275390625,0.0,0.0,/DATACENTER3/zhenxiang.wang/work/TailGuardKV/.worktrees/baseline-smoke-final-aggregation/out/full_25session_baseline_9_14/full/policy_attempts/retry2_20260915/seed20260907,True,point_prediction_eligible,hybrid-session-003,summary,178.80226694978774,3,risk_evidence_insufficient
kivi_2bit_residual64,13.0,0.1,False,False,online_qwen,False,8.0,/DATACENTER3/zhenxiang.wang/work/TailGuardKV/.worktrees/baseline-smoke-final-aggregation/out/full_25session_baseline_9_14/full/policy_attempts/retry2_20260915/seed20260907/config.yaml,,,,,0.1,True,,0.1,,0,False,,469.6015625,55.051513671875,4.137451171875,4.137451171875,0.0068359375,2004.7346788924187,unknown,True,,True,,False,,15131.51953125,True,uncalibrated_dynamic,False,0.0,0.0,kivi_2bit_residual64,0.0,,risk_evidence_insufficient,0.0,uncalibrated_dynamic,0.0,,,,hybrid-session-007-turn-3,4.137451171875,4.130615234375,4.137451171875,0.0,0.0,/DATACENTER3/zhenxiang.wang/work/TailGuardKV/.worktrees/baseline-smoke-final-aggregation/out/full_25session_baseline_9_14/full/policy_attempts/retry2_20260915/seed20260907,True,point_prediction_eligible,hybrid-session-007,summary,170.78688787296414,3,risk_evidence_insufficient
kivi_2bit_residual64,13.0,0.1,False,False,online_qwen,False,6.0,/DATACENTER3/zhenxiang.wang/work/TailGuardKV/.worktrees/baseline-smoke-final-aggregation/out/full_25session_baseline_9_14/full/policy_attempts/retry2_20260915/seed20260907/config.yaml,,,,,0.1,True,,0.1,,0,False,,469.6015625,55.0908203125,4.721923828125,4.721923828125,0.039306640625,2156.8859259132296,unknown,True,,True,,False,,15133.025390625,True,uncalibrated_dynamic,False,0.019063180827886703,0.019063180827886703,kivi_2bit_residual64,0.019063180827886703,,risk_evidence_insufficient,0.0,uncalibrated_dynamic,0.0,,,,hybrid-session-008-turn-3,4.721923828125,4.6826171875,4.721923828125,0.0,0.19063180827886705,/DATACENTER3/zhenxiang.wang/work/TailGuardKV/.worktrees/baseline-smoke-final-aggregation/out/full_25session_baseline_9_14/full/policy_attempts/retry2_20260915/seed20260907,False,point_prediction_eligible,hybrid-session-008,qa,172.21630783751607,3,risk_evidence_insufficient
kivi_2bit_residual64,13.0,0.1,False,False,online_qwen,False,8.0,/DATACENTER3/zhenxiang.wang/work/TailGuardKV/.worktrees/baseline-smoke-final-aggregation/out/full_25session_baseline_9_14/full/policy_attempts/retry2_20260915/seed20260907/config.yaml,,,,,0.1,True,,0.1,,0,False,,469.6015625,55.09765625,4.202392578125,4.202392578125,0.0068359375,2574.2445380892605,unknown,True,,True,,False,,15131.58203125,True,uncalibrated_dynamic,False,0.0,0.0,kivi_2bit_residual64,0.0,,risk_evidence_insufficient,0.0,uncalibrated_dynamic,0.0,,,,hybrid-session-009-turn-3,4.202392578125,4.195556640625,4.202392578125,0.0,0.0,/DATACENTER3/zhenxiang.wang/work/TailGuardKV/.worktrees/baseline-smoke-final-aggregation/out/full_25session_baseline_9_14/full/policy_attempts/retry2_20260915/seed20260907,True,point_prediction_eligible,hybrid-session-009,summary,210.72113001719117,3,risk_evidence_insufficient
kivi_2bit_residual64,13.0,0.1,False,False,online_qwen,False,6.0,/DATACENTER3/zhenxiang.wang/work/TailGuardKV/.worktrees/baseline-smoke-final-aggregation/out/full_25session_baseline_9_14/full/policy_attempts/retry2_20260915/seed20260907/config.yaml,,,,,0.1,True,,0.1,,0,False,,469.6015625,55.136962890625,4.62451171875,4.62451171875,0.039306640625,2579.1517549660057,unknown,True,,True,,False,,15133.080078125,True,uncalibrated_dynamic,False,0.019063180827886703,0.019063180827886703,kivi_2bit_residual64,0.019063180827886703,,risk_evidence_insufficient,0.0,uncalibrated_dynamic,0.0,,,,hybrid-session-010-turn-3,4.62451171875,4.585205078125,4.62451171875,0.0,0.19063180827886705,/DATACENTER3/zhenxiang.wang/work/TailGuardKV/.worktrees/baseline-smoke-final-aggregation/out/full_25session_baseline_9_14/full/policy_attempts/retry2_20260915/seed20260907,False,point_prediction_eligible,hybrid-session-010,qa,208.1250469200313,3,risk_evidence_insufficient
kivi_2bit_residual64,13.0,0.1,False,False,online_qwen,False,8.0,/DATACENTER3/zhenxiang.wang/work/TailGuardKV/.worktrees/baseline-smoke-final-aggregation/out/full_25session_baseline_9_14/full/policy_attempts/retry2_20260915/seed20260907/config.yaml,,,,,0.1,True,,0.1,,0,False,,469.6015625,55.143798828125,4.332275390625,4.332275390625,0.0068359375,2584.8699731286615,unknown,True,,True,,False,,15131.609375,True,uncalibrated_dynamic,False,0.0,0.0,kivi_2bit_residual64,0.0,,risk_evidence_insufficient,0.0,uncalibrated_dynamic,0.0,,,,hybrid-session-011-turn-3,4.332275390625,4.325439453125,4.332275390625,0.0,0.0,/DATACENTER3/zhenxiang.wang/work/TailGuardKV/.worktrees/baseline-smoke-final-aggregation/out/full_25session_baseline_9_14/full/policy_attempts/retry2_20260915/seed20260907,True,point_prediction_eligible,hybrid-session-011,summary,204.86435410566628,3,risk_evidence_insufficient
kivi_2bit_residual64,13.0,0.1,False,False,online_qwen,False,8.0,/DATACENTER3/zhenxiang.wang/work/TailGuardKV/.worktrees/baseline-smoke-final-aggregation/out/full_25session_baseline_9_14/full/policy_attempts/retry2_20260915/seed20260907/config.yaml,,,,,0.1,True,,0.1,,0,False,,469.6015625,55.150634765625,4.36474609375,4.36474609375,0.0068359375,2013.7667700182647,unknown,True,,True,,False,,15131.595703125,True,uncalibrated_dynamic,False,0.0,0.0,kivi_2bit_residual64,0.0,,risk_evidence_insufficient,0.0,uncalibrated_dynamic,0.0,,,,hybrid-session-013-turn-3,4.36474609375,4.35791015625,4.36474609375,0.0,0.0,/DATACENTER3/zhenxiang.wang/work/TailGuardKV/.worktrees/baseline-smoke-final-aggregation/out/full_25session_baseline_9_14/full/policy_attempts/retry2_20260915/seed20260907,True,point_prediction_eligible,hybrid-session-013,summary,166.91128117963672,3,risk_evidence_insufficient
kivi_2bit_residual64,13.0,0.1,False,False,online_qwen,False,6.0,/DATACENTER3/zhenxiang.wang/work/TailGuardKV/.worktrees/baseline-smoke-final-aggregation/out/full_25session_baseline_9_14/full/policy_attempts/retry2_20260915/seed20260907/config.yaml,,,,,0.1,True,,0.1,,0,False,,469.6015625,56.61181640625,4.916748046875,4.916748046875,1.461181640625,1999.518658965826,unknown,True,,True,,False,,15134.505859375,True,uncalibrated_dynamic,False,0.019063180827886703,0.019063180827886703,kivi_2bit_residual64,0.019063180827886703,,risk_evidence_insufficient,0.0,uncalibrated_dynamic,0.0,,,,hybrid-session-016-turn-3,4.916748046875,3.45556640625,4.916748046875,0.0,0.19063180827886705,/DATACENTER3/zhenxiang.wang/work/TailGuardKV/.worktrees/baseline-smoke-final-aggregation/out/full_25session_baseline_9_14/full/policy_attempts/retry2_20260915/seed20260907,False,point_prediction_eligible,hybrid-session-016,qa,148.40524713508785,3,risk_evidence_insufficient
kivi_2bit_residual64,13.0,0.1,False,False,online_qwen,False,8.0,/DATACENTER3/zhenxiang.wang/work/TailGuardKV/.worktrees/baseline-smoke-final-aggregation/out/full_25session_baseline_9_14/full/policy_attempts/retry2_20260915/seed20260907/config.yaml,,,,,0.1,True,,0.1,,0,False,,469.6015625,58.04052734375,5.436279296875,5.436279296875,1.4287109375,1990.14789192006,unknown,True,,True,,False,,15134.45703125,True,uncalibrated_dynamic,False,0.0,0.0,kivi_2bit_residual64,0.0,,risk_evidence_insufficient,0.0,uncalibrated_dynamic,0.0,,,,hybrid-session-017-turn-3,5.436279296875,4.007568359375,5.436279296875,0.0,0.0,/DATACENTER3/zhenxiang.wang/work/TailGuardKV/.worktrees/baseline-smoke-final-aggregation/out/full_25session_baseline_9_14/full/policy_attempts/retry2_20260915/seed20260907,True,point_prediction_eligible,hybrid-session-017,summary,146.65101189166307,3,risk_evidence_insufficient
kivi_2bit_residual64,13.0,0.1,False,False,online_qwen,False,6.0,/DATACENTER3/zhenxiang.wang/work/TailGuardKV/.worktrees/baseline-smoke-final-aggregation/out/full_25session_baseline_9_14/full/policy_attempts/retry2_20260915/seed20260907/config.yaml,,,,,0.1,True,,0.1,,0,False,,469.6015625,59.501708984375,4.94921875,4.94921875,1.461181640625,2052.1137590985745,unknown,True,,True,,False,,15137.373046875,True,uncalibrated_dynamic,False,0.019063180827886703,0.019063180827886703,kivi_2bit_residual64,0.019063180827886703,,risk_evidence_insufficient,0.0,uncalibrated_dynamic,0.0,,,,hybrid-session-020-turn-3,4.94921875,3.488037109375,4.94921875,0.0,0.19063180827886705,/DATACENTER3/zhenxiang.wang/work/TailGuardKV/.worktrees/baseline-smoke-final-aggregation/out/full_25session_baseline_9_14/full/policy_attempts/retry2_20260915/seed20260907,False,point_prediction_eligible,hybrid-session-020,qa,147.5650060456246,3,risk_evidence_insufficient
kivi_2bit_residual64,13.0,0.1,False,False,online_qwen,False,8.0,/DATACENTER3/zhenxiang.wang/work/TailGuardKV/.worktrees/baseline-smoke-final-aggregation/out/full_25session_baseline_9_14/full/policy_attempts/retry2_20260915/seed20260907/config.yaml,,,,,0.1,True,,0.1,,0,False,,469.6015625,60.930419921875,4.8193359375,4.8193359375,1.4287109375,2433.5274070035666,unknown,True,,True,,False,,15137.32421875,True,uncalibrated_dynamic,False,0.0,0.0,kivi_2bit_residual64,0.0,,risk_evidence_insufficient,0.0,uncalibrated_dynamic,0.0,,,,hybrid-session-023-turn-3,4.8193359375,3.390625,4.8193359375,0.0,0.0,/DATACENTER3/zhenxiang.wang/work/TailGuardKV/.worktrees/baseline-smoke-final-aggregation/out/full_25session_baseline_9_14/full/policy_attempts/retry2_20260915/seed20260907,True,point_prediction_eligible,hybrid-session-023,summary,174.7196251526475,3,risk_evidence_insufficient
kivi_2bit_residual64,13.0,0.1,False,False,online_qwen,False,7.0,/DATACENTER3/zhenxiang.wang/work/TailGuardKV/.worktrees/baseline-smoke-final-aggregation/out/full_25session_baseline_9_14/full/policy_attempts/retry2_20260915/seed20260907/config.yaml,,,,,0.1,True,,0.1,,0,False,,469.6015625,60.930419921875,5.14404296875,5.14404296875,0.0,2042.5509130582213,unknown,True,,True,,False,,15131.34765625,True,uncalibrated_dynamic,False,0.0007168458781361964,0.0007168458781361964,kivi_2bit_residual64,0.0007168458781361964,,risk_evidence_insufficient,0.0,uncalibrated_dynamic,0.0,,,,hybrid-session-000-turn-4,5.14404296875,5.14404296875,5.14404296875,0.0,0.009318996415770553,/DATACENTER3/zhenxiang.wang/work/TailGuardKV/.worktrees/baseline-smoke-final-aggregation/out/full_25session_baseline_9_14/full/policy_attempts/retry2_20260915/seed20260907,True,point_prediction_eligible,hybrid-session-000,qa,179.5501729939133,4,risk_evidence_insufficient
kivi_2bit_residual64,13.0,0.1,False,False,online_qwen,False,6.0,/DATACENTER3/zhenxiang.wang/work/TailGuardKV/.worktrees/baseline-smoke-final-aggregation/out/full_25session_baseline_9_14/full/policy_attempts/retry2_20260915/seed20260907/config.yaml,,,,,0.1,True,,0.1,,0,False,,469.6015625,60.930419921875,4.94921875,4.94921875,0.0,2015.6401740387082,unknown,True,,True,,False,,15131.251953125,True,uncalibrated_dynamic,False,0.019063180827886703,0.019063180827886703,kivi_2bit_residual64,0.019063180827886703,,risk_evidence_insufficient,0.0,uncalibrated_dynamic,0.0,,,,hybrid-session-002-turn-4,4.94921875,4.94921875,4.94921875,0.0,0.19063180827886705,/DATACENTER3/zhenxiang.wang/work/TailGuardKV/.worktrees/baseline-smoke-final-aggregation/out/full_25session_baseline_9_14/full/policy_attempts/retry2_20260915/seed20260907,False,point_prediction_eligible,hybrid-session-002,qa,168.13719202764332,4,risk_evidence_insufficient
kivi_2bit_residual64,13.0,0.1,False,False,online_qwen,False,8.0,/DATACENTER3/zhenxiang.wang/work/TailGuardKV/.worktrees/baseline-smoke-final-aggregation/out/full_25session_baseline_9_14/full/policy_attempts/retry2_20260915/seed20260907/config.yaml,,,,,0.1,True,,0.1,,0,False,,469.6015625,60.930419921875,4.332275390625,4.332275390625,0.0,2019.0986460074782,unknown,True,,True,,False,,15132.548828125,True,uncalibrated_dynamic,False,0.0,0.0,kivi_2bit_residual64,0.0,,risk_evidence_insufficient,0.0,uncalibrated_dynamic,0.0,,,,hybrid-session-003-turn-4,4.332275390625,4.332275390625,4.332275390625,0.0,0.0,/DATACENTER3/zhenxiang.wang/work/TailGuardKV/.worktrees/baseline-smoke-final-aggregation/out/full_25session_baseline_9_14/full/policy_attempts/retry2_20260915/seed20260907,True,point_prediction_eligible,hybrid-session-003,summary,142.08308001980186,4,risk_evidence_insufficient
kivi_2bit_residual64,13.0,0.1,False,False,online_qwen,False,8.0,/DATACENTER3/zhenxiang.wang/work/TailGuardKV/.worktrees/baseline-smoke-final-aggregation/out/full_25session_baseline_9_14/full/policy_attempts/retry2_20260915/seed20260907/config.yaml,,,,,0.1,True,,0.1,,0,False,,469.6015625,62.229248046875,5.436279296875,5.436279296875,1.298828125,2027.2668381221592,unknown,True,,True,,False,,15132.4296875,True,uncalibrated_dynamic,False,0.0,0.0,kivi_2bit_residual64,0.0,,risk_evidence_insufficient,0.0,uncalibrated_dynamic,0.0,,,,hybrid-session-007-turn-4,5.436279296875,4.137451171875,5.436279296875,0.0,0.0,/DATACENTER3/zhenxiang.wang/work/TailGuardKV/.worktrees/baseline-smoke-final-aggregation/out/full_25session_baseline_9_14/full/policy_attempts/retry2_20260915/seed20260907,True,point_prediction_eligible,hybrid-session-007,summary,152.27758907712996,4,risk_evidence_insufficient
kivi_2bit_residual64,13.0,0.1,False,False,online_qwen,False,6.0,/DATACENTER3/zhenxiang.wang/work/TailGuardKV/.worktrees/baseline-smoke-final-aggregation/out/full_25session_baseline_9_14/full/policy_attempts/retry2_20260915/seed20260907/config.yaml,,,,,0.1,True,,0.1,,0,False,,469.6015625,62.229248046875,4.721923828125,4.721923828125,0.0,2024.712999816984,unknown,True,,True,,False,,15132.3046875,True,uncalibrated_dynamic,False,0.019063180827886703,0.019063180827886703,kivi_2bit_residual64,0.019063180827886703,,risk_evidence_insufficient,0.0,uncalibrated_dynamic,0.0,,,,hybrid-session-008-turn-4,4.721923828125,4.721923828125,4.721923828125,0.0,0.19063180827886705,/DATACENTER3/zhenxiang.wang/work/TailGuardKV/.worktrees/baseline-smoke-final-aggregation/out/full_25session_baseline_9_14/full/policy_attempts/retry2_20260915/seed20260907,False,point_prediction_eligible,hybrid-session-008,qa,168.012959882617,4,risk_evidence_insufficient
kivi_2bit_residual64,13.0,0.1,True,False,online_qwen,False,8.0,/DATACENTER3/zhenxiang.wang/work/TailGuardKV/.worktrees/baseline-smoke-final-aggregation/out/full_25session_baseline_9_14/full/policy_attempts/retry2_20260915/seed20260907/config.yaml,,,,,0.1,True,,0.1,,0,False,,469.6015625,62.229248046875,4.202392578125,4.202392578125,0.0,2111.823217011988,unknown,True,,True,,False,,15133.615234375,True,uncalibrated_dynamic,False,0.0,0.0,kivi_2bit_residual64,0.0,,risk_evidence_insufficient,0.0,uncalibrated_dynamic,0.0,,,,hybrid-session-009-turn-4,4.202392578125,4.202392578125,4.202392578125,0.0,0.0,/DATACENTER3/zhenxiang.wang/work/TailGuardKV/.worktrees/baseline-smoke-final-aggregation/out/full_25session_baseline_9_14/full/policy_attempts/retry2_20260915/seed20260907,True,point_prediction_eligible,hybrid-session-009,summary,161.2458669114858,4,risk_evidence_insufficient
kivi_2bit_residual64,13.0,0.1,False,False,online_qwen,False,6.0,/DATACENTER3/zhenxiang.wang/work/TailGuardKV/.worktrees/baseline-smoke-final-aggregation/out/full_25session_baseline_9_14/full/policy_attempts/retry2_20260915/seed20260907/config.yaml,,,,,0.1,True,,0.1,,0,False,,469.6015625,62.229248046875,4.62451171875,4.62451171875,0.0,2012.2708301059902,unknown,True,,True,,False,,15133.4599609375,True,uncalibrated_dynamic,False,0.019063180827886703,0.019063180827886703,kivi_2bit_residual64,0.019063180827886703,,risk_evidence_insufficient,0.0,uncalibrated_dynamic,0.0,,,,hybrid-session-010-turn-4,4.62451171875,4.62451171875,4.62451171875,0.0,0.19063180827886705,/DATACENTER3/zhenxiang.wang/work/TailGuardKV/.worktrees/baseline-smoke-final-aggregation/out/full_25session_baseline_9_14/full/policy_attempts/retry2_20260915/seed20260907,False,point_prediction_eligible,hybrid-session-010,qa,145.77711909078062,4,risk_evidence_insufficient
kivi_2bit_residual64,13.0,0.1,True,False,online_qwen,False,8.0,/DATACENTER3/zhenxiang.wang/work/TailGuardKV/.worktrees/baseline-smoke-final-aggregation/out/full_25session_baseline_9_14/full/policy_attempts/retry2_20260915/seed20260907/config.yaml,,,,,0.1,True,,0.1,,0,False,,469.6015625,62.229248046875,4.332275390625,4.332275390625,0.0,2028.4321759827435,unknown,True,,True,,False,,15133.369140625,True,uncalibrated_dynamic,False,0.0,0.0,kivi_2bit_residual64,0.0,,risk_evidence_insufficient,0.0,uncalibrated_dynamic,0.0,,,,hybrid-session-011-turn-4,4.332275390625,4.332275390625,4.332275390625,0.0,0.0,/DATACENTER3/zhenxiang.wang/work/TailGuardKV/.worktrees/baseline-smoke-final-aggregation/out/full_25session_baseline_9_14/full/policy_attempts/retry2_20260915/seed20260907,True,point_prediction_eligible,hybrid-session-011,summary,147.89208094589412,4,risk_evidence_insufficient
kivi_2bit_residual64,13.0,0.1,False,False,online_qwen,False,8.0,/DATACENTER3/zhenxiang.wang/work/TailGuardKV/.worktrees/baseline-smoke-final-aggregation/out/full_25session_baseline_9_14/full/policy_attempts/retry2_20260915/seed20260907/config.yaml,,,,,0.1,True,,0.1,,0,False,,469.6015625,62.229248046875,4.36474609375,4.36474609375,0.0,2010.8461510390043,unknown,True,,True,,False,,15133.259765625,True,uncalibrated_dynamic,False,0.0,0.0,kivi_2bit_residual64,0.0,,risk_evidence_insufficient,0.0,uncalibrated_dynamic,0.0,,,,hybrid-session-013-turn-4,4.36474609375,4.36474609375,4.36474609375,0.0,0.0,/DATACENTER3/zhenxiang.wang/work/TailGuardKV/.worktrees/baseline-smoke-final-aggregation/out/full_25session_baseline_9_14/full/policy_attempts/retry2_20260915/seed20260907,True,point_prediction_eligible,hybrid-session-013,summary,146.63989818654954,4,risk_evidence_insufficient
kivi_2bit_residual64,13.0,0.1,False,False,online_qwen,False,6.0,/DATACENTER3/zhenxiang.wang/work/TailGuardKV/.worktrees/baseline-smoke-final-aggregation/out/full_25session_baseline_9_14/full/policy_attempts/retry2_20260915/seed20260907/config.yaml,,,,,0.1,True,,0.1,,0,False,,469.6015625,62.229248046875,4.916748046875,4.916748046875,0.0,2009.4910599291325,unknown,True,,True,,False,,15131.736328125,True,uncalibrated_dynamic,False,0.019063180827886703,0.019063180827886703,kivi_2bit_residual64,0.019063180827886703,,risk_evidence_insufficient,0.0,uncalibrated_dynamic,0.0,,,,hybrid-session-016-turn-4,4.916748046875,4.916748046875,4.916748046875,0.0,0.19063180827886705,/DATACENTER3/zhenxiang.wang/work/TailGuardKV/.worktrees/baseline-smoke-final-aggregation/out/full_25session_baseline_9_14/full/policy_attempts/retry2_20260915/seed20260907,False,point_prediction_eligible,hybrid-session-016,qa,171.03868001140654,4,risk_evidence_insufficient
kivi_2bit_residual64,13.0,0.1,False,False,online_qwen,False,8.0,/DATACENTER3/zhenxiang.wang/work/TailGuardKV/.worktrees/baseline-smoke-final-aggregation/out/full_25session_baseline_9_14/full/policy_attempts/retry2_20260915/seed20260907/config.yaml,,,,,0.1,True,,0.1,,0,False,,469.6015625,62.229248046875,5.436279296875,5.436279296875,0.0,2019.2447809968144,unknown,True,,True,,False,,15131.626953125,True,uncalibrated_dynamic,False,0.0,0.0,kivi_2bit_residual64,0.0,,risk_evidence_insufficient,0.0,uncalibrated_dynamic,0.0,,,,hybrid-session-017-turn-4,5.436279296875,5.436279296875,5.436279296875,0.0,0.0,/DATACENTER3/zhenxiang.wang/work/TailGuardKV/.worktrees/baseline-smoke-final-aggregation/out/full_25session_baseline_9_14/full/policy_attempts/retry2_20260915/seed20260907,True,point_prediction_eligible,hybrid-session-017,summary,171.74824210815132,4,risk_evidence_insufficient
kivi_2bit_residual64,13.0,0.1,False,False,online_qwen,False,6.0,/DATACENTER3/zhenxiang.wang/work/TailGuardKV/.worktrees/baseline-smoke-final-aggregation/out/full_25session_baseline_9_14/full/policy_attempts/retry2_20260915/seed20260907/config.yaml,,,,,0.1,True,,0.1,,0,False,,469.6015625,62.229248046875,4.94921875,4.94921875,0.0,1992.2650989610702,unknown,True,,True,,False,,15131.525390625,True,uncalibrated_dynamic,False,0.019063180827886703,0.019063180827886703,kivi_2bit_residual64,0.019063180827886703,,risk_evidence_insufficient,0.0,uncalibrated_dynamic,0.0,,,,hybrid-session-020-turn-4,4.94921875,4.94921875,4.94921875,0.0,0.19063180827886705,/DATACENTER3/zhenxiang.wang/work/TailGuardKV/.worktrees/baseline-smoke-final-aggregation/out/full_25session_baseline_9_14/full/policy_attempts/retry2_20260915/seed20260907,False,point_prediction_eligible,hybrid-session-020,qa,164.43841601721942,4,risk_evidence_insufficient
kivi_2bit_residual64,13.0,0.1,False,False,online_qwen,False,8.0,/DATACENTER3/zhenxiang.wang/work/TailGuardKV/.worktrees/baseline-smoke-final-aggregation/out/full_25session_baseline_9_14/full/policy_attempts/retry2_20260915/seed20260907/config.yaml,,,,,0.1,True,,0.1,,0,False,,469.6015625,62.229248046875,4.8193359375,4.8193359375,0.0,1998.9133540075272,unknown,True,,True,,False,,15131.416015625,True,uncalibrated_dynamic,False,0.0,0.0,kivi_2bit_residual64,0.0,,risk_evidence_insufficient,0.0,uncalibrated_dynamic,0.0,,,,hybrid-session-023-turn-4,4.8193359375,4.8193359375,4.8193359375,0.0,0.0,/DATACENTER3/zhenxiang.wang/work/TailGuardKV/.worktrees/baseline-smoke-final-aggregation/out/full_25session_baseline_9_14/full/policy_attempts/retry2_20260915/seed20260907,True,point_prediction_eligible,hybrid-session-023,summary,165.01547093503177,4,risk_evidence_insufficient
