action_profile,active_session_count,audit_rate,audit_selected,backend_budget_hit,backend_name,budget_hit,candidate_safe_count,config,controller_cg_ms,controller_overhead_ms,controller_qrp_ms,controller_stc_ms,delta,diagnostic_only,drift_state,epsilon,error,evicted_kv_mib,exact,fallback_reason,global_budget_mib,global_resident_kv_mib,kv_cache_memory_mib,kv_cumulative_mib,kv_incremental_mib,latency_ms,length_bucket,measured,observed_quality_loss,ok,optimality_gap,oracle,oracle_cost_ms,peak_memory_mib,placeholder,policy,policy_budget_filtered,pred_loss,predicted_quality_loss,primary_profile,quality_estimate,quality_loss,quality_status,queue_delay_ms,reason,recompute_ms,rejected_pred_loss,rejected_profile,rejected_risk_upper,request_id,resident_kv_mib_after,resident_kv_mib_before,resident_memory_mib,restore_ms,risk_upper,run_dir,safe,safety_reason,session_id,task,ttft_ms,turn_index,violation_status,split_seed
full_gpu,1.0,0.1,False,False,online_qwen,False,,/DATACENTER3/zhenxiang.wang/work/TailGuardKV/.worktrees/baseline-smoke-final-aggregation/out/full_25session_baseline_9_14/full/policy_attempts/retry2_20260915/seed20260907/config.yaml,,,,,,True,,,,0,True,,120.2578125,1.203125,1.203125,1.203125,1.203125,40745.92904615402,unknown,True,,True,,False,,15045.50732421875,False,full_lru,False,,,full_gpu,,,risk_evidence_insufficient,0.0,full precision exact profile,0.0,,,,hybrid-session-000-turn-0,1.203125,0.0,1.203125,0.0,,/DATACENTER3/zhenxiang.wang/work/TailGuardKV/.worktrees/baseline-smoke-final-aggregation/out/full_25session_baseline_9_14/full/policy_attempts/retry2_20260915/seed20260907,,,hybrid-session-000,chat,39641.48305015825,0,risk_evidence_insufficient,20260907
full_gpu,2.0,0.1,False,False,online_qwen,False,,/DATACENTER3/zhenxiang.wang/work/TailGuardKV/.worktrees/baseline-smoke-final-aggregation/out/full_25session_baseline_9_14/full/policy_attempts/retry2_20260915/seed20260907/config.yaml,,,,,,True,,,,0,True,,120.2578125,3.28125,2.078125,2.078125,2.078125,1190.673021832481,unknown,True,,True,,False,,15071.74462890625,False,full_lru,False,,,full_gpu,,,risk_evidence_insufficient,0.0,full precision exact profile,0.0,,,,hybrid-session-002-turn-0,2.078125,0.0,2.078125,0.0,,/DATACENTER3/zhenxiang.wang/work/TailGuardKV/.worktrees/baseline-smoke-final-aggregation/out/full_25session_baseline_9_14/full/policy_attempts/retry2_20260915/seed20260907,,,hybrid-session-002,chat,82.18499482609332,0,risk_evidence_insufficient,20260907
full_gpu,3.0,0.1,False,False,online_qwen,False,,/DATACENTER3/zhenxiang.wang/work/TailGuardKV/.worktrees/baseline-smoke-final-aggregation/out/full_25session_baseline_9_14/full/policy_attempts/retry2_20260915/seed20260907/config.yaml,,,,,,True,,,,0,True,,120.2578125,4.7578125,1.4765625,1.4765625,1.4765625,1176.3712430838495,unknown,True,,True,,False,,15056.39697265625,False,full_lru,False,,,full_gpu,,,risk_evidence_insufficient,0.0,full precision exact profile,0.0,,,,hybrid-session-003-turn-0,1.4765625,0.0,1.4765625,0.0,,/DATACENTER3/zhenxiang.wang/work/TailGuardKV/.worktrees/baseline-smoke-final-aggregation/out/full_25session_baseline_9_14/full/policy_attempts/retry2_20260915/seed20260907,,,hybrid-session-003,chat,77.65587302856147,0,risk_evidence_insufficient,20260907
full_gpu,4.0,0.1,False,False,online_qwen,False,,/DATACENTER3/zhenxiang.wang/work/TailGuardKV/.worktrees/baseline-smoke-final-aggregation/out/full_25session_baseline_9_14/full/policy_attempts/retry2_20260915/seed20260907/config.yaml,,,,,,True,,,,0,True,,120.2578125,6.015625,1.2578125,1.2578125,1.2578125,1157.5851221568882,unknown,True,,True,,False,,15051.48681640625,False,full_lru,False,,,full_gpu,,,risk_evidence_insufficient,0.0,full precision exact profile,0.0,,,,hybrid-session-007-turn-0,1.2578125,0.0,1.2578125,0.0,,/DATACENTER3/zhenxiang.wang/work/TailGuardKV/.worktrees/baseline-smoke-final-aggregation/out/full_25session_baseline_9_14/full/policy_attempts/retry2_20260915/seed20260907,,,hybrid-session-007,chat,71.15935208275914,0,risk_evidence_insufficient,20260907
full_gpu,5.0,0.1,False,False,online_qwen,False,,/DATACENTER3/zhenxiang.wang/work/TailGuardKV/.worktrees/baseline-smoke-final-aggregation/out/full_25session_baseline_9_14/full/policy_attempts/retry2_20260915/seed20260907/config.yaml,,,,,,True,,,,0,True,,120.2578125,7.6015625,1.5859375,1.5859375,1.5859375,1175.6160219665617,unknown,True,,True,,False,,15061.63525390625,False,full_lru,False,,,full_gpu,,,risk_evidence_insufficient,0.0,full precision exact profile,0.0,,,,hybrid-session-008-turn-0,1.5859375,0.0,1.5859375,0.0,,/DATACENTER3/zhenxiang.wang/work/TailGuardKV/.worktrees/baseline-smoke-final-aggregation/out/full_25session_baseline_9_14/full/policy_attempts/retry2_20260915/seed20260907,,,hybrid-session-008,chat,79.66754911467433,0,risk_evidence_insufficient,20260907
full_gpu,6.0,0.1,False,False,online_qwen,False,,/DATACENTER3/zhenxiang.wang/work/TailGuardKV/.worktrees/baseline-smoke-final-aggregation/out/full_25session_baseline_9_14/full/policy_attempts/retry2_20260915/seed20260907/config.yaml,,,,,,True,,,,0,True,,120.2578125,9.296875,1.6953125,1.6953125,1.6953125,1159.4707870390266,unknown,True,,True,,False,,15066.24462890625,False,full_lru,False,,,full_gpu,,,risk_evidence_insufficient,0.0,full precision exact profile,0.0,,,,hybrid-session-009-turn-0,1.6953125,0.0,1.6953125,0.0,,/DATACENTER3/zhenxiang.wang/work/TailGuardKV/.worktrees/baseline-smoke-final-aggregation/out/full_25session_baseline_9_14/full/policy_attempts/retry2_20260915/seed20260907,,,hybrid-session-009,chat,77.92784692719579,0,risk_evidence_insufficient,20260907
full_gpu,7.0,0.1,False,False,online_qwen,False,,/DATACENTER3/zhenxiang.wang/work/TailGuardKV/.worktrees/baseline-smoke-final-aggregation/out/full_25session_baseline_9_14/full/policy_attempts/retry2_20260915/seed20260907/config.yaml,,,,,,True,,,,0,True,,120.2578125,10.828125,1.53125,1.53125,1.53125,1162.25201706402,unknown,True,,True,,False,,15063.63427734375,False,full_lru,False,,,full_gpu,,,risk_evidence_insufficient,0.0,full precision exact profile,0.0,,,,hybrid-session-010-turn-0,1.53125,0.0,1.53125,0.0,,/DATACENTER3/zhenxiang.wang/work/TailGuardKV/.worktrees/baseline-smoke-final-aggregation/out/full_25session_baseline_9_14/full/policy_attempts/retry2_20260915/seed20260907,,,hybrid-session-010,chat,78.92219815403223,0,risk_evidence_insufficient,20260907
full_gpu,8.0,0.1,False,False,online_qwen,False,,/DATACENTER3/zhenxiang.wang/work/TailGuardKV/.worktrees/baseline-smoke-final-aggregation/out/full_25session_baseline_9_14/full/policy_attempts/retry2_20260915/seed20260907/config.yaml,,,,,,True,,,,0,True,,120.2578125,12.8515625,2.0234375,2.0234375,2.0234375,1237.9991919733584,unknown,True,,True,,False,,15078.54150390625,False,full_lru,False,,,full_gpu,,,risk_evidence_insufficient,0.0,full precision exact profile,0.0,,,,hybrid-session-011-turn-0,2.0234375,0.0,2.0234375,0.0,,/DATACENTER3/zhenxiang.wang/work/TailGuardKV/.worktrees/baseline-smoke-final-aggregation/out/full_25session_baseline_9_14/full/policy_attempts/retry2_20260915/seed20260907,,,hybrid-session-011,chat,84.45268799550831,0,risk_evidence_insufficient,20260907
full_gpu,9.0,0.1,False,False,online_qwen,False,,/DATACENTER3/zhenxiang.wang/work/TailGuardKV/.worktrees/baseline-smoke-final-aggregation/out/full_25session_baseline_9_14/full/policy_attempts/retry2_20260915/seed20260907/config.yaml,,,,,,True,,,,0,True,,120.2578125,14.65625,1.8046875,1.8046875,1.8046875,1537.3095739632845,unknown,True,,True,,False,,15074.51806640625,False,full_lru,False,,,full_gpu,,,risk_evidence_insufficient,0.0,full precision exact profile,0.0,,,,hybrid-session-013-turn-0,1.8046875,0.0,1.8046875,0.0,,/DATACENTER3/zhenxiang.wang/work/TailGuardKV/.worktrees/baseline-smoke-final-aggregation/out/full_25session_baseline_9_14/full/policy_attempts/retry2_20260915/seed20260907,,,hybrid-session-013,chat,104.11082580685616,0,risk_evidence_insufficient,20260907
full_gpu,10.0,0.1,False,False,online_qwen,False,,/DATACENTER3/zhenxiang.wang/work/TailGuardKV/.worktrees/baseline-smoke-final-aggregation/out/full_25session_baseline_9_14/full/policy_attempts/retry2_20260915/seed20260907/config.yaml,,,,,,True,,,,0,True,,120.2578125,17.28125,2.625,2.625,2.625,1527.884303824976,unknown,True,,True,,False,,15100.71337890625,False,full_lru,False,,,full_gpu,,,risk_evidence_insufficient,0.0,full precision exact profile,0.0,,,,hybrid-session-016-turn-0,2.625,0.0,2.625,0.0,,/DATACENTER3/zhenxiang.wang/work/TailGuardKV/.worktrees/baseline-smoke-final-aggregation/out/full_25session_baseline_9_14/full/policy_attempts/retry2_20260915/seed20260907,,,hybrid-session-016,chat,107.53645189106464,0,risk_evidence_insufficient,20260907
full_gpu,11.0,0.1,False,False,online_qwen,False,,/DATACENTER3/zhenxiang.wang/work/TailGuardKV/.worktrees/baseline-smoke-final-aggregation/out/full_25session_baseline_9_14/full/policy_attempts/retry2_20260915/seed20260907/config.yaml,,,,,,True,,,,0,True,,120.2578125,19.6328125,2.3515625,2.3515625,2.3515625,1317.3424929846078,unknown,True,,True,,False,,15094.06494140625,False,full_lru,False,,,full_gpu,,,risk_evidence_insufficient,0.0,full precision exact profile,0.0,,,,hybrid-session-017-turn-0,2.3515625,0.0,2.3515625,0.0,,/DATACENTER3/zhenxiang.wang/work/TailGuardKV/.worktrees/baseline-smoke-final-aggregation/out/full_25session_baseline_9_14/full/policy_attempts/retry2_20260915/seed20260907,,,hybrid-session-017,chat,103.90466498211026,0,risk_evidence_insufficient,20260907
full_gpu,12.0,0.1,False,False,online_qwen,False,,/DATACENTER3/zhenxiang.wang/work/TailGuardKV/.worktrees/baseline-smoke-final-aggregation/out/full_25session_baseline_9_14/full/policy_attempts/retry2_20260915/seed20260907/config.yaml,,,,,,True,,,,0,True,,120.2578125,22.0390625,2.40625,2.40625,2.40625,1156.153294024989,unknown,True,,True,,False,,15097.92822265625,False,full_lru,False,,,full_gpu,,,risk_evidence_insufficient,0.0,full precision exact profile,0.0,,,,hybrid-session-020-turn-0,2.40625,0.0,2.40625,0.0,,/DATACENTER3/zhenxiang.wang/work/TailGuardKV/.worktrees/baseline-smoke-final-aggregation/out/full_25session_baseline_9_14/full/policy_attempts/retry2_20260915/seed20260907,,,hybrid-session-020,chat,75.86995093151927,0,risk_evidence_insufficient,20260907
full_gpu,13.0,0.1,False,False,online_qwen,False,,/DATACENTER3/zhenxiang.wang/work/TailGuardKV/.worktrees/baseline-smoke-final-aggregation/out/full_25session_baseline_9_14/full/policy_attempts/retry2_20260915/seed20260907/config.yaml,,,,,,True,,,,0,True,,120.2578125,24.1171875,2.078125,2.078125,2.078125,1166.047742124647,unknown,True,,True,,False,,15092.58056640625,False,full_lru,False,,,full_gpu,,,risk_evidence_insufficient,0.0,full precision exact profile,0.0,,,,hybrid-session-023-turn-0,2.078125,0.0,2.078125,0.0,,/DATACENTER3/zhenxiang.wang/work/TailGuardKV/.worktrees/baseline-smoke-final-aggregation/out/full_25session_baseline_9_14/full/policy_attempts/retry2_20260915/seed20260907,,,hybrid-session-023,chat,88.19409506395459,0,risk_evidence_insufficient,20260907
full_gpu,13.0,0.1,False,False,online_qwen,False,,/DATACENTER3/zhenxiang.wang/work/TailGuardKV/.worktrees/baseline-smoke-final-aggregation/out/full_25session_baseline_9_14/full/policy_attempts/retry2_20260915/seed20260907/config.yaml,,,,,,True,,,,0,True,,120.2578125,25.6484375,2.734375,2.734375,1.53125,1175.3464911598712,unknown,True,,True,,False,,15078.45556640625,False,full_lru,False,,,full_gpu,,,risk_evidence_insufficient,0.0,full precision exact profile,0.0,,,,hybrid-session-000-turn-1,2.734375,1.203125,2.734375,0.0,,/DATACENTER3/zhenxiang.wang/work/TailGuardKV/.worktrees/baseline-smoke-final-aggregation/out/full_25session_baseline_9_14/full/policy_attempts/retry2_20260915/seed20260907,,,hybrid-session-000,chat,73.49519501440227,1,risk_evidence_insufficient,20260907
full_gpu,13.0,0.1,True,False,online_qwen,False,,/DATACENTER3/zhenxiang.wang/work/TailGuardKV/.worktrees/baseline-smoke-final-aggregation/out/full_25session_baseline_9_14/full/policy_attempts/retry2_20260915/seed20260907/config.yaml,,,,,,True,,,,0,True,,120.2578125,27.453125,3.8828125,3.8828125,1.8046875,1158.1161790527403,unknown,True,0.0,True,,False,,15087.31591796875,False,full_lru,False,,,full_gpu,,,risk_evidence_insufficient,0.0,full precision exact profile,0.0,,,,hybrid-session-002-turn-1,3.8828125,2.078125,3.8828125,0.0,,/DATACENTER3/zhenxiang.wang/work/TailGuardKV/.worktrees/baseline-smoke-final-aggregation/out/full_25session_baseline_9_14/full/policy_attempts/retry2_20260915/seed20260907,,,hybrid-session-002,chat,83.43056705780327,1,risk_evidence_insufficient,20260907
full_gpu,13.0,0.1,False,False,online_qwen,False,,/DATACENTER3/zhenxiang.wang/work/TailGuardKV/.worktrees/baseline-smoke-final-aggregation/out/full_25session_baseline_9_14/full/policy_attempts/retry2_20260915/seed20260907/config.yaml,,,,,,True,,,,0,True,,120.2578125,28.875,2.8984375,2.8984375,1.421875,1152.7426829561591,unknown,True,,True,,False,,15079.34814453125,False,full_lru,False,,,full_gpu,,,risk_evidence_insufficient,0.0,full precision exact profile,0.0,,,,hybrid-session-003-turn-1,2.8984375,1.4765625,2.8984375,0.0,,/DATACENTER3/zhenxiang.wang/work/TailGuardKV/.worktrees/baseline-smoke-final-aggregation/out/full_25session_baseline_9_14/full/policy_attempts/retry2_20260915/seed20260907,,,hybrid-session-003,chat,80.19972406327724,1,risk_evidence_insufficient,20260907
full_gpu,13.0,0.1,False,False,online_qwen,False,,/DATACENTER3/zhenxiang.wang/work/TailGuardKV/.worktrees/baseline-smoke-final-aggregation/out/full_25session_baseline_9_14/full/policy_attempts/retry2_20260915/seed20260907/config.yaml,,,,,,True,,,,0,True,,120.2578125,30.734375,3.1171875,3.1171875,1.859375,1159.6956842113286,unknown,True,,True,,False,,15092.90771484375,False,full_lru,False,,,full_gpu,,,risk_evidence_insufficient,0.0,full precision exact profile,0.0,,,,hybrid-session-007-turn-1,3.1171875,1.2578125,3.1171875,0.0,,/DATACENTER3/zhenxiang.wang/work/TailGuardKV/.worktrees/baseline-smoke-final-aggregation/out/full_25session_baseline_9_14/full/policy_attempts/retry2_20260915/seed20260907,,,hybrid-session-007,chat,84.39018717035651,1,risk_evidence_insufficient,20260907
full_gpu,13.0,0.1,False,False,online_qwen,False,,/DATACENTER3/zhenxiang.wang/work/TailGuardKV/.worktrees/baseline-smoke-final-aggregation/out/full_25session_baseline_9_14/full/policy_attempts/retry2_20260915/seed20260907/config.yaml,,,,,,True,,,,0,True,,120.2578125,32.375,3.2265625,3.2265625,1.640625,1153.8625799585134,unknown,True,,True,,False,,15087.86669921875,False,full_lru,False,,,full_gpu,,,risk_evidence_insufficient,0.0,full precision exact profile,0.0,,,,hybrid-session-008-turn-1,3.2265625,1.5859375,3.2265625,0.0,,/DATACENTER3/zhenxiang.wang/work/TailGuardKV/.worktrees/baseline-smoke-final-aggregation/out/full_25session_baseline_9_14/full/policy_attempts/retry2_20260915/seed20260907,,,hybrid-session-008,chat,82.11144083179533,1,risk_evidence_insufficient,20260907
full_gpu,13.0,0.1,False,False,online_qwen,False,,/DATACENTER3/zhenxiang.wang/work/TailGuardKV/.worktrees/baseline-smoke-final-aggregation/out/full_25session_baseline_9_14/full/policy_attempts/retry2_20260915/seed20260907/config.yaml,,,,,,True,,,,0,True,,120.2578125,34.0703125,3.390625,3.390625,1.6953125,1171.2953289970756,unknown,True,,True,,False,,15091.01904296875,False,full_lru,False,,,full_gpu,,,risk_evidence_insufficient,0.0,full precision exact profile,0.0,,,,hybrid-session-009-turn-1,3.390625,1.6953125,3.390625,0.0,,/DATACENTER3/zhenxiang.wang/work/TailGuardKV/.worktrees/baseline-smoke-final-aggregation/out/full_25session_baseline_9_14/full/policy_attempts/retry2_20260915/seed20260907,,,hybrid-session-009,chat,80.36898588761687,1,risk_evidence_insufficient,20260907
full_gpu,13.0,0.1,False,False,online_qwen,False,,/DATACENTER3/zhenxiang.wang/work/TailGuardKV/.worktrees/baseline-smoke-final-aggregation/out/full_25session_baseline_9_14/full/policy_attempts/retry2_20260915/seed20260907/config.yaml,,,,,,True,,,,0,True,,120.2578125,35.7109375,3.171875,3.171875,1.640625,1150.8549579884857,unknown,True,,True,,False,,15091.20263671875,False,full_lru,False,,,full_gpu,,,risk_evidence_insufficient,0.0,full precision exact profile,0.0,,,,hybrid-session-010-turn-1,3.171875,1.53125,3.171875,0.0,,/DATACENTER3/zhenxiang.wang/work/TailGuardKV/.worktrees/baseline-smoke-final-aggregation/out/full_25session_baseline_9_14/full/policy_attempts/retry2_20260915/seed20260907,,,hybrid-session-010,chat,76.05964504182339,1,risk_evidence_insufficient,20260907
full_gpu,13.0,0.1,False,False,online_qwen,False,,/DATACENTER3/zhenxiang.wang/work/TailGuardKV/.worktrees/baseline-smoke-final-aggregation/out/full_25session_baseline_9_14/full/policy_attempts/retry2_20260915/seed20260907/config.yaml,,,,,,True,,,,0,True,,120.2578125,37.078125,3.390625,3.390625,1.3671875,1161.423068959266,unknown,True,,True,,False,,15085.28466796875,False,full_lru,False,,,full_gpu,,,risk_evidence_insufficient,0.0,full precision exact profile,0.0,,,,hybrid-session-011-turn-1,3.390625,2.0234375,3.390625,0.0,,/DATACENTER3/zhenxiang.wang/work/TailGuardKV/.worktrees/baseline-smoke-final-aggregation/out/full_25session_baseline_9_14/full/policy_attempts/retry2_20260915/seed20260907,,,hybrid-session-011,chat,80.977848963812,1,risk_evidence_insufficient,20260907
full_gpu,13.0,0.1,False,False,online_qwen,False,,/DATACENTER3/zhenxiang.wang/work/TailGuardKV/.worktrees/baseline-smoke-final-aggregation/out/full_25session_baseline_9_14/full/policy_attempts/retry2_20260915/seed20260907/config.yaml,,,,,,True,,,,0,True,,120.2578125,38.5,3.2265625,3.2265625,1.421875,1157.407453050837,unknown,True,,True,,False,,15088.97314453125,False,full_lru,False,,,full_gpu,,,risk_evidence_insufficient,0.0,full precision exact profile,0.0,,,,hybrid-session-013-turn-1,3.2265625,1.8046875,3.2265625,0.0,,/DATACENTER3/zhenxiang.wang/work/TailGuardKV/.worktrees/baseline-smoke-final-aggregation/out/full_25session_baseline_9_14/full/policy_attempts/retry2_20260915/seed20260907,,,hybrid-session-013,chat,71.97437318973243,1,risk_evidence_insufficient,20260907
full_gpu,13.0,0.1,False,False,online_qwen,False,,/DATACENTER3/zhenxiang.wang/work/TailGuardKV/.worktrees/baseline-smoke-final-aggregation/out/full_25session_baseline_9_14/full/policy_attempts/retry2_20260915/seed20260907/config.yaml,,,,,,True,,,,0,True,,120.2578125,39.9765625,4.1015625,4.1015625,1.4765625,1159.561803098768,unknown,True,,True,,False,,15091.61669921875,False,full_lru,False,,,full_gpu,,,risk_evidence_insufficient,0.0,full precision exact profile,0.0,,,,hybrid-session-016-turn-1,4.1015625,2.625,4.1015625,0.0,,/DATACENTER3/zhenxiang.wang/work/TailGuardKV/.worktrees/baseline-smoke-final-aggregation/out/full_25session_baseline_9_14/full/policy_attempts/retry2_20260915/seed20260907,,,hybrid-session-016,chat,79.52485792338848,1,risk_evidence_insufficient,20260907
full_gpu,13.0,0.1,False,False,online_qwen,False,,/DATACENTER3/zhenxiang.wang/work/TailGuardKV/.worktrees/baseline-smoke-final-aggregation/out/full_25session_baseline_9_14/full/policy_attempts/retry2_20260915/seed20260907/config.yaml,,,,,,True,,,,0,True,,120.2578125,42.6015625,4.9765625,4.9765625,2.625,1182.0936989970505,unknown,True,,True,,False,,15126.10693359375,False,full_lru,False,,,full_gpu,,,risk_evidence_insufficient,0.0,full precision exact profile,0.0,,,,hybrid-session-017-turn-1,4.9765625,2.3515625,4.9765625,0.0,,/DATACENTER3/zhenxiang.wang/work/TailGuardKV/.worktrees/baseline-smoke-final-aggregation/out/full_25session_baseline_9_14/full/policy_attempts/retry2_20260915/seed20260907,,,hybrid-session-017,chat,78.88348307460546,1,risk_evidence_insufficient,20260907
full_gpu,13.0,0.1,False,False,online_qwen,False,,/DATACENTER3/zhenxiang.wang/work/TailGuardKV/.worktrees/baseline-smoke-final-aggregation/out/full_25session_baseline_9_14/full/policy_attempts/retry2_20260915/seed20260907/config.yaml,,,,,,True,,,,0,True,,120.2578125,44.4609375,4.265625,4.265625,1.859375,1157.5258988887072,unknown,True,,True,,False,,15106.63427734375,False,full_lru,False,,,full_gpu,,,risk_evidence_insufficient,0.0,full precision exact profile,0.0,,,,hybrid-session-020-turn-1,4.265625,2.40625,4.265625,0.0,,/DATACENTER3/zhenxiang.wang/work/TailGuardKV/.worktrees/baseline-smoke-final-aggregation/out/full_25session_baseline_9_14/full/policy_attempts/retry2_20260915/seed20260907,,,hybrid-session-020,chat,83.49128090776503,1,risk_evidence_insufficient,20260907
full_gpu,13.0,0.1,False,False,online_qwen,False,,/DATACENTER3/zhenxiang.wang/work/TailGuardKV/.worktrees/baseline-smoke-final-aggregation/out/full_25session_baseline_9_14/full/policy_attempts/retry2_20260915/seed20260907/config.yaml,,,,,,True,,,,0,True,,120.2578125,46.484375,4.1015625,4.1015625,2.0234375,1166.9194628484547,unknown,True,,True,,False,,15112.17529296875,False,full_lru,False,,,full_gpu,,,risk_evidence_insufficient,0.0,full precision exact profile,0.0,,,,hybrid-session-023-turn-1,4.1015625,2.078125,4.1015625,0.0,,/DATACENTER3/zhenxiang.wang/work/TailGuardKV/.worktrees/baseline-smoke-final-aggregation/out/full_25session_baseline_9_14/full/policy_attempts/retry2_20260915/seed20260907,,,hybrid-session-023,chat,81.9444227963686,1,risk_evidence_insufficient,20260907
full_gpu,13.0,0.1,True,False,online_qwen,False,,/DATACENTER3/zhenxiang.wang/work/TailGuardKV/.worktrees/baseline-smoke-final-aggregation/out/full_25session_baseline_9_14/full/policy_attempts/retry2_20260915/seed20260907/config.yaml,,,,,,True,,,,0,True,,120.2578125,54.7421875,10.9921875,10.9921875,8.2578125,1188.195767113939,unknown,True,0.0,True,,False,,15289.1357421875,False,full_lru,False,,,full_gpu,,,risk_evidence_insufficient,0.0,full precision exact profile,0.0,,,,hybrid-session-000-turn-2,10.9921875,2.734375,10.9921875,0.0,,/DATACENTER3/zhenxiang.wang/work/TailGuardKV/.worktrees/baseline-smoke-final-aggregation/out/full_25session_baseline_9_14/full/policy_attempts/retry2_20260915/seed20260907,,,hybrid-session-000,qa,114.78742118924856,2,risk_evidence_insufficient,20260907
full_gpu,13.0,0.1,False,False,online_qwen,False,,/DATACENTER3/zhenxiang.wang/work/TailGuardKV/.worktrees/baseline-smoke-final-aggregation/out/full_25session_baseline_9_14/full/policy_attempts/retry2_20260915/seed20260907/config.yaml,,,,,,True,,,,0,True,,120.2578125,61.5234375,10.6640625,10.6640625,6.78125,1174.3858018890023,unknown,True,,True,,False,,15256.01953125,False,full_lru,False,,,full_gpu,,,risk_evidence_insufficient,0.0,full precision exact profile,0.0,,,,hybrid-session-002-turn-2,10.6640625,3.8828125,10.6640625,0.0,,/DATACENTER3/zhenxiang.wang/work/TailGuardKV/.worktrees/baseline-smoke-final-aggregation/out/full_25session_baseline_9_14/full/policy_attempts/retry2_20260915/seed20260907,,,hybrid-session-002,qa,96.14717890508473,2,risk_evidence_insufficient,20260907
full_gpu,13.0,0.1,False,False,online_qwen,False,,/DATACENTER3/zhenxiang.wang/work/TailGuardKV/.worktrees/baseline-smoke-final-aggregation/out/full_25session_baseline_9_14/full/policy_attempts/retry2_20260915/seed20260907/config.yaml,,,,,,True,,,,0,True,,120.2578125,68.3046875,9.6796875,9.6796875,6.78125,1202.9477178584784,unknown,True,,True,,False,,15262.796875,False,full_lru,False,,,full_gpu,,,risk_evidence_insufficient,0.0,full precision exact profile,0.0,,,,hybrid-session-003-turn-2,9.6796875,2.8984375,9.6796875,0.0,,/DATACENTER3/zhenxiang.wang/work/TailGuardKV/.worktrees/baseline-smoke-final-aggregation/out/full_25session_baseline_9_14/full/policy_attempts/retry2_20260915/seed20260907,,,hybrid-session-003,summary,90.63813090324402,2,risk_evidence_insufficient,20260907
full_gpu,13.0,0.1,False,False,online_qwen,False,,/DATACENTER3/zhenxiang.wang/work/TailGuardKV/.worktrees/baseline-smoke-final-aggregation/out/full_25session_baseline_9_14/full/policy_attempts/retry2_20260915/seed20260907/config.yaml,,,,,,True,,,,0,True,,120.2578125,74.5390625,9.3515625,9.3515625,6.234375,1179.8666350077838,unknown,True,,True,,False,,15254.46044921875,False,full_lru,False,,,full_gpu,,,risk_evidence_insufficient,0.0,full precision exact profile,0.0,,,,hybrid-session-007-turn-2,9.3515625,3.1171875,9.3515625,0.0,,/DATACENTER3/zhenxiang.wang/work/TailGuardKV/.worktrees/baseline-smoke-final-aggregation/out/full_25session_baseline_9_14/full/policy_attempts/retry2_20260915/seed20260907,,,hybrid-session-007,summary,94.76096020080149,2,risk_evidence_insufficient,20260907
full_gpu,13.0,0.1,False,False,online_qwen,False,,/DATACENTER3/zhenxiang.wang/work/TailGuardKV/.worktrees/baseline-smoke-final-aggregation/out/full_25session_baseline_9_14/full/policy_attempts/retry2_20260915/seed20260907/config.yaml,,,,,,True,,,,0,True,,120.2578125,81.59375,10.28125,10.28125,7.0546875,1169.8179568629712,unknown,True,,True,,False,,15283.37451171875,False,full_lru,False,,,full_gpu,,,risk_evidence_insufficient,0.0,full precision exact profile,0.0,,,,hybrid-session-008-turn-2,10.28125,3.2265625,10.28125,0.0,,/DATACENTER3/zhenxiang.wang/work/TailGuardKV/.worktrees/baseline-smoke-final-aggregation/out/full_25session_baseline_9_14/full/policy_attempts/retry2_20260915/seed20260907,,,hybrid-session-008,qa,98.45093381591141,2,risk_evidence_insufficient,20260907
full_gpu,13.0,0.1,False,False,online_qwen,False,,/DATACENTER3/zhenxiang.wang/work/TailGuardKV/.worktrees/baseline-smoke-final-aggregation/out/full_25session_baseline_9_14/full/policy_attempts/retry2_20260915/seed20260907/config.yaml,,,,,,True,,,,0,True,,120.2578125,87.6640625,9.4609375,9.4609375,6.0703125,1165.9556420054287,unknown,True,,True,,False,,15263.21435546875,False,full_lru,False,,,full_gpu,,,risk_evidence_insufficient,0.0,full precision exact profile,0.0,,,,hybrid-session-009-turn-2,9.4609375,3.390625,9.4609375,0.0,,/DATACENTER3/zhenxiang.wang/work/TailGuardKV/.worktrees/baseline-smoke-final-aggregation/out/full_25session_baseline_9_14/full/policy_attempts/retry2_20260915/seed20260907,,,hybrid-session-009,summary,88.53036095388234,2,risk_evidence_insufficient,20260907
full_gpu,13.0,0.1,False,False,online_qwen,False,,/DATACENTER3/zhenxiang.wang/work/TailGuardKV/.worktrees/baseline-smoke-final-aggregation/out/full_25session_baseline_9_14/full/policy_attempts/retry2_20260915/seed20260907/config.yaml,,,,,,True,,,,0,True,,120.2578125,94.609375,10.1171875,10.1171875,6.9453125,1183.5414608940482,unknown,True,,True,,False,,15293.474609375,False,full_lru,False,,,full_gpu,,,risk_evidence_insufficient,0.0,full precision exact profile,0.0,,,,hybrid-session-010-turn-2,10.1171875,3.171875,10.1171875,0.0,,/DATACENTER3/zhenxiang.wang/work/TailGuardKV/.worktrees/baseline-smoke-final-aggregation/out/full_25session_baseline_9_14/full/policy_attempts/retry2_20260915/seed20260907,,,hybrid-session-010,qa,97.57814090698957,2,risk_evidence_insufficient,20260907
full_gpu,13.0,0.1,True,False,online_qwen,False,,/DATACENTER3/zhenxiang.wang/work/TailGuardKV/.worktrees/baseline-smoke-final-aggregation/out/full_25session_baseline_9_14/full/policy_attempts/retry2_20260915/seed20260907/config.yaml,,,,,,True,,,,0,True,,120.2578125,100.8984375,9.6796875,9.6796875,6.2890625,1178.9301009848714,unknown,True,0.0,True,,False,,15282.27734375,False,full_lru,False,,,full_gpu,,,risk_evidence_insufficient,0.0,full precision exact profile,0.0,,,,hybrid-session-011-turn-2,9.6796875,3.390625,9.6796875,0.0,,/DATACENTER3/zhenxiang.wang/work/TailGuardKV/.worktrees/baseline-smoke-final-aggregation/out/full_25session_baseline_9_14/full/policy_attempts/retry2_20260915/seed20260907,,,hybrid-session-011,summary,95.11973895132542,2,risk_evidence_insufficient,20260907
full_gpu,13.0,0.1,False,False,online_qwen,False,,/DATACENTER3/zhenxiang.wang/work/TailGuardKV/.worktrees/baseline-smoke-final-aggregation/out/full_25session_baseline_9_14/full/policy_attempts/retry2_20260915/seed20260907/config.yaml,,,,,,True,,,,0,True,,120.2578125,107.40625,9.734375,9.734375,6.5078125,1164.2770131584257,unknown,True,,True,,False,,15294.61328125,False,full_lru,False,,,full_gpu,,,risk_evidence_insufficient,0.0,full precision exact profile,0.0,,,,hybrid-session-013-turn-2,9.734375,3.2265625,9.734375,0.0,,/DATACENTER3/zhenxiang.wang/work/TailGuardKV/.worktrees/baseline-smoke-final-aggregation/out/full_25session_baseline_9_14/full/policy_attempts/retry2_20260915/seed20260907,,,hybrid-session-013,summary,97.04629401676357,2,risk_evidence_insufficient,20260907
full_gpu,13.0,0.1,True,False,online_qwen,False,,/DATACENTER3/zhenxiang.wang/work/TailGuardKV/.worktrees/baseline-smoke-final-aggregation/out/full_25session_baseline_9_14/full/policy_attempts/retry2_20260915/seed20260907/config.yaml,,,,,,True,,,,0,True,,120.2578125,113.9140625,10.609375,10.609375,6.5078125,1167.73575800471,unknown,True,0.0,True,,False,,15301.125,False,full_lru,False,,,full_gpu,,,risk_evidence_insufficient,0.0,full precision exact profile,0.0,,,,hybrid-session-016-turn-2,10.609375,4.1015625,10.609375,0.0,,/DATACENTER3/zhenxiang.wang/work/TailGuardKV/.worktrees/baseline-smoke-final-aggregation/out/full_25session_baseline_9_14/full/policy_attempts/retry2_20260915/seed20260907,,,hybrid-session-016,qa,96.06725513003767,2,risk_evidence_insufficient,20260907
full_gpu,13.0,0.1,False,True,online_qwen,True,,/DATACENTER3/zhenxiang.wang/work/TailGuardKV/.worktrees/baseline-smoke-final-aggregation/out/full_25session_baseline_9_14/full/policy_attempts/retry2_20260915/seed20260907/config.yaml,,,,,,True,,,,4.265625,True,,120.2578125,116.2109375,11.5390625,11.5390625,6.5625,1173.0079310946167,unknown,True,,True,,False,,15309.14990234375,False,full_lru,False,,,full_gpu,,,risk_evidence_insufficient,0.0,full precision exact profile,0.0,,,,hybrid-session-017-turn-2,11.5390625,4.9765625,11.5390625,0.0,,/DATACENTER3/zhenxiang.wang/work/TailGuardKV/.worktrees/baseline-smoke-final-aggregation/out/full_25session_baseline_9_14/full/policy_attempts/retry2_20260915/seed20260907,,,hybrid-session-017,summary,95.63414799049497,2,risk_evidence_insufficient,20260907
full_gpu,13.0,0.1,False,True,online_qwen,True,,/DATACENTER3/zhenxiang.wang/work/TailGuardKV/.worktrees/baseline-smoke-final-aggregation/out/full_25session_baseline_9_14/full/policy_attempts/retry2_20260915/seed20260907/config.yaml,,,,,,True,,,,15.09375,True,,120.2578125,111.015625,9.8984375,9.8984375,9.8984375,1216.9787159655243,unknown,True,,True,,False,,15404.017578125,False,full_lru,True,,,full_gpu,,,risk_evidence_insufficient,0.0,full precision exact profile,116.56283703632653,,,,hybrid-session-020-turn-2,9.8984375,0.0,9.8984375,0.0,,/DATACENTER3/zhenxiang.wang/work/TailGuardKV/.worktrees/baseline-smoke-final-aggregation/out/full_25session_baseline_9_14/full/policy_attempts/retry2_20260915/seed20260907,,,hybrid-session-020,qa,117.28298291563988,2,risk_evidence_insufficient,20260907
full_gpu,13.0,0.1,False,True,online_qwen,True,,/DATACENTER3/zhenxiang.wang/work/TailGuardKV/.worktrees/baseline-smoke-final-aggregation/out/full_25session_baseline_9_14/full/policy_attempts/retry2_20260915/seed20260907/config.yaml,,,,,,True,,,,10.6640625,True,,120.2578125,110.140625,9.7890625,9.7890625,9.7890625,1200.6329770665616,unknown,True,,True,,False,,15397.98046875,False,full_lru,False,,,full_gpu,,,risk_evidence_insufficient,0.0,full precision exact profile,115.29374518431723,,,,hybrid-session-023-turn-2,9.7890625,0.0,9.7890625,0.0,,/DATACENTER3/zhenxiang.wang/work/TailGuardKV/.worktrees/baseline-smoke-final-aggregation/out/full_25session_baseline_9_14/full/policy_attempts/retry2_20260915/seed20260907,,,hybrid-session-023,summary,115.99884903989732,2,risk_evidence_insufficient,20260907
full_gpu,13.0,0.1,False,True,online_qwen,True,,/DATACENTER3/zhenxiang.wang/work/TailGuardKV/.worktrees/baseline-smoke-final-aggregation/out/full_25session_baseline_9_14/full/policy_attempts/retry2_20260915/seed20260907/config.yaml,,,,,,True,,,,9.6796875,True,,120.2578125,113.859375,13.3984375,13.3984375,13.3984375,1239.1733131371439,unknown,True,,True,,False,,15498.439453125,False,full_lru,True,,,full_gpu,,,risk_evidence_insufficient,0.0,full precision exact profile,147.1180699300021,,,,hybrid-session-000-turn-3,13.3984375,0.0,13.3984375,0.0,,/DATACENTER3/zhenxiang.wang/work/TailGuardKV/.worktrees/baseline-smoke-final-aggregation/out/full_25session_baseline_9_14/full/policy_attempts/retry2_20260915/seed20260907,,,hybrid-session-000,qa,147.82694913446903,3,risk_evidence_insufficient,20260907
full_gpu,13.0,0.1,False,True,online_qwen,True,,/DATACENTER3/zhenxiang.wang/work/TailGuardKV/.worktrees/baseline-smoke-final-aggregation/out/full_25session_baseline_9_14/full/policy_attempts/retry2_20260915/seed20260907/config.yaml,,,,,,True,,,,9.3515625,True,,120.2578125,116.265625,11.7578125,11.7578125,11.7578125,1545.7442849874496,unknown,True,,True,,False,,15452.84033203125,False,full_lru,True,,,full_gpu,,,risk_evidence_insufficient,0.0,full precision exact profile,131.6812268923968,,,,hybrid-session-002-turn-3,11.7578125,0.0,11.7578125,0.0,,/DATACENTER3/zhenxiang.wang/work/TailGuardKV/.worktrees/baseline-smoke-final-aggregation/out/full_25session_baseline_9_14/full/policy_attempts/retry2_20260915/seed20260907,,,hybrid-session-002,qa,132.45802908204496,3,risk_evidence_insufficient,20260907
full_gpu,13.0,0.1,False,True,online_qwen,True,,/DATACENTER3/zhenxiang.wang/work/TailGuardKV/.worktrees/baseline-smoke-final-aggregation/out/full_25session_baseline_9_14/full/policy_attempts/retry2_20260915/seed20260907/config.yaml,,,,,,True,,,,10.28125,True,,120.2578125,117.140625,11.15625,11.15625,11.15625,1561.4789279643446,unknown,True,,True,,False,,15439.41943359375,False,full_lru,True,,,full_gpu,,,risk_evidence_insufficient,0.0,full precision exact profile,126.31524703465402,,,,hybrid-session-003-turn-3,11.15625,0.0,11.15625,0.0,,/DATACENTER3/zhenxiang.wang/work/TailGuardKV/.worktrees/baseline-smoke-final-aggregation/out/full_25session_baseline_9_14/full/policy_attempts/retry2_20260915/seed20260907,,,hybrid-session-003,summary,127.09006993100047,3,risk_evidence_insufficient,20260907
full_gpu,13.0,0.1,False,True,online_qwen,True,,/DATACENTER3/zhenxiang.wang/work/TailGuardKV/.worktrees/baseline-smoke-final-aggregation/out/full_25session_baseline_9_14/full/policy_attempts/retry2_20260915/seed20260907/config.yaml,,,,,,True,,,,9.4609375,True,,120.2578125,118.5625,10.8828125,10.8828125,10.8828125,1539.1961999703199,unknown,True,,True,,False,,15432.4375,False,full_lru,True,,,full_gpu,,,risk_evidence_insufficient,0.0,full precision exact profile,123.62121092155576,,,,hybrid-session-007-turn-3,10.8828125,0.0,10.8828125,0.0,,/DATACENTER3/zhenxiang.wang/work/TailGuardKV/.worktrees/baseline-smoke-final-aggregation/out/full_25session_baseline_9_14/full/policy_attempts/retry2_20260915/seed20260907,,,hybrid-session-007,summary,124.43310208618641,3,risk_evidence_insufficient,20260907
full_gpu,13.0,0.1,False,True,online_qwen,True,,/DATACENTER3/zhenxiang.wang/work/TailGuardKV/.worktrees/baseline-smoke-final-aggregation/out/full_25session_baseline_9_14/full/policy_attempts/retry2_20260915/seed20260907/config.yaml,,,,,,True,,,,10.1171875,True,,120.2578125,119.984375,11.5390625,11.5390625,11.5390625,1558.9597758371383,unknown,True,,True,,False,,15452.13330078125,False,full_lru,True,,,full_gpu,,,risk_evidence_insufficient,0.0,full precision exact profile,133.27699503861368,,,,hybrid-session-008-turn-3,11.5390625,0.0,11.5390625,0.0,,/DATACENTER3/zhenxiang.wang/work/TailGuardKV/.worktrees/baseline-smoke-final-aggregation/out/full_25session_baseline_9_14/full/policy_attempts/retry2_20260915/seed20260907,,,hybrid-session-008,qa,134.07598691992462,3,risk_evidence_insufficient,20260907
full_gpu,13.0,0.1,False,True,online_qwen,True,,/DATACENTER3/zhenxiang.wang/work/TailGuardKV/.worktrees/baseline-smoke-final-aggregation/out/full_25session_baseline_9_14/full/policy_attempts/retry2_20260915/seed20260907/config.yaml,,,,,,True,,,,19.4140625,True,,120.2578125,111.34375,10.7734375,10.7734375,10.7734375,1554.802856175229,unknown,True,,True,,False,,15432.724609375,False,full_lru,True,,,full_gpu,,,risk_evidence_insufficient,0.0,full precision exact profile,124.12362894974649,,,,hybrid-session-009-turn-3,10.7734375,0.0,10.7734375,0.0,,/DATACENTER3/zhenxiang.wang/work/TailGuardKV/.worktrees/baseline-smoke-final-aggregation/out/full_25session_baseline_9_14/full/policy_attempts/retry2_20260915/seed20260907,,,hybrid-session-009,summary,124.93333499878645,3,risk_evidence_insufficient,20260907
full_gpu,13.0,0.1,False,True,online_qwen,True,,/DATACENTER3/zhenxiang.wang/work/TailGuardKV/.worktrees/baseline-smoke-final-aggregation/out/full_25session_baseline_9_14/full/policy_attempts/retry2_20260915/seed20260907/config.yaml,,,,,,True,,,,10.609375,True,,120.2578125,112.546875,11.8125,11.8125,11.8125,1545.334595022723,unknown,True,,True,,False,,15451.7353515625,False,full_lru,True,,,full_gpu,,,risk_evidence_insufficient,0.0,full precision exact profile,134.97327687218785,,,,hybrid-session-010-turn-3,11.8125,0.0,11.8125,0.0,,/DATACENTER3/zhenxiang.wang/work/TailGuardKV/.worktrees/baseline-smoke-final-aggregation/out/full_25session_baseline_9_14/full/policy_attempts/retry2_20260915/seed20260907,,,hybrid-session-010,qa,135.78256289474666,3,risk_evidence_insufficient,20260907
full_gpu,13.0,0.1,False,True,online_qwen,True,,/DATACENTER3/zhenxiang.wang/work/TailGuardKV/.worktrees/baseline-smoke-final-aggregation/out/full_25session_baseline_9_14/full/policy_attempts/retry2_20260915/seed20260907/config.yaml,,,,,,True,,,,11.5390625,True,,120.2578125,113.203125,12.1953125,12.1953125,12.1953125,1566.8229090515524,unknown,True,,True,,False,,15463.56884765625,False,full_lru,True,,,full_gpu,,,risk_evidence_insufficient,0.0,full precision exact profile,134.6588551532477,,,,hybrid-session-011-turn-3,12.1953125,0.0,12.1953125,0.0,,/DATACENTER3/zhenxiang.wang/work/TailGuardKV/.worktrees/baseline-smoke-final-aggregation/out/full_25session_baseline_9_14/full/policy_attempts/retry2_20260915/seed20260907,,,hybrid-session-011,summary,135.44512609951198,3,risk_evidence_insufficient,20260907
full_gpu,13.0,0.1,False,True,online_qwen,True,,/DATACENTER3/zhenxiang.wang/work/TailGuardKV/.worktrees/baseline-smoke-final-aggregation/out/full_25session_baseline_9_14/full/policy_attempts/retry2_20260915/seed20260907/config.yaml,,,,,,True,,,,9.8984375,True,,120.2578125,114.5703125,11.265625,11.265625,11.265625,1540.46105989255,unknown,True,,True,,False,,15439.23876953125,False,full_lru,True,,,full_gpu,,,risk_evidence_insufficient,0.0,full precision exact profile,127.82104103825986,,,,hybrid-session-013-turn-3,11.265625,0.0,11.265625,0.0,,/DATACENTER3/zhenxiang.wang/work/TailGuardKV/.worktrees/baseline-smoke-final-aggregation/out/full_25session_baseline_9_14/full/policy_attempts/retry2_20260915/seed20260907,,,hybrid-session-013,summary,128.64385405555367,3,risk_evidence_insufficient,20260907
full_gpu,13.0,0.1,False,True,online_qwen,True,,/DATACENTER3/zhenxiang.wang/work/TailGuardKV/.worktrees/baseline-smoke-final-aggregation/out/full_25session_baseline_9_14/full/policy_attempts/retry2_20260915/seed20260907/config.yaml,,,,,,True,,,,9.7890625,True,,120.2578125,117.7421875,12.9609375,12.9609375,12.9609375,1524.4269899558276,unknown,True,,True,,False,,15489.6640625,False,full_lru,True,,,full_gpu,,,risk_evidence_insufficient,0.0,full precision exact profile,147.09122385829687,,,,hybrid-session-016-turn-3,12.9609375,0.0,12.9609375,0.0,,/DATACENTER3/zhenxiang.wang/work/TailGuardKV/.worktrees/baseline-smoke-final-aggregation/out/full_25session_baseline_9_14/full/policy_attempts/retry2_20260915/seed20260907,,,hybrid-session-016,qa,147.82548299990594,3,risk_evidence_insufficient,20260907
full_gpu,13.0,0.1,False,True,online_qwen,True,,/DATACENTER3/zhenxiang.wang/work/TailGuardKV/.worktrees/baseline-smoke-final-aggregation/out/full_25session_baseline_9_14/full/policy_attempts/retry2_20260915/seed20260907/config.yaml,,,,,,True,,,,13.3984375,True,,120.2578125,117.578125,13.234375,13.234375,13.234375,1221.89238993451,unknown,True,,True,,False,,15501.16650390625,False,full_lru,True,,,full_gpu,,,risk_evidence_insufficient,0.0,full precision exact profile,147.7579369675368,,,,hybrid-session-017-turn-3,13.234375,0.0,13.234375,0.0,,/DATACENTER3/zhenxiang.wang/work/TailGuardKV/.worktrees/baseline-smoke-final-aggregation/out/full_25session_baseline_9_14/full/policy_attempts/retry2_20260915/seed20260907,,,hybrid-session-017,summary,148.44847400672734,3,risk_evidence_insufficient,20260907
full_gpu,13.0,0.1,False,True,online_qwen,True,,/DATACENTER3/zhenxiang.wang/work/TailGuardKV/.worktrees/baseline-smoke-final-aggregation/out/full_25session_baseline_9_14/full/policy_attempts/retry2_20260915/seed20260907/config.yaml,,,,,,True,,,,11.7578125,True,,120.2578125,117.90625,12.0859375,12.0859375,12.0859375,1205.7363060303032,unknown,True,,True,,False,,15466.85009765625,False,full_lru,True,,,full_gpu,,,risk_evidence_insufficient,0.0,full precision exact profile,129.71624010242522,,,,hybrid-session-020-turn-3,12.0859375,0.0,12.0859375,0.0,,/DATACENTER3/zhenxiang.wang/work/TailGuardKV/.worktrees/baseline-smoke-final-aggregation/out/full_25session_baseline_9_14/full/policy_attempts/retry2_20260915/seed20260907,,,hybrid-session-020,qa,130.4210729431361,3,risk_evidence_insufficient,20260907
full_gpu,13.0,0.1,False,True,online_qwen,True,,/DATACENTER3/zhenxiang.wang/work/TailGuardKV/.worktrees/baseline-smoke-final-aggregation/out/full_25session_baseline_9_14/full/policy_attempts/retry2_20260915/seed20260907/config.yaml,,,,,,True,,,,11.15625,True,,120.2578125,118.5625,11.8125,11.8125,11.8125,1210.682868026197,unknown,True,,True,,False,,15458.2978515625,False,full_lru,True,,,full_gpu,,,risk_evidence_insufficient,0.0,full precision exact profile,132.70350196398795,,,,hybrid-session-023-turn-3,11.8125,0.0,11.8125,0.0,,/DATACENTER3/zhenxiang.wang/work/TailGuardKV/.worktrees/baseline-smoke-final-aggregation/out/full_25session_baseline_9_14/full/policy_attempts/retry2_20260915/seed20260907,,,hybrid-session-023,summary,133.43204511329532,3,risk_evidence_insufficient,20260907
full_gpu,13.0,0.1,False,True,online_qwen,True,,/DATACENTER3/zhenxiang.wang/work/TailGuardKV/.worktrees/baseline-smoke-final-aggregation/out/full_25session_baseline_9_14/full/policy_attempts/retry2_20260915/seed20260907/config.yaml,,,,,,True,,,,22.421875,True,,120.2578125,111.8359375,15.6953125,15.6953125,15.6953125,1282.8615650068969,unknown,True,,True,,False,,15569.3505859375,False,full_lru,True,,,full_gpu,,,risk_evidence_insufficient,0.0,full precision exact profile,185.65016705542803,,,,hybrid-session-000-turn-4,15.6953125,0.0,15.6953125,0.0,,/DATACENTER3/zhenxiang.wang/work/TailGuardKV/.worktrees/baseline-smoke-final-aggregation/out/full_25session_baseline_9_14/full/policy_attempts/retry2_20260915/seed20260907,,,hybrid-session-000,qa,186.3002588506788,4,risk_evidence_insufficient,20260907
full_gpu,13.0,0.1,False,True,online_qwen,True,,/DATACENTER3/zhenxiang.wang/work/TailGuardKV/.worktrees/baseline-smoke-final-aggregation/out/full_25session_baseline_9_14/full/policy_attempts/retry2_20260915/seed20260907/config.yaml,,,,,,True,,,,10.7734375,True,,120.2578125,114.6796875,13.6171875,13.6171875,13.6171875,1222.1727399155498,unknown,True,,True,,False,,15505.64501953125,False,full_lru,True,,,full_gpu,,,risk_evidence_insufficient,0.0,full precision exact profile,134.49758593924344,,,,hybrid-session-002-turn-4,13.6171875,0.0,13.6171875,0.0,,/DATACENTER3/zhenxiang.wang/work/TailGuardKV/.worktrees/baseline-smoke-final-aggregation/out/full_25session_baseline_9_14/full/policy_attempts/retry2_20260915/seed20260907,,,hybrid-session-002,qa,135.2461779024452,4,risk_evidence_insufficient,20260907
full_gpu,13.0,0.1,False,True,online_qwen,True,,/DATACENTER3/zhenxiang.wang/work/TailGuardKV/.worktrees/baseline-smoke-final-aggregation/out/full_25session_baseline_9_14/full/policy_attempts/retry2_20260915/seed20260907/config.yaml,,,,,,True,,,,11.8125,True,,120.2578125,115.7734375,12.90625,12.90625,12.90625,1219.7191179729998,unknown,True,,True,,False,,15487.5712890625,False,full_lru,True,,,full_gpu,,,risk_evidence_insufficient,0.0,full precision exact profile,131.64038094691932,,,,hybrid-session-003-turn-4,12.90625,0.0,12.90625,0.0,,/DATACENTER3/zhenxiang.wang/work/TailGuardKV/.worktrees/baseline-smoke-final-aggregation/out/full_25session_baseline_9_14/full/policy_attempts/retry2_20260915/seed20260907,,,hybrid-session-003,summary,132.3693220037967,4,risk_evidence_insufficient,20260907
full_gpu,13.0,0.1,False,True,online_qwen,True,,/DATACENTER3/zhenxiang.wang/work/TailGuardKV/.worktrees/baseline-smoke-final-aggregation/out/full_25session_baseline_9_14/full/policy_attempts/retry2_20260915/seed20260907/config.yaml,,,,,,True,,,,12.1953125,True,,120.2578125,116.265625,12.6875,12.6875,12.6875,1229.1601719334722,unknown,True,,True,,False,,15480.58740234375,False,full_lru,True,,,full_gpu,,,risk_evidence_insufficient,0.0,full precision exact profile,146.22876793146133,,,,hybrid-session-007-turn-4,12.6875,0.0,12.6875,0.0,,/DATACENTER3/zhenxiang.wang/work/TailGuardKV/.worktrees/baseline-smoke-final-aggregation/out/full_25session_baseline_9_14/full/policy_attempts/retry2_20260915/seed20260907,,,hybrid-session-007,summary,146.9446700066328,4,risk_evidence_insufficient,20260907
full_gpu,13.0,0.1,False,True,online_qwen,True,,/DATACENTER3/zhenxiang.wang/work/TailGuardKV/.worktrees/baseline-smoke-final-aggregation/out/full_25session_baseline_9_14/full/policy_attempts/retry2_20260915/seed20260907/config.yaml,,,,,,True,,,,11.265625,True,,120.2578125,118.1796875,13.1796875,13.1796875,13.1796875,1234.101421898231,unknown,True,,True,,False,,15499.63525390625,False,full_lru,True,,,full_gpu,,,risk_evidence_insufficient,0.0,full precision exact profile,146.51673613116145,,,,hybrid-session-008-turn-4,13.1796875,0.0,13.1796875,0.0,,/DATACENTER3/zhenxiang.wang/work/TailGuardKV/.worktrees/baseline-smoke-final-aggregation/out/full_25session_baseline_9_14/full/policy_attempts/retry2_20260915/seed20260907,,,hybrid-session-008,qa,147.22774201072752,4,risk_evidence_insufficient,20260907
full_gpu,13.0,0.1,True,True,online_qwen,True,,/DATACENTER3/zhenxiang.wang/work/TailGuardKV/.worktrees/baseline-smoke-final-aggregation/out/full_25session_baseline_9_14/full/policy_attempts/retry2_20260915/seed20260907/config.yaml,,,,,,True,,,,12.9609375,True,,120.2578125,117.9609375,12.7421875,12.7421875,12.7421875,1209.2228040564805,unknown,True,0.0,True,,False,,15485.02392578125,False,full_lru,True,,,full_gpu,,,risk_evidence_insufficient,0.0,full precision exact profile,135.75621997006238,,,,hybrid-session-009-turn-4,12.7421875,0.0,12.7421875,0.0,,/DATACENTER3/zhenxiang.wang/work/TailGuardKV/.worktrees/baseline-smoke-final-aggregation/out/full_25session_baseline_9_14/full/policy_attempts/retry2_20260915/seed20260907,,,hybrid-session-009,summary,136.47713791579008,4,risk_evidence_insufficient,20260907
full_gpu,13.0,0.1,False,True,online_qwen,True,,/DATACENTER3/zhenxiang.wang/work/TailGuardKV/.worktrees/baseline-smoke-final-aggregation/out/full_25session_baseline_9_14/full/policy_attempts/retry2_20260915/seed20260907/config.yaml,,,,,,True,,,,13.234375,True,,120.2578125,118.6171875,13.890625,13.890625,13.890625,1214.2841999884695,unknown,True,,True,,False,,15519.322265625,False,full_lru,True,,,full_gpu,,,risk_evidence_insufficient,0.0,full precision exact profile,138.42265214771032,,,,hybrid-session-010-turn-4,13.890625,0.0,13.890625,0.0,,/DATACENTER3/zhenxiang.wang/work/TailGuardKV/.worktrees/baseline-smoke-final-aggregation/out/full_25session_baseline_9_14/full/policy_attempts/retry2_20260915/seed20260907,,,hybrid-session-010,qa,139.15633200667799,4,risk_evidence_insufficient,20260907
full_gpu,13.0,0.1,True,True,online_qwen,True,,/DATACENTER3/zhenxiang.wang/work/TailGuardKV/.worktrees/baseline-smoke-final-aggregation/out/full_25session_baseline_9_14/full/policy_attempts/retry2_20260915/seed20260907/config.yaml,,,,,,True,,,,23.8984375,True,,120.2578125,109.15625,14.4375,14.4375,14.4375,1236.640885937959,unknown,True,0.0,True,,False,,15534.3486328125,False,full_lru,True,,,full_gpu,,,risk_evidence_insufficient,0.0,full precision exact profile,152.1536421496421,,,,hybrid-session-011-turn-4,14.4375,0.0,14.4375,0.0,,/DATACENTER3/zhenxiang.wang/work/TailGuardKV/.worktrees/baseline-smoke-final-aggregation/out/full_25session_baseline_9_14/full/policy_attempts/retry2_20260915/seed20260907,,,hybrid-session-011,summary,152.88282884284854,4,risk_evidence_insufficient,20260907
full_gpu,13.0,0.1,False,True,online_qwen,True,,/DATACENTER3/zhenxiang.wang/work/TailGuardKV/.worktrees/baseline-smoke-final-aggregation/out/full_25session_baseline_9_14/full/policy_attempts/retry2_20260915/seed20260907/config.yaml,,,,,,True,,,,15.6953125,True,,120.2578125,106.4765625,13.015625,13.015625,13.015625,1228.776569943875,unknown,True,,True,,False,,15487.0400390625,False,full_lru,True,,,full_gpu,,,risk_evidence_insufficient,0.0,full precision exact profile,139.2172931227833,,,,hybrid-session-013-turn-4,13.015625,0.0,13.015625,0.0,,/DATACENTER3/zhenxiang.wang/work/TailGuardKV/.worktrees/baseline-smoke-final-aggregation/out/full_25session_baseline_9_14/full/policy_attempts/retry2_20260915/seed20260907,,,hybrid-session-013,summary,139.96062986552715,4,risk_evidence_insufficient,20260907
full_gpu,13.0,0.1,False,True,online_qwen,True,,/DATACENTER3/zhenxiang.wang/work/TailGuardKV/.worktrees/baseline-smoke-final-aggregation/out/full_25session_baseline_9_14/full/policy_attempts/retry2_20260915/seed20260907/config.yaml,,,,,,True,,,,13.6171875,True,,120.2578125,107.84375,14.984375,14.984375,14.984375,1281.3952199649066,unknown,True,,True,,False,,15538.14111328125,False,full_lru,False,,,full_gpu,,,risk_evidence_insufficient,0.0,full precision exact profile,193.15910199657083,,,,hybrid-session-016-turn-4,14.984375,0.0,14.984375,0.0,,/DATACENTER3/zhenxiang.wang/work/TailGuardKV/.worktrees/baseline-smoke-final-aggregation/out/full_25session_baseline_9_14/full/policy_attempts/retry2_20260915/seed20260907,,,hybrid-session-016,qa,193.8868798315525,4,risk_evidence_insufficient,20260907
full_gpu,13.0,0.1,False,True,online_qwen,True,,/DATACENTER3/zhenxiang.wang/work/TailGuardKV/.worktrees/baseline-smoke-final-aggregation/out/full_25session_baseline_9_14/full/policy_attempts/retry2_20260915/seed20260907/config.yaml,,,,,,True,,,,12.90625,True,,120.2578125,110.140625,15.203125,15.203125,15.203125,1269.3567927926779,unknown,True,,True,,False,,15544.6484375,False,full_lru,True,,,full_gpu,,,risk_evidence_insufficient,0.0,full precision exact profile,174.47962192818522,,,,hybrid-session-017-turn-4,15.203125,0.0,15.203125,0.0,,/DATACENTER3/zhenxiang.wang/work/TailGuardKV/.worktrees/baseline-smoke-final-aggregation/out/full_25session_baseline_9_14/full/policy_attempts/retry2_20260915/seed20260907,,,hybrid-session-017,summary,175.21482589654624,4,risk_evidence_insufficient,20260907
full_gpu,13.0,0.1,False,True,online_qwen,True,,/DATACENTER3/zhenxiang.wang/work/TailGuardKV/.worktrees/baseline-smoke-final-aggregation/out/full_25session_baseline_9_14/full/policy_attempts/retry2_20260915/seed20260907/config.yaml,,,,,,True,,,,12.6875,True,,120.2578125,111.34375,13.890625,13.890625,13.890625,1231.9028868805617,unknown,True,,True,,False,,15511.501953125,False,full_lru,True,,,full_gpu,,,risk_evidence_insufficient,0.0,full precision exact profile,134.18286386877298,,,,hybrid-session-020-turn-4,13.890625,0.0,13.890625,0.0,,/DATACENTER3/zhenxiang.wang/work/TailGuardKV/.worktrees/baseline-smoke-final-aggregation/out/full_25session_baseline_9_14/full/policy_attempts/retry2_20260915/seed20260907,,,hybrid-session-020,qa,134.8972769919783,4,risk_evidence_insufficient,20260907
full_gpu,13.0,0.1,False,True,online_qwen,True,,/DATACENTER3/zhenxiang.wang/work/TailGuardKV/.worktrees/baseline-smoke-final-aggregation/out/full_25session_baseline_9_14/full/policy_attempts/retry2_20260915/seed20260907/config.yaml,,,,,,True,,,,13.1796875,True,,120.2578125,111.890625,13.7265625,13.7265625,13.7265625,1210.3250578511506,unknown,True,,True,,False,,15507.50830078125,False,full_lru,True,,,full_gpu,,,risk_evidence_insufficient,0.0,full precision exact profile,133.1963010597974,,,,hybrid-session-023-turn-4,13.7265625,0.0,13.7265625,0.0,,/DATACENTER3/zhenxiang.wang/work/TailGuardKV/.worktrees/baseline-smoke-final-aggregation/out/full_25session_baseline_9_14/full/policy_attempts/retry2_20260915/seed20260907,,,hybrid-session-023,summary,133.93355999141932,4,risk_evidence_insufficient,20260907
kivi_2bit_residual64,1.0,0.1,False,False,online_qwen,False,,/DATACENTER3/zhenxiang.wang/work/TailGuardKV/.worktrees/baseline-smoke-final-aggregation/out/full_25session_baseline_9_14/full/policy_attempts/retry2_20260915/seed20260907/config.yaml,,,,,0.1,True,,0.1,,0,False,,120.2578125,1.203125,1.203125,1.203125,1.203125,41428.50251412392,unknown,True,,True,,False,,15045.50732421875,True,static_best,False,0.0,0.0,kivi_2bit_residual64,0.0,,risk_evidence_insufficient,0.0,static_best,0.0,,,,hybrid-session-000-turn-0,1.203125,0.0,1.203125,0.0,0.0,/DATACENTER3/zhenxiang.wang/work/TailGuardKV/.worktrees/baseline-smoke-final-aggregation/out/full_25session_baseline_9_14/full/policy_attempts/retry2_20260915/seed20260907,True,calibrated safe,hybrid-session-000,chat,40212.280023241416,0,risk_evidence_insufficient,20260907
kivi_2bit_residual64,2.0,0.1,False,False,online_qwen,False,,/DATACENTER3/zhenxiang.wang/work/TailGuardKV/.worktrees/baseline-smoke-final-aggregation/out/full_25session_baseline_9_14/full/policy_attempts/retry2_20260915/seed20260907/config.yaml,,,,,0.1,True,,0.1,,0,False,,120.2578125,3.28125,2.078125,2.078125,2.078125,1690.1819719932973,unknown,True,,True,,False,,15071.74462890625,True,static_best,False,0.0,0.0,kivi_2bit_residual64,0.0,,risk_evidence_insufficient,0.0,static_best,0.0,,,,hybrid-session-002-turn-0,2.078125,0.0,2.078125,0.0,0.0,/DATACENTER3/zhenxiang.wang/work/TailGuardKV/.worktrees/baseline-smoke-final-aggregation/out/full_25session_baseline_9_14/full/policy_attempts/retry2_20260915/seed20260907,True,calibrated safe,hybrid-session-002,chat,125.84366905502975,0,risk_evidence_insufficient,20260907
kivi_2bit_residual64,3.0,0.1,False,False,online_qwen,False,,/DATACENTER3/zhenxiang.wang/work/TailGuardKV/.worktrees/baseline-smoke-final-aggregation/out/full_25session_baseline_9_14/full/policy_attempts/retry2_20260915/seed20260907/config.yaml,,,,,0.1,True,,0.1,,0,False,,120.2578125,4.7578125,1.4765625,1.4765625,1.4765625,1695.493103004992,unknown,True,,True,,False,,15056.39697265625,True,static_best,False,0.0,0.0,kivi_2bit_residual64,0.0,,risk_evidence_insufficient,0.0,static_best,0.0,,,,hybrid-session-003-turn-0,1.4765625,0.0,1.4765625,0.0,0.0,/DATACENTER3/zhenxiang.wang/work/TailGuardKV/.worktrees/baseline-smoke-final-aggregation/out/full_25session_baseline_9_14/full/policy_attempts/retry2_20260915/seed20260907,True,calibrated safe,hybrid-session-003,chat,110.15062383376062,0,risk_evidence_insufficient,20260907
kivi_2bit_residual64,4.0,0.1,False,False,online_qwen,False,,/DATACENTER3/zhenxiang.wang/work/TailGuardKV/.worktrees/baseline-smoke-final-aggregation/out/full_25session_baseline_9_14/full/policy_attempts/retry2_20260915/seed20260907/config.yaml,,,,,0.1,True,,0.1,,0,False,,120.2578125,6.015625,1.2578125,1.2578125,1.2578125,1650.7938669528812,unknown,True,,True,,False,,15051.48681640625,True,static_best,False,0.0,0.0,kivi_2bit_residual64,0.0,,risk_evidence_insufficient,0.0,static_best,0.0,,,,hybrid-session-007-turn-0,1.2578125,0.0,1.2578125,0.0,0.0,/DATACENTER3/zhenxiang.wang/work/TailGuardKV/.worktrees/baseline-smoke-final-aggregation/out/full_25session_baseline_9_14/full/policy_attempts/retry2_20260915/seed20260907,True,calibrated safe,hybrid-session-007,chat,103.64853497594595,0,risk_evidence_insufficient,20260907
kivi_2bit_residual64,5.0,0.1,False,False,online_qwen,False,,/DATACENTER3/zhenxiang.wang/work/TailGuardKV/.worktrees/baseline-smoke-final-aggregation/out/full_25session_baseline_9_14/full/policy_attempts/retry2_20260915/seed20260907/config.yaml,,,,,0.1,True,,0.1,,0,False,,120.2578125,7.6015625,1.5859375,1.5859375,1.5859375,1362.9791480489075,unknown,True,,True,,False,,15061.63525390625,True,static_best,False,0.0,0.0,kivi_2bit_residual64,0.0,,risk_evidence_insufficient,0.0,static_best,0.0,,,,hybrid-session-008-turn-0,1.5859375,0.0,1.5859375,0.0,0.0,/DATACENTER3/zhenxiang.wang/work/TailGuardKV/.worktrees/baseline-smoke-final-aggregation/out/full_25session_baseline_9_14/full/policy_attempts/retry2_20260915/seed20260907,True,calibrated safe,hybrid-session-008,chat,111.75030004233122,0,risk_evidence_insufficient,20260907
kivi_2bit_residual64,6.0,0.1,False,False,online_qwen,False,,/DATACENTER3/zhenxiang.wang/work/TailGuardKV/.worktrees/baseline-smoke-final-aggregation/out/full_25session_baseline_9_14/full/policy_attempts/retry2_20260915/seed20260907/config.yaml,,,,,0.1,True,,0.1,,0,False,,120.2578125,9.296875,1.6953125,1.6953125,1.6953125,1680.8202399406582,unknown,True,,True,,False,,15066.24462890625,True,static_best,False,0.0,0.0,kivi_2bit_residual64,0.0,,risk_evidence_insufficient,0.0,static_best,0.0,,,,hybrid-session-009-turn-0,1.6953125,0.0,1.6953125,0.0,0.0,/DATACENTER3/zhenxiang.wang/work/TailGuardKV/.worktrees/baseline-smoke-final-aggregation/out/full_25session_baseline_9_14/full/policy_attempts/retry2_20260915/seed20260907,True,calibrated safe,hybrid-session-009,chat,105.80932791344821,0,risk_evidence_insufficient,20260907
kivi_2bit_residual64,7.0,0.1,False,False,online_qwen,False,,/DATACENTER3/zhenxiang.wang/work/TailGuardKV/.worktrees/baseline-smoke-final-aggregation/out/full_25session_baseline_9_14/full/policy_attempts/retry2_20260915/seed20260907/config.yaml,,,,,0.1,True,,0.1,,0,False,,120.2578125,10.828125,1.53125,1.53125,1.53125,1314.6351920440793,unknown,True,,True,,False,,15063.63427734375,True,static_best,False,0.0,0.0,kivi_2bit_residual64,0.0,,risk_evidence_insufficient,0.0,static_best,0.0,,,,hybrid-session-010-turn-0,1.53125,0.0,1.53125,0.0,0.0,/DATACENTER3/zhenxiang.wang/work/TailGuardKV/.worktrees/baseline-smoke-final-aggregation/out/full_25session_baseline_9_14/full/policy_attempts/retry2_20260915/seed20260907,True,calibrated safe,hybrid-session-010,chat,95.57111305184662,0,risk_evidence_insufficient,20260907
kivi_2bit_residual64,8.0,0.1,False,False,online_qwen,False,,/DATACENTER3/zhenxiang.wang/work/TailGuardKV/.worktrees/baseline-smoke-final-aggregation/out/full_25session_baseline_9_14/full/policy_attempts/retry2_20260915/seed20260907/config.yaml,,,,,0.1,True,,0.1,,0,False,,120.2578125,12.8515625,2.0234375,2.0234375,2.0234375,1669.5807320065796,unknown,True,,True,,False,,15078.54150390625,True,static_best,False,0.0,0.0,kivi_2bit_residual64,0.0,,risk_evidence_insufficient,0.0,static_best,0.0,,,,hybrid-session-011-turn-0,2.0234375,0.0,2.0234375,0.0,0.0,/DATACENTER3/zhenxiang.wang/work/TailGuardKV/.worktrees/baseline-smoke-final-aggregation/out/full_25session_baseline_9_14/full/policy_attempts/retry2_20260915/seed20260907,True,calibrated safe,hybrid-session-011,chat,117.60035995393991,0,risk_evidence_insufficient,20260907
kivi_2bit_residual64,9.0,0.1,False,False,online_qwen,False,,/DATACENTER3/zhenxiang.wang/work/TailGuardKV/.worktrees/baseline-smoke-final-aggregation/out/full_25session_baseline_9_14/full/policy_attempts/retry2_20260915/seed20260907/config.yaml,,,,,0.1,True,,0.1,,0,False,,120.2578125,14.65625,1.8046875,1.8046875,1.8046875,1682.4519771616906,unknown,True,,True,,False,,15074.51806640625,True,static_best,False,0.0,0.0,kivi_2bit_residual64,0.0,,risk_evidence_insufficient,0.0,static_best,0.0,,,,hybrid-session-013-turn-0,1.8046875,0.0,1.8046875,0.0,0.0,/DATACENTER3/zhenxiang.wang/work/TailGuardKV/.worktrees/baseline-smoke-final-aggregation/out/full_25session_baseline_9_14/full/policy_attempts/retry2_20260915/seed20260907,True,calibrated safe,hybrid-session-013,chat,113.04431012831628,0,risk_evidence_insufficient,20260907
kivi_2bit_residual64,10.0,0.1,False,False,online_qwen,False,,/DATACENTER3/zhenxiang.wang/work/TailGuardKV/.worktrees/baseline-smoke-final-aggregation/out/full_25session_baseline_9_14/full/policy_attempts/retry2_20260915/seed20260907/config.yaml,,,,,0.1,True,,0.1,,0,False,,120.2578125,17.28125,2.625,2.625,2.625,1714.2315900418907,unknown,True,,True,,False,,15100.71337890625,True,static_best,False,0.0,0.0,kivi_2bit_residual64,0.0,,risk_evidence_insufficient,0.0,static_best,0.0,,,,hybrid-session-016-turn-0,2.625,0.0,2.625,0.0,0.0,/DATACENTER3/zhenxiang.wang/work/TailGuardKV/.worktrees/baseline-smoke-final-aggregation/out/full_25session_baseline_9_14/full/policy_attempts/retry2_20260915/seed20260907,True,calibrated safe,hybrid-session-016,chat,112.39489284344018,0,risk_evidence_insufficient,20260907
kivi_2bit_residual64,11.0,0.1,False,False,online_qwen,False,,/DATACENTER3/zhenxiang.wang/work/TailGuardKV/.worktrees/baseline-smoke-final-aggregation/out/full_25session_baseline_9_14/full/policy_attempts/retry2_20260915/seed20260907/config.yaml,,,,,0.1,True,,0.1,,0,False,,120.2578125,19.6328125,2.3515625,2.3515625,2.3515625,1681.3274519518018,unknown,True,,True,,False,,15094.06494140625,True,static_best,False,0.0,0.0,kivi_2bit_residual64,0.0,,risk_evidence_insufficient,0.0,static_best,0.0,,,,hybrid-session-017-turn-0,2.3515625,0.0,2.3515625,0.0,0.0,/DATACENTER3/zhenxiang.wang/work/TailGuardKV/.worktrees/baseline-smoke-final-aggregation/out/full_25session_baseline_9_14/full/policy_attempts/retry2_20260915/seed20260907,True,calibrated safe,hybrid-session-017,chat,112.54453985020518,0,risk_evidence_insufficient,20260907
kivi_2bit_residual64,12.0,0.1,False,False,online_qwen,False,,/DATACENTER3/zhenxiang.wang/work/TailGuardKV/.worktrees/baseline-smoke-final-aggregation/out/full_25session_baseline_9_14/full/policy_attempts/retry2_20260915/seed20260907/config.yaml,,,,,0.1,True,,0.1,,0,False,,120.2578125,22.0390625,2.40625,2.40625,2.40625,1701.8370400182903,unknown,True,,True,,False,,15097.92822265625,True,static_best,False,0.0,0.0,kivi_2bit_residual64,0.0,,risk_evidence_insufficient,0.0,static_best,0.0,,,,hybrid-session-020-turn-0,2.40625,0.0,2.40625,0.0,0.0,/DATACENTER3/zhenxiang.wang/work/TailGuardKV/.worktrees/baseline-smoke-final-aggregation/out/full_25session_baseline_9_14/full/policy_attempts/retry2_20260915/seed20260907,True,calibrated safe,hybrid-session-020,chat,116.73296894878149,0,risk_evidence_insufficient,20260907
kivi_2bit_residual64,13.0,0.1,False,False,online_qwen,False,,/DATACENTER3/zhenxiang.wang/work/TailGuardKV/.worktrees/baseline-smoke-final-aggregation/out/full_25session_baseline_9_14/full/policy_attempts/retry2_20260915/seed20260907/config.yaml,,,,,0.1,True,,0.1,,0,False,,120.2578125,24.1171875,2.078125,2.078125,2.078125,1688.2478089537472,unknown,True,,True,,False,,15092.58056640625,True,static_best,False,0.0,0.0,kivi_2bit_residual64,0.0,,risk_evidence_insufficient,0.0,static_best,0.0,,,,hybrid-session-023-turn-0,2.078125,0.0,2.078125,0.0,0.0,/DATACENTER3/zhenxiang.wang/work/TailGuardKV/.worktrees/baseline-smoke-final-aggregation/out/full_25session_baseline_9_14/full/policy_attempts/retry2_20260915/seed20260907,True,calibrated safe,hybrid-session-023,chat,115.89926993474364,0,risk_evidence_insufficient,20260907
kivi_2bit_residual64,13.0,0.1,False,False,online_qwen,False,,/DATACENTER3/zhenxiang.wang/work/TailGuardKV/.worktrees/baseline-smoke-final-aggregation/out/full_25session_baseline_9_14/full/policy_attempts/retry2_20260915/seed20260907/config.yaml,,,,,0.1,True,,0.1,,0,False,,120.2578125,25.6484375,2.734375,2.734375,1.53125,1467.6068408880383,unknown,True,,True,,False,,15078.45556640625,True,static_best,False,0.0,0.0,kivi_2bit_residual64,0.0,,risk_evidence_insufficient,0.0,static_best,0.0,,,,hybrid-session-000-turn-1,2.734375,1.203125,2.734375,0.0,0.0,/DATACENTER3/zhenxiang.wang/work/TailGuardKV/.worktrees/baseline-smoke-final-aggregation/out/full_25session_baseline_9_14/full/policy_attempts/retry2_20260915/seed20260907,True,calibrated safe,hybrid-session-000,chat,107.52142383717,1,risk_evidence_insufficient,20260907
kivi_2bit_residual64,13.0,0.1,True,False,online_qwen,False,,/DATACENTER3/zhenxiang.wang/work/TailGuardKV/.worktrees/baseline-smoke-final-aggregation/out/full_25session_baseline_9_14/full/policy_attempts/retry2_20260915/seed20260907/config.yaml,,,,,0.1,True,,0.1,,0,False,,120.2578125,25.875732421875,2.305419921875,2.305419921875,0.227294921875,5182.903117965907,unknown,True,,True,,False,,15087.31591796875,True,static_best,False,0.0,0.0,kivi_2bit_residual64,0.0,,risk_evidence_insufficient,0.0,static_best,0.0,,,,hybrid-session-002-turn-1,2.305419921875,2.078125,2.305419921875,0.0,0.0,/DATACENTER3/zhenxiang.wang/work/TailGuardKV/.worktrees/baseline-smoke-final-aggregation/out/full_25session_baseline_9_14/full/policy_attempts/retry2_20260915/seed20260907,True,calibrated safe,hybrid-session-002,chat,129.57167206332088,1,risk_evidence_insufficient,20260907
kivi_2bit_residual64,13.0,0.1,False,False,online_qwen,False,,/DATACENTER3/zhenxiang.wang/work/TailGuardKV/.worktrees/baseline-smoke-final-aggregation/out/full_25session_baseline_9_14/full/policy_attempts/retry2_20260915/seed20260907/config.yaml,,,,,0.1,True,,0.1,,0,False,,120.2578125,27.297607421875,2.8984375,2.8984375,1.421875,1650.0174619723111,unknown,True,,True,,False,,15077.78955078125,True,static_best,False,0.0,0.0,kivi_2bit_residual64,0.0,,risk_evidence_insufficient,0.0,static_best,0.0,,,,hybrid-session-003-turn-1,2.8984375,1.4765625,2.8984375,0.0,0.0,/DATACENTER3/zhenxiang.wang/work/TailGuardKV/.worktrees/baseline-smoke-final-aggregation/out/full_25session_baseline_9_14/full/policy_attempts/retry2_20260915/seed20260907,True,calibrated safe,hybrid-session-003,chat,97.20592992380261,1,risk_evidence_insufficient,20260907
kivi_2bit_residual64,13.0,0.1,False,False,online_qwen,False,,/DATACENTER3/zhenxiang.wang/work/TailGuardKV/.worktrees/baseline-smoke-final-aggregation/out/full_25session_baseline_9_14/full/policy_attempts/retry2_20260915/seed20260907/config.yaml,,,,,0.1,True,,0.1,,0,False,,120.2578125,29.156982421875,3.1171875,3.1171875,1.859375,1672.312742099166,unknown,True,,True,,False,,15091.34912109375,True,static_best,False,0.0,0.0,kivi_2bit_residual64,0.0,,risk_evidence_insufficient,0.0,static_best,0.0,,,,hybrid-session-007-turn-1,3.1171875,1.2578125,3.1171875,0.0,0.0,/DATACENTER3/zhenxiang.wang/work/TailGuardKV/.worktrees/baseline-smoke-final-aggregation/out/full_25session_baseline_9_14/full/policy_attempts/retry2_20260915/seed20260907,True,calibrated safe,hybrid-session-007,chat,114.29605702869594,1,risk_evidence_insufficient,20260907
kivi_2bit_residual64,13.0,0.1,False,False,online_qwen,False,,/DATACENTER3/zhenxiang.wang/work/TailGuardKV/.worktrees/baseline-smoke-final-aggregation/out/full_25session_baseline_9_14/full/policy_attempts/retry2_20260915/seed20260907/config.yaml,,,,,0.1,True,,0.1,,0,False,,120.2578125,30.797607421875,3.2265625,3.2265625,1.640625,1657.5105139054358,unknown,True,,True,,False,,15086.30810546875,True,static_best,False,0.0,0.0,kivi_2bit_residual64,0.0,,risk_evidence_insufficient,0.0,static_best,0.0,,,,hybrid-session-008-turn-1,3.2265625,1.5859375,3.2265625,0.0,0.0,/DATACENTER3/zhenxiang.wang/work/TailGuardKV/.worktrees/baseline-smoke-final-aggregation/out/full_25session_baseline_9_14/full/policy_attempts/retry2_20260915/seed20260907,True,calibrated safe,hybrid-session-008,chat,113.20459097623825,1,risk_evidence_insufficient,20260907
kivi_2bit_residual64,13.0,0.1,False,False,online_qwen,False,,/DATACENTER3/zhenxiang.wang/work/TailGuardKV/.worktrees/baseline-smoke-final-aggregation/out/full_25session_baseline_9_14/full/policy_attempts/retry2_20260915/seed20260907/config.yaml,,,,,0.1,True,,0.1,,0,False,,120.2578125,32.492919921875,3.390625,3.390625,1.6953125,1686.918122926727,unknown,True,,True,,False,,15089.46044921875,True,static_best,False,0.0,0.0,kivi_2bit_residual64,0.0,,risk_evidence_insufficient,0.0,static_best,0.0,,,,hybrid-session-009-turn-1,3.390625,1.6953125,3.390625,0.0,0.0,/DATACENTER3/zhenxiang.wang/work/TailGuardKV/.worktrees/baseline-smoke-final-aggregation/out/full_25session_baseline_9_14/full/policy_attempts/retry2_20260915/seed20260907,True,calibrated safe,hybrid-session-009,chat,119.44399308413267,1,risk_evidence_insufficient,20260907
kivi_2bit_residual64,13.0,0.1,False,False,online_qwen,False,,/DATACENTER3/zhenxiang.wang/work/TailGuardKV/.worktrees/baseline-smoke-final-aggregation/out/full_25session_baseline_9_14/full/policy_attempts/retry2_20260915/seed20260907/config.yaml,,,,,0.1,True,,0.1,,0,False,,120.2578125,34.133544921875,3.171875,3.171875,1.640625,1699.315785896033,unknown,True,,True,,False,,15089.64404296875,True,static_best,False,0.0,0.0,kivi_2bit_residual64,0.0,,risk_evidence_insufficient,0.0,static_best,0.0,,,,hybrid-session-010-turn-1,3.171875,1.53125,3.171875,0.0,0.0,/DATACENTER3/zhenxiang.wang/work/TailGuardKV/.worktrees/baseline-smoke-final-aggregation/out/full_25session_baseline_9_14/full/policy_attempts/retry2_20260915/seed20260907,True,calibrated safe,hybrid-session-010,chat,116.72566295601428,1,risk_evidence_insufficient,20260907
kivi_2bit_residual64,13.0,0.1,False,False,online_qwen,False,,/DATACENTER3/zhenxiang.wang/work/TailGuardKV/.worktrees/baseline-smoke-final-aggregation/out/full_25session_baseline_9_14/full/policy_attempts/retry2_20260915/seed20260907/config.yaml,,,,,0.1,True,,0.1,,0,False,,120.2578125,35.500732421875,3.390625,3.390625,1.3671875,1686.7253710515797,unknown,True,,True,,False,,15083.72607421875,True,static_best,False,0.0,0.0,kivi_2bit_residual64,0.0,,risk_evidence_insufficient,0.0,static_best,0.0,,,,hybrid-session-011-turn-1,3.390625,2.0234375,3.390625,0.0,0.0,/DATACENTER3/zhenxiang.wang/work/TailGuardKV/.worktrees/baseline-smoke-final-aggregation/out/full_25session_baseline_9_14/full/policy_attempts/retry2_20260915/seed20260907,True,calibrated safe,hybrid-session-011,chat,121.82277720421553,1,risk_evidence_insufficient,20260907
kivi_2bit_residual64,13.0,0.1,False,False,online_qwen,False,,/DATACENTER3/zhenxiang.wang/work/TailGuardKV/.worktrees/baseline-smoke-final-aggregation/out/full_25session_baseline_9_14/full/policy_attempts/retry2_20260915/seed20260907/config.yaml,,,,,0.1,True,,0.1,,0,False,,120.2578125,36.922607421875,3.2265625,3.2265625,1.421875,1323.3555401675403,unknown,True,,True,,False,,15087.41455078125,True,static_best,False,0.0,0.0,kivi_2bit_residual64,0.0,,risk_evidence_insufficient,0.0,static_best,0.0,,,,hybrid-session-013-turn-1,3.2265625,1.8046875,3.2265625,0.0,0.0,/DATACENTER3/zhenxiang.wang/work/TailGuardKV/.worktrees/baseline-smoke-final-aggregation/out/full_25session_baseline_9_14/full/policy_attempts/retry2_20260915/seed20260907,True,calibrated safe,hybrid-session-013,chat,98.52806106209755,1,risk_evidence_insufficient,20260907
kivi_2bit_residual64,13.0,0.1,False,False,online_qwen,False,,/DATACENTER3/zhenxiang.wang/work/TailGuardKV/.worktrees/baseline-smoke-final-aggregation/out/full_25session_baseline_9_14/full/policy_attempts/retry2_20260915/seed20260907/config.yaml,,,,,0.1,True,,0.1,,0,False,,120.2578125,36.922607421875,2.625,2.625,0.0,1975.000707199797,unknown,True,,True,,False,,15090.05810546875,True,static_best,False,0.0,0.0,kivi_2bit_residual64,0.0,,risk_evidence_insufficient,0.0,static_best,0.0,,,,hybrid-session-016-turn-1,2.625,2.625,2.625,0.0,0.0,/DATACENTER3/zhenxiang.wang/work/TailGuardKV/.worktrees/baseline-smoke-final-aggregation/out/full_25session_baseline_9_14/full/policy_attempts/retry2_20260915/seed20260907,True,calibrated safe,hybrid-session-016,chat,111.3642891868949,1,risk_evidence_insufficient,20260907
kivi_2bit_residual64,13.0,0.1,False,False,online_qwen,False,,/DATACENTER3/zhenxiang.wang/work/TailGuardKV/.worktrees/baseline-smoke-final-aggregation/out/full_25session_baseline_9_14/full/policy_attempts/retry2_20260915/seed20260907/config.yaml,,,,,0.1,True,,0.1,,0,False,,120.2578125,37.52587890625,2.954833984375,2.954833984375,0.603271484375,2603.093347977847,unknown,True,,True,,False,,15121.1357421875,True,static_best,False,0.0,0.0,kivi_2bit_residual64,0.0,,risk_evidence_insufficient,0.0,static_best,0.0,,,,hybrid-session-017-turn-1,2.954833984375,2.3515625,2.954833984375,0.0,0.0,/DATACENTER3/zhenxiang.wang/work/TailGuardKV/.worktrees/baseline-smoke-final-aggregation/out/full_25session_baseline_9_14/full/policy_attempts/retry2_20260915/seed20260907,True,calibrated safe,hybrid-session-017,chat,204.30597593076527,1,risk_evidence_insufficient,20260907
kivi_2bit_residual64,13.0,0.1,False,False,online_qwen,False,,/DATACENTER3/zhenxiang.wang/work/TailGuardKV/.worktrees/baseline-smoke-final-aggregation/out/full_25session_baseline_9_14/full/policy_attempts/retry2_20260915/seed20260907/config.yaml,,,,,0.1,True,,0.1,,0,False,,120.2578125,37.65234375,2.53271484375,2.53271484375,0.12646484375,2025.566172087565,unknown,True,,True,,False,,15101.38134765625,True,static_best,False,0.0,0.0,kivi_2bit_residual64,0.0,,risk_evidence_insufficient,0.0,static_best,0.0,,,,hybrid-session-020-turn-1,2.53271484375,2.40625,2.53271484375,0.0,0.0,/DATACENTER3/zhenxiang.wang/work/TailGuardKV/.worktrees/baseline-smoke-final-aggregation/out/full_25session_baseline_9_14/full/policy_attempts/retry2_20260915/seed20260907,True,calibrated safe,hybrid-session-020,chat,125.02136803232133,1,risk_evidence_insufficient,20260907
kivi_2bit_residual64,13.0,0.1,False,False,online_qwen,False,,/DATACENTER3/zhenxiang.wang/work/TailGuardKV/.worktrees/baseline-smoke-final-aggregation/out/full_25session_baseline_9_14/full/policy_attempts/retry2_20260915/seed20260907/config.yaml,,,,,0.1,True,,0.1,,0,False,,120.2578125,38.009521484375,2.435302734375,2.435302734375,0.357177734375,2329.38760984689,unknown,True,,True,,False,,15105.22998046875,True,static_best,False,0.0,0.0,kivi_2bit_residual64,0.0,,risk_evidence_insufficient,0.0,static_best,0.0,,,,hybrid-session-023-turn-1,2.435302734375,2.078125,2.435302734375,0.0,0.0,/DATACENTER3/zhenxiang.wang/work/TailGuardKV/.worktrees/baseline-smoke-final-aggregation/out/full_25session_baseline_9_14/full/policy_attempts/retry2_20260915/seed20260907,True,calibrated safe,hybrid-session-023,chat,124.45105984807014,1,risk_evidence_insufficient,20260907
kivi_2bit_residual64,13.0,0.1,True,False,online_qwen,False,,/DATACENTER3/zhenxiang.wang/work/TailGuardKV/.worktrees/baseline-smoke-final-aggregation/out/full_25session_baseline_9_14/full/policy_attempts/retry2_20260915/seed20260907/config.yaml,,,,,0.1,True,,0.1,,0,False,,120.2578125,38.9580078125,3.682861328125,3.682861328125,0.948486328125,2672.9434968438,unknown,True,,True,,False,,15272.94677734375,True,static_best,False,0.0007168458781361964,0.0007168458781361964,kivi_2bit_residual64,0.0007168458781361964,,risk_evidence_insufficient,0.0,static_best,0.0,,,,hybrid-session-000-turn-2,3.682861328125,2.734375,3.682861328125,0.0,0.009318996415770553,/DATACENTER3/zhenxiang.wang/work/TailGuardKV/.worktrees/baseline-smoke-final-aggregation/out/full_25session_baseline_9_14/full/policy_attempts/retry2_20260915/seed20260907,True,calibrated safe,hybrid-session-000,qa,250.4943839740008,2,risk_evidence_insufficient,20260907
kivi_2bit_residual64,13.0,0.1,False,False,online_qwen,False,,/DATACENTER3/zhenxiang.wang/work/TailGuardKV/.worktrees/baseline-smoke-final-aggregation/out/full_25session_baseline_9_14/full/policy_attempts/retry2_20260915/seed20260907/config.yaml,,,,,0.1,True,,0.1,,0,False,,120.2578125,40.140625,3.488037109375,3.488037109375,1.1826171875,2662.3195288702846,unknown,True,,True,,False,,15234.24609375,True,static_best,False,0.019063180827886703,0.019063180827886703,kivi_2bit_residual64,0.019063180827886703,,risk_evidence_insufficient,0.0,static_best,0.0,,,,hybrid-session-002-turn-2,3.488037109375,2.305419921875,3.488037109375,0.0,0.19063180827886705,/DATACENTER3/zhenxiang.wang/work/TailGuardKV/.worktrees/baseline-smoke-final-aggregation/out/full_25session_baseline_9_14/full/policy_attempts/retry2_20260915/seed20260907,False,calibrated unsafe,hybrid-session-002,qa,241.80808383971453,2,risk_evidence_insufficient,20260907
kivi_2bit_residual64,13.0,0.1,False,False,online_qwen,False,,/DATACENTER3/zhenxiang.wang/work/TailGuardKV/.worktrees/baseline-smoke-final-aggregation/out/full_25session_baseline_9_14/full/policy_attempts/retry2_20260915/seed20260907/config.yaml,,,,,0.1,True,,0.1,,0,False,,120.2578125,41.567626953125,4.325439453125,4.325439453125,1.427001953125,2639.9678790476173,unknown,True,,True,,False,,15234.28125,True,static_best,False,5.5796158035970045e-05,5.5796158035970045e-05,kivi_2bit_residual64,5.5796158035970045e-05,,risk_evidence_insufficient,0.0,static_best,0.0,,,,hybrid-session-003-turn-2,4.325439453125,2.8984375,4.325439453125,0.0,0.00016738847410791013,/DATACENTER3/zhenxiang.wang/work/TailGuardKV/.worktrees/baseline-smoke-final-aggregation/out/full_25session_baseline_9_14/full/policy_attempts/retry2_20260915/seed20260907,True,calibrated safe,hybrid-session-003,summary,211.56641095876694,2,risk_evidence_insufficient,20260907
kivi_2bit_residual64,13.0,0.1,False,False,online_qwen,False,,/DATACENTER3/zhenxiang.wang/work/TailGuardKV/.worktrees/baseline-smoke-final-aggregation/out/full_25session_baseline_9_14/full/policy_attempts/retry2_20260915/seed20260907/config.yaml,,,,,0.1,True,,0.1,,0,False,,120.2578125,42.5810546875,4.130615234375,4.130615234375,1.013427734375,2609.4747551251203,unknown,True,,True,,False,,15220.7421875,True,static_best,False,0.0,0.0,kivi_2bit_residual64,0.0,,risk_evidence_insufficient,0.0,static_best,0.0,,,,hybrid-session-007-turn-2,4.130615234375,3.1171875,4.130615234375,0.0,0.0,/DATACENTER3/zhenxiang.wang/work/TailGuardKV/.worktrees/baseline-smoke-final-aggregation/out/full_25session_baseline_9_14/full/policy_attempts/retry2_20260915/seed20260907,True,calibrated safe,hybrid-session-007,summary,208.0314930062741,2,risk_evidence_insufficient,20260907
kivi_2bit_residual64,13.0,0.1,False,False,online_qwen,False,,/DATACENTER3/zhenxiang.wang/work/TailGuardKV/.worktrees/baseline-smoke-final-aggregation/out/full_25session_baseline_9_14/full/policy_attempts/retry2_20260915/seed20260907/config.yaml,,,,,0.1,True,,0.1,,0,False,,120.2578125,44.037109375,4.6826171875,4.6826171875,1.4560546875,2619.8809591587633,unknown,True,,True,,False,,15244.068359375,True,static_best,False,0.019063180827886703,0.019063180827886703,kivi_2bit_residual64,0.019063180827886703,,risk_evidence_insufficient,0.0,static_best,0.0,,,,hybrid-session-008-turn-2,4.6826171875,3.2265625,4.6826171875,0.0,0.19063180827886705,/DATACENTER3/zhenxiang.wang/work/TailGuardKV/.worktrees/baseline-smoke-final-aggregation/out/full_25session_baseline_9_14/full/policy_attempts/retry2_20260915/seed20260907,False,calibrated unsafe,hybrid-session-008,qa,200.94667398370802,2,risk_evidence_insufficient,20260907
kivi_2bit_residual64,13.0,0.1,False,False,online_qwen,False,,/DATACENTER3/zhenxiang.wang/work/TailGuardKV/.worktrees/baseline-smoke-final-aggregation/out/full_25session_baseline_9_14/full/policy_attempts/retry2_20260915/seed20260907/config.yaml,,,,,0.1,True,,0.1,,0,False,,120.2578125,44.842041015625,4.195556640625,4.195556640625,0.804931640625,2604.941582074389,unknown,True,,True,,False,,15218.6484375,True,static_best,False,5.5796158035970045e-05,5.5796158035970045e-05,kivi_2bit_residual64,5.5796158035970045e-05,,risk_evidence_insufficient,0.0,static_best,0.0,,,,hybrid-session-009-turn-2,4.195556640625,3.390625,4.195556640625,0.0,0.00016738847410791013,/DATACENTER3/zhenxiang.wang/work/TailGuardKV/.worktrees/baseline-smoke-final-aggregation/out/full_25session_baseline_9_14/full/policy_attempts/retry2_20260915/seed20260907,True,calibrated safe,hybrid-session-009,summary,209.70100001432002,2,risk_evidence_insufficient,20260907
kivi_2bit_residual64,13.0,0.1,False,False,online_qwen,False,,/DATACENTER3/zhenxiang.wang/work/TailGuardKV/.worktrees/baseline-smoke-final-aggregation/out/full_25session_baseline_9_14/full/policy_attempts/retry2_20260915/seed20260907/config.yaml,,,,,0.1,True,,0.1,,0,False,,120.2578125,46.25537109375,4.585205078125,4.585205078125,1.413330078125,2632.7828080393374,unknown,True,,True,,False,,15243.396484375,True,static_best,False,0.019063180827886703,0.019063180827886703,kivi_2bit_residual64,0.019063180827886703,,risk_evidence_insufficient,0.0,static_best,0.0,,,,hybrid-session-010-turn-2,4.585205078125,3.171875,4.585205078125,0.0,0.19063180827886705,/DATACENTER3/zhenxiang.wang/work/TailGuardKV/.worktrees/baseline-smoke-final-aggregation/out/full_25session_baseline_9_14/full/policy_attempts/retry2_20260915/seed20260907,False,calibrated unsafe,hybrid-session-010,qa,208.31635291688144,2,risk_evidence_insufficient,20260907
kivi_2bit_residual64,13.0,0.1,True,False,online_qwen,False,,/DATACENTER3/zhenxiang.wang/work/TailGuardKV/.worktrees/baseline-smoke-final-aggregation/out/full_25session_baseline_9_14/full/policy_attempts/retry2_20260915/seed20260907/config.yaml,,,,,0.1,True,,0.1,,0,False,,120.2578125,47.190185546875,4.325439453125,4.325439453125,0.934814453125,2238.854299997911,unknown,True,,True,,False,,15226.8828125,True,static_best,False,0.0,0.0,kivi_2bit_residual64,0.0,,risk_evidence_insufficient,0.0,static_best,0.0,,,,hybrid-session-011-turn-2,4.325439453125,3.390625,4.325439453125,0.0,0.0,/DATACENTER3/zhenxiang.wang/work/TailGuardKV/.worktrees/baseline-smoke-final-aggregation/out/full_25session_baseline_9_14/full/policy_attempts/retry2_20260915/seed20260907,True,calibrated safe,hybrid-session-011,summary,210.47393116168678,2,risk_evidence_insufficient,20260907
kivi_2bit_residual64,13.0,0.1,False,False,online_qwen,False,,/DATACENTER3/zhenxiang.wang/work/TailGuardKV/.worktrees/baseline-smoke-final-aggregation/out/full_25session_baseline_9_14/full/policy_attempts/retry2_20260915/seed20260907/config.yaml,,,,,0.1,True,,0.1,,0,False,,120.2578125,48.321533203125,4.35791015625,4.35791015625,1.13134765625,2054.2312569450587,unknown,True,,True,,False,,15233.873046875,True,static_best,False,0.0,0.0,kivi_2bit_residual64,0.0,,risk_evidence_insufficient,0.0,static_best,0.0,,,,hybrid-session-013-turn-2,4.35791015625,3.2265625,4.35791015625,0.0,0.0,/DATACENTER3/zhenxiang.wang/work/TailGuardKV/.worktrees/baseline-smoke-final-aggregation/out/full_25session_baseline_9_14/full/policy_attempts/retry2_20260915/seed20260907,True,calibrated safe,hybrid-session-013,summary,177.50997398979962,2,risk_evidence_insufficient,20260907
kivi_2bit_residual64,13.0,0.1,True,False,online_qwen,False,,/DATACENTER3/zhenxiang.wang/work/TailGuardKV/.worktrees/baseline-smoke-final-aggregation/out/full_25session_baseline_9_14/full/policy_attempts/retry2_20260915/seed20260907/config.yaml,,,,,0.1,True,,0.1,,0,False,,120.2578125,49.152099609375,3.45556640625,3.45556640625,0.83056640625,2075.5991279147565,unknown,True,,True,,False,,15236.333984375,True,static_best,False,0.019063180827886703,0.019063180827886703,kivi_2bit_residual64,0.019063180827886703,,risk_evidence_insufficient,0.0,static_best,0.0,,,,hybrid-session-016-turn-2,3.45556640625,2.625,3.45556640625,0.0,0.19063180827886705,/DATACENTER3/zhenxiang.wang/work/TailGuardKV/.worktrees/baseline-smoke-final-aggregation/out/full_25session_baseline_9_14/full/policy_attempts/retry2_20260915/seed20260907,False,calibrated unsafe,hybrid-session-016,qa,197.1798869781196,2,risk_evidence_insufficient,20260907
kivi_2bit_residual64,13.0,0.1,False,False,online_qwen,False,,/DATACENTER3/zhenxiang.wang/work/TailGuardKV/.worktrees/baseline-smoke-final-aggregation/out/full_25session_baseline_9_14/full/policy_attempts/retry2_20260915/seed20260907/config.yaml,,,,,0.1,True,,0.1,,0,False,,120.2578125,50.204833984375,4.007568359375,4.007568359375,1.052734375,2051.580644212663,unknown,True,,True,,False,,15237.44287109375,True,static_best,False,5.5796158035970045e-05,5.5796158035970045e-05,kivi_2bit_residual64,5.5796158035970045e-05,,risk_evidence_insufficient,0.0,static_best,0.0,,,,hybrid-session-017-turn-2,4.007568359375,2.954833984375,4.007568359375,0.0,0.00016738847410791013,/DATACENTER3/zhenxiang.wang/work/TailGuardKV/.worktrees/baseline-smoke-final-aggregation/out/full_25session_baseline_9_14/full/policy_attempts/retry2_20260915/seed20260907,True,calibrated safe,hybrid-session-017,summary,207.88355614058673,2,risk_evidence_insufficient,20260907
kivi_2bit_residual64,13.0,0.1,False,False,online_qwen,False,,/DATACENTER3/zhenxiang.wang/work/TailGuardKV/.worktrees/baseline-smoke-final-aggregation/out/full_25session_baseline_9_14/full/policy_attempts/retry2_20260915/seed20260907/config.yaml,,,,,0.1,True,,0.1,,0,False,,120.2578125,51.16015625,3.488037109375,3.488037109375,0.955322265625,2097.924802917987,unknown,True,,True,,False,,15235.462890625,True,static_best,False,0.0007168458781361964,0.0007168458781361964,kivi_2bit_residual64,0.0007168458781361964,,risk_evidence_insufficient,0.0,static_best,0.0,,,,hybrid-session-020-turn-2,3.488037109375,2.53271484375,3.488037109375,0.0,0.009318996415770553,/DATACENTER3/zhenxiang.wang/work/TailGuardKV/.worktrees/baseline-smoke-final-aggregation/out/full_25session_baseline_9_14/full/policy_attempts/retry2_20260915/seed20260907,True,calibrated safe,hybrid-session-020,qa,199.20558691956103,2,risk_evidence_insufficient,20260907
kivi_2bit_residual64,13.0,0.1,False,False,online_qwen,False,,/DATACENTER3/zhenxiang.wang/work/TailGuardKV/.worktrees/baseline-smoke-final-aggregation/out/full_25session_baseline_9_14/full/policy_attempts/retry2_20260915/seed20260907/config.yaml,,,,,0.1,True,,0.1,,0,False,,120.2578125,52.115478515625,3.390625,3.390625,0.955322265625,2074.020031839609,unknown,True,,True,,False,,15236.44140625,True,static_best,False,0.0,0.0,kivi_2bit_residual64,0.0,,risk_evidence_insufficient,0.0,static_best,0.0,,,,hybrid-session-023-turn-2,3.390625,2.435302734375,3.390625,0.0,0.0,/DATACENTER3/zhenxiang.wang/work/TailGuardKV/.worktrees/baseline-smoke-final-aggregation/out/full_25session_baseline_9_14/full/policy_attempts/retry2_20260915/seed20260907,True,calibrated safe,hybrid-session-023,summary,186.8575089611113,2,risk_evidence_insufficient,20260907
kivi_2bit_residual64,13.0,0.1,False,False,online_qwen,False,,/DATACENTER3/zhenxiang.wang/work/TailGuardKV/.worktrees/baseline-smoke-final-aggregation/out/full_25session_baseline_9_14/full/policy_attempts/retry2_20260915/seed20260907/config.yaml,,,,,0.1,True,,0.1,,0,False,,120.2578125,53.57666015625,5.14404296875,5.14404296875,1.461181640625,2016.1730889230967,unknown,True,,True,,False,,15131.53515625,True,static_best,False,0.0007168458781361964,0.0007168458781361964,kivi_2bit_residual64,0.0007168458781361964,,risk_evidence_insufficient,0.0,static_best,0.0,,,,hybrid-session-000-turn-3,5.14404296875,3.682861328125,5.14404296875,0.0,0.009318996415770553,/DATACENTER3/zhenxiang.wang/work/TailGuardKV/.worktrees/baseline-smoke-final-aggregation/out/full_25session_baseline_9_14/full/policy_attempts/retry2_20260915/seed20260907,True,calibrated safe,hybrid-session-000,qa,151.09651489183307,3,risk_evidence_insufficient,20260907
kivi_2bit_residual64,13.0,0.1,False,False,online_qwen,False,,/DATACENTER3/zhenxiang.wang/work/TailGuardKV/.worktrees/baseline-smoke-final-aggregation/out/full_25session_baseline_9_14/full/policy_attempts/retry2_20260915/seed20260907/config.yaml,,,,,0.1,True,,0.1,,0,False,,120.2578125,55.037841796875,4.94921875,4.94921875,1.461181640625,2077.2091350518167,unknown,True,,True,,False,,15133.01171875,True,static_best,False,0.019063180827886703,0.019063180827886703,kivi_2bit_residual64,0.019063180827886703,,risk_evidence_insufficient,0.0,static_best,0.0,,,,hybrid-session-002-turn-3,4.94921875,3.488037109375,4.94921875,0.0,0.19063180827886705,/DATACENTER3/zhenxiang.wang/work/TailGuardKV/.worktrees/baseline-smoke-final-aggregation/out/full_25session_baseline_9_14/full/policy_attempts/retry2_20260915/seed20260907,False,calibrated unsafe,hybrid-session-002,qa,142.53872609697282,3,risk_evidence_insufficient,20260907
kivi_2bit_residual64,13.0,0.1,False,False,online_qwen,False,,/DATACENTER3/zhenxiang.wang/work/TailGuardKV/.worktrees/baseline-smoke-final-aggregation/out/full_25session_baseline_9_14/full/policy_attempts/retry2_20260915/seed20260907/config.yaml,,,,,0.1,True,,0.1,,0,False,,120.2578125,55.044677734375,4.332275390625,4.332275390625,0.0068359375,2609.2553208582103,unknown,True,,True,,False,,15131.5,True,static_best,False,0.0,0.0,kivi_2bit_residual64,0.0,,risk_evidence_insufficient,0.0,static_best,0.0,,,,hybrid-session-003-turn-3,4.332275390625,4.325439453125,4.332275390625,0.0,0.0,/DATACENTER3/zhenxiang.wang/work/TailGuardKV/.worktrees/baseline-smoke-final-aggregation/out/full_25session_baseline_9_14/full/policy_attempts/retry2_20260915/seed20260907,True,calibrated safe,hybrid-session-003,summary,211.70445787720382,3,risk_evidence_insufficient,20260907
kivi_2bit_residual64,13.0,0.1,False,False,online_qwen,False,,/DATACENTER3/zhenxiang.wang/work/TailGuardKV/.worktrees/baseline-smoke-final-aggregation/out/full_25session_baseline_9_14/full/policy_attempts/retry2_20260915/seed20260907/config.yaml,,,,,0.1,True,,0.1,,0,False,,120.2578125,55.051513671875,4.137451171875,4.137451171875,0.0068359375,2599.3887120857835,unknown,True,,True,,False,,15131.51953125,True,static_best,False,0.0,0.0,kivi_2bit_residual64,0.0,,risk_evidence_insufficient,0.0,static_best,0.0,,,,hybrid-session-007-turn-3,4.137451171875,4.130615234375,4.137451171875,0.0,0.0,/DATACENTER3/zhenxiang.wang/work/TailGuardKV/.worktrees/baseline-smoke-final-aggregation/out/full_25session_baseline_9_14/full/policy_attempts/retry2_20260915/seed20260907,True,calibrated safe,hybrid-session-007,summary,207.38506317138672,3,risk_evidence_insufficient,20260907
kivi_2bit_residual64,13.0,0.1,False,False,online_qwen,False,,/DATACENTER3/zhenxiang.wang/work/TailGuardKV/.worktrees/baseline-smoke-final-aggregation/out/full_25session_baseline_9_14/full/policy_attempts/retry2_20260915/seed20260907/config.yaml,,,,,0.1,True,,0.1,,0,False,,120.2578125,55.0908203125,4.721923828125,4.721923828125,0.039306640625,2593.7774109188467,unknown,True,,True,,False,,15133.025390625,True,static_best,False,0.019063180827886703,0.019063180827886703,kivi_2bit_residual64,0.019063180827886703,,risk_evidence_insufficient,0.0,static_best,0.0,,,,hybrid-session-008-turn-3,4.721923828125,4.6826171875,4.721923828125,0.0,0.19063180827886705,/DATACENTER3/zhenxiang.wang/work/TailGuardKV/.worktrees/baseline-smoke-final-aggregation/out/full_25session_baseline_9_14/full/policy_attempts/retry2_20260915/seed20260907,False,calibrated unsafe,hybrid-session-008,qa,211.10645588487387,3,risk_evidence_insufficient,20260907
kivi_2bit_residual64,13.0,0.1,False,False,online_qwen,False,,/DATACENTER3/zhenxiang.wang/work/TailGuardKV/.worktrees/baseline-smoke-final-aggregation/out/full_25session_baseline_9_14/full/policy_attempts/retry2_20260915/seed20260907/config.yaml,,,,,0.1,True,,0.1,,0,False,,120.2578125,55.09765625,4.202392578125,4.202392578125,0.0068359375,2568.5230118688196,unknown,True,,True,,False,,15131.58203125,True,static_best,False,0.0,0.0,kivi_2bit_residual64,0.0,,risk_evidence_insufficient,0.0,static_best,0.0,,,,hybrid-session-009-turn-3,4.202392578125,4.195556640625,4.202392578125,0.0,0.0,/DATACENTER3/zhenxiang.wang/work/TailGuardKV/.worktrees/baseline-smoke-final-aggregation/out/full_25session_baseline_9_14/full/policy_attempts/retry2_20260915/seed20260907,True,calibrated safe,hybrid-session-009,summary,202.4147359188646,3,risk_evidence_insufficient,20260907
kivi_2bit_residual64,13.0,0.1,False,False,online_qwen,False,,/DATACENTER3/zhenxiang.wang/work/TailGuardKV/.worktrees/baseline-smoke-final-aggregation/out/full_25session_baseline_9_14/full/policy_attempts/retry2_20260915/seed20260907/config.yaml,,,,,0.1,True,,0.1,,0,False,,120.2578125,55.136962890625,4.62451171875,4.62451171875,0.039306640625,2292.539824033156,unknown,True,,True,,False,,15133.080078125,True,static_best,False,0.019063180827886703,0.019063180827886703,kivi_2bit_residual64,0.019063180827886703,,risk_evidence_insufficient,0.0,static_best,0.0,,,,hybrid-session-010-turn-3,4.62451171875,4.585205078125,4.62451171875,0.0,0.19063180827886705,/DATACENTER3/zhenxiang.wang/work/TailGuardKV/.worktrees/baseline-smoke-final-aggregation/out/full_25session_baseline_9_14/full/policy_attempts/retry2_20260915/seed20260907,False,calibrated unsafe,hybrid-session-010,qa,207.93950813822448,3,risk_evidence_insufficient,20260907
kivi_2bit_residual64,13.0,0.1,False,False,online_qwen,False,,/DATACENTER3/zhenxiang.wang/work/TailGuardKV/.worktrees/baseline-smoke-final-aggregation/out/full_25session_baseline_9_14/full/policy_attempts/retry2_20260915/seed20260907/config.yaml,,,,,0.1,True,,0.1,,0,False,,120.2578125,55.143798828125,4.332275390625,4.332275390625,0.0068359375,2024.7193491086364,unknown,True,,True,,False,,15131.609375,True,static_best,False,0.0,0.0,kivi_2bit_residual64,0.0,,risk_evidence_insufficient,0.0,static_best,0.0,,,,hybrid-session-011-turn-3,4.332275390625,4.325439453125,4.332275390625,0.0,0.0,/DATACENTER3/zhenxiang.wang/work/TailGuardKV/.worktrees/baseline-smoke-final-aggregation/out/full_25session_baseline_9_14/full/policy_attempts/retry2_20260915/seed20260907,True,calibrated safe,hybrid-session-011,summary,165.59665696695447,3,risk_evidence_insufficient,20260907
kivi_2bit_residual64,13.0,0.1,False,False,online_qwen,False,,/DATACENTER3/zhenxiang.wang/work/TailGuardKV/.worktrees/baseline-smoke-final-aggregation/out/full_25session_baseline_9_14/full/policy_attempts/retry2_20260915/seed20260907/config.yaml,,,,,0.1,True,,0.1,,0,False,,120.2578125,55.150634765625,4.36474609375,4.36474609375,0.0068359375,2048.5672641079873,unknown,True,,True,,False,,15131.595703125,True,static_best,False,0.0,0.0,kivi_2bit_residual64,0.0,,risk_evidence_insufficient,0.0,static_best,0.0,,,,hybrid-session-013-turn-3,4.36474609375,4.35791015625,4.36474609375,0.0,0.0,/DATACENTER3/zhenxiang.wang/work/TailGuardKV/.worktrees/baseline-smoke-final-aggregation/out/full_25session_baseline_9_14/full/policy_attempts/retry2_20260915/seed20260907,True,calibrated safe,hybrid-session-013,summary,172.27642401121557,3,risk_evidence_insufficient,20260907
kivi_2bit_residual64,13.0,0.1,False,False,online_qwen,False,,/DATACENTER3/zhenxiang.wang/work/TailGuardKV/.worktrees/baseline-smoke-final-aggregation/out/full_25session_baseline_9_14/full/policy_attempts/retry2_20260915/seed20260907/config.yaml,,,,,0.1,True,,0.1,,0,False,,120.2578125,56.61181640625,4.916748046875,4.916748046875,1.461181640625,2293.237170903012,unknown,True,,True,,False,,15134.505859375,True,static_best,False,0.019063180827886703,0.019063180827886703,kivi_2bit_residual64,0.019063180827886703,,risk_evidence_insufficient,0.0,static_best,0.0,,,,hybrid-session-016-turn-3,4.916748046875,3.45556640625,4.916748046875,0.0,0.19063180827886705,/DATACENTER3/zhenxiang.wang/work/TailGuardKV/.worktrees/baseline-smoke-final-aggregation/out/full_25session_baseline_9_14/full/policy_attempts/retry2_20260915/seed20260907,False,calibrated unsafe,hybrid-session-016,qa,147.27233280427754,3,risk_evidence_insufficient,20260907
kivi_2bit_residual64,13.0,0.1,False,False,online_qwen,False,,/DATACENTER3/zhenxiang.wang/work/TailGuardKV/.worktrees/baseline-smoke-final-aggregation/out/full_25session_baseline_9_14/full/policy_attempts/retry2_20260915/seed20260907/config.yaml,,,,,0.1,True,,0.1,,0,False,,120.2578125,58.04052734375,5.436279296875,5.436279296875,1.4287109375,2564.2046919092536,unknown,True,,True,,False,,15134.45703125,True,static_best,False,0.0,0.0,kivi_2bit_residual64,0.0,,risk_evidence_insufficient,0.0,static_best,0.0,,,,hybrid-session-017-turn-3,5.436279296875,4.007568359375,5.436279296875,0.0,0.0,/DATACENTER3/zhenxiang.wang/work/TailGuardKV/.worktrees/baseline-smoke-final-aggregation/out/full_25session_baseline_9_14/full/policy_attempts/retry2_20260915/seed20260907,True,calibrated safe,hybrid-session-017,summary,170.54336285218596,3,risk_evidence_insufficient,20260907
kivi_2bit_residual64,13.0,0.1,False,False,online_qwen,False,,/DATACENTER3/zhenxiang.wang/work/TailGuardKV/.worktrees/baseline-smoke-final-aggregation/out/full_25session_baseline_9_14/full/policy_attempts/retry2_20260915/seed20260907/config.yaml,,,,,0.1,True,,0.1,,0,False,,120.2578125,59.501708984375,4.94921875,4.94921875,1.461181640625,2540.2353529352695,unknown,True,,True,,False,,15137.373046875,True,static_best,False,0.019063180827886703,0.019063180827886703,kivi_2bit_residual64,0.019063180827886703,,risk_evidence_insufficient,0.0,static_best,0.0,,,,hybrid-session-020-turn-3,4.94921875,3.488037109375,4.94921875,0.0,0.19063180827886705,/DATACENTER3/zhenxiang.wang/work/TailGuardKV/.worktrees/baseline-smoke-final-aggregation/out/full_25session_baseline_9_14/full/policy_attempts/retry2_20260915/seed20260907,False,calibrated unsafe,hybrid-session-020,qa,171.40468792058527,3,risk_evidence_insufficient,20260907
kivi_2bit_residual64,13.0,0.1,False,False,online_qwen,False,,/DATACENTER3/zhenxiang.wang/work/TailGuardKV/.worktrees/baseline-smoke-final-aggregation/out/full_25session_baseline_9_14/full/policy_attempts/retry2_20260915/seed20260907/config.yaml,,,,,0.1,True,,0.1,,0,False,,120.2578125,60.930419921875,4.8193359375,4.8193359375,1.4287109375,1846.325502032414,unknown,True,,True,,False,,15137.32421875,True,static_best,False,0.0,0.0,kivi_2bit_residual64,0.0,,risk_evidence_insufficient,0.0,static_best,0.0,,,,hybrid-session-023-turn-3,4.8193359375,3.390625,4.8193359375,0.0,0.0,/DATACENTER3/zhenxiang.wang/work/TailGuardKV/.worktrees/baseline-smoke-final-aggregation/out/full_25session_baseline_9_14/full/policy_attempts/retry2_20260915/seed20260907,True,calibrated safe,hybrid-session-023,summary,172.39386308938265,3,risk_evidence_insufficient,20260907
kivi_2bit_residual64,13.0,0.1,False,False,online_qwen,False,,/DATACENTER3/zhenxiang.wang/work/TailGuardKV/.worktrees/baseline-smoke-final-aggregation/out/full_25session_baseline_9_14/full/policy_attempts/retry2_20260915/seed20260907/config.yaml,,,,,0.1,True,,0.1,,0,False,,120.2578125,60.930419921875,5.14404296875,5.14404296875,0.0,1310.5430570431054,unknown,True,,True,,False,,15131.34765625,True,static_best,False,0.0007168458781361964,0.0007168458781361964,kivi_2bit_residual64,0.0007168458781361964,,risk_evidence_insufficient,0.0,static_best,0.0,,,,hybrid-session-000-turn-4,5.14404296875,5.14404296875,5.14404296875,0.0,0.009318996415770553,/DATACENTER3/zhenxiang.wang/work/TailGuardKV/.worktrees/baseline-smoke-final-aggregation/out/full_25session_baseline_9_14/full/policy_attempts/retry2_20260915/seed20260907,True,calibrated safe,hybrid-session-000,qa,121.32613197900355,4,risk_evidence_insufficient,20260907
kivi_2bit_residual64,13.0,0.1,False,False,online_qwen,False,,/DATACENTER3/zhenxiang.wang/work/TailGuardKV/.worktrees/baseline-smoke-final-aggregation/out/full_25session_baseline_9_14/full/policy_attempts/retry2_20260915/seed20260907/config.yaml,,,,,0.1,True,,0.1,,0,False,,120.2578125,60.930419921875,4.94921875,4.94921875,0.0,1308.3862599451095,unknown,True,,True,,False,,15131.251953125,True,static_best,False,0.019063180827886703,0.019063180827886703,kivi_2bit_residual64,0.019063180827886703,,risk_evidence_insufficient,0.0,static_best,0.0,,,,hybrid-session-002-turn-4,4.94921875,4.94921875,4.94921875,0.0,0.19063180827886705,/DATACENTER3/zhenxiang.wang/work/TailGuardKV/.worktrees/baseline-smoke-final-aggregation/out/full_25session_baseline_9_14/full/policy_attempts/retry2_20260915/seed20260907,False,calibrated unsafe,hybrid-session-002,qa,116.41710600815713,4,risk_evidence_insufficient,20260907
kivi_2bit_residual64,13.0,0.1,False,False,online_qwen,False,,/DATACENTER3/zhenxiang.wang/work/TailGuardKV/.worktrees/baseline-smoke-final-aggregation/out/full_25session_baseline_9_14/full/policy_attempts/retry2_20260915/seed20260907/config.yaml,,,,,0.1,True,,0.1,,0,False,,120.2578125,60.930419921875,4.332275390625,4.332275390625,0.0,1300.9386721532792,unknown,True,,True,,False,,15132.548828125,True,static_best,False,0.0,0.0,kivi_2bit_residual64,0.0,,risk_evidence_insufficient,0.0,static_best,0.0,,,,hybrid-session-003-turn-4,4.332275390625,4.332275390625,4.332275390625,0.0,0.0,/DATACENTER3/zhenxiang.wang/work/TailGuardKV/.worktrees/baseline-smoke-final-aggregation/out/full_25session_baseline_9_14/full/policy_attempts/retry2_20260915/seed20260907,True,calibrated safe,hybrid-session-003,summary,102.51608304679394,4,risk_evidence_insufficient,20260907
kivi_2bit_residual64,13.0,0.1,False,False,online_qwen,False,,/DATACENTER3/zhenxiang.wang/work/TailGuardKV/.worktrees/baseline-smoke-final-aggregation/out/full_25session_baseline_9_14/full/policy_attempts/retry2_20260915/seed20260907/config.yaml,,,,,0.1,True,,0.1,,0,False,,120.2578125,62.229248046875,5.436279296875,5.436279296875,1.298828125,1290.546657051891,unknown,True,,True,,False,,15132.4296875,True,static_best,False,0.0,0.0,kivi_2bit_residual64,0.0,,risk_evidence_insufficient,0.0,static_best,0.0,,,,hybrid-session-007-turn-4,5.436279296875,4.137451171875,5.436279296875,0.0,0.0,/DATACENTER3/zhenxiang.wang/work/TailGuardKV/.worktrees/baseline-smoke-final-aggregation/out/full_25session_baseline_9_14/full/policy_attempts/retry2_20260915/seed20260907,True,calibrated safe,hybrid-session-007,summary,101.95854003541172,4,risk_evidence_insufficient,20260907
kivi_2bit_residual64,13.0,0.1,False,False,online_qwen,False,,/DATACENTER3/zhenxiang.wang/work/TailGuardKV/.worktrees/baseline-smoke-final-aggregation/out/full_25session_baseline_9_14/full/policy_attempts/retry2_20260915/seed20260907/config.yaml,,,,,0.1,True,,0.1,,0,False,,120.2578125,62.229248046875,4.721923828125,4.721923828125,0.0,2580.539603019133,unknown,True,,True,,False,,15132.3046875,True,static_best,False,0.019063180827886703,0.019063180827886703,kivi_2bit_residual64,0.019063180827886703,,risk_evidence_insufficient,0.0,static_best,0.0,,,,hybrid-session-008-turn-4,4.721923828125,4.721923828125,4.721923828125,0.0,0.19063180827886705,/DATACENTER3/zhenxiang.wang/work/TailGuardKV/.worktrees/baseline-smoke-final-aggregation/out/full_25session_baseline_9_14/full/policy_attempts/retry2_20260915/seed20260907,False,calibrated unsafe,hybrid-session-008,qa,206.40548993833363,4,risk_evidence_insufficient,20260907
kivi_2bit_residual64,13.0,0.1,True,False,online_qwen,False,,/DATACENTER3/zhenxiang.wang/work/TailGuardKV/.worktrees/baseline-smoke-final-aggregation/out/full_25session_baseline_9_14/full/policy_attempts/retry2_20260915/seed20260907/config.yaml,,,,,0.1,True,,0.1,,0,False,,120.2578125,62.229248046875,4.202392578125,4.202392578125,0.0,2174.8659098520875,unknown,True,,True,,False,,15133.615234375,True,static_best,False,0.0,0.0,kivi_2bit_residual64,0.0,,risk_evidence_insufficient,0.0,static_best,0.0,,,,hybrid-session-009-turn-4,4.202392578125,4.202392578125,4.202392578125,0.0,0.0,/DATACENTER3/zhenxiang.wang/work/TailGuardKV/.worktrees/baseline-smoke-final-aggregation/out/full_25session_baseline_9_14/full/policy_attempts/retry2_20260915/seed20260907,True,calibrated safe,hybrid-session-009,summary,178.9406428579241,4,risk_evidence_insufficient,20260907
kivi_2bit_residual64,13.0,0.1,False,False,online_qwen,False,,/DATACENTER3/zhenxiang.wang/work/TailGuardKV/.worktrees/baseline-smoke-final-aggregation/out/full_25session_baseline_9_14/full/policy_attempts/retry2_20260915/seed20260907/config.yaml,,,,,0.1,True,,0.1,,0,False,,120.2578125,62.229248046875,4.62451171875,4.62451171875,0.0,2065.91133098118,unknown,True,,True,,False,,15133.4599609375,True,static_best,False,0.019063180827886703,0.019063180827886703,kivi_2bit_residual64,0.019063180827886703,,risk_evidence_insufficient,0.0,static_best,0.0,,,,hybrid-session-010-turn-4,4.62451171875,4.62451171875,4.62451171875,0.0,0.19063180827886705,/DATACENTER3/zhenxiang.wang/work/TailGuardKV/.worktrees/baseline-smoke-final-aggregation/out/full_25session_baseline_9_14/full/policy_attempts/retry2_20260915/seed20260907,False,calibrated unsafe,hybrid-session-010,qa,147.94676192104816,4,risk_evidence_insufficient,20260907
kivi_2bit_residual64,13.0,0.1,True,False,online_qwen,False,,/DATACENTER3/zhenxiang.wang/work/TailGuardKV/.worktrees/baseline-smoke-final-aggregation/out/full_25session_baseline_9_14/full/policy_attempts/retry2_20260915/seed20260907/config.yaml,,,,,0.1,True,,0.1,,0,False,,120.2578125,62.229248046875,4.332275390625,4.332275390625,0.0,2054.737681057304,unknown,True,,True,,False,,15133.369140625,True,static_best,False,0.0,0.0,kivi_2bit_residual64,0.0,,risk_evidence_insufficient,0.0,static_best,0.0,,,,hybrid-session-011-turn-4,4.332275390625,4.332275390625,4.332275390625,0.0,0.0,/DATACENTER3/zhenxiang.wang/work/TailGuardKV/.worktrees/baseline-smoke-final-aggregation/out/full_25session_baseline_9_14/full/policy_attempts/retry2_20260915/seed20260907,True,calibrated safe,hybrid-session-011,summary,140.4980351217091,4,risk_evidence_insufficient,20260907
kivi_2bit_residual64,13.0,0.1,False,False,online_qwen,False,,/DATACENTER3/zhenxiang.wang/work/TailGuardKV/.worktrees/baseline-smoke-final-aggregation/out/full_25session_baseline_9_14/full/policy_attempts/retry2_20260915/seed20260907/config.yaml,,,,,0.1,True,,0.1,,0,False,,120.2578125,62.229248046875,4.36474609375,4.36474609375,0.0,2056.661371840164,unknown,True,,True,,False,,15133.259765625,True,static_best,False,0.0,0.0,kivi_2bit_residual64,0.0,,risk_evidence_insufficient,0.0,static_best,0.0,,,,hybrid-session-013-turn-4,4.36474609375,4.36474609375,4.36474609375,0.0,0.0,/DATACENTER3/zhenxiang.wang/work/TailGuardKV/.worktrees/baseline-smoke-final-aggregation/out/full_25session_baseline_9_14/full/policy_attempts/retry2_20260915/seed20260907,True,calibrated safe,hybrid-session-013,summary,143.1958789471537,4,risk_evidence_insufficient,20260907
kivi_2bit_residual64,13.0,0.1,False,False,online_qwen,False,,/DATACENTER3/zhenxiang.wang/work/TailGuardKV/.worktrees/baseline-smoke-final-aggregation/out/full_25session_baseline_9_14/full/policy_attempts/retry2_20260915/seed20260907/config.yaml,,,,,0.1,True,,0.1,,0,False,,120.2578125,62.229248046875,4.916748046875,4.916748046875,0.0,2061.6823858581483,unknown,True,,True,,False,,15131.736328125,True,static_best,False,0.019063180827886703,0.019063180827886703,kivi_2bit_residual64,0.019063180827886703,,risk_evidence_insufficient,0.0,static_best,0.0,,,,hybrid-session-016-turn-4,4.916748046875,4.916748046875,4.916748046875,0.0,0.19063180827886705,/DATACENTER3/zhenxiang.wang/work/TailGuardKV/.worktrees/baseline-smoke-final-aggregation/out/full_25session_baseline_9_14/full/policy_attempts/retry2_20260915/seed20260907,False,calibrated unsafe,hybrid-session-016,qa,170.04945897497237,4,risk_evidence_insufficient,20260907
kivi_2bit_residual64,13.0,0.1,False,False,online_qwen,False,,/DATACENTER3/zhenxiang.wang/work/TailGuardKV/.worktrees/baseline-smoke-final-aggregation/out/full_25session_baseline_9_14/full/policy_attempts/retry2_20260915/seed20260907/config.yaml,,,,,0.1,True,,0.1,,0,False,,120.2578125,62.229248046875,5.436279296875,5.436279296875,0.0,2061.98593811132,unknown,True,,True,,False,,15131.626953125,True,static_best,False,0.0,0.0,kivi_2bit_residual64,0.0,,risk_evidence_insufficient,0.0,static_best,0.0,,,,hybrid-session-017-turn-4,5.436279296875,5.436279296875,5.436279296875,0.0,0.0,/DATACENTER3/zhenxiang.wang/work/TailGuardKV/.worktrees/baseline-smoke-final-aggregation/out/full_25session_baseline_9_14/full/policy_attempts/retry2_20260915/seed20260907,True,calibrated safe,hybrid-session-017,summary,168.03014697507024,4,risk_evidence_insufficient,20260907
kivi_2bit_residual64,13.0,0.1,False,False,online_qwen,False,,/DATACENTER3/zhenxiang.wang/work/TailGuardKV/.worktrees/baseline-smoke-final-aggregation/out/full_25session_baseline_9_14/full/policy_attempts/retry2_20260915/seed20260907/config.yaml,,,,,0.1,True,,0.1,,0,False,,120.2578125,62.229248046875,4.94921875,4.94921875,0.0,2033.4214749746025,unknown,True,,True,,False,,15131.525390625,True,static_best,False,0.019063180827886703,0.019063180827886703,kivi_2bit_residual64,0.019063180827886703,,risk_evidence_insufficient,0.0,static_best,0.0,,,,hybrid-session-020-turn-4,4.94921875,4.94921875,4.94921875,0.0,0.19063180827886705,/DATACENTER3/zhenxiang.wang/work/TailGuardKV/.worktrees/baseline-smoke-final-aggregation/out/full_25session_baseline_9_14/full/policy_attempts/retry2_20260915/seed20260907,False,calibrated unsafe,hybrid-session-020,qa,168.70020795613527,4,risk_evidence_insufficient,20260907
kivi_2bit_residual64,13.0,0.1,False,False,online_qwen,False,,/DATACENTER3/zhenxiang.wang/work/TailGuardKV/.worktrees/baseline-smoke-final-aggregation/out/full_25session_baseline_9_14/full/policy_attempts/retry2_20260915/seed20260907/config.yaml,,,,,0.1,True,,0.1,,0,False,,120.2578125,62.229248046875,4.8193359375,4.8193359375,0.0,2024.9187340959907,unknown,True,,True,,False,,15131.416015625,True,static_best,False,0.0,0.0,kivi_2bit_residual64,0.0,,risk_evidence_insufficient,0.0,static_best,0.0,,,,hybrid-session-023-turn-4,4.8193359375,4.8193359375,4.8193359375,0.0,0.0,/DATACENTER3/zhenxiang.wang/work/TailGuardKV/.worktrees/baseline-smoke-final-aggregation/out/full_25session_baseline_9_14/full/policy_attempts/retry2_20260915/seed20260907,True,calibrated safe,hybrid-session-023,summary,167.74022090248764,4,risk_evidence_insufficient,20260907
kivi_4bit_residual64,1.0,0.1,False,False,online_qwen,False,,/DATACENTER3/zhenxiang.wang/work/TailGuardKV/.worktrees/baseline-smoke-final-aggregation/out/full_25session_baseline_9_14/full/policy_attempts/retry2_20260915/seed20260907/config.yaml,,,,,0.1,True,,0.1,,0,False,,120.2578125,1.203125,1.203125,1.203125,1.203125,40908.30306100845,unknown,True,,True,,False,,15045.50732421875,True,static_safe,False,0.0,0.0,kivi_4bit_residual64,0.0,,risk_evidence_insufficient,0.0,static_safe,0.0,,,,hybrid-session-000-turn-0,1.203125,0.0,1.203125,0.0,0.0,/DATACENTER3/zhenxiang.wang/work/TailGuardKV/.worktrees/baseline-smoke-final-aggregation/out/full_25session_baseline_9_14/full/policy_attempts/retry2_20260915/seed20260907,True,calibrated safe,hybrid-session-000,chat,39683.498299887404,0,risk_evidence_insufficient,20260907
kivi_4bit_residual64,2.0,0.1,False,False,online_qwen,False,,/DATACENTER3/zhenxiang.wang/work/TailGuardKV/.worktrees/baseline-smoke-final-aggregation/out/full_25session_baseline_9_14/full/policy_attempts/retry2_20260915/seed20260907/config.yaml,,,,,0.1,True,,0.1,,0,False,,120.2578125,3.28125,2.078125,2.078125,2.078125,1729.0895539335907,unknown,True,,True,,False,,15071.74462890625,True,static_safe,False,0.0,0.0,kivi_4bit_residual64,0.0,,risk_evidence_insufficient,0.0,static_safe,0.0,,,,hybrid-session-002-turn-0,2.078125,0.0,2.078125,0.0,0.0,/DATACENTER3/zhenxiang.wang/work/TailGuardKV/.worktrees/baseline-smoke-final-aggregation/out/full_25session_baseline_9_14/full/policy_attempts/retry2_20260915/seed20260907,True,calibrated safe,hybrid-session-002,chat,125.51912595517933,0,risk_evidence_insufficient,20260907
kivi_4bit_residual64,3.0,0.1,False,False,online_qwen,False,,/DATACENTER3/zhenxiang.wang/work/TailGuardKV/.worktrees/baseline-smoke-final-aggregation/out/full_25session_baseline_9_14/full/policy_attempts/retry2_20260915/seed20260907/config.yaml,,,,,0.1,True,,0.1,,0,False,,120.2578125,4.7578125,1.4765625,1.4765625,1.4765625,1693.831481039524,unknown,True,,True,,False,,15056.39697265625,True,static_safe,False,0.0,0.0,kivi_4bit_residual64,0.0,,risk_evidence_insufficient,0.0,static_safe,0.0,,,,hybrid-session-003-turn-0,1.4765625,0.0,1.4765625,0.0,0.0,/DATACENTER3/zhenxiang.wang/work/TailGuardKV/.worktrees/baseline-smoke-final-aggregation/out/full_25session_baseline_9_14/full/policy_attempts/retry2_20260915/seed20260907,True,calibrated safe,hybrid-session-003,chat,105.72339105419815,0,risk_evidence_insufficient,20260907
kivi_4bit_residual64,4.0,0.1,False,False,online_qwen,False,,/DATACENTER3/zhenxiang.wang/work/TailGuardKV/.worktrees/baseline-smoke-final-aggregation/out/full_25session_baseline_9_14/full/policy_attempts/retry2_20260915/seed20260907/config.yaml,,,,,0.1,True,,0.1,,0,False,,120.2578125,6.015625,1.2578125,1.2578125,1.2578125,1680.5889930110425,unknown,True,,True,,False,,15051.48681640625,True,static_safe,False,0.0,0.0,kivi_4bit_residual64,0.0,,risk_evidence_insufficient,0.0,static_safe,0.0,,,,hybrid-session-007-turn-0,1.2578125,0.0,1.2578125,0.0,0.0,/DATACENTER3/zhenxiang.wang/work/TailGuardKV/.worktrees/baseline-smoke-final-aggregation/out/full_25session_baseline_9_14/full/policy_attempts/retry2_20260915/seed20260907,True,calibrated safe,hybrid-session-007,chat,105.70464702323079,0,risk_evidence_insufficient,20260907
kivi_4bit_residual64,5.0,0.1,False,False,online_qwen,False,,/DATACENTER3/zhenxiang.wang/work/TailGuardKV/.worktrees/baseline-smoke-final-aggregation/out/full_25session_baseline_9_14/full/policy_attempts/retry2_20260915/seed20260907/config.yaml,,,,,0.1,True,,0.1,,0,False,,120.2578125,7.6015625,1.5859375,1.5859375,1.5859375,1436.3083788193762,unknown,True,,True,,False,,15061.63525390625,True,static_safe,False,0.0,0.0,kivi_4bit_residual64,0.0,,risk_evidence_insufficient,0.0,static_safe,0.0,,,,hybrid-session-008-turn-0,1.5859375,0.0,1.5859375,0.0,0.0,/DATACENTER3/zhenxiang.wang/work/TailGuardKV/.worktrees/baseline-smoke-final-aggregation/out/full_25session_baseline_9_14/full/policy_attempts/retry2_20260915/seed20260907,True,calibrated safe,hybrid-session-008,chat,105.67412688396871,0,risk_evidence_insufficient,20260907
kivi_4bit_residual64,6.0,0.1,False,False,online_qwen,False,,/DATACENTER3/zhenxiang.wang/work/TailGuardKV/.worktrees/baseline-smoke-final-aggregation/out/full_25session_baseline_9_14/full/policy_attempts/retry2_20260915/seed20260907/config.yaml,,,,,0.1,True,,0.1,,0,False,,120.2578125,9.296875,1.6953125,1.6953125,1.6953125,1503.5008271224797,unknown,True,,True,,False,,15066.24462890625,True,static_safe,False,0.0,0.0,kivi_4bit_residual64,0.0,,risk_evidence_insufficient,0.0,static_safe,0.0,,,,hybrid-session-009-turn-0,1.6953125,0.0,1.6953125,0.0,0.0,/DATACENTER3/zhenxiang.wang/work/TailGuardKV/.worktrees/baseline-smoke-final-aggregation/out/full_25session_baseline_9_14/full/policy_attempts/retry2_20260915/seed20260907,True,calibrated safe,hybrid-session-009,chat,111.66916997171938,0,risk_evidence_insufficient,20260907
kivi_4bit_residual64,7.0,0.1,False,False,online_qwen,False,,/DATACENTER3/zhenxiang.wang/work/TailGuardKV/.worktrees/baseline-smoke-final-aggregation/out/full_25session_baseline_9_14/full/policy_attempts/retry2_20260915/seed20260907/config.yaml,,,,,0.1,True,,0.1,,0,False,,120.2578125,10.828125,1.53125,1.53125,1.53125,1693.6116660945117,unknown,True,,True,,False,,15063.63427734375,True,static_safe,False,0.0,0.0,kivi_4bit_residual64,0.0,,risk_evidence_insufficient,0.0,static_safe,0.0,,,,hybrid-session-010-turn-0,1.53125,0.0,1.53125,0.0,0.0,/DATACENTER3/zhenxiang.wang/work/TailGuardKV/.worktrees/baseline-smoke-final-aggregation/out/full_25session_baseline_9_14/full/policy_attempts/retry2_20260915/seed20260907,True,calibrated safe,hybrid-session-010,chat,109.79445395059884,0,risk_evidence_insufficient,20260907
kivi_4bit_residual64,8.0,0.1,False,False,online_qwen,False,,/DATACENTER3/zhenxiang.wang/work/TailGuardKV/.worktrees/baseline-smoke-final-aggregation/out/full_25session_baseline_9_14/full/policy_attempts/retry2_20260915/seed20260907/config.yaml,,,,,0.1,True,,0.1,,0,False,,120.2578125,12.8515625,2.0234375,2.0234375,2.0234375,1608.4185410290956,unknown,True,,True,,False,,15078.54150390625,True,static_safe,False,0.0,0.0,kivi_4bit_residual64,0.0,,risk_evidence_insufficient,0.0,static_safe,0.0,,,,hybrid-session-011-turn-0,2.0234375,0.0,2.0234375,0.0,0.0,/DATACENTER3/zhenxiang.wang/work/TailGuardKV/.worktrees/baseline-smoke-final-aggregation/out/full_25session_baseline_9_14/full/policy_attempts/retry2_20260915/seed20260907,True,calibrated safe,hybrid-session-011,chat,122.70618393085897,0,risk_evidence_insufficient,20260907
kivi_4bit_residual64,9.0,0.1,False,False,online_qwen,False,,/DATACENTER3/zhenxiang.wang/work/TailGuardKV/.worktrees/baseline-smoke-final-aggregation/out/full_25session_baseline_9_14/full/policy_attempts/retry2_20260915/seed20260907/config.yaml,,,,,0.1,True,,0.1,,0,False,,120.2578125,14.65625,1.8046875,1.8046875,1.8046875,1696.5970769524574,unknown,True,,True,,False,,15074.51806640625,True,static_safe,False,0.0,0.0,kivi_4bit_residual64,0.0,,risk_evidence_insufficient,0.0,static_safe,0.0,,,,hybrid-session-013-turn-0,1.8046875,0.0,1.8046875,0.0,0.0,/DATACENTER3/zhenxiang.wang/work/TailGuardKV/.worktrees/baseline-smoke-final-aggregation/out/full_25session_baseline_9_14/full/policy_attempts/retry2_20260915/seed20260907,True,calibrated safe,hybrid-session-013,chat,114.56288280896842,0,risk_evidence_insufficient,20260907
kivi_4bit_residual64,10.0,0.1,False,False,online_qwen,False,,/DATACENTER3/zhenxiang.wang/work/TailGuardKV/.worktrees/baseline-smoke-final-aggregation/out/full_25session_baseline_9_14/full/policy_attempts/retry2_20260915/seed20260907/config.yaml,,,,,0.1,True,,0.1,,0,False,,120.2578125,17.28125,2.625,2.625,2.625,1706.9584599230438,unknown,True,,True,,False,,15100.71337890625,True,static_safe,False,0.0,0.0,kivi_4bit_residual64,0.0,,risk_evidence_insufficient,0.0,static_safe,0.0,,,,hybrid-session-016-turn-0,2.625,0.0,2.625,0.0,0.0,/DATACENTER3/zhenxiang.wang/work/TailGuardKV/.worktrees/baseline-smoke-final-aggregation/out/full_25session_baseline_9_14/full/policy_attempts/retry2_20260915/seed20260907,True,calibrated safe,hybrid-session-016,chat,118.16623597405851,0,risk_evidence_insufficient,20260907
kivi_4bit_residual64,11.0,0.1,False,False,online_qwen,False,,/DATACENTER3/zhenxiang.wang/work/TailGuardKV/.worktrees/baseline-smoke-final-aggregation/out/full_25session_baseline_9_14/full/policy_attempts/retry2_20260915/seed20260907/config.yaml,,,,,0.1,True,,0.1,,0,False,,120.2578125,19.6328125,2.3515625,2.3515625,2.3515625,1706.4399751834571,unknown,True,,True,,False,,15094.06494140625,True,static_safe,False,0.0,0.0,kivi_4bit_residual64,0.0,,risk_evidence_insufficient,0.0,static_safe,0.0,,,,hybrid-session-017-turn-0,2.3515625,0.0,2.3515625,0.0,0.0,/DATACENTER3/zhenxiang.wang/work/TailGuardKV/.worktrees/baseline-smoke-final-aggregation/out/full_25session_baseline_9_14/full/policy_attempts/retry2_20260915/seed20260907,True,calibrated safe,hybrid-session-017,chat,124.78160602040589,0,risk_evidence_insufficient,20260907
kivi_4bit_residual64,12.0,0.1,False,False,online_qwen,False,,/DATACENTER3/zhenxiang.wang/work/TailGuardKV/.worktrees/baseline-smoke-final-aggregation/out/full_25session_baseline_9_14/full/policy_attempts/retry2_20260915/seed20260907/config.yaml,,,,,0.1,True,,0.1,,0,False,,120.2578125,22.0390625,2.40625,2.40625,2.40625,1701.5668340027332,unknown,True,,True,,False,,15097.92822265625,True,static_safe,False,0.0,0.0,kivi_4bit_residual64,0.0,,risk_evidence_insufficient,0.0,static_safe,0.0,,,,hybrid-session-020-turn-0,2.40625,0.0,2.40625,0.0,0.0,/DATACENTER3/zhenxiang.wang/work/TailGuardKV/.worktrees/baseline-smoke-final-aggregation/out/full_25session_baseline_9_14/full/policy_attempts/retry2_20260915/seed20260907,True,calibrated safe,hybrid-session-020,chat,113.72591205872595,0,risk_evidence_insufficient,20260907
kivi_4bit_residual64,13.0,0.1,False,False,online_qwen,False,,/DATACENTER3/zhenxiang.wang/work/TailGuardKV/.worktrees/baseline-smoke-final-aggregation/out/full_25session_baseline_9_14/full/policy_attempts/retry2_20260915/seed20260907/config.yaml,,,,,0.1,True,,0.1,,0,False,,120.2578125,24.1171875,2.078125,2.078125,2.078125,1716.6454091202468,unknown,True,,True,,False,,15092.58056640625,True,static_safe,False,0.0,0.0,kivi_4bit_residual64,0.0,,risk_evidence_insufficient,0.0,static_safe,0.0,,,,hybrid-session-023-turn-0,2.078125,0.0,2.078125,0.0,0.0,/DATACENTER3/zhenxiang.wang/work/TailGuardKV/.worktrees/baseline-smoke-final-aggregation/out/full_25session_baseline_9_14/full/policy_attempts/retry2_20260915/seed20260907,True,calibrated safe,hybrid-session-023,chat,114.37125597149134,0,risk_evidence_insufficient,20260907
kivi_4bit_residual64,13.0,0.1,False,False,online_qwen,False,,/DATACENTER3/zhenxiang.wang/work/TailGuardKV/.worktrees/baseline-smoke-final-aggregation/out/full_25session_baseline_9_14/full/policy_attempts/retry2_20260915/seed20260907/config.yaml,,,,,0.1,True,,0.1,,0,False,,120.2578125,25.6484375,2.734375,2.734375,1.53125,1698.3258051332086,unknown,True,,True,,False,,15078.45556640625,True,static_safe,False,0.0,0.0,kivi_4bit_residual64,0.0,,risk_evidence_insufficient,0.0,static_safe,0.0,,,,hybrid-session-000-turn-1,2.734375,1.203125,2.734375,0.0,0.0,/DATACENTER3/zhenxiang.wang/work/TailGuardKV/.worktrees/baseline-smoke-final-aggregation/out/full_25session_baseline_9_14/full/policy_attempts/retry2_20260915/seed20260907,True,calibrated safe,hybrid-session-000,chat,114.64540706947446,1,risk_evidence_insufficient,20260907
kivi_4bit_residual64,13.0,0.1,True,False,online_qwen,False,,/DATACENTER3/zhenxiang.wang/work/TailGuardKV/.worktrees/baseline-smoke-final-aggregation/out/full_25session_baseline_9_14/full/policy_attempts/retry2_20260915/seed20260907/config.yaml,,,,,0.1,True,,0.1,,0,False,,120.2578125,26.118408203125,2.548095703125,2.548095703125,0.469970703125,5211.837825132534,unknown,True,,True,,False,,15087.31591796875,True,static_safe,False,0.0,0.0,kivi_4bit_residual64,0.0,,risk_evidence_insufficient,0.0,static_safe,0.0,,,,hybrid-session-002-turn-1,2.548095703125,2.078125,2.548095703125,0.0,0.0,/DATACENTER3/zhenxiang.wang/work/TailGuardKV/.worktrees/baseline-smoke-final-aggregation/out/full_25session_baseline_9_14/full/policy_attempts/retry2_20260915/seed20260907,True,calibrated safe,hybrid-session-002,chat,114.64451905339956,1,risk_evidence_insufficient,20260907
kivi_4bit_residual64,13.0,0.1,False,False,online_qwen,False,,/DATACENTER3/zhenxiang.wang/work/TailGuardKV/.worktrees/baseline-smoke-final-aggregation/out/full_25session_baseline_9_14/full/policy_attempts/retry2_20260915/seed20260907/config.yaml,,,,,0.1,True,,0.1,,0,False,,120.2578125,27.540283203125,2.8984375,2.8984375,1.421875,1712.5060639809817,unknown,True,,True,,False,,15078.03564453125,True,static_safe,False,0.0,0.0,kivi_4bit_residual64,0.0,,risk_evidence_insufficient,0.0,static_safe,0.0,,,,hybrid-session-003-turn-1,2.8984375,1.4765625,2.8984375,0.0,0.0,/DATACENTER3/zhenxiang.wang/work/TailGuardKV/.worktrees/baseline-smoke-final-aggregation/out/full_25session_baseline_9_14/full/policy_attempts/retry2_20260915/seed20260907,True,calibrated safe,hybrid-session-003,chat,125.26071909815073,1,risk_evidence_insufficient,20260907
kivi_4bit_residual64,13.0,0.1,False,False,online_qwen,False,,/DATACENTER3/zhenxiang.wang/work/TailGuardKV/.worktrees/baseline-smoke-final-aggregation/out/full_25session_baseline_9_14/full/policy_attempts/retry2_20260915/seed20260907/config.yaml,,,,,0.1,True,,0.1,,0,False,,120.2578125,29.399658203125,3.1171875,3.1171875,1.859375,1712.5747241079807,unknown,True,,True,,False,,15091.59521484375,True,static_safe,False,0.0,0.0,kivi_4bit_residual64,0.0,,risk_evidence_insufficient,0.0,static_safe,0.0,,,,hybrid-session-007-turn-1,3.1171875,1.2578125,3.1171875,0.0,0.0,/DATACENTER3/zhenxiang.wang/work/TailGuardKV/.worktrees/baseline-smoke-final-aggregation/out/full_25session_baseline_9_14/full/policy_attempts/retry2_20260915/seed20260907,True,calibrated safe,hybrid-session-007,chat,114.40843599848449,1,risk_evidence_insufficient,20260907
kivi_4bit_residual64,13.0,0.1,False,False,online_qwen,False,,/DATACENTER3/zhenxiang.wang/work/TailGuardKV/.worktrees/baseline-smoke-final-aggregation/out/full_25session_baseline_9_14/full/policy_attempts/retry2_20260915/seed20260907/config.yaml,,,,,0.1,True,,0.1,,0,False,,120.2578125,31.040283203125,3.2265625,3.2265625,1.640625,1726.7701390665025,unknown,True,,True,,False,,15086.55419921875,True,static_safe,False,0.0,0.0,kivi_4bit_residual64,0.0,,risk_evidence_insufficient,0.0,static_safe,0.0,,,,hybrid-session-008-turn-1,3.2265625,1.5859375,3.2265625,0.0,0.0,/DATACENTER3/zhenxiang.wang/work/TailGuardKV/.worktrees/baseline-smoke-final-aggregation/out/full_25session_baseline_9_14/full/policy_attempts/retry2_20260915/seed20260907,True,calibrated safe,hybrid-session-008,chat,116.86849500983953,1,risk_evidence_insufficient,20260907
kivi_4bit_residual64,13.0,0.1,False,False,online_qwen,False,,/DATACENTER3/zhenxiang.wang/work/TailGuardKV/.worktrees/baseline-smoke-final-aggregation/out/full_25session_baseline_9_14/full/policy_attempts/retry2_20260915/seed20260907/config.yaml,,,,,0.1,True,,0.1,,0,False,,120.2578125,32.735595703125,3.390625,3.390625,1.6953125,1699.1785950958729,unknown,True,,True,,False,,15089.70654296875,True,static_safe,False,0.0,0.0,kivi_4bit_residual64,0.0,,risk_evidence_insufficient,0.0,static_safe,0.0,,,,hybrid-session-009-turn-1,3.390625,1.6953125,3.390625,0.0,0.0,/DATACENTER3/zhenxiang.wang/work/TailGuardKV/.worktrees/baseline-smoke-final-aggregation/out/full_25session_baseline_9_14/full/policy_attempts/retry2_20260915/seed20260907,True,calibrated safe,hybrid-session-009,chat,114.72390592098236,1,risk_evidence_insufficient,20260907
kivi_4bit_residual64,13.0,0.1,False,False,online_qwen,False,,/DATACENTER3/zhenxiang.wang/work/TailGuardKV/.worktrees/baseline-smoke-final-aggregation/out/full_25session_baseline_9_14/full/policy_attempts/retry2_20260915/seed20260907/config.yaml,,,,,0.1,True,,0.1,,0,False,,120.2578125,34.376220703125,3.171875,3.171875,1.640625,1707.5714149978012,unknown,True,,True,,False,,15089.89013671875,True,static_safe,False,0.0,0.0,kivi_4bit_residual64,0.0,,risk_evidence_insufficient,0.0,static_safe,0.0,,,,hybrid-session-010-turn-1,3.171875,1.53125,3.171875,0.0,0.0,/DATACENTER3/zhenxiang.wang/work/TailGuardKV/.worktrees/baseline-smoke-final-aggregation/out/full_25session_baseline_9_14/full/policy_attempts/retry2_20260915/seed20260907,True,calibrated safe,hybrid-session-010,chat,120.84766989573836,1,risk_evidence_insufficient,20260907
kivi_4bit_residual64,13.0,0.1,False,False,online_qwen,False,,/DATACENTER3/zhenxiang.wang/work/TailGuardKV/.worktrees/baseline-smoke-final-aggregation/out/full_25session_baseline_9_14/full/policy_attempts/retry2_20260915/seed20260907/config.yaml,,,,,0.1,True,,0.1,,0,False,,120.2578125,35.743408203125,3.390625,3.390625,1.3671875,1700.5201999563724,unknown,True,,True,,False,,15083.97216796875,True,static_safe,False,0.0,0.0,kivi_4bit_residual64,0.0,,risk_evidence_insufficient,0.0,static_safe,0.0,,,,hybrid-session-011-turn-1,3.390625,2.0234375,3.390625,0.0,0.0,/DATACENTER3/zhenxiang.wang/work/TailGuardKV/.worktrees/baseline-smoke-final-aggregation/out/full_25session_baseline_9_14/full/policy_attempts/retry2_20260915/seed20260907,True,calibrated safe,hybrid-session-011,chat,117.92656895704567,1,risk_evidence_insufficient,20260907
kivi_4bit_residual64,13.0,0.1,False,False,online_qwen,False,,/DATACENTER3/zhenxiang.wang/work/TailGuardKV/.worktrees/baseline-smoke-final-aggregation/out/full_25session_baseline_9_14/full/policy_attempts/retry2_20260915/seed20260907/config.yaml,,,,,0.1,True,,0.1,,0,False,,120.2578125,37.165283203125,3.2265625,3.2265625,1.421875,1720.7550751045346,unknown,True,,True,,False,,15087.66064453125,True,static_safe,False,0.0,0.0,kivi_4bit_residual64,0.0,,risk_evidence_insufficient,0.0,static_safe,0.0,,,,hybrid-session-013-turn-1,3.2265625,1.8046875,3.2265625,0.0,0.0,/DATACENTER3/zhenxiang.wang/work/TailGuardKV/.worktrees/baseline-smoke-final-aggregation/out/full_25session_baseline_9_14/full/policy_attempts/retry2_20260915/seed20260907,True,calibrated safe,hybrid-session-013,chat,113.57600707560778,1,risk_evidence_insufficient,20260907
kivi_4bit_residual64,13.0,0.1,False,False,online_qwen,False,,/DATACENTER3/zhenxiang.wang/work/TailGuardKV/.worktrees/baseline-smoke-final-aggregation/out/full_25session_baseline_9_14/full/policy_attempts/retry2_20260915/seed20260907/config.yaml,,,,,0.1,True,,0.1,,0,False,,120.2578125,37.23193359375,2.691650390625,2.691650390625,0.066650390625,2328.5804260522127,unknown,True,,True,,False,,15090.30419921875,True,static_safe,False,0.0,0.0,kivi_4bit_residual64,0.0,,risk_evidence_insufficient,0.0,static_safe,0.0,,,,hybrid-session-016-turn-1,2.691650390625,2.625,2.691650390625,0.0,0.0,/DATACENTER3/zhenxiang.wang/work/TailGuardKV/.worktrees/baseline-smoke-final-aggregation/out/full_25session_baseline_9_14/full/policy_attempts/retry2_20260915/seed20260907,True,calibrated safe,hybrid-session-016,chat,121.50112795643508,1,risk_evidence_insufficient,20260907
kivi_4bit_residual64,13.0,0.1,False,False,online_qwen,False,,/DATACENTER3/zhenxiang.wang/work/TailGuardKV/.worktrees/baseline-smoke-final-aggregation/out/full_25session_baseline_9_14/full/policy_attempts/retry2_20260915/seed20260907/config.yaml,,,,,0.1,True,,0.1,,0,False,,120.2578125,38.146240234375,3.265869140625,3.265869140625,0.914306640625,2149.7860569506884,unknown,True,,True,,False,,15121.9013671875,True,static_safe,False,0.0,0.0,kivi_4bit_residual64,0.0,,risk_evidence_insufficient,0.0,static_safe,0.0,,,,hybrid-session-017-turn-1,3.265869140625,2.3515625,3.265869140625,0.0,0.0,/DATACENTER3/zhenxiang.wang/work/TailGuardKV/.worktrees/baseline-smoke-final-aggregation/out/full_25session_baseline_9_14/full/policy_attempts/retry2_20260915/seed20260907,True,calibrated safe,hybrid-session-017,chat,205.4048429708928,1,risk_evidence_insufficient,20260907
kivi_4bit_residual64,13.0,0.1,False,False,online_qwen,False,,/DATACENTER3/zhenxiang.wang/work/TailGuardKV/.worktrees/baseline-smoke-final-aggregation/out/full_25session_baseline_9_14/full/policy_attempts/retry2_20260915/seed20260907/config.yaml,,,,,0.1,True,,0.1,,0,False,,120.2578125,38.539306640625,2.79931640625,2.79931640625,0.39306640625,1996.09383684583,unknown,True,,True,,False,,15102.20166015625,True,static_safe,False,0.0,0.0,kivi_4bit_residual64,0.0,,risk_evidence_insufficient,0.0,static_safe,0.0,,,,hybrid-session-020-turn-1,2.79931640625,2.40625,2.79931640625,0.0,0.0,/DATACENTER3/zhenxiang.wang/work/TailGuardKV/.worktrees/baseline-smoke-final-aggregation/out/full_25session_baseline_9_14/full/policy_attempts/retry2_20260915/seed20260907,True,calibrated safe,hybrid-session-020,chat,111.01193889044225,1,risk_evidence_insufficient,20260907
kivi_4bit_residual64,13.0,0.1,False,False,online_qwen,False,,/DATACENTER3/zhenxiang.wang/work/TailGuardKV/.worktrees/baseline-smoke-final-aggregation/out/full_25session_baseline_9_14/full/policy_attempts/retry2_20260915/seed20260907/config.yaml,,,,,0.1,True,,0.1,,0,False,,120.2578125,39.15283203125,2.691650390625,2.691650390625,0.613525390625,1833.3424811717123,unknown,True,,True,,False,,15106.31005859375,True,static_safe,False,0.0,0.0,kivi_4bit_residual64,0.0,,risk_evidence_insufficient,0.0,static_safe,0.0,,,,hybrid-session-023-turn-1,2.691650390625,2.078125,2.691650390625,0.0,0.0,/DATACENTER3/zhenxiang.wang/work/TailGuardKV/.worktrees/baseline-smoke-final-aggregation/out/full_25session_baseline_9_14/full/policy_attempts/retry2_20260915/seed20260907,True,calibrated safe,hybrid-session-023,chat,101.93821112625301,1,risk_evidence_insufficient,20260907
kivi_4bit_residual64,13.0,0.1,True,False,online_qwen,False,,/DATACENTER3/zhenxiang.wang/work/TailGuardKV/.worktrees/baseline-smoke-final-aggregation/out/full_25session_baseline_9_14/full/policy_attempts/retry2_20260915/seed20260907/config.yaml,,,,,0.1,True,,0.1,,0,False,,120.2578125,41.225830078125,4.807373046875,4.807373046875,2.072998046875,2726.745235035196,unknown,True,,True,,False,,15275.14013671875,True,static_safe,False,0.0,0.0,kivi_4bit_residual64,0.0,,risk_evidence_insufficient,0.0,static_safe,0.0,,,,hybrid-session-000-turn-2,4.807373046875,2.734375,4.807373046875,0.0,0.0,/DATACENTER3/zhenxiang.wang/work/TailGuardKV/.worktrees/baseline-smoke-final-aggregation/out/full_25session_baseline_9_14/full/policy_attempts/retry2_20260915/seed20260907,True,calibrated safe,hybrid-session-000,qa,252.59538390673697,2,risk_evidence_insufficient,20260907
kivi_4bit_residual64,13.0,0.1,False,False,online_qwen,False,,/DATACENTER3/zhenxiang.wang/work/TailGuardKV/.worktrees/baseline-smoke-final-aggregation/out/full_25session_baseline_9_14/full/policy_attempts/retry2_20260915/seed20260907/config.yaml,,,,,0.1,True,,0.1,,0,False,,120.2578125,43.269775390625,4.592041015625,4.592041015625,2.0439453125,2696.8184909783304,unknown,True,,True,,False,,15237.294921875,True,static_safe,False,0.0,0.0,kivi_4bit_residual64,0.0,,risk_evidence_insufficient,0.0,static_safe,0.0,,,,hybrid-session-002-turn-2,4.592041015625,2.548095703125,4.592041015625,0.0,0.0,/DATACENTER3/zhenxiang.wang/work/TailGuardKV/.worktrees/baseline-smoke-final-aggregation/out/full_25session_baseline_9_14/full/policy_attempts/retry2_20260915/seed20260907,True,calibrated safe,hybrid-session-002,qa,238.36111091077328,2,risk_evidence_insufficient,20260907
kivi_4bit_residual64,13.0,0.1,False,False,online_qwen,False,,/DATACENTER3/zhenxiang.wang/work/TailGuardKV/.worktrees/baseline-smoke-final-aggregation/out/full_25session_baseline_9_14/full/policy_attempts/retry2_20260915/seed20260907/config.yaml,,,,,0.1,True,,0.1,,0,False,,120.2578125,45.5205078125,5.149169921875,5.149169921875,2.250732421875,2271.267988020554,unknown,True,,True,,False,,15238.375,True,static_safe,False,0.0016607037966572258,0.0016607037966572258,kivi_4bit_residual64,0.0016607037966572258,,risk_evidence_insufficient,0.0,static_safe,0.0,,,,hybrid-session-003-turn-2,5.149169921875,2.8984375,5.149169921875,0.0,0.004982111389971677,/DATACENTER3/zhenxiang.wang/work/TailGuardKV/.worktrees/baseline-smoke-final-aggregation/out/full_25session_baseline_9_14/full/policy_attempts/retry2_20260915/seed20260907,True,calibrated safe,hybrid-session-003,summary,208.23845104314387,2,risk_evidence_insufficient,20260907
kivi_4bit_residual64,13.0,0.1,False,False,online_qwen,False,,/DATACENTER3/zhenxiang.wang/work/TailGuardKV/.worktrees/baseline-smoke-final-aggregation/out/full_25session_baseline_9_14/full/policy_attempts/retry2_20260915/seed20260907/config.yaml,,,,,0.1,True,,0.1,,0,False,,120.2578125,47.337158203125,4.933837890625,4.933837890625,1.816650390625,2451.7066860571504,unknown,True,,True,,False,,15225.63671875,True,static_safe,False,0.0,0.0,kivi_4bit_residual64,0.0,,risk_evidence_insufficient,0.0,static_safe,0.0,,,,hybrid-session-007-turn-2,4.933837890625,3.1171875,4.933837890625,0.0,0.0,/DATACENTER3/zhenxiang.wang/work/TailGuardKV/.worktrees/baseline-smoke-final-aggregation/out/full_25session_baseline_9_14/full/policy_attempts/retry2_20260915/seed20260907,True,calibrated safe,hybrid-session-007,summary,207.0840869564563,2,risk_evidence_insufficient,20260907
kivi_4bit_residual64,13.0,0.1,False,False,online_qwen,False,,/DATACENTER3/zhenxiang.wang/work/TailGuardKV/.worktrees/baseline-smoke-final-aggregation/out/full_25session_baseline_9_14/full/policy_attempts/retry2_20260915/seed20260907/config.yaml,,,,,0.1,True,,0.1,,0,False,,120.2578125,49.654541015625,5.5439453125,5.5439453125,2.3173828125,2633.6142898071557,unknown,True,,True,,False,,15249.82421875,True,static_safe,False,0.0,0.0,kivi_4bit_residual64,0.0,,risk_evidence_insufficient,0.0,static_safe,0.0,,,,hybrid-session-008-turn-2,5.5439453125,3.2265625,5.5439453125,0.0,0.0,/DATACENTER3/zhenxiang.wang/work/TailGuardKV/.worktrees/baseline-smoke-final-aggregation/out/full_25session_baseline_9_14/full/policy_attempts/retry2_20260915/seed20260907,True,calibrated safe,hybrid-session-008,qa,210.81156190484762,2,risk_evidence_insufficient,20260907
kivi_4bit_residual64,13.0,0.1,False,False,online_qwen,False,,/DATACENTER3/zhenxiang.wang/work/TailGuardKV/.worktrees/baseline-smoke-final-aggregation/out/full_25session_baseline_9_14/full/policy_attempts/retry2_20260915/seed20260907/config.yaml,,,,,0.1,True,,0.1,,0,False,,120.2578125,51.26953125,5.005615234375,5.005615234375,1.614990234375,2635.225774953142,unknown,True,,True,,False,,15225.216796875,True,static_safe,False,0.0016607037966572258,0.0016607037966572258,kivi_4bit_residual64,0.0016607037966572258,,risk_evidence_insufficient,0.0,static_safe,0.0,,,,hybrid-session-009-turn-2,5.005615234375,3.390625,5.005615234375,0.0,0.004982111389971677,/DATACENTER3/zhenxiang.wang/work/TailGuardKV/.worktrees/baseline-smoke-final-aggregation/out/full_25session_baseline_9_14/full/policy_attempts/retry2_20260915/seed20260907,True,calibrated safe,hybrid-session-009,summary,208.55928701348603,2,risk_evidence_insufficient,20260907
kivi_4bit_residual64,13.0,0.1,False,False,online_qwen,False,,/DATACENTER3/zhenxiang.wang/work/TailGuardKV/.worktrees/baseline-smoke-final-aggregation/out/full_25session_baseline_9_14/full/policy_attempts/retry2_20260915/seed20260907/config.yaml,,,,,0.1,True,,0.1,,0,False,,120.2578125,53.533935546875,5.436279296875,5.436279296875,2.264404296875,2635.320870904252,unknown,True,,True,,False,,15250.8125,True,static_safe,False,0.0,0.0,kivi_4bit_residual64,0.0,,risk_evidence_insufficient,0.0,static_safe,0.0,,,,hybrid-session-010-turn-2,5.436279296875,3.171875,5.436279296875,0.0,0.0,/DATACENTER3/zhenxiang.wang/work/TailGuardKV/.worktrees/baseline-smoke-final-aggregation/out/full_25session_baseline_9_14/full/policy_attempts/retry2_20260915/seed20260907,True,calibrated safe,hybrid-session-010,qa,204.56390897743404,2,risk_evidence_insufficient,20260907
kivi_4bit_residual64,13.0,0.1,True,False,online_qwen,False,,/DATACENTER3/zhenxiang.wang/work/TailGuardKV/.worktrees/baseline-smoke-final-aggregation/out/full_25session_baseline_9_14/full/policy_attempts/retry2_20260915/seed20260907/config.yaml,,,,,0.1,True,,0.1,,0,False,,120.2578125,55.29248046875,5.149169921875,5.149169921875,1.758544921875,2422.2745369188488,unknown,True,,True,,False,,15235.119140625,True,static_safe,False,0.0,0.0,kivi_4bit_residual64,0.0,,risk_evidence_insufficient,0.0,static_safe,0.0,,,,hybrid-session-011-turn-2,5.149169921875,3.390625,5.149169921875,0.0,0.0,/DATACENTER3/zhenxiang.wang/work/TailGuardKV/.worktrees/baseline-smoke-final-aggregation/out/full_25session_baseline_9_14/full/policy_attempts/retry2_20260915/seed20260907,True,calibrated safe,hybrid-session-011,summary,209.1508968733251,2,risk_evidence_insufficient,20260907
kivi_4bit_residual64,13.0,0.1,False,False,online_qwen,False,,/DATACENTER3/zhenxiang.wang/work/TailGuardKV/.worktrees/baseline-smoke-final-aggregation/out/full_25session_baseline_9_14/full/policy_attempts/retry2_20260915/seed20260907/config.yaml,,,,,0.1,True,,0.1,,0,False,,120.2578125,57.2509765625,5.18505859375,5.18505859375,1.95849609375,2654.4329149182886,unknown,True,,True,,False,,15242.9375,True,static_safe,False,0.0,0.0,kivi_4bit_residual64,0.0,,risk_evidence_insufficient,0.0,static_safe,0.0,,,,hybrid-session-013-turn-2,5.18505859375,3.2265625,5.18505859375,0.0,0.0,/DATACENTER3/zhenxiang.wang/work/TailGuardKV/.worktrees/baseline-smoke-final-aggregation/out/full_25session_baseline_9_14/full/policy_attempts/retry2_20260915/seed20260907,True,calibrated safe,hybrid-session-013,summary,188.65566700696945,2,risk_evidence_insufficient,20260907
kivi_4bit_residual64,13.0,0.1,True,False,online_qwen,False,,/DATACENTER3/zhenxiang.wang/work/TailGuardKV/.worktrees/baseline-smoke-final-aggregation/out/full_25session_baseline_9_14/full/policy_attempts/retry2_20260915/seed20260907/config.yaml,,,,,0.1,True,,0.1,,0,False,,120.2578125,59.115478515625,4.55615234375,4.55615234375,1.864501953125,2725.5487898364663,unknown,True,,True,,False,,15246.013671875,True,static_safe,False,0.0,0.0,kivi_4bit_residual64,0.0,,risk_evidence_insufficient,0.0,static_safe,0.0,,,,hybrid-session-016-turn-2,4.55615234375,2.691650390625,4.55615234375,0.0,0.0,/DATACENTER3/zhenxiang.wang/work/TailGuardKV/.worktrees/baseline-smoke-final-aggregation/out/full_25session_baseline_9_14/full/policy_attempts/retry2_20260915/seed20260907,True,calibrated safe,hybrid-session-016,qa,243.51185583509505,2,risk_evidence_insufficient,20260907
kivi_4bit_residual64,13.0,0.1,False,False,online_qwen,False,,/DATACENTER3/zhenxiang.wang/work/TailGuardKV/.worktrees/baseline-smoke-final-aggregation/out/full_25session_baseline_9_14/full/policy_attempts/retry2_20260915/seed20260907/config.yaml,,,,,0.1,True,,0.1,,0,False,,120.2578125,61.015869140625,5.166259765625,5.166259765625,1.900390625,2698.4014390036464,unknown,True,,True,,False,,15248.17529296875,True,static_safe,False,0.0016607037966572258,0.0016607037966572258,kivi_4bit_residual64,0.0016607037966572258,,risk_evidence_insufficient,0.0,static_safe,0.0,,,,hybrid-session-017-turn-2,5.166259765625,3.265869140625,5.166259765625,0.0,0.004982111389971677,/DATACENTER3/zhenxiang.wang/work/TailGuardKV/.worktrees/baseline-smoke-final-aggregation/out/full_25session_baseline_9_14/full/policy_attempts/retry2_20260915/seed20260907,True,calibrated safe,hybrid-session-017,summary,233.63400204107165,2,risk_evidence_insufficient,20260907
kivi_4bit_residual64,13.0,0.1,False,False,online_qwen,False,,/DATACENTER3/zhenxiang.wang/work/TailGuardKV/.worktrees/baseline-smoke-final-aggregation/out/full_25session_baseline_9_14/full/policy_attempts/retry2_20260915/seed20260907/config.yaml,,,,,0.1,True,,0.1,,0,False,,120.2578125,62.80859375,4.592041015625,4.592041015625,1.792724609375,2692.7965311333537,unknown,True,,True,,False,,15246.82421875,True,static_safe,False,0.0,0.0,kivi_4bit_residual64,0.0,,risk_evidence_insufficient,0.0,static_safe,0.0,,,,hybrid-session-020-turn-2,4.592041015625,2.79931640625,4.592041015625,0.0,0.0,/DATACENTER3/zhenxiang.wang/work/TailGuardKV/.worktrees/baseline-smoke-final-aggregation/out/full_25session_baseline_9_14/full/policy_attempts/retry2_20260915/seed20260907,True,calibrated safe,hybrid-session-020,qa,240.03478698432446,2,risk_evidence_insufficient,20260907
kivi_4bit_residual64,13.0,0.1,False,False,online_qwen,False,,/DATACENTER3/zhenxiang.wang/work/TailGuardKV/.worktrees/baseline-smoke-final-aggregation/out/full_25session_baseline_9_14/full/policy_attempts/retry2_20260915/seed20260907/config.yaml,,,,,0.1,True,,0.1,,0,False,,120.2578125,64.601318359375,4.484375,4.484375,1.792724609375,2690.1870409492403,unknown,True,,True,,False,,15248.63671875,True,static_safe,False,0.0,0.0,kivi_4bit_residual64,0.0,,risk_evidence_insufficient,0.0,static_safe,0.0,,,,hybrid-session-023-turn-2,4.484375,2.691650390625,4.484375,0.0,0.0,/DATACENTER3/zhenxiang.wang/work/TailGuardKV/.worktrees/baseline-smoke-final-aggregation/out/full_25session_baseline_9_14/full/policy_attempts/retry2_20260915/seed20260907,True,calibrated safe,hybrid-session-023,summary,225.41474201716483,2,risk_evidence_insufficient,20260907
kivi_4bit_residual64,13.0,0.1,False,False,online_qwen,False,,/DATACENTER3/zhenxiang.wang/work/TailGuardKV/.worktrees/baseline-smoke-final-aggregation/out/full_25session_baseline_9_14/full/policy_attempts/retry2_20260915/seed20260907/config.yaml,,,,,0.1,True,,0.1,,0,False,,120.2578125,66.21630859375,6.42236328125,6.42236328125,1.614990234375,2671.6398149728775,unknown,True,,True,,False,,15144.11328125,True,static_safe,False,0.0,0.0,kivi_4bit_residual64,0.0,,risk_evidence_insufficient,0.0,static_safe,0.0,,,,hybrid-session-000-turn-3,6.42236328125,4.807373046875,6.42236328125,0.0,0.0,/DATACENTER3/zhenxiang.wang/work/TailGuardKV/.worktrees/baseline-smoke-final-aggregation/out/full_25session_baseline_9_14/full/policy_attempts/retry2_20260915/seed20260907,True,calibrated safe,hybrid-session-000,qa,200.60166297480464,3,risk_evidence_insufficient,20260907
kivi_4bit_residual64,13.0,0.1,False,False,online_qwen,False,,/DATACENTER3/zhenxiang.wang/work/TailGuardKV/.worktrees/baseline-smoke-final-aggregation/out/full_25session_baseline_9_14/full/policy_attempts/retry2_20260915/seed20260907/config.yaml,,,,,0.1,True,,0.1,,0,False,,120.2578125,67.831298828125,6.20703125,6.20703125,1.614990234375,2110.778357833624,unknown,True,,True,,False,,15145.7265625,True,static_safe,False,0.0,0.0,kivi_4bit_residual64,0.0,,risk_evidence_insufficient,0.0,static_safe,0.0,,,,hybrid-session-002-turn-3,6.20703125,4.592041015625,6.20703125,0.0,0.0,/DATACENTER3/zhenxiang.wang/work/TailGuardKV/.worktrees/baseline-smoke-final-aggregation/out/full_25session_baseline_9_14/full/policy_attempts/retry2_20260915/seed20260907,True,calibrated safe,hybrid-session-002,qa,170.49672291614115,3,risk_evidence_insufficient,20260907
kivi_4bit_residual64,13.0,0.1,False,False,online_qwen,False,,/DATACENTER3/zhenxiang.wang/work/TailGuardKV/.worktrees/baseline-smoke-final-aggregation/out/full_25session_baseline_9_14/full/policy_attempts/retry2_20260915/seed20260907/config.yaml,,,,,0.1,True,,0.1,,0,False,,120.2578125,68.207275390625,5.525146484375,5.525146484375,0.3759765625,2696.32920389995,unknown,True,,True,,False,,15144.58984375,True,static_safe,False,0.0,0.0,kivi_4bit_residual64,0.0,,risk_evidence_insufficient,0.0,static_safe,0.0,,,,hybrid-session-003-turn-3,5.525146484375,5.149169921875,5.525146484375,0.0,0.0,/DATACENTER3/zhenxiang.wang/work/TailGuardKV/.worktrees/baseline-smoke-final-aggregation/out/full_25session_baseline_9_14/full/policy_attempts/retry2_20260915/seed20260907,True,calibrated safe,hybrid-session-003,summary,219.38803000375628,3,risk_evidence_insufficient,20260907
kivi_4bit_residual64,13.0,0.1,False,False,online_qwen,False,,/DATACENTER3/zhenxiang.wang/work/TailGuardKV/.worktrees/baseline-smoke-final-aggregation/out/full_25session_baseline_9_14/full/policy_attempts/retry2_20260915/seed20260907/config.yaml,,,,,0.1,True,,0.1,,0,False,,120.2578125,68.583251953125,5.309814453125,5.309814453125,0.3759765625,2659.0436631813645,unknown,True,,True,,False,,15144.97265625,True,static_safe,False,0.0,0.0,kivi_4bit_residual64,0.0,,risk_evidence_insufficient,0.0,static_safe,0.0,,,,hybrid-session-007-turn-3,5.309814453125,4.933837890625,5.309814453125,0.0,0.0,/DATACENTER3/zhenxiang.wang/work/TailGuardKV/.worktrees/baseline-smoke-final-aggregation/out/full_25session_baseline_9_14/full/policy_attempts/retry2_20260915/seed20260907,True,calibrated safe,hybrid-session-007,summary,216.7625401634723,3,risk_evidence_insufficient,20260907
kivi_4bit_residual64,13.0,0.1,False,False,online_qwen,False,,/DATACENTER3/zhenxiang.wang/work/TailGuardKV/.worktrees/baseline-smoke-final-aggregation/out/full_25session_baseline_9_14/full/policy_attempts/retry2_20260915/seed20260907/config.yaml,,,,,0.1,True,,0.1,,0,False,,120.2578125,68.9951171875,5.955810546875,5.955810546875,0.411865234375,2650.789181003347,unknown,True,,True,,False,,15146.853515625,True,static_safe,False,0.0,0.0,kivi_4bit_residual64,0.0,,risk_evidence_insufficient,0.023890972137451172,static_safe,0.0,,,,hybrid-session-008-turn-3,5.955810546875,5.5439453125,5.955810546875,0.0,0.0,/DATACENTER3/zhenxiang.wang/work/TailGuardKV/.worktrees/baseline-smoke-final-aggregation/out/full_25session_baseline_9_14/full/policy_attempts/retry2_20260915/seed20260907,True,calibrated safe,hybrid-session-008,qa,209.95226595550776,3,risk_evidence_insufficient,20260907
kivi_4bit_residual64,13.0,0.1,False,False,online_qwen,False,,/DATACENTER3/zhenxiang.wang/work/TailGuardKV/.worktrees/baseline-smoke-final-aggregation/out/full_25session_baseline_9_14/full/policy_attempts/retry2_20260915/seed20260907/config.yaml,,,,,0.1,True,,0.1,,0,False,,120.2578125,69.37109375,5.381591796875,5.381591796875,0.3759765625,2653.164513874799,unknown,True,,True,,False,,15145.779296875,True,static_safe,False,0.0,0.0,kivi_4bit_residual64,0.0,,risk_evidence_insufficient,0.0,static_safe,0.0,,,,hybrid-session-009-turn-3,5.381591796875,5.005615234375,5.381591796875,0.0,0.0,/DATACENTER3/zhenxiang.wang/work/TailGuardKV/.worktrees/baseline-smoke-final-aggregation/out/full_25session_baseline_9_14/full/policy_attempts/retry2_20260915/seed20260907,True,calibrated safe,hybrid-session-009,summary,209.73418094217777,3,risk_evidence_insufficient,20260907
kivi_4bit_residual64,13.0,0.1,False,False,online_qwen,False,,/DATACENTER3/zhenxiang.wang/work/TailGuardKV/.worktrees/baseline-smoke-final-aggregation/out/full_25session_baseline_9_14/full/policy_attempts/retry2_20260915/seed20260907/config.yaml,,,,,0.1,True,,0.1,,0,False,,120.2578125,69.782958984375,5.84814453125,5.84814453125,0.411865234375,2292.757940944284,unknown,True,,True,,False,,15147.654296875,True,static_safe,False,0.0,0.0,kivi_4bit_residual64,0.0,,risk_evidence_insufficient,0.0,static_safe,0.0,,,,hybrid-session-010-turn-3,5.84814453125,5.436279296875,5.84814453125,0.0,0.0,/DATACENTER3/zhenxiang.wang/work/TailGuardKV/.worktrees/baseline-smoke-final-aggregation/out/full_25session_baseline_9_14/full/policy_attempts/retry2_20260915/seed20260907,True,calibrated safe,hybrid-session-010,qa,209.19062290340662,3,risk_evidence_insufficient,20260907
kivi_4bit_residual64,13.0,0.1,False,False,online_qwen,False,,/DATACENTER3/zhenxiang.wang/work/TailGuardKV/.worktrees/baseline-smoke-final-aggregation/out/full_25session_baseline_9_14/full/policy_attempts/retry2_20260915/seed20260907/config.yaml,,,,,0.1,True,,0.1,,0,False,,120.2578125,70.158935546875,5.525146484375,5.525146484375,0.3759765625,2660.0167038850486,unknown,True,,True,,False,,15146.544921875,True,static_safe,False,0.0,0.0,kivi_4bit_residual64,0.0,,risk_evidence_insufficient,0.0,static_safe,0.0,,,,hybrid-session-011-turn-3,5.525146484375,5.149169921875,5.525146484375,0.0,0.0,/DATACENTER3/zhenxiang.wang/work/TailGuardKV/.worktrees/baseline-smoke-final-aggregation/out/full_25session_baseline_9_14/full/policy_attempts/retry2_20260915/seed20260907,True,calibrated safe,hybrid-session-011,summary,213.45915086567402,3,risk_evidence_insufficient,20260907
kivi_4bit_residual64,13.0,0.1,False,False,online_qwen,False,,/DATACENTER3/zhenxiang.wang/work/TailGuardKV/.worktrees/baseline-smoke-final-aggregation/out/full_25session_baseline_9_14/full/policy_attempts/retry2_20260915/seed20260907/config.yaml,,,,,0.1,True,,0.1,,0,False,,120.2578125,70.534912109375,5.56103515625,5.56103515625,0.3759765625,2655.799478990957,unknown,True,,True,,False,,15146.908203125,True,static_safe,False,0.0,0.0,kivi_4bit_residual64,0.0,,risk_evidence_insufficient,0.0,static_safe,0.0,,,,hybrid-session-013-turn-3,5.56103515625,5.18505859375,5.56103515625,0.0,0.0,/DATACENTER3/zhenxiang.wang/work/TailGuardKV/.worktrees/baseline-smoke-final-aggregation/out/full_25session_baseline_9_14/full/policy_attempts/retry2_20260915/seed20260907,True,calibrated safe,hybrid-session-013,summary,207.06314803101122,3,risk_evidence_insufficient,20260907
kivi_4bit_residual64,13.0,0.1,False,False,online_qwen,False,,/DATACENTER3/zhenxiang.wang/work/TailGuardKV/.worktrees/baseline-smoke-final-aggregation/out/full_25session_baseline_9_14/full/policy_attempts/retry2_20260915/seed20260907/config.yaml,,,,,0.1,True,,0.1,,0,False,,120.2578125,72.14990234375,6.171142578125,6.171142578125,1.614990234375,2635.27794694528,unknown,True,,True,,False,,15149.96875,True,static_safe,False,0.0,0.0,kivi_4bit_residual64,0.0,,risk_evidence_insufficient,0.0,static_safe,0.0,,,,hybrid-session-016-turn-3,6.171142578125,4.55615234375,6.171142578125,0.0,0.0,/DATACENTER3/zhenxiang.wang/work/TailGuardKV/.worktrees/baseline-smoke-final-aggregation/out/full_25session_baseline_9_14/full/policy_attempts/retry2_20260915/seed20260907,True,calibrated safe,hybrid-session-016,qa,184.83905191533267,3,risk_evidence_insufficient,20260907
kivi_4bit_residual64,13.0,0.1,False,False,online_qwen,False,,/DATACENTER3/zhenxiang.wang/work/TailGuardKV/.worktrees/baseline-smoke-final-aggregation/out/full_25session_baseline_9_14/full/policy_attempts/retry2_20260915/seed20260907/config.yaml,,,,,0.1,True,,0.1,,0,False,,120.2578125,73.72900390625,6.745361328125,6.745361328125,1.5791015625,2634.4903830904514,unknown,True,,True,,False,,15150.0703125,True,static_safe,False,0.0,0.0,kivi_4bit_residual64,0.0,,risk_evidence_insufficient,0.0,static_safe,0.0,,,,hybrid-session-017-turn-3,6.745361328125,5.166259765625,6.745361328125,0.0,0.0,/DATACENTER3/zhenxiang.wang/work/TailGuardKV/.worktrees/baseline-smoke-final-aggregation/out/full_25session_baseline_9_14/full/policy_attempts/retry2_20260915/seed20260907,True,calibrated safe,hybrid-session-017,summary,179.32069301605225,3,risk_evidence_insufficient,20260907
kivi_4bit_residual64,13.0,0.1,False,False,online_qwen,False,,/DATACENTER3/zhenxiang.wang/work/TailGuardKV/.worktrees/baseline-smoke-final-aggregation/out/full_25session_baseline_9_14/full/policy_attempts/retry2_20260915/seed20260907/config.yaml,,,,,0.1,True,,0.1,,0,False,,120.2578125,75.343994140625,6.20703125,6.20703125,1.614990234375,2405.028152046725,unknown,True,,True,,False,,15153.13671875,True,static_safe,False,0.0,0.0,kivi_4bit_residual64,0.0,,risk_evidence_insufficient,0.0,static_safe,0.0,,,,hybrid-session-020-turn-3,6.20703125,4.592041015625,6.20703125,0.0,0.0,/DATACENTER3/zhenxiang.wang/work/TailGuardKV/.worktrees/baseline-smoke-final-aggregation/out/full_25session_baseline_9_14/full/policy_attempts/retry2_20260915/seed20260907,True,calibrated safe,hybrid-session-020,qa,179.75708306767046,3,risk_evidence_insufficient,20260907
kivi_4bit_residual64,13.0,0.1,False,False,online_qwen,False,,/DATACENTER3/zhenxiang.wang/work/TailGuardKV/.worktrees/baseline-smoke-final-aggregation/out/full_25session_baseline_9_14/full/policy_attempts/retry2_20260915/seed20260907/config.yaml,,,,,0.1,True,,0.1,,0,False,,120.2578125,76.923095703125,6.0634765625,6.0634765625,1.5791015625,2641.644338145852,unknown,True,,True,,False,,15153.23828125,True,static_safe,False,0.0,0.0,kivi_4bit_residual64,0.0,,risk_evidence_insufficient,0.0,static_safe,0.0,,,,hybrid-session-023-turn-3,6.0634765625,4.484375,6.0634765625,0.0,0.0,/DATACENTER3/zhenxiang.wang/work/TailGuardKV/.worktrees/baseline-smoke-final-aggregation/out/full_25session_baseline_9_14/full/policy_attempts/retry2_20260915/seed20260907,True,calibrated safe,hybrid-session-023,summary,173.15920302644372,3,risk_evidence_insufficient,20260907
kivi_4bit_residual64,13.0,0.1,False,False,online_qwen,False,,/DATACENTER3/zhenxiang.wang/work/TailGuardKV/.worktrees/baseline-smoke-final-aggregation/out/full_25session_baseline_9_14/full/policy_attempts/retry2_20260915/seed20260907/config.yaml,,,,,0.1,True,,0.1,,0,False,,120.2578125,77.155517578125,6.65478515625,6.65478515625,0.232421875,2681.5723821055144,unknown,True,,True,,False,,15147.630859375,True,static_safe,False,0.0,0.0,kivi_4bit_residual64,0.0,,risk_evidence_insufficient,0.0,static_safe,0.0,,,,hybrid-session-000-turn-4,6.65478515625,6.42236328125,6.65478515625,0.0,0.0,/DATACENTER3/zhenxiang.wang/work/TailGuardKV/.worktrees/baseline-smoke-final-aggregation/out/full_25session_baseline_9_14/full/policy_attempts/retry2_20260915/seed20260907,True,calibrated safe,hybrid-session-000,qa,232.2356861550361,4,risk_evidence_insufficient,20260907
kivi_4bit_residual64,13.0,0.1,False,False,online_qwen,False,,/DATACENTER3/zhenxiang.wang/work/TailGuardKV/.worktrees/baseline-smoke-final-aggregation/out/full_25session_baseline_9_14/full/policy_attempts/retry2_20260915/seed20260907/config.yaml,,,,,0.1,True,,0.1,,0,False,,120.2578125,77.387939453125,6.439453125,6.439453125,0.232421875,2473.767807940021,unknown,True,,True,,False,,15147.876953125,True,static_safe,False,0.0,0.0,kivi_4bit_residual64,0.0,,risk_evidence_insufficient,0.0,static_safe,0.0,,,,hybrid-session-002-turn-4,6.439453125,6.20703125,6.439453125,0.0,0.0,/DATACENTER3/zhenxiang.wang/work/TailGuardKV/.worktrees/baseline-smoke-final-aggregation/out/full_25session_baseline_9_14/full/policy_attempts/retry2_20260915/seed20260907,True,calibrated safe,hybrid-session-002,qa,221.4723159559071,4,risk_evidence_insufficient,20260907
kivi_4bit_residual64,13.0,0.1,False,False,online_qwen,False,,/DATACENTER3/zhenxiang.wang/work/TailGuardKV/.worktrees/baseline-smoke-final-aggregation/out/full_25session_baseline_9_14/full/policy_attempts/retry2_20260915/seed20260907/config.yaml,,,,,0.1,True,,0.1,,0,False,,120.2578125,77.620361328125,5.757568359375,5.757568359375,0.232421875,2182.6436689589173,unknown,True,,True,,False,,15149.31640625,True,static_safe,False,0.0,0.0,kivi_4bit_residual64,0.0,,risk_evidence_insufficient,0.0,static_safe,0.0,,,,hybrid-session-003-turn-4,5.757568359375,5.525146484375,5.757568359375,0.0,0.0,/DATACENTER3/zhenxiang.wang/work/TailGuardKV/.worktrees/baseline-smoke-final-aggregation/out/full_25session_baseline_9_14/full/policy_attempts/retry2_20260915/seed20260907,True,calibrated safe,hybrid-session-003,summary,172.86915378645062,4,risk_evidence_insufficient,20260907
kivi_4bit_residual64,13.0,0.1,False,False,online_qwen,False,,/DATACENTER3/zhenxiang.wang/work/TailGuardKV/.worktrees/baseline-smoke-final-aggregation/out/full_25session_baseline_9_14/full/policy_attempts/retry2_20260915/seed20260907/config.yaml,,,,,0.1,True,,0.1,,0,False,,120.2578125,79.055908203125,6.745361328125,6.745361328125,1.435546875,2624.9303808435798,unknown,True,,True,,False,,15149.546875,True,static_safe,False,0.0,0.0,kivi_4bit_residual64,0.0,,risk_evidence_insufficient,0.0,static_safe,0.0,,,,hybrid-session-007-turn-4,6.745361328125,5.309814453125,6.745361328125,0.0,0.0,/DATACENTER3/zhenxiang.wang/work/TailGuardKV/.worktrees/baseline-smoke-final-aggregation/out/full_25session_baseline_9_14/full/policy_attempts/retry2_20260915/seed20260907,True,calibrated safe,hybrid-session-007,summary,185.47316081821918,4,risk_evidence_insufficient,20260907
kivi_4bit_residual64,13.0,0.1,False,False,online_qwen,False,,/DATACENTER3/zhenxiang.wang/work/TailGuardKV/.worktrees/baseline-smoke-final-aggregation/out/full_25session_baseline_9_14/full/policy_attempts/retry2_20260915/seed20260907/config.yaml,,,,,0.1,True,,0.1,,0,False,,120.2578125,79.288330078125,6.188232421875,6.188232421875,0.232421875,2680.1175829023123,unknown,True,,True,,False,,15149.783203125,True,static_safe,False,0.0,0.0,kivi_4bit_residual64,0.0,,risk_evidence_insufficient,0.0,static_safe,0.0,,,,hybrid-session-008-turn-4,6.188232421875,5.955810546875,6.188232421875,0.0,0.0,/DATACENTER3/zhenxiang.wang/work/TailGuardKV/.worktrees/baseline-smoke-final-aggregation/out/full_25session_baseline_9_14/full/policy_attempts/retry2_20260915/seed20260907,True,calibrated safe,hybrid-session-008,qa,210.09012288413942,4,risk_evidence_insufficient,20260907
kivi_4bit_residual64,13.0,0.1,True,False,online_qwen,False,,/DATACENTER3/zhenxiang.wang/work/TailGuardKV/.worktrees/baseline-smoke-final-aggregation/out/full_25session_baseline_9_14/full/policy_attempts/retry2_20260915/seed20260907/config.yaml,,,,,0.1,True,,0.1,,0,False,,120.2578125,79.520751953125,5.614013671875,5.614013671875,0.232421875,2424.9598819296807,unknown,True,,True,,False,,15151.23046875,True,static_safe,False,0.0,0.0,kivi_4bit_residual64,0.0,,risk_evidence_insufficient,0.0,static_safe,0.0,,,,hybrid-session-009-turn-4,5.614013671875,5.381591796875,5.614013671875,0.0,0.0,/DATACENTER3/zhenxiang.wang/work/TailGuardKV/.worktrees/baseline-smoke-final-aggregation/out/full_25session_baseline_9_14/full/policy_attempts/retry2_20260915/seed20260907,True,calibrated safe,hybrid-session-009,summary,173.22385194711387,4,risk_evidence_insufficient,20260907
kivi_4bit_residual64,13.0,0.1,False,False,online_qwen,False,,/DATACENTER3/zhenxiang.wang/work/TailGuardKV/.worktrees/baseline-smoke-final-aggregation/out/full_25session_baseline_9_14/full/policy_attempts/retry2_20260915/seed20260907/config.yaml,,,,,0.1,True,,0.1,,0,False,,120.2578125,79.753173828125,6.08056640625,6.08056640625,0.232421875,2662.911591818556,unknown,True,,True,,False,,15151.4384765625,True,static_safe,False,0.0,0.0,kivi_4bit_residual64,0.0,,risk_evidence_insufficient,0.0,static_safe,0.0,,,,hybrid-session-010-turn-4,6.08056640625,5.84814453125,6.08056640625,0.0,0.0,/DATACENTER3/zhenxiang.wang/work/TailGuardKV/.worktrees/baseline-smoke-final-aggregation/out/full_25session_baseline_9_14/full/policy_attempts/retry2_20260915/seed20260907,True,calibrated safe,hybrid-session-010,qa,188.74834198504686,4,risk_evidence_insufficient,20260907
kivi_4bit_residual64,13.0,0.1,True,False,online_qwen,False,,/DATACENTER3/zhenxiang.wang/work/TailGuardKV/.worktrees/baseline-smoke-final-aggregation/out/full_25session_baseline_9_14/full/policy_attempts/retry2_20260915/seed20260907/config.yaml,,,,,0.1,True,,0.1,,0,False,,120.2578125,79.985595703125,5.757568359375,5.757568359375,0.232421875,2687.4933529179543,unknown,True,,True,,False,,15151.6953125,True,static_safe,False,0.0,0.0,kivi_4bit_residual64,0.0,,risk_evidence_insufficient,0.0,static_safe,0.0,,,,hybrid-session-011-turn-4,5.757568359375,5.525146484375,5.757568359375,0.0,0.0,/DATACENTER3/zhenxiang.wang/work/TailGuardKV/.worktrees/baseline-smoke-final-aggregation/out/full_25session_baseline_9_14/full/policy_attempts/retry2_20260915/seed20260907,True,calibrated safe,hybrid-session-011,summary,174.2180020082742,4,risk_evidence_insufficient,20260907
kivi_4bit_residual64,13.0,0.1,False,False,online_qwen,False,,/DATACENTER3/zhenxiang.wang/work/TailGuardKV/.worktrees/baseline-smoke-final-aggregation/out/full_25session_baseline_9_14/full/policy_attempts/retry2_20260915/seed20260907/config.yaml,,,,,0.1,True,,0.1,,0,False,,120.2578125,80.218017578125,5.79345703125,5.79345703125,0.232421875,2657.364662969485,unknown,True,,True,,False,,15151.94921875,True,static_safe,False,0.0,0.0,kivi_4bit_residual64,0.0,,risk_evidence_insufficient,0.0,static_safe,0.0,,,,hybrid-session-013-turn-4,5.79345703125,5.56103515625,5.79345703125,0.0,0.0,/DATACENTER3/zhenxiang.wang/work/TailGuardKV/.worktrees/baseline-smoke-final-aggregation/out/full_25session_baseline_9_14/full/policy_attempts/retry2_20260915/seed20260907,True,calibrated safe,hybrid-session-013,summary,172.600886086002,4,risk_evidence_insufficient,20260907
kivi_4bit_residual64,13.0,0.1,False,False,online_qwen,False,,/DATACENTER3/zhenxiang.wang/work/TailGuardKV/.worktrees/baseline-smoke-final-aggregation/out/full_25session_baseline_9_14/full/policy_attempts/retry2_20260915/seed20260907/config.yaml,,,,,0.1,True,,0.1,,0,False,,120.2578125,80.450439453125,6.403564453125,6.403564453125,0.232421875,2653.853871161118,unknown,True,,True,,False,,15150.986328125,True,static_safe,False,0.0,0.0,kivi_4bit_residual64,0.0,,risk_evidence_insufficient,0.0,static_safe,0.0,,,,hybrid-session-016-turn-4,6.403564453125,6.171142578125,6.403564453125,0.0,0.0,/DATACENTER3/zhenxiang.wang/work/TailGuardKV/.worktrees/baseline-smoke-final-aggregation/out/full_25session_baseline_9_14/full/policy_attempts/retry2_20260915/seed20260907,True,calibrated safe,hybrid-session-016,qa,209.1898829676211,4,risk_evidence_insufficient,20260907
kivi_4bit_residual64,13.0,0.1,False,False,online_qwen,False,,/DATACENTER3/zhenxiang.wang/work/TailGuardKV/.worktrees/baseline-smoke-final-aggregation/out/full_25session_baseline_9_14/full/policy_attempts/retry2_20260915/seed20260907/config.yaml,,,,,0.1,True,,0.1,,0,False,,120.2578125,80.682861328125,6.977783203125,6.977783203125,0.232421875,2119.568237103522,unknown,True,,True,,False,,15151.232421875,True,static_safe,False,0.0,0.0,kivi_4bit_residual64,0.0,,risk_evidence_insufficient,0.0,static_safe,0.0,,,,hybrid-session-017-turn-4,6.977783203125,6.745361328125,6.977783203125,0.0,0.0,/DATACENTER3/zhenxiang.wang/work/TailGuardKV/.worktrees/baseline-smoke-final-aggregation/out/full_25session_baseline_9_14/full/policy_attempts/retry2_20260915/seed20260907,True,calibrated safe,hybrid-session-017,summary,178.58580104075372,4,risk_evidence_insufficient,20260907
kivi_4bit_residual64,13.0,0.1,False,False,online_qwen,False,,/DATACENTER3/zhenxiang.wang/work/TailGuardKV/.worktrees/baseline-smoke-final-aggregation/out/full_25session_baseline_9_14/full/policy_attempts/retry2_20260915/seed20260907/config.yaml,,,,,0.1,True,,0.1,,0,False,,120.2578125,80.915283203125,6.439453125,6.439453125,0.232421875,2671.5733918827027,unknown,True,,True,,False,,15151.486328125,True,static_safe,False,0.0,0.0,kivi_4bit_residual64,0.0,,risk_evidence_insufficient,0.0,static_safe,0.0,,,,hybrid-session-020-turn-4,6.439453125,6.20703125,6.439453125,0.0,0.0,/DATACENTER3/zhenxiang.wang/work/TailGuardKV/.worktrees/baseline-smoke-final-aggregation/out/full_25session_baseline_9_14/full/policy_attempts/retry2_20260915/seed20260907,True,calibrated safe,hybrid-session-020,qa,219.84022296965122,4,risk_evidence_insufficient,20260907
kivi_4bit_residual64,13.0,0.1,False,False,online_qwen,False,,/DATACENTER3/zhenxiang.wang/work/TailGuardKV/.worktrees/baseline-smoke-final-aggregation/out/full_25session_baseline_9_14/full/policy_attempts/retry2_20260915/seed20260907/config.yaml,,,,,0.1,True,,0.1,,0,False,,120.2578125,81.147705078125,6.2958984375,6.2958984375,0.232421875,2658.4697430953383,unknown,True,,True,,False,,15151.732421875,True,static_safe,False,0.0,0.0,kivi_4bit_residual64,0.0,,risk_evidence_insufficient,0.0,static_safe,0.0,,,,hybrid-session-023-turn-4,6.2958984375,6.0634765625,6.2958984375,0.0,0.0,/DATACENTER3/zhenxiang.wang/work/TailGuardKV/.worktrees/baseline-smoke-final-aggregation/out/full_25session_baseline_9_14/full/policy_attempts/retry2_20260915/seed20260907,True,calibrated safe,hybrid-session-023,summary,210.06535599008203,4,risk_evidence_insufficient,20260907
kivi_2bit_residual32,1.0,0.1,False,False,online_qwen,False,8.0,/DATACENTER3/zhenxiang.wang/work/TailGuardKV/.worktrees/baseline-smoke-final-aggregation/out/full_25session_baseline_9_14/full/policy_attempts/retry2_20260915/seed20260907/config.yaml,,,,,0.1,True,,0.1,,0,False,,120.2578125,1.203125,1.203125,1.203125,1.203125,42256.03412890434,unknown,True,,True,,False,,15045.50732421875,True,utility_dynamic,False,0.0,0.0,kivi_2bit_residual32,0.0,,risk_evidence_insufficient,0.0,utility_dynamic,0.0,,,,hybrid-session-000-turn-0,1.203125,0.0,1.203125,0.0,0.0,/DATACENTER3/zhenxiang.wang/work/TailGuardKV/.worktrees/baseline-smoke-final-aggregation/out/full_25session_baseline_9_14/full/policy_attempts/retry2_20260915/seed20260907,True,,hybrid-session-000,chat,41035.202032957226,0,risk_evidence_insufficient,20260907
kivi_2bit_residual32,2.0,0.1,False,False,online_qwen,False,8.0,/DATACENTER3/zhenxiang.wang/work/TailGuardKV/.worktrees/baseline-smoke-final-aggregation/out/full_25session_baseline_9_14/full/policy_attempts/retry2_20260915/seed20260907/config.yaml,,,,,0.1,True,,0.1,,0,False,,120.2578125,2.43701171875,1.23388671875,1.23388671875,1.23388671875,4887.966645881534,unknown,True,,True,,False,,15071.74462890625,True,utility_dynamic,False,0.0,0.0,kivi_2bit_residual32,0.0,,risk_evidence_insufficient,0.0,utility_dynamic,0.0,,,,hybrid-session-002-turn-0,1.23388671875,0.0,1.23388671875,0.0,0.0,/DATACENTER3/zhenxiang.wang/work/TailGuardKV/.worktrees/baseline-smoke-final-aggregation/out/full_25session_baseline_9_14/full/policy_attempts/retry2_20260915/seed20260907,True,,hybrid-session-002,chat,101.59948584623635,0,risk_evidence_insufficient,20260907
kivi_2bit_residual32,3.0,0.1,False,False,online_qwen,False,8.0,/DATACENTER3/zhenxiang.wang/work/TailGuardKV/.worktrees/baseline-smoke-final-aggregation/out/full_25session_baseline_9_14/full/policy_attempts/retry2_20260915/seed20260907/config.yaml,,,,,0.1,True,,0.1,,0,False,,120.2578125,3.91357421875,1.4765625,1.4765625,1.4765625,1338.2618899922818,unknown,True,,True,,False,,15055.57666015625,True,utility_dynamic,False,0.0,0.0,kivi_2bit_residual32,0.0,,risk_evidence_insufficient,0.0,utility_dynamic,0.0,,,,hybrid-session-003-turn-0,1.4765625,0.0,1.4765625,0.0,0.0,/DATACENTER3/zhenxiang.wang/work/TailGuardKV/.worktrees/baseline-smoke-final-aggregation/out/full_25session_baseline_9_14/full/policy_attempts/retry2_20260915/seed20260907,True,,hybrid-session-003,chat,87.97220699489117,0,risk_evidence_insufficient,20260907
kivi_2bit_residual32,4.0,0.1,False,False,online_qwen,False,8.0,/DATACENTER3/zhenxiang.wang/work/TailGuardKV/.worktrees/baseline-smoke-final-aggregation/out/full_25session_baseline_9_14/full/policy_attempts/retry2_20260915/seed20260907/config.yaml,,,,,0.1,True,,0.1,,0,False,,120.2578125,5.17138671875,1.2578125,1.2578125,1.2578125,1307.9570760019124,unknown,True,,True,,False,,15050.66650390625,True,utility_dynamic,False,0.0,0.0,kivi_2bit_residual32,0.0,,risk_evidence_insufficient,0.0,utility_dynamic,0.0,,,,hybrid-session-007-turn-0,1.2578125,0.0,1.2578125,0.0,0.0,/DATACENTER3/zhenxiang.wang/work/TailGuardKV/.worktrees/baseline-smoke-final-aggregation/out/full_25session_baseline_9_14/full/policy_attempts/retry2_20260915/seed20260907,True,,hybrid-session-007,chat,87.37473492510617,0,risk_evidence_insufficient,20260907
kivi_2bit_residual32,5.0,0.1,False,False,online_qwen,False,8.0,/DATACENTER3/zhenxiang.wang/work/TailGuardKV/.worktrees/baseline-smoke-final-aggregation/out/full_25session_baseline_9_14/full/policy_attempts/retry2_20260915/seed20260907/config.yaml,,,,,0.1,True,,0.1,,0,False,,120.2578125,6.75732421875,1.5859375,1.5859375,1.5859375,1307.1009148843586,unknown,True,,True,,False,,15060.81494140625,True,utility_dynamic,False,0.0,0.0,kivi_2bit_residual32,0.0,,risk_evidence_insufficient,0.0,utility_dynamic,0.0,,,,hybrid-session-008-turn-0,1.5859375,0.0,1.5859375,0.0,0.0,/DATACENTER3/zhenxiang.wang/work/TailGuardKV/.worktrees/baseline-smoke-final-aggregation/out/full_25session_baseline_9_14/full/policy_attempts/retry2_20260915/seed20260907,True,,hybrid-session-008,chat,89.15226487442851,0,risk_evidence_insufficient,20260907
kivi_2bit_residual32,6.0,0.1,False,False,online_qwen,False,8.0,/DATACENTER3/zhenxiang.wang/work/TailGuardKV/.worktrees/baseline-smoke-final-aggregation/out/full_25session_baseline_9_14/full/policy_attempts/retry2_20260915/seed20260907/config.yaml,,,,,0.1,True,,0.1,,0,False,,120.2578125,8.45263671875,1.6953125,1.6953125,1.6953125,1302.4434188846499,unknown,True,,True,,False,,15065.42431640625,True,utility_dynamic,False,0.0,0.0,kivi_2bit_residual32,0.0,,risk_evidence_insufficient,0.0,utility_dynamic,0.0,,,,hybrid-session-009-turn-0,1.6953125,0.0,1.6953125,0.0,0.0,/DATACENTER3/zhenxiang.wang/work/TailGuardKV/.worktrees/baseline-smoke-final-aggregation/out/full_25session_baseline_9_14/full/policy_attempts/retry2_20260915/seed20260907,True,,hybrid-session-009,chat,89.58738506771624,0,risk_evidence_insufficient,20260907
kivi_2bit_residual32,7.0,0.1,False,False,online_qwen,False,8.0,/DATACENTER3/zhenxiang.wang/work/TailGuardKV/.worktrees/baseline-smoke-final-aggregation/out/full_25session_baseline_9_14/full/policy_attempts/retry2_20260915/seed20260907/config.yaml,,,,,0.1,True,,0.1,,0,False,,120.2578125,9.98388671875,1.53125,1.53125,1.53125,1314.4429980311543,unknown,True,,True,,False,,15062.81396484375,True,utility_dynamic,False,0.0,0.0,kivi_2bit_residual32,0.0,,risk_evidence_insufficient,0.0,utility_dynamic,0.0,,,,hybrid-session-010-turn-0,1.53125,0.0,1.53125,0.0,0.0,/DATACENTER3/zhenxiang.wang/work/TailGuardKV/.worktrees/baseline-smoke-final-aggregation/out/full_25session_baseline_9_14/full/policy_attempts/retry2_20260915/seed20260907,True,,hybrid-session-010,chat,87.65912312082946,0,risk_evidence_insufficient,20260907
kivi_2bit_residual32,8.0,0.1,False,False,online_qwen,False,8.0,/DATACENTER3/zhenxiang.wang/work/TailGuardKV/.worktrees/baseline-smoke-final-aggregation/out/full_25session_baseline_9_14/full/policy_attempts/retry2_20260915/seed20260907/config.yaml,,,,,0.1,True,,0.1,,0,False,,120.2578125,11.185302734375,1.201416015625,1.201416015625,1.201416015625,1571.359469089657,unknown,True,,True,,False,,15077.72119140625,True,utility_dynamic,False,0.0,0.0,kivi_2bit_residual32,0.0,,risk_evidence_insufficient,0.0,utility_dynamic,0.0,,,,hybrid-session-011-turn-0,1.201416015625,0.0,1.201416015625,0.0,0.0,/DATACENTER3/zhenxiang.wang/work/TailGuardKV/.worktrees/baseline-smoke-final-aggregation/out/full_25session_baseline_9_14/full/policy_attempts/retry2_20260915/seed20260907,True,,hybrid-session-011,chat,99.90393300540745,0,risk_evidence_insufficient,20260907
kivi_2bit_residual32,9.0,0.1,False,False,online_qwen,False,8.0,/DATACENTER3/zhenxiang.wang/work/TailGuardKV/.worktrees/baseline-smoke-final-aggregation/out/full_25session_baseline_9_14/full/policy_attempts/retry2_20260915/seed20260907/config.yaml,,,,,0.1,True,,0.1,,0,False,,120.2578125,12.2568359375,1.071533203125,1.071533203125,1.071533203125,1425.0180597882718,unknown,True,,True,,False,,15072.90478515625,True,utility_dynamic,False,0.0,0.0,kivi_2bit_residual32,0.0,,risk_evidence_insufficient,0.0,utility_dynamic,0.0,,,,hybrid-session-013-turn-0,1.071533203125,0.0,1.071533203125,0.0,0.0,/DATACENTER3/zhenxiang.wang/work/TailGuardKV/.worktrees/baseline-smoke-final-aggregation/out/full_25session_baseline_9_14/full/policy_attempts/retry2_20260915/seed20260907,True,,hybrid-session-013,chat,100.8659538347274,0,risk_evidence_insufficient,20260907
kivi_2bit_residual32,10.0,0.1,False,False,online_qwen,False,8.0,/DATACENTER3/zhenxiang.wang/work/TailGuardKV/.worktrees/baseline-smoke-final-aggregation/out/full_25session_baseline_9_14/full/policy_attempts/retry2_20260915/seed20260907/config.yaml,,,,,0.1,True,,0.1,,0,False,,120.2578125,13.8154296875,1.55859375,1.55859375,1.55859375,1991.1228360142559,unknown,True,,True,,False,,15098.55029296875,True,utility_dynamic,False,0.0,0.0,kivi_2bit_residual32,0.0,,risk_evidence_insufficient,0.0,utility_dynamic,0.0,,,,hybrid-session-016-turn-0,1.55859375,0.0,1.55859375,0.0,0.0,/DATACENTER3/zhenxiang.wang/work/TailGuardKV/.worktrees/baseline-smoke-final-aggregation/out/full_25session_baseline_9_14/full/policy_attempts/retry2_20260915/seed20260907,True,,hybrid-session-016,chat,147.2532709594816,0,risk_evidence_insufficient,20260907
kivi_2bit_residual32,11.0,0.1,False,False,online_qwen,False,8.0,/DATACENTER3/zhenxiang.wang/work/TailGuardKV/.worktrees/baseline-smoke-final-aggregation/out/full_25session_baseline_9_14/full/policy_attempts/retry2_20260915/seed20260907/config.yaml,,,,,0.1,True,,0.1,,0,False,,120.2578125,15.211669921875,1.396240234375,1.396240234375,1.396240234375,1785.5449658818543,unknown,True,,True,,False,,15090.68798828125,True,utility_dynamic,False,0.0,0.0,kivi_2bit_residual32,0.0,,risk_evidence_insufficient,0.0,utility_dynamic,0.0,,,,hybrid-session-017-turn-0,1.396240234375,0.0,1.396240234375,0.0,0.0,/DATACENTER3/zhenxiang.wang/work/TailGuardKV/.worktrees/baseline-smoke-final-aggregation/out/full_25session_baseline_9_14/full/policy_attempts/retry2_20260915/seed20260907,True,,hybrid-session-017,chat,101.1084420606494,0,risk_evidence_insufficient,20260907
kivi_2bit_residual32,12.0,0.1,False,False,online_qwen,False,8.0,/DATACENTER3/zhenxiang.wang/work/TailGuardKV/.worktrees/baseline-smoke-final-aggregation/out/full_25session_baseline_9_14/full/policy_attempts/retry2_20260915/seed20260907/config.yaml,,,,,0.1,True,,0.1,,0,False,,120.2578125,16.640380859375,1.4287109375,1.4287109375,1.4287109375,1838.2660849019885,unknown,True,,True,,False,,15093.60791015625,True,utility_dynamic,False,0.0,0.0,kivi_2bit_residual32,0.0,,risk_evidence_insufficient,0.0,utility_dynamic,0.0,,,,hybrid-session-020-turn-0,1.4287109375,0.0,1.4287109375,0.0,0.0,/DATACENTER3/zhenxiang.wang/work/TailGuardKV/.worktrees/baseline-smoke-final-aggregation/out/full_25session_baseline_9_14/full/policy_attempts/retry2_20260915/seed20260907,True,,hybrid-session-020,chat,101.82245098985732,0,risk_evidence_insufficient,20260907
kivi_2bit_residual32,13.0,0.1,False,False,online_qwen,False,8.0,/DATACENTER3/zhenxiang.wang/work/TailGuardKV/.worktrees/baseline-smoke-final-aggregation/out/full_25session_baseline_9_14/full/policy_attempts/retry2_20260915/seed20260907/config.yaml,,,,,0.1,True,,0.1,,0,False,,120.2578125,17.874267578125,1.23388671875,1.23388671875,1.23388671875,1578.7196881137788,unknown,True,,True,,False,,15087.28955078125,True,utility_dynamic,False,0.0,0.0,kivi_2bit_residual32,0.0,,risk_evidence_insufficient,0.0,utility_dynamic,0.0,,,,hybrid-session-023-turn-0,1.23388671875,0.0,1.23388671875,0.0,0.0,/DATACENTER3/zhenxiang.wang/work/TailGuardKV/.worktrees/baseline-smoke-final-aggregation/out/full_25session_baseline_9_14/full/policy_attempts/retry2_20260915/seed20260907,True,,hybrid-session-023,chat,98.8584861624986,0,risk_evidence_insufficient,20260907
kivi_2bit_residual32,13.0,0.1,False,False,online_qwen,False,8.0,/DATACENTER3/zhenxiang.wang/work/TailGuardKV/.worktrees/baseline-smoke-final-aggregation/out/full_25session_baseline_9_14/full/policy_attempts/retry2_20260915/seed20260907/config.yaml,,,,,0.1,True,,0.1,,0,False,,120.2578125,18.294677734375,1.62353515625,1.62353515625,0.42041015625,2015.0420700665563,unknown,True,,True,,False,,15071.58056640625,True,utility_dynamic,False,0.0,0.0,kivi_2bit_residual32,0.0,,risk_evidence_insufficient,0.0,utility_dynamic,0.0,,,,hybrid-session-000-turn-1,1.62353515625,1.203125,1.62353515625,0.0,0.0,/DATACENTER3/zhenxiang.wang/work/TailGuardKV/.worktrees/baseline-smoke-final-aggregation/out/full_25session_baseline_9_14/full/policy_attempts/retry2_20260915/seed20260907,True,,hybrid-session-000,chat,144.6041960734874,1,risk_evidence_insufficient,20260907
kivi_2bit_residual32,13.0,0.1,True,False,online_qwen,False,8.0,/DATACENTER3/zhenxiang.wang/work/TailGuardKV/.worktrees/baseline-smoke-final-aggregation/out/full_25session_baseline_9_14/full/policy_attempts/retry2_20260915/seed20260907/config.yaml,,,,,0.1,True,,0.1,,0,False,,120.2578125,18.6552734375,1.594482421875,1.594482421875,0.360595703125,2111.629417864606,unknown,True,,True,,False,,15079.70849609375,True,utility_dynamic,False,0.0,0.0,kivi_2bit_residual32,0.0,,risk_evidence_insufficient,0.0,utility_dynamic,0.0,,,,hybrid-session-002-turn-1,1.594482421875,1.23388671875,1.594482421875,0.0,0.0,/DATACENTER3/zhenxiang.wang/work/TailGuardKV/.worktrees/baseline-smoke-final-aggregation/out/full_25session_baseline_9_14/full/policy_attempts/retry2_20260915/seed20260907,True,,hybrid-session-002,chat,162.6439190004021,1,risk_evidence_insufficient,20260907
kivi_2bit_residual32,13.0,0.1,False,False,online_qwen,False,8.0,/DATACENTER3/zhenxiang.wang/work/TailGuardKV/.worktrees/baseline-smoke-final-aggregation/out/full_25session_baseline_9_14/full/policy_attempts/retry2_20260915/seed20260907/config.yaml,,,,,0.1,True,,0.1,,0,False,,120.2578125,18.899658203125,1.720947265625,1.720947265625,0.244384765625,2019.4236140232533,unknown,True,,True,,False,,15069.87548828125,True,utility_dynamic,False,0.0,0.0,kivi_2bit_residual32,0.0,,risk_evidence_insufficient,0.0,utility_dynamic,0.0,,,,hybrid-session-003-turn-1,1.720947265625,1.4765625,1.720947265625,0.0,0.0,/DATACENTER3/zhenxiang.wang/work/TailGuardKV/.worktrees/baseline-smoke-final-aggregation/out/full_25session_baseline_9_14/full/policy_attempts/retry2_20260915/seed20260907,True,,hybrid-session-003,chat,150.45553096570075,1,risk_evidence_insufficient,20260907
kivi_2bit_residual32,13.0,0.1,False,False,online_qwen,False,8.0,/DATACENTER3/zhenxiang.wang/work/TailGuardKV/.worktrees/baseline-smoke-final-aggregation/out/full_25session_baseline_9_14/full/policy_attempts/retry2_20260915/seed20260907/config.yaml,,,,,0.1,True,,0.1,,0,False,,120.2578125,19.49267578125,1.850830078125,1.850830078125,0.593017578125,2000.3244751133025,unknown,True,,True,,False,,15082.19091796875,True,utility_dynamic,False,0.0,0.0,kivi_2bit_residual32,0.0,,risk_evidence_insufficient,0.0,utility_dynamic,0.0,,,,hybrid-session-007-turn-1,1.850830078125,1.2578125,1.850830078125,0.0,0.0,/DATACENTER3/zhenxiang.wang/work/TailGuardKV/.worktrees/baseline-smoke-final-aggregation/out/full_25session_baseline_9_14/full/policy_attempts/retry2_20260915/seed20260907,True,,hybrid-session-007,chat,157.99252316355705,1,risk_evidence_insufficient,20260907
kivi_2bit_residual32,13.0,0.1,False,False,online_qwen,False,8.0,/DATACENTER3/zhenxiang.wang/work/TailGuardKV/.worktrees/baseline-smoke-final-aggregation/out/full_25session_baseline_9_14/full/policy_attempts/retry2_20260915/seed20260907/config.yaml,,,,,0.1,True,,0.1,,0,False,,120.2578125,19.822509765625,1.915771484375,1.915771484375,0.329833984375,1992.9218939505517,unknown,True,,True,,False,,15075.85693359375,True,utility_dynamic,False,0.0,0.0,kivi_2bit_residual32,0.0,,risk_evidence_insufficient,0.0,utility_dynamic,0.0,,,,hybrid-session-008-turn-1,1.915771484375,1.5859375,1.915771484375,0.0,0.0,/DATACENTER3/zhenxiang.wang/work/TailGuardKV/.worktrees/baseline-smoke-final-aggregation/out/full_25session_baseline_9_14/full/policy_attempts/retry2_20260915/seed20260907,True,,hybrid-session-008,chat,158.86055398732424,1,risk_evidence_insufficient,20260907
kivi_2bit_residual32,13.0,0.1,False,False,online_qwen,False,8.0,/DATACENTER3/zhenxiang.wang/work/TailGuardKV/.worktrees/baseline-smoke-final-aggregation/out/full_25session_baseline_9_14/full/policy_attempts/retry2_20260915/seed20260907/config.yaml,,,,,0.1,True,,0.1,,0,False,,120.2578125,20.140380859375,2.01318359375,2.01318359375,0.31787109375,2000.6277421489358,unknown,True,,True,,False,,15077.63623046875,True,utility_dynamic,False,0.0,0.0,kivi_2bit_residual32,0.0,,risk_evidence_insufficient,0.0,utility_dynamic,0.0,,,,hybrid-session-009-turn-1,2.01318359375,1.6953125,2.01318359375,0.0,0.0,/DATACENTER3/zhenxiang.wang/work/TailGuardKV/.worktrees/baseline-smoke-final-aggregation/out/full_25session_baseline_9_14/full/policy_attempts/retry2_20260915/seed20260907,True,,hybrid-session-009,chat,148.4735740814358,1,risk_evidence_insufficient,20260907
kivi_2bit_residual32,13.0,0.1,False,False,online_qwen,False,8.0,/DATACENTER3/zhenxiang.wang/work/TailGuardKV/.worktrees/baseline-smoke-final-aggregation/out/full_25session_baseline_9_14/full/policy_attempts/retry2_20260915/seed20260907/config.yaml,,,,,0.1,True,,0.1,,0,False,,120.2578125,20.492431640625,1.88330078125,1.88330078125,0.35205078125,1996.9401371199638,unknown,True,,True,,False,,15076.54833984375,True,utility_dynamic,False,0.0,0.0,kivi_2bit_residual32,0.0,,risk_evidence_insufficient,0.0,utility_dynamic,0.0,,,,hybrid-session-010-turn-1,1.88330078125,1.53125,1.88330078125,0.0,0.0,/DATACENTER3/zhenxiang.wang/work/TailGuardKV/.worktrees/baseline-smoke-final-aggregation/out/full_25session_baseline_9_14/full/policy_attempts/retry2_20260915/seed20260907,True,,hybrid-session-010,chat,147.58354309014976,1,risk_evidence_insufficient,20260907
kivi_2bit_residual32,13.0,0.1,False,False,online_qwen,False,8.0,/DATACENTER3/zhenxiang.wang/work/TailGuardKV/.worktrees/baseline-smoke-final-aggregation/out/full_25session_baseline_9_14/full/policy_attempts/retry2_20260915/seed20260907/config.yaml,,,,,0.1,True,,0.1,,0,False,,120.2578125,21.30419921875,2.01318359375,2.01318359375,0.811767578125,1989.6260320674628,unknown,True,,True,,False,,15070.05615234375,True,utility_dynamic,False,0.0,0.0,kivi_2bit_residual32,0.0,,risk_evidence_insufficient,0.0,utility_dynamic,0.0,,,,hybrid-session-011-turn-1,2.01318359375,1.201416015625,2.01318359375,0.0,0.0,/DATACENTER3/zhenxiang.wang/work/TailGuardKV/.worktrees/baseline-smoke-final-aggregation/out/full_25session_baseline_9_14/full/policy_attempts/retry2_20260915/seed20260907,True,,hybrid-session-011,chat,130.82759105600417,1,risk_evidence_insufficient,20260907
kivi_2bit_residual32,13.0,0.1,False,False,online_qwen,False,8.0,/DATACENTER3/zhenxiang.wang/work/TailGuardKV/.worktrees/baseline-smoke-final-aggregation/out/full_25session_baseline_9_14/full/policy_attempts/retry2_20260915/seed20260907/config.yaml,,,,,0.1,True,,0.1,,0,False,,120.2578125,22.1484375,1.915771484375,1.915771484375,0.84423828125,1990.6480920035392,unknown,True,,True,,False,,15073.14892578125,True,utility_dynamic,False,0.0,0.0,kivi_2bit_residual32,0.0,,risk_evidence_insufficient,0.0,utility_dynamic,0.0,,,,hybrid-session-013-turn-1,1.915771484375,1.071533203125,1.915771484375,0.0,0.0,/DATACENTER3/zhenxiang.wang/work/TailGuardKV/.worktrees/baseline-smoke-final-aggregation/out/full_25session_baseline_9_14/full/policy_attempts/retry2_20260915/seed20260907,True,,hybrid-session-013,chat,122.93874705210328,1,risk_evidence_insufficient,20260907
kivi_2bit_residual32,13.0,0.1,False,False,online_qwen,False,8.0,/DATACENTER3/zhenxiang.wang/work/TailGuardKV/.worktrees/baseline-smoke-final-aggregation/out/full_25session_baseline_9_14/full/policy_attempts/retry2_20260915/seed20260907/config.yaml,,,,,0.1,True,,0.1,,0,False,,120.2578125,22.314208984375,1.724365234375,1.724365234375,0.165771484375,2052.8434321749955,unknown,True,,True,,False,,15075.20458984375,True,utility_dynamic,False,0.0,0.0,kivi_2bit_residual32,0.0,,risk_evidence_insufficient,0.0,utility_dynamic,0.0,,,,hybrid-session-016-turn-1,1.724365234375,1.55859375,1.724365234375,0.0,0.0,/DATACENTER3/zhenxiang.wang/work/TailGuardKV/.worktrees/baseline-smoke-final-aggregation/out/full_25session_baseline_9_14/full/policy_attempts/retry2_20260915/seed20260907,True,,hybrid-session-016,chat,135.87828795425594,1,risk_evidence_insufficient,20260907
kivi_2bit_residual32,13.0,0.1,False,False,online_qwen,False,8.0,/DATACENTER3/zhenxiang.wang/work/TailGuardKV/.worktrees/baseline-smoke-final-aggregation/out/full_25session_baseline_9_14/full/policy_attempts/retry2_20260915/seed20260907/config.yaml,,,,,0.1,True,,0.1,,0,False,,120.2578125,23.161865234375,2.243896484375,2.243896484375,0.84765625,2088.8238879851997,unknown,True,,True,,False,,15107.1357421875,True,utility_dynamic,False,0.0,0.0,kivi_2bit_residual32,0.0,,risk_evidence_insufficient,0.0,utility_dynamic,0.0,,,,hybrid-session-017-turn-1,2.243896484375,1.396240234375,2.243896484375,0.0,0.0,/DATACENTER3/zhenxiang.wang/work/TailGuardKV/.worktrees/baseline-smoke-final-aggregation/out/full_25session_baseline_9_14/full/policy_attempts/retry2_20260915/seed20260907,True,,hybrid-session-017,chat,184.05912001617253,1,risk_evidence_insufficient,20260907
kivi_2bit_residual32,13.0,0.1,False,False,online_qwen,False,8.0,/DATACENTER3/zhenxiang.wang/work/TailGuardKV/.worktrees/baseline-smoke-final-aggregation/out/full_25session_baseline_9_14/full/policy_attempts/retry2_20260915/seed20260907/config.yaml,,,,,0.1,True,,0.1,,0,False,,120.2578125,23.554931640625,1.82177734375,1.82177734375,0.39306640625,2099.1075520869344,unknown,True,,True,,False,,15086.95751953125,True,utility_dynamic,False,0.0,0.0,kivi_2bit_residual32,0.0,,risk_evidence_insufficient,0.0,utility_dynamic,0.0,,,,hybrid-session-020-turn-1,1.82177734375,1.4287109375,1.82177734375,0.0,0.0,/DATACENTER3/zhenxiang.wang/work/TailGuardKV/.worktrees/baseline-smoke-final-aggregation/out/full_25session_baseline_9_14/full/policy_attempts/retry2_20260915/seed20260907,True,,hybrid-session-020,chat,161.16233705542982,1,risk_evidence_insufficient,20260907
kivi_2bit_residual32,13.0,0.1,False,False,online_qwen,False,8.0,/DATACENTER3/zhenxiang.wang/work/TailGuardKV/.worktrees/baseline-smoke-final-aggregation/out/full_25session_baseline_9_14/full/policy_attempts/retry2_20260915/seed20260907/config.yaml,,,,,0.1,True,,0.1,,0,False,,120.2578125,24.04541015625,1.724365234375,1.724365234375,0.490478515625,2080.4777750745416,unknown,True,,True,,False,,15090.97802734375,True,utility_dynamic,False,0.0,0.0,kivi_2bit_residual32,0.0,,risk_evidence_insufficient,0.0,utility_dynamic,0.0,,,,hybrid-session-023-turn-1,1.724365234375,1.23388671875,1.724365234375,0.0,0.0,/DATACENTER3/zhenxiang.wang/work/TailGuardKV/.worktrees/baseline-smoke-final-aggregation/out/full_25session_baseline_9_14/full/policy_attempts/retry2_20260915/seed20260907,True,,hybrid-session-023,chat,156.05769702233374,1,risk_evidence_insufficient,20260907
kivi_2bit_residual32,13.0,0.1,True,False,online_qwen,False,7.0,/DATACENTER3/zhenxiang.wang/work/TailGuardKV/.worktrees/baseline-smoke-final-aggregation/out/full_25session_baseline_9_14/full/policy_attempts/retry2_20260915/seed20260907/config.yaml,,,,,0.1,True,,0.1,,0,False,,120.2578125,25.393798828125,2.971923828125,2.971923828125,1.348388671875,2191.3405559025705,unknown,True,,True,,False,,15258.97412109375,True,utility_dynamic,False,0.0007168458781361964,0.0007168458781361964,kivi_2bit_residual32,0.0007168458781361964,,risk_evidence_insufficient,0.0,utility_dynamic,0.0,,,,hybrid-session-000-turn-2,2.971923828125,1.62353515625,2.971923828125,0.0,0.009318996415770553,/DATACENTER3/zhenxiang.wang/work/TailGuardKV/.worktrees/baseline-smoke-final-aggregation/out/full_25session_baseline_9_14/full/policy_attempts/retry2_20260915/seed20260907,True,,hybrid-session-000,qa,255.44426287524402,2,risk_evidence_insufficient,20260907
kivi_2bit_residual32,13.0,0.1,False,False,online_qwen,False,6.0,/DATACENTER3/zhenxiang.wang/work/TailGuardKV/.worktrees/baseline-smoke-final-aggregation/out/full_25session_baseline_9_14/full/policy_attempts/retry2_20260915/seed20260907/config.yaml,,,,,0.1,True,,0.1,,0,False,,120.2578125,26.576416015625,2.777099609375,2.777099609375,1.1826171875,2138.3033362217247,unknown,True,,True,,False,,15220.2734375,True,utility_dynamic,False,0.019063180827886703,0.019063180827886703,kivi_2bit_residual32,0.019063180827886703,,risk_evidence_insufficient,0.0,utility_dynamic,0.0,,,,hybrid-session-002-turn-2,2.777099609375,1.594482421875,2.777099609375,0.0,0.19063180827886705,/DATACENTER3/zhenxiang.wang/work/TailGuardKV/.worktrees/baseline-smoke-final-aggregation/out/full_25session_baseline_9_14/full/policy_attempts/retry2_20260915/seed20260907,False,,hybrid-session-002,qa,229.98487204313278,2,risk_evidence_insufficient,20260907
kivi_2bit_residual32,13.0,0.1,False,False,online_qwen,False,8.0,/DATACENTER3/zhenxiang.wang/work/TailGuardKV/.worktrees/baseline-smoke-final-aggregation/out/full_25session_baseline_9_14/full/policy_attempts/retry2_20260915/seed20260907/config.yaml,,,,,0.1,True,,0.1,,0,False,,120.2578125,27.759033203125,2.903564453125,2.903564453125,1.1826171875,2086.6677870508283,unknown,True,,True,,False,,15220.74609375,True,utility_dynamic,False,5.5796158035970045e-05,5.5796158035970045e-05,kivi_2bit_residual32,5.5796158035970045e-05,,risk_evidence_insufficient,0.0,utility_dynamic,0.0,,,,hybrid-session-003-turn-2,2.903564453125,1.720947265625,2.903564453125,0.0,0.00016738847410791013,/DATACENTER3/zhenxiang.wang/work/TailGuardKV/.worktrees/baseline-smoke-final-aggregation/out/full_25session_baseline_9_14/full/policy_attempts/retry2_20260915/seed20260907,True,,hybrid-session-003,summary,200.3470549825579,2,risk_evidence_insufficient,20260907
kivi_2bit_residual32,13.0,0.1,False,False,online_qwen,False,8.0,/DATACENTER3/zhenxiang.wang/work/TailGuardKV/.worktrees/baseline-smoke-final-aggregation/out/full_25session_baseline_9_14/full/policy_attempts/retry2_20260915/seed20260907/config.yaml,,,,,0.1,True,,0.1,,0,False,,120.2578125,28.616943359375,2.708740234375,2.708740234375,0.85791015625,2125.2529590856284,unknown,True,,True,,False,,15207.740234375,True,utility_dynamic,False,0.0,0.0,kivi_2bit_residual32,0.0,,risk_evidence_insufficient,0.0,utility_dynamic,0.0,,,,hybrid-session-007-turn-2,2.708740234375,1.850830078125,2.708740234375,0.0,0.0,/DATACENTER3/zhenxiang.wang/work/TailGuardKV/.worktrees/baseline-smoke-final-aggregation/out/full_25session_baseline_9_14/full/policy_attempts/retry2_20260915/seed20260907,True,,hybrid-session-007,summary,202.39707315340638,2,risk_evidence_insufficient,20260907
kivi_2bit_residual32,13.0,0.1,False,False,online_qwen,False,6.0,/DATACENTER3/zhenxiang.wang/work/TailGuardKV/.worktrees/baseline-smoke-final-aggregation/out/full_25session_baseline_9_14/full/policy_attempts/retry2_20260915/seed20260907/config.yaml,,,,,0.1,True,,0.1,,0,False,,120.2578125,29.9619140625,3.2607421875,3.2607421875,1.344970703125,2128.6958928685635,unknown,True,,True,,False,,15230.232421875,True,utility_dynamic,False,0.019063180827886703,0.019063180827886703,kivi_2bit_residual32,0.019063180827886703,,risk_evidence_insufficient,0.0,utility_dynamic,0.0,,,,hybrid-session-008-turn-2,3.2607421875,1.915771484375,3.2607421875,0.0,0.19063180827886705,/DATACENTER3/zhenxiang.wang/work/TailGuardKV/.worktrees/baseline-smoke-final-aggregation/out/full_25session_baseline_9_14/full/policy_attempts/retry2_20260915/seed20260907,False,,hybrid-session-008,qa,210.25805408135056,2,risk_evidence_insufficient,20260907
kivi_2bit_residual32,13.0,0.1,False,False,online_qwen,False,8.0,/DATACENTER3/zhenxiang.wang/work/TailGuardKV/.worktrees/baseline-smoke-final-aggregation/out/full_25session_baseline_9_14/full/policy_attempts/retry2_20260915/seed20260907/config.yaml,,,,,0.1,True,,0.1,,0,False,,120.2578125,30.722412109375,2.773681640625,2.773681640625,0.760498046875,2141.5453660301864,unknown,True,,True,,False,,15205.46875,True,utility_dynamic,False,5.5796158035970045e-05,5.5796158035970045e-05,kivi_2bit_residual32,5.5796158035970045e-05,,risk_evidence_insufficient,0.0,utility_dynamic,0.0,,,,hybrid-session-009-turn-2,2.773681640625,2.01318359375,2.773681640625,0.0,0.00016738847410791013,/DATACENTER3/zhenxiang.wang/work/TailGuardKV/.worktrees/baseline-smoke-final-aggregation/out/full_25session_baseline_9_14/full/policy_attempts/retry2_20260915/seed20260907,True,,hybrid-session-009,summary,200.8943110704422,2,risk_evidence_insufficient,20260907
kivi_2bit_residual32,13.0,0.1,False,False,online_qwen,False,6.0,/DATACENTER3/zhenxiang.wang/work/TailGuardKV/.worktrees/baseline-smoke-final-aggregation/out/full_25session_baseline_9_14/full/policy_attempts/retry2_20260915/seed20260907/config.yaml,,,,,0.1,True,,0.1,,0,False,,120.2578125,32.00244140625,3.163330078125,3.163330078125,1.280029296875,2120.5490350257605,unknown,True,,True,,False,,15229.35546875,True,utility_dynamic,False,0.019063180827886703,0.019063180827886703,kivi_2bit_residual32,0.019063180827886703,,risk_evidence_insufficient,0.0,utility_dynamic,0.0,,,,hybrid-session-010-turn-2,3.163330078125,1.88330078125,3.163330078125,0.0,0.19063180827886705,/DATACENTER3/zhenxiang.wang/work/TailGuardKV/.worktrees/baseline-smoke-final-aggregation/out/full_25session_baseline_9_14/full/policy_attempts/retry2_20260915/seed20260907,False,,hybrid-session-010,qa,210.32519405707717,2,risk_evidence_insufficient,20260907
kivi_2bit_residual32,13.0,0.1,True,False,online_qwen,False,8.0,/DATACENTER3/zhenxiang.wang/work/TailGuardKV/.worktrees/baseline-smoke-final-aggregation/out/full_25session_baseline_9_14/full/policy_attempts/retry2_20260915/seed20260907/config.yaml,,,,,0.1,True,,0.1,,0,False,,120.2578125,32.892822265625,2.903564453125,2.903564453125,0.890380859375,2152.447592932731,unknown,True,,True,,False,,15212.787109375,True,utility_dynamic,False,0.0,0.0,kivi_2bit_residual32,0.0,,risk_evidence_insufficient,0.0,utility_dynamic,0.0,,,,hybrid-session-011-turn-2,2.903564453125,2.01318359375,2.903564453125,0.0,0.0,/DATACENTER3/zhenxiang.wang/work/TailGuardKV/.worktrees/baseline-smoke-final-aggregation/out/full_25session_baseline_9_14/full/policy_attempts/retry2_20260915/seed20260907,True,,hybrid-session-011,summary,223.15857000648975,2,risk_evidence_insufficient,20260907
kivi_2bit_residual32,13.0,0.1,False,False,online_qwen,False,8.0,/DATACENTER3/zhenxiang.wang/work/TailGuardKV/.worktrees/baseline-smoke-final-aggregation/out/full_25session_baseline_9_14/full/policy_attempts/retry2_20260915/seed20260907/config.yaml,,,,,0.1,True,,0.1,,0,False,,120.2578125,33.9130859375,2.93603515625,2.93603515625,1.020263671875,2119.5837329141796,unknown,True,,True,,False,,15219.654296875,True,utility_dynamic,False,0.0,0.0,kivi_2bit_residual32,0.0,,risk_evidence_insufficient,0.0,utility_dynamic,0.0,,,,hybrid-session-013-turn-2,2.93603515625,1.915771484375,2.93603515625,0.0,0.0,/DATACENTER3/zhenxiang.wang/work/TailGuardKV/.worktrees/baseline-smoke-final-aggregation/out/full_25session_baseline_9_14/full/policy_attempts/retry2_20260915/seed20260907,True,,hybrid-session-013,summary,207.9974920488894,2,risk_evidence_insufficient,20260907
kivi_2bit_residual32,13.0,0.1,True,False,online_qwen,False,6.0,/DATACENTER3/zhenxiang.wang/work/TailGuardKV/.worktrees/baseline-smoke-final-aggregation/out/full_25session_baseline_9_14/full/policy_attempts/retry2_20260915/seed20260907/config.yaml,,,,,0.1,True,,0.1,,0,False,,120.2578125,34.933349609375,2.74462890625,2.74462890625,1.020263671875,2116.9932899065316,unknown,True,,True,,False,,15221.404296875,True,utility_dynamic,False,0.019063180827886703,0.019063180827886703,kivi_2bit_residual32,0.019063180827886703,,risk_evidence_insufficient,0.0,utility_dynamic,0.0,,,,hybrid-session-016-turn-2,2.74462890625,1.724365234375,2.74462890625,0.0,0.19063180827886705,/DATACENTER3/zhenxiang.wang/work/TailGuardKV/.worktrees/baseline-smoke-final-aggregation/out/full_25session_baseline_9_14/full/policy_attempts/retry2_20260915/seed20260907,False,,hybrid-session-016,qa,196.94245606660843,2,risk_evidence_insufficient,20260907
kivi_2bit_residual32,13.0,0.1,False,False,online_qwen,False,8.0,/DATACENTER3/zhenxiang.wang/work/TailGuardKV/.worktrees/baseline-smoke-final-aggregation/out/full_25session_baseline_9_14/full/policy_attempts/retry2_20260915/seed20260907/config.yaml,,,,,0.1,True,,0.1,,0,False,,120.2578125,35.986083984375,3.296630859375,3.296630859375,1.052734375,2139.508022926748,unknown,True,,True,,False,,15223.22412109375,True,utility_dynamic,False,5.5796158035970045e-05,5.5796158035970045e-05,kivi_2bit_residual32,5.5796158035970045e-05,,risk_evidence_insufficient,0.0,utility_dynamic,0.0,,,,hybrid-session-017-turn-2,3.296630859375,2.243896484375,3.296630859375,0.0,0.00016738847410791013,/DATACENTER3/zhenxiang.wang/work/TailGuardKV/.worktrees/baseline-smoke-final-aggregation/out/full_25session_baseline_9_14/full/policy_attempts/retry2_20260915/seed20260907,True,,hybrid-session-017,summary,210.71828296408057,2,risk_evidence_insufficient,20260907
kivi_2bit_residual32,13.0,0.1,False,False,online_qwen,False,7.0,/DATACENTER3/zhenxiang.wang/work/TailGuardKV/.worktrees/baseline-smoke-final-aggregation/out/full_25session_baseline_9_14/full/policy_attempts/retry2_20260915/seed20260907/config.yaml,,,,,0.1,True,,0.1,,0,False,,120.2578125,36.94140625,2.777099609375,2.777099609375,0.955322265625,2146.3440430816263,unknown,True,,True,,False,,15220.533203125,True,utility_dynamic,False,0.0007168458781361964,0.0007168458781361964,kivi_2bit_residual32,0.0007168458781361964,,risk_evidence_insufficient,0.0,utility_dynamic,0.0,,,,hybrid-session-020-turn-2,2.777099609375,1.82177734375,2.777099609375,0.0,0.009318996415770553,/DATACENTER3/zhenxiang.wang/work/TailGuardKV/.worktrees/baseline-smoke-final-aggregation/out/full_25session_baseline_9_14/full/policy_attempts/retry2_20260915/seed20260907,True,,hybrid-session-020,qa,206.99100801721215,2,risk_evidence_insufficient,20260907
kivi_2bit_residual32,13.0,0.1,False,False,online_qwen,False,8.0,/DATACENTER3/zhenxiang.wang/work/TailGuardKV/.worktrees/baseline-smoke-final-aggregation/out/full_25session_baseline_9_14/full/policy_attempts/retry2_20260915/seed20260907/config.yaml,,,,,0.1,True,,0.1,,0,False,,120.2578125,37.896728515625,2.6796875,2.6796875,0.955322265625,2123.3342802152038,unknown,True,,True,,False,,15221.51171875,True,utility_dynamic,False,0.0,0.0,kivi_2bit_residual32,0.0,,risk_evidence_insufficient,0.0,utility_dynamic,0.0,,,,hybrid-session-023-turn-2,2.6796875,1.724365234375,2.6796875,0.0,0.0,/DATACENTER3/zhenxiang.wang/work/TailGuardKV/.worktrees/baseline-smoke-final-aggregation/out/full_25session_baseline_9_14/full/policy_attempts/retry2_20260915/seed20260907,True,,hybrid-session-023,summary,196.0508800111711,2,risk_evidence_insufficient,20260907
kivi_2bit_residual32,13.0,0.1,False,False,online_qwen,False,7.0,/DATACENTER3/zhenxiang.wang/work/TailGuardKV/.worktrees/baseline-smoke-final-aggregation/out/full_25session_baseline_9_14/full/policy_attempts/retry2_20260915/seed20260907/config.yaml,,,,,0.1,True,,0.1,,0,False,,120.2578125,38.64697265625,3.72216796875,3.72216796875,0.750244140625,2099.860239075497,unknown,True,,True,,False,,15116.60546875,True,utility_dynamic,False,0.0007168458781361964,0.0007168458781361964,kivi_2bit_residual32,0.0007168458781361964,,risk_evidence_insufficient,0.0,utility_dynamic,0.0,,,,hybrid-session-000-turn-3,3.72216796875,2.971923828125,3.72216796875,0.0,0.009318996415770553,/DATACENTER3/zhenxiang.wang/work/TailGuardKV/.worktrees/baseline-smoke-final-aggregation/out/full_25session_baseline_9_14/full/policy_attempts/retry2_20260915/seed20260907,True,,hybrid-session-000,qa,179.71759499050677,3,risk_evidence_insufficient,20260907
kivi_2bit_residual32,13.0,0.1,False,False,online_qwen,False,6.0,/DATACENTER3/zhenxiang.wang/work/TailGuardKV/.worktrees/baseline-smoke-final-aggregation/out/full_25session_baseline_9_14/full/policy_attempts/retry2_20260915/seed20260907/config.yaml,,,,,0.1,True,,0.1,,0,False,,120.2578125,39.397216796875,3.52734375,3.52734375,0.750244140625,2086.1605079844594,unknown,True,,True,,False,,15117.37109375,True,utility_dynamic,False,0.019063180827886703,0.019063180827886703,kivi_2bit_residual32,0.019063180827886703,,risk_evidence_insufficient,0.0,utility_dynamic,0.0,,,,hybrid-session-002-turn-3,3.52734375,2.777099609375,3.52734375,0.0,0.19063180827886705,/DATACENTER3/zhenxiang.wang/work/TailGuardKV/.worktrees/baseline-smoke-final-aggregation/out/full_25session_baseline_9_14/full/policy_attempts/retry2_20260915/seed20260907,False,,hybrid-session-002,qa,175.94389198347926,3,risk_evidence_insufficient,20260907
kivi_2bit_residual32,13.0,0.1,False,False,online_qwen,False,8.0,/DATACENTER3/zhenxiang.wang/work/TailGuardKV/.worktrees/baseline-smoke-final-aggregation/out/full_25session_baseline_9_14/full/policy_attempts/retry2_20260915/seed20260907/config.yaml,,,,,0.1,True,,0.1,,0,False,,120.2578125,40.114990234375,3.621337890625,3.621337890625,0.7177734375,2098.713426152244,unknown,True,,True,,False,,15116.5703125,True,utility_dynamic,False,0.0,0.0,kivi_2bit_residual32,0.0,,risk_evidence_insufficient,0.0,utility_dynamic,0.0,,,,hybrid-session-003-turn-3,3.621337890625,2.903564453125,3.621337890625,0.0,0.0,/DATACENTER3/zhenxiang.wang/work/TailGuardKV/.worktrees/baseline-smoke-final-aggregation/out/full_25session_baseline_9_14/full/policy_attempts/retry2_20260915/seed20260907,True,,hybrid-session-003,summary,183.51782904937863,3,risk_evidence_insufficient,20260907
kivi_2bit_residual32,13.0,0.1,False,False,online_qwen,False,8.0,/DATACENTER3/zhenxiang.wang/work/TailGuardKV/.worktrees/baseline-smoke-final-aggregation/out/full_25session_baseline_9_14/full/policy_attempts/retry2_20260915/seed20260907/config.yaml,,,,,0.1,True,,0.1,,0,False,,120.2578125,40.832763671875,3.426513671875,3.426513671875,0.7177734375,2100.5967122036964,unknown,True,,True,,False,,15117.30078125,True,utility_dynamic,False,0.0,0.0,kivi_2bit_residual32,0.0,,risk_evidence_insufficient,0.0,utility_dynamic,0.0,,,,hybrid-session-007-turn-3,3.426513671875,2.708740234375,3.426513671875,0.0,0.0,/DATACENTER3/zhenxiang.wang/work/TailGuardKV/.worktrees/baseline-smoke-final-aggregation/out/full_25session_baseline_9_14/full/policy_attempts/retry2_20260915/seed20260907,True,,hybrid-session-007,summary,171.92692100070417,3,risk_evidence_insufficient,20260907
kivi_2bit_residual32,13.0,0.1,False,False,online_qwen,False,6.0,/DATACENTER3/zhenxiang.wang/work/TailGuardKV/.worktrees/baseline-smoke-final-aggregation/out/full_25session_baseline_9_14/full/policy_attempts/retry2_20260915/seed20260907/config.yaml,,,,,0.1,True,,0.1,,0,False,,120.2578125,40.8720703125,3.300048828125,3.300048828125,0.039306640625,2103.043416980654,unknown,True,,True,,False,,15119.517578125,True,utility_dynamic,False,0.019063180827886703,0.019063180827886703,kivi_2bit_residual32,0.019063180827886703,,risk_evidence_insufficient,0.0,utility_dynamic,0.0,,,,hybrid-session-008-turn-3,3.300048828125,3.2607421875,3.300048828125,0.0,0.19063180827886705,/DATACENTER3/zhenxiang.wang/work/TailGuardKV/.worktrees/baseline-smoke-final-aggregation/out/full_25session_baseline_9_14/full/policy_attempts/retry2_20260915/seed20260907,False,,hybrid-session-008,qa,172.84364602528512,3,risk_evidence_insufficient,20260907
kivi_2bit_residual32,13.0,0.1,False,False,online_qwen,False,8.0,/DATACENTER3/zhenxiang.wang/work/TailGuardKV/.worktrees/baseline-smoke-final-aggregation/out/full_25session_baseline_9_14/full/policy_attempts/retry2_20260915/seed20260907/config.yaml,,,,,0.1,True,,0.1,,0,False,,120.2578125,41.58984375,3.491455078125,3.491455078125,0.7177734375,2082.0395599585027,unknown,True,,True,,False,,15118.07421875,True,utility_dynamic,False,0.0,0.0,kivi_2bit_residual32,0.0,,risk_evidence_insufficient,0.0,utility_dynamic,0.0,,,,hybrid-session-009-turn-3,3.491455078125,2.773681640625,3.491455078125,0.0,0.0,/DATACENTER3/zhenxiang.wang/work/TailGuardKV/.worktrees/baseline-smoke-final-aggregation/out/full_25session_baseline_9_14/full/policy_attempts/retry2_20260915/seed20260907,True,,hybrid-session-009,summary,177.41922102868557,3,risk_evidence_insufficient,20260907
kivi_2bit_residual32,13.0,0.1,False,False,online_qwen,False,6.0,/DATACENTER3/zhenxiang.wang/work/TailGuardKV/.worktrees/baseline-smoke-final-aggregation/out/full_25session_baseline_9_14/full/policy_attempts/retry2_20260915/seed20260907/config.yaml,,,,,0.1,True,,0.1,,0,False,,120.2578125,41.629150390625,3.20263671875,3.20263671875,0.039306640625,2108.8553878944367,unknown,True,,True,,False,,15120.283203125,True,utility_dynamic,False,0.019063180827886703,0.019063180827886703,kivi_2bit_residual32,0.019063180827886703,,risk_evidence_insufficient,0.0,utility_dynamic,0.0,,,,hybrid-session-010-turn-3,3.20263671875,3.163330078125,3.20263671875,0.0,0.19063180827886705,/DATACENTER3/zhenxiang.wang/work/TailGuardKV/.worktrees/baseline-smoke-final-aggregation/out/full_25session_baseline_9_14/full/policy_attempts/retry2_20260915/seed20260907,False,,hybrid-session-010,qa,172.10229788906872,3,risk_evidence_insufficient,20260907
kivi_2bit_residual32,13.0,0.1,False,False,online_qwen,False,8.0,/DATACENTER3/zhenxiang.wang/work/TailGuardKV/.worktrees/baseline-smoke-final-aggregation/out/full_25session_baseline_9_14/full/policy_attempts/retry2_20260915/seed20260907/config.yaml,,,,,0.1,True,,0.1,,0,False,,120.2578125,42.346923828125,3.621337890625,3.621337890625,0.7177734375,2079.555422998965,unknown,True,,True,,False,,15118.8125,True,utility_dynamic,False,0.0,0.0,kivi_2bit_residual32,0.0,,risk_evidence_insufficient,0.0,utility_dynamic,0.0,,,,hybrid-session-011-turn-3,3.621337890625,2.903564453125,3.621337890625,0.0,0.0,/DATACENTER3/zhenxiang.wang/work/TailGuardKV/.worktrees/baseline-smoke-final-aggregation/out/full_25session_baseline_9_14/full/policy_attempts/retry2_20260915/seed20260907,True,,hybrid-session-011,summary,180.18815503455698,3,risk_evidence_insufficient,20260907
kivi_2bit_residual32,13.0,0.1,False,False,online_qwen,False,8.0,/DATACENTER3/zhenxiang.wang/work/TailGuardKV/.worktrees/baseline-smoke-final-aggregation/out/full_25session_baseline_9_14/full/policy_attempts/retry2_20260915/seed20260907/config.yaml,,,,,0.1,True,,0.1,,0,False,,120.2578125,43.064697265625,3.65380859375,3.65380859375,0.7177734375,2081.857410026714,unknown,True,,True,,False,,15119.509765625,True,utility_dynamic,False,0.0,0.0,kivi_2bit_residual32,0.0,,risk_evidence_insufficient,0.0,utility_dynamic,0.0,,,,hybrid-session-013-turn-3,3.65380859375,2.93603515625,3.65380859375,0.0,0.0,/DATACENTER3/zhenxiang.wang/work/TailGuardKV/.worktrees/baseline-smoke-final-aggregation/out/full_25session_baseline_9_14/full/policy_attempts/retry2_20260915/seed20260907,True,,hybrid-session-013,summary,171.0894168354571,3,risk_evidence_insufficient,20260907
kivi_2bit_residual32,13.0,0.1,False,False,online_qwen,False,6.0,/DATACENTER3/zhenxiang.wang/work/TailGuardKV/.worktrees/baseline-smoke-final-aggregation/out/full_25session_baseline_9_14/full/policy_attempts/retry2_20260915/seed20260907/config.yaml,,,,,0.1,True,,0.1,,0,False,,120.2578125,43.81494140625,3.494873046875,3.494873046875,0.750244140625,2099.6979479677975,unknown,True,,True,,False,,15121.708984375,True,utility_dynamic,False,0.019063180827886703,0.019063180827886703,kivi_2bit_residual32,0.019063180827886703,,risk_evidence_insufficient,0.0,utility_dynamic,0.0,,,,hybrid-session-016-turn-3,3.494873046875,2.74462890625,3.494873046875,0.0,0.19063180827886705,/DATACENTER3/zhenxiang.wang/work/TailGuardKV/.worktrees/baseline-smoke-final-aggregation/out/full_25session_baseline_9_14/full/policy_attempts/retry2_20260915/seed20260907,False,,hybrid-session-016,qa,174.712031846866,3,risk_evidence_insufficient,20260907
kivi_2bit_residual32,13.0,0.1,False,False,online_qwen,False,8.0,/DATACENTER3/zhenxiang.wang/work/TailGuardKV/.worktrees/baseline-smoke-final-aggregation/out/full_25session_baseline_9_14/full/policy_attempts/retry2_20260915/seed20260907/config.yaml,,,,,0.1,True,,0.1,,0,False,,120.2578125,44.53271484375,4.014404296875,4.014404296875,0.7177734375,2116.7750880122185,unknown,True,,True,,False,,15120.94921875,True,utility_dynamic,False,0.0,0.0,kivi_2bit_residual32,0.0,,risk_evidence_insufficient,0.0,utility_dynamic,0.0,,,,hybrid-session-017-turn-3,4.014404296875,3.296630859375,4.014404296875,0.0,0.0,/DATACENTER3/zhenxiang.wang/work/TailGuardKV/.worktrees/baseline-smoke-final-aggregation/out/full_25session_baseline_9_14/full/policy_attempts/retry2_20260915/seed20260907,True,,hybrid-session-017,summary,174.10364607349038,3,risk_evidence_insufficient,20260907
kivi_2bit_residual32,13.0,0.1,False,False,online_qwen,False,6.0,/DATACENTER3/zhenxiang.wang/work/TailGuardKV/.worktrees/baseline-smoke-final-aggregation/out/full_25session_baseline_9_14/full/policy_attempts/retry2_20260915/seed20260907/config.yaml,,,,,0.1,True,,0.1,,0,False,,120.2578125,45.282958984375,3.52734375,3.52734375,0.750244140625,2076.7310080118477,unknown,True,,True,,False,,15123.154296875,True,utility_dynamic,False,0.019063180827886703,0.019063180827886703,kivi_2bit_residual32,0.019063180827886703,,risk_evidence_insufficient,0.0,utility_dynamic,0.0,,,,hybrid-session-020-turn-3,3.52734375,2.777099609375,3.52734375,0.0,0.19063180827886705,/DATACENTER3/zhenxiang.wang/work/TailGuardKV/.worktrees/baseline-smoke-final-aggregation/out/full_25session_baseline_9_14/full/policy_attempts/retry2_20260915/seed20260907,False,,hybrid-session-020,qa,173.81882295012474,3,risk_evidence_insufficient,20260907
kivi_2bit_residual32,13.0,0.1,False,False,online_qwen,False,8.0,/DATACENTER3/zhenxiang.wang/work/TailGuardKV/.worktrees/baseline-smoke-final-aggregation/out/full_25session_baseline_9_14/full/policy_attempts/retry2_20260915/seed20260907/config.yaml,,,,,0.1,True,,0.1,,0,False,,120.2578125,46.000732421875,3.3974609375,3.3974609375,0.7177734375,2071.934115840122,unknown,True,,True,,False,,15123.10546875,True,utility_dynamic,False,0.0,0.0,kivi_2bit_residual32,0.0,,risk_evidence_insufficient,0.0,utility_dynamic,0.0,,,,hybrid-session-023-turn-3,3.3974609375,2.6796875,3.3974609375,0.0,0.0,/DATACENTER3/zhenxiang.wang/work/TailGuardKV/.worktrees/baseline-smoke-final-aggregation/out/full_25session_baseline_9_14/full/policy_attempts/retry2_20260915/seed20260907,True,,hybrid-session-023,summary,147.6368010044098,3,risk_evidence_insufficient,20260907
kivi_2bit_residual32,13.0,0.1,False,False,online_qwen,False,7.0,/DATACENTER3/zhenxiang.wang/work/TailGuardKV/.worktrees/baseline-smoke-final-aggregation/out/full_25session_baseline_9_14/full/policy_attempts/retry2_20260915/seed20260907/config.yaml,,,,,0.1,True,,0.1,,0,False,,120.2578125,46.588623046875,4.31005859375,4.31005859375,0.587890625,2092.751035001129,unknown,True,,True,,False,,15117.12890625,True,utility_dynamic,False,0.0007168458781361964,0.0007168458781361964,kivi_2bit_residual32,0.0007168458781361964,,risk_evidence_insufficient,0.0,utility_dynamic,0.0,,,,hybrid-session-000-turn-4,4.31005859375,3.72216796875,4.31005859375,0.0,0.009318996415770553,/DATACENTER3/zhenxiang.wang/work/TailGuardKV/.worktrees/baseline-smoke-final-aggregation/out/full_25session_baseline_9_14/full/policy_attempts/retry2_20260915/seed20260907,True,,hybrid-session-000,qa,183.64966684021056,4,risk_evidence_insufficient,20260907
kivi_2bit_residual32,13.0,0.1,False,False,online_qwen,False,6.0,/DATACENTER3/zhenxiang.wang/work/TailGuardKV/.worktrees/baseline-smoke-final-aggregation/out/full_25session_baseline_9_14/full/policy_attempts/retry2_20260915/seed20260907/config.yaml,,,,,0.1,True,,0.1,,0,False,,120.2578125,47.176513671875,4.115234375,4.115234375,0.587890625,2082.9178888816386,unknown,True,,True,,False,,15117.744140625,True,utility_dynamic,False,0.019063180827886703,0.019063180827886703,kivi_2bit_residual32,0.019063180827886703,,risk_evidence_insufficient,0.0,utility_dynamic,0.0,,,,hybrid-session-002-turn-4,4.115234375,3.52734375,4.115234375,0.0,0.19063180827886705,/DATACENTER3/zhenxiang.wang/work/TailGuardKV/.worktrees/baseline-smoke-final-aggregation/out/full_25session_baseline_9_14/full/policy_attempts/retry2_20260915/seed20260907,False,,hybrid-session-002,qa,171.96362582035363,4,risk_evidence_insufficient,20260907
kivi_2bit_residual32,13.0,0.1,False,False,online_qwen,False,8.0,/DATACENTER3/zhenxiang.wang/work/TailGuardKV/.worktrees/baseline-smoke-final-aggregation/out/full_25session_baseline_9_14/full/policy_attempts/retry2_20260915/seed20260907/config.yaml,,,,,0.1,True,,0.1,,0,False,,120.2578125,47.176513671875,3.621337890625,3.621337890625,0.0,2097.4283239338547,unknown,True,,True,,False,,15118.330078125,True,utility_dynamic,False,0.0,0.0,kivi_2bit_residual32,0.0,,risk_evidence_insufficient,0.0,utility_dynamic,0.0,,,,hybrid-session-003-turn-4,3.621337890625,3.621337890625,3.621337890625,0.0,0.0,/DATACENTER3/zhenxiang.wang/work/TailGuardKV/.worktrees/baseline-smoke-final-aggregation/out/full_25session_baseline_9_14/full/policy_attempts/retry2_20260915/seed20260907,True,,hybrid-session-003,summary,172.85480303689837,4,risk_evidence_insufficient,20260907
kivi_2bit_residual32,13.0,0.1,False,False,online_qwen,False,8.0,/DATACENTER3/zhenxiang.wang/work/TailGuardKV/.worktrees/baseline-smoke-final-aggregation/out/full_25session_baseline_9_14/full/policy_attempts/retry2_20260915/seed20260907/config.yaml,,,,,0.1,True,,0.1,,0,False,,120.2578125,47.764404296875,4.014404296875,4.014404296875,0.587890625,2098.55720307678,unknown,True,,True,,False,,15118.2109375,True,utility_dynamic,False,0.0,0.0,kivi_2bit_residual32,0.0,,risk_evidence_insufficient,0.0,utility_dynamic,0.0,,,,hybrid-session-007-turn-4,4.014404296875,3.426513671875,4.014404296875,0.0,0.0,/DATACENTER3/zhenxiang.wang/work/TailGuardKV/.worktrees/baseline-smoke-final-aggregation/out/full_25session_baseline_9_14/full/policy_attempts/retry2_20260915/seed20260907,True,,hybrid-session-007,summary,174.20285288244486,4,risk_evidence_insufficient,20260907
kivi_2bit_residual32,13.0,0.1,False,False,online_qwen,False,6.0,/DATACENTER3/zhenxiang.wang/work/TailGuardKV/.worktrees/baseline-smoke-final-aggregation/out/full_25session_baseline_9_14/full/policy_attempts/retry2_20260915/seed20260907/config.yaml,,,,,0.1,True,,0.1,,0,False,,120.2578125,48.352294921875,3.887939453125,3.887939453125,0.587890625,2070.9893880411983,unknown,True,,True,,False,,15118.796875,True,utility_dynamic,False,0.019063180827886703,0.019063180827886703,kivi_2bit_residual32,0.019063180827886703,,risk_evidence_insufficient,0.0,utility_dynamic,0.0,,,,hybrid-session-008-turn-4,3.887939453125,3.300048828125,3.887939453125,0.0,0.19063180827886705,/DATACENTER3/zhenxiang.wang/work/TailGuardKV/.worktrees/baseline-smoke-final-aggregation/out/full_25session_baseline_9_14/full/policy_attempts/retry2_20260915/seed20260907,False,,hybrid-session-008,qa,175.33466196618974,4,risk_evidence_insufficient,20260907
kivi_2bit_residual32,13.0,0.1,True,False,online_qwen,False,8.0,/DATACENTER3/zhenxiang.wang/work/TailGuardKV/.worktrees/baseline-smoke-final-aggregation/out/full_25session_baseline_9_14/full/policy_attempts/retry2_20260915/seed20260907/config.yaml,,,,,0.1,True,,0.1,,0,False,,120.2578125,48.352294921875,3.491455078125,3.491455078125,0.0,2165.032047778368,unknown,True,,True,,False,,15119.396484375,True,utility_dynamic,False,0.0,0.0,kivi_2bit_residual32,0.0,,risk_evidence_insufficient,0.0,utility_dynamic,0.0,,,,hybrid-session-009-turn-4,3.491455078125,3.491455078125,3.491455078125,0.0,0.0,/DATACENTER3/zhenxiang.wang/work/TailGuardKV/.worktrees/baseline-smoke-final-aggregation/out/full_25session_baseline_9_14/full/policy_attempts/retry2_20260915/seed20260907,True,,hybrid-session-009,summary,187.19575880095363,4,risk_evidence_insufficient,20260907
kivi_2bit_residual32,13.0,0.1,False,False,online_qwen,False,6.0,/DATACENTER3/zhenxiang.wang/work/TailGuardKV/.worktrees/baseline-smoke-final-aggregation/out/full_25session_baseline_9_14/full/policy_attempts/retry2_20260915/seed20260907/config.yaml,,,,,0.1,True,,0.1,,0,False,,120.2578125,48.940185546875,3.79052734375,3.79052734375,0.587890625,2093.9679238945246,unknown,True,,True,,False,,15119.9521484375,True,utility_dynamic,False,0.019063180827886703,0.019063180827886703,kivi_2bit_residual32,0.019063180827886703,,risk_evidence_insufficient,0.0,utility_dynamic,0.0,,,,hybrid-session-010-turn-4,3.79052734375,3.20263671875,3.79052734375,0.0,0.19063180827886705,/DATACENTER3/zhenxiang.wang/work/TailGuardKV/.worktrees/baseline-smoke-final-aggregation/out/full_25session_baseline_9_14/full/policy_attempts/retry2_20260915/seed20260907,False,,hybrid-session-010,qa,152.85911597311497,4,risk_evidence_insufficient,20260907
kivi_2bit_residual32,13.0,0.1,True,False,online_qwen,False,8.0,/DATACENTER3/zhenxiang.wang/work/TailGuardKV/.worktrees/baseline-smoke-final-aggregation/out/full_25session_baseline_9_14/full/policy_attempts/retry2_20260915/seed20260907/config.yaml,,,,,0.1,True,,0.1,,0,False,,120.2578125,48.940185546875,3.621337890625,3.621337890625,0.0,2100.7447270676494,unknown,True,,True,,False,,15119.861328125,True,utility_dynamic,False,0.0,0.0,kivi_2bit_residual32,0.0,,risk_evidence_insufficient,0.0,utility_dynamic,0.0,,,,hybrid-session-011-turn-4,3.621337890625,3.621337890625,3.621337890625,0.0,0.0,/DATACENTER3/zhenxiang.wang/work/TailGuardKV/.worktrees/baseline-smoke-final-aggregation/out/full_25session_baseline_9_14/full/policy_attempts/retry2_20260915/seed20260907,True,,hybrid-session-011,summary,173.19478909485042,4,risk_evidence_insufficient,20260907
kivi_2bit_residual32,13.0,0.1,False,False,online_qwen,False,8.0,/DATACENTER3/zhenxiang.wang/work/TailGuardKV/.worktrees/baseline-smoke-final-aggregation/out/full_25session_baseline_9_14/full/policy_attempts/retry2_20260915/seed20260907/config.yaml,,,,,0.1,True,,0.1,,0,False,,120.2578125,48.940185546875,3.65380859375,3.65380859375,0.0,2115.753250895068,unknown,True,,True,,False,,15119.751953125,True,utility_dynamic,False,0.0,0.0,kivi_2bit_residual32,0.0,,risk_evidence_insufficient,0.0,utility_dynamic,0.0,,,,hybrid-session-013-turn-4,3.65380859375,3.65380859375,3.65380859375,0.0,0.0,/DATACENTER3/zhenxiang.wang/work/TailGuardKV/.worktrees/baseline-smoke-final-aggregation/out/full_25session_baseline_9_14/full/policy_attempts/retry2_20260915/seed20260907,True,,hybrid-session-013,summary,175.69637391716242,4,risk_evidence_insufficient,20260907
kivi_2bit_residual32,13.0,0.1,False,False,online_qwen,False,6.0,/DATACENTER3/zhenxiang.wang/work/TailGuardKV/.worktrees/baseline-smoke-final-aggregation/out/full_25session_baseline_9_14/full/policy_attempts/retry2_20260915/seed20260907/config.yaml,,,,,0.1,True,,0.1,,0,False,,120.2578125,49.528076171875,4.082763671875,4.082763671875,0.587890625,2087.7722569275647,unknown,True,,True,,False,,15119.650390625,True,utility_dynamic,False,0.019063180827886703,0.019063180827886703,kivi_2bit_residual32,0.019063180827886703,,risk_evidence_insufficient,0.0,utility_dynamic,0.0,,,,hybrid-session-016-turn-4,4.082763671875,3.494873046875,4.082763671875,0.0,0.19063180827886705,/DATACENTER3/zhenxiang.wang/work/TailGuardKV/.worktrees/baseline-smoke-final-aggregation/out/full_25session_baseline_9_14/full/policy_attempts/retry2_20260915/seed20260907,False,,hybrid-session-016,qa,173.54747583158314,4,risk_evidence_insufficient,20260907
kivi_2bit_residual32,13.0,0.1,False,False,online_qwen,False,8.0,/DATACENTER3/zhenxiang.wang/work/TailGuardKV/.worktrees/baseline-smoke-final-aggregation/out/full_25session_baseline_9_14/full/policy_attempts/retry2_20260915/seed20260907/config.yaml,,,,,0.1,True,,0.1,,0,False,,120.2578125,49.528076171875,4.014404296875,4.014404296875,0.0,2090.981462970376,unknown,True,,True,,False,,15120.251953125,True,utility_dynamic,False,0.0,0.0,kivi_2bit_residual32,0.0,,risk_evidence_insufficient,0.0,utility_dynamic,0.0,,,,hybrid-session-017-turn-4,4.014404296875,4.014404296875,4.014404296875,0.0,0.0,/DATACENTER3/zhenxiang.wang/work/TailGuardKV/.worktrees/baseline-smoke-final-aggregation/out/full_25session_baseline_9_14/full/policy_attempts/retry2_20260915/seed20260907,True,,hybrid-session-017,summary,171.93774599581957,4,risk_evidence_insufficient,20260907
kivi_2bit_residual32,13.0,0.1,False,False,online_qwen,False,6.0,/DATACENTER3/zhenxiang.wang/work/TailGuardKV/.worktrees/baseline-smoke-final-aggregation/out/full_25session_baseline_9_14/full/policy_attempts/retry2_20260915/seed20260907/config.yaml,,,,,0.1,True,,0.1,,0,False,,120.2578125,50.115966796875,4.115234375,4.115234375,0.587890625,2098.550118971616,unknown,True,,True,,False,,15120.150390625,True,utility_dynamic,False,0.019063180827886703,0.019063180827886703,kivi_2bit_residual32,0.019063180827886703,,risk_evidence_insufficient,0.0,utility_dynamic,0.0,,,,hybrid-session-020-turn-4,4.115234375,3.52734375,4.115234375,0.0,0.19063180827886705,/DATACENTER3/zhenxiang.wang/work/TailGuardKV/.worktrees/baseline-smoke-final-aggregation/out/full_25session_baseline_9_14/full/policy_attempts/retry2_20260915/seed20260907,False,,hybrid-session-020,qa,174.79325411841273,4,risk_evidence_insufficient,20260907
kivi_2bit_residual32,13.0,0.1,False,False,online_qwen,False,8.0,/DATACENTER3/zhenxiang.wang/work/TailGuardKV/.worktrees/baseline-smoke-final-aggregation/out/full_25session_baseline_9_14/full/policy_attempts/retry2_20260915/seed20260907/config.yaml,,,,,0.1,True,,0.1,,0,False,,120.2578125,50.703857421875,3.9853515625,3.9853515625,0.587890625,2058.765236986801,unknown,True,,True,,False,,15120.751953125,True,utility_dynamic,False,0.0,0.0,kivi_2bit_residual32,0.0,,risk_evidence_insufficient,0.0,utility_dynamic,0.0,,,,hybrid-session-023-turn-4,3.9853515625,3.3974609375,3.9853515625,0.0,0.0,/DATACENTER3/zhenxiang.wang/work/TailGuardKV/.worktrees/baseline-smoke-final-aggregation/out/full_25session_baseline_9_14/full/policy_attempts/retry2_20260915/seed20260907,True,,hybrid-session-023,summary,174.09180290997028,4,risk_evidence_insufficient,20260907
kivi_2bit_residual64,1.0,0.1,False,False,online_qwen,False,8.0,/DATACENTER3/zhenxiang.wang/work/TailGuardKV/.worktrees/baseline-smoke-final-aggregation/out/full_25session_baseline_9_14/full/policy_attempts/retry2_20260915/seed20260907/config.yaml,,,,,0.1,True,,0.1,,0,False,,120.2578125,1.203125,1.203125,1.203125,1.203125,41996.6174800396,unknown,True,,True,,False,,15045.50732421875,True,uncalibrated_dynamic,False,0.0,0.0,kivi_2bit_residual64,0.0,,risk_evidence_insufficient,0.0,uncalibrated_dynamic,0.0,,,,hybrid-session-000-turn-0,1.203125,0.0,1.203125,0.0,0.0,/DATACENTER3/zhenxiang.wang/work/TailGuardKV/.worktrees/baseline-smoke-final-aggregation/out/full_25session_baseline_9_14/full/policy_attempts/retry2_20260915/seed20260907,True,point_prediction_eligible,hybrid-session-000,chat,40419.455686908215,0,risk_evidence_insufficient,20260907
kivi_2bit_residual64,2.0,0.1,False,False,online_qwen,False,8.0,/DATACENTER3/zhenxiang.wang/work/TailGuardKV/.worktrees/baseline-smoke-final-aggregation/out/full_25session_baseline_9_14/full/policy_attempts/retry2_20260915/seed20260907/config.yaml,,,,,0.1,True,,0.1,,0,False,,120.2578125,3.28125,2.078125,2.078125,2.078125,1685.3821631520987,unknown,True,,True,,False,,15071.74462890625,True,uncalibrated_dynamic,False,0.0,0.0,kivi_2bit_residual64,0.0,,risk_evidence_insufficient,0.0,uncalibrated_dynamic,0.0,,,,hybrid-session-002-turn-0,2.078125,0.0,2.078125,0.0,0.0,/DATACENTER3/zhenxiang.wang/work/TailGuardKV/.worktrees/baseline-smoke-final-aggregation/out/full_25session_baseline_9_14/full/policy_attempts/retry2_20260915/seed20260907,True,point_prediction_eligible,hybrid-session-002,chat,127.65153008513153,0,risk_evidence_insufficient,20260907
kivi_2bit_residual64,3.0,0.1,False,False,online_qwen,False,8.0,/DATACENTER3/zhenxiang.wang/work/TailGuardKV/.worktrees/baseline-smoke-final-aggregation/out/full_25session_baseline_9_14/full/policy_attempts/retry2_20260915/seed20260907/config.yaml,,,,,0.1,True,,0.1,,0,False,,120.2578125,4.7578125,1.4765625,1.4765625,1.4765625,1689.932269975543,unknown,True,,True,,False,,15056.39697265625,True,uncalibrated_dynamic,False,0.0,0.0,kivi_2bit_residual64,0.0,,risk_evidence_insufficient,0.0,uncalibrated_dynamic,0.0,,,,hybrid-session-003-turn-0,1.4765625,0.0,1.4765625,0.0,0.0,/DATACENTER3/zhenxiang.wang/work/TailGuardKV/.worktrees/baseline-smoke-final-aggregation/out/full_25session_baseline_9_14/full/policy_attempts/retry2_20260915/seed20260907,True,point_prediction_eligible,hybrid-session-003,chat,109.99006894417107,0,risk_evidence_insufficient,20260907
kivi_2bit_residual64,4.0,0.1,False,False,online_qwen,False,8.0,/DATACENTER3/zhenxiang.wang/work/TailGuardKV/.worktrees/baseline-smoke-final-aggregation/out/full_25session_baseline_9_14/full/policy_attempts/retry2_20260915/seed20260907/config.yaml,,,,,0.1,True,,0.1,,0,False,,120.2578125,6.015625,1.2578125,1.2578125,1.2578125,1675.2521940506995,unknown,True,,True,,False,,15051.48681640625,True,uncalibrated_dynamic,False,0.0,0.0,kivi_2bit_residual64,0.0,,risk_evidence_insufficient,0.0,uncalibrated_dynamic,0.0,,,,hybrid-session-007-turn-0,1.2578125,0.0,1.2578125,0.0,0.0,/DATACENTER3/zhenxiang.wang/work/TailGuardKV/.worktrees/baseline-smoke-final-aggregation/out/full_25session_baseline_9_14/full/policy_attempts/retry2_20260915/seed20260907,True,point_prediction_eligible,hybrid-session-007,chat,110.07125093601644,0,risk_evidence_insufficient,20260907
kivi_2bit_residual64,5.0,0.1,False,False,online_qwen,False,8.0,/DATACENTER3/zhenxiang.wang/work/TailGuardKV/.worktrees/baseline-smoke-final-aggregation/out/full_25session_baseline_9_14/full/policy_attempts/retry2_20260915/seed20260907/config.yaml,,,,,0.1,True,,0.1,,0,False,,120.2578125,7.6015625,1.5859375,1.5859375,1.5859375,1686.3145621027797,unknown,True,,True,,False,,15061.63525390625,True,uncalibrated_dynamic,False,0.0,0.0,kivi_2bit_residual64,0.0,,risk_evidence_insufficient,0.0,uncalibrated_dynamic,0.0,,,,hybrid-session-008-turn-0,1.5859375,0.0,1.5859375,0.0,0.0,/DATACENTER3/zhenxiang.wang/work/TailGuardKV/.worktrees/baseline-smoke-final-aggregation/out/full_25session_baseline_9_14/full/policy_attempts/retry2_20260915/seed20260907,True,point_prediction_eligible,hybrid-session-008,chat,108.02152403630316,0,risk_evidence_insufficient,20260907
kivi_2bit_residual64,6.0,0.1,False,False,online_qwen,False,8.0,/DATACENTER3/zhenxiang.wang/work/TailGuardKV/.worktrees/baseline-smoke-final-aggregation/out/full_25session_baseline_9_14/full/policy_attempts/retry2_20260915/seed20260907/config.yaml,,,,,0.1,True,,0.1,,0,False,,120.2578125,9.296875,1.6953125,1.6953125,1.6953125,1701.275248080492,unknown,True,,True,,False,,15066.24462890625,True,uncalibrated_dynamic,False,0.0,0.0,kivi_2bit_residual64,0.0,,risk_evidence_insufficient,0.0,uncalibrated_dynamic,0.0,,,,hybrid-session-009-turn-0,1.6953125,0.0,1.6953125,0.0,0.0,/DATACENTER3/zhenxiang.wang/work/TailGuardKV/.worktrees/baseline-smoke-final-aggregation/out/full_25session_baseline_9_14/full/policy_attempts/retry2_20260915/seed20260907,True,point_prediction_eligible,hybrid-session-009,chat,121.83905416168272,0,risk_evidence_insufficient,20260907
kivi_2bit_residual64,7.0,0.1,False,False,online_qwen,False,8.0,/DATACENTER3/zhenxiang.wang/work/TailGuardKV/.worktrees/baseline-smoke-final-aggregation/out/full_25session_baseline_9_14/full/policy_attempts/retry2_20260915/seed20260907/config.yaml,,,,,0.1,True,,0.1,,0,False,,120.2578125,10.828125,1.53125,1.53125,1.53125,1687.9368310328573,unknown,True,,True,,False,,15063.63427734375,True,uncalibrated_dynamic,False,0.0,0.0,kivi_2bit_residual64,0.0,,risk_evidence_insufficient,0.0,uncalibrated_dynamic,0.0,,,,hybrid-session-010-turn-0,1.53125,0.0,1.53125,0.0,0.0,/DATACENTER3/zhenxiang.wang/work/TailGuardKV/.worktrees/baseline-smoke-final-aggregation/out/full_25session_baseline_9_14/full/policy_attempts/retry2_20260915/seed20260907,True,point_prediction_eligible,hybrid-session-010,chat,103.60185010358691,0,risk_evidence_insufficient,20260907
kivi_2bit_residual64,8.0,0.1,False,False,online_qwen,False,8.0,/DATACENTER3/zhenxiang.wang/work/TailGuardKV/.worktrees/baseline-smoke-final-aggregation/out/full_25session_baseline_9_14/full/policy_attempts/retry2_20260915/seed20260907/config.yaml,,,,,0.1,True,,0.1,,0,False,,120.2578125,12.8515625,2.0234375,2.0234375,2.0234375,1663.232056889683,unknown,True,,True,,False,,15078.54150390625,True,uncalibrated_dynamic,False,0.0,0.0,kivi_2bit_residual64,0.0,,risk_evidence_insufficient,0.0,uncalibrated_dynamic,0.0,,,,hybrid-session-011-turn-0,2.0234375,0.0,2.0234375,0.0,0.0,/DATACENTER3/zhenxiang.wang/work/TailGuardKV/.worktrees/baseline-smoke-final-aggregation/out/full_25session_baseline_9_14/full/policy_attempts/retry2_20260915/seed20260907,True,point_prediction_eligible,hybrid-session-011,chat,115.81752495840192,0,risk_evidence_insufficient,20260907
kivi_2bit_residual64,9.0,0.1,False,False,online_qwen,False,8.0,/DATACENTER3/zhenxiang.wang/work/TailGuardKV/.worktrees/baseline-smoke-final-aggregation/out/full_25session_baseline_9_14/full/policy_attempts/retry2_20260915/seed20260907/config.yaml,,,,,0.1,True,,0.1,,0,False,,120.2578125,14.65625,1.8046875,1.8046875,1.8046875,1699.7944850008935,unknown,True,,True,,False,,15074.51806640625,True,uncalibrated_dynamic,False,0.0,0.0,kivi_2bit_residual64,0.0,,risk_evidence_insufficient,0.0,uncalibrated_dynamic,0.0,,,,hybrid-session-013-turn-0,1.8046875,0.0,1.8046875,0.0,0.0,/DATACENTER3/zhenxiang.wang/work/TailGuardKV/.worktrees/baseline-smoke-final-aggregation/out/full_25session_baseline_9_14/full/policy_attempts/retry2_20260915/seed20260907,True,point_prediction_eligible,hybrid-session-013,chat,108.01509697921574,0,risk_evidence_insufficient,20260907
kivi_2bit_residual64,10.0,0.1,False,False,online_qwen,False,8.0,/DATACENTER3/zhenxiang.wang/work/TailGuardKV/.worktrees/baseline-smoke-final-aggregation/out/full_25session_baseline_9_14/full/policy_attempts/retry2_20260915/seed20260907/config.yaml,,,,,0.1,True,,0.1,,0,False,,120.2578125,17.28125,2.625,2.625,2.625,1718.6291438993067,unknown,True,,True,,False,,15100.71337890625,True,uncalibrated_dynamic,False,0.0,0.0,kivi_2bit_residual64,0.0,,risk_evidence_insufficient,0.0,uncalibrated_dynamic,0.0,,,,hybrid-session-016-turn-0,2.625,0.0,2.625,0.0,0.0,/DATACENTER3/zhenxiang.wang/work/TailGuardKV/.worktrees/baseline-smoke-final-aggregation/out/full_25session_baseline_9_14/full/policy_attempts/retry2_20260915/seed20260907,True,point_prediction_eligible,hybrid-session-016,chat,117.18209809623659,0,risk_evidence_insufficient,20260907
kivi_2bit_residual64,11.0,0.1,False,False,online_qwen,False,8.0,/DATACENTER3/zhenxiang.wang/work/TailGuardKV/.worktrees/baseline-smoke-final-aggregation/out/full_25session_baseline_9_14/full/policy_attempts/retry2_20260915/seed20260907/config.yaml,,,,,0.1,True,,0.1,,0,False,,120.2578125,19.6328125,2.3515625,2.3515625,2.3515625,1720.4456618055701,unknown,True,,True,,False,,15094.06494140625,True,uncalibrated_dynamic,False,0.0,0.0,kivi_2bit_residual64,0.0,,risk_evidence_insufficient,0.0,uncalibrated_dynamic,0.0,,,,hybrid-session-017-turn-0,2.3515625,0.0,2.3515625,0.0,0.0,/DATACENTER3/zhenxiang.wang/work/TailGuardKV/.worktrees/baseline-smoke-final-aggregation/out/full_25session_baseline_9_14/full/policy_attempts/retry2_20260915/seed20260907,True,point_prediction_eligible,hybrid-session-017,chat,118.2633419521153,0,risk_evidence_insufficient,20260907
kivi_2bit_residual64,12.0,0.1,False,False,online_qwen,False,8.0,/DATACENTER3/zhenxiang.wang/work/TailGuardKV/.worktrees/baseline-smoke-final-aggregation/out/full_25session_baseline_9_14/full/policy_attempts/retry2_20260915/seed20260907/config.yaml,,,,,0.1,True,,0.1,,0,False,,120.2578125,22.0390625,2.40625,2.40625,2.40625,1703.8610829040408,unknown,True,,True,,False,,15097.92822265625,True,uncalibrated_dynamic,False,0.0,0.0,kivi_2bit_residual64,0.0,,risk_evidence_insufficient,0.0,uncalibrated_dynamic,0.0,,,,hybrid-session-020-turn-0,2.40625,0.0,2.40625,0.0,0.0,/DATACENTER3/zhenxiang.wang/work/TailGuardKV/.worktrees/baseline-smoke-final-aggregation/out/full_25session_baseline_9_14/full/policy_attempts/retry2_20260915/seed20260907,True,point_prediction_eligible,hybrid-session-020,chat,121.59082386642694,0,risk_evidence_insufficient,20260907
kivi_2bit_residual64,13.0,0.1,False,False,online_qwen,False,8.0,/DATACENTER3/zhenxiang.wang/work/TailGuardKV/.worktrees/baseline-smoke-final-aggregation/out/full_25session_baseline_9_14/full/policy_attempts/retry2_20260915/seed20260907/config.yaml,,,,,0.1,True,,0.1,,0,False,,120.2578125,24.1171875,2.078125,2.078125,2.078125,1687.3704970348626,unknown,True,,True,,False,,15092.58056640625,True,uncalibrated_dynamic,False,0.0,0.0,kivi_2bit_residual64,0.0,,risk_evidence_insufficient,0.0,uncalibrated_dynamic,0.0,,,,hybrid-session-023-turn-0,2.078125,0.0,2.078125,0.0,0.0,/DATACENTER3/zhenxiang.wang/work/TailGuardKV/.worktrees/baseline-smoke-final-aggregation/out/full_25session_baseline_9_14/full/policy_attempts/retry2_20260915/seed20260907,True,point_prediction_eligible,hybrid-session-023,chat,116.32296303287148,0,risk_evidence_insufficient,20260907
kivi_2bit_residual64,13.0,0.1,False,False,online_qwen,False,8.0,/DATACENTER3/zhenxiang.wang/work/TailGuardKV/.worktrees/baseline-smoke-final-aggregation/out/full_25session_baseline_9_14/full/policy_attempts/retry2_20260915/seed20260907/config.yaml,,,,,0.1,True,,0.1,,0,False,,120.2578125,25.6484375,2.734375,2.734375,1.53125,1706.2235260382295,unknown,True,,True,,False,,15078.45556640625,True,uncalibrated_dynamic,False,0.0,0.0,kivi_2bit_residual64,0.0,,risk_evidence_insufficient,0.0,uncalibrated_dynamic,0.0,,,,hybrid-session-000-turn-1,2.734375,1.203125,2.734375,0.0,0.0,/DATACENTER3/zhenxiang.wang/work/TailGuardKV/.worktrees/baseline-smoke-final-aggregation/out/full_25session_baseline_9_14/full/policy_attempts/retry2_20260915/seed20260907,True,point_prediction_eligible,hybrid-session-000,chat,112.67797998152673,1,risk_evidence_insufficient,20260907
kivi_2bit_residual64,13.0,0.1,True,False,online_qwen,False,8.0,/DATACENTER3/zhenxiang.wang/work/TailGuardKV/.worktrees/baseline-smoke-final-aggregation/out/full_25session_baseline_9_14/full/policy_attempts/retry2_20260915/seed20260907/config.yaml,,,,,0.1,True,,0.1,,0,False,,120.2578125,25.875732421875,2.305419921875,2.305419921875,0.227294921875,5608.033143915236,unknown,True,,True,,False,,15087.31591796875,True,uncalibrated_dynamic,False,0.0,0.0,kivi_2bit_residual64,0.0,,risk_evidence_insufficient,0.0,uncalibrated_dynamic,0.0,,,,hybrid-session-002-turn-1,2.305419921875,2.078125,2.305419921875,0.0,0.0,/DATACENTER3/zhenxiang.wang/work/TailGuardKV/.worktrees/baseline-smoke-final-aggregation/out/full_25session_baseline_9_14/full/policy_attempts/retry2_20260915/seed20260907,True,point_prediction_eligible,hybrid-session-002,chat,135.45113685540855,1,risk_evidence_insufficient,20260907
kivi_2bit_residual64,13.0,0.1,False,False,online_qwen,False,8.0,/DATACENTER3/zhenxiang.wang/work/TailGuardKV/.worktrees/baseline-smoke-final-aggregation/out/full_25session_baseline_9_14/full/policy_attempts/retry2_20260915/seed20260907/config.yaml,,,,,0.1,True,,0.1,,0,False,,120.2578125,27.297607421875,2.8984375,2.8984375,1.421875,1705.0318459514529,unknown,True,,True,,False,,15077.78955078125,True,uncalibrated_dynamic,False,0.0,0.0,kivi_2bit_residual64,0.0,,risk_evidence_insufficient,0.0,uncalibrated_dynamic,0.0,,,,hybrid-session-003-turn-1,2.8984375,1.4765625,2.8984375,0.0,0.0,/DATACENTER3/zhenxiang.wang/work/TailGuardKV/.worktrees/baseline-smoke-final-aggregation/out/full_25session_baseline_9_14/full/policy_attempts/retry2_20260915/seed20260907,True,point_prediction_eligible,hybrid-session-003,chat,124.45112806744874,1,risk_evidence_insufficient,20260907
kivi_2bit_residual64,13.0,0.1,False,False,online_qwen,False,8.0,/DATACENTER3/zhenxiang.wang/work/TailGuardKV/.worktrees/baseline-smoke-final-aggregation/out/full_25session_baseline_9_14/full/policy_attempts/retry2_20260915/seed20260907/config.yaml,,,,,0.1,True,,0.1,,0,False,,120.2578125,29.156982421875,3.1171875,3.1171875,1.859375,1666.3492261432111,unknown,True,,True,,False,,15091.34912109375,True,uncalibrated_dynamic,False,0.0,0.0,kivi_2bit_residual64,0.0,,risk_evidence_insufficient,0.0,uncalibrated_dynamic,0.0,,,,hybrid-session-007-turn-1,3.1171875,1.2578125,3.1171875,0.0,0.0,/DATACENTER3/zhenxiang.wang/work/TailGuardKV/.worktrees/baseline-smoke-final-aggregation/out/full_25session_baseline_9_14/full/policy_attempts/retry2_20260915/seed20260907,True,point_prediction_eligible,hybrid-session-007,chat,110.59514107182622,1,risk_evidence_insufficient,20260907
kivi_2bit_residual64,13.0,0.1,False,False,online_qwen,False,8.0,/DATACENTER3/zhenxiang.wang/work/TailGuardKV/.worktrees/baseline-smoke-final-aggregation/out/full_25session_baseline_9_14/full/policy_attempts/retry2_20260915/seed20260907/config.yaml,,,,,0.1,True,,0.1,,0,False,,120.2578125,30.797607421875,3.2265625,3.2265625,1.640625,1677.5353669654578,unknown,True,,True,,False,,15086.30810546875,True,uncalibrated_dynamic,False,0.0,0.0,kivi_2bit_residual64,0.0,,risk_evidence_insufficient,0.0,uncalibrated_dynamic,0.0,,,,hybrid-session-008-turn-1,3.2265625,1.5859375,3.2265625,0.0,0.0,/DATACENTER3/zhenxiang.wang/work/TailGuardKV/.worktrees/baseline-smoke-final-aggregation/out/full_25session_baseline_9_14/full/policy_attempts/retry2_20260915/seed20260907,True,point_prediction_eligible,hybrid-session-008,chat,108.6371939163655,1,risk_evidence_insufficient,20260907
kivi_2bit_residual64,13.0,0.1,False,False,online_qwen,False,8.0,/DATACENTER3/zhenxiang.wang/work/TailGuardKV/.worktrees/baseline-smoke-final-aggregation/out/full_25session_baseline_9_14/full/policy_attempts/retry2_20260915/seed20260907/config.yaml,,,,,0.1,True,,0.1,,0,False,,120.2578125,32.492919921875,3.390625,3.390625,1.6953125,1696.5187028981745,unknown,True,,True,,False,,15089.46044921875,True,uncalibrated_dynamic,False,0.0,0.0,kivi_2bit_residual64,0.0,,risk_evidence_insufficient,0.0,uncalibrated_dynamic,0.0,,,,hybrid-session-009-turn-1,3.390625,1.6953125,3.390625,0.0,0.0,/DATACENTER3/zhenxiang.wang/work/TailGuardKV/.worktrees/baseline-smoke-final-aggregation/out/full_25session_baseline_9_14/full/policy_attempts/retry2_20260915/seed20260907,True,point_prediction_eligible,hybrid-session-009,chat,117.46056191623211,1,risk_evidence_insufficient,20260907
kivi_2bit_residual64,13.0,0.1,False,False,online_qwen,False,8.0,/DATACENTER3/zhenxiang.wang/work/TailGuardKV/.worktrees/baseline-smoke-final-aggregation/out/full_25session_baseline_9_14/full/policy_attempts/retry2_20260915/seed20260907/config.yaml,,,,,0.1,True,,0.1,,0,False,,120.2578125,34.133544921875,3.171875,3.171875,1.640625,1692.9030320607126,unknown,True,,True,,False,,15089.64404296875,True,uncalibrated_dynamic,False,0.0,0.0,kivi_2bit_residual64,0.0,,risk_evidence_insufficient,0.0,uncalibrated_dynamic,0.0,,,,hybrid-session-010-turn-1,3.171875,1.53125,3.171875,0.0,0.0,/DATACENTER3/zhenxiang.wang/work/TailGuardKV/.worktrees/baseline-smoke-final-aggregation/out/full_25session_baseline_9_14/full/policy_attempts/retry2_20260915/seed20260907,True,point_prediction_eligible,hybrid-session-010,chat,120.90820702724159,1,risk_evidence_insufficient,20260907
kivi_2bit_residual64,13.0,0.1,False,False,online_qwen,False,8.0,/DATACENTER3/zhenxiang.wang/work/TailGuardKV/.worktrees/baseline-smoke-final-aggregation/out/full_25session_baseline_9_14/full/policy_attempts/retry2_20260915/seed20260907/config.yaml,,,,,0.1,True,,0.1,,0,False,,120.2578125,35.500732421875,3.390625,3.390625,1.3671875,1675.8833099156618,unknown,True,,True,,False,,15083.72607421875,True,uncalibrated_dynamic,False,0.0,0.0,kivi_2bit_residual64,0.0,,risk_evidence_insufficient,0.0,uncalibrated_dynamic,0.0,,,,hybrid-session-011-turn-1,3.390625,2.0234375,3.390625,0.0,0.0,/DATACENTER3/zhenxiang.wang/work/TailGuardKV/.worktrees/baseline-smoke-final-aggregation/out/full_25session_baseline_9_14/full/policy_attempts/retry2_20260915/seed20260907,True,point_prediction_eligible,hybrid-session-011,chat,114.5030870102346,1,risk_evidence_insufficient,20260907
kivi_2bit_residual64,13.0,0.1,False,False,online_qwen,False,8.0,/DATACENTER3/zhenxiang.wang/work/TailGuardKV/.worktrees/baseline-smoke-final-aggregation/out/full_25session_baseline_9_14/full/policy_attempts/retry2_20260915/seed20260907/config.yaml,,,,,0.1,True,,0.1,,0,False,,120.2578125,36.922607421875,3.2265625,3.2265625,1.421875,1675.9275707881898,unknown,True,,True,,False,,15087.41455078125,True,uncalibrated_dynamic,False,0.0,0.0,kivi_2bit_residual64,0.0,,risk_evidence_insufficient,0.0,uncalibrated_dynamic,0.0,,,,hybrid-session-013-turn-1,3.2265625,1.8046875,3.2265625,0.0,0.0,/DATACENTER3/zhenxiang.wang/work/TailGuardKV/.worktrees/baseline-smoke-final-aggregation/out/full_25session_baseline_9_14/full/policy_attempts/retry2_20260915/seed20260907,True,point_prediction_eligible,hybrid-session-013,chat,112.41466598585248,1,risk_evidence_insufficient,20260907
kivi_2bit_residual64,13.0,0.1,False,False,online_qwen,False,8.0,/DATACENTER3/zhenxiang.wang/work/TailGuardKV/.worktrees/baseline-smoke-final-aggregation/out/full_25session_baseline_9_14/full/policy_attempts/retry2_20260915/seed20260907/config.yaml,,,,,0.1,True,,0.1,,0,False,,120.2578125,36.922607421875,2.625,2.625,0.0,2036.8097140453756,unknown,True,,True,,False,,15090.05810546875,True,uncalibrated_dynamic,False,0.0,0.0,kivi_2bit_residual64,0.0,,risk_evidence_insufficient,0.0,uncalibrated_dynamic,0.0,,,,hybrid-session-016-turn-1,2.625,2.625,2.625,0.0,0.0,/DATACENTER3/zhenxiang.wang/work/TailGuardKV/.worktrees/baseline-smoke-final-aggregation/out/full_25session_baseline_9_14/full/policy_attempts/retry2_20260915/seed20260907,True,point_prediction_eligible,hybrid-session-016,chat,118.9957729075104,1,risk_evidence_insufficient,20260907
kivi_2bit_residual64,13.0,0.1,False,False,online_qwen,False,8.0,/DATACENTER3/zhenxiang.wang/work/TailGuardKV/.worktrees/baseline-smoke-final-aggregation/out/full_25session_baseline_9_14/full/policy_attempts/retry2_20260915/seed20260907/config.yaml,,,,,0.1,True,,0.1,,0,False,,120.2578125,37.52587890625,2.954833984375,2.954833984375,0.603271484375,2551.8232609611005,unknown,True,,True,,False,,15121.1357421875,True,uncalibrated_dynamic,False,0.0,0.0,kivi_2bit_residual64,0.0,,risk_evidence_insufficient,0.0,uncalibrated_dynamic,0.0,,,,hybrid-session-017-turn-1,2.954833984375,2.3515625,2.954833984375,0.0,0.0,/DATACENTER3/zhenxiang.wang/work/TailGuardKV/.worktrees/baseline-smoke-final-aggregation/out/full_25session_baseline_9_14/full/policy_attempts/retry2_20260915/seed20260907,True,point_prediction_eligible,hybrid-session-017,chat,202.0381318870932,1,risk_evidence_insufficient,20260907
kivi_2bit_residual64,13.0,0.1,False,False,online_qwen,False,8.0,/DATACENTER3/zhenxiang.wang/work/TailGuardKV/.worktrees/baseline-smoke-final-aggregation/out/full_25session_baseline_9_14/full/policy_attempts/retry2_20260915/seed20260907/config.yaml,,,,,0.1,True,,0.1,,0,False,,120.2578125,37.65234375,2.53271484375,2.53271484375,0.12646484375,2433.687031036243,unknown,True,,True,,False,,15101.38134765625,True,uncalibrated_dynamic,False,0.0,0.0,kivi_2bit_residual64,0.0,,risk_evidence_insufficient,0.0,uncalibrated_dynamic,0.0,,,,hybrid-session-020-turn-1,2.53271484375,2.40625,2.53271484375,0.0,0.0,/DATACENTER3/zhenxiang.wang/work/TailGuardKV/.worktrees/baseline-smoke-final-aggregation/out/full_25session_baseline_9_14/full/policy_attempts/retry2_20260915/seed20260907,True,point_prediction_eligible,hybrid-session-020,chat,119.04639913700521,1,risk_evidence_insufficient,20260907
kivi_2bit_residual64,13.0,0.1,False,False,online_qwen,False,8.0,/DATACENTER3/zhenxiang.wang/work/TailGuardKV/.worktrees/baseline-smoke-final-aggregation/out/full_25session_baseline_9_14/full/policy_attempts/retry2_20260915/seed20260907/config.yaml,,,,,0.1,True,,0.1,,0,False,,120.2578125,38.009521484375,2.435302734375,2.435302734375,0.357177734375,2342.76114590466,unknown,True,,True,,False,,15105.22998046875,True,uncalibrated_dynamic,False,0.0,0.0,kivi_2bit_residual64,0.0,,risk_evidence_insufficient,0.0,uncalibrated_dynamic,0.0,,,,hybrid-session-023-turn-1,2.435302734375,2.078125,2.435302734375,0.0,0.0,/DATACENTER3/zhenxiang.wang/work/TailGuardKV/.worktrees/baseline-smoke-final-aggregation/out/full_25session_baseline_9_14/full/policy_attempts/retry2_20260915/seed20260907,True,point_prediction_eligible,hybrid-session-023,chat,117.74869891814888,1,risk_evidence_insufficient,20260907
kivi_2bit_residual64,13.0,0.1,True,False,online_qwen,False,7.0,/DATACENTER3/zhenxiang.wang/work/TailGuardKV/.worktrees/baseline-smoke-final-aggregation/out/full_25session_baseline_9_14/full/policy_attempts/retry2_20260915/seed20260907/config.yaml,,,,,0.1,True,,0.1,,0,False,,120.2578125,38.9580078125,3.682861328125,3.682861328125,0.948486328125,1499.104477930814,unknown,True,,True,,False,,15272.94677734375,True,uncalibrated_dynamic,False,0.0007168458781361964,0.0007168458781361964,kivi_2bit_residual64,0.0007168458781361964,,risk_evidence_insufficient,0.0,uncalibrated_dynamic,0.0,,,,hybrid-session-000-turn-2,3.682861328125,2.734375,3.682861328125,0.0,0.009318996415770553,/DATACENTER3/zhenxiang.wang/work/TailGuardKV/.worktrees/baseline-smoke-final-aggregation/out/full_25session_baseline_9_14/full/policy_attempts/retry2_20260915/seed20260907,True,point_prediction_eligible,hybrid-session-000,qa,252.52386392094195,2,risk_evidence_insufficient,20260907
kivi_2bit_residual64,13.0,0.1,False,False,online_qwen,False,6.0,/DATACENTER3/zhenxiang.wang/work/TailGuardKV/.worktrees/baseline-smoke-final-aggregation/out/full_25session_baseline_9_14/full/policy_attempts/retry2_20260915/seed20260907/config.yaml,,,,,0.1,True,,0.1,,0,False,,120.2578125,40.140625,3.488037109375,3.488037109375,1.1826171875,1334.7821289207786,unknown,True,,True,,False,,15234.24609375,True,uncalibrated_dynamic,False,0.019063180827886703,0.019063180827886703,kivi_2bit_residual64,0.019063180827886703,,risk_evidence_insufficient,0.0,uncalibrated_dynamic,0.0,,,,hybrid-session-002-turn-2,3.488037109375,2.305419921875,3.488037109375,0.0,0.19063180827886705,/DATACENTER3/zhenxiang.wang/work/TailGuardKV/.worktrees/baseline-smoke-final-aggregation/out/full_25session_baseline_9_14/full/policy_attempts/retry2_20260915/seed20260907,False,point_prediction_eligible,hybrid-session-002,qa,142.1703810337931,2,risk_evidence_insufficient,20260907
kivi_2bit_residual64,13.0,0.1,False,False,online_qwen,False,8.0,/DATACENTER3/zhenxiang.wang/work/TailGuardKV/.worktrees/baseline-smoke-final-aggregation/out/full_25session_baseline_9_14/full/policy_attempts/retry2_20260915/seed20260907/config.yaml,,,,,0.1,True,,0.1,,0,False,,120.2578125,41.567626953125,4.325439453125,4.325439453125,1.427001953125,1340.582116972655,unknown,True,,True,,False,,15234.28125,True,uncalibrated_dynamic,False,5.5796158035970045e-05,5.5796158035970045e-05,kivi_2bit_residual64,5.5796158035970045e-05,,risk_evidence_insufficient,0.0,uncalibrated_dynamic,0.0,,,,hybrid-session-003-turn-2,4.325439453125,2.8984375,4.325439453125,0.0,0.00016738847410791013,/DATACENTER3/zhenxiang.wang/work/TailGuardKV/.worktrees/baseline-smoke-final-aggregation/out/full_25session_baseline_9_14/full/policy_attempts/retry2_20260915/seed20260907,True,point_prediction_eligible,hybrid-session-003,summary,129.09439601935446,2,risk_evidence_insufficient,20260907
kivi_2bit_residual64,13.0,0.1,False,False,online_qwen,False,8.0,/DATACENTER3/zhenxiang.wang/work/TailGuardKV/.worktrees/baseline-smoke-final-aggregation/out/full_25session_baseline_9_14/full/policy_attempts/retry2_20260915/seed20260907/config.yaml,,,,,0.1,True,,0.1,,0,False,,120.2578125,42.5810546875,4.130615234375,4.130615234375,1.013427734375,1337.949262931943,unknown,True,,True,,False,,15220.7421875,True,uncalibrated_dynamic,False,0.0,0.0,kivi_2bit_residual64,0.0,,risk_evidence_insufficient,0.0,uncalibrated_dynamic,0.0,,,,hybrid-session-007-turn-2,4.130615234375,3.1171875,4.130615234375,0.0,0.0,/DATACENTER3/zhenxiang.wang/work/TailGuardKV/.worktrees/baseline-smoke-final-aggregation/out/full_25session_baseline_9_14/full/policy_attempts/retry2_20260915/seed20260907,True,point_prediction_eligible,hybrid-session-007,summary,129.19075298123062,2,risk_evidence_insufficient,20260907
kivi_2bit_residual64,13.0,0.1,False,False,online_qwen,False,6.0,/DATACENTER3/zhenxiang.wang/work/TailGuardKV/.worktrees/baseline-smoke-final-aggregation/out/full_25session_baseline_9_14/full/policy_attempts/retry2_20260915/seed20260907/config.yaml,,,,,0.1,True,,0.1,,0,False,,120.2578125,44.037109375,4.6826171875,4.6826171875,1.4560546875,2000.0595189630985,unknown,True,,True,,False,,15244.068359375,True,uncalibrated_dynamic,False,0.019063180827886703,0.019063180827886703,kivi_2bit_residual64,0.019063180827886703,,risk_evidence_insufficient,0.0,uncalibrated_dynamic,0.0,,,,hybrid-session-008-turn-2,4.6826171875,3.2265625,4.6826171875,0.0,0.19063180827886705,/DATACENTER3/zhenxiang.wang/work/TailGuardKV/.worktrees/baseline-smoke-final-aggregation/out/full_25session_baseline_9_14/full/policy_attempts/retry2_20260915/seed20260907,False,point_prediction_eligible,hybrid-session-008,qa,125.58185285888612,2,risk_evidence_insufficient,20260907
kivi_2bit_residual64,13.0,0.1,False,False,online_qwen,False,8.0,/DATACENTER3/zhenxiang.wang/work/TailGuardKV/.worktrees/baseline-smoke-final-aggregation/out/full_25session_baseline_9_14/full/policy_attempts/retry2_20260915/seed20260907/config.yaml,,,,,0.1,True,,0.1,,0,False,,120.2578125,44.842041015625,4.195556640625,4.195556640625,0.804931640625,2599.235906964168,unknown,True,,True,,False,,15218.6484375,True,uncalibrated_dynamic,False,5.5796158035970045e-05,5.5796158035970045e-05,kivi_2bit_residual64,5.5796158035970045e-05,,risk_evidence_insufficient,0.0,uncalibrated_dynamic,0.0,,,,hybrid-session-009-turn-2,4.195556640625,3.390625,4.195556640625,0.0,0.00016738847410791013,/DATACENTER3/zhenxiang.wang/work/TailGuardKV/.worktrees/baseline-smoke-final-aggregation/out/full_25session_baseline_9_14/full/policy_attempts/retry2_20260915/seed20260907,True,point_prediction_eligible,hybrid-session-009,summary,204.55657597631216,2,risk_evidence_insufficient,20260907
kivi_2bit_residual64,13.0,0.1,False,False,online_qwen,False,6.0,/DATACENTER3/zhenxiang.wang/work/TailGuardKV/.worktrees/baseline-smoke-final-aggregation/out/full_25session_baseline_9_14/full/policy_attempts/retry2_20260915/seed20260907/config.yaml,,,,,0.1,True,,0.1,,0,False,,120.2578125,46.25537109375,4.585205078125,4.585205078125,1.413330078125,2614.791605155915,unknown,True,,True,,False,,15243.396484375,True,uncalibrated_dynamic,False,0.019063180827886703,0.019063180827886703,kivi_2bit_residual64,0.019063180827886703,,risk_evidence_insufficient,0.0,uncalibrated_dynamic,0.0,,,,hybrid-session-010-turn-2,4.585205078125,3.171875,4.585205078125,0.0,0.19063180827886705,/DATACENTER3/zhenxiang.wang/work/TailGuardKV/.worktrees/baseline-smoke-final-aggregation/out/full_25session_baseline_9_14/full/policy_attempts/retry2_20260915/seed20260907,False,point_prediction_eligible,hybrid-session-010,qa,205.79029410146177,2,risk_evidence_insufficient,20260907
kivi_2bit_residual64,13.0,0.1,True,False,online_qwen,False,8.0,/DATACENTER3/zhenxiang.wang/work/TailGuardKV/.worktrees/baseline-smoke-final-aggregation/out/full_25session_baseline_9_14/full/policy_attempts/retry2_20260915/seed20260907/config.yaml,,,,,0.1,True,,0.1,,0,False,,120.2578125,47.190185546875,4.325439453125,4.325439453125,0.934814453125,2352.801112923771,unknown,True,,True,,False,,15226.8828125,True,uncalibrated_dynamic,False,0.0,0.0,kivi_2bit_residual64,0.0,,risk_evidence_insufficient,0.0,uncalibrated_dynamic,0.0,,,,hybrid-session-011-turn-2,4.325439453125,3.390625,4.325439453125,0.0,0.0,/DATACENTER3/zhenxiang.wang/work/TailGuardKV/.worktrees/baseline-smoke-final-aggregation/out/full_25session_baseline_9_14/full/policy_attempts/retry2_20260915/seed20260907,True,point_prediction_eligible,hybrid-session-011,summary,213.68068410083652,2,risk_evidence_insufficient,20260907
kivi_2bit_residual64,13.0,0.1,False,False,online_qwen,False,8.0,/DATACENTER3/zhenxiang.wang/work/TailGuardKV/.worktrees/baseline-smoke-final-aggregation/out/full_25session_baseline_9_14/full/policy_attempts/retry2_20260915/seed20260907/config.yaml,,,,,0.1,True,,0.1,,0,False,,120.2578125,48.321533203125,4.35791015625,4.35791015625,1.13134765625,2616.4863279554993,unknown,True,,True,,False,,15233.873046875,True,uncalibrated_dynamic,False,0.0,0.0,kivi_2bit_residual64,0.0,,risk_evidence_insufficient,0.0,uncalibrated_dynamic,0.0,,,,hybrid-session-013-turn-2,4.35791015625,3.2265625,4.35791015625,0.0,0.0,/DATACENTER3/zhenxiang.wang/work/TailGuardKV/.worktrees/baseline-smoke-final-aggregation/out/full_25session_baseline_9_14/full/policy_attempts/retry2_20260915/seed20260907,True,point_prediction_eligible,hybrid-session-013,summary,203.9495138451457,2,risk_evidence_insufficient,20260907
kivi_2bit_residual64,13.0,0.1,True,False,online_qwen,False,6.0,/DATACENTER3/zhenxiang.wang/work/TailGuardKV/.worktrees/baseline-smoke-final-aggregation/out/full_25session_baseline_9_14/full/policy_attempts/retry2_20260915/seed20260907/config.yaml,,,,,0.1,True,,0.1,,0,False,,120.2578125,49.152099609375,3.45556640625,3.45556640625,0.83056640625,2660.87971907109,unknown,True,,True,,False,,15236.333984375,True,uncalibrated_dynamic,False,0.019063180827886703,0.019063180827886703,kivi_2bit_residual64,0.019063180827886703,,risk_evidence_insufficient,0.0,uncalibrated_dynamic,0.0,,,,hybrid-session-016-turn-2,3.45556640625,2.625,3.45556640625,0.0,0.19063180827886705,/DATACENTER3/zhenxiang.wang/work/TailGuardKV/.worktrees/baseline-smoke-final-aggregation/out/full_25session_baseline_9_14/full/policy_attempts/retry2_20260915/seed20260907,False,point_prediction_eligible,hybrid-session-016,qa,228.72636304236948,2,risk_evidence_insufficient,20260907
kivi_2bit_residual64,13.0,0.1,False,False,online_qwen,False,8.0,/DATACENTER3/zhenxiang.wang/work/TailGuardKV/.worktrees/baseline-smoke-final-aggregation/out/full_25session_baseline_9_14/full/policy_attempts/retry2_20260915/seed20260907/config.yaml,,,,,0.1,True,,0.1,,0,False,,120.2578125,50.204833984375,4.007568359375,4.007568359375,1.052734375,2212.2763181105256,unknown,True,,True,,False,,15237.44287109375,True,uncalibrated_dynamic,False,5.5796158035970045e-05,5.5796158035970045e-05,kivi_2bit_residual64,5.5796158035970045e-05,,risk_evidence_insufficient,0.0,uncalibrated_dynamic,0.0,,,,hybrid-session-017-turn-2,4.007568359375,2.954833984375,4.007568359375,0.0,0.00016738847410791013,/DATACENTER3/zhenxiang.wang/work/TailGuardKV/.worktrees/baseline-smoke-final-aggregation/out/full_25session_baseline_9_14/full/policy_attempts/retry2_20260915/seed20260907,True,point_prediction_eligible,hybrid-session-017,summary,242.68632708117366,2,risk_evidence_insufficient,20260907
kivi_2bit_residual64,13.0,0.1,False,False,online_qwen,False,7.0,/DATACENTER3/zhenxiang.wang/work/TailGuardKV/.worktrees/baseline-smoke-final-aggregation/out/full_25session_baseline_9_14/full/policy_attempts/retry2_20260915/seed20260907/config.yaml,,,,,0.1,True,,0.1,,0,False,,120.2578125,51.16015625,3.488037109375,3.488037109375,0.955322265625,2643.544641090557,unknown,True,,True,,False,,15235.462890625,True,uncalibrated_dynamic,False,0.0007168458781361964,0.0007168458781361964,kivi_2bit_residual64,0.0007168458781361964,,risk_evidence_insufficient,0.0,uncalibrated_dynamic,0.0,,,,hybrid-session-020-turn-2,3.488037109375,2.53271484375,3.488037109375,0.0,0.009318996415770553,/DATACENTER3/zhenxiang.wang/work/TailGuardKV/.worktrees/baseline-smoke-final-aggregation/out/full_25session_baseline_9_14/full/policy_attempts/retry2_20260915/seed20260907,True,point_prediction_eligible,hybrid-session-020,qa,238.7647780124098,2,risk_evidence_insufficient,20260907
kivi_2bit_residual64,13.0,0.1,False,False,online_qwen,False,8.0,/DATACENTER3/zhenxiang.wang/work/TailGuardKV/.worktrees/baseline-smoke-final-aggregation/out/full_25session_baseline_9_14/full/policy_attempts/retry2_20260915/seed20260907/config.yaml,,,,,0.1,True,,0.1,,0,False,,120.2578125,52.115478515625,3.390625,3.390625,0.955322265625,2653.7492820061743,unknown,True,,True,,False,,15236.44140625,True,uncalibrated_dynamic,False,0.0,0.0,kivi_2bit_residual64,0.0,,risk_evidence_insufficient,0.0,uncalibrated_dynamic,0.0,,,,hybrid-session-023-turn-2,3.390625,2.435302734375,3.390625,0.0,0.0,/DATACENTER3/zhenxiang.wang/work/TailGuardKV/.worktrees/baseline-smoke-final-aggregation/out/full_25session_baseline_9_14/full/policy_attempts/retry2_20260915/seed20260907,True,point_prediction_eligible,hybrid-session-023,summary,219.08589801751077,2,risk_evidence_insufficient,20260907
kivi_2bit_residual64,13.0,0.1,False,False,online_qwen,False,7.0,/DATACENTER3/zhenxiang.wang/work/TailGuardKV/.worktrees/baseline-smoke-final-aggregation/out/full_25session_baseline_9_14/full/policy_attempts/retry2_20260915/seed20260907/config.yaml,,,,,0.1,True,,0.1,,0,False,,120.2578125,53.57666015625,5.14404296875,5.14404296875,1.461181640625,2285.797741962597,unknown,True,,True,,False,,15131.53515625,True,uncalibrated_dynamic,False,0.0007168458781361964,0.0007168458781361964,kivi_2bit_residual64,0.0007168458781361964,,risk_evidence_insufficient,0.0,uncalibrated_dynamic,0.0,,,,hybrid-session-000-turn-3,5.14404296875,3.682861328125,5.14404296875,0.0,0.009318996415770553,/DATACENTER3/zhenxiang.wang/work/TailGuardKV/.worktrees/baseline-smoke-final-aggregation/out/full_25session_baseline_9_14/full/policy_attempts/retry2_20260915/seed20260907,True,point_prediction_eligible,hybrid-session-000,qa,188.293935963884,3,risk_evidence_insufficient,20260907
kivi_2bit_residual64,13.0,0.1,False,False,online_qwen,False,6.0,/DATACENTER3/zhenxiang.wang/work/TailGuardKV/.worktrees/baseline-smoke-final-aggregation/out/full_25session_baseline_9_14/full/policy_attempts/retry2_20260915/seed20260907/config.yaml,,,,,0.1,True,,0.1,,0,False,,120.2578125,55.037841796875,4.94921875,4.94921875,1.461181640625,2184.109081979841,unknown,True,,True,,False,,15133.01171875,True,uncalibrated_dynamic,False,0.019063180827886703,0.019063180827886703,kivi_2bit_residual64,0.019063180827886703,,risk_evidence_insufficient,0.0,uncalibrated_dynamic,0.0,,,,hybrid-session-002-turn-3,4.94921875,3.488037109375,4.94921875,0.0,0.19063180827886705,/DATACENTER3/zhenxiang.wang/work/TailGuardKV/.worktrees/baseline-smoke-final-aggregation/out/full_25session_baseline_9_14/full/policy_attempts/retry2_20260915/seed20260907,False,point_prediction_eligible,hybrid-session-002,qa,175.98321312107146,3,risk_evidence_insufficient,20260907
kivi_2bit_residual64,13.0,0.1,False,False,online_qwen,False,8.0,/DATACENTER3/zhenxiang.wang/work/TailGuardKV/.worktrees/baseline-smoke-final-aggregation/out/full_25session_baseline_9_14/full/policy_attempts/retry2_20260915/seed20260907/config.yaml,,,,,0.1,True,,0.1,,0,False,,120.2578125,55.044677734375,4.332275390625,4.332275390625,0.0068359375,2164.1928129829466,unknown,True,,True,,False,,15131.5,True,uncalibrated_dynamic,False,0.0,0.0,kivi_2bit_residual64,0.0,,risk_evidence_insufficient,0.0,uncalibrated_dynamic,0.0,,,,hybrid-session-003-turn-3,4.332275390625,4.325439453125,4.332275390625,0.0,0.0,/DATACENTER3/zhenxiang.wang/work/TailGuardKV/.worktrees/baseline-smoke-final-aggregation/out/full_25session_baseline_9_14/full/policy_attempts/retry2_20260915/seed20260907,True,point_prediction_eligible,hybrid-session-003,summary,211.08024707064033,3,risk_evidence_insufficient,20260907
kivi_2bit_residual64,13.0,0.1,False,False,online_qwen,False,8.0,/DATACENTER3/zhenxiang.wang/work/TailGuardKV/.worktrees/baseline-smoke-final-aggregation/out/full_25session_baseline_9_14/full/policy_attempts/retry2_20260915/seed20260907/config.yaml,,,,,0.1,True,,0.1,,0,False,,120.2578125,55.051513671875,4.137451171875,4.137451171875,0.0068359375,2654.45517282933,unknown,True,,True,,False,,15131.51953125,True,uncalibrated_dynamic,False,0.0,0.0,kivi_2bit_residual64,0.0,,risk_evidence_insufficient,0.0,uncalibrated_dynamic,0.0,,,,hybrid-session-007-turn-3,4.137451171875,4.130615234375,4.137451171875,0.0,0.0,/DATACENTER3/zhenxiang.wang/work/TailGuardKV/.worktrees/baseline-smoke-final-aggregation/out/full_25session_baseline_9_14/full/policy_attempts/retry2_20260915/seed20260907,True,point_prediction_eligible,hybrid-session-007,summary,207.52194290980697,3,risk_evidence_insufficient,20260907
kivi_2bit_residual64,13.0,0.1,False,False,online_qwen,False,6.0,/DATACENTER3/zhenxiang.wang/work/TailGuardKV/.worktrees/baseline-smoke-final-aggregation/out/full_25session_baseline_9_14/full/policy_attempts/retry2_20260915/seed20260907/config.yaml,,,,,0.1,True,,0.1,,0,False,,120.2578125,55.0908203125,4.721923828125,4.721923828125,0.039306640625,2575.8083779364824,unknown,True,,True,,False,,15133.025390625,True,uncalibrated_dynamic,False,0.019063180827886703,0.019063180827886703,kivi_2bit_residual64,0.019063180827886703,,risk_evidence_insufficient,0.0,uncalibrated_dynamic,0.0,,,,hybrid-session-008-turn-3,4.721923828125,4.6826171875,4.721923828125,0.0,0.19063180827886705,/DATACENTER3/zhenxiang.wang/work/TailGuardKV/.worktrees/baseline-smoke-final-aggregation/out/full_25session_baseline_9_14/full/policy_attempts/retry2_20260915/seed20260907,False,point_prediction_eligible,hybrid-session-008,qa,210.12305608019233,3,risk_evidence_insufficient,20260907
kivi_2bit_residual64,13.0,0.1,False,False,online_qwen,False,8.0,/DATACENTER3/zhenxiang.wang/work/TailGuardKV/.worktrees/baseline-smoke-final-aggregation/out/full_25session_baseline_9_14/full/policy_attempts/retry2_20260915/seed20260907/config.yaml,,,,,0.1,True,,0.1,,0,False,,120.2578125,55.09765625,4.202392578125,4.202392578125,0.0068359375,2648.5597318969667,unknown,True,,True,,False,,15131.58203125,True,uncalibrated_dynamic,False,0.0,0.0,kivi_2bit_residual64,0.0,,risk_evidence_insufficient,0.0,uncalibrated_dynamic,0.0,,,,hybrid-session-009-turn-3,4.202392578125,4.195556640625,4.202392578125,0.0,0.0,/DATACENTER3/zhenxiang.wang/work/TailGuardKV/.worktrees/baseline-smoke-final-aggregation/out/full_25session_baseline_9_14/full/policy_attempts/retry2_20260915/seed20260907,True,point_prediction_eligible,hybrid-session-009,summary,208.39912607334554,3,risk_evidence_insufficient,20260907
kivi_2bit_residual64,13.0,0.1,False,False,online_qwen,False,6.0,/DATACENTER3/zhenxiang.wang/work/TailGuardKV/.worktrees/baseline-smoke-final-aggregation/out/full_25session_baseline_9_14/full/policy_attempts/retry2_20260915/seed20260907/config.yaml,,,,,0.1,True,,0.1,,0,False,,120.2578125,55.136962890625,4.62451171875,4.62451171875,0.039306640625,2619.9214700609446,unknown,True,,True,,False,,15133.080078125,True,uncalibrated_dynamic,False,0.019063180827886703,0.019063180827886703,kivi_2bit_residual64,0.019063180827886703,,risk_evidence_insufficient,0.0,uncalibrated_dynamic,0.0,,,,hybrid-session-010-turn-3,4.62451171875,4.585205078125,4.62451171875,0.0,0.19063180827886705,/DATACENTER3/zhenxiang.wang/work/TailGuardKV/.worktrees/baseline-smoke-final-aggregation/out/full_25session_baseline_9_14/full/policy_attempts/retry2_20260915/seed20260907,False,point_prediction_eligible,hybrid-session-010,qa,207.0170061197132,3,risk_evidence_insufficient,20260907
kivi_2bit_residual64,13.0,0.1,False,False,online_qwen,False,8.0,/DATACENTER3/zhenxiang.wang/work/TailGuardKV/.worktrees/baseline-smoke-final-aggregation/out/full_25session_baseline_9_14/full/policy_attempts/retry2_20260915/seed20260907/config.yaml,,,,,0.1,True,,0.1,,0,False,,120.2578125,55.143798828125,4.332275390625,4.332275390625,0.0068359375,2594.686971977353,unknown,True,,True,,False,,15131.609375,True,uncalibrated_dynamic,False,0.0,0.0,kivi_2bit_residual64,0.0,,risk_evidence_insufficient,0.0,uncalibrated_dynamic,0.0,,,,hybrid-session-011-turn-3,4.332275390625,4.325439453125,4.332275390625,0.0,0.0,/DATACENTER3/zhenxiang.wang/work/TailGuardKV/.worktrees/baseline-smoke-final-aggregation/out/full_25session_baseline_9_14/full/policy_attempts/retry2_20260915/seed20260907,True,point_prediction_eligible,hybrid-session-011,summary,207.65125285834074,3,risk_evidence_insufficient,20260907
kivi_2bit_residual64,13.0,0.1,False,False,online_qwen,False,8.0,/DATACENTER3/zhenxiang.wang/work/TailGuardKV/.worktrees/baseline-smoke-final-aggregation/out/full_25session_baseline_9_14/full/policy_attempts/retry2_20260915/seed20260907/config.yaml,,,,,0.1,True,,0.1,,0,False,,120.2578125,55.150634765625,4.36474609375,4.36474609375,0.0068359375,2659.280277090147,unknown,True,,True,,False,,15131.595703125,True,uncalibrated_dynamic,False,0.0,0.0,kivi_2bit_residual64,0.0,,risk_evidence_insufficient,0.0,uncalibrated_dynamic,0.0,,,,hybrid-session-013-turn-3,4.36474609375,4.35791015625,4.36474609375,0.0,0.0,/DATACENTER3/zhenxiang.wang/work/TailGuardKV/.worktrees/baseline-smoke-final-aggregation/out/full_25session_baseline_9_14/full/policy_attempts/retry2_20260915/seed20260907,True,point_prediction_eligible,hybrid-session-013,summary,216.01049695163965,3,risk_evidence_insufficient,20260907
kivi_2bit_residual64,13.0,0.1,False,False,online_qwen,False,6.0,/DATACENTER3/zhenxiang.wang/work/TailGuardKV/.worktrees/baseline-smoke-final-aggregation/out/full_25session_baseline_9_14/full/policy_attempts/retry2_20260915/seed20260907/config.yaml,,,,,0.1,True,,0.1,,0,False,,120.2578125,56.61181640625,4.916748046875,4.916748046875,1.461181640625,2571.4461968746036,unknown,True,,True,,False,,15134.505859375,True,uncalibrated_dynamic,False,0.019063180827886703,0.019063180827886703,kivi_2bit_residual64,0.019063180827886703,,risk_evidence_insufficient,0.0,uncalibrated_dynamic,0.0,,,,hybrid-session-016-turn-3,4.916748046875,3.45556640625,4.916748046875,0.0,0.19063180827886705,/DATACENTER3/zhenxiang.wang/work/TailGuardKV/.worktrees/baseline-smoke-final-aggregation/out/full_25session_baseline_9_14/full/policy_attempts/retry2_20260915/seed20260907,False,point_prediction_eligible,hybrid-session-016,qa,181.32596393115819,3,risk_evidence_insufficient,20260907
kivi_2bit_residual64,13.0,0.1,False,False,online_qwen,False,8.0,/DATACENTER3/zhenxiang.wang/work/TailGuardKV/.worktrees/baseline-smoke-final-aggregation/out/full_25session_baseline_9_14/full/policy_attempts/retry2_20260915/seed20260907/config.yaml,,,,,0.1,True,,0.1,,0,False,,120.2578125,58.04052734375,5.436279296875,5.436279296875,1.4287109375,2594.279126962647,unknown,True,,True,,False,,15134.45703125,True,uncalibrated_dynamic,False,0.0,0.0,kivi_2bit_residual64,0.0,,risk_evidence_insufficient,0.0,uncalibrated_dynamic,0.0,,,,hybrid-session-017-turn-3,5.436279296875,4.007568359375,5.436279296875,0.0,0.0,/DATACENTER3/zhenxiang.wang/work/TailGuardKV/.worktrees/baseline-smoke-final-aggregation/out/full_25session_baseline_9_14/full/policy_attempts/retry2_20260915/seed20260907,True,point_prediction_eligible,hybrid-session-017,summary,170.4149169381708,3,risk_evidence_insufficient,20260907
kivi_2bit_residual64,13.0,0.1,False,False,online_qwen,False,6.0,/DATACENTER3/zhenxiang.wang/work/TailGuardKV/.worktrees/baseline-smoke-final-aggregation/out/full_25session_baseline_9_14/full/policy_attempts/retry2_20260915/seed20260907/config.yaml,,,,,0.1,True,,0.1,,0,False,,120.2578125,59.501708984375,4.94921875,4.94921875,1.461181640625,2593.0222261231393,unknown,True,,True,,False,,15137.373046875,True,uncalibrated_dynamic,False,0.019063180827886703,0.019063180827886703,kivi_2bit_residual64,0.019063180827886703,,risk_evidence_insufficient,0.0,uncalibrated_dynamic,0.0,,,,hybrid-session-020-turn-3,4.94921875,3.488037109375,4.94921875,0.0,0.19063180827886705,/DATACENTER3/zhenxiang.wang/work/TailGuardKV/.worktrees/baseline-smoke-final-aggregation/out/full_25session_baseline_9_14/full/policy_attempts/retry2_20260915/seed20260907,False,point_prediction_eligible,hybrid-session-020,qa,176.0141800623387,3,risk_evidence_insufficient,20260907
kivi_2bit_residual64,13.0,0.1,False,False,online_qwen,False,8.0,/DATACENTER3/zhenxiang.wang/work/TailGuardKV/.worktrees/baseline-smoke-final-aggregation/out/full_25session_baseline_9_14/full/policy_attempts/retry2_20260915/seed20260907/config.yaml,,,,,0.1,True,,0.1,,0,False,,120.2578125,60.930419921875,4.8193359375,4.8193359375,1.4287109375,2281.4894679468125,unknown,True,,True,,False,,15137.32421875,True,uncalibrated_dynamic,False,0.0,0.0,kivi_2bit_residual64,0.0,,risk_evidence_insufficient,0.0,uncalibrated_dynamic,0.0,,,,hybrid-session-023-turn-3,4.8193359375,3.390625,4.8193359375,0.0,0.0,/DATACENTER3/zhenxiang.wang/work/TailGuardKV/.worktrees/baseline-smoke-final-aggregation/out/full_25session_baseline_9_14/full/policy_attempts/retry2_20260915/seed20260907,True,point_prediction_eligible,hybrid-session-023,summary,172.97971691004932,3,risk_evidence_insufficient,20260907
kivi_2bit_residual64,13.0,0.1,False,False,online_qwen,False,7.0,/DATACENTER3/zhenxiang.wang/work/TailGuardKV/.worktrees/baseline-smoke-final-aggregation/out/full_25session_baseline_9_14/full/policy_attempts/retry2_20260915/seed20260907/config.yaml,,,,,0.1,True,,0.1,,0,False,,120.2578125,60.930419921875,5.14404296875,5.14404296875,0.0,2125.1593201886863,unknown,True,,True,,False,,15131.34765625,True,uncalibrated_dynamic,False,0.0007168458781361964,0.0007168458781361964,kivi_2bit_residual64,0.0007168458781361964,,risk_evidence_insufficient,0.0,uncalibrated_dynamic,0.0,,,,hybrid-session-000-turn-4,5.14404296875,5.14404296875,5.14404296875,0.0,0.009318996415770553,/DATACENTER3/zhenxiang.wang/work/TailGuardKV/.worktrees/baseline-smoke-final-aggregation/out/full_25session_baseline_9_14/full/policy_attempts/retry2_20260915/seed20260907,True,point_prediction_eligible,hybrid-session-000,qa,205.7713980320841,4,risk_evidence_insufficient,20260907
kivi_2bit_residual64,13.0,0.1,False,False,online_qwen,False,6.0,/DATACENTER3/zhenxiang.wang/work/TailGuardKV/.worktrees/baseline-smoke-final-aggregation/out/full_25session_baseline_9_14/full/policy_attempts/retry2_20260915/seed20260907/config.yaml,,,,,0.1,True,,0.1,,0,False,,120.2578125,60.930419921875,4.94921875,4.94921875,0.0,2640.812980942428,unknown,True,,True,,False,,15131.251953125,True,uncalibrated_dynamic,False,0.019063180827886703,0.019063180827886703,kivi_2bit_residual64,0.019063180827886703,,risk_evidence_insufficient,0.0,uncalibrated_dynamic,0.0,,,,hybrid-session-002-turn-4,4.94921875,4.94921875,4.94921875,0.0,0.19063180827886705,/DATACENTER3/zhenxiang.wang/work/TailGuardKV/.worktrees/baseline-smoke-final-aggregation/out/full_25session_baseline_9_14/full/policy_attempts/retry2_20260915/seed20260907,False,point_prediction_eligible,hybrid-session-002,qa,210.55341395549476,4,risk_evidence_insufficient,20260907
kivi_2bit_residual64,13.0,0.1,False,False,online_qwen,False,8.0,/DATACENTER3/zhenxiang.wang/work/TailGuardKV/.worktrees/baseline-smoke-final-aggregation/out/full_25session_baseline_9_14/full/policy_attempts/retry2_20260915/seed20260907/config.yaml,,,,,0.1,True,,0.1,,0,False,,120.2578125,60.930419921875,4.332275390625,4.332275390625,0.0,2620.5005780793726,unknown,True,,True,,False,,15132.548828125,True,uncalibrated_dynamic,False,0.0,0.0,kivi_2bit_residual64,0.0,,risk_evidence_insufficient,0.0,uncalibrated_dynamic,0.0,,,,hybrid-session-003-turn-4,4.332275390625,4.332275390625,4.332275390625,0.0,0.0,/DATACENTER3/zhenxiang.wang/work/TailGuardKV/.worktrees/baseline-smoke-final-aggregation/out/full_25session_baseline_9_14/full/policy_attempts/retry2_20260915/seed20260907,True,point_prediction_eligible,hybrid-session-003,summary,171.39943409711123,4,risk_evidence_insufficient,20260907
kivi_2bit_residual64,13.0,0.1,False,False,online_qwen,False,8.0,/DATACENTER3/zhenxiang.wang/work/TailGuardKV/.worktrees/baseline-smoke-final-aggregation/out/full_25session_baseline_9_14/full/policy_attempts/retry2_20260915/seed20260907/config.yaml,,,,,0.1,True,,0.1,,0,False,,120.2578125,62.229248046875,5.436279296875,5.436279296875,1.298828125,2628.037361893803,unknown,True,,True,,False,,15132.4296875,True,uncalibrated_dynamic,False,0.0,0.0,kivi_2bit_residual64,0.0,,risk_evidence_insufficient,0.0,uncalibrated_dynamic,0.0,,,,hybrid-session-007-turn-4,5.436279296875,4.137451171875,5.436279296875,0.0,0.0,/DATACENTER3/zhenxiang.wang/work/TailGuardKV/.worktrees/baseline-smoke-final-aggregation/out/full_25session_baseline_9_14/full/policy_attempts/retry2_20260915/seed20260907,True,point_prediction_eligible,hybrid-session-007,summary,178.00832097418606,4,risk_evidence_insufficient,20260907
kivi_2bit_residual64,13.0,0.1,False,False,online_qwen,False,6.0,/DATACENTER3/zhenxiang.wang/work/TailGuardKV/.worktrees/baseline-smoke-final-aggregation/out/full_25session_baseline_9_14/full/policy_attempts/retry2_20260915/seed20260907/config.yaml,,,,,0.1,True,,0.1,,0,False,,120.2578125,62.229248046875,4.721923828125,4.721923828125,0.0,2574.4642361532897,unknown,True,,True,,False,,15132.3046875,True,uncalibrated_dynamic,False,0.019063180827886703,0.019063180827886703,kivi_2bit_residual64,0.019063180827886703,,risk_evidence_insufficient,0.0,uncalibrated_dynamic,0.0,,,,hybrid-session-008-turn-4,4.721923828125,4.721923828125,4.721923828125,0.0,0.19063180827886705,/DATACENTER3/zhenxiang.wang/work/TailGuardKV/.worktrees/baseline-smoke-final-aggregation/out/full_25session_baseline_9_14/full/policy_attempts/retry2_20260915/seed20260907,False,point_prediction_eligible,hybrid-session-008,qa,205.3379351273179,4,risk_evidence_insufficient,20260907
kivi_2bit_residual64,13.0,0.1,True,False,online_qwen,False,8.0,/DATACENTER3/zhenxiang.wang/work/TailGuardKV/.worktrees/baseline-smoke-final-aggregation/out/full_25session_baseline_9_14/full/policy_attempts/retry2_20260915/seed20260907/config.yaml,,,,,0.1,True,,0.1,,0,False,,120.2578125,62.229248046875,4.202392578125,4.202392578125,0.0,2426.8097749445587,unknown,True,,True,,False,,15133.615234375,True,uncalibrated_dynamic,False,0.0,0.0,kivi_2bit_residual64,0.0,,risk_evidence_insufficient,0.0,uncalibrated_dynamic,0.0,,,,hybrid-session-009-turn-4,4.202392578125,4.202392578125,4.202392578125,0.0,0.0,/DATACENTER3/zhenxiang.wang/work/TailGuardKV/.worktrees/baseline-smoke-final-aggregation/out/full_25session_baseline_9_14/full/policy_attempts/retry2_20260915/seed20260907,True,point_prediction_eligible,hybrid-session-009,summary,192.43821199052036,4,risk_evidence_insufficient,20260907
kivi_2bit_residual64,13.0,0.1,False,False,online_qwen,False,6.0,/DATACENTER3/zhenxiang.wang/work/TailGuardKV/.worktrees/baseline-smoke-final-aggregation/out/full_25session_baseline_9_14/full/policy_attempts/retry2_20260915/seed20260907/config.yaml,,,,,0.1,True,,0.1,,0,False,,120.2578125,62.229248046875,4.62451171875,4.62451171875,0.0,2608.1768311560154,unknown,True,,True,,False,,15133.4599609375,True,uncalibrated_dynamic,False,0.019063180827886703,0.019063180827886703,kivi_2bit_residual64,0.019063180827886703,,risk_evidence_insufficient,0.0,uncalibrated_dynamic,0.0,,,,hybrid-session-010-turn-4,4.62451171875,4.62451171875,4.62451171875,0.0,0.19063180827886705,/DATACENTER3/zhenxiang.wang/work/TailGuardKV/.worktrees/baseline-smoke-final-aggregation/out/full_25session_baseline_9_14/full/policy_attempts/retry2_20260915/seed20260907,False,point_prediction_eligible,hybrid-session-010,qa,180.55830616503954,4,risk_evidence_insufficient,20260907
kivi_2bit_residual64,13.0,0.1,True,False,online_qwen,False,8.0,/DATACENTER3/zhenxiang.wang/work/TailGuardKV/.worktrees/baseline-smoke-final-aggregation/out/full_25session_baseline_9_14/full/policy_attempts/retry2_20260915/seed20260907/config.yaml,,,,,0.1,True,,0.1,,0,False,,120.2578125,62.229248046875,4.332275390625,4.332275390625,0.0,2464.960163924843,unknown,True,,True,,False,,15133.369140625,True,uncalibrated_dynamic,False,0.0,0.0,kivi_2bit_residual64,0.0,,risk_evidence_insufficient,0.0,uncalibrated_dynamic,0.0,,,,hybrid-session-011-turn-4,4.332275390625,4.332275390625,4.332275390625,0.0,0.0,/DATACENTER3/zhenxiang.wang/work/TailGuardKV/.worktrees/baseline-smoke-final-aggregation/out/full_25session_baseline_9_14/full/policy_attempts/retry2_20260915/seed20260907,True,point_prediction_eligible,hybrid-session-011,summary,170.57065106928349,4,risk_evidence_insufficient,20260907
kivi_2bit_residual64,13.0,0.1,False,False,online_qwen,False,8.0,/DATACENTER3/zhenxiang.wang/work/TailGuardKV/.worktrees/baseline-smoke-final-aggregation/out/full_25session_baseline_9_14/full/policy_attempts/retry2_20260915/seed20260907/config.yaml,,,,,0.1,True,,0.1,,0,False,,120.2578125,62.229248046875,4.36474609375,4.36474609375,0.0,2665.869016200304,unknown,True,,True,,False,,15133.259765625,True,uncalibrated_dynamic,False,0.0,0.0,kivi_2bit_residual64,0.0,,risk_evidence_insufficient,0.0,uncalibrated_dynamic,0.0,,,,hybrid-session-013-turn-4,4.36474609375,4.36474609375,4.36474609375,0.0,0.0,/DATACENTER3/zhenxiang.wang/work/TailGuardKV/.worktrees/baseline-smoke-final-aggregation/out/full_25session_baseline_9_14/full/policy_attempts/retry2_20260915/seed20260907,True,point_prediction_eligible,hybrid-session-013,summary,183.3964721299708,4,risk_evidence_insufficient,20260907
kivi_2bit_residual64,13.0,0.1,False,False,online_qwen,False,6.0,/DATACENTER3/zhenxiang.wang/work/TailGuardKV/.worktrees/baseline-smoke-final-aggregation/out/full_25session_baseline_9_14/full/policy_attempts/retry2_20260915/seed20260907/config.yaml,,,,,0.1,True,,0.1,,0,False,,120.2578125,62.229248046875,4.916748046875,4.916748046875,0.0,2391.362066846341,unknown,True,,True,,False,,15131.736328125,True,uncalibrated_dynamic,False,0.019063180827886703,0.019063180827886703,kivi_2bit_residual64,0.019063180827886703,,risk_evidence_insufficient,0.0,uncalibrated_dynamic,0.0,,,,hybrid-session-016-turn-4,4.916748046875,4.916748046875,4.916748046875,0.0,0.19063180827886705,/DATACENTER3/zhenxiang.wang/work/TailGuardKV/.worktrees/baseline-smoke-final-aggregation/out/full_25session_baseline_9_14/full/policy_attempts/retry2_20260915/seed20260907,False,point_prediction_eligible,hybrid-session-016,qa,207.84348691813648,4,risk_evidence_insufficient,20260907
kivi_2bit_residual64,13.0,0.1,False,False,online_qwen,False,8.0,/DATACENTER3/zhenxiang.wang/work/TailGuardKV/.worktrees/baseline-smoke-final-aggregation/out/full_25session_baseline_9_14/full/policy_attempts/retry2_20260915/seed20260907/config.yaml,,,,,0.1,True,,0.1,,0,False,,120.2578125,62.229248046875,5.436279296875,5.436279296875,0.0,2644.3094147834927,unknown,True,,True,,False,,15131.626953125,True,uncalibrated_dynamic,False,0.0,0.0,kivi_2bit_residual64,0.0,,risk_evidence_insufficient,0.0,uncalibrated_dynamic,0.0,,,,hybrid-session-017-turn-4,5.436279296875,5.436279296875,5.436279296875,0.0,0.0,/DATACENTER3/zhenxiang.wang/work/TailGuardKV/.worktrees/baseline-smoke-final-aggregation/out/full_25session_baseline_9_14/full/policy_attempts/retry2_20260915/seed20260907,True,point_prediction_eligible,hybrid-session-017,summary,209.37726995907724,4,risk_evidence_insufficient,20260907
kivi_2bit_residual64,13.0,0.1,False,False,online_qwen,False,6.0,/DATACENTER3/zhenxiang.wang/work/TailGuardKV/.worktrees/baseline-smoke-final-aggregation/out/full_25session_baseline_9_14/full/policy_attempts/retry2_20260915/seed20260907/config.yaml,,,,,0.1,True,,0.1,,0,False,,120.2578125,62.229248046875,4.94921875,4.94921875,0.0,2392.701138043776,unknown,True,,True,,False,,15131.525390625,True,uncalibrated_dynamic,False,0.019063180827886703,0.019063180827886703,kivi_2bit_residual64,0.019063180827886703,,risk_evidence_insufficient,0.0,uncalibrated_dynamic,0.0,,,,hybrid-session-020-turn-4,4.94921875,4.94921875,4.94921875,0.0,0.19063180827886705,/DATACENTER3/zhenxiang.wang/work/TailGuardKV/.worktrees/baseline-smoke-final-aggregation/out/full_25session_baseline_9_14/full/policy_attempts/retry2_20260915/seed20260907,False,point_prediction_eligible,hybrid-session-020,qa,204.40855016931891,4,risk_evidence_insufficient,20260907
kivi_2bit_residual64,13.0,0.1,False,False,online_qwen,False,8.0,/DATACENTER3/zhenxiang.wang/work/TailGuardKV/.worktrees/baseline-smoke-final-aggregation/out/full_25session_baseline_9_14/full/policy_attempts/retry2_20260915/seed20260907/config.yaml,,,,,0.1,True,,0.1,,0,False,,120.2578125,62.229248046875,4.8193359375,4.8193359375,0.0,2627.318006940186,unknown,True,,True,,False,,15131.416015625,True,uncalibrated_dynamic,False,0.0,0.0,kivi_2bit_residual64,0.0,,risk_evidence_insufficient,0.0,uncalibrated_dynamic,0.0,,,,hybrid-session-023-turn-4,4.8193359375,4.8193359375,4.8193359375,0.0,0.0,/DATACENTER3/zhenxiang.wang/work/TailGuardKV/.worktrees/baseline-smoke-final-aggregation/out/full_25session_baseline_9_14/full/policy_attempts/retry2_20260915/seed20260907,True,point_prediction_eligible,hybrid-session-023,summary,214.47240095585585,4,risk_evidence_insufficient,20260907
